[2026-07-03T20:24:33.523+0000] {processor.py:186} INFO - Started process (PID=201) to work on /opt/airflow/dags/01_load_csv.py
[2026-07-03T20:24:33.524+0000] {processor.py:914} INFO - Processing file /opt/airflow/dags/01_load_csv.py for tasks to queue
[2026-07-03T20:24:33.527+0000] {logging_mixin.py:190} INFO - [2026-07-03T20:24:33.527+0000] {dagbag.py:588} INFO - Filling up the DagBag from /opt/airflow/dags/01_load_csv.py
[2026-07-03T20:24:33.568+0000] {processor.py:925} INFO - DAG(s) '01_load_csv' retrieved from /opt/airflow/dags/01_load_csv.py
[2026-07-03T20:24:34.080+0000] {logging_mixin.py:190} INFO - [2026-07-03T20:24:34.080+0000] {override.py:1911} INFO - Created Permission View: can edit on DAG:01_load_csv
[2026-07-03T20:24:34.106+0000] {logging_mixin.py:190} INFO - [2026-07-03T20:24:34.106+0000] {override.py:1911} INFO - Created Permission View: can read on DAG:01_load_csv
[2026-07-03T20:24:34.121+0000] {logging_mixin.py:190} INFO - [2026-07-03T20:24:34.121+0000] {override.py:1911} INFO - Created Permission View: can delete on DAG:01_load_csv
[2026-07-03T20:24:34.135+0000] {logging_mixin.py:190} INFO - [2026-07-03T20:24:34.134+0000] {override.py:1911} INFO - Created Permission View: can delete on DAG Run:01_load_csv
[2026-07-03T20:24:34.151+0000] {logging_mixin.py:190} INFO - [2026-07-03T20:24:34.150+0000] {override.py:1911} INFO - Created Permission View: menu access on DAG Run:01_load_csv
[2026-07-03T20:24:34.164+0000] {logging_mixin.py:190} INFO - [2026-07-03T20:24:34.163+0000] {override.py:1911} INFO - Created Permission View: can read on DAG Run:01_load_csv
[2026-07-03T20:24:34.178+0000] {logging_mixin.py:190} INFO - [2026-07-03T20:24:34.178+0000] {override.py:1911} INFO - Created Permission View: can create on DAG Run:01_load_csv
[2026-07-03T20:24:34.179+0000] {logging_mixin.py:190} INFO - [2026-07-03T20:24:34.179+0000] {dag.py:3239} INFO - Sync 1 DAGs
[2026-07-03T20:24:34.211+0000] {logging_mixin.py:190} INFO - [2026-07-03T20:24:34.210+0000] {dag.py:3262} INFO - Creating ORM DAG for 01_load_csv
[2026-07-03T20:24:34.213+0000] {logging_mixin.py:190} INFO - [2026-07-03T20:24:34.212+0000] {dag.py:4180} INFO - Setting next_dagrun for 01_load_csv to None, run_after=None
[2026-07-03T20:24:34.275+0000] {processor.py:208} INFO - Processing /opt/airflow/dags/01_load_csv.py took 0.783 seconds
[2026-07-03T20:25:04.748+0000] {processor.py:186} INFO - Started process (PID=218) to work on /opt/airflow/dags/01_load_csv.py
[2026-07-03T20:25:04.751+0000] {processor.py:914} INFO - Processing file /opt/airflow/dags/01_load_csv.py for tasks to queue
[2026-07-03T20:25:04.755+0000] {logging_mixin.py:190} INFO - [2026-07-03T20:25:04.754+0000] {dagbag.py:588} INFO - Filling up the DagBag from /opt/airflow/dags/01_load_csv.py
[2026-07-03T20:25:04.782+0000] {processor.py:925} INFO - DAG(s) '01_load_csv' retrieved from /opt/airflow/dags/01_load_csv.py
[2026-07-03T20:25:04.853+0000] {logging_mixin.py:190} INFO - [2026-07-03T20:25:04.852+0000] {dag.py:3239} INFO - Sync 1 DAGs
[2026-07-03T20:25:04.882+0000] {logging_mixin.py:190} INFO - [2026-07-03T20:25:04.882+0000] {dag.py:4180} INFO - Setting next_dagrun for 01_load_csv to None, run_after=None
[2026-07-03T20:25:04.938+0000] {processor.py:208} INFO - Processing /opt/airflow/dags/01_load_csv.py took 0.199 seconds
[2026-07-03T20:25:35.370+0000] {processor.py:186} INFO - Started process (PID=233) to work on /opt/airflow/dags/01_load_csv.py
[2026-07-03T20:25:35.372+0000] {processor.py:914} INFO - Processing file /opt/airflow/dags/01_load_csv.py for tasks to queue
[2026-07-03T20:25:35.382+0000] {logging_mixin.py:190} INFO - [2026-07-03T20:25:35.382+0000] {dagbag.py:588} INFO - Filling up the DagBag from /opt/airflow/dags/01_load_csv.py
[2026-07-03T20:25:35.499+0000] {processor.py:925} INFO - DAG(s) '01_load_csv' retrieved from /opt/airflow/dags/01_load_csv.py
[2026-07-03T20:25:35.731+0000] {logging_mixin.py:190} INFO - [2026-07-03T20:25:35.730+0000] {dag.py:3239} INFO - Sync 1 DAGs
[2026-07-03T20:25:35.818+0000] {logging_mixin.py:190} INFO - [2026-07-03T20:25:35.818+0000] {dag.py:4180} INFO - Setting next_dagrun for 01_load_csv to None, run_after=None
[2026-07-03T20:25:35.871+0000] {processor.py:208} INFO - Processing /opt/airflow/dags/01_load_csv.py took 0.510 seconds
[2026-07-03T20:26:06.345+0000] {processor.py:186} INFO - Started process (PID=238) to work on /opt/airflow/dags/01_load_csv.py
[2026-07-03T20:26:06.348+0000] {processor.py:914} INFO - Processing file /opt/airflow/dags/01_load_csv.py for tasks to queue
[2026-07-03T20:26:06.357+0000] {logging_mixin.py:190} INFO - [2026-07-03T20:26:06.356+0000] {dagbag.py:588} INFO - Filling up the DagBag from /opt/airflow/dags/01_load_csv.py
[2026-07-03T20:26:06.389+0000] {processor.py:925} INFO - DAG(s) '01_load_csv' retrieved from /opt/airflow/dags/01_load_csv.py
[2026-07-03T20:26:06.454+0000] {logging_mixin.py:190} INFO - [2026-07-03T20:26:06.454+0000] {dag.py:3239} INFO - Sync 1 DAGs
[2026-07-03T20:26:06.487+0000] {logging_mixin.py:190} INFO - [2026-07-03T20:26:06.486+0000] {dag.py:4180} INFO - Setting next_dagrun for 01_load_csv to None, run_after=None
[2026-07-03T20:26:06.538+0000] {processor.py:208} INFO - Processing /opt/airflow/dags/01_load_csv.py took 0.225 seconds
[2026-07-03T20:26:37.258+0000] {processor.py:186} INFO - Started process (PID=243) to work on /opt/airflow/dags/01_load_csv.py
[2026-07-03T20:26:37.284+0000] {processor.py:914} INFO - Processing file /opt/airflow/dags/01_load_csv.py for tasks to queue
[2026-07-03T20:26:37.400+0000] {logging_mixin.py:190} INFO - [2026-07-03T20:26:37.393+0000] {dagbag.py:588} INFO - Filling up the DagBag from /opt/airflow/dags/01_load_csv.py
[2026-07-03T20:26:37.623+0000] {processor.py:925} INFO - DAG(s) '01_load_csv' retrieved from /opt/airflow/dags/01_load_csv.py
[2026-07-03T20:26:37.868+0000] {logging_mixin.py:190} INFO - [2026-07-03T20:26:37.867+0000] {dag.py:3239} INFO - Sync 1 DAGs
[2026-07-03T20:26:37.983+0000] {logging_mixin.py:190} INFO - [2026-07-03T20:26:37.983+0000] {dag.py:4180} INFO - Setting next_dagrun for 01_load_csv to None, run_after=None
[2026-07-03T20:26:38.055+0000] {processor.py:208} INFO - Processing /opt/airflow/dags/01_load_csv.py took 1.179 seconds
[2026-07-03T20:27:09.005+0000] {processor.py:186} INFO - Started process (PID=248) to work on /opt/airflow/dags/01_load_csv.py
[2026-07-03T20:27:09.014+0000] {processor.py:914} INFO - Processing file /opt/airflow/dags/01_load_csv.py for tasks to queue
[2026-07-03T20:27:09.123+0000] {logging_mixin.py:190} INFO - [2026-07-03T20:27:09.113+0000] {dagbag.py:588} INFO - Filling up the DagBag from /opt/airflow/dags/01_load_csv.py
[2026-07-03T20:27:09.616+0000] {processor.py:925} INFO - DAG(s) '01_load_csv' retrieved from /opt/airflow/dags/01_load_csv.py
[2026-07-03T20:27:10.184+0000] {logging_mixin.py:190} INFO - [2026-07-03T20:27:10.183+0000] {dag.py:3239} INFO - Sync 1 DAGs
[2026-07-03T20:27:10.435+0000] {logging_mixin.py:190} INFO - [2026-07-03T20:27:10.435+0000] {dag.py:4180} INFO - Setting next_dagrun for 01_load_csv to None, run_after=None
[2026-07-03T20:27:10.565+0000] {processor.py:208} INFO - Processing /opt/airflow/dags/01_load_csv.py took 1.782 seconds
[2026-07-03T20:27:41.263+0000] {processor.py:186} INFO - Started process (PID=253) to work on /opt/airflow/dags/01_load_csv.py
[2026-07-03T20:27:41.288+0000] {processor.py:914} INFO - Processing file /opt/airflow/dags/01_load_csv.py for tasks to queue
[2026-07-03T20:27:41.296+0000] {logging_mixin.py:190} INFO - [2026-07-03T20:27:41.295+0000] {dagbag.py:588} INFO - Filling up the DagBag from /opt/airflow/dags/01_load_csv.py
[2026-07-03T20:27:41.513+0000] {processor.py:925} INFO - DAG(s) '01_load_csv' retrieved from /opt/airflow/dags/01_load_csv.py
[2026-07-03T20:27:42.043+0000] {logging_mixin.py:190} INFO - [2026-07-03T20:27:42.041+0000] {dag.py:3239} INFO - Sync 1 DAGs
[2026-07-03T20:27:42.534+0000] {logging_mixin.py:190} INFO - [2026-07-03T20:27:42.499+0000] {dag.py:4180} INFO - Setting next_dagrun for 01_load_csv to None, run_after=None
[2026-07-03T20:27:46.462+0000] {processor.py:208} INFO - Processing /opt/airflow/dags/01_load_csv.py took 5.229 seconds
[2026-07-03T20:28:17.555+0000] {processor.py:186} INFO - Started process (PID=258) to work on /opt/airflow/dags/01_load_csv.py
[2026-07-03T20:28:17.559+0000] {processor.py:914} INFO - Processing file /opt/airflow/dags/01_load_csv.py for tasks to queue
[2026-07-03T20:28:17.576+0000] {logging_mixin.py:190} INFO - [2026-07-03T20:28:17.574+0000] {dagbag.py:588} INFO - Filling up the DagBag from /opt/airflow/dags/01_load_csv.py
[2026-07-03T20:28:17.651+0000] {processor.py:925} INFO - DAG(s) '01_load_csv' retrieved from /opt/airflow/dags/01_load_csv.py
[2026-07-03T20:28:17.820+0000] {logging_mixin.py:190} INFO - [2026-07-03T20:28:17.819+0000] {dag.py:3239} INFO - Sync 1 DAGs
[2026-07-03T20:28:17.872+0000] {logging_mixin.py:190} INFO - [2026-07-03T20:28:17.871+0000] {dag.py:4180} INFO - Setting next_dagrun for 01_load_csv to None, run_after=None
[2026-07-03T20:28:17.978+0000] {processor.py:208} INFO - Processing /opt/airflow/dags/01_load_csv.py took 0.466 seconds
[2026-07-03T20:28:48.221+0000] {processor.py:186} INFO - Started process (PID=263) to work on /opt/airflow/dags/01_load_csv.py
[2026-07-03T20:28:48.223+0000] {processor.py:914} INFO - Processing file /opt/airflow/dags/01_load_csv.py for tasks to queue
[2026-07-03T20:28:48.256+0000] {logging_mixin.py:190} INFO - [2026-07-03T20:28:48.255+0000] {dagbag.py:588} INFO - Filling up the DagBag from /opt/airflow/dags/01_load_csv.py
[2026-07-03T20:28:48.287+0000] {processor.py:925} INFO - DAG(s) '01_load_csv' retrieved from /opt/airflow/dags/01_load_csv.py
[2026-07-03T20:28:48.379+0000] {logging_mixin.py:190} INFO - [2026-07-03T20:28:48.379+0000] {dag.py:3239} INFO - Sync 1 DAGs
[2026-07-03T20:28:48.402+0000] {logging_mixin.py:190} INFO - [2026-07-03T20:28:48.402+0000] {dag.py:4180} INFO - Setting next_dagrun for 01_load_csv to None, run_after=None
[2026-07-03T20:28:48.431+0000] {processor.py:208} INFO - Processing /opt/airflow/dags/01_load_csv.py took 0.241 seconds
[2026-07-03T20:29:18.911+0000] {processor.py:186} INFO - Started process (PID=268) to work on /opt/airflow/dags/01_load_csv.py
[2026-07-03T20:29:18.914+0000] {processor.py:914} INFO - Processing file /opt/airflow/dags/01_load_csv.py for tasks to queue
[2026-07-03T20:29:18.921+0000] {logging_mixin.py:190} INFO - [2026-07-03T20:29:18.920+0000] {dagbag.py:588} INFO - Filling up the DagBag from /opt/airflow/dags/01_load_csv.py
[2026-07-03T20:29:18.949+0000] {processor.py:925} INFO - DAG(s) '01_load_csv' retrieved from /opt/airflow/dags/01_load_csv.py
[2026-07-03T20:29:19.000+0000] {logging_mixin.py:190} INFO - [2026-07-03T20:29:19.000+0000] {dag.py:3239} INFO - Sync 1 DAGs
[2026-07-03T20:29:19.022+0000] {logging_mixin.py:190} INFO - [2026-07-03T20:29:19.022+0000] {dag.py:4180} INFO - Setting next_dagrun for 01_load_csv to None, run_after=None
[2026-07-03T20:29:19.041+0000] {processor.py:208} INFO - Processing /opt/airflow/dags/01_load_csv.py took 0.167 seconds
[2026-07-03T20:29:49.339+0000] {processor.py:186} INFO - Started process (PID=273) to work on /opt/airflow/dags/01_load_csv.py
[2026-07-03T20:29:49.340+0000] {processor.py:914} INFO - Processing file /opt/airflow/dags/01_load_csv.py for tasks to queue
[2026-07-03T20:29:49.344+0000] {logging_mixin.py:190} INFO - [2026-07-03T20:29:49.343+0000] {dagbag.py:588} INFO - Filling up the DagBag from /opt/airflow/dags/01_load_csv.py
[2026-07-03T20:29:49.364+0000] {processor.py:925} INFO - DAG(s) '01_load_csv' retrieved from /opt/airflow/dags/01_load_csv.py
[2026-07-03T20:29:49.407+0000] {logging_mixin.py:190} INFO - [2026-07-03T20:29:49.407+0000] {dag.py:3239} INFO - Sync 1 DAGs
[2026-07-03T20:29:49.425+0000] {logging_mixin.py:190} INFO - [2026-07-03T20:29:49.425+0000] {dag.py:4180} INFO - Setting next_dagrun for 01_load_csv to None, run_after=None
[2026-07-03T20:29:49.446+0000] {processor.py:208} INFO - Processing /opt/airflow/dags/01_load_csv.py took 0.120 seconds
[2026-07-03T20:30:19.750+0000] {processor.py:186} INFO - Started process (PID=278) to work on /opt/airflow/dags/01_load_csv.py
[2026-07-03T20:30:19.752+0000] {processor.py:914} INFO - Processing file /opt/airflow/dags/01_load_csv.py for tasks to queue
[2026-07-03T20:30:19.757+0000] {logging_mixin.py:190} INFO - [2026-07-03T20:30:19.756+0000] {dagbag.py:588} INFO - Filling up the DagBag from /opt/airflow/dags/01_load_csv.py
[2026-07-03T20:30:19.778+0000] {processor.py:925} INFO - DAG(s) '01_load_csv' retrieved from /opt/airflow/dags/01_load_csv.py
[2026-07-03T20:30:19.827+0000] {logging_mixin.py:190} INFO - [2026-07-03T20:30:19.827+0000] {dag.py:3239} INFO - Sync 1 DAGs
[2026-07-03T20:30:19.852+0000] {logging_mixin.py:190} INFO - [2026-07-03T20:30:19.851+0000] {dag.py:4180} INFO - Setting next_dagrun for 01_load_csv to None, run_after=None
[2026-07-03T20:30:19.877+0000] {processor.py:208} INFO - Processing /opt/airflow/dags/01_load_csv.py took 0.137 seconds
[2026-07-03T20:30:50.171+0000] {processor.py:186} INFO - Started process (PID=283) to work on /opt/airflow/dags/01_load_csv.py
[2026-07-03T20:30:50.172+0000] {processor.py:914} INFO - Processing file /opt/airflow/dags/01_load_csv.py for tasks to queue
[2026-07-03T20:30:50.177+0000] {logging_mixin.py:190} INFO - [2026-07-03T20:30:50.176+0000] {dagbag.py:588} INFO - Filling up the DagBag from /opt/airflow/dags/01_load_csv.py
[2026-07-03T20:30:50.197+0000] {processor.py:925} INFO - DAG(s) '01_load_csv' retrieved from /opt/airflow/dags/01_load_csv.py
[2026-07-03T20:30:50.232+0000] {logging_mixin.py:190} INFO - [2026-07-03T20:30:50.231+0000] {dag.py:3239} INFO - Sync 1 DAGs
[2026-07-03T20:30:50.248+0000] {logging_mixin.py:190} INFO - [2026-07-03T20:30:50.248+0000] {dag.py:4180} INFO - Setting next_dagrun for 01_load_csv to None, run_after=None
[2026-07-03T20:30:50.266+0000] {processor.py:208} INFO - Processing /opt/airflow/dags/01_load_csv.py took 0.114 seconds
[2026-07-03T20:31:20.619+0000] {processor.py:186} INFO - Started process (PID=288) to work on /opt/airflow/dags/01_load_csv.py
[2026-07-03T20:31:20.620+0000] {processor.py:914} INFO - Processing file /opt/airflow/dags/01_load_csv.py for tasks to queue
[2026-07-03T20:31:20.623+0000] {logging_mixin.py:190} INFO - [2026-07-03T20:31:20.623+0000] {dagbag.py:588} INFO - Filling up the DagBag from /opt/airflow/dags/01_load_csv.py
[2026-07-03T20:31:20.634+0000] {processor.py:925} INFO - DAG(s) '01_load_csv' retrieved from /opt/airflow/dags/01_load_csv.py
[2026-07-03T20:31:20.667+0000] {logging_mixin.py:190} INFO - [2026-07-03T20:31:20.667+0000] {dag.py:3239} INFO - Sync 1 DAGs
[2026-07-03T20:31:20.683+0000] {logging_mixin.py:190} INFO - [2026-07-03T20:31:20.683+0000] {dag.py:4180} INFO - Setting next_dagrun for 01_load_csv to None, run_after=None
[2026-07-03T20:31:20.702+0000] {processor.py:208} INFO - Processing /opt/airflow/dags/01_load_csv.py took 0.092 seconds
[2026-07-03T20:31:51.115+0000] {processor.py:186} INFO - Started process (PID=293) to work on /opt/airflow/dags/01_load_csv.py
[2026-07-03T20:31:51.116+0000] {processor.py:914} INFO - Processing file /opt/airflow/dags/01_load_csv.py for tasks to queue
[2026-07-03T20:31:51.119+0000] {logging_mixin.py:190} INFO - [2026-07-03T20:31:51.118+0000] {dagbag.py:588} INFO - Filling up the DagBag from /opt/airflow/dags/01_load_csv.py
[2026-07-03T20:31:51.131+0000] {processor.py:925} INFO - DAG(s) '01_load_csv' retrieved from /opt/airflow/dags/01_load_csv.py
[2026-07-03T20:31:51.165+0000] {logging_mixin.py:190} INFO - [2026-07-03T20:31:51.164+0000] {dag.py:3239} INFO - Sync 1 DAGs
[2026-07-03T20:31:51.179+0000] {logging_mixin.py:190} INFO - [2026-07-03T20:31:51.179+0000] {dag.py:4180} INFO - Setting next_dagrun for 01_load_csv to None, run_after=None
[2026-07-03T20:31:51.199+0000] {processor.py:208} INFO - Processing /opt/airflow/dags/01_load_csv.py took 0.092 seconds
[2026-07-03T20:32:21.589+0000] {processor.py:186} INFO - Started process (PID=298) to work on /opt/airflow/dags/01_load_csv.py
[2026-07-03T20:32:21.591+0000] {processor.py:914} INFO - Processing file /opt/airflow/dags/01_load_csv.py for tasks to queue
[2026-07-03T20:32:21.598+0000] {logging_mixin.py:190} INFO - [2026-07-03T20:32:21.597+0000] {dagbag.py:588} INFO - Filling up the DagBag from /opt/airflow/dags/01_load_csv.py
[2026-07-03T20:32:21.618+0000] {processor.py:925} INFO - DAG(s) '01_load_csv' retrieved from /opt/airflow/dags/01_load_csv.py
[2026-07-03T20:32:21.655+0000] {logging_mixin.py:190} INFO - [2026-07-03T20:32:21.655+0000] {dag.py:3239} INFO - Sync 1 DAGs
[2026-07-03T20:32:21.671+0000] {logging_mixin.py:190} INFO - [2026-07-03T20:32:21.670+0000] {dag.py:4180} INFO - Setting next_dagrun for 01_load_csv to None, run_after=None
[2026-07-03T20:32:21.690+0000] {processor.py:208} INFO - Processing /opt/airflow/dags/01_load_csv.py took 0.129 seconds
[2026-07-03T20:32:52.121+0000] {processor.py:186} INFO - Started process (PID=303) to work on /opt/airflow/dags/01_load_csv.py
[2026-07-03T20:32:52.125+0000] {processor.py:914} INFO - Processing file /opt/airflow/dags/01_load_csv.py for tasks to queue
[2026-07-03T20:32:52.136+0000] {logging_mixin.py:190} INFO - [2026-07-03T20:32:52.134+0000] {dagbag.py:588} INFO - Filling up the DagBag from /opt/airflow/dags/01_load_csv.py
[2026-07-03T20:32:52.171+0000] {processor.py:925} INFO - DAG(s) '01_load_csv' retrieved from /opt/airflow/dags/01_load_csv.py
[2026-07-03T20:32:52.208+0000] {logging_mixin.py:190} INFO - [2026-07-03T20:32:52.208+0000] {dag.py:3239} INFO - Sync 1 DAGs
[2026-07-03T20:32:52.224+0000] {logging_mixin.py:190} INFO - [2026-07-03T20:32:52.224+0000] {dag.py:4180} INFO - Setting next_dagrun for 01_load_csv to None, run_after=None
[2026-07-03T20:32:52.243+0000] {processor.py:208} INFO - Processing /opt/airflow/dags/01_load_csv.py took 0.190 seconds
[2026-07-03T20:33:22.558+0000] {processor.py:186} INFO - Started process (PID=308) to work on /opt/airflow/dags/01_load_csv.py
[2026-07-03T20:33:22.560+0000] {processor.py:914} INFO - Processing file /opt/airflow/dags/01_load_csv.py for tasks to queue
[2026-07-03T20:33:22.565+0000] {logging_mixin.py:190} INFO - [2026-07-03T20:33:22.564+0000] {dagbag.py:588} INFO - Filling up the DagBag from /opt/airflow/dags/01_load_csv.py
[2026-07-03T20:33:22.585+0000] {processor.py:925} INFO - DAG(s) '01_load_csv' retrieved from /opt/airflow/dags/01_load_csv.py
[2026-07-03T20:33:22.633+0000] {logging_mixin.py:190} INFO - [2026-07-03T20:33:22.633+0000] {dag.py:3239} INFO - Sync 1 DAGs
[2026-07-03T20:33:22.654+0000] {logging_mixin.py:190} INFO - [2026-07-03T20:33:22.654+0000] {dag.py:4180} INFO - Setting next_dagrun for 01_load_csv to None, run_after=None
[2026-07-03T20:33:22.672+0000] {processor.py:208} INFO - Processing /opt/airflow/dags/01_load_csv.py took 0.128 seconds
[2026-07-03T20:33:53.061+0000] {processor.py:186} INFO - Started process (PID=313) to work on /opt/airflow/dags/01_load_csv.py
[2026-07-03T20:33:53.064+0000] {processor.py:914} INFO - Processing file /opt/airflow/dags/01_load_csv.py for tasks to queue
[2026-07-03T20:33:53.073+0000] {logging_mixin.py:190} INFO - [2026-07-03T20:33:53.072+0000] {dagbag.py:588} INFO - Filling up the DagBag from /opt/airflow/dags/01_load_csv.py
[2026-07-03T20:33:53.134+0000] {processor.py:925} INFO - DAG(s) '01_load_csv' retrieved from /opt/airflow/dags/01_load_csv.py
[2026-07-03T20:33:53.185+0000] {logging_mixin.py:190} INFO - [2026-07-03T20:33:53.185+0000] {dag.py:3239} INFO - Sync 1 DAGs
[2026-07-03T20:33:53.207+0000] {logging_mixin.py:190} INFO - [2026-07-03T20:33:53.207+0000] {dag.py:4180} INFO - Setting next_dagrun for 01_load_csv to None, run_after=None
[2026-07-03T20:33:53.240+0000] {processor.py:208} INFO - Processing /opt/airflow/dags/01_load_csv.py took 0.206 seconds
[2026-07-03T20:34:23.457+0000] {processor.py:186} INFO - Started process (PID=318) to work on /opt/airflow/dags/01_load_csv.py
[2026-07-03T20:34:23.458+0000] {processor.py:914} INFO - Processing file /opt/airflow/dags/01_load_csv.py for tasks to queue
[2026-07-03T20:34:23.462+0000] {logging_mixin.py:190} INFO - [2026-07-03T20:34:23.462+0000] {dagbag.py:588} INFO - Filling up the DagBag from /opt/airflow/dags/01_load_csv.py
[2026-07-03T20:34:23.481+0000] {processor.py:925} INFO - DAG(s) '01_load_csv' retrieved from /opt/airflow/dags/01_load_csv.py
[2026-07-03T20:34:23.535+0000] {logging_mixin.py:190} INFO - [2026-07-03T20:34:23.535+0000] {dag.py:3239} INFO - Sync 1 DAGs
[2026-07-03T20:34:23.569+0000] {logging_mixin.py:190} INFO - [2026-07-03T20:34:23.569+0000] {dag.py:4180} INFO - Setting next_dagrun for 01_load_csv to None, run_after=None
[2026-07-03T20:34:23.604+0000] {processor.py:208} INFO - Processing /opt/airflow/dags/01_load_csv.py took 0.157 seconds
[2026-07-03T20:34:53.866+0000] {processor.py:186} INFO - Started process (PID=323) to work on /opt/airflow/dags/01_load_csv.py
[2026-07-03T20:34:53.867+0000] {processor.py:914} INFO - Processing file /opt/airflow/dags/01_load_csv.py for tasks to queue
[2026-07-03T20:34:53.871+0000] {logging_mixin.py:190} INFO - [2026-07-03T20:34:53.871+0000] {dagbag.py:588} INFO - Filling up the DagBag from /opt/airflow/dags/01_load_csv.py
[2026-07-03T20:34:53.882+0000] {processor.py:925} INFO - DAG(s) '01_load_csv' retrieved from /opt/airflow/dags/01_load_csv.py
[2026-07-03T20:34:53.920+0000] {logging_mixin.py:190} INFO - [2026-07-03T20:34:53.920+0000] {dag.py:3239} INFO - Sync 1 DAGs
[2026-07-03T20:34:53.941+0000] {logging_mixin.py:190} INFO - [2026-07-03T20:34:53.941+0000] {dag.py:4180} INFO - Setting next_dagrun for 01_load_csv to None, run_after=None
[2026-07-03T20:34:53.964+0000] {processor.py:208} INFO - Processing /opt/airflow/dags/01_load_csv.py took 0.117 seconds
[2026-07-03T20:35:24.191+0000] {processor.py:186} INFO - Started process (PID=328) to work on /opt/airflow/dags/01_load_csv.py
[2026-07-03T20:35:24.195+0000] {processor.py:914} INFO - Processing file /opt/airflow/dags/01_load_csv.py for tasks to queue
[2026-07-03T20:35:24.217+0000] {logging_mixin.py:190} INFO - [2026-07-03T20:35:24.214+0000] {dagbag.py:588} INFO - Filling up the DagBag from /opt/airflow/dags/01_load_csv.py
[2026-07-03T20:35:24.383+0000] {processor.py:925} INFO - DAG(s) '01_load_csv' retrieved from /opt/airflow/dags/01_load_csv.py
[2026-07-03T20:35:24.697+0000] {logging_mixin.py:190} INFO - [2026-07-03T20:35:24.696+0000] {dag.py:3239} INFO - Sync 1 DAGs
[2026-07-03T20:35:24.798+0000] {logging_mixin.py:190} INFO - [2026-07-03T20:35:24.798+0000] {dag.py:4180} INFO - Setting next_dagrun for 01_load_csv to None, run_after=None
[2026-07-03T20:35:24.982+0000] {processor.py:208} INFO - Processing /opt/airflow/dags/01_load_csv.py took 0.837 seconds
[2026-07-03T20:35:55.617+0000] {processor.py:186} INFO - Started process (PID=333) to work on /opt/airflow/dags/01_load_csv.py
[2026-07-03T20:35:55.621+0000] {processor.py:914} INFO - Processing file /opt/airflow/dags/01_load_csv.py for tasks to queue
[2026-07-03T20:35:55.637+0000] {logging_mixin.py:190} INFO - [2026-07-03T20:35:55.632+0000] {dagbag.py:588} INFO - Filling up the DagBag from /opt/airflow/dags/01_load_csv.py
[2026-07-03T20:35:55.742+0000] {processor.py:925} INFO - DAG(s) '01_load_csv' retrieved from /opt/airflow/dags/01_load_csv.py
[2026-07-03T20:35:56.348+0000] {logging_mixin.py:190} INFO - [2026-07-03T20:35:56.347+0000] {dag.py:3239} INFO - Sync 1 DAGs
[2026-07-03T20:35:56.469+0000] {logging_mixin.py:190} INFO - [2026-07-03T20:35:56.469+0000] {dag.py:4180} INFO - Setting next_dagrun for 01_load_csv to None, run_after=None
[2026-07-03T20:35:56.525+0000] {processor.py:208} INFO - Processing /opt/airflow/dags/01_load_csv.py took 0.938 seconds
[2026-07-03T20:36:27.311+0000] {processor.py:186} INFO - Started process (PID=338) to work on /opt/airflow/dags/01_load_csv.py
[2026-07-03T20:36:27.324+0000] {processor.py:914} INFO - Processing file /opt/airflow/dags/01_load_csv.py for tasks to queue
[2026-07-03T20:36:27.350+0000] {logging_mixin.py:190} INFO - [2026-07-03T20:36:27.347+0000] {dagbag.py:588} INFO - Filling up the DagBag from /opt/airflow/dags/01_load_csv.py
[2026-07-03T20:36:27.488+0000] {processor.py:925} INFO - DAG(s) '01_load_csv' retrieved from /opt/airflow/dags/01_load_csv.py
[2026-07-03T20:36:28.449+0000] {logging_mixin.py:190} INFO - [2026-07-03T20:36:28.444+0000] {dag.py:3239} INFO - Sync 1 DAGs
[2026-07-03T20:36:28.524+0000] {logging_mixin.py:190} INFO - [2026-07-03T20:36:28.523+0000] {dag.py:4180} INFO - Setting next_dagrun for 01_load_csv to None, run_after=None
[2026-07-03T20:36:28.568+0000] {processor.py:208} INFO - Processing /opt/airflow/dags/01_load_csv.py took 1.398 seconds
[2026-07-03T20:36:59.012+0000] {processor.py:186} INFO - Started process (PID=343) to work on /opt/airflow/dags/01_load_csv.py
[2026-07-03T20:36:59.019+0000] {processor.py:914} INFO - Processing file /opt/airflow/dags/01_load_csv.py for tasks to queue
[2026-07-03T20:36:59.034+0000] {logging_mixin.py:190} INFO - [2026-07-03T20:36:59.032+0000] {dagbag.py:588} INFO - Filling up the DagBag from /opt/airflow/dags/01_load_csv.py
[2026-07-03T20:36:59.218+0000] {processor.py:925} INFO - DAG(s) '01_load_csv' retrieved from /opt/airflow/dags/01_load_csv.py
[2026-07-03T20:36:59.732+0000] {logging_mixin.py:190} INFO - [2026-07-03T20:36:59.732+0000] {dag.py:3239} INFO - Sync 1 DAGs
[2026-07-03T20:36:59.785+0000] {logging_mixin.py:190} INFO - [2026-07-03T20:36:59.784+0000] {dag.py:4180} INFO - Setting next_dagrun for 01_load_csv to None, run_after=None
[2026-07-03T20:36:59.828+0000] {processor.py:208} INFO - Processing /opt/airflow/dags/01_load_csv.py took 0.884 seconds
[2026-07-03T20:37:30.099+0000] {processor.py:186} INFO - Started process (PID=348) to work on /opt/airflow/dags/01_load_csv.py
[2026-07-03T20:37:30.109+0000] {processor.py:914} INFO - Processing file /opt/airflow/dags/01_load_csv.py for tasks to queue
[2026-07-03T20:37:30.122+0000] {logging_mixin.py:190} INFO - [2026-07-03T20:37:30.120+0000] {dagbag.py:588} INFO - Filling up the DagBag from /opt/airflow/dags/01_load_csv.py
[2026-07-03T20:37:30.423+0000] {processor.py:925} INFO - DAG(s) '01_load_csv' retrieved from /opt/airflow/dags/01_load_csv.py
[2026-07-03T20:37:30.686+0000] {logging_mixin.py:190} INFO - [2026-07-03T20:37:30.686+0000] {dag.py:3239} INFO - Sync 1 DAGs
[2026-07-03T20:37:30.712+0000] {logging_mixin.py:190} INFO - [2026-07-03T20:37:30.711+0000] {dag.py:4180} INFO - Setting next_dagrun for 01_load_csv to None, run_after=None
[2026-07-03T20:37:30.744+0000] {processor.py:208} INFO - Processing /opt/airflow/dags/01_load_csv.py took 0.711 seconds
[2026-07-03T20:38:01.410+0000] {processor.py:186} INFO - Started process (PID=353) to work on /opt/airflow/dags/01_load_csv.py
[2026-07-03T20:38:01.420+0000] {processor.py:914} INFO - Processing file /opt/airflow/dags/01_load_csv.py for tasks to queue
[2026-07-03T20:38:01.437+0000] {logging_mixin.py:190} INFO - [2026-07-03T20:38:01.433+0000] {dagbag.py:588} INFO - Filling up the DagBag from /opt/airflow/dags/01_load_csv.py
[2026-07-03T20:38:01.581+0000] {processor.py:925} INFO - DAG(s) '01_load_csv' retrieved from /opt/airflow/dags/01_load_csv.py
[2026-07-03T20:38:01.760+0000] {logging_mixin.py:190} INFO - [2026-07-03T20:38:01.760+0000] {dag.py:3239} INFO - Sync 1 DAGs
[2026-07-03T20:38:01.779+0000] {logging_mixin.py:190} INFO - [2026-07-03T20:38:01.779+0000] {dag.py:4180} INFO - Setting next_dagrun for 01_load_csv to None, run_after=None
[2026-07-03T20:38:01.802+0000] {processor.py:208} INFO - Processing /opt/airflow/dags/01_load_csv.py took 0.473 seconds
[2026-07-03T20:38:32.163+0000] {processor.py:186} INFO - Started process (PID=358) to work on /opt/airflow/dags/01_load_csv.py
[2026-07-03T20:38:32.172+0000] {processor.py:914} INFO - Processing file /opt/airflow/dags/01_load_csv.py for tasks to queue
[2026-07-03T20:38:32.185+0000] {logging_mixin.py:190} INFO - [2026-07-03T20:38:32.184+0000] {dagbag.py:588} INFO - Filling up the DagBag from /opt/airflow/dags/01_load_csv.py
[2026-07-03T20:38:32.290+0000] {processor.py:925} INFO - DAG(s) '01_load_csv' retrieved from /opt/airflow/dags/01_load_csv.py
[2026-07-03T20:38:32.659+0000] {logging_mixin.py:190} INFO - [2026-07-03T20:38:32.659+0000] {dag.py:3239} INFO - Sync 1 DAGs
[2026-07-03T20:38:32.691+0000] {logging_mixin.py:190} INFO - [2026-07-03T20:38:32.690+0000] {dag.py:4180} INFO - Setting next_dagrun for 01_load_csv to None, run_after=None
[2026-07-03T20:38:32.722+0000] {processor.py:208} INFO - Processing /opt/airflow/dags/01_load_csv.py took 0.619 seconds
[2026-07-03T20:39:03.331+0000] {processor.py:186} INFO - Started process (PID=363) to work on /opt/airflow/dags/01_load_csv.py
[2026-07-03T20:39:03.344+0000] {processor.py:914} INFO - Processing file /opt/airflow/dags/01_load_csv.py for tasks to queue
[2026-07-03T20:39:03.363+0000] {logging_mixin.py:190} INFO - [2026-07-03T20:39:03.362+0000] {dagbag.py:588} INFO - Filling up the DagBag from /opt/airflow/dags/01_load_csv.py
[2026-07-03T20:39:03.473+0000] {processor.py:925} INFO - DAG(s) '01_load_csv' retrieved from /opt/airflow/dags/01_load_csv.py
[2026-07-03T20:39:03.735+0000] {logging_mixin.py:190} INFO - [2026-07-03T20:39:03.735+0000] {dag.py:3239} INFO - Sync 1 DAGs
[2026-07-03T20:39:03.761+0000] {logging_mixin.py:190} INFO - [2026-07-03T20:39:03.761+0000] {dag.py:4180} INFO - Setting next_dagrun for 01_load_csv to None, run_after=None
[2026-07-03T20:39:03.789+0000] {processor.py:208} INFO - Processing /opt/airflow/dags/01_load_csv.py took 0.523 seconds
[2026-07-03T20:39:34.044+0000] {processor.py:186} INFO - Started process (PID=368) to work on /opt/airflow/dags/01_load_csv.py
[2026-07-03T20:39:34.050+0000] {processor.py:914} INFO - Processing file /opt/airflow/dags/01_load_csv.py for tasks to queue
[2026-07-03T20:39:34.067+0000] {logging_mixin.py:190} INFO - [2026-07-03T20:39:34.065+0000] {dagbag.py:588} INFO - Filling up the DagBag from /opt/airflow/dags/01_load_csv.py
[2026-07-03T20:39:34.143+0000] {processor.py:925} INFO - DAG(s) '01_load_csv' retrieved from /opt/airflow/dags/01_load_csv.py
[2026-07-03T20:39:34.318+0000] {logging_mixin.py:190} INFO - [2026-07-03T20:39:34.318+0000] {dag.py:3239} INFO - Sync 1 DAGs
[2026-07-03T20:39:34.370+0000] {logging_mixin.py:190} INFO - [2026-07-03T20:39:34.369+0000] {dag.py:4180} INFO - Setting next_dagrun for 01_load_csv to None, run_after=None
[2026-07-03T20:39:34.425+0000] {processor.py:208} INFO - Processing /opt/airflow/dags/01_load_csv.py took 0.431 seconds
[2026-07-03T20:40:08.656+0000] {processor.py:186} INFO - Started process (PID=373) to work on /opt/airflow/dags/01_load_csv.py
[2026-07-03T20:40:08.869+0000] {processor.py:914} INFO - Processing file /opt/airflow/dags/01_load_csv.py for tasks to queue
[2026-07-03T20:40:08.952+0000] {logging_mixin.py:190} INFO - [2026-07-03T20:40:08.951+0000] {dagbag.py:588} INFO - Filling up the DagBag from /opt/airflow/dags/01_load_csv.py
[2026-07-03T20:40:17.697+0000] {processor.py:925} INFO - DAG(s) '01_load_csv' retrieved from /opt/airflow/dags/01_load_csv.py
[2026-07-03T20:41:44.089+0000] {processor.py:186} INFO - Started process (PID=376) to work on /opt/airflow/dags/01_load_csv.py
[2026-07-03T20:41:44.672+0000] {processor.py:914} INFO - Processing file /opt/airflow/dags/01_load_csv.py for tasks to queue
[2026-07-03T20:41:46.043+0000] {logging_mixin.py:190} INFO - [2026-07-03T20:41:44.825+0000] {dagbag.py:588} INFO - Filling up the DagBag from /opt/airflow/dags/01_load_csv.py
[2026-07-03T20:42:00.414+0000] {processor.py:925} INFO - DAG(s) '01_load_csv' retrieved from /opt/airflow/dags/01_load_csv.py
[2026-07-03T20:42:21.036+0000] {logging_mixin.py:190} INFO - [2026-07-03T20:42:20.969+0000] {dag.py:3239} INFO - Sync 1 DAGs
[2026-07-03T20:42:21.365+0000] {logging_mixin.py:190} INFO - [2026-07-03T20:42:21.364+0000] {dag.py:4180} INFO - Setting next_dagrun for 01_load_csv to None, run_after=None
[2026-07-03T20:42:58.091+0000] {processor.py:186} INFO - Started process (PID=379) to work on /opt/airflow/dags/01_load_csv.py
[2026-07-03T20:42:58.107+0000] {processor.py:914} INFO - Processing file /opt/airflow/dags/01_load_csv.py for tasks to queue
[2026-07-03T20:42:58.204+0000] {logging_mixin.py:190} INFO - [2026-07-03T20:42:58.175+0000] {dagbag.py:588} INFO - Filling up the DagBag from /opt/airflow/dags/01_load_csv.py
[2026-07-03T20:42:58.428+0000] {processor.py:925} INFO - DAG(s) '01_load_csv' retrieved from /opt/airflow/dags/01_load_csv.py
[2026-07-03T20:44:19.862+0000] {processor.py:186} INFO - Started process (PID=382) to work on /opt/airflow/dags/01_load_csv.py
[2026-07-03T20:44:19.902+0000] {processor.py:914} INFO - Processing file /opt/airflow/dags/01_load_csv.py for tasks to queue
[2026-07-03T20:44:19.996+0000] {logging_mixin.py:190} INFO - [2026-07-03T20:44:19.958+0000] {dagbag.py:588} INFO - Filling up the DagBag from /opt/airflow/dags/01_load_csv.py
[2026-07-03T20:44:20.508+0000] {processor.py:925} INFO - DAG(s) '01_load_csv' retrieved from /opt/airflow/dags/01_load_csv.py
[2026-07-03T20:44:22.503+0000] {logging_mixin.py:190} INFO - [2026-07-03T20:44:22.500+0000] {dag.py:3239} INFO - Sync 1 DAGs
[2026-07-03T20:44:22.617+0000] {logging_mixin.py:190} INFO - [2026-07-03T20:44:22.616+0000] {dag.py:4180} INFO - Setting next_dagrun for 01_load_csv to None, run_after=None
[2026-07-03T20:44:22.683+0000] {processor.py:208} INFO - Processing /opt/airflow/dags/01_load_csv.py took 3.109 seconds
[2026-07-03T20:44:53.452+0000] {processor.py:186} INFO - Started process (PID=387) to work on /opt/airflow/dags/01_load_csv.py
[2026-07-03T20:44:53.540+0000] {processor.py:914} INFO - Processing file /opt/airflow/dags/01_load_csv.py for tasks to queue
[2026-07-03T20:44:53.615+0000] {logging_mixin.py:190} INFO - [2026-07-03T20:44:53.603+0000] {dagbag.py:588} INFO - Filling up the DagBag from /opt/airflow/dags/01_load_csv.py
[2026-07-03T20:44:53.876+0000] {processor.py:925} INFO - DAG(s) '01_load_csv' retrieved from /opt/airflow/dags/01_load_csv.py
[2026-07-03T20:44:54.890+0000] {logging_mixin.py:190} INFO - [2026-07-03T20:44:54.873+0000] {dag.py:3239} INFO - Sync 1 DAGs
[2026-07-03T20:44:55.216+0000] {logging_mixin.py:190} INFO - [2026-07-03T20:44:55.214+0000] {dag.py:4180} INFO - Setting next_dagrun for 01_load_csv to None, run_after=None
[2026-07-03T20:44:55.329+0000] {processor.py:208} INFO - Processing /opt/airflow/dags/01_load_csv.py took 2.104 seconds
[2026-07-03T20:45:25.927+0000] {processor.py:186} INFO - Started process (PID=392) to work on /opt/airflow/dags/01_load_csv.py
[2026-07-03T20:45:25.930+0000] {processor.py:914} INFO - Processing file /opt/airflow/dags/01_load_csv.py for tasks to queue
[2026-07-03T20:45:25.933+0000] {logging_mixin.py:190} INFO - [2026-07-03T20:45:25.932+0000] {dagbag.py:588} INFO - Filling up the DagBag from /opt/airflow/dags/01_load_csv.py
[2026-07-03T20:45:26.025+0000] {processor.py:925} INFO - DAG(s) '01_load_csv' retrieved from /opt/airflow/dags/01_load_csv.py
[2026-07-03T20:45:26.997+0000] {logging_mixin.py:190} INFO - [2026-07-03T20:45:26.995+0000] {dag.py:3239} INFO - Sync 1 DAGs
[2026-07-03T20:45:27.196+0000] {logging_mixin.py:190} INFO - [2026-07-03T20:45:27.195+0000] {dag.py:4180} INFO - Setting next_dagrun for 01_load_csv to None, run_after=None
[2026-07-03T20:45:27.333+0000] {processor.py:208} INFO - Processing /opt/airflow/dags/01_load_csv.py took 1.534 seconds
[2026-07-03T20:45:57.808+0000] {processor.py:186} INFO - Started process (PID=397) to work on /opt/airflow/dags/01_load_csv.py
[2026-07-03T20:45:57.811+0000] {processor.py:914} INFO - Processing file /opt/airflow/dags/01_load_csv.py for tasks to queue
[2026-07-03T20:45:57.815+0000] {logging_mixin.py:190} INFO - [2026-07-03T20:45:57.814+0000] {dagbag.py:588} INFO - Filling up the DagBag from /opt/airflow/dags/01_load_csv.py
[2026-07-03T20:45:57.839+0000] {processor.py:925} INFO - DAG(s) '01_load_csv' retrieved from /opt/airflow/dags/01_load_csv.py
[2026-07-03T20:45:57.878+0000] {logging_mixin.py:190} INFO - [2026-07-03T20:45:57.878+0000] {dag.py:3239} INFO - Sync 1 DAGs
[2026-07-03T20:45:57.895+0000] {logging_mixin.py:190} INFO - [2026-07-03T20:45:57.895+0000] {dag.py:4180} INFO - Setting next_dagrun for 01_load_csv to None, run_after=None
[2026-07-03T20:45:57.913+0000] {processor.py:208} INFO - Processing /opt/airflow/dags/01_load_csv.py took 0.126 seconds
[2026-07-03T20:46:28.256+0000] {processor.py:186} INFO - Started process (PID=402) to work on /opt/airflow/dags/01_load_csv.py
[2026-07-03T20:46:28.260+0000] {processor.py:914} INFO - Processing file /opt/airflow/dags/01_load_csv.py for tasks to queue
[2026-07-03T20:46:28.267+0000] {logging_mixin.py:190} INFO - [2026-07-03T20:46:28.264+0000] {dagbag.py:588} INFO - Filling up the DagBag from /opt/airflow/dags/01_load_csv.py
[2026-07-03T20:46:28.301+0000] {processor.py:925} INFO - DAG(s) '01_load_csv' retrieved from /opt/airflow/dags/01_load_csv.py
[2026-07-03T20:46:28.335+0000] {logging_mixin.py:190} INFO - [2026-07-03T20:46:28.335+0000] {dag.py:3239} INFO - Sync 1 DAGs
[2026-07-03T20:46:28.352+0000] {logging_mixin.py:190} INFO - [2026-07-03T20:46:28.352+0000] {dag.py:4180} INFO - Setting next_dagrun for 01_load_csv to None, run_after=None
[2026-07-03T20:46:28.371+0000] {processor.py:208} INFO - Processing /opt/airflow/dags/01_load_csv.py took 0.153 seconds
[2026-07-03T20:46:58.715+0000] {processor.py:186} INFO - Started process (PID=407) to work on /opt/airflow/dags/01_load_csv.py
[2026-07-03T20:46:58.718+0000] {processor.py:914} INFO - Processing file /opt/airflow/dags/01_load_csv.py for tasks to queue
[2026-07-03T20:46:58.724+0000] {logging_mixin.py:190} INFO - [2026-07-03T20:46:58.723+0000] {dagbag.py:588} INFO - Filling up the DagBag from /opt/airflow/dags/01_load_csv.py
[2026-07-03T20:46:58.749+0000] {processor.py:925} INFO - DAG(s) '01_load_csv' retrieved from /opt/airflow/dags/01_load_csv.py
[2026-07-03T20:46:58.791+0000] {logging_mixin.py:190} INFO - [2026-07-03T20:46:58.791+0000] {dag.py:3239} INFO - Sync 1 DAGs
[2026-07-03T20:46:58.811+0000] {logging_mixin.py:190} INFO - [2026-07-03T20:46:58.811+0000] {dag.py:4180} INFO - Setting next_dagrun for 01_load_csv to None, run_after=None
[2026-07-03T20:46:58.832+0000] {processor.py:208} INFO - Processing /opt/airflow/dags/01_load_csv.py took 0.160 seconds
[2026-07-03T20:47:29.181+0000] {processor.py:186} INFO - Started process (PID=412) to work on /opt/airflow/dags/01_load_csv.py
[2026-07-03T20:47:29.189+0000] {processor.py:914} INFO - Processing file /opt/airflow/dags/01_load_csv.py for tasks to queue
[2026-07-03T20:47:29.200+0000] {logging_mixin.py:190} INFO - [2026-07-03T20:47:29.197+0000] {dagbag.py:588} INFO - Filling up the DagBag from /opt/airflow/dags/01_load_csv.py
[2026-07-03T20:47:29.255+0000] {processor.py:925} INFO - DAG(s) '01_load_csv' retrieved from /opt/airflow/dags/01_load_csv.py
[2026-07-03T20:47:29.350+0000] {logging_mixin.py:190} INFO - [2026-07-03T20:47:29.349+0000] {dag.py:3239} INFO - Sync 1 DAGs
[2026-07-03T20:47:29.426+0000] {logging_mixin.py:190} INFO - [2026-07-03T20:47:29.426+0000] {dag.py:4180} INFO - Setting next_dagrun for 01_load_csv to None, run_after=None
[2026-07-03T20:47:29.483+0000] {processor.py:208} INFO - Processing /opt/airflow/dags/01_load_csv.py took 0.343 seconds
[2026-07-03T20:47:59.648+0000] {processor.py:186} INFO - Started process (PID=417) to work on /opt/airflow/dags/01_load_csv.py
[2026-07-03T20:47:59.654+0000] {processor.py:914} INFO - Processing file /opt/airflow/dags/01_load_csv.py for tasks to queue
[2026-07-03T20:47:59.660+0000] {logging_mixin.py:190} INFO - [2026-07-03T20:47:59.658+0000] {dagbag.py:588} INFO - Filling up the DagBag from /opt/airflow/dags/01_load_csv.py
[2026-07-03T20:47:59.725+0000] {processor.py:925} INFO - DAG(s) '01_load_csv' retrieved from /opt/airflow/dags/01_load_csv.py
[2026-07-03T20:47:59.790+0000] {logging_mixin.py:190} INFO - [2026-07-03T20:47:59.789+0000] {dag.py:3239} INFO - Sync 1 DAGs
[2026-07-03T20:47:59.820+0000] {logging_mixin.py:190} INFO - [2026-07-03T20:47:59.820+0000] {dag.py:4180} INFO - Setting next_dagrun for 01_load_csv to None, run_after=None
[2026-07-03T20:47:59.852+0000] {processor.py:208} INFO - Processing /opt/airflow/dags/01_load_csv.py took 0.240 seconds
[2026-07-03T20:48:30.323+0000] {processor.py:186} INFO - Started process (PID=422) to work on /opt/airflow/dags/01_load_csv.py
[2026-07-03T20:48:30.326+0000] {processor.py:914} INFO - Processing file /opt/airflow/dags/01_load_csv.py for tasks to queue
[2026-07-03T20:48:30.331+0000] {logging_mixin.py:190} INFO - [2026-07-03T20:48:30.330+0000] {dagbag.py:588} INFO - Filling up the DagBag from /opt/airflow/dags/01_load_csv.py
[2026-07-03T20:48:30.357+0000] {processor.py:925} INFO - DAG(s) '01_load_csv' retrieved from /opt/airflow/dags/01_load_csv.py
[2026-07-03T20:48:30.399+0000] {logging_mixin.py:190} INFO - [2026-07-03T20:48:30.399+0000] {dag.py:3239} INFO - Sync 1 DAGs
[2026-07-03T20:48:30.422+0000] {logging_mixin.py:190} INFO - [2026-07-03T20:48:30.422+0000] {dag.py:4180} INFO - Setting next_dagrun for 01_load_csv to None, run_after=None
[2026-07-03T20:48:30.443+0000] {processor.py:208} INFO - Processing /opt/airflow/dags/01_load_csv.py took 0.152 seconds
[2026-07-03T20:49:00.710+0000] {processor.py:186} INFO - Started process (PID=427) to work on /opt/airflow/dags/01_load_csv.py
[2026-07-03T20:49:00.712+0000] {processor.py:914} INFO - Processing file /opt/airflow/dags/01_load_csv.py for tasks to queue
[2026-07-03T20:49:00.713+0000] {logging_mixin.py:190} INFO - [2026-07-03T20:49:00.713+0000] {dagbag.py:588} INFO - Filling up the DagBag from /opt/airflow/dags/01_load_csv.py
[2026-07-03T20:49:00.732+0000] {processor.py:925} INFO - DAG(s) '01_load_csv' retrieved from /opt/airflow/dags/01_load_csv.py
[2026-07-03T20:49:00.772+0000] {logging_mixin.py:190} INFO - [2026-07-03T20:49:00.771+0000] {dag.py:3239} INFO - Sync 1 DAGs
[2026-07-03T20:49:00.791+0000] {logging_mixin.py:190} INFO - [2026-07-03T20:49:00.790+0000] {dag.py:4180} INFO - Setting next_dagrun for 01_load_csv to None, run_after=None
[2026-07-03T20:49:00.813+0000] {processor.py:208} INFO - Processing /opt/airflow/dags/01_load_csv.py took 0.122 seconds
[2026-07-03T20:49:31.226+0000] {processor.py:186} INFO - Started process (PID=432) to work on /opt/airflow/dags/01_load_csv.py
[2026-07-03T20:49:31.231+0000] {processor.py:914} INFO - Processing file /opt/airflow/dags/01_load_csv.py for tasks to queue
[2026-07-03T20:49:31.237+0000] {logging_mixin.py:190} INFO - [2026-07-03T20:49:31.236+0000] {dagbag.py:588} INFO - Filling up the DagBag from /opt/airflow/dags/01_load_csv.py
[2026-07-03T20:49:31.285+0000] {processor.py:925} INFO - DAG(s) '01_load_csv' retrieved from /opt/airflow/dags/01_load_csv.py
[2026-07-03T20:49:31.417+0000] {logging_mixin.py:190} INFO - [2026-07-03T20:49:31.417+0000] {dag.py:3239} INFO - Sync 1 DAGs
[2026-07-03T20:49:31.459+0000] {logging_mixin.py:190} INFO - [2026-07-03T20:49:31.458+0000] {dag.py:4180} INFO - Setting next_dagrun for 01_load_csv to None, run_after=None
[2026-07-03T20:49:31.493+0000] {processor.py:208} INFO - Processing /opt/airflow/dags/01_load_csv.py took 0.298 seconds
[2026-07-03T20:50:01.684+0000] {processor.py:186} INFO - Started process (PID=437) to work on /opt/airflow/dags/01_load_csv.py
[2026-07-03T20:50:01.689+0000] {processor.py:914} INFO - Processing file /opt/airflow/dags/01_load_csv.py for tasks to queue
[2026-07-03T20:50:01.692+0000] {logging_mixin.py:190} INFO - [2026-07-03T20:50:01.691+0000] {dagbag.py:588} INFO - Filling up the DagBag from /opt/airflow/dags/01_load_csv.py
[2026-07-03T20:50:01.713+0000] {processor.py:925} INFO - DAG(s) '01_load_csv' retrieved from /opt/airflow/dags/01_load_csv.py
[2026-07-03T20:50:01.790+0000] {logging_mixin.py:190} INFO - [2026-07-03T20:50:01.790+0000] {dag.py:3239} INFO - Sync 1 DAGs
[2026-07-03T20:50:01.812+0000] {logging_mixin.py:190} INFO - [2026-07-03T20:50:01.812+0000] {dag.py:4180} INFO - Setting next_dagrun for 01_load_csv to None, run_after=None
[2026-07-03T20:50:01.832+0000] {processor.py:208} INFO - Processing /opt/airflow/dags/01_load_csv.py took 0.199 seconds
[2026-07-03T20:50:32.269+0000] {processor.py:186} INFO - Started process (PID=442) to work on /opt/airflow/dags/01_load_csv.py
[2026-07-03T20:50:32.273+0000] {processor.py:914} INFO - Processing file /opt/airflow/dags/01_load_csv.py for tasks to queue
[2026-07-03T20:50:32.279+0000] {logging_mixin.py:190} INFO - [2026-07-03T20:50:32.277+0000] {dagbag.py:588} INFO - Filling up the DagBag from /opt/airflow/dags/01_load_csv.py
[2026-07-03T20:50:32.311+0000] {processor.py:925} INFO - DAG(s) '01_load_csv' retrieved from /opt/airflow/dags/01_load_csv.py
[2026-07-03T20:50:32.366+0000] {logging_mixin.py:190} INFO - [2026-07-03T20:50:32.365+0000] {dag.py:3239} INFO - Sync 1 DAGs
[2026-07-03T20:50:32.390+0000] {logging_mixin.py:190} INFO - [2026-07-03T20:50:32.390+0000] {dag.py:4180} INFO - Setting next_dagrun for 01_load_csv to None, run_after=None
[2026-07-03T20:50:32.412+0000] {processor.py:208} INFO - Processing /opt/airflow/dags/01_load_csv.py took 0.185 seconds
[2026-07-03T20:51:02.728+0000] {processor.py:186} INFO - Started process (PID=447) to work on /opt/airflow/dags/01_load_csv.py
[2026-07-03T20:51:02.731+0000] {processor.py:914} INFO - Processing file /opt/airflow/dags/01_load_csv.py for tasks to queue
[2026-07-03T20:51:02.734+0000] {logging_mixin.py:190} INFO - [2026-07-03T20:51:02.733+0000] {dagbag.py:588} INFO - Filling up the DagBag from /opt/airflow/dags/01_load_csv.py
[2026-07-03T20:51:02.754+0000] {processor.py:925} INFO - DAG(s) '01_load_csv' retrieved from /opt/airflow/dags/01_load_csv.py
[2026-07-03T20:51:02.793+0000] {logging_mixin.py:190} INFO - [2026-07-03T20:51:02.793+0000] {dag.py:3239} INFO - Sync 1 DAGs
[2026-07-03T20:51:02.811+0000] {logging_mixin.py:190} INFO - [2026-07-03T20:51:02.811+0000] {dag.py:4180} INFO - Setting next_dagrun for 01_load_csv to None, run_after=None
[2026-07-03T20:51:02.830+0000] {processor.py:208} INFO - Processing /opt/airflow/dags/01_load_csv.py took 0.134 seconds
[2026-07-03T20:51:33.227+0000] {processor.py:186} INFO - Started process (PID=452) to work on /opt/airflow/dags/01_load_csv.py
[2026-07-03T20:51:33.232+0000] {processor.py:914} INFO - Processing file /opt/airflow/dags/01_load_csv.py for tasks to queue
[2026-07-03T20:51:33.239+0000] {logging_mixin.py:190} INFO - [2026-07-03T20:51:33.236+0000] {dagbag.py:588} INFO - Filling up the DagBag from /opt/airflow/dags/01_load_csv.py
[2026-07-03T20:51:33.286+0000] {processor.py:925} INFO - DAG(s) '01_load_csv' retrieved from /opt/airflow/dags/01_load_csv.py
[2026-07-03T20:51:33.345+0000] {logging_mixin.py:190} INFO - [2026-07-03T20:51:33.345+0000] {dag.py:3239} INFO - Sync 1 DAGs
[2026-07-03T20:51:33.373+0000] {logging_mixin.py:190} INFO - [2026-07-03T20:51:33.373+0000] {dag.py:4180} INFO - Setting next_dagrun for 01_load_csv to None, run_after=None
[2026-07-03T20:51:33.400+0000] {processor.py:208} INFO - Processing /opt/airflow/dags/01_load_csv.py took 0.208 seconds
[2026-07-03T20:52:03.556+0000] {processor.py:186} INFO - Started process (PID=457) to work on /opt/airflow/dags/01_load_csv.py
[2026-07-03T20:52:03.556+0000] {processor.py:914} INFO - Processing file /opt/airflow/dags/01_load_csv.py for tasks to queue
[2026-07-03T20:52:03.558+0000] {logging_mixin.py:190} INFO - [2026-07-03T20:52:03.557+0000] {dagbag.py:588} INFO - Filling up the DagBag from /opt/airflow/dags/01_load_csv.py
[2026-07-03T20:52:03.571+0000] {processor.py:925} INFO - DAG(s) '01_load_csv' retrieved from /opt/airflow/dags/01_load_csv.py
[2026-07-03T20:52:03.605+0000] {logging_mixin.py:190} INFO - [2026-07-03T20:52:03.605+0000] {dag.py:3239} INFO - Sync 1 DAGs
[2026-07-03T20:52:03.627+0000] {logging_mixin.py:190} INFO - [2026-07-03T20:52:03.627+0000] {dag.py:4180} INFO - Setting next_dagrun for 01_load_csv to None, run_after=None
[2026-07-03T20:52:03.655+0000] {processor.py:208} INFO - Processing /opt/airflow/dags/01_load_csv.py took 0.108 seconds
[2026-07-03T20:52:33.821+0000] {processor.py:186} INFO - Started process (PID=462) to work on /opt/airflow/dags/01_load_csv.py
[2026-07-03T20:52:33.823+0000] {processor.py:914} INFO - Processing file /opt/airflow/dags/01_load_csv.py for tasks to queue
[2026-07-03T20:52:33.827+0000] {logging_mixin.py:190} INFO - [2026-07-03T20:52:33.826+0000] {dagbag.py:588} INFO - Filling up the DagBag from /opt/airflow/dags/01_load_csv.py
[2026-07-03T20:52:33.856+0000] {processor.py:925} INFO - DAG(s) '01_load_csv' retrieved from /opt/airflow/dags/01_load_csv.py
[2026-07-03T20:52:33.934+0000] {logging_mixin.py:190} INFO - [2026-07-03T20:52:33.934+0000] {dag.py:3239} INFO - Sync 1 DAGs
[2026-07-03T20:52:33.970+0000] {logging_mixin.py:190} INFO - [2026-07-03T20:52:33.970+0000] {dag.py:4180} INFO - Setting next_dagrun for 01_load_csv to None, run_after=None
[2026-07-03T20:52:34.009+0000] {processor.py:208} INFO - Processing /opt/airflow/dags/01_load_csv.py took 0.210 seconds
[2026-07-03T20:53:04.365+0000] {processor.py:186} INFO - Started process (PID=467) to work on /opt/airflow/dags/01_load_csv.py
[2026-07-03T20:53:04.370+0000] {processor.py:914} INFO - Processing file /opt/airflow/dags/01_load_csv.py for tasks to queue
[2026-07-03T20:53:04.378+0000] {logging_mixin.py:190} INFO - [2026-07-03T20:53:04.374+0000] {dagbag.py:588} INFO - Filling up the DagBag from /opt/airflow/dags/01_load_csv.py
[2026-07-03T20:53:04.443+0000] {processor.py:925} INFO - DAG(s) '01_load_csv' retrieved from /opt/airflow/dags/01_load_csv.py
[2026-07-03T20:53:04.519+0000] {logging_mixin.py:190} INFO - [2026-07-03T20:53:04.518+0000] {dag.py:3239} INFO - Sync 1 DAGs
[2026-07-03T20:53:04.546+0000] {logging_mixin.py:190} INFO - [2026-07-03T20:53:04.545+0000] {dag.py:4180} INFO - Setting next_dagrun for 01_load_csv to None, run_after=None
[2026-07-03T20:53:04.570+0000] {processor.py:208} INFO - Processing /opt/airflow/dags/01_load_csv.py took 0.238 seconds
[2026-07-03T20:53:34.895+0000] {processor.py:186} INFO - Started process (PID=472) to work on /opt/airflow/dags/01_load_csv.py
[2026-07-03T20:53:34.899+0000] {processor.py:914} INFO - Processing file /opt/airflow/dags/01_load_csv.py for tasks to queue
[2026-07-03T20:53:34.911+0000] {logging_mixin.py:190} INFO - [2026-07-03T20:53:34.908+0000] {dagbag.py:588} INFO - Filling up the DagBag from /opt/airflow/dags/01_load_csv.py
[2026-07-03T20:53:34.942+0000] {processor.py:925} INFO - DAG(s) '01_load_csv' retrieved from /opt/airflow/dags/01_load_csv.py
[2026-07-03T20:53:34.998+0000] {logging_mixin.py:190} INFO - [2026-07-03T20:53:34.998+0000] {dag.py:3239} INFO - Sync 1 DAGs
[2026-07-03T20:53:35.030+0000] {logging_mixin.py:190} INFO - [2026-07-03T20:53:35.030+0000] {dag.py:4180} INFO - Setting next_dagrun for 01_load_csv to None, run_after=None
[2026-07-03T20:53:35.053+0000] {processor.py:208} INFO - Processing /opt/airflow/dags/01_load_csv.py took 0.195 seconds
[2026-07-03T20:54:05.301+0000] {processor.py:186} INFO - Started process (PID=477) to work on /opt/airflow/dags/01_load_csv.py
[2026-07-03T20:54:05.304+0000] {processor.py:914} INFO - Processing file /opt/airflow/dags/01_load_csv.py for tasks to queue
[2026-07-03T20:54:05.306+0000] {logging_mixin.py:190} INFO - [2026-07-03T20:54:05.306+0000] {dagbag.py:588} INFO - Filling up the DagBag from /opt/airflow/dags/01_load_csv.py
[2026-07-03T20:54:05.325+0000] {processor.py:925} INFO - DAG(s) '01_load_csv' retrieved from /opt/airflow/dags/01_load_csv.py
[2026-07-03T20:54:05.388+0000] {logging_mixin.py:190} INFO - [2026-07-03T20:54:05.387+0000] {dag.py:3239} INFO - Sync 1 DAGs
[2026-07-03T20:54:05.420+0000] {logging_mixin.py:190} INFO - [2026-07-03T20:54:05.420+0000] {dag.py:4180} INFO - Setting next_dagrun for 01_load_csv to None, run_after=None
[2026-07-03T20:54:05.454+0000] {processor.py:208} INFO - Processing /opt/airflow/dags/01_load_csv.py took 0.178 seconds
[2026-07-03T20:54:35.956+0000] {processor.py:186} INFO - Started process (PID=482) to work on /opt/airflow/dags/01_load_csv.py
[2026-07-03T20:54:35.957+0000] {processor.py:914} INFO - Processing file /opt/airflow/dags/01_load_csv.py for tasks to queue
[2026-07-03T20:54:35.959+0000] {logging_mixin.py:190} INFO - [2026-07-03T20:54:35.958+0000] {dagbag.py:588} INFO - Filling up the DagBag from /opt/airflow/dags/01_load_csv.py
[2026-07-03T20:54:35.975+0000] {processor.py:925} INFO - DAG(s) '01_load_csv' retrieved from /opt/airflow/dags/01_load_csv.py
[2026-07-03T20:54:36.025+0000] {logging_mixin.py:190} INFO - [2026-07-03T20:54:36.025+0000] {dag.py:3239} INFO - Sync 1 DAGs
[2026-07-03T20:54:36.044+0000] {logging_mixin.py:190} INFO - [2026-07-03T20:54:36.044+0000] {dag.py:4180} INFO - Setting next_dagrun for 01_load_csv to None, run_after=None
[2026-07-03T20:54:36.063+0000] {processor.py:208} INFO - Processing /opt/airflow/dags/01_load_csv.py took 0.118 seconds
[2026-07-03T20:55:06.452+0000] {processor.py:186} INFO - Started process (PID=487) to work on /opt/airflow/dags/01_load_csv.py
[2026-07-03T20:55:06.457+0000] {processor.py:914} INFO - Processing file /opt/airflow/dags/01_load_csv.py for tasks to queue
[2026-07-03T20:55:06.463+0000] {logging_mixin.py:190} INFO - [2026-07-03T20:55:06.461+0000] {dagbag.py:588} INFO - Filling up the DagBag from /opt/airflow/dags/01_load_csv.py
[2026-07-03T20:55:06.503+0000] {processor.py:925} INFO - DAG(s) '01_load_csv' retrieved from /opt/airflow/dags/01_load_csv.py
[2026-07-03T20:55:06.549+0000] {logging_mixin.py:190} INFO - [2026-07-03T20:55:06.549+0000] {dag.py:3239} INFO - Sync 1 DAGs
[2026-07-03T20:55:06.567+0000] {logging_mixin.py:190} INFO - [2026-07-03T20:55:06.566+0000] {dag.py:4180} INFO - Setting next_dagrun for 01_load_csv to None, run_after=None
[2026-07-03T20:55:06.586+0000] {processor.py:208} INFO - Processing /opt/airflow/dags/01_load_csv.py took 0.182 seconds
[2026-07-03T20:55:36.862+0000] {processor.py:186} INFO - Started process (PID=492) to work on /opt/airflow/dags/01_load_csv.py
[2026-07-03T20:55:36.864+0000] {processor.py:914} INFO - Processing file /opt/airflow/dags/01_load_csv.py for tasks to queue
[2026-07-03T20:55:36.866+0000] {logging_mixin.py:190} INFO - [2026-07-03T20:55:36.865+0000] {dagbag.py:588} INFO - Filling up the DagBag from /opt/airflow/dags/01_load_csv.py
[2026-07-03T20:55:36.909+0000] {processor.py:925} INFO - DAG(s) '01_load_csv' retrieved from /opt/airflow/dags/01_load_csv.py
[2026-07-03T20:55:37.068+0000] {logging_mixin.py:190} INFO - [2026-07-03T20:55:37.067+0000] {dag.py:3239} INFO - Sync 1 DAGs
[2026-07-03T20:55:37.097+0000] {logging_mixin.py:190} INFO - [2026-07-03T20:55:37.096+0000] {dag.py:4180} INFO - Setting next_dagrun for 01_load_csv to None, run_after=None
[2026-07-03T20:55:37.117+0000] {processor.py:208} INFO - Processing /opt/airflow/dags/01_load_csv.py took 0.270 seconds
[2026-07-03T20:56:07.406+0000] {processor.py:186} INFO - Started process (PID=497) to work on /opt/airflow/dags/01_load_csv.py
[2026-07-03T20:56:07.408+0000] {processor.py:914} INFO - Processing file /opt/airflow/dags/01_load_csv.py for tasks to queue
[2026-07-03T20:56:07.410+0000] {logging_mixin.py:190} INFO - [2026-07-03T20:56:07.410+0000] {dagbag.py:588} INFO - Filling up the DagBag from /opt/airflow/dags/01_load_csv.py
[2026-07-03T20:56:07.424+0000] {processor.py:925} INFO - DAG(s) '01_load_csv' retrieved from /opt/airflow/dags/01_load_csv.py
[2026-07-03T20:56:07.462+0000] {logging_mixin.py:190} INFO - [2026-07-03T20:56:07.462+0000] {dag.py:3239} INFO - Sync 1 DAGs
[2026-07-03T20:56:07.481+0000] {logging_mixin.py:190} INFO - [2026-07-03T20:56:07.481+0000] {dag.py:4180} INFO - Setting next_dagrun for 01_load_csv to None, run_after=None
[2026-07-03T20:56:07.504+0000] {processor.py:208} INFO - Processing /opt/airflow/dags/01_load_csv.py took 0.106 seconds
[2026-07-03T20:56:38.016+0000] {processor.py:186} INFO - Started process (PID=502) to work on /opt/airflow/dags/01_load_csv.py
[2026-07-03T20:56:38.019+0000] {processor.py:914} INFO - Processing file /opt/airflow/dags/01_load_csv.py for tasks to queue
[2026-07-03T20:56:38.027+0000] {logging_mixin.py:190} INFO - [2026-07-03T20:56:38.026+0000] {dagbag.py:588} INFO - Filling up the DagBag from /opt/airflow/dags/01_load_csv.py
[2026-07-03T20:56:38.058+0000] {processor.py:925} INFO - DAG(s) '01_load_csv' retrieved from /opt/airflow/dags/01_load_csv.py
[2026-07-03T20:56:38.099+0000] {logging_mixin.py:190} INFO - [2026-07-03T20:56:38.099+0000] {dag.py:3239} INFO - Sync 1 DAGs
[2026-07-03T20:56:38.118+0000] {logging_mixin.py:190} INFO - [2026-07-03T20:56:38.117+0000] {dag.py:4180} INFO - Setting next_dagrun for 01_load_csv to None, run_after=None
[2026-07-03T20:56:38.143+0000] {processor.py:208} INFO - Processing /opt/airflow/dags/01_load_csv.py took 0.184 seconds
[2026-07-03T20:57:08.393+0000] {processor.py:186} INFO - Started process (PID=507) to work on /opt/airflow/dags/01_load_csv.py
[2026-07-03T20:57:08.395+0000] {processor.py:914} INFO - Processing file /opt/airflow/dags/01_load_csv.py for tasks to queue
[2026-07-03T20:57:08.399+0000] {logging_mixin.py:190} INFO - [2026-07-03T20:57:08.399+0000] {dagbag.py:588} INFO - Filling up the DagBag from /opt/airflow/dags/01_load_csv.py
[2026-07-03T20:57:08.424+0000] {processor.py:925} INFO - DAG(s) '01_load_csv' retrieved from /opt/airflow/dags/01_load_csv.py
[2026-07-03T20:57:08.505+0000] {logging_mixin.py:190} INFO - [2026-07-03T20:57:08.505+0000] {dag.py:3239} INFO - Sync 1 DAGs
[2026-07-03T20:57:08.548+0000] {logging_mixin.py:190} INFO - [2026-07-03T20:57:08.547+0000] {dag.py:4180} INFO - Setting next_dagrun for 01_load_csv to None, run_after=None
[2026-07-03T20:57:08.593+0000] {processor.py:208} INFO - Processing /opt/airflow/dags/01_load_csv.py took 0.217 seconds
[2026-07-03T20:57:39.045+0000] {processor.py:186} INFO - Started process (PID=512) to work on /opt/airflow/dags/01_load_csv.py
[2026-07-03T20:57:39.048+0000] {processor.py:914} INFO - Processing file /opt/airflow/dags/01_load_csv.py for tasks to queue
[2026-07-03T20:57:39.054+0000] {logging_mixin.py:190} INFO - [2026-07-03T20:57:39.053+0000] {dagbag.py:588} INFO - Filling up the DagBag from /opt/airflow/dags/01_load_csv.py
[2026-07-03T20:57:39.079+0000] {processor.py:925} INFO - DAG(s) '01_load_csv' retrieved from /opt/airflow/dags/01_load_csv.py
[2026-07-03T20:57:39.149+0000] {logging_mixin.py:190} INFO - [2026-07-03T20:57:39.149+0000] {dag.py:3239} INFO - Sync 1 DAGs
[2026-07-03T20:57:39.187+0000] {logging_mixin.py:190} INFO - [2026-07-03T20:57:39.186+0000] {dag.py:4180} INFO - Setting next_dagrun for 01_load_csv to None, run_after=None
[2026-07-03T20:57:39.239+0000] {processor.py:208} INFO - Processing /opt/airflow/dags/01_load_csv.py took 0.213 seconds
[2026-07-03T20:58:09.622+0000] {processor.py:186} INFO - Started process (PID=517) to work on /opt/airflow/dags/01_load_csv.py
[2026-07-03T20:58:09.626+0000] {processor.py:914} INFO - Processing file /opt/airflow/dags/01_load_csv.py for tasks to queue
[2026-07-03T20:58:09.632+0000] {logging_mixin.py:190} INFO - [2026-07-03T20:58:09.630+0000] {dagbag.py:588} INFO - Filling up the DagBag from /opt/airflow/dags/01_load_csv.py
[2026-07-03T20:58:09.697+0000] {processor.py:925} INFO - DAG(s) '01_load_csv' retrieved from /opt/airflow/dags/01_load_csv.py
[2026-07-03T20:58:09.896+0000] {logging_mixin.py:190} INFO - [2026-07-03T20:58:09.895+0000] {dag.py:3239} INFO - Sync 1 DAGs
[2026-07-03T20:58:09.955+0000] {logging_mixin.py:190} INFO - [2026-07-03T20:58:09.955+0000] {dag.py:4180} INFO - Setting next_dagrun for 01_load_csv to None, run_after=None
[2026-07-03T20:58:09.986+0000] {processor.py:208} INFO - Processing /opt/airflow/dags/01_load_csv.py took 0.412 seconds
[2026-07-03T20:58:40.460+0000] {processor.py:186} INFO - Started process (PID=522) to work on /opt/airflow/dags/01_load_csv.py
[2026-07-03T20:58:40.462+0000] {processor.py:914} INFO - Processing file /opt/airflow/dags/01_load_csv.py for tasks to queue
[2026-07-03T20:58:40.464+0000] {logging_mixin.py:190} INFO - [2026-07-03T20:58:40.464+0000] {dagbag.py:588} INFO - Filling up the DagBag from /opt/airflow/dags/01_load_csv.py
[2026-07-03T20:58:40.506+0000] {processor.py:925} INFO - DAG(s) '01_load_csv' retrieved from /opt/airflow/dags/01_load_csv.py
[2026-07-03T20:58:40.558+0000] {logging_mixin.py:190} INFO - [2026-07-03T20:58:40.558+0000] {dag.py:3239} INFO - Sync 1 DAGs
[2026-07-03T20:58:40.576+0000] {logging_mixin.py:190} INFO - [2026-07-03T20:58:40.576+0000] {dag.py:4180} INFO - Setting next_dagrun for 01_load_csv to None, run_after=None
[2026-07-03T20:58:40.611+0000] {processor.py:208} INFO - Processing /opt/airflow/dags/01_load_csv.py took 0.170 seconds
[2026-07-03T20:59:10.934+0000] {processor.py:186} INFO - Started process (PID=527) to work on /opt/airflow/dags/01_load_csv.py
[2026-07-03T20:59:10.939+0000] {processor.py:914} INFO - Processing file /opt/airflow/dags/01_load_csv.py for tasks to queue
[2026-07-03T20:59:10.942+0000] {logging_mixin.py:190} INFO - [2026-07-03T20:59:10.941+0000] {dagbag.py:588} INFO - Filling up the DagBag from /opt/airflow/dags/01_load_csv.py
[2026-07-03T20:59:10.994+0000] {processor.py:925} INFO - DAG(s) '01_load_csv' retrieved from /opt/airflow/dags/01_load_csv.py
[2026-07-03T20:59:11.290+0000] {logging_mixin.py:190} INFO - [2026-07-03T20:59:11.290+0000] {dag.py:3239} INFO - Sync 1 DAGs
[2026-07-03T20:59:11.320+0000] {logging_mixin.py:190} INFO - [2026-07-03T20:59:11.319+0000] {dag.py:4180} INFO - Setting next_dagrun for 01_load_csv to None, run_after=None
[2026-07-03T20:59:11.353+0000] {processor.py:208} INFO - Processing /opt/airflow/dags/01_load_csv.py took 0.469 seconds
[2026-07-03T20:59:41.759+0000] {processor.py:186} INFO - Started process (PID=532) to work on /opt/airflow/dags/01_load_csv.py
[2026-07-03T20:59:41.764+0000] {processor.py:914} INFO - Processing file /opt/airflow/dags/01_load_csv.py for tasks to queue
[2026-07-03T20:59:41.775+0000] {logging_mixin.py:190} INFO - [2026-07-03T20:59:41.772+0000] {dagbag.py:588} INFO - Filling up the DagBag from /opt/airflow/dags/01_load_csv.py
[2026-07-03T20:59:41.881+0000] {processor.py:925} INFO - DAG(s) '01_load_csv' retrieved from /opt/airflow/dags/01_load_csv.py
[2026-07-03T20:59:41.956+0000] {logging_mixin.py:190} INFO - [2026-07-03T20:59:41.956+0000] {dag.py:3239} INFO - Sync 1 DAGs
[2026-07-03T20:59:41.983+0000] {logging_mixin.py:190} INFO - [2026-07-03T20:59:41.983+0000] {dag.py:4180} INFO - Setting next_dagrun for 01_load_csv to None, run_after=None
[2026-07-03T20:59:42.014+0000] {processor.py:208} INFO - Processing /opt/airflow/dags/01_load_csv.py took 0.300 seconds
[2026-07-03T21:00:12.136+0000] {processor.py:186} INFO - Started process (PID=537) to work on /opt/airflow/dags/01_load_csv.py
[2026-07-03T21:00:12.137+0000] {processor.py:914} INFO - Processing file /opt/airflow/dags/01_load_csv.py for tasks to queue
[2026-07-03T21:00:12.138+0000] {logging_mixin.py:190} INFO - [2026-07-03T21:00:12.138+0000] {dagbag.py:588} INFO - Filling up the DagBag from /opt/airflow/dags/01_load_csv.py
[2026-07-03T21:00:12.155+0000] {processor.py:925} INFO - DAG(s) '01_load_csv' retrieved from /opt/airflow/dags/01_load_csv.py
[2026-07-03T21:00:12.198+0000] {logging_mixin.py:190} INFO - [2026-07-03T21:00:12.197+0000] {dag.py:3239} INFO - Sync 1 DAGs
[2026-07-03T21:00:12.231+0000] {logging_mixin.py:190} INFO - [2026-07-03T21:00:12.231+0000] {dag.py:4180} INFO - Setting next_dagrun for 01_load_csv to None, run_after=None
[2026-07-03T21:00:12.258+0000] {processor.py:208} INFO - Processing /opt/airflow/dags/01_load_csv.py took 0.134 seconds
[2026-07-03T21:00:42.515+0000] {processor.py:186} INFO - Started process (PID=542) to work on /opt/airflow/dags/01_load_csv.py
[2026-07-03T21:00:42.518+0000] {processor.py:914} INFO - Processing file /opt/airflow/dags/01_load_csv.py for tasks to queue
[2026-07-03T21:00:42.520+0000] {logging_mixin.py:190} INFO - [2026-07-03T21:00:42.519+0000] {dagbag.py:588} INFO - Filling up the DagBag from /opt/airflow/dags/01_load_csv.py
[2026-07-03T21:00:42.543+0000] {processor.py:925} INFO - DAG(s) '01_load_csv' retrieved from /opt/airflow/dags/01_load_csv.py
[2026-07-03T21:00:42.599+0000] {logging_mixin.py:190} INFO - [2026-07-03T21:00:42.599+0000] {dag.py:3239} INFO - Sync 1 DAGs
[2026-07-03T21:00:42.624+0000] {logging_mixin.py:190} INFO - [2026-07-03T21:00:42.624+0000] {dag.py:4180} INFO - Setting next_dagrun for 01_load_csv to None, run_after=None
[2026-07-03T21:00:42.660+0000] {processor.py:208} INFO - Processing /opt/airflow/dags/01_load_csv.py took 0.168 seconds
[2026-07-03T21:01:13.108+0000] {processor.py:186} INFO - Started process (PID=547) to work on /opt/airflow/dags/01_load_csv.py
[2026-07-03T21:01:13.299+0000] {processor.py:914} INFO - Processing file /opt/airflow/dags/01_load_csv.py for tasks to queue
[2026-07-03T21:01:13.303+0000] {logging_mixin.py:190} INFO - [2026-07-03T21:01:13.302+0000] {dagbag.py:588} INFO - Filling up the DagBag from /opt/airflow/dags/01_load_csv.py
[2026-07-03T21:01:13.325+0000] {processor.py:925} INFO - DAG(s) '01_load_csv' retrieved from /opt/airflow/dags/01_load_csv.py
[2026-07-03T21:01:13.376+0000] {logging_mixin.py:190} INFO - [2026-07-03T21:01:13.376+0000] {dag.py:3239} INFO - Sync 1 DAGs
[2026-07-03T21:01:13.406+0000] {logging_mixin.py:190} INFO - [2026-07-03T21:01:13.406+0000] {dag.py:4180} INFO - Setting next_dagrun for 01_load_csv to None, run_after=None
[2026-07-03T21:01:13.432+0000] {processor.py:208} INFO - Processing /opt/airflow/dags/01_load_csv.py took 0.347 seconds
[2026-07-03T21:01:43.558+0000] {processor.py:186} INFO - Started process (PID=552) to work on /opt/airflow/dags/01_load_csv.py
[2026-07-03T21:01:43.563+0000] {processor.py:914} INFO - Processing file /opt/airflow/dags/01_load_csv.py for tasks to queue
[2026-07-03T21:01:43.570+0000] {logging_mixin.py:190} INFO - [2026-07-03T21:01:43.568+0000] {dagbag.py:588} INFO - Filling up the DagBag from /opt/airflow/dags/01_load_csv.py
[2026-07-03T21:01:43.635+0000] {processor.py:925} INFO - DAG(s) '01_load_csv' retrieved from /opt/airflow/dags/01_load_csv.py
[2026-07-03T21:01:43.720+0000] {logging_mixin.py:190} INFO - [2026-07-03T21:01:43.720+0000] {dag.py:3239} INFO - Sync 1 DAGs
[2026-07-03T21:01:43.752+0000] {logging_mixin.py:190} INFO - [2026-07-03T21:01:43.752+0000] {dag.py:4180} INFO - Setting next_dagrun for 01_load_csv to None, run_after=None
[2026-07-03T21:01:43.789+0000] {processor.py:208} INFO - Processing /opt/airflow/dags/01_load_csv.py took 0.273 seconds
[2026-07-03T21:02:14.215+0000] {processor.py:186} INFO - Started process (PID=557) to work on /opt/airflow/dags/01_load_csv.py
[2026-07-03T21:02:14.217+0000] {processor.py:914} INFO - Processing file /opt/airflow/dags/01_load_csv.py for tasks to queue
[2026-07-03T21:02:14.220+0000] {logging_mixin.py:190} INFO - [2026-07-03T21:02:14.219+0000] {dagbag.py:588} INFO - Filling up the DagBag from /opt/airflow/dags/01_load_csv.py
[2026-07-03T21:02:14.242+0000] {processor.py:925} INFO - DAG(s) '01_load_csv' retrieved from /opt/airflow/dags/01_load_csv.py
[2026-07-03T21:02:14.304+0000] {logging_mixin.py:190} INFO - [2026-07-03T21:02:14.304+0000] {dag.py:3239} INFO - Sync 1 DAGs
[2026-07-03T21:02:14.325+0000] {logging_mixin.py:190} INFO - [2026-07-03T21:02:14.325+0000] {dag.py:4180} INFO - Setting next_dagrun for 01_load_csv to None, run_after=None
[2026-07-03T21:02:14.346+0000] {processor.py:208} INFO - Processing /opt/airflow/dags/01_load_csv.py took 0.158 seconds
[2026-07-03T21:02:44.553+0000] {processor.py:186} INFO - Started process (PID=562) to work on /opt/airflow/dags/01_load_csv.py
[2026-07-03T21:02:44.556+0000] {processor.py:914} INFO - Processing file /opt/airflow/dags/01_load_csv.py for tasks to queue
[2026-07-03T21:02:44.561+0000] {logging_mixin.py:190} INFO - [2026-07-03T21:02:44.560+0000] {dagbag.py:588} INFO - Filling up the DagBag from /opt/airflow/dags/01_load_csv.py
[2026-07-03T21:02:44.604+0000] {processor.py:925} INFO - DAG(s) '01_load_csv' retrieved from /opt/airflow/dags/01_load_csv.py
[2026-07-03T21:02:44.650+0000] {logging_mixin.py:190} INFO - [2026-07-03T21:02:44.650+0000] {dag.py:3239} INFO - Sync 1 DAGs
[2026-07-03T21:02:44.667+0000] {logging_mixin.py:190} INFO - [2026-07-03T21:02:44.667+0000] {dag.py:4180} INFO - Setting next_dagrun for 01_load_csv to None, run_after=None
[2026-07-03T21:02:44.686+0000] {processor.py:208} INFO - Processing /opt/airflow/dags/01_load_csv.py took 0.166 seconds
[2026-07-03T21:03:14.881+0000] {processor.py:186} INFO - Started process (PID=567) to work on /opt/airflow/dags/01_load_csv.py
[2026-07-03T21:03:14.883+0000] {processor.py:914} INFO - Processing file /opt/airflow/dags/01_load_csv.py for tasks to queue
[2026-07-03T21:03:14.885+0000] {logging_mixin.py:190} INFO - [2026-07-03T21:03:14.885+0000] {dagbag.py:588} INFO - Filling up the DagBag from /opt/airflow/dags/01_load_csv.py
[2026-07-03T21:03:14.903+0000] {processor.py:925} INFO - DAG(s) '01_load_csv' retrieved from /opt/airflow/dags/01_load_csv.py
[2026-07-03T21:03:14.950+0000] {logging_mixin.py:190} INFO - [2026-07-03T21:03:14.950+0000] {dag.py:3239} INFO - Sync 1 DAGs
[2026-07-03T21:03:14.977+0000] {logging_mixin.py:190} INFO - [2026-07-03T21:03:14.976+0000] {dag.py:4180} INFO - Setting next_dagrun for 01_load_csv to None, run_after=None
[2026-07-03T21:03:15.016+0000] {processor.py:208} INFO - Processing /opt/airflow/dags/01_load_csv.py took 0.148 seconds
[2026-07-03T21:03:45.251+0000] {processor.py:186} INFO - Started process (PID=572) to work on /opt/airflow/dags/01_load_csv.py
[2026-07-03T21:03:45.253+0000] {processor.py:914} INFO - Processing file /opt/airflow/dags/01_load_csv.py for tasks to queue
[2026-07-03T21:03:45.256+0000] {logging_mixin.py:190} INFO - [2026-07-03T21:03:45.255+0000] {dagbag.py:588} INFO - Filling up the DagBag from /opt/airflow/dags/01_load_csv.py
[2026-07-03T21:03:45.287+0000] {processor.py:925} INFO - DAG(s) '01_load_csv' retrieved from /opt/airflow/dags/01_load_csv.py
[2026-07-03T21:03:45.359+0000] {logging_mixin.py:190} INFO - [2026-07-03T21:03:45.358+0000] {dag.py:3239} INFO - Sync 1 DAGs
[2026-07-03T21:03:45.402+0000] {logging_mixin.py:190} INFO - [2026-07-03T21:03:45.402+0000] {dag.py:4180} INFO - Setting next_dagrun for 01_load_csv to None, run_after=None
[2026-07-03T21:03:45.447+0000] {processor.py:208} INFO - Processing /opt/airflow/dags/01_load_csv.py took 0.217 seconds
[2026-07-03T21:04:15.758+0000] {processor.py:186} INFO - Started process (PID=577) to work on /opt/airflow/dags/01_load_csv.py
[2026-07-03T21:04:15.761+0000] {processor.py:914} INFO - Processing file /opt/airflow/dags/01_load_csv.py for tasks to queue
[2026-07-03T21:04:15.771+0000] {logging_mixin.py:190} INFO - [2026-07-03T21:04:15.766+0000] {dagbag.py:588} INFO - Filling up the DagBag from /opt/airflow/dags/01_load_csv.py
[2026-07-03T21:04:15.854+0000] {processor.py:925} INFO - DAG(s) '01_load_csv' retrieved from /opt/airflow/dags/01_load_csv.py
[2026-07-03T21:04:15.984+0000] {logging_mixin.py:190} INFO - [2026-07-03T21:04:15.984+0000] {dag.py:3239} INFO - Sync 1 DAGs
[2026-07-03T21:04:16.124+0000] {logging_mixin.py:190} INFO - [2026-07-03T21:04:16.123+0000] {dag.py:4180} INFO - Setting next_dagrun for 01_load_csv to None, run_after=None
[2026-07-03T21:04:16.182+0000] {processor.py:208} INFO - Processing /opt/airflow/dags/01_load_csv.py took 0.467 seconds
[2026-07-03T21:04:46.604+0000] {processor.py:186} INFO - Started process (PID=582) to work on /opt/airflow/dags/01_load_csv.py
[2026-07-03T21:04:46.605+0000] {processor.py:914} INFO - Processing file /opt/airflow/dags/01_load_csv.py for tasks to queue
[2026-07-03T21:04:46.607+0000] {logging_mixin.py:190} INFO - [2026-07-03T21:04:46.606+0000] {dagbag.py:588} INFO - Filling up the DagBag from /opt/airflow/dags/01_load_csv.py
[2026-07-03T21:04:46.630+0000] {processor.py:925} INFO - DAG(s) '01_load_csv' retrieved from /opt/airflow/dags/01_load_csv.py
[2026-07-03T21:04:46.678+0000] {logging_mixin.py:190} INFO - [2026-07-03T21:04:46.678+0000] {dag.py:3239} INFO - Sync 1 DAGs
[2026-07-03T21:04:46.701+0000] {logging_mixin.py:190} INFO - [2026-07-03T21:04:46.700+0000] {dag.py:4180} INFO - Setting next_dagrun for 01_load_csv to None, run_after=None
[2026-07-03T21:04:46.730+0000] {processor.py:208} INFO - Processing /opt/airflow/dags/01_load_csv.py took 0.136 seconds
[2026-07-03T21:05:17.049+0000] {processor.py:186} INFO - Started process (PID=589) to work on /opt/airflow/dags/01_load_csv.py
[2026-07-03T21:05:17.054+0000] {processor.py:914} INFO - Processing file /opt/airflow/dags/01_load_csv.py for tasks to queue
[2026-07-03T21:05:17.062+0000] {logging_mixin.py:190} INFO - [2026-07-03T21:05:17.058+0000] {dagbag.py:588} INFO - Filling up the DagBag from /opt/airflow/dags/01_load_csv.py
[2026-07-03T21:05:17.083+0000] {processor.py:925} INFO - DAG(s) '01_load_csv' retrieved from /opt/airflow/dags/01_load_csv.py
[2026-07-03T21:05:17.127+0000] {logging_mixin.py:190} INFO - [2026-07-03T21:05:17.127+0000] {dag.py:3239} INFO - Sync 1 DAGs
[2026-07-03T21:05:17.148+0000] {logging_mixin.py:190} INFO - [2026-07-03T21:05:17.147+0000] {dag.py:4180} INFO - Setting next_dagrun for 01_load_csv to None, run_after=None
[2026-07-03T21:05:17.170+0000] {processor.py:208} INFO - Processing /opt/airflow/dags/01_load_csv.py took 0.170 seconds
[2026-07-03T21:05:47.513+0000] {processor.py:186} INFO - Started process (PID=595) to work on /opt/airflow/dags/01_load_csv.py
[2026-07-03T21:05:47.515+0000] {processor.py:914} INFO - Processing file /opt/airflow/dags/01_load_csv.py for tasks to queue
[2026-07-03T21:05:47.519+0000] {logging_mixin.py:190} INFO - [2026-07-03T21:05:47.518+0000] {dagbag.py:588} INFO - Filling up the DagBag from /opt/airflow/dags/01_load_csv.py
[2026-07-03T21:05:47.539+0000] {processor.py:925} INFO - DAG(s) '01_load_csv' retrieved from /opt/airflow/dags/01_load_csv.py
[2026-07-03T21:05:47.584+0000] {logging_mixin.py:190} INFO - [2026-07-03T21:05:47.583+0000] {dag.py:3239} INFO - Sync 1 DAGs
[2026-07-03T21:05:47.605+0000] {logging_mixin.py:190} INFO - [2026-07-03T21:05:47.605+0000] {dag.py:4180} INFO - Setting next_dagrun for 01_load_csv to None, run_after=None
[2026-07-03T21:05:47.630+0000] {processor.py:208} INFO - Processing /opt/airflow/dags/01_load_csv.py took 0.139 seconds
[2026-07-03T21:06:17.989+0000] {processor.py:186} INFO - Started process (PID=600) to work on /opt/airflow/dags/01_load_csv.py
[2026-07-03T21:06:17.993+0000] {processor.py:914} INFO - Processing file /opt/airflow/dags/01_load_csv.py for tasks to queue
[2026-07-03T21:06:17.999+0000] {logging_mixin.py:190} INFO - [2026-07-03T21:06:17.997+0000] {dagbag.py:588} INFO - Filling up the DagBag from /opt/airflow/dags/01_load_csv.py
[2026-07-03T21:06:18.042+0000] {processor.py:925} INFO - DAG(s) '01_load_csv' retrieved from /opt/airflow/dags/01_load_csv.py
[2026-07-03T21:06:18.101+0000] {logging_mixin.py:190} INFO - [2026-07-03T21:06:18.101+0000] {dag.py:3239} INFO - Sync 1 DAGs
[2026-07-03T21:06:18.127+0000] {logging_mixin.py:190} INFO - [2026-07-03T21:06:18.127+0000] {dag.py:4180} INFO - Setting next_dagrun for 01_load_csv to None, run_after=None
[2026-07-03T21:06:18.156+0000] {processor.py:208} INFO - Processing /opt/airflow/dags/01_load_csv.py took 0.216 seconds
[2026-07-03T21:06:48.355+0000] {processor.py:186} INFO - Started process (PID=605) to work on /opt/airflow/dags/01_load_csv.py
[2026-07-03T21:06:48.357+0000] {processor.py:914} INFO - Processing file /opt/airflow/dags/01_load_csv.py for tasks to queue
[2026-07-03T21:06:48.361+0000] {logging_mixin.py:190} INFO - [2026-07-03T21:06:48.360+0000] {dagbag.py:588} INFO - Filling up the DagBag from /opt/airflow/dags/01_load_csv.py
[2026-07-03T21:06:48.387+0000] {processor.py:925} INFO - DAG(s) '01_load_csv' retrieved from /opt/airflow/dags/01_load_csv.py
[2026-07-03T21:06:48.459+0000] {logging_mixin.py:190} INFO - [2026-07-03T21:06:48.459+0000] {dag.py:3239} INFO - Sync 1 DAGs
[2026-07-03T21:06:48.503+0000] {logging_mixin.py:190} INFO - [2026-07-03T21:06:48.502+0000] {dag.py:4180} INFO - Setting next_dagrun for 01_load_csv to None, run_after=None
[2026-07-03T21:06:48.721+0000] {processor.py:208} INFO - Processing /opt/airflow/dags/01_load_csv.py took 0.377 seconds
[2026-07-03T21:07:18.986+0000] {processor.py:186} INFO - Started process (PID=610) to work on /opt/airflow/dags/01_load_csv.py
[2026-07-03T21:07:18.990+0000] {processor.py:914} INFO - Processing file /opt/airflow/dags/01_load_csv.py for tasks to queue
[2026-07-03T21:07:18.994+0000] {logging_mixin.py:190} INFO - [2026-07-03T21:07:18.991+0000] {dagbag.py:588} INFO - Filling up the DagBag from /opt/airflow/dags/01_load_csv.py
[2026-07-03T21:07:19.027+0000] {processor.py:925} INFO - DAG(s) '01_load_csv' retrieved from /opt/airflow/dags/01_load_csv.py
[2026-07-03T21:07:19.157+0000] {logging_mixin.py:190} INFO - [2026-07-03T21:07:19.157+0000] {dag.py:3239} INFO - Sync 1 DAGs
[2026-07-03T21:07:19.285+0000] {logging_mixin.py:190} INFO - [2026-07-03T21:07:19.284+0000] {dag.py:4180} INFO - Setting next_dagrun for 01_load_csv to None, run_after=None
[2026-07-03T21:07:19.314+0000] {processor.py:208} INFO - Processing /opt/airflow/dags/01_load_csv.py took 0.437 seconds
[2026-07-03T21:07:49.420+0000] {processor.py:186} INFO - Started process (PID=615) to work on /opt/airflow/dags/01_load_csv.py
[2026-07-03T21:07:49.427+0000] {processor.py:914} INFO - Processing file /opt/airflow/dags/01_load_csv.py for tasks to queue
[2026-07-03T21:07:49.433+0000] {logging_mixin.py:190} INFO - [2026-07-03T21:07:49.432+0000] {dagbag.py:588} INFO - Filling up the DagBag from /opt/airflow/dags/01_load_csv.py
[2026-07-03T21:07:49.477+0000] {processor.py:925} INFO - DAG(s) '01_load_csv' retrieved from /opt/airflow/dags/01_load_csv.py
[2026-07-03T21:07:49.537+0000] {logging_mixin.py:190} INFO - [2026-07-03T21:07:49.536+0000] {dag.py:3239} INFO - Sync 1 DAGs
[2026-07-03T21:07:49.561+0000] {logging_mixin.py:190} INFO - [2026-07-03T21:07:49.561+0000] {dag.py:4180} INFO - Setting next_dagrun for 01_load_csv to None, run_after=None
[2026-07-03T21:07:49.583+0000] {processor.py:208} INFO - Processing /opt/airflow/dags/01_load_csv.py took 0.199 seconds
[2026-07-03T21:08:19.829+0000] {processor.py:186} INFO - Started process (PID=620) to work on /opt/airflow/dags/01_load_csv.py
[2026-07-03T21:08:19.831+0000] {processor.py:914} INFO - Processing file /opt/airflow/dags/01_load_csv.py for tasks to queue
[2026-07-03T21:08:19.835+0000] {logging_mixin.py:190} INFO - [2026-07-03T21:08:19.834+0000] {dagbag.py:588} INFO - Filling up the DagBag from /opt/airflow/dags/01_load_csv.py
[2026-07-03T21:08:19.864+0000] {processor.py:925} INFO - DAG(s) '01_load_csv' retrieved from /opt/airflow/dags/01_load_csv.py
[2026-07-03T21:08:19.931+0000] {logging_mixin.py:190} INFO - [2026-07-03T21:08:19.930+0000] {dag.py:3239} INFO - Sync 1 DAGs
[2026-07-03T21:08:19.967+0000] {logging_mixin.py:190} INFO - [2026-07-03T21:08:19.967+0000] {dag.py:4180} INFO - Setting next_dagrun for 01_load_csv to None, run_after=None
[2026-07-03T21:08:20.003+0000] {processor.py:208} INFO - Processing /opt/airflow/dags/01_load_csv.py took 0.240 seconds
[2026-07-03T21:08:50.214+0000] {processor.py:186} INFO - Started process (PID=625) to work on /opt/airflow/dags/01_load_csv.py
[2026-07-03T21:08:50.216+0000] {processor.py:914} INFO - Processing file /opt/airflow/dags/01_load_csv.py for tasks to queue
[2026-07-03T21:08:50.218+0000] {logging_mixin.py:190} INFO - [2026-07-03T21:08:50.217+0000] {dagbag.py:588} INFO - Filling up the DagBag from /opt/airflow/dags/01_load_csv.py
[2026-07-03T21:08:50.236+0000] {processor.py:925} INFO - DAG(s) '01_load_csv' retrieved from /opt/airflow/dags/01_load_csv.py
[2026-07-03T21:08:50.282+0000] {logging_mixin.py:190} INFO - [2026-07-03T21:08:50.281+0000] {dag.py:3239} INFO - Sync 1 DAGs
[2026-07-03T21:08:50.302+0000] {logging_mixin.py:190} INFO - [2026-07-03T21:08:50.302+0000] {dag.py:4180} INFO - Setting next_dagrun for 01_load_csv to None, run_after=None
[2026-07-03T21:08:50.328+0000] {processor.py:208} INFO - Processing /opt/airflow/dags/01_load_csv.py took 0.133 seconds
[2026-07-03T21:10:40.043+0000] {processor.py:186} INFO - Started process (PID=203) to work on /opt/airflow/dags/01_load_csv.py
[2026-07-03T21:10:40.066+0000] {processor.py:914} INFO - Processing file /opt/airflow/dags/01_load_csv.py for tasks to queue
[2026-07-03T21:10:40.069+0000] {logging_mixin.py:190} INFO - [2026-07-03T21:10:40.068+0000] {dagbag.py:588} INFO - Filling up the DagBag from /opt/airflow/dags/01_load_csv.py
[2026-07-03T21:10:40.351+0000] {processor.py:925} INFO - DAG(s) '01_load_csv' retrieved from /opt/airflow/dags/01_load_csv.py
[2026-07-03T21:10:40.679+0000] {logging_mixin.py:190} INFO - [2026-07-03T21:10:40.678+0000] {override.py:1911} INFO - Created Permission View: can edit on DAG:01_load_csv
[2026-07-03T21:10:40.710+0000] {logging_mixin.py:190} INFO - [2026-07-03T21:10:40.709+0000] {override.py:1911} INFO - Created Permission View: can delete on DAG:01_load_csv
[2026-07-03T21:10:40.725+0000] {logging_mixin.py:190} INFO - [2026-07-03T21:10:40.725+0000] {override.py:1911} INFO - Created Permission View: can read on DAG:01_load_csv
[2026-07-03T21:10:40.734+0000] {logging_mixin.py:190} INFO - [2026-07-03T21:10:40.732+0000] {override.py:1911} INFO - Created Permission View: can delete on DAG Run:01_load_csv
[2026-07-03T21:10:40.746+0000] {logging_mixin.py:190} INFO - [2026-07-03T21:10:40.745+0000] {override.py:1911} INFO - Created Permission View: can create on DAG Run:01_load_csv
[2026-07-03T21:10:40.759+0000] {logging_mixin.py:190} INFO - [2026-07-03T21:10:40.758+0000] {override.py:1911} INFO - Created Permission View: menu access on DAG Run:01_load_csv
[2026-07-03T21:10:40.768+0000] {logging_mixin.py:190} INFO - [2026-07-03T21:10:40.767+0000] {override.py:1911} INFO - Created Permission View: can read on DAG Run:01_load_csv
[2026-07-03T21:10:40.768+0000] {logging_mixin.py:190} INFO - [2026-07-03T21:10:40.768+0000] {dag.py:3239} INFO - Sync 1 DAGs
[2026-07-03T21:10:40.795+0000] {logging_mixin.py:190} INFO - [2026-07-03T21:10:40.795+0000] {dag.py:3262} INFO - Creating ORM DAG for 01_load_csv
[2026-07-03T21:10:40.796+0000] {logging_mixin.py:190} INFO - [2026-07-03T21:10:40.796+0000] {dag.py:4180} INFO - Setting next_dagrun for 01_load_csv to None, run_after=None
[2026-07-03T21:10:40.828+0000] {processor.py:208} INFO - Processing /opt/airflow/dags/01_load_csv.py took 0.799 seconds
[2026-07-03T21:11:11.161+0000] {processor.py:186} INFO - Started process (PID=214) to work on /opt/airflow/dags/01_load_csv.py
[2026-07-03T21:11:11.185+0000] {processor.py:914} INFO - Processing file /opt/airflow/dags/01_load_csv.py for tasks to queue
[2026-07-03T21:11:11.190+0000] {logging_mixin.py:190} INFO - [2026-07-03T21:11:11.189+0000] {dagbag.py:588} INFO - Filling up the DagBag from /opt/airflow/dags/01_load_csv.py
[2026-07-03T21:11:11.257+0000] {processor.py:925} INFO - DAG(s) '01_load_csv' retrieved from /opt/airflow/dags/01_load_csv.py
[2026-07-03T21:11:11.314+0000] {logging_mixin.py:190} INFO - [2026-07-03T21:11:11.314+0000] {dag.py:3239} INFO - Sync 1 DAGs
[2026-07-03T21:11:11.340+0000] {logging_mixin.py:190} INFO - [2026-07-03T21:11:11.339+0000] {dag.py:4180} INFO - Setting next_dagrun for 01_load_csv to None, run_after=None
[2026-07-03T21:11:11.384+0000] {processor.py:208} INFO - Processing /opt/airflow/dags/01_load_csv.py took 0.237 seconds
[2026-07-03T21:11:41.779+0000] {processor.py:186} INFO - Started process (PID=240) to work on /opt/airflow/dags/01_load_csv.py
[2026-07-03T21:11:41.780+0000] {processor.py:914} INFO - Processing file /opt/airflow/dags/01_load_csv.py for tasks to queue
[2026-07-03T21:11:41.784+0000] {logging_mixin.py:190} INFO - [2026-07-03T21:11:41.783+0000] {dagbag.py:588} INFO - Filling up the DagBag from /opt/airflow/dags/01_load_csv.py
[2026-07-03T21:11:41.810+0000] {processor.py:925} INFO - DAG(s) '01_load_csv' retrieved from /opt/airflow/dags/01_load_csv.py
[2026-07-03T21:11:41.904+0000] {logging_mixin.py:190} INFO - [2026-07-03T21:11:41.904+0000] {dag.py:3239} INFO - Sync 1 DAGs
[2026-07-03T21:11:41.953+0000] {logging_mixin.py:190} INFO - [2026-07-03T21:11:41.952+0000] {dag.py:4180} INFO - Setting next_dagrun for 01_load_csv to None, run_after=None
[2026-07-03T21:11:41.991+0000] {processor.py:208} INFO - Processing /opt/airflow/dags/01_load_csv.py took 0.225 seconds
[2026-07-03T21:12:12.267+0000] {processor.py:186} INFO - Started process (PID=245) to work on /opt/airflow/dags/01_load_csv.py
[2026-07-03T21:12:12.271+0000] {processor.py:914} INFO - Processing file /opt/airflow/dags/01_load_csv.py for tasks to queue
[2026-07-03T21:12:12.285+0000] {logging_mixin.py:190} INFO - [2026-07-03T21:12:12.284+0000] {dagbag.py:588} INFO - Filling up the DagBag from /opt/airflow/dags/01_load_csv.py
[2026-07-03T21:12:12.317+0000] {processor.py:925} INFO - DAG(s) '01_load_csv' retrieved from /opt/airflow/dags/01_load_csv.py
[2026-07-03T21:12:12.401+0000] {logging_mixin.py:190} INFO - [2026-07-03T21:12:12.400+0000] {dag.py:3239} INFO - Sync 1 DAGs
[2026-07-03T21:12:12.434+0000] {logging_mixin.py:190} INFO - [2026-07-03T21:12:12.433+0000] {dag.py:4180} INFO - Setting next_dagrun for 01_load_csv to None, run_after=None
[2026-07-03T21:12:12.463+0000] {processor.py:208} INFO - Processing /opt/airflow/dags/01_load_csv.py took 0.240 seconds
[2026-07-03T21:16:49.270+0000] {processor.py:186} INFO - Started process (PID=163) to work on /opt/airflow/dags/01_load_csv.py
[2026-07-03T21:16:49.276+0000] {processor.py:914} INFO - Processing file /opt/airflow/dags/01_load_csv.py for tasks to queue
[2026-07-03T21:16:49.281+0000] {logging_mixin.py:190} INFO - [2026-07-03T21:16:49.281+0000] {dagbag.py:588} INFO - Filling up the DagBag from /opt/airflow/dags/01_load_csv.py
[2026-07-03T21:16:49.347+0000] {processor.py:925} INFO - DAG(s) '01_load_csv' retrieved from /opt/airflow/dags/01_load_csv.py
[2026-07-03T21:16:50.088+0000] {logging_mixin.py:190} INFO - [2026-07-03T21:16:50.086+0000] {override.py:1911} INFO - Created Permission View: can edit on DAG:01_load_csv
[2026-07-03T21:16:50.122+0000] {logging_mixin.py:190} INFO - [2026-07-03T21:16:50.120+0000] {override.py:1911} INFO - Created Permission View: can delete on DAG:01_load_csv
[2026-07-03T21:16:50.147+0000] {logging_mixin.py:190} INFO - [2026-07-03T21:16:50.146+0000] {override.py:1911} INFO - Created Permission View: can read on DAG:01_load_csv
[2026-07-03T21:16:50.175+0000] {logging_mixin.py:190} INFO - [2026-07-03T21:16:50.171+0000] {override.py:1911} INFO - Created Permission View: can delete on DAG Run:01_load_csv
[2026-07-03T21:16:50.193+0000] {logging_mixin.py:190} INFO - [2026-07-03T21:16:50.193+0000] {override.py:1911} INFO - Created Permission View: can read on DAG Run:01_load_csv
[2026-07-03T21:16:50.208+0000] {logging_mixin.py:190} INFO - [2026-07-03T21:16:50.208+0000] {override.py:1911} INFO - Created Permission View: can create on DAG Run:01_load_csv
[2026-07-03T21:16:50.225+0000] {logging_mixin.py:190} INFO - [2026-07-03T21:16:50.224+0000] {override.py:1911} INFO - Created Permission View: menu access on DAG Run:01_load_csv
[2026-07-03T21:16:50.228+0000] {logging_mixin.py:190} INFO - [2026-07-03T21:16:50.226+0000] {dag.py:3239} INFO - Sync 1 DAGs
[2026-07-03T21:16:50.281+0000] {logging_mixin.py:190} INFO - [2026-07-03T21:16:50.280+0000] {dag.py:3262} INFO - Creating ORM DAG for 01_load_csv
[2026-07-03T21:16:50.285+0000] {logging_mixin.py:190} INFO - [2026-07-03T21:16:50.284+0000] {dag.py:4180} INFO - Setting next_dagrun for 01_load_csv to None, run_after=None
[2026-07-03T21:16:50.325+0000] {processor.py:208} INFO - Processing /opt/airflow/dags/01_load_csv.py took 1.098 seconds
[2026-07-03T21:17:20.663+0000] {processor.py:186} INFO - Started process (PID=168) to work on /opt/airflow/dags/01_load_csv.py
[2026-07-03T21:17:20.665+0000] {processor.py:914} INFO - Processing file /opt/airflow/dags/01_load_csv.py for tasks to queue
[2026-07-03T21:17:20.667+0000] {logging_mixin.py:190} INFO - [2026-07-03T21:17:20.667+0000] {dagbag.py:588} INFO - Filling up the DagBag from /opt/airflow/dags/01_load_csv.py
[2026-07-03T21:17:20.682+0000] {processor.py:925} INFO - DAG(s) '01_load_csv' retrieved from /opt/airflow/dags/01_load_csv.py
[2026-07-03T21:17:20.729+0000] {logging_mixin.py:190} INFO - [2026-07-03T21:17:20.729+0000] {dag.py:3239} INFO - Sync 1 DAGs
[2026-07-03T21:17:20.754+0000] {logging_mixin.py:190} INFO - [2026-07-03T21:17:20.753+0000] {dag.py:4180} INFO - Setting next_dagrun for 01_load_csv to None, run_after=None
[2026-07-03T21:17:20.789+0000] {processor.py:208} INFO - Processing /opt/airflow/dags/01_load_csv.py took 0.137 seconds
[2026-07-03T21:17:51.113+0000] {processor.py:186} INFO - Started process (PID=173) to work on /opt/airflow/dags/01_load_csv.py
[2026-07-03T21:17:51.114+0000] {processor.py:914} INFO - Processing file /opt/airflow/dags/01_load_csv.py for tasks to queue
[2026-07-03T21:17:51.117+0000] {logging_mixin.py:190} INFO - [2026-07-03T21:17:51.116+0000] {dagbag.py:588} INFO - Filling up the DagBag from /opt/airflow/dags/01_load_csv.py
[2026-07-03T21:17:51.161+0000] {processor.py:925} INFO - DAG(s) '01_load_csv' retrieved from /opt/airflow/dags/01_load_csv.py
[2026-07-03T21:17:51.246+0000] {logging_mixin.py:190} INFO - [2026-07-03T21:17:51.246+0000] {dag.py:3239} INFO - Sync 1 DAGs
[2026-07-03T21:17:51.269+0000] {logging_mixin.py:190} INFO - [2026-07-03T21:17:51.269+0000] {dag.py:4180} INFO - Setting next_dagrun for 01_load_csv to None, run_after=None
[2026-07-03T21:17:51.298+0000] {processor.py:208} INFO - Processing /opt/airflow/dags/01_load_csv.py took 0.197 seconds
[2026-07-03T21:18:21.476+0000] {processor.py:186} INFO - Started process (PID=178) to work on /opt/airflow/dags/01_load_csv.py
[2026-07-03T21:18:21.482+0000] {processor.py:914} INFO - Processing file /opt/airflow/dags/01_load_csv.py for tasks to queue
[2026-07-03T21:18:21.489+0000] {logging_mixin.py:190} INFO - [2026-07-03T21:18:21.488+0000] {dagbag.py:588} INFO - Filling up the DagBag from /opt/airflow/dags/01_load_csv.py
[2026-07-03T21:18:21.522+0000] {processor.py:925} INFO - DAG(s) '01_load_csv' retrieved from /opt/airflow/dags/01_load_csv.py
[2026-07-03T21:18:21.571+0000] {logging_mixin.py:190} INFO - [2026-07-03T21:18:21.571+0000] {dag.py:3239} INFO - Sync 1 DAGs
[2026-07-03T21:18:21.597+0000] {logging_mixin.py:190} INFO - [2026-07-03T21:18:21.597+0000] {dag.py:4180} INFO - Setting next_dagrun for 01_load_csv to None, run_after=None
[2026-07-03T21:18:21.619+0000] {processor.py:208} INFO - Processing /opt/airflow/dags/01_load_csv.py took 0.189 seconds
[2026-07-03T21:18:51.867+0000] {processor.py:186} INFO - Started process (PID=183) to work on /opt/airflow/dags/01_load_csv.py
[2026-07-03T21:18:51.871+0000] {processor.py:914} INFO - Processing file /opt/airflow/dags/01_load_csv.py for tasks to queue
[2026-07-03T21:18:51.880+0000] {logging_mixin.py:190} INFO - [2026-07-03T21:18:51.878+0000] {dagbag.py:588} INFO - Filling up the DagBag from /opt/airflow/dags/01_load_csv.py
[2026-07-03T21:18:51.921+0000] {processor.py:925} INFO - DAG(s) '01_load_csv' retrieved from /opt/airflow/dags/01_load_csv.py
[2026-07-03T21:18:51.986+0000] {logging_mixin.py:190} INFO - [2026-07-03T21:18:51.986+0000] {dag.py:3239} INFO - Sync 1 DAGs
[2026-07-03T21:18:52.012+0000] {logging_mixin.py:190} INFO - [2026-07-03T21:18:52.011+0000] {dag.py:4180} INFO - Setting next_dagrun for 01_load_csv to None, run_after=None
[2026-07-03T21:18:52.040+0000] {processor.py:208} INFO - Processing /opt/airflow/dags/01_load_csv.py took 0.204 seconds
[2026-07-03T21:21:19.449+0000] {processor.py:186} INFO - Started process (PID=163) to work on /opt/airflow/dags/01_load_csv.py
[2026-07-03T21:21:19.457+0000] {processor.py:914} INFO - Processing file /opt/airflow/dags/01_load_csv.py for tasks to queue
[2026-07-03T21:21:19.472+0000] {logging_mixin.py:190} INFO - [2026-07-03T21:21:19.471+0000] {dagbag.py:588} INFO - Filling up the DagBag from /opt/airflow/dags/01_load_csv.py
[2026-07-03T21:21:19.592+0000] {processor.py:925} INFO - DAG(s) '01_load_csv' retrieved from /opt/airflow/dags/01_load_csv.py
[2026-07-03T21:21:20.916+0000] {logging_mixin.py:190} INFO - [2026-07-03T21:21:20.915+0000] {override.py:1911} INFO - Created Permission View: can edit on DAG:01_load_csv
[2026-07-03T21:21:20.942+0000] {logging_mixin.py:190} INFO - [2026-07-03T21:21:20.941+0000] {override.py:1911} INFO - Created Permission View: can read on DAG:01_load_csv
[2026-07-03T21:21:20.955+0000] {logging_mixin.py:190} INFO - [2026-07-03T21:21:20.954+0000] {override.py:1911} INFO - Created Permission View: can delete on DAG:01_load_csv
[2026-07-03T21:21:20.979+0000] {logging_mixin.py:190} INFO - [2026-07-03T21:21:20.979+0000] {override.py:1911} INFO - Created Permission View: menu access on DAG Run:01_load_csv
[2026-07-03T21:21:20.991+0000] {logging_mixin.py:190} INFO - [2026-07-03T21:21:20.991+0000] {override.py:1911} INFO - Created Permission View: can create on DAG Run:01_load_csv
[2026-07-03T21:21:21.040+0000] {logging_mixin.py:190} INFO - [2026-07-03T21:21:21.040+0000] {override.py:1911} INFO - Created Permission View: can read on DAG Run:01_load_csv
[2026-07-03T21:21:21.063+0000] {logging_mixin.py:190} INFO - [2026-07-03T21:21:21.063+0000] {override.py:1911} INFO - Created Permission View: can delete on DAG Run:01_load_csv
[2026-07-03T21:21:21.065+0000] {logging_mixin.py:190} INFO - [2026-07-03T21:21:21.065+0000] {dag.py:3239} INFO - Sync 1 DAGs
[2026-07-03T21:21:21.129+0000] {logging_mixin.py:190} INFO - [2026-07-03T21:21:21.128+0000] {dag.py:3262} INFO - Creating ORM DAG for 01_load_csv
[2026-07-03T21:21:21.133+0000] {logging_mixin.py:190} INFO - [2026-07-03T21:21:21.130+0000] {dag.py:4180} INFO - Setting next_dagrun for 01_load_csv to None, run_after=None
[2026-07-03T21:21:21.207+0000] {processor.py:208} INFO - Processing /opt/airflow/dags/01_load_csv.py took 1.779 seconds
[2026-07-03T21:21:51.509+0000] {processor.py:186} INFO - Started process (PID=168) to work on /opt/airflow/dags/01_load_csv.py
[2026-07-03T21:21:51.511+0000] {processor.py:914} INFO - Processing file /opt/airflow/dags/01_load_csv.py for tasks to queue
[2026-07-03T21:21:51.514+0000] {logging_mixin.py:190} INFO - [2026-07-03T21:21:51.514+0000] {dagbag.py:588} INFO - Filling up the DagBag from /opt/airflow/dags/01_load_csv.py
[2026-07-03T21:21:51.542+0000] {processor.py:925} INFO - DAG(s) '01_load_csv' retrieved from /opt/airflow/dags/01_load_csv.py
[2026-07-03T21:21:51.617+0000] {logging_mixin.py:190} INFO - [2026-07-03T21:21:51.617+0000] {dag.py:3239} INFO - Sync 1 DAGs
[2026-07-03T21:21:51.651+0000] {logging_mixin.py:190} INFO - [2026-07-03T21:21:51.650+0000] {dag.py:4180} INFO - Setting next_dagrun for 01_load_csv to None, run_after=None
[2026-07-03T21:21:51.694+0000] {processor.py:208} INFO - Processing /opt/airflow/dags/01_load_csv.py took 0.199 seconds
[2026-07-03T21:22:21.841+0000] {processor.py:186} INFO - Started process (PID=173) to work on /opt/airflow/dags/01_load_csv.py
[2026-07-03T21:22:21.843+0000] {processor.py:914} INFO - Processing file /opt/airflow/dags/01_load_csv.py for tasks to queue
[2026-07-03T21:22:21.848+0000] {logging_mixin.py:190} INFO - [2026-07-03T21:22:21.847+0000] {dagbag.py:588} INFO - Filling up the DagBag from /opt/airflow/dags/01_load_csv.py
[2026-07-03T21:22:21.885+0000] {processor.py:925} INFO - DAG(s) '01_load_csv' retrieved from /opt/airflow/dags/01_load_csv.py
[2026-07-03T21:22:22.067+0000] {logging_mixin.py:190} INFO - [2026-07-03T21:22:22.067+0000] {dag.py:3239} INFO - Sync 1 DAGs
[2026-07-03T21:22:22.095+0000] {logging_mixin.py:190} INFO - [2026-07-03T21:22:22.094+0000] {dag.py:4180} INFO - Setting next_dagrun for 01_load_csv to None, run_after=None
[2026-07-03T21:22:22.133+0000] {processor.py:208} INFO - Processing /opt/airflow/dags/01_load_csv.py took 0.308 seconds
[2026-07-03T21:22:52.351+0000] {processor.py:186} INFO - Started process (PID=178) to work on /opt/airflow/dags/01_load_csv.py
[2026-07-03T21:22:52.353+0000] {processor.py:914} INFO - Processing file /opt/airflow/dags/01_load_csv.py for tasks to queue
[2026-07-03T21:22:52.357+0000] {logging_mixin.py:190} INFO - [2026-07-03T21:22:52.356+0000] {dagbag.py:588} INFO - Filling up the DagBag from /opt/airflow/dags/01_load_csv.py
[2026-07-03T21:22:52.382+0000] {processor.py:925} INFO - DAG(s) '01_load_csv' retrieved from /opt/airflow/dags/01_load_csv.py
[2026-07-03T21:22:52.420+0000] {logging_mixin.py:190} INFO - [2026-07-03T21:22:52.420+0000] {dag.py:3239} INFO - Sync 1 DAGs
[2026-07-03T21:22:52.439+0000] {logging_mixin.py:190} INFO - [2026-07-03T21:22:52.439+0000] {dag.py:4180} INFO - Setting next_dagrun for 01_load_csv to None, run_after=None
[2026-07-03T21:22:52.465+0000] {processor.py:208} INFO - Processing /opt/airflow/dags/01_load_csv.py took 0.128 seconds
[2026-07-03T21:25:33.902+0000] {processor.py:186} INFO - Started process (PID=163) to work on /opt/airflow/dags/01_load_csv.py
[2026-07-03T21:25:33.904+0000] {processor.py:914} INFO - Processing file /opt/airflow/dags/01_load_csv.py for tasks to queue
[2026-07-03T21:25:33.910+0000] {logging_mixin.py:190} INFO - [2026-07-03T21:25:33.910+0000] {dagbag.py:588} INFO - Filling up the DagBag from /opt/airflow/dags/01_load_csv.py
[2026-07-03T21:25:34.054+0000] {processor.py:925} INFO - DAG(s) '01_load_csv' retrieved from /opt/airflow/dags/01_load_csv.py
[2026-07-03T21:25:34.851+0000] {logging_mixin.py:190} INFO - [2026-07-03T21:25:34.850+0000] {override.py:1911} INFO - Created Permission View: can read on DAG:01_load_csv
[2026-07-03T21:25:34.873+0000] {logging_mixin.py:190} INFO - [2026-07-03T21:25:34.870+0000] {override.py:1911} INFO - Created Permission View: can delete on DAG:01_load_csv
[2026-07-03T21:25:34.884+0000] {logging_mixin.py:190} INFO - [2026-07-03T21:25:34.883+0000] {override.py:1911} INFO - Created Permission View: can edit on DAG:01_load_csv
[2026-07-03T21:25:34.926+0000] {logging_mixin.py:190} INFO - [2026-07-03T21:25:34.926+0000] {override.py:1911} INFO - Created Permission View: can read on DAG Run:01_load_csv
[2026-07-03T21:25:34.935+0000] {logging_mixin.py:190} INFO - [2026-07-03T21:25:34.935+0000] {override.py:1911} INFO - Created Permission View: menu access on DAG Run:01_load_csv
[2026-07-03T21:25:34.942+0000] {logging_mixin.py:190} INFO - [2026-07-03T21:25:34.942+0000] {override.py:1911} INFO - Created Permission View: can create on DAG Run:01_load_csv
[2026-07-03T21:25:34.952+0000] {logging_mixin.py:190} INFO - [2026-07-03T21:25:34.951+0000] {override.py:1911} INFO - Created Permission View: can delete on DAG Run:01_load_csv
[2026-07-03T21:25:34.953+0000] {logging_mixin.py:190} INFO - [2026-07-03T21:25:34.952+0000] {dag.py:3239} INFO - Sync 1 DAGs
[2026-07-03T21:25:34.996+0000] {logging_mixin.py:190} INFO - [2026-07-03T21:25:34.996+0000] {dag.py:3262} INFO - Creating ORM DAG for 01_load_csv
[2026-07-03T21:25:35.002+0000] {logging_mixin.py:190} INFO - [2026-07-03T21:25:35.001+0000] {dag.py:4180} INFO - Setting next_dagrun for 01_load_csv to None, run_after=None
[2026-07-03T21:25:35.055+0000] {processor.py:208} INFO - Processing /opt/airflow/dags/01_load_csv.py took 1.171 seconds
[2026-07-03T21:26:05.293+0000] {processor.py:186} INFO - Started process (PID=168) to work on /opt/airflow/dags/01_load_csv.py
[2026-07-03T21:26:05.297+0000] {processor.py:914} INFO - Processing file /opt/airflow/dags/01_load_csv.py for tasks to queue
[2026-07-03T21:26:05.309+0000] {logging_mixin.py:190} INFO - [2026-07-03T21:26:05.306+0000] {dagbag.py:588} INFO - Filling up the DagBag from /opt/airflow/dags/01_load_csv.py
[2026-07-03T21:26:05.374+0000] {processor.py:925} INFO - DAG(s) '01_load_csv' retrieved from /opt/airflow/dags/01_load_csv.py
[2026-07-03T21:26:05.466+0000] {logging_mixin.py:190} INFO - [2026-07-03T21:26:05.466+0000] {dag.py:3239} INFO - Sync 1 DAGs
[2026-07-03T21:26:05.508+0000] {logging_mixin.py:190} INFO - [2026-07-03T21:26:05.508+0000] {dag.py:4180} INFO - Setting next_dagrun for 01_load_csv to None, run_after=None
[2026-07-03T21:26:05.536+0000] {processor.py:208} INFO - Processing /opt/airflow/dags/01_load_csv.py took 0.272 seconds
[2026-07-03T21:26:35.694+0000] {processor.py:186} INFO - Started process (PID=173) to work on /opt/airflow/dags/01_load_csv.py
[2026-07-03T21:26:35.696+0000] {processor.py:914} INFO - Processing file /opt/airflow/dags/01_load_csv.py for tasks to queue
[2026-07-03T21:26:35.701+0000] {logging_mixin.py:190} INFO - [2026-07-03T21:26:35.700+0000] {dagbag.py:588} INFO - Filling up the DagBag from /opt/airflow/dags/01_load_csv.py
[2026-07-03T21:26:35.723+0000] {processor.py:925} INFO - DAG(s) '01_load_csv' retrieved from /opt/airflow/dags/01_load_csv.py
[2026-07-03T21:26:35.796+0000] {logging_mixin.py:190} INFO - [2026-07-03T21:26:35.796+0000] {dag.py:3239} INFO - Sync 1 DAGs
[2026-07-03T21:26:35.819+0000] {logging_mixin.py:190} INFO - [2026-07-03T21:26:35.819+0000] {dag.py:4180} INFO - Setting next_dagrun for 01_load_csv to None, run_after=None
[2026-07-03T21:26:35.847+0000] {processor.py:208} INFO - Processing /opt/airflow/dags/01_load_csv.py took 0.167 seconds
[2026-07-03T21:27:06.164+0000] {processor.py:186} INFO - Started process (PID=178) to work on /opt/airflow/dags/01_load_csv.py
[2026-07-03T21:27:06.166+0000] {processor.py:914} INFO - Processing file /opt/airflow/dags/01_load_csv.py for tasks to queue
[2026-07-03T21:27:06.170+0000] {logging_mixin.py:190} INFO - [2026-07-03T21:27:06.170+0000] {dagbag.py:588} INFO - Filling up the DagBag from /opt/airflow/dags/01_load_csv.py
[2026-07-03T21:27:06.203+0000] {processor.py:925} INFO - DAG(s) '01_load_csv' retrieved from /opt/airflow/dags/01_load_csv.py
[2026-07-03T21:27:06.279+0000] {logging_mixin.py:190} INFO - [2026-07-03T21:27:06.279+0000] {dag.py:3239} INFO - Sync 1 DAGs
[2026-07-03T21:27:06.305+0000] {logging_mixin.py:190} INFO - [2026-07-03T21:27:06.305+0000] {dag.py:4180} INFO - Setting next_dagrun for 01_load_csv to None, run_after=None
[2026-07-03T21:27:06.329+0000] {processor.py:208} INFO - Processing /opt/airflow/dags/01_load_csv.py took 0.177 seconds
[2026-07-03T21:27:36.601+0000] {processor.py:186} INFO - Started process (PID=183) to work on /opt/airflow/dags/01_load_csv.py
[2026-07-03T21:27:36.605+0000] {processor.py:914} INFO - Processing file /opt/airflow/dags/01_load_csv.py for tasks to queue
[2026-07-03T21:27:36.614+0000] {logging_mixin.py:190} INFO - [2026-07-03T21:27:36.613+0000] {dagbag.py:588} INFO - Filling up the DagBag from /opt/airflow/dags/01_load_csv.py
[2026-07-03T21:27:36.636+0000] {processor.py:925} INFO - DAG(s) '01_load_csv' retrieved from /opt/airflow/dags/01_load_csv.py
[2026-07-03T21:27:36.688+0000] {logging_mixin.py:190} INFO - [2026-07-03T21:27:36.686+0000] {dag.py:3239} INFO - Sync 1 DAGs
[2026-07-03T21:27:36.711+0000] {logging_mixin.py:190} INFO - [2026-07-03T21:27:36.711+0000] {dag.py:4180} INFO - Setting next_dagrun for 01_load_csv to None, run_after=None
[2026-07-03T21:27:36.744+0000] {processor.py:208} INFO - Processing /opt/airflow/dags/01_load_csv.py took 0.171 seconds
[2026-07-03T21:28:07.065+0000] {processor.py:186} INFO - Started process (PID=188) to work on /opt/airflow/dags/01_load_csv.py
[2026-07-03T21:28:07.067+0000] {processor.py:914} INFO - Processing file /opt/airflow/dags/01_load_csv.py for tasks to queue
[2026-07-03T21:28:07.071+0000] {logging_mixin.py:190} INFO - [2026-07-03T21:28:07.069+0000] {dagbag.py:588} INFO - Filling up the DagBag from /opt/airflow/dags/01_load_csv.py
[2026-07-03T21:28:07.084+0000] {processor.py:925} INFO - DAG(s) '01_load_csv' retrieved from /opt/airflow/dags/01_load_csv.py
[2026-07-03T21:28:07.149+0000] {logging_mixin.py:190} INFO - [2026-07-03T21:28:07.149+0000] {dag.py:3239} INFO - Sync 1 DAGs
[2026-07-03T21:28:07.197+0000] {logging_mixin.py:190} INFO - [2026-07-03T21:28:07.196+0000] {dag.py:4180} INFO - Setting next_dagrun for 01_load_csv to None, run_after=None
[2026-07-03T21:28:07.242+0000] {processor.py:208} INFO - Processing /opt/airflow/dags/01_load_csv.py took 0.184 seconds
[2026-07-03T21:28:37.478+0000] {processor.py:186} INFO - Started process (PID=193) to work on /opt/airflow/dags/01_load_csv.py
[2026-07-03T21:28:37.478+0000] {processor.py:914} INFO - Processing file /opt/airflow/dags/01_load_csv.py for tasks to queue
[2026-07-03T21:28:37.481+0000] {logging_mixin.py:190} INFO - [2026-07-03T21:28:37.481+0000] {dagbag.py:588} INFO - Filling up the DagBag from /opt/airflow/dags/01_load_csv.py
[2026-07-03T21:28:37.499+0000] {processor.py:925} INFO - DAG(s) '01_load_csv' retrieved from /opt/airflow/dags/01_load_csv.py
[2026-07-03T21:28:37.565+0000] {logging_mixin.py:190} INFO - [2026-07-03T21:28:37.564+0000] {dag.py:3239} INFO - Sync 1 DAGs
[2026-07-03T21:28:37.612+0000] {logging_mixin.py:190} INFO - [2026-07-03T21:28:37.612+0000] {dag.py:4180} INFO - Setting next_dagrun for 01_load_csv to None, run_after=None
[2026-07-03T21:28:37.660+0000] {processor.py:208} INFO - Processing /opt/airflow/dags/01_load_csv.py took 0.194 seconds
[2026-07-03T21:29:07.972+0000] {processor.py:186} INFO - Started process (PID=198) to work on /opt/airflow/dags/01_load_csv.py
[2026-07-03T21:29:07.976+0000] {processor.py:914} INFO - Processing file /opt/airflow/dags/01_load_csv.py for tasks to queue
[2026-07-03T21:29:07.984+0000] {logging_mixin.py:190} INFO - [2026-07-03T21:29:07.983+0000] {dagbag.py:588} INFO - Filling up the DagBag from /opt/airflow/dags/01_load_csv.py
[2026-07-03T21:29:08.016+0000] {processor.py:925} INFO - DAG(s) '01_load_csv' retrieved from /opt/airflow/dags/01_load_csv.py
[2026-07-03T21:29:08.066+0000] {logging_mixin.py:190} INFO - [2026-07-03T21:29:08.066+0000] {dag.py:3239} INFO - Sync 1 DAGs
[2026-07-03T21:29:08.087+0000] {logging_mixin.py:190} INFO - [2026-07-03T21:29:08.086+0000] {dag.py:4180} INFO - Setting next_dagrun for 01_load_csv to None, run_after=None
[2026-07-03T21:29:08.116+0000] {processor.py:208} INFO - Processing /opt/airflow/dags/01_load_csv.py took 0.171 seconds
