[2026-09-10T02:40:49.170+0000] {processor.py:186} INFO - Started process (PID=208) to work on /opt/airflow/dags/00_hello_world.py
[2026-09-10T02:40:49.171+0000] {processor.py:914} INFO - Processing file /opt/airflow/dags/00_hello_world.py for tasks to queue
[2026-09-10T02:40:49.175+0000] {logging_mixin.py:190} INFO - [2026-09-10T02:40:49.174+0000] {dagbag.py:588} INFO - Filling up the DagBag from /opt/airflow/dags/00_hello_world.py
[2026-09-10T02:40:49.186+0000] {processor.py:925} INFO - DAG(s) '00_hello_world' retrieved from /opt/airflow/dags/00_hello_world.py
[2026-09-10T02:40:49.357+0000] {logging_mixin.py:190} INFO - [2026-09-10T02:40:49.356+0000] {override.py:1911} INFO - Created Permission View: can edit on DAG:00_hello_world
[2026-09-10T02:40:49.369+0000] {logging_mixin.py:190} INFO - [2026-09-10T02:40:49.369+0000] {override.py:1911} INFO - Created Permission View: can delete on DAG:00_hello_world
[2026-09-10T02:40:49.379+0000] {logging_mixin.py:190} INFO - [2026-09-10T02:40:49.378+0000] {override.py:1911} INFO - Created Permission View: can read on DAG:00_hello_world
[2026-09-10T02:40:49.388+0000] {logging_mixin.py:190} INFO - [2026-09-10T02:40:49.387+0000] {override.py:1911} INFO - Created Permission View: can create on DAG Run:00_hello_world
[2026-09-10T02:40:49.396+0000] {logging_mixin.py:190} INFO - [2026-09-10T02:40:49.396+0000] {override.py:1911} INFO - Created Permission View: menu access on DAG Run:00_hello_world
[2026-09-10T02:40:49.405+0000] {logging_mixin.py:190} INFO - [2026-09-10T02:40:49.404+0000] {override.py:1911} INFO - Created Permission View: can delete on DAG Run:00_hello_world
[2026-09-10T02:40:49.414+0000] {logging_mixin.py:190} INFO - [2026-09-10T02:40:49.414+0000] {override.py:1911} INFO - Created Permission View: can read on DAG Run:00_hello_world
[2026-09-10T02:40:49.415+0000] {logging_mixin.py:190} INFO - [2026-09-10T02:40:49.414+0000] {dag.py:3239} INFO - Sync 1 DAGs
[2026-09-10T02:40:49.432+0000] {logging_mixin.py:190} INFO - [2026-09-10T02:40:49.431+0000] {dag.py:3262} INFO - Creating ORM DAG for 00_hello_world
[2026-09-10T02:40:49.433+0000] {logging_mixin.py:190} INFO - [2026-09-10T02:40:49.432+0000] {dag.py:4180} INFO - Setting next_dagrun for 00_hello_world to None, run_after=None
[2026-09-10T02:40:49.455+0000] {processor.py:208} INFO - Processing /opt/airflow/dags/00_hello_world.py took 0.296 seconds
[2026-09-10T02:41:19.965+0000] {processor.py:186} INFO - Started process (PID=256) to work on /opt/airflow/dags/00_hello_world.py
[2026-09-10T02:41:19.967+0000] {processor.py:914} INFO - Processing file /opt/airflow/dags/00_hello_world.py for tasks to queue
[2026-09-10T02:41:19.971+0000] {logging_mixin.py:190} INFO - [2026-09-10T02:41:19.970+0000] {dagbag.py:588} INFO - Filling up the DagBag from /opt/airflow/dags/00_hello_world.py
[2026-09-10T02:41:19.981+0000] {processor.py:925} INFO - DAG(s) '00_hello_world' retrieved from /opt/airflow/dags/00_hello_world.py
[2026-09-10T02:41:20.026+0000] {logging_mixin.py:190} INFO - [2026-09-10T02:41:20.026+0000] {dag.py:3239} INFO - Sync 1 DAGs
[2026-09-10T02:41:20.044+0000] {logging_mixin.py:190} INFO - [2026-09-10T02:41:20.044+0000] {dag.py:4180} INFO - Setting next_dagrun for 00_hello_world to None, run_after=None
[2026-09-10T02:41:20.069+0000] {processor.py:208} INFO - Processing /opt/airflow/dags/00_hello_world.py took 0.113 seconds
[2026-09-10T02:41:50.851+0000] {processor.py:186} INFO - Started process (PID=306) to work on /opt/airflow/dags/00_hello_world.py
[2026-09-10T02:41:50.852+0000] {processor.py:914} INFO - Processing file /opt/airflow/dags/00_hello_world.py for tasks to queue
[2026-09-10T02:41:50.855+0000] {logging_mixin.py:190} INFO - [2026-09-10T02:41:50.854+0000] {dagbag.py:588} INFO - Filling up the DagBag from /opt/airflow/dags/00_hello_world.py
[2026-09-10T02:41:50.863+0000] {processor.py:925} INFO - DAG(s) '00_hello_world' retrieved from /opt/airflow/dags/00_hello_world.py
[2026-09-10T02:41:50.897+0000] {logging_mixin.py:190} INFO - [2026-09-10T02:41:50.897+0000] {dag.py:3239} INFO - Sync 1 DAGs
[2026-09-10T02:41:50.913+0000] {logging_mixin.py:190} INFO - [2026-09-10T02:41:50.913+0000] {dag.py:4180} INFO - Setting next_dagrun for 00_hello_world to None, run_after=None
[2026-09-10T02:41:50.935+0000] {processor.py:208} INFO - Processing /opt/airflow/dags/00_hello_world.py took 0.092 seconds
[2026-09-10T02:42:21.200+0000] {processor.py:186} INFO - Started process (PID=356) to work on /opt/airflow/dags/00_hello_world.py
[2026-09-10T02:42:21.201+0000] {processor.py:914} INFO - Processing file /opt/airflow/dags/00_hello_world.py for tasks to queue
[2026-09-10T02:42:21.204+0000] {logging_mixin.py:190} INFO - [2026-09-10T02:42:21.203+0000] {dagbag.py:588} INFO - Filling up the DagBag from /opt/airflow/dags/00_hello_world.py
[2026-09-10T02:42:21.212+0000] {processor.py:925} INFO - DAG(s) '00_hello_world' retrieved from /opt/airflow/dags/00_hello_world.py
[2026-09-10T02:42:21.244+0000] {logging_mixin.py:190} INFO - [2026-09-10T02:42:21.244+0000] {dag.py:3239} INFO - Sync 1 DAGs
[2026-09-10T02:42:21.259+0000] {logging_mixin.py:190} INFO - [2026-09-10T02:42:21.259+0000] {dag.py:4180} INFO - Setting next_dagrun for 00_hello_world to None, run_after=None
[2026-09-10T02:42:21.278+0000] {processor.py:208} INFO - Processing /opt/airflow/dags/00_hello_world.py took 0.086 seconds
[2026-09-10T02:42:51.524+0000] {processor.py:186} INFO - Started process (PID=408) to work on /opt/airflow/dags/00_hello_world.py
[2026-09-10T02:42:51.525+0000] {processor.py:914} INFO - Processing file /opt/airflow/dags/00_hello_world.py for tasks to queue
[2026-09-10T02:42:51.528+0000] {logging_mixin.py:190} INFO - [2026-09-10T02:42:51.527+0000] {dagbag.py:588} INFO - Filling up the DagBag from /opt/airflow/dags/00_hello_world.py
[2026-09-10T02:42:51.539+0000] {processor.py:925} INFO - DAG(s) '00_hello_world' retrieved from /opt/airflow/dags/00_hello_world.py
[2026-09-10T02:42:51.578+0000] {logging_mixin.py:190} INFO - [2026-09-10T02:42:51.578+0000] {dag.py:3239} INFO - Sync 1 DAGs
[2026-09-10T02:42:51.597+0000] {logging_mixin.py:190} INFO - [2026-09-10T02:42:51.596+0000] {dag.py:4180} INFO - Setting next_dagrun for 00_hello_world to None, run_after=None
[2026-09-10T02:42:51.623+0000] {processor.py:208} INFO - Processing /opt/airflow/dags/00_hello_world.py took 0.109 seconds
[2026-09-10T02:43:22.219+0000] {processor.py:186} INFO - Started process (PID=459) to work on /opt/airflow/dags/00_hello_world.py
[2026-09-10T02:43:22.220+0000] {processor.py:914} INFO - Processing file /opt/airflow/dags/00_hello_world.py for tasks to queue
[2026-09-10T02:43:22.224+0000] {logging_mixin.py:190} INFO - [2026-09-10T02:43:22.223+0000] {dagbag.py:588} INFO - Filling up the DagBag from /opt/airflow/dags/00_hello_world.py
[2026-09-10T02:43:22.241+0000] {processor.py:925} INFO - DAG(s) '00_hello_world' retrieved from /opt/airflow/dags/00_hello_world.py
[2026-09-10T02:43:22.297+0000] {logging_mixin.py:190} INFO - [2026-09-10T02:43:22.297+0000] {dag.py:3239} INFO - Sync 1 DAGs
[2026-09-10T02:43:22.331+0000] {logging_mixin.py:190} INFO - [2026-09-10T02:43:22.331+0000] {dag.py:4180} INFO - Setting next_dagrun for 00_hello_world to None, run_after=None
[2026-09-10T02:43:22.362+0000] {processor.py:208} INFO - Processing /opt/airflow/dags/00_hello_world.py took 0.157 seconds
[2026-09-10T02:43:52.574+0000] {processor.py:186} INFO - Started process (PID=509) to work on /opt/airflow/dags/00_hello_world.py
[2026-09-10T02:43:52.577+0000] {processor.py:914} INFO - Processing file /opt/airflow/dags/00_hello_world.py for tasks to queue
[2026-09-10T02:43:52.583+0000] {logging_mixin.py:190} INFO - [2026-09-10T02:43:52.583+0000] {dagbag.py:588} INFO - Filling up the DagBag from /opt/airflow/dags/00_hello_world.py
[2026-09-10T02:43:52.604+0000] {processor.py:925} INFO - DAG(s) '00_hello_world' retrieved from /opt/airflow/dags/00_hello_world.py
[2026-09-10T02:43:52.672+0000] {logging_mixin.py:190} INFO - [2026-09-10T02:43:52.672+0000] {dag.py:3239} INFO - Sync 1 DAGs
[2026-09-10T02:43:52.709+0000] {logging_mixin.py:190} INFO - [2026-09-10T02:43:52.708+0000] {dag.py:4180} INFO - Setting next_dagrun for 00_hello_world to None, run_after=None
[2026-09-10T02:43:52.758+0000] {processor.py:208} INFO - Processing /opt/airflow/dags/00_hello_world.py took 0.204 seconds
[2026-09-10T02:44:23.767+0000] {processor.py:186} INFO - Started process (PID=561) to work on /opt/airflow/dags/00_hello_world.py
[2026-09-10T02:44:23.767+0000] {processor.py:914} INFO - Processing file /opt/airflow/dags/00_hello_world.py for tasks to queue
[2026-09-10T02:44:23.769+0000] {logging_mixin.py:190} INFO - [2026-09-10T02:44:23.769+0000] {dagbag.py:588} INFO - Filling up the DagBag from /opt/airflow/dags/00_hello_world.py
[2026-09-10T02:44:23.776+0000] {processor.py:925} INFO - DAG(s) '00_hello_world' retrieved from /opt/airflow/dags/00_hello_world.py
[2026-09-10T02:44:23.806+0000] {logging_mixin.py:190} INFO - [2026-09-10T02:44:23.805+0000] {dag.py:3239} INFO - Sync 1 DAGs
[2026-09-10T02:44:23.819+0000] {logging_mixin.py:190} INFO - [2026-09-10T02:44:23.819+0000] {dag.py:4180} INFO - Setting next_dagrun for 00_hello_world to None, run_after=None
[2026-09-10T02:44:23.836+0000] {processor.py:208} INFO - Processing /opt/airflow/dags/00_hello_world.py took 0.075 seconds
[2026-09-10T02:44:54.564+0000] {processor.py:186} INFO - Started process (PID=609) to work on /opt/airflow/dags/00_hello_world.py
[2026-09-10T02:44:54.565+0000] {processor.py:914} INFO - Processing file /opt/airflow/dags/00_hello_world.py for tasks to queue
[2026-09-10T02:44:54.568+0000] {logging_mixin.py:190} INFO - [2026-09-10T02:44:54.567+0000] {dagbag.py:588} INFO - Filling up the DagBag from /opt/airflow/dags/00_hello_world.py
[2026-09-10T02:44:54.577+0000] {processor.py:925} INFO - DAG(s) '00_hello_world' retrieved from /opt/airflow/dags/00_hello_world.py
[2026-09-10T02:44:54.614+0000] {logging_mixin.py:190} INFO - [2026-09-10T02:44:54.614+0000] {dag.py:3239} INFO - Sync 1 DAGs
[2026-09-10T02:44:54.631+0000] {logging_mixin.py:190} INFO - [2026-09-10T02:44:54.631+0000] {dag.py:4180} INFO - Setting next_dagrun for 00_hello_world to None, run_after=None
[2026-09-10T02:44:54.652+0000] {processor.py:208} INFO - Processing /opt/airflow/dags/00_hello_world.py took 0.095 seconds
[2026-09-10T02:45:25.461+0000] {processor.py:186} INFO - Started process (PID=661) to work on /opt/airflow/dags/00_hello_world.py
[2026-09-10T02:45:25.462+0000] {processor.py:914} INFO - Processing file /opt/airflow/dags/00_hello_world.py for tasks to queue
[2026-09-10T02:45:25.464+0000] {logging_mixin.py:190} INFO - [2026-09-10T02:45:25.464+0000] {dagbag.py:588} INFO - Filling up the DagBag from /opt/airflow/dags/00_hello_world.py
[2026-09-10T02:45:25.473+0000] {processor.py:925} INFO - DAG(s) '00_hello_world' retrieved from /opt/airflow/dags/00_hello_world.py
[2026-09-10T02:45:25.506+0000] {logging_mixin.py:190} INFO - [2026-09-10T02:45:25.506+0000] {dag.py:3239} INFO - Sync 1 DAGs
[2026-09-10T02:45:25.522+0000] {logging_mixin.py:190} INFO - [2026-09-10T02:45:25.521+0000] {dag.py:4180} INFO - Setting next_dagrun for 00_hello_world to None, run_after=None
[2026-09-10T02:45:25.542+0000] {processor.py:208} INFO - Processing /opt/airflow/dags/00_hello_world.py took 0.090 seconds
[2026-09-10T02:45:56.433+0000] {processor.py:186} INFO - Started process (PID=711) to work on /opt/airflow/dags/00_hello_world.py
[2026-09-10T02:45:56.434+0000] {processor.py:914} INFO - Processing file /opt/airflow/dags/00_hello_world.py for tasks to queue
[2026-09-10T02:45:56.437+0000] {logging_mixin.py:190} INFO - [2026-09-10T02:45:56.436+0000] {dagbag.py:588} INFO - Filling up the DagBag from /opt/airflow/dags/00_hello_world.py
[2026-09-10T02:45:56.446+0000] {processor.py:925} INFO - DAG(s) '00_hello_world' retrieved from /opt/airflow/dags/00_hello_world.py
[2026-09-10T02:45:56.478+0000] {logging_mixin.py:190} INFO - [2026-09-10T02:45:56.478+0000] {dag.py:3239} INFO - Sync 1 DAGs
[2026-09-10T02:45:56.496+0000] {logging_mixin.py:190} INFO - [2026-09-10T02:45:56.496+0000] {dag.py:4180} INFO - Setting next_dagrun for 00_hello_world to None, run_after=None
[2026-09-10T02:45:56.516+0000] {processor.py:208} INFO - Processing /opt/airflow/dags/00_hello_world.py took 0.090 seconds
[2026-09-10T02:46:27.386+0000] {processor.py:186} INFO - Started process (PID=761) to work on /opt/airflow/dags/00_hello_world.py
[2026-09-10T02:46:27.387+0000] {processor.py:914} INFO - Processing file /opt/airflow/dags/00_hello_world.py for tasks to queue
[2026-09-10T02:46:27.390+0000] {logging_mixin.py:190} INFO - [2026-09-10T02:46:27.389+0000] {dagbag.py:588} INFO - Filling up the DagBag from /opt/airflow/dags/00_hello_world.py
[2026-09-10T02:46:27.398+0000] {processor.py:925} INFO - DAG(s) '00_hello_world' retrieved from /opt/airflow/dags/00_hello_world.py
[2026-09-10T02:46:27.431+0000] {logging_mixin.py:190} INFO - [2026-09-10T02:46:27.431+0000] {dag.py:3239} INFO - Sync 1 DAGs
[2026-09-10T02:46:27.447+0000] {logging_mixin.py:190} INFO - [2026-09-10T02:46:27.446+0000] {dag.py:4180} INFO - Setting next_dagrun for 00_hello_world to None, run_after=None
[2026-09-10T02:46:27.465+0000] {processor.py:208} INFO - Processing /opt/airflow/dags/00_hello_world.py took 0.087 seconds
[2026-09-10T02:46:58.392+0000] {processor.py:186} INFO - Started process (PID=811) to work on /opt/airflow/dags/00_hello_world.py
[2026-09-10T02:46:58.393+0000] {processor.py:914} INFO - Processing file /opt/airflow/dags/00_hello_world.py for tasks to queue
[2026-09-10T02:46:58.395+0000] {logging_mixin.py:190} INFO - [2026-09-10T02:46:58.395+0000] {dagbag.py:588} INFO - Filling up the DagBag from /opt/airflow/dags/00_hello_world.py
[2026-09-10T02:46:58.402+0000] {processor.py:925} INFO - DAG(s) '00_hello_world' retrieved from /opt/airflow/dags/00_hello_world.py
[2026-09-10T02:46:58.434+0000] {logging_mixin.py:190} INFO - [2026-09-10T02:46:58.434+0000] {dag.py:3239} INFO - Sync 1 DAGs
[2026-09-10T02:46:58.449+0000] {logging_mixin.py:190} INFO - [2026-09-10T02:46:58.449+0000] {dag.py:4180} INFO - Setting next_dagrun for 00_hello_world to None, run_after=None
[2026-09-10T02:46:58.467+0000] {processor.py:208} INFO - Processing /opt/airflow/dags/00_hello_world.py took 0.082 seconds
[2026-09-10T02:47:28.922+0000] {processor.py:186} INFO - Started process (PID=861) to work on /opt/airflow/dags/00_hello_world.py
[2026-09-10T02:47:28.923+0000] {processor.py:914} INFO - Processing file /opt/airflow/dags/00_hello_world.py for tasks to queue
[2026-09-10T02:47:28.925+0000] {logging_mixin.py:190} INFO - [2026-09-10T02:47:28.925+0000] {dagbag.py:588} INFO - Filling up the DagBag from /opt/airflow/dags/00_hello_world.py
[2026-09-10T02:47:28.935+0000] {processor.py:925} INFO - DAG(s) '00_hello_world' retrieved from /opt/airflow/dags/00_hello_world.py
[2026-09-10T02:47:28.971+0000] {logging_mixin.py:190} INFO - [2026-09-10T02:47:28.970+0000] {dag.py:3239} INFO - Sync 1 DAGs
[2026-09-10T02:47:28.986+0000] {logging_mixin.py:190} INFO - [2026-09-10T02:47:28.985+0000] {dag.py:4180} INFO - Setting next_dagrun for 00_hello_world to None, run_after=None
[2026-09-10T02:47:29.006+0000] {processor.py:208} INFO - Processing /opt/airflow/dags/00_hello_world.py took 0.092 seconds
[2026-09-10T02:47:59.146+0000] {processor.py:186} INFO - Started process (PID=911) to work on /opt/airflow/dags/00_hello_world.py
[2026-09-10T02:47:59.147+0000] {processor.py:914} INFO - Processing file /opt/airflow/dags/00_hello_world.py for tasks to queue
[2026-09-10T02:47:59.150+0000] {logging_mixin.py:190} INFO - [2026-09-10T02:47:59.149+0000] {dagbag.py:588} INFO - Filling up the DagBag from /opt/airflow/dags/00_hello_world.py
[2026-09-10T02:47:59.160+0000] {processor.py:925} INFO - DAG(s) '00_hello_world' retrieved from /opt/airflow/dags/00_hello_world.py
[2026-09-10T02:47:59.199+0000] {logging_mixin.py:190} INFO - [2026-09-10T02:47:59.199+0000] {dag.py:3239} INFO - Sync 1 DAGs
[2026-09-10T02:47:59.215+0000] {logging_mixin.py:190} INFO - [2026-09-10T02:47:59.215+0000] {dag.py:4180} INFO - Setting next_dagrun for 00_hello_world to None, run_after=None
[2026-09-10T02:47:59.242+0000] {processor.py:208} INFO - Processing /opt/airflow/dags/00_hello_world.py took 0.104 seconds
[2026-09-10T02:48:30.294+0000] {processor.py:186} INFO - Started process (PID=961) to work on /opt/airflow/dags/00_hello_world.py
[2026-09-10T02:48:30.296+0000] {processor.py:914} INFO - Processing file /opt/airflow/dags/00_hello_world.py for tasks to queue
[2026-09-10T02:48:30.299+0000] {logging_mixin.py:190} INFO - [2026-09-10T02:48:30.299+0000] {dagbag.py:588} INFO - Filling up the DagBag from /opt/airflow/dags/00_hello_world.py
[2026-09-10T02:48:30.335+0000] {processor.py:925} INFO - DAG(s) '00_hello_world' retrieved from /opt/airflow/dags/00_hello_world.py
[2026-09-10T02:48:30.708+0000] {logging_mixin.py:190} INFO - [2026-09-10T02:48:30.708+0000] {dag.py:3239} INFO - Sync 1 DAGs
[2026-09-10T02:48:30.725+0000] {logging_mixin.py:190} INFO - [2026-09-10T02:48:30.724+0000] {dag.py:4180} INFO - Setting next_dagrun for 00_hello_world to None, run_after=None
[2026-09-10T02:48:30.747+0000] {processor.py:208} INFO - Processing /opt/airflow/dags/00_hello_world.py took 0.465 seconds
[2026-09-10T02:49:01.661+0000] {processor.py:186} INFO - Started process (PID=1011) to work on /opt/airflow/dags/00_hello_world.py
[2026-09-10T02:49:01.663+0000] {processor.py:914} INFO - Processing file /opt/airflow/dags/00_hello_world.py for tasks to queue
[2026-09-10T02:49:01.665+0000] {logging_mixin.py:190} INFO - [2026-09-10T02:49:01.665+0000] {dagbag.py:588} INFO - Filling up the DagBag from /opt/airflow/dags/00_hello_world.py
[2026-09-10T02:49:01.673+0000] {processor.py:925} INFO - DAG(s) '00_hello_world' retrieved from /opt/airflow/dags/00_hello_world.py
[2026-09-10T02:49:01.707+0000] {logging_mixin.py:190} INFO - [2026-09-10T02:49:01.706+0000] {dag.py:3239} INFO - Sync 1 DAGs
[2026-09-10T02:49:01.722+0000] {logging_mixin.py:190} INFO - [2026-09-10T02:49:01.722+0000] {dag.py:4180} INFO - Setting next_dagrun for 00_hello_world to None, run_after=None
[2026-09-10T02:49:01.741+0000] {processor.py:208} INFO - Processing /opt/airflow/dags/00_hello_world.py took 0.085 seconds
[2026-09-10T02:49:32.735+0000] {processor.py:186} INFO - Started process (PID=1061) to work on /opt/airflow/dags/00_hello_world.py
[2026-09-10T02:49:32.736+0000] {processor.py:914} INFO - Processing file /opt/airflow/dags/00_hello_world.py for tasks to queue
[2026-09-10T02:49:32.739+0000] {logging_mixin.py:190} INFO - [2026-09-10T02:49:32.739+0000] {dagbag.py:588} INFO - Filling up the DagBag from /opt/airflow/dags/00_hello_world.py
[2026-09-10T02:49:32.749+0000] {processor.py:925} INFO - DAG(s) '00_hello_world' retrieved from /opt/airflow/dags/00_hello_world.py
[2026-09-10T02:49:32.959+0000] {logging_mixin.py:190} INFO - [2026-09-10T02:49:32.959+0000] {dag.py:3239} INFO - Sync 1 DAGs
[2026-09-10T02:49:32.971+0000] {logging_mixin.py:190} INFO - [2026-09-10T02:49:32.971+0000] {dag.py:4180} INFO - Setting next_dagrun for 00_hello_world to None, run_after=None
[2026-09-10T02:49:32.987+0000] {processor.py:208} INFO - Processing /opt/airflow/dags/00_hello_world.py took 0.260 seconds
[2026-09-10T02:50:03.707+0000] {processor.py:186} INFO - Started process (PID=1111) to work on /opt/airflow/dags/00_hello_world.py
[2026-09-10T02:50:03.709+0000] {processor.py:914} INFO - Processing file /opt/airflow/dags/00_hello_world.py for tasks to queue
[2026-09-10T02:50:03.712+0000] {logging_mixin.py:190} INFO - [2026-09-10T02:50:03.711+0000] {dagbag.py:588} INFO - Filling up the DagBag from /opt/airflow/dags/00_hello_world.py
[2026-09-10T02:50:03.722+0000] {processor.py:925} INFO - DAG(s) '00_hello_world' retrieved from /opt/airflow/dags/00_hello_world.py
[2026-09-10T02:50:03.755+0000] {logging_mixin.py:190} INFO - [2026-09-10T02:50:03.755+0000] {dag.py:3239} INFO - Sync 1 DAGs
[2026-09-10T02:50:03.770+0000] {logging_mixin.py:190} INFO - [2026-09-10T02:50:03.770+0000] {dag.py:4180} INFO - Setting next_dagrun for 00_hello_world to None, run_after=None
[2026-09-10T02:50:03.790+0000] {processor.py:208} INFO - Processing /opt/airflow/dags/00_hello_world.py took 0.091 seconds
[2026-09-10T02:50:34.425+0000] {processor.py:186} INFO - Started process (PID=1161) to work on /opt/airflow/dags/00_hello_world.py
[2026-09-10T02:50:34.426+0000] {processor.py:914} INFO - Processing file /opt/airflow/dags/00_hello_world.py for tasks to queue
[2026-09-10T02:50:34.428+0000] {logging_mixin.py:190} INFO - [2026-09-10T02:50:34.428+0000] {dagbag.py:588} INFO - Filling up the DagBag from /opt/airflow/dags/00_hello_world.py
[2026-09-10T02:50:34.438+0000] {processor.py:925} INFO - DAG(s) '00_hello_world' retrieved from /opt/airflow/dags/00_hello_world.py
[2026-09-10T02:50:34.671+0000] {logging_mixin.py:190} INFO - [2026-09-10T02:50:34.671+0000] {dag.py:3239} INFO - Sync 1 DAGs
[2026-09-10T02:50:34.683+0000] {logging_mixin.py:190} INFO - [2026-09-10T02:50:34.683+0000] {dag.py:4180} INFO - Setting next_dagrun for 00_hello_world to None, run_after=None
[2026-09-10T02:50:34.701+0000] {processor.py:208} INFO - Processing /opt/airflow/dags/00_hello_world.py took 0.285 seconds
[2026-09-10T02:51:05.279+0000] {processor.py:186} INFO - Started process (PID=1211) to work on /opt/airflow/dags/00_hello_world.py
[2026-09-10T02:51:05.281+0000] {processor.py:914} INFO - Processing file /opt/airflow/dags/00_hello_world.py for tasks to queue
[2026-09-10T02:51:05.286+0000] {logging_mixin.py:190} INFO - [2026-09-10T02:51:05.285+0000] {dagbag.py:588} INFO - Filling up the DagBag from /opt/airflow/dags/00_hello_world.py
[2026-09-10T02:51:05.297+0000] {processor.py:925} INFO - DAG(s) '00_hello_world' retrieved from /opt/airflow/dags/00_hello_world.py
[2026-09-10T02:51:05.343+0000] {logging_mixin.py:190} INFO - [2026-09-10T02:51:05.343+0000] {dag.py:3239} INFO - Sync 1 DAGs
[2026-09-10T02:51:05.368+0000] {logging_mixin.py:190} INFO - [2026-09-10T02:51:05.368+0000] {dag.py:4180} INFO - Setting next_dagrun for 00_hello_world to None, run_after=None
[2026-09-10T02:51:05.392+0000] {processor.py:208} INFO - Processing /opt/airflow/dags/00_hello_world.py took 0.121 seconds
[2026-09-10T02:51:35.583+0000] {processor.py:186} INFO - Started process (PID=1259) to work on /opt/airflow/dags/00_hello_world.py
[2026-09-10T02:51:35.585+0000] {processor.py:914} INFO - Processing file /opt/airflow/dags/00_hello_world.py for tasks to queue
[2026-09-10T02:51:35.590+0000] {logging_mixin.py:190} INFO - [2026-09-10T02:51:35.589+0000] {dagbag.py:588} INFO - Filling up the DagBag from /opt/airflow/dags/00_hello_world.py
[2026-09-10T02:51:35.606+0000] {processor.py:925} INFO - DAG(s) '00_hello_world' retrieved from /opt/airflow/dags/00_hello_world.py
[2026-09-10T02:51:35.909+0000] {logging_mixin.py:190} INFO - [2026-09-10T02:51:35.909+0000] {dag.py:3239} INFO - Sync 1 DAGs
[2026-09-10T02:51:35.923+0000] {logging_mixin.py:190} INFO - [2026-09-10T02:51:35.922+0000] {dag.py:4180} INFO - Setting next_dagrun for 00_hello_world to None, run_after=None
[2026-09-10T02:51:35.939+0000] {processor.py:208} INFO - Processing /opt/airflow/dags/00_hello_world.py took 0.370 seconds
[2026-09-10T02:52:06.308+0000] {processor.py:186} INFO - Started process (PID=1318) to work on /opt/airflow/dags/00_hello_world.py
[2026-09-10T02:52:06.310+0000] {processor.py:914} INFO - Processing file /opt/airflow/dags/00_hello_world.py for tasks to queue
[2026-09-10T02:52:06.313+0000] {logging_mixin.py:190} INFO - [2026-09-10T02:52:06.313+0000] {dagbag.py:588} INFO - Filling up the DagBag from /opt/airflow/dags/00_hello_world.py
[2026-09-10T02:52:06.326+0000] {processor.py:925} INFO - DAG(s) '00_hello_world' retrieved from /opt/airflow/dags/00_hello_world.py
[2026-09-10T02:52:06.370+0000] {logging_mixin.py:190} INFO - [2026-09-10T02:52:06.369+0000] {dag.py:3239} INFO - Sync 1 DAGs
[2026-09-10T02:52:06.406+0000] {logging_mixin.py:190} INFO - [2026-09-10T02:52:06.405+0000] {dag.py:4180} INFO - Setting next_dagrun for 00_hello_world to None, run_after=None
[2026-09-10T02:52:06.445+0000] {processor.py:208} INFO - Processing /opt/airflow/dags/00_hello_world.py took 0.148 seconds
[2026-09-10T02:52:37.688+0000] {processor.py:186} INFO - Started process (PID=1370) to work on /opt/airflow/dags/00_hello_world.py
[2026-09-10T02:52:37.689+0000] {processor.py:914} INFO - Processing file /opt/airflow/dags/00_hello_world.py for tasks to queue
[2026-09-10T02:52:37.692+0000] {logging_mixin.py:190} INFO - [2026-09-10T02:52:37.691+0000] {dagbag.py:588} INFO - Filling up the DagBag from /opt/airflow/dags/00_hello_world.py
[2026-09-10T02:52:37.706+0000] {processor.py:925} INFO - DAG(s) '00_hello_world' retrieved from /opt/airflow/dags/00_hello_world.py
[2026-09-10T02:52:37.964+0000] {logging_mixin.py:190} INFO - [2026-09-10T02:52:37.964+0000] {dag.py:3239} INFO - Sync 1 DAGs
[2026-09-10T02:52:37.977+0000] {logging_mixin.py:190} INFO - [2026-09-10T02:52:37.977+0000] {dag.py:4180} INFO - Setting next_dagrun for 00_hello_world to None, run_after=None
[2026-09-10T02:52:37.999+0000] {processor.py:208} INFO - Processing /opt/airflow/dags/00_hello_world.py took 0.322 seconds
[2026-09-10T02:53:08.646+0000] {processor.py:186} INFO - Started process (PID=1418) to work on /opt/airflow/dags/00_hello_world.py
[2026-09-10T02:53:08.647+0000] {processor.py:914} INFO - Processing file /opt/airflow/dags/00_hello_world.py for tasks to queue
[2026-09-10T02:53:08.650+0000] {logging_mixin.py:190} INFO - [2026-09-10T02:53:08.650+0000] {dagbag.py:588} INFO - Filling up the DagBag from /opt/airflow/dags/00_hello_world.py
[2026-09-10T02:53:08.661+0000] {processor.py:925} INFO - DAG(s) '00_hello_world' retrieved from /opt/airflow/dags/00_hello_world.py
[2026-09-10T02:53:08.699+0000] {logging_mixin.py:190} INFO - [2026-09-10T02:53:08.699+0000] {dag.py:3239} INFO - Sync 1 DAGs
[2026-09-10T02:53:08.717+0000] {logging_mixin.py:190} INFO - [2026-09-10T02:53:08.717+0000] {dag.py:4180} INFO - Setting next_dagrun for 00_hello_world to None, run_after=None
[2026-09-10T02:53:08.739+0000] {processor.py:208} INFO - Processing /opt/airflow/dags/00_hello_world.py took 0.102 seconds
[2026-09-10T02:53:39.513+0000] {processor.py:186} INFO - Started process (PID=1468) to work on /opt/airflow/dags/00_hello_world.py
[2026-09-10T02:53:39.514+0000] {processor.py:914} INFO - Processing file /opt/airflow/dags/00_hello_world.py for tasks to queue
[2026-09-10T02:53:39.517+0000] {logging_mixin.py:190} INFO - [2026-09-10T02:53:39.517+0000] {dagbag.py:588} INFO - Filling up the DagBag from /opt/airflow/dags/00_hello_world.py
[2026-09-10T02:53:39.527+0000] {processor.py:925} INFO - DAG(s) '00_hello_world' retrieved from /opt/airflow/dags/00_hello_world.py
[2026-09-10T02:53:39.786+0000] {logging_mixin.py:190} INFO - [2026-09-10T02:53:39.785+0000] {dag.py:3239} INFO - Sync 1 DAGs
[2026-09-10T02:53:39.799+0000] {logging_mixin.py:190} INFO - [2026-09-10T02:53:39.798+0000] {dag.py:4180} INFO - Setting next_dagrun for 00_hello_world to None, run_after=None
[2026-09-10T02:53:39.819+0000] {processor.py:208} INFO - Processing /opt/airflow/dags/00_hello_world.py took 0.315 seconds
[2026-09-10T02:54:09.919+0000] {processor.py:186} INFO - Started process (PID=1518) to work on /opt/airflow/dags/00_hello_world.py
[2026-09-10T02:54:09.921+0000] {processor.py:914} INFO - Processing file /opt/airflow/dags/00_hello_world.py for tasks to queue
[2026-09-10T02:54:09.925+0000] {logging_mixin.py:190} INFO - [2026-09-10T02:54:09.924+0000] {dagbag.py:588} INFO - Filling up the DagBag from /opt/airflow/dags/00_hello_world.py
[2026-09-10T02:54:09.936+0000] {processor.py:925} INFO - DAG(s) '00_hello_world' retrieved from /opt/airflow/dags/00_hello_world.py
[2026-09-10T02:54:09.976+0000] {logging_mixin.py:190} INFO - [2026-09-10T02:54:09.976+0000] {dag.py:3239} INFO - Sync 1 DAGs
[2026-09-10T02:54:09.999+0000] {logging_mixin.py:190} INFO - [2026-09-10T02:54:09.999+0000] {dag.py:4180} INFO - Setting next_dagrun for 00_hello_world to None, run_after=None
[2026-09-10T02:54:10.028+0000] {processor.py:208} INFO - Processing /opt/airflow/dags/00_hello_world.py took 0.121 seconds
[2026-09-10T02:54:40.979+0000] {processor.py:186} INFO - Started process (PID=1568) to work on /opt/airflow/dags/00_hello_world.py
[2026-09-10T02:54:40.981+0000] {processor.py:914} INFO - Processing file /opt/airflow/dags/00_hello_world.py for tasks to queue
[2026-09-10T02:54:40.984+0000] {logging_mixin.py:190} INFO - [2026-09-10T02:54:40.983+0000] {dagbag.py:588} INFO - Filling up the DagBag from /opt/airflow/dags/00_hello_world.py
[2026-09-10T02:54:40.994+0000] {processor.py:925} INFO - DAG(s) '00_hello_world' retrieved from /opt/airflow/dags/00_hello_world.py
[2026-09-10T02:54:41.221+0000] {logging_mixin.py:190} INFO - [2026-09-10T02:54:41.221+0000] {dag.py:3239} INFO - Sync 1 DAGs
[2026-09-10T02:54:41.234+0000] {logging_mixin.py:190} INFO - [2026-09-10T02:54:41.233+0000] {dag.py:4180} INFO - Setting next_dagrun for 00_hello_world to None, run_after=None
[2026-09-10T02:54:41.252+0000] {processor.py:208} INFO - Processing /opt/airflow/dags/00_hello_world.py took 0.281 seconds
[2026-09-10T02:55:12.167+0000] {processor.py:186} INFO - Started process (PID=1618) to work on /opt/airflow/dags/00_hello_world.py
[2026-09-10T02:55:12.168+0000] {processor.py:914} INFO - Processing file /opt/airflow/dags/00_hello_world.py for tasks to queue
[2026-09-10T02:55:12.171+0000] {logging_mixin.py:190} INFO - [2026-09-10T02:55:12.171+0000] {dagbag.py:588} INFO - Filling up the DagBag from /opt/airflow/dags/00_hello_world.py
[2026-09-10T02:55:12.181+0000] {processor.py:925} INFO - DAG(s) '00_hello_world' retrieved from /opt/airflow/dags/00_hello_world.py
[2026-09-10T02:55:12.219+0000] {logging_mixin.py:190} INFO - [2026-09-10T02:55:12.218+0000] {dag.py:3239} INFO - Sync 1 DAGs
[2026-09-10T02:55:12.235+0000] {logging_mixin.py:190} INFO - [2026-09-10T02:55:12.235+0000] {dag.py:4180} INFO - Setting next_dagrun for 00_hello_world to None, run_after=None
[2026-09-10T02:55:12.256+0000] {processor.py:208} INFO - Processing /opt/airflow/dags/00_hello_world.py took 0.100 seconds
[2026-09-10T02:55:43.125+0000] {processor.py:186} INFO - Started process (PID=1668) to work on /opt/airflow/dags/00_hello_world.py
[2026-09-10T02:55:43.127+0000] {processor.py:914} INFO - Processing file /opt/airflow/dags/00_hello_world.py for tasks to queue
[2026-09-10T02:55:43.131+0000] {logging_mixin.py:190} INFO - [2026-09-10T02:55:43.130+0000] {dagbag.py:588} INFO - Filling up the DagBag from /opt/airflow/dags/00_hello_world.py
[2026-09-10T02:55:43.146+0000] {processor.py:925} INFO - DAG(s) '00_hello_world' retrieved from /opt/airflow/dags/00_hello_world.py
[2026-09-10T02:55:43.186+0000] {logging_mixin.py:190} INFO - [2026-09-10T02:55:43.186+0000] {dag.py:3239} INFO - Sync 1 DAGs
[2026-09-10T02:55:43.206+0000] {logging_mixin.py:190} INFO - [2026-09-10T02:55:43.206+0000] {dag.py:4180} INFO - Setting next_dagrun for 00_hello_world to None, run_after=None
[2026-09-10T02:55:43.226+0000] {processor.py:208} INFO - Processing /opt/airflow/dags/00_hello_world.py took 0.113 seconds
[2026-09-10T02:56:14.092+0000] {processor.py:186} INFO - Started process (PID=1718) to work on /opt/airflow/dags/00_hello_world.py
[2026-09-10T02:56:14.094+0000] {processor.py:914} INFO - Processing file /opt/airflow/dags/00_hello_world.py for tasks to queue
[2026-09-10T02:56:14.098+0000] {logging_mixin.py:190} INFO - [2026-09-10T02:56:14.097+0000] {dagbag.py:588} INFO - Filling up the DagBag from /opt/airflow/dags/00_hello_world.py
[2026-09-10T02:56:14.108+0000] {processor.py:925} INFO - DAG(s) '00_hello_world' retrieved from /opt/airflow/dags/00_hello_world.py
[2026-09-10T02:56:14.144+0000] {logging_mixin.py:190} INFO - [2026-09-10T02:56:14.144+0000] {dag.py:3239} INFO - Sync 1 DAGs
[2026-09-10T02:56:14.165+0000] {logging_mixin.py:190} INFO - [2026-09-10T02:56:14.165+0000] {dag.py:4180} INFO - Setting next_dagrun for 00_hello_world to None, run_after=None
[2026-09-10T02:56:14.185+0000] {processor.py:208} INFO - Processing /opt/airflow/dags/00_hello_world.py took 0.102 seconds
[2026-09-10T02:56:44.936+0000] {processor.py:186} INFO - Started process (PID=1768) to work on /opt/airflow/dags/00_hello_world.py
[2026-09-10T02:56:44.937+0000] {processor.py:914} INFO - Processing file /opt/airflow/dags/00_hello_world.py for tasks to queue
[2026-09-10T02:56:44.940+0000] {logging_mixin.py:190} INFO - [2026-09-10T02:56:44.940+0000] {dagbag.py:588} INFO - Filling up the DagBag from /opt/airflow/dags/00_hello_world.py
[2026-09-10T02:56:44.951+0000] {processor.py:925} INFO - DAG(s) '00_hello_world' retrieved from /opt/airflow/dags/00_hello_world.py
[2026-09-10T02:56:44.989+0000] {logging_mixin.py:190} INFO - [2026-09-10T02:56:44.989+0000] {dag.py:3239} INFO - Sync 1 DAGs
[2026-09-10T02:56:45.007+0000] {logging_mixin.py:190} INFO - [2026-09-10T02:56:45.007+0000] {dag.py:4180} INFO - Setting next_dagrun for 00_hello_world to None, run_after=None
[2026-09-10T02:56:45.032+0000] {processor.py:208} INFO - Processing /opt/airflow/dags/00_hello_world.py took 0.105 seconds
[2026-09-10T02:57:15.862+0000] {processor.py:186} INFO - Started process (PID=1818) to work on /opt/airflow/dags/00_hello_world.py
[2026-09-10T02:57:15.863+0000] {processor.py:914} INFO - Processing file /opt/airflow/dags/00_hello_world.py for tasks to queue
[2026-09-10T02:57:15.866+0000] {logging_mixin.py:190} INFO - [2026-09-10T02:57:15.866+0000] {dagbag.py:588} INFO - Filling up the DagBag from /opt/airflow/dags/00_hello_world.py
[2026-09-10T02:57:15.877+0000] {processor.py:925} INFO - DAG(s) '00_hello_world' retrieved from /opt/airflow/dags/00_hello_world.py
[2026-09-10T02:57:15.921+0000] {logging_mixin.py:190} INFO - [2026-09-10T02:57:15.921+0000] {dag.py:3239} INFO - Sync 1 DAGs
[2026-09-10T02:57:15.939+0000] {logging_mixin.py:190} INFO - [2026-09-10T02:57:15.939+0000] {dag.py:4180} INFO - Setting next_dagrun for 00_hello_world to None, run_after=None
[2026-09-10T02:57:15.968+0000] {processor.py:208} INFO - Processing /opt/airflow/dags/00_hello_world.py took 0.113 seconds
[2026-09-10T02:57:46.731+0000] {processor.py:186} INFO - Started process (PID=1868) to work on /opt/airflow/dags/00_hello_world.py
[2026-09-10T02:57:46.733+0000] {processor.py:914} INFO - Processing file /opt/airflow/dags/00_hello_world.py for tasks to queue
[2026-09-10T02:57:46.737+0000] {logging_mixin.py:190} INFO - [2026-09-10T02:57:46.737+0000] {dagbag.py:588} INFO - Filling up the DagBag from /opt/airflow/dags/00_hello_world.py
[2026-09-10T02:57:46.751+0000] {processor.py:925} INFO - DAG(s) '00_hello_world' retrieved from /opt/airflow/dags/00_hello_world.py
[2026-09-10T02:57:46.799+0000] {logging_mixin.py:190} INFO - [2026-09-10T02:57:46.799+0000] {dag.py:3239} INFO - Sync 1 DAGs
[2026-09-10T02:57:46.824+0000] {logging_mixin.py:190} INFO - [2026-09-10T02:57:46.824+0000] {dag.py:4180} INFO - Setting next_dagrun for 00_hello_world to None, run_after=None
[2026-09-10T02:57:46.849+0000] {processor.py:208} INFO - Processing /opt/airflow/dags/00_hello_world.py took 0.130 seconds
[2026-09-10T02:58:17.903+0000] {processor.py:186} INFO - Started process (PID=1918) to work on /opt/airflow/dags/00_hello_world.py
[2026-09-10T02:58:17.904+0000] {processor.py:914} INFO - Processing file /opt/airflow/dags/00_hello_world.py for tasks to queue
[2026-09-10T02:58:17.908+0000] {logging_mixin.py:190} INFO - [2026-09-10T02:58:17.907+0000] {dagbag.py:588} INFO - Filling up the DagBag from /opt/airflow/dags/00_hello_world.py
[2026-09-10T02:58:17.921+0000] {processor.py:925} INFO - DAG(s) '00_hello_world' retrieved from /opt/airflow/dags/00_hello_world.py
[2026-09-10T02:58:17.961+0000] {logging_mixin.py:190} INFO - [2026-09-10T02:58:17.961+0000] {dag.py:3239} INFO - Sync 1 DAGs
[2026-09-10T02:58:17.990+0000] {logging_mixin.py:190} INFO - [2026-09-10T02:58:17.990+0000] {dag.py:4180} INFO - Setting next_dagrun for 00_hello_world to None, run_after=None
[2026-09-10T02:58:18.029+0000] {processor.py:208} INFO - Processing /opt/airflow/dags/00_hello_world.py took 0.136 seconds
[2026-09-10T02:58:48.907+0000] {processor.py:186} INFO - Started process (PID=1968) to work on /opt/airflow/dags/00_hello_world.py
[2026-09-10T02:58:48.909+0000] {processor.py:914} INFO - Processing file /opt/airflow/dags/00_hello_world.py for tasks to queue
[2026-09-10T02:58:48.912+0000] {logging_mixin.py:190} INFO - [2026-09-10T02:58:48.911+0000] {dagbag.py:588} INFO - Filling up the DagBag from /opt/airflow/dags/00_hello_world.py
[2026-09-10T02:58:48.925+0000] {processor.py:925} INFO - DAG(s) '00_hello_world' retrieved from /opt/airflow/dags/00_hello_world.py
[2026-09-10T02:58:48.964+0000] {logging_mixin.py:190} INFO - [2026-09-10T02:58:48.964+0000] {dag.py:3239} INFO - Sync 1 DAGs
[2026-09-10T02:58:48.981+0000] {logging_mixin.py:190} INFO - [2026-09-10T02:58:48.981+0000] {dag.py:4180} INFO - Setting next_dagrun for 00_hello_world to None, run_after=None
[2026-09-10T02:58:49.001+0000] {processor.py:208} INFO - Processing /opt/airflow/dags/00_hello_world.py took 0.106 seconds
[2026-09-10T02:59:19.823+0000] {processor.py:186} INFO - Started process (PID=2018) to work on /opt/airflow/dags/00_hello_world.py
[2026-09-10T02:59:19.824+0000] {processor.py:914} INFO - Processing file /opt/airflow/dags/00_hello_world.py for tasks to queue
[2026-09-10T02:59:19.826+0000] {logging_mixin.py:190} INFO - [2026-09-10T02:59:19.826+0000] {dagbag.py:588} INFO - Filling up the DagBag from /opt/airflow/dags/00_hello_world.py
[2026-09-10T02:59:19.837+0000] {processor.py:925} INFO - DAG(s) '00_hello_world' retrieved from /opt/airflow/dags/00_hello_world.py
[2026-09-10T02:59:19.873+0000] {logging_mixin.py:190} INFO - [2026-09-10T02:59:19.873+0000] {dag.py:3239} INFO - Sync 1 DAGs
[2026-09-10T02:59:19.890+0000] {logging_mixin.py:190} INFO - [2026-09-10T02:59:19.890+0000] {dag.py:4180} INFO - Setting next_dagrun for 00_hello_world to None, run_after=None
[2026-09-10T02:59:19.915+0000] {processor.py:208} INFO - Processing /opt/airflow/dags/00_hello_world.py took 0.104 seconds
[2026-09-10T02:59:50.769+0000] {processor.py:186} INFO - Started process (PID=2068) to work on /opt/airflow/dags/00_hello_world.py
[2026-09-10T02:59:50.770+0000] {processor.py:914} INFO - Processing file /opt/airflow/dags/00_hello_world.py for tasks to queue
[2026-09-10T02:59:50.772+0000] {logging_mixin.py:190} INFO - [2026-09-10T02:59:50.772+0000] {dagbag.py:588} INFO - Filling up the DagBag from /opt/airflow/dags/00_hello_world.py
[2026-09-10T02:59:50.780+0000] {processor.py:925} INFO - DAG(s) '00_hello_world' retrieved from /opt/airflow/dags/00_hello_world.py
[2026-09-10T02:59:50.814+0000] {logging_mixin.py:190} INFO - [2026-09-10T02:59:50.814+0000] {dag.py:3239} INFO - Sync 1 DAGs
[2026-09-10T02:59:50.830+0000] {logging_mixin.py:190} INFO - [2026-09-10T02:59:50.830+0000] {dag.py:4180} INFO - Setting next_dagrun for 00_hello_world to None, run_after=None
[2026-09-10T02:59:50.852+0000] {processor.py:208} INFO - Processing /opt/airflow/dags/00_hello_world.py took 0.091 seconds
[2026-09-10T03:00:21.599+0000] {processor.py:186} INFO - Started process (PID=2118) to work on /opt/airflow/dags/00_hello_world.py
[2026-09-10T03:00:21.600+0000] {processor.py:914} INFO - Processing file /opt/airflow/dags/00_hello_world.py for tasks to queue
[2026-09-10T03:00:21.603+0000] {logging_mixin.py:190} INFO - [2026-09-10T03:00:21.602+0000] {dagbag.py:588} INFO - Filling up the DagBag from /opt/airflow/dags/00_hello_world.py
[2026-09-10T03:00:21.611+0000] {processor.py:925} INFO - DAG(s) '00_hello_world' retrieved from /opt/airflow/dags/00_hello_world.py
[2026-09-10T03:00:21.648+0000] {logging_mixin.py:190} INFO - [2026-09-10T03:00:21.648+0000] {dag.py:3239} INFO - Sync 1 DAGs
[2026-09-10T03:00:21.666+0000] {logging_mixin.py:190} INFO - [2026-09-10T03:00:21.666+0000] {dag.py:4180} INFO - Setting next_dagrun for 00_hello_world to None, run_after=None
[2026-09-10T03:00:21.687+0000] {processor.py:208} INFO - Processing /opt/airflow/dags/00_hello_world.py took 0.095 seconds
[2026-09-10T03:00:52.420+0000] {processor.py:186} INFO - Started process (PID=2168) to work on /opt/airflow/dags/00_hello_world.py
[2026-09-10T03:00:52.422+0000] {processor.py:914} INFO - Processing file /opt/airflow/dags/00_hello_world.py for tasks to queue
[2026-09-10T03:00:52.424+0000] {logging_mixin.py:190} INFO - [2026-09-10T03:00:52.423+0000] {dagbag.py:588} INFO - Filling up the DagBag from /opt/airflow/dags/00_hello_world.py
[2026-09-10T03:00:52.432+0000] {processor.py:925} INFO - DAG(s) '00_hello_world' retrieved from /opt/airflow/dags/00_hello_world.py
[2026-09-10T03:00:52.478+0000] {logging_mixin.py:190} INFO - [2026-09-10T03:00:52.478+0000] {dag.py:3239} INFO - Sync 1 DAGs
[2026-09-10T03:00:52.507+0000] {logging_mixin.py:190} INFO - [2026-09-10T03:00:52.507+0000] {dag.py:4180} INFO - Setting next_dagrun for 00_hello_world to None, run_after=None
[2026-09-10T03:00:52.530+0000] {processor.py:208} INFO - Processing /opt/airflow/dags/00_hello_world.py took 0.117 seconds
[2026-09-10T03:01:22.595+0000] {processor.py:186} INFO - Started process (PID=2218) to work on /opt/airflow/dags/00_hello_world.py
[2026-09-10T03:01:22.596+0000] {processor.py:914} INFO - Processing file /opt/airflow/dags/00_hello_world.py for tasks to queue
[2026-09-10T03:01:22.599+0000] {logging_mixin.py:190} INFO - [2026-09-10T03:01:22.598+0000] {dagbag.py:588} INFO - Filling up the DagBag from /opt/airflow/dags/00_hello_world.py
[2026-09-10T03:01:22.609+0000] {processor.py:925} INFO - DAG(s) '00_hello_world' retrieved from /opt/airflow/dags/00_hello_world.py
[2026-09-10T03:01:22.645+0000] {logging_mixin.py:190} INFO - [2026-09-10T03:01:22.645+0000] {dag.py:3239} INFO - Sync 1 DAGs
[2026-09-10T03:01:22.662+0000] {logging_mixin.py:190} INFO - [2026-09-10T03:01:22.662+0000] {dag.py:4180} INFO - Setting next_dagrun for 00_hello_world to None, run_after=None
[2026-09-10T03:01:22.686+0000] {processor.py:208} INFO - Processing /opt/airflow/dags/00_hello_world.py took 0.099 seconds
[2026-09-10T03:01:53.401+0000] {processor.py:186} INFO - Started process (PID=2268) to work on /opt/airflow/dags/00_hello_world.py
[2026-09-10T03:01:53.402+0000] {processor.py:914} INFO - Processing file /opt/airflow/dags/00_hello_world.py for tasks to queue
[2026-09-10T03:01:53.406+0000] {logging_mixin.py:190} INFO - [2026-09-10T03:01:53.405+0000] {dagbag.py:588} INFO - Filling up the DagBag from /opt/airflow/dags/00_hello_world.py
[2026-09-10T03:01:53.416+0000] {processor.py:925} INFO - DAG(s) '00_hello_world' retrieved from /opt/airflow/dags/00_hello_world.py
[2026-09-10T03:01:53.452+0000] {logging_mixin.py:190} INFO - [2026-09-10T03:01:53.451+0000] {dag.py:3239} INFO - Sync 1 DAGs
[2026-09-10T03:01:53.468+0000] {logging_mixin.py:190} INFO - [2026-09-10T03:01:53.468+0000] {dag.py:4180} INFO - Setting next_dagrun for 00_hello_world to None, run_after=None
[2026-09-10T03:01:53.489+0000] {processor.py:208} INFO - Processing /opt/airflow/dags/00_hello_world.py took 0.102 seconds
[2026-09-10T03:02:24.340+0000] {processor.py:186} INFO - Started process (PID=2318) to work on /opt/airflow/dags/00_hello_world.py
[2026-09-10T03:02:24.341+0000] {processor.py:914} INFO - Processing file /opt/airflow/dags/00_hello_world.py for tasks to queue
[2026-09-10T03:02:24.343+0000] {logging_mixin.py:190} INFO - [2026-09-10T03:02:24.342+0000] {dagbag.py:588} INFO - Filling up the DagBag from /opt/airflow/dags/00_hello_world.py
[2026-09-10T03:02:24.350+0000] {processor.py:925} INFO - DAG(s) '00_hello_world' retrieved from /opt/airflow/dags/00_hello_world.py
[2026-09-10T03:02:24.386+0000] {logging_mixin.py:190} INFO - [2026-09-10T03:02:24.386+0000] {dag.py:3239} INFO - Sync 1 DAGs
[2026-09-10T03:02:24.404+0000] {logging_mixin.py:190} INFO - [2026-09-10T03:02:24.403+0000] {dag.py:4180} INFO - Setting next_dagrun for 00_hello_world to None, run_after=None
[2026-09-10T03:02:24.426+0000] {processor.py:208} INFO - Processing /opt/airflow/dags/00_hello_world.py took 0.094 seconds
[2026-09-10T03:02:55.404+0000] {processor.py:186} INFO - Started process (PID=2368) to work on /opt/airflow/dags/00_hello_world.py
[2026-09-10T03:02:55.406+0000] {processor.py:914} INFO - Processing file /opt/airflow/dags/00_hello_world.py for tasks to queue
[2026-09-10T03:02:55.410+0000] {logging_mixin.py:190} INFO - [2026-09-10T03:02:55.410+0000] {dagbag.py:588} INFO - Filling up the DagBag from /opt/airflow/dags/00_hello_world.py
[2026-09-10T03:02:55.422+0000] {processor.py:925} INFO - DAG(s) '00_hello_world' retrieved from /opt/airflow/dags/00_hello_world.py
[2026-09-10T03:02:55.460+0000] {logging_mixin.py:190} INFO - [2026-09-10T03:02:55.460+0000] {dag.py:3239} INFO - Sync 1 DAGs
[2026-09-10T03:02:55.478+0000] {logging_mixin.py:190} INFO - [2026-09-10T03:02:55.478+0000] {dag.py:4180} INFO - Setting next_dagrun for 00_hello_world to None, run_after=None
[2026-09-10T03:02:55.503+0000] {processor.py:208} INFO - Processing /opt/airflow/dags/00_hello_world.py took 0.108 seconds
[2026-09-10T03:03:26.227+0000] {processor.py:186} INFO - Started process (PID=2418) to work on /opt/airflow/dags/00_hello_world.py
[2026-09-10T03:03:26.228+0000] {processor.py:914} INFO - Processing file /opt/airflow/dags/00_hello_world.py for tasks to queue
[2026-09-10T03:03:26.230+0000] {logging_mixin.py:190} INFO - [2026-09-10T03:03:26.230+0000] {dagbag.py:588} INFO - Filling up the DagBag from /opt/airflow/dags/00_hello_world.py
[2026-09-10T03:03:26.238+0000] {processor.py:925} INFO - DAG(s) '00_hello_world' retrieved from /opt/airflow/dags/00_hello_world.py
[2026-09-10T03:03:26.273+0000] {logging_mixin.py:190} INFO - [2026-09-10T03:03:26.273+0000] {dag.py:3239} INFO - Sync 1 DAGs
[2026-09-10T03:03:26.292+0000] {logging_mixin.py:190} INFO - [2026-09-10T03:03:26.292+0000] {dag.py:4180} INFO - Setting next_dagrun for 00_hello_world to None, run_after=None
[2026-09-10T03:03:26.313+0000] {processor.py:208} INFO - Processing /opt/airflow/dags/00_hello_world.py took 0.092 seconds
[2026-09-10T03:03:57.087+0000] {processor.py:186} INFO - Started process (PID=2468) to work on /opt/airflow/dags/00_hello_world.py
[2026-09-10T03:03:57.088+0000] {processor.py:914} INFO - Processing file /opt/airflow/dags/00_hello_world.py for tasks to queue
[2026-09-10T03:03:57.091+0000] {logging_mixin.py:190} INFO - [2026-09-10T03:03:57.091+0000] {dagbag.py:588} INFO - Filling up the DagBag from /opt/airflow/dags/00_hello_world.py
[2026-09-10T03:03:57.101+0000] {processor.py:925} INFO - DAG(s) '00_hello_world' retrieved from /opt/airflow/dags/00_hello_world.py
[2026-09-10T03:03:57.138+0000] {logging_mixin.py:190} INFO - [2026-09-10T03:03:57.138+0000] {dag.py:3239} INFO - Sync 1 DAGs
[2026-09-10T03:03:57.155+0000] {logging_mixin.py:190} INFO - [2026-09-10T03:03:57.155+0000] {dag.py:4180} INFO - Setting next_dagrun for 00_hello_world to None, run_after=None
[2026-09-10T03:03:57.179+0000] {processor.py:208} INFO - Processing /opt/airflow/dags/00_hello_world.py took 0.101 seconds
[2026-09-10T03:04:27.345+0000] {processor.py:186} INFO - Started process (PID=2520) to work on /opt/airflow/dags/00_hello_world.py
[2026-09-10T03:04:27.346+0000] {processor.py:914} INFO - Processing file /opt/airflow/dags/00_hello_world.py for tasks to queue
[2026-09-10T03:04:27.349+0000] {logging_mixin.py:190} INFO - [2026-09-10T03:04:27.349+0000] {dagbag.py:588} INFO - Filling up the DagBag from /opt/airflow/dags/00_hello_world.py
[2026-09-10T03:04:27.361+0000] {processor.py:925} INFO - DAG(s) '00_hello_world' retrieved from /opt/airflow/dags/00_hello_world.py
[2026-09-10T03:04:27.413+0000] {logging_mixin.py:190} INFO - [2026-09-10T03:04:27.413+0000] {dag.py:3239} INFO - Sync 1 DAGs
[2026-09-10T03:04:27.445+0000] {logging_mixin.py:190} INFO - [2026-09-10T03:04:27.445+0000] {dag.py:4180} INFO - Setting next_dagrun for 00_hello_world to None, run_after=None
[2026-09-10T03:04:27.477+0000] {processor.py:208} INFO - Processing /opt/airflow/dags/00_hello_world.py took 0.141 seconds
[2026-09-10T03:04:58.303+0000] {processor.py:186} INFO - Started process (PID=2570) to work on /opt/airflow/dags/00_hello_world.py
[2026-09-10T03:04:58.305+0000] {processor.py:914} INFO - Processing file /opt/airflow/dags/00_hello_world.py for tasks to queue
[2026-09-10T03:04:58.308+0000] {logging_mixin.py:190} INFO - [2026-09-10T03:04:58.308+0000] {dagbag.py:588} INFO - Filling up the DagBag from /opt/airflow/dags/00_hello_world.py
[2026-09-10T03:04:58.318+0000] {processor.py:925} INFO - DAG(s) '00_hello_world' retrieved from /opt/airflow/dags/00_hello_world.py
[2026-09-10T03:04:58.351+0000] {logging_mixin.py:190} INFO - [2026-09-10T03:04:58.351+0000] {dag.py:3239} INFO - Sync 1 DAGs
[2026-09-10T03:04:58.367+0000] {logging_mixin.py:190} INFO - [2026-09-10T03:04:58.366+0000] {dag.py:4180} INFO - Setting next_dagrun for 00_hello_world to None, run_after=None
[2026-09-10T03:04:58.386+0000] {processor.py:208} INFO - Processing /opt/airflow/dags/00_hello_world.py took 0.091 seconds
[2026-09-10T03:05:29.301+0000] {processor.py:186} INFO - Started process (PID=2620) to work on /opt/airflow/dags/00_hello_world.py
[2026-09-10T03:05:29.301+0000] {processor.py:914} INFO - Processing file /opt/airflow/dags/00_hello_world.py for tasks to queue
[2026-09-10T03:05:29.304+0000] {logging_mixin.py:190} INFO - [2026-09-10T03:05:29.304+0000] {dagbag.py:588} INFO - Filling up the DagBag from /opt/airflow/dags/00_hello_world.py
[2026-09-10T03:05:29.313+0000] {processor.py:925} INFO - DAG(s) '00_hello_world' retrieved from /opt/airflow/dags/00_hello_world.py
[2026-09-10T03:05:29.345+0000] {logging_mixin.py:190} INFO - [2026-09-10T03:05:29.345+0000] {dag.py:3239} INFO - Sync 1 DAGs
[2026-09-10T03:05:29.361+0000] {logging_mixin.py:190} INFO - [2026-09-10T03:05:29.360+0000] {dag.py:4180} INFO - Setting next_dagrun for 00_hello_world to None, run_after=None
[2026-09-10T03:05:29.379+0000] {processor.py:208} INFO - Processing /opt/airflow/dags/00_hello_world.py took 0.086 seconds
[2026-09-10T03:06:00.395+0000] {processor.py:186} INFO - Started process (PID=2670) to work on /opt/airflow/dags/00_hello_world.py
[2026-09-10T03:06:00.397+0000] {processor.py:914} INFO - Processing file /opt/airflow/dags/00_hello_world.py for tasks to queue
[2026-09-10T03:06:00.400+0000] {logging_mixin.py:190} INFO - [2026-09-10T03:06:00.399+0000] {dagbag.py:588} INFO - Filling up the DagBag from /opt/airflow/dags/00_hello_world.py
[2026-09-10T03:06:00.413+0000] {processor.py:925} INFO - DAG(s) '00_hello_world' retrieved from /opt/airflow/dags/00_hello_world.py
[2026-09-10T03:06:00.455+0000] {logging_mixin.py:190} INFO - [2026-09-10T03:06:00.454+0000] {dag.py:3239} INFO - Sync 1 DAGs
[2026-09-10T03:06:00.475+0000] {logging_mixin.py:190} INFO - [2026-09-10T03:06:00.475+0000] {dag.py:4180} INFO - Setting next_dagrun for 00_hello_world to None, run_after=None
[2026-09-10T03:06:00.500+0000] {processor.py:208} INFO - Processing /opt/airflow/dags/00_hello_world.py took 0.116 seconds
[2026-09-10T03:06:31.271+0000] {processor.py:186} INFO - Started process (PID=2718) to work on /opt/airflow/dags/00_hello_world.py
[2026-09-10T03:06:31.272+0000] {processor.py:914} INFO - Processing file /opt/airflow/dags/00_hello_world.py for tasks to queue
[2026-09-10T03:06:31.275+0000] {logging_mixin.py:190} INFO - [2026-09-10T03:06:31.274+0000] {dagbag.py:588} INFO - Filling up the DagBag from /opt/airflow/dags/00_hello_world.py
[2026-09-10T03:06:31.284+0000] {processor.py:925} INFO - DAG(s) '00_hello_world' retrieved from /opt/airflow/dags/00_hello_world.py
[2026-09-10T03:06:31.320+0000] {logging_mixin.py:190} INFO - [2026-09-10T03:06:31.319+0000] {dag.py:3239} INFO - Sync 1 DAGs
[2026-09-10T03:06:31.336+0000] {logging_mixin.py:190} INFO - [2026-09-10T03:06:31.336+0000] {dag.py:4180} INFO - Setting next_dagrun for 00_hello_world to None, run_after=None
[2026-09-10T03:06:31.354+0000] {processor.py:208} INFO - Processing /opt/airflow/dags/00_hello_world.py took 0.092 seconds
[2026-09-10T03:07:02.264+0000] {processor.py:186} INFO - Started process (PID=2770) to work on /opt/airflow/dags/00_hello_world.py
[2026-09-10T03:07:02.266+0000] {processor.py:914} INFO - Processing file /opt/airflow/dags/00_hello_world.py for tasks to queue
[2026-09-10T03:07:02.270+0000] {logging_mixin.py:190} INFO - [2026-09-10T03:07:02.269+0000] {dagbag.py:588} INFO - Filling up the DagBag from /opt/airflow/dags/00_hello_world.py
[2026-09-10T03:07:02.281+0000] {processor.py:925} INFO - DAG(s) '00_hello_world' retrieved from /opt/airflow/dags/00_hello_world.py
[2026-09-10T03:07:02.314+0000] {logging_mixin.py:190} INFO - [2026-09-10T03:07:02.313+0000] {dag.py:3239} INFO - Sync 1 DAGs
[2026-09-10T03:07:02.329+0000] {logging_mixin.py:190} INFO - [2026-09-10T03:07:02.329+0000] {dag.py:4180} INFO - Setting next_dagrun for 00_hello_world to None, run_after=None
[2026-09-10T03:07:02.348+0000] {processor.py:208} INFO - Processing /opt/airflow/dags/00_hello_world.py took 0.092 seconds
[2026-09-10T03:07:33.209+0000] {processor.py:186} INFO - Started process (PID=2821) to work on /opt/airflow/dags/00_hello_world.py
[2026-09-10T03:07:33.212+0000] {processor.py:914} INFO - Processing file /opt/airflow/dags/00_hello_world.py for tasks to queue
[2026-09-10T03:07:33.217+0000] {logging_mixin.py:190} INFO - [2026-09-10T03:07:33.217+0000] {dagbag.py:588} INFO - Filling up the DagBag from /opt/airflow/dags/00_hello_world.py
[2026-09-10T03:07:33.235+0000] {processor.py:925} INFO - DAG(s) '00_hello_world' retrieved from /opt/airflow/dags/00_hello_world.py
[2026-09-10T03:07:33.282+0000] {logging_mixin.py:190} INFO - [2026-09-10T03:07:33.282+0000] {dag.py:3239} INFO - Sync 1 DAGs
[2026-09-10T03:07:33.306+0000] {logging_mixin.py:190} INFO - [2026-09-10T03:07:33.306+0000] {dag.py:4180} INFO - Setting next_dagrun for 00_hello_world to None, run_after=None
[2026-09-10T03:07:33.336+0000] {processor.py:208} INFO - Processing /opt/airflow/dags/00_hello_world.py took 0.147 seconds
[2026-09-10T03:08:04.221+0000] {processor.py:186} INFO - Started process (PID=2885) to work on /opt/airflow/dags/00_hello_world.py
[2026-09-10T03:08:04.223+0000] {processor.py:914} INFO - Processing file /opt/airflow/dags/00_hello_world.py for tasks to queue
[2026-09-10T03:08:04.226+0000] {logging_mixin.py:190} INFO - [2026-09-10T03:08:04.225+0000] {dagbag.py:588} INFO - Filling up the DagBag from /opt/airflow/dags/00_hello_world.py
[2026-09-10T03:08:04.235+0000] {processor.py:925} INFO - DAG(s) '00_hello_world' retrieved from /opt/airflow/dags/00_hello_world.py
[2026-09-10T03:08:04.268+0000] {logging_mixin.py:190} INFO - [2026-09-10T03:08:04.268+0000] {dag.py:3239} INFO - Sync 1 DAGs
[2026-09-10T03:08:04.284+0000] {logging_mixin.py:190} INFO - [2026-09-10T03:08:04.283+0000] {dag.py:4180} INFO - Setting next_dagrun for 00_hello_world to None, run_after=None
[2026-09-10T03:08:04.302+0000] {processor.py:208} INFO - Processing /opt/airflow/dags/00_hello_world.py took 0.091 seconds
[2026-09-10T03:08:34.973+0000] {processor.py:186} INFO - Started process (PID=2933) to work on /opt/airflow/dags/00_hello_world.py
[2026-09-10T03:08:34.976+0000] {processor.py:914} INFO - Processing file /opt/airflow/dags/00_hello_world.py for tasks to queue
[2026-09-10T03:08:34.983+0000] {logging_mixin.py:190} INFO - [2026-09-10T03:08:34.982+0000] {dagbag.py:588} INFO - Filling up the DagBag from /opt/airflow/dags/00_hello_world.py
[2026-09-10T03:08:34.998+0000] {processor.py:925} INFO - DAG(s) '00_hello_world' retrieved from /opt/airflow/dags/00_hello_world.py
[2026-09-10T03:08:35.050+0000] {logging_mixin.py:190} INFO - [2026-09-10T03:08:35.050+0000] {dag.py:3239} INFO - Sync 1 DAGs
[2026-09-10T03:08:35.070+0000] {logging_mixin.py:190} INFO - [2026-09-10T03:08:35.070+0000] {dag.py:4180} INFO - Setting next_dagrun for 00_hello_world to None, run_after=None
[2026-09-10T03:08:35.099+0000] {processor.py:208} INFO - Processing /opt/airflow/dags/00_hello_world.py took 0.160 seconds
[2026-09-10T03:09:05.234+0000] {processor.py:186} INFO - Started process (PID=2983) to work on /opt/airflow/dags/00_hello_world.py
[2026-09-10T03:09:05.238+0000] {processor.py:914} INFO - Processing file /opt/airflow/dags/00_hello_world.py for tasks to queue
[2026-09-10T03:09:05.245+0000] {logging_mixin.py:190} INFO - [2026-09-10T03:09:05.244+0000] {dagbag.py:588} INFO - Filling up the DagBag from /opt/airflow/dags/00_hello_world.py
[2026-09-10T03:09:05.260+0000] {processor.py:925} INFO - DAG(s) '00_hello_world' retrieved from /opt/airflow/dags/00_hello_world.py
[2026-09-10T03:09:05.312+0000] {logging_mixin.py:190} INFO - [2026-09-10T03:09:05.311+0000] {dag.py:3239} INFO - Sync 1 DAGs
[2026-09-10T03:09:05.335+0000] {logging_mixin.py:190} INFO - [2026-09-10T03:09:05.334+0000] {dag.py:4180} INFO - Setting next_dagrun for 00_hello_world to None, run_after=None
[2026-09-10T03:09:05.377+0000] {processor.py:208} INFO - Processing /opt/airflow/dags/00_hello_world.py took 0.159 seconds
[2026-09-10T03:09:36.224+0000] {processor.py:186} INFO - Started process (PID=3042) to work on /opt/airflow/dags/00_hello_world.py
[2026-09-10T03:09:36.225+0000] {processor.py:914} INFO - Processing file /opt/airflow/dags/00_hello_world.py for tasks to queue
[2026-09-10T03:09:36.228+0000] {logging_mixin.py:190} INFO - [2026-09-10T03:09:36.227+0000] {dagbag.py:588} INFO - Filling up the DagBag from /opt/airflow/dags/00_hello_world.py
[2026-09-10T03:09:36.240+0000] {processor.py:925} INFO - DAG(s) '00_hello_world' retrieved from /opt/airflow/dags/00_hello_world.py
[2026-09-10T03:09:36.286+0000] {logging_mixin.py:190} INFO - [2026-09-10T03:09:36.286+0000] {dag.py:3239} INFO - Sync 1 DAGs
[2026-09-10T03:09:36.306+0000] {logging_mixin.py:190} INFO - [2026-09-10T03:09:36.306+0000] {dag.py:4180} INFO - Setting next_dagrun for 00_hello_world to None, run_after=None
[2026-09-10T03:09:36.330+0000] {processor.py:208} INFO - Processing /opt/airflow/dags/00_hello_world.py took 0.117 seconds
[2026-09-10T03:10:07.141+0000] {processor.py:186} INFO - Started process (PID=3092) to work on /opt/airflow/dags/00_hello_world.py
[2026-09-10T03:10:07.142+0000] {processor.py:914} INFO - Processing file /opt/airflow/dags/00_hello_world.py for tasks to queue
[2026-09-10T03:10:07.145+0000] {logging_mixin.py:190} INFO - [2026-09-10T03:10:07.145+0000] {dagbag.py:588} INFO - Filling up the DagBag from /opt/airflow/dags/00_hello_world.py
[2026-09-10T03:10:07.156+0000] {processor.py:925} INFO - DAG(s) '00_hello_world' retrieved from /opt/airflow/dags/00_hello_world.py
[2026-09-10T03:10:07.197+0000] {logging_mixin.py:190} INFO - [2026-09-10T03:10:07.197+0000] {dag.py:3239} INFO - Sync 1 DAGs
[2026-09-10T03:10:07.214+0000] {logging_mixin.py:190} INFO - [2026-09-10T03:10:07.214+0000] {dag.py:4180} INFO - Setting next_dagrun for 00_hello_world to None, run_after=None
[2026-09-10T03:10:07.236+0000] {processor.py:208} INFO - Processing /opt/airflow/dags/00_hello_world.py took 0.103 seconds
[2026-09-10T03:10:38.014+0000] {processor.py:186} INFO - Started process (PID=3142) to work on /opt/airflow/dags/00_hello_world.py
[2026-09-10T03:10:38.016+0000] {processor.py:914} INFO - Processing file /opt/airflow/dags/00_hello_world.py for tasks to queue
[2026-09-10T03:10:38.020+0000] {logging_mixin.py:190} INFO - [2026-09-10T03:10:38.019+0000] {dagbag.py:588} INFO - Filling up the DagBag from /opt/airflow/dags/00_hello_world.py
[2026-09-10T03:10:38.029+0000] {processor.py:925} INFO - DAG(s) '00_hello_world' retrieved from /opt/airflow/dags/00_hello_world.py
[2026-09-10T03:10:38.062+0000] {logging_mixin.py:190} INFO - [2026-09-10T03:10:38.062+0000] {dag.py:3239} INFO - Sync 1 DAGs
[2026-09-10T03:10:38.078+0000] {logging_mixin.py:190} INFO - [2026-09-10T03:10:38.078+0000] {dag.py:4180} INFO - Setting next_dagrun for 00_hello_world to None, run_after=None
[2026-09-10T03:10:38.100+0000] {processor.py:208} INFO - Processing /opt/airflow/dags/00_hello_world.py took 0.095 seconds
[2026-09-10T03:11:08.887+0000] {processor.py:186} INFO - Started process (PID=3192) to work on /opt/airflow/dags/00_hello_world.py
[2026-09-10T03:11:08.890+0000] {processor.py:914} INFO - Processing file /opt/airflow/dags/00_hello_world.py for tasks to queue
[2026-09-10T03:11:08.893+0000] {logging_mixin.py:190} INFO - [2026-09-10T03:11:08.892+0000] {dagbag.py:588} INFO - Filling up the DagBag from /opt/airflow/dags/00_hello_world.py
[2026-09-10T03:11:08.905+0000] {processor.py:925} INFO - DAG(s) '00_hello_world' retrieved from /opt/airflow/dags/00_hello_world.py
[2026-09-10T03:11:08.940+0000] {logging_mixin.py:190} INFO - [2026-09-10T03:11:08.940+0000] {dag.py:3239} INFO - Sync 1 DAGs
[2026-09-10T03:11:08.957+0000] {logging_mixin.py:190} INFO - [2026-09-10T03:11:08.957+0000] {dag.py:4180} INFO - Setting next_dagrun for 00_hello_world to None, run_after=None
[2026-09-10T03:11:08.978+0000] {processor.py:208} INFO - Processing /opt/airflow/dags/00_hello_world.py took 0.099 seconds
[2026-09-10T03:11:39.817+0000] {processor.py:186} INFO - Started process (PID=3242) to work on /opt/airflow/dags/00_hello_world.py
[2026-09-10T03:11:39.817+0000] {processor.py:914} INFO - Processing file /opt/airflow/dags/00_hello_world.py for tasks to queue
[2026-09-10T03:11:39.820+0000] {logging_mixin.py:190} INFO - [2026-09-10T03:11:39.820+0000] {dagbag.py:588} INFO - Filling up the DagBag from /opt/airflow/dags/00_hello_world.py
[2026-09-10T03:11:39.828+0000] {processor.py:925} INFO - DAG(s) '00_hello_world' retrieved from /opt/airflow/dags/00_hello_world.py
[2026-09-10T03:11:39.862+0000] {logging_mixin.py:190} INFO - [2026-09-10T03:11:39.862+0000] {dag.py:3239} INFO - Sync 1 DAGs
[2026-09-10T03:11:39.878+0000] {logging_mixin.py:190} INFO - [2026-09-10T03:11:39.878+0000] {dag.py:4180} INFO - Setting next_dagrun for 00_hello_world to None, run_after=None
[2026-09-10T03:11:39.898+0000] {processor.py:208} INFO - Processing /opt/airflow/dags/00_hello_world.py took 0.088 seconds
[2026-09-10T03:12:10.875+0000] {processor.py:186} INFO - Started process (PID=3301) to work on /opt/airflow/dags/00_hello_world.py
[2026-09-10T03:12:10.888+0000] {processor.py:914} INFO - Processing file /opt/airflow/dags/00_hello_world.py for tasks to queue
[2026-09-10T03:12:10.899+0000] {logging_mixin.py:190} INFO - [2026-09-10T03:12:10.898+0000] {dagbag.py:588} INFO - Filling up the DagBag from /opt/airflow/dags/00_hello_world.py
[2026-09-10T03:12:10.948+0000] {processor.py:925} INFO - DAG(s) '00_hello_world' retrieved from /opt/airflow/dags/00_hello_world.py
[2026-09-10T03:12:11.113+0000] {logging_mixin.py:190} INFO - [2026-09-10T03:12:11.112+0000] {dag.py:3239} INFO - Sync 1 DAGs
[2026-09-10T03:12:11.190+0000] {logging_mixin.py:190} INFO - [2026-09-10T03:12:11.190+0000] {dag.py:4180} INFO - Setting next_dagrun for 00_hello_world to None, run_after=None
[2026-09-10T03:12:11.238+0000] {processor.py:208} INFO - Processing /opt/airflow/dags/00_hello_world.py took 0.394 seconds
[2026-09-10T03:12:42.100+0000] {processor.py:186} INFO - Started process (PID=3354) to work on /opt/airflow/dags/00_hello_world.py
[2026-09-10T03:12:42.102+0000] {processor.py:914} INFO - Processing file /opt/airflow/dags/00_hello_world.py for tasks to queue
[2026-09-10T03:12:42.106+0000] {logging_mixin.py:190} INFO - [2026-09-10T03:12:42.105+0000] {dagbag.py:588} INFO - Filling up the DagBag from /opt/airflow/dags/00_hello_world.py
[2026-09-10T03:12:42.120+0000] {processor.py:925} INFO - DAG(s) '00_hello_world' retrieved from /opt/airflow/dags/00_hello_world.py
[2026-09-10T03:12:42.165+0000] {logging_mixin.py:190} INFO - [2026-09-10T03:12:42.165+0000] {dag.py:3239} INFO - Sync 1 DAGs
[2026-09-10T03:12:42.185+0000] {logging_mixin.py:190} INFO - [2026-09-10T03:12:42.185+0000] {dag.py:4180} INFO - Setting next_dagrun for 00_hello_world to None, run_after=None
[2026-09-10T03:12:42.205+0000] {processor.py:208} INFO - Processing /opt/airflow/dags/00_hello_world.py took 0.115 seconds
[2026-09-10T03:13:13.081+0000] {processor.py:186} INFO - Started process (PID=3410) to work on /opt/airflow/dags/00_hello_world.py
[2026-09-10T03:13:13.083+0000] {processor.py:914} INFO - Processing file /opt/airflow/dags/00_hello_world.py for tasks to queue
[2026-09-10T03:13:13.087+0000] {logging_mixin.py:190} INFO - [2026-09-10T03:13:13.086+0000] {dagbag.py:588} INFO - Filling up the DagBag from /opt/airflow/dags/00_hello_world.py
[2026-09-10T03:13:13.109+0000] {processor.py:925} INFO - DAG(s) '00_hello_world' retrieved from /opt/airflow/dags/00_hello_world.py
[2026-09-10T03:13:13.168+0000] {logging_mixin.py:190} INFO - [2026-09-10T03:13:13.168+0000] {dag.py:3239} INFO - Sync 1 DAGs
[2026-09-10T03:13:13.201+0000] {logging_mixin.py:190} INFO - [2026-09-10T03:13:13.201+0000] {dag.py:4180} INFO - Setting next_dagrun for 00_hello_world to None, run_after=None
[2026-09-10T03:13:13.242+0000] {processor.py:208} INFO - Processing /opt/airflow/dags/00_hello_world.py took 0.168 seconds
[2026-09-10T03:13:43.406+0000] {processor.py:186} INFO - Started process (PID=3460) to work on /opt/airflow/dags/00_hello_world.py
[2026-09-10T03:13:43.407+0000] {processor.py:914} INFO - Processing file /opt/airflow/dags/00_hello_world.py for tasks to queue
[2026-09-10T03:13:43.409+0000] {logging_mixin.py:190} INFO - [2026-09-10T03:13:43.409+0000] {dagbag.py:588} INFO - Filling up the DagBag from /opt/airflow/dags/00_hello_world.py
[2026-09-10T03:13:43.418+0000] {processor.py:925} INFO - DAG(s) '00_hello_world' retrieved from /opt/airflow/dags/00_hello_world.py
[2026-09-10T03:13:43.455+0000] {logging_mixin.py:190} INFO - [2026-09-10T03:13:43.455+0000] {dag.py:3239} INFO - Sync 1 DAGs
[2026-09-10T03:13:43.472+0000] {logging_mixin.py:190} INFO - [2026-09-10T03:13:43.472+0000] {dag.py:4180} INFO - Setting next_dagrun for 00_hello_world to None, run_after=None
[2026-09-10T03:13:43.493+0000] {processor.py:208} INFO - Processing /opt/airflow/dags/00_hello_world.py took 0.096 seconds
[2026-09-10T03:14:13.652+0000] {processor.py:186} INFO - Started process (PID=3519) to work on /opt/airflow/dags/00_hello_world.py
[2026-09-10T03:14:13.655+0000] {processor.py:914} INFO - Processing file /opt/airflow/dags/00_hello_world.py for tasks to queue
[2026-09-10T03:14:13.659+0000] {logging_mixin.py:190} INFO - [2026-09-10T03:14:13.658+0000] {dagbag.py:588} INFO - Filling up the DagBag from /opt/airflow/dags/00_hello_world.py
[2026-09-10T03:14:13.673+0000] {processor.py:925} INFO - DAG(s) '00_hello_world' retrieved from /opt/airflow/dags/00_hello_world.py
[2026-09-10T03:14:13.746+0000] {logging_mixin.py:190} INFO - [2026-09-10T03:14:13.746+0000] {dag.py:3239} INFO - Sync 1 DAGs
[2026-09-10T03:14:13.799+0000] {logging_mixin.py:190} INFO - [2026-09-10T03:14:13.799+0000] {dag.py:4180} INFO - Setting next_dagrun for 00_hello_world to None, run_after=None
[2026-09-10T03:14:13.848+0000] {processor.py:208} INFO - Processing /opt/airflow/dags/00_hello_world.py took 0.206 seconds
[2026-09-10T03:14:44.052+0000] {processor.py:186} INFO - Started process (PID=3569) to work on /opt/airflow/dags/00_hello_world.py
[2026-09-10T03:14:44.053+0000] {processor.py:914} INFO - Processing file /opt/airflow/dags/00_hello_world.py for tasks to queue
[2026-09-10T03:14:44.057+0000] {logging_mixin.py:190} INFO - [2026-09-10T03:14:44.056+0000] {dagbag.py:588} INFO - Filling up the DagBag from /opt/airflow/dags/00_hello_world.py
[2026-09-10T03:14:44.067+0000] {processor.py:925} INFO - DAG(s) '00_hello_world' retrieved from /opt/airflow/dags/00_hello_world.py
[2026-09-10T03:14:44.108+0000] {logging_mixin.py:190} INFO - [2026-09-10T03:14:44.108+0000] {dag.py:3239} INFO - Sync 1 DAGs
[2026-09-10T03:14:44.125+0000] {logging_mixin.py:190} INFO - [2026-09-10T03:14:44.125+0000] {dag.py:4180} INFO - Setting next_dagrun for 00_hello_world to None, run_after=None
[2026-09-10T03:14:44.145+0000] {processor.py:208} INFO - Processing /opt/airflow/dags/00_hello_world.py took 0.103 seconds
[2026-09-10T03:15:14.248+0000] {processor.py:186} INFO - Started process (PID=3619) to work on /opt/airflow/dags/00_hello_world.py
[2026-09-10T03:15:14.249+0000] {processor.py:914} INFO - Processing file /opt/airflow/dags/00_hello_world.py for tasks to queue
[2026-09-10T03:15:14.252+0000] {logging_mixin.py:190} INFO - [2026-09-10T03:15:14.252+0000] {dagbag.py:588} INFO - Filling up the DagBag from /opt/airflow/dags/00_hello_world.py
[2026-09-10T03:15:14.270+0000] {processor.py:925} INFO - DAG(s) '00_hello_world' retrieved from /opt/airflow/dags/00_hello_world.py
[2026-09-10T03:15:14.316+0000] {logging_mixin.py:190} INFO - [2026-09-10T03:15:14.316+0000] {dag.py:3239} INFO - Sync 1 DAGs
[2026-09-10T03:15:14.337+0000] {logging_mixin.py:190} INFO - [2026-09-10T03:15:14.337+0000] {dag.py:4180} INFO - Setting next_dagrun for 00_hello_world to None, run_after=None
[2026-09-10T03:15:14.371+0000] {processor.py:208} INFO - Processing /opt/airflow/dags/00_hello_world.py took 0.133 seconds
[2026-09-10T03:15:45.239+0000] {processor.py:186} INFO - Started process (PID=3669) to work on /opt/airflow/dags/00_hello_world.py
[2026-09-10T03:15:45.240+0000] {processor.py:914} INFO - Processing file /opt/airflow/dags/00_hello_world.py for tasks to queue
[2026-09-10T03:15:45.242+0000] {logging_mixin.py:190} INFO - [2026-09-10T03:15:45.242+0000] {dagbag.py:588} INFO - Filling up the DagBag from /opt/airflow/dags/00_hello_world.py
[2026-09-10T03:15:45.252+0000] {processor.py:925} INFO - DAG(s) '00_hello_world' retrieved from /opt/airflow/dags/00_hello_world.py
[2026-09-10T03:15:45.292+0000] {logging_mixin.py:190} INFO - [2026-09-10T03:15:45.292+0000] {dag.py:3239} INFO - Sync 1 DAGs
[2026-09-10T03:15:45.312+0000] {logging_mixin.py:190} INFO - [2026-09-10T03:15:45.312+0000] {dag.py:4180} INFO - Setting next_dagrun for 00_hello_world to None, run_after=None
[2026-09-10T03:15:45.334+0000] {processor.py:208} INFO - Processing /opt/airflow/dags/00_hello_world.py took 0.104 seconds
[2026-09-10T03:16:15.511+0000] {processor.py:186} INFO - Started process (PID=3721) to work on /opt/airflow/dags/00_hello_world.py
[2026-09-10T03:16:15.512+0000] {processor.py:914} INFO - Processing file /opt/airflow/dags/00_hello_world.py for tasks to queue
[2026-09-10T03:16:15.515+0000] {logging_mixin.py:190} INFO - [2026-09-10T03:16:15.514+0000] {dagbag.py:588} INFO - Filling up the DagBag from /opt/airflow/dags/00_hello_world.py
[2026-09-10T03:16:15.522+0000] {processor.py:925} INFO - DAG(s) '00_hello_world' retrieved from /opt/airflow/dags/00_hello_world.py
[2026-09-10T03:16:15.553+0000] {logging_mixin.py:190} INFO - [2026-09-10T03:16:15.553+0000] {dag.py:3239} INFO - Sync 1 DAGs
[2026-09-10T03:16:15.568+0000] {logging_mixin.py:190} INFO - [2026-09-10T03:16:15.568+0000] {dag.py:4180} INFO - Setting next_dagrun for 00_hello_world to None, run_after=None
[2026-09-10T03:16:15.591+0000] {processor.py:208} INFO - Processing /opt/airflow/dags/00_hello_world.py took 0.086 seconds
[2026-09-10T03:16:46.328+0000] {processor.py:186} INFO - Started process (PID=3769) to work on /opt/airflow/dags/00_hello_world.py
[2026-09-10T03:16:46.328+0000] {processor.py:914} INFO - Processing file /opt/airflow/dags/00_hello_world.py for tasks to queue
[2026-09-10T03:16:46.332+0000] {logging_mixin.py:190} INFO - [2026-09-10T03:16:46.331+0000] {dagbag.py:588} INFO - Filling up the DagBag from /opt/airflow/dags/00_hello_world.py
[2026-09-10T03:16:46.342+0000] {processor.py:925} INFO - DAG(s) '00_hello_world' retrieved from /opt/airflow/dags/00_hello_world.py
[2026-09-10T03:16:46.371+0000] {logging_mixin.py:190} INFO - [2026-09-10T03:16:46.371+0000] {dag.py:3239} INFO - Sync 1 DAGs
[2026-09-10T03:16:46.385+0000] {logging_mixin.py:190} INFO - [2026-09-10T03:16:46.385+0000] {dag.py:4180} INFO - Setting next_dagrun for 00_hello_world to None, run_after=None
[2026-09-10T03:16:46.404+0000] {processor.py:208} INFO - Processing /opt/airflow/dags/00_hello_world.py took 0.083 seconds
[2026-09-10T03:17:17.234+0000] {processor.py:186} INFO - Started process (PID=3819) to work on /opt/airflow/dags/00_hello_world.py
[2026-09-10T03:17:17.235+0000] {processor.py:914} INFO - Processing file /opt/airflow/dags/00_hello_world.py for tasks to queue
[2026-09-10T03:17:17.238+0000] {logging_mixin.py:190} INFO - [2026-09-10T03:17:17.238+0000] {dagbag.py:588} INFO - Filling up the DagBag from /opt/airflow/dags/00_hello_world.py
[2026-09-10T03:17:17.249+0000] {processor.py:925} INFO - DAG(s) '00_hello_world' retrieved from /opt/airflow/dags/00_hello_world.py
[2026-09-10T03:17:17.285+0000] {logging_mixin.py:190} INFO - [2026-09-10T03:17:17.285+0000] {dag.py:3239} INFO - Sync 1 DAGs
[2026-09-10T03:17:17.303+0000] {logging_mixin.py:190} INFO - [2026-09-10T03:17:17.302+0000] {dag.py:4180} INFO - Setting next_dagrun for 00_hello_world to None, run_after=None
[2026-09-10T03:17:17.324+0000] {processor.py:208} INFO - Processing /opt/airflow/dags/00_hello_world.py took 0.099 seconds
[2026-09-10T03:17:48.214+0000] {processor.py:186} INFO - Started process (PID=3869) to work on /opt/airflow/dags/00_hello_world.py
[2026-09-10T03:17:48.215+0000] {processor.py:914} INFO - Processing file /opt/airflow/dags/00_hello_world.py for tasks to queue
[2026-09-10T03:17:48.217+0000] {logging_mixin.py:190} INFO - [2026-09-10T03:17:48.217+0000] {dagbag.py:588} INFO - Filling up the DagBag from /opt/airflow/dags/00_hello_world.py
[2026-09-10T03:17:48.227+0000] {processor.py:925} INFO - DAG(s) '00_hello_world' retrieved from /opt/airflow/dags/00_hello_world.py
[2026-09-10T03:17:48.261+0000] {logging_mixin.py:190} INFO - [2026-09-10T03:17:48.261+0000] {dag.py:3239} INFO - Sync 1 DAGs
[2026-09-10T03:17:48.277+0000] {logging_mixin.py:190} INFO - [2026-09-10T03:17:48.277+0000] {dag.py:4180} INFO - Setting next_dagrun for 00_hello_world to None, run_after=None
[2026-09-10T03:17:48.299+0000] {processor.py:208} INFO - Processing /opt/airflow/dags/00_hello_world.py took 0.095 seconds
[2026-09-10T03:18:19.158+0000] {processor.py:186} INFO - Started process (PID=3919) to work on /opt/airflow/dags/00_hello_world.py
[2026-09-10T03:18:19.159+0000] {processor.py:914} INFO - Processing file /opt/airflow/dags/00_hello_world.py for tasks to queue
[2026-09-10T03:18:19.162+0000] {logging_mixin.py:190} INFO - [2026-09-10T03:18:19.162+0000] {dagbag.py:588} INFO - Filling up the DagBag from /opt/airflow/dags/00_hello_world.py
[2026-09-10T03:18:19.171+0000] {processor.py:925} INFO - DAG(s) '00_hello_world' retrieved from /opt/airflow/dags/00_hello_world.py
[2026-09-10T03:18:19.205+0000] {logging_mixin.py:190} INFO - [2026-09-10T03:18:19.205+0000] {dag.py:3239} INFO - Sync 1 DAGs
[2026-09-10T03:18:19.223+0000] {logging_mixin.py:190} INFO - [2026-09-10T03:18:19.223+0000] {dag.py:4180} INFO - Setting next_dagrun for 00_hello_world to None, run_after=None
[2026-09-10T03:18:19.244+0000] {processor.py:208} INFO - Processing /opt/airflow/dags/00_hello_world.py took 0.094 seconds
[2026-09-10T03:18:49.890+0000] {processor.py:186} INFO - Started process (PID=3969) to work on /opt/airflow/dags/00_hello_world.py
[2026-09-10T03:18:49.891+0000] {processor.py:914} INFO - Processing file /opt/airflow/dags/00_hello_world.py for tasks to queue
[2026-09-10T03:18:49.894+0000] {logging_mixin.py:190} INFO - [2026-09-10T03:18:49.894+0000] {dagbag.py:588} INFO - Filling up the DagBag from /opt/airflow/dags/00_hello_world.py
[2026-09-10T03:18:49.905+0000] {processor.py:925} INFO - DAG(s) '00_hello_world' retrieved from /opt/airflow/dags/00_hello_world.py
[2026-09-10T03:18:49.941+0000] {logging_mixin.py:190} INFO - [2026-09-10T03:18:49.941+0000] {dag.py:3239} INFO - Sync 1 DAGs
[2026-09-10T03:18:49.958+0000] {logging_mixin.py:190} INFO - [2026-09-10T03:18:49.958+0000] {dag.py:4180} INFO - Setting next_dagrun for 00_hello_world to None, run_after=None
[2026-09-10T03:18:49.978+0000] {processor.py:208} INFO - Processing /opt/airflow/dags/00_hello_world.py took 0.097 seconds
[2026-09-10T03:19:20.836+0000] {processor.py:186} INFO - Started process (PID=4019) to work on /opt/airflow/dags/00_hello_world.py
[2026-09-10T03:19:20.837+0000] {processor.py:914} INFO - Processing file /opt/airflow/dags/00_hello_world.py for tasks to queue
[2026-09-10T03:19:20.840+0000] {logging_mixin.py:190} INFO - [2026-09-10T03:19:20.840+0000] {dagbag.py:588} INFO - Filling up the DagBag from /opt/airflow/dags/00_hello_world.py
[2026-09-10T03:19:20.850+0000] {processor.py:925} INFO - DAG(s) '00_hello_world' retrieved from /opt/airflow/dags/00_hello_world.py
[2026-09-10T03:19:20.883+0000] {logging_mixin.py:190} INFO - [2026-09-10T03:19:20.883+0000] {dag.py:3239} INFO - Sync 1 DAGs
[2026-09-10T03:19:20.899+0000] {logging_mixin.py:190} INFO - [2026-09-10T03:19:20.899+0000] {dag.py:4180} INFO - Setting next_dagrun for 00_hello_world to None, run_after=None
[2026-09-10T03:19:20.920+0000] {processor.py:208} INFO - Processing /opt/airflow/dags/00_hello_world.py took 0.090 seconds
[2026-09-10T03:19:51.693+0000] {processor.py:186} INFO - Started process (PID=4069) to work on /opt/airflow/dags/00_hello_world.py
[2026-09-10T03:19:51.695+0000] {processor.py:914} INFO - Processing file /opt/airflow/dags/00_hello_world.py for tasks to queue
[2026-09-10T03:19:51.698+0000] {logging_mixin.py:190} INFO - [2026-09-10T03:19:51.698+0000] {dagbag.py:588} INFO - Filling up the DagBag from /opt/airflow/dags/00_hello_world.py
[2026-09-10T03:19:51.708+0000] {processor.py:925} INFO - DAG(s) '00_hello_world' retrieved from /opt/airflow/dags/00_hello_world.py
[2026-09-10T03:19:51.743+0000] {logging_mixin.py:190} INFO - [2026-09-10T03:19:51.743+0000] {dag.py:3239} INFO - Sync 1 DAGs
[2026-09-10T03:19:51.759+0000] {logging_mixin.py:190} INFO - [2026-09-10T03:19:51.759+0000] {dag.py:4180} INFO - Setting next_dagrun for 00_hello_world to None, run_after=None
[2026-09-10T03:19:51.780+0000] {processor.py:208} INFO - Processing /opt/airflow/dags/00_hello_world.py took 0.095 seconds
[2026-09-10T03:20:22.576+0000] {processor.py:186} INFO - Started process (PID=4119) to work on /opt/airflow/dags/00_hello_world.py
[2026-09-10T03:20:22.577+0000] {processor.py:914} INFO - Processing file /opt/airflow/dags/00_hello_world.py for tasks to queue
[2026-09-10T03:20:22.579+0000] {logging_mixin.py:190} INFO - [2026-09-10T03:20:22.579+0000] {dagbag.py:588} INFO - Filling up the DagBag from /opt/airflow/dags/00_hello_world.py
[2026-09-10T03:20:22.587+0000] {processor.py:925} INFO - DAG(s) '00_hello_world' retrieved from /opt/airflow/dags/00_hello_world.py
[2026-09-10T03:20:22.623+0000] {logging_mixin.py:190} INFO - [2026-09-10T03:20:22.623+0000] {dag.py:3239} INFO - Sync 1 DAGs
[2026-09-10T03:20:22.640+0000] {logging_mixin.py:190} INFO - [2026-09-10T03:20:22.640+0000] {dag.py:4180} INFO - Setting next_dagrun for 00_hello_world to None, run_after=None
[2026-09-10T03:20:22.663+0000] {processor.py:208} INFO - Processing /opt/airflow/dags/00_hello_world.py took 0.094 seconds
[2026-09-10T03:20:53.464+0000] {processor.py:186} INFO - Started process (PID=4169) to work on /opt/airflow/dags/00_hello_world.py
[2026-09-10T03:20:53.465+0000] {processor.py:914} INFO - Processing file /opt/airflow/dags/00_hello_world.py for tasks to queue
[2026-09-10T03:20:53.467+0000] {logging_mixin.py:190} INFO - [2026-09-10T03:20:53.467+0000] {dagbag.py:588} INFO - Filling up the DagBag from /opt/airflow/dags/00_hello_world.py
[2026-09-10T03:20:53.475+0000] {processor.py:925} INFO - DAG(s) '00_hello_world' retrieved from /opt/airflow/dags/00_hello_world.py
[2026-09-10T03:20:53.510+0000] {logging_mixin.py:190} INFO - [2026-09-10T03:20:53.510+0000] {dag.py:3239} INFO - Sync 1 DAGs
[2026-09-10T03:20:53.527+0000] {logging_mixin.py:190} INFO - [2026-09-10T03:20:53.527+0000] {dag.py:4180} INFO - Setting next_dagrun for 00_hello_world to None, run_after=None
[2026-09-10T03:20:53.551+0000] {processor.py:208} INFO - Processing /opt/airflow/dags/00_hello_world.py took 0.095 seconds
[2026-09-10T03:21:24.354+0000] {processor.py:186} INFO - Started process (PID=4219) to work on /opt/airflow/dags/00_hello_world.py
[2026-09-10T03:21:24.356+0000] {processor.py:914} INFO - Processing file /opt/airflow/dags/00_hello_world.py for tasks to queue
[2026-09-10T03:21:24.358+0000] {logging_mixin.py:190} INFO - [2026-09-10T03:21:24.358+0000] {dagbag.py:588} INFO - Filling up the DagBag from /opt/airflow/dags/00_hello_world.py
[2026-09-10T03:21:24.366+0000] {processor.py:925} INFO - DAG(s) '00_hello_world' retrieved from /opt/airflow/dags/00_hello_world.py
[2026-09-10T03:21:24.402+0000] {logging_mixin.py:190} INFO - [2026-09-10T03:21:24.401+0000] {dag.py:3239} INFO - Sync 1 DAGs
[2026-09-10T03:21:24.425+0000] {logging_mixin.py:190} INFO - [2026-09-10T03:21:24.424+0000] {dag.py:4180} INFO - Setting next_dagrun for 00_hello_world to None, run_after=None
[2026-09-10T03:21:24.486+0000] {processor.py:208} INFO - Processing /opt/airflow/dags/00_hello_world.py took 0.139 seconds
[2026-09-10T03:21:55.214+0000] {processor.py:186} INFO - Started process (PID=4269) to work on /opt/airflow/dags/00_hello_world.py
[2026-09-10T03:21:55.216+0000] {processor.py:914} INFO - Processing file /opt/airflow/dags/00_hello_world.py for tasks to queue
[2026-09-10T03:21:55.218+0000] {logging_mixin.py:190} INFO - [2026-09-10T03:21:55.218+0000] {dagbag.py:588} INFO - Filling up the DagBag from /opt/airflow/dags/00_hello_world.py
[2026-09-10T03:21:55.228+0000] {processor.py:925} INFO - DAG(s) '00_hello_world' retrieved from /opt/airflow/dags/00_hello_world.py
[2026-09-10T03:21:55.270+0000] {logging_mixin.py:190} INFO - [2026-09-10T03:21:55.269+0000] {dag.py:3239} INFO - Sync 1 DAGs
[2026-09-10T03:21:55.287+0000] {logging_mixin.py:190} INFO - [2026-09-10T03:21:55.287+0000] {dag.py:4180} INFO - Setting next_dagrun for 00_hello_world to None, run_after=None
[2026-09-10T03:21:55.309+0000] {processor.py:208} INFO - Processing /opt/airflow/dags/00_hello_world.py took 0.103 seconds
[2026-09-10T03:22:26.027+0000] {processor.py:186} INFO - Started process (PID=4319) to work on /opt/airflow/dags/00_hello_world.py
[2026-09-10T03:22:26.028+0000] {processor.py:914} INFO - Processing file /opt/airflow/dags/00_hello_world.py for tasks to queue
[2026-09-10T03:22:26.030+0000] {logging_mixin.py:190} INFO - [2026-09-10T03:22:26.030+0000] {dagbag.py:588} INFO - Filling up the DagBag from /opt/airflow/dags/00_hello_world.py
[2026-09-10T03:22:26.038+0000] {processor.py:925} INFO - DAG(s) '00_hello_world' retrieved from /opt/airflow/dags/00_hello_world.py
[2026-09-10T03:22:26.073+0000] {logging_mixin.py:190} INFO - [2026-09-10T03:22:26.072+0000] {dag.py:3239} INFO - Sync 1 DAGs
[2026-09-10T03:22:26.089+0000] {logging_mixin.py:190} INFO - [2026-09-10T03:22:26.089+0000] {dag.py:4180} INFO - Setting next_dagrun for 00_hello_world to None, run_after=None
[2026-09-10T03:22:26.110+0000] {processor.py:208} INFO - Processing /opt/airflow/dags/00_hello_world.py took 0.089 seconds
[2026-09-10T03:22:56.857+0000] {processor.py:186} INFO - Started process (PID=4369) to work on /opt/airflow/dags/00_hello_world.py
[2026-09-10T03:22:56.858+0000] {processor.py:914} INFO - Processing file /opt/airflow/dags/00_hello_world.py for tasks to queue
[2026-09-10T03:22:56.862+0000] {logging_mixin.py:190} INFO - [2026-09-10T03:22:56.862+0000] {dagbag.py:588} INFO - Filling up the DagBag from /opt/airflow/dags/00_hello_world.py
[2026-09-10T03:22:56.876+0000] {processor.py:925} INFO - DAG(s) '00_hello_world' retrieved from /opt/airflow/dags/00_hello_world.py
[2026-09-10T03:22:56.926+0000] {logging_mixin.py:190} INFO - [2026-09-10T03:22:56.925+0000] {dag.py:3239} INFO - Sync 1 DAGs
[2026-09-10T03:22:56.947+0000] {logging_mixin.py:190} INFO - [2026-09-10T03:22:56.947+0000] {dag.py:4180} INFO - Setting next_dagrun for 00_hello_world to None, run_after=None
[2026-09-10T03:22:56.969+0000] {processor.py:208} INFO - Processing /opt/airflow/dags/00_hello_world.py took 0.126 seconds
[2026-09-10T03:23:27.801+0000] {processor.py:186} INFO - Started process (PID=4419) to work on /opt/airflow/dags/00_hello_world.py
[2026-09-10T03:23:27.802+0000] {processor.py:914} INFO - Processing file /opt/airflow/dags/00_hello_world.py for tasks to queue
[2026-09-10T03:23:27.805+0000] {logging_mixin.py:190} INFO - [2026-09-10T03:23:27.805+0000] {dagbag.py:588} INFO - Filling up the DagBag from /opt/airflow/dags/00_hello_world.py
[2026-09-10T03:23:27.814+0000] {processor.py:925} INFO - DAG(s) '00_hello_world' retrieved from /opt/airflow/dags/00_hello_world.py
[2026-09-10T03:23:27.847+0000] {logging_mixin.py:190} INFO - [2026-09-10T03:23:27.847+0000] {dag.py:3239} INFO - Sync 1 DAGs
[2026-09-10T03:23:27.864+0000] {logging_mixin.py:190} INFO - [2026-09-10T03:23:27.864+0000] {dag.py:4180} INFO - Setting next_dagrun for 00_hello_world to None, run_after=None
[2026-09-10T03:23:27.888+0000] {processor.py:208} INFO - Processing /opt/airflow/dags/00_hello_world.py took 0.094 seconds
[2026-09-10T03:23:58.722+0000] {processor.py:186} INFO - Started process (PID=4469) to work on /opt/airflow/dags/00_hello_world.py
[2026-09-10T03:23:58.722+0000] {processor.py:914} INFO - Processing file /opt/airflow/dags/00_hello_world.py for tasks to queue
[2026-09-10T03:23:58.725+0000] {logging_mixin.py:190} INFO - [2026-09-10T03:23:58.725+0000] {dagbag.py:588} INFO - Filling up the DagBag from /opt/airflow/dags/00_hello_world.py
[2026-09-10T03:23:58.734+0000] {processor.py:925} INFO - DAG(s) '00_hello_world' retrieved from /opt/airflow/dags/00_hello_world.py
[2026-09-10T03:23:58.767+0000] {logging_mixin.py:190} INFO - [2026-09-10T03:23:58.767+0000] {dag.py:3239} INFO - Sync 1 DAGs
[2026-09-10T03:23:58.784+0000] {logging_mixin.py:190} INFO - [2026-09-10T03:23:58.783+0000] {dag.py:4180} INFO - Setting next_dagrun for 00_hello_world to None, run_after=None
[2026-09-10T03:23:58.802+0000] {processor.py:208} INFO - Processing /opt/airflow/dags/00_hello_world.py took 0.089 seconds
[2026-09-10T03:24:29.500+0000] {processor.py:186} INFO - Started process (PID=4519) to work on /opt/airflow/dags/00_hello_world.py
[2026-09-10T03:24:29.501+0000] {processor.py:914} INFO - Processing file /opt/airflow/dags/00_hello_world.py for tasks to queue
[2026-09-10T03:24:29.505+0000] {logging_mixin.py:190} INFO - [2026-09-10T03:24:29.504+0000] {dagbag.py:588} INFO - Filling up the DagBag from /opt/airflow/dags/00_hello_world.py
[2026-09-10T03:24:29.515+0000] {processor.py:925} INFO - DAG(s) '00_hello_world' retrieved from /opt/airflow/dags/00_hello_world.py
[2026-09-10T03:24:29.549+0000] {logging_mixin.py:190} INFO - [2026-09-10T03:24:29.549+0000] {dag.py:3239} INFO - Sync 1 DAGs
[2026-09-10T03:24:29.565+0000] {logging_mixin.py:190} INFO - [2026-09-10T03:24:29.565+0000] {dag.py:4180} INFO - Setting next_dagrun for 00_hello_world to None, run_after=None
[2026-09-10T03:24:29.586+0000] {processor.py:208} INFO - Processing /opt/airflow/dags/00_hello_world.py took 0.095 seconds
[2026-09-10T03:25:00.490+0000] {processor.py:186} INFO - Started process (PID=4569) to work on /opt/airflow/dags/00_hello_world.py
[2026-09-10T03:25:00.491+0000] {processor.py:914} INFO - Processing file /opt/airflow/dags/00_hello_world.py for tasks to queue
[2026-09-10T03:25:00.496+0000] {logging_mixin.py:190} INFO - [2026-09-10T03:25:00.496+0000] {dagbag.py:588} INFO - Filling up the DagBag from /opt/airflow/dags/00_hello_world.py
[2026-09-10T03:25:00.507+0000] {processor.py:925} INFO - DAG(s) '00_hello_world' retrieved from /opt/airflow/dags/00_hello_world.py
[2026-09-10T03:25:00.546+0000] {logging_mixin.py:190} INFO - [2026-09-10T03:25:00.546+0000] {dag.py:3239} INFO - Sync 1 DAGs
[2026-09-10T03:25:00.562+0000] {logging_mixin.py:190} INFO - [2026-09-10T03:25:00.562+0000] {dag.py:4180} INFO - Setting next_dagrun for 00_hello_world to None, run_after=None
[2026-09-10T03:25:00.582+0000] {processor.py:208} INFO - Processing /opt/airflow/dags/00_hello_world.py took 0.104 seconds
[2026-09-10T03:25:30.794+0000] {processor.py:186} INFO - Started process (PID=4621) to work on /opt/airflow/dags/00_hello_world.py
[2026-09-10T03:25:30.795+0000] {processor.py:914} INFO - Processing file /opt/airflow/dags/00_hello_world.py for tasks to queue
[2026-09-10T03:25:30.798+0000] {logging_mixin.py:190} INFO - [2026-09-10T03:25:30.797+0000] {dagbag.py:588} INFO - Filling up the DagBag from /opt/airflow/dags/00_hello_world.py
[2026-09-10T03:25:30.808+0000] {processor.py:925} INFO - DAG(s) '00_hello_world' retrieved from /opt/airflow/dags/00_hello_world.py
[2026-09-10T03:25:30.843+0000] {logging_mixin.py:190} INFO - [2026-09-10T03:25:30.843+0000] {dag.py:3239} INFO - Sync 1 DAGs
[2026-09-10T03:25:30.860+0000] {logging_mixin.py:190} INFO - [2026-09-10T03:25:30.860+0000] {dag.py:4180} INFO - Setting next_dagrun for 00_hello_world to None, run_after=None
[2026-09-10T03:25:30.879+0000] {processor.py:208} INFO - Processing /opt/airflow/dags/00_hello_world.py took 0.094 seconds
[2026-09-10T03:26:00.933+0000] {processor.py:186} INFO - Started process (PID=4669) to work on /opt/airflow/dags/00_hello_world.py
[2026-09-10T03:26:00.934+0000] {processor.py:914} INFO - Processing file /opt/airflow/dags/00_hello_world.py for tasks to queue
[2026-09-10T03:26:00.938+0000] {logging_mixin.py:190} INFO - [2026-09-10T03:26:00.937+0000] {dagbag.py:588} INFO - Filling up the DagBag from /opt/airflow/dags/00_hello_world.py
[2026-09-10T03:26:00.955+0000] {processor.py:925} INFO - DAG(s) '00_hello_world' retrieved from /opt/airflow/dags/00_hello_world.py
[2026-09-10T03:26:01.025+0000] {logging_mixin.py:190} INFO - [2026-09-10T03:26:01.025+0000] {dag.py:3239} INFO - Sync 1 DAGs
[2026-09-10T03:26:01.046+0000] {logging_mixin.py:190} INFO - [2026-09-10T03:26:01.046+0000] {dag.py:4180} INFO - Setting next_dagrun for 00_hello_world to None, run_after=None
[2026-09-10T03:26:01.071+0000] {processor.py:208} INFO - Processing /opt/airflow/dags/00_hello_world.py took 0.148 seconds
[2026-09-10T03:26:32.070+0000] {processor.py:186} INFO - Started process (PID=4742) to work on /opt/airflow/dags/00_hello_world.py
[2026-09-10T03:26:32.072+0000] {processor.py:914} INFO - Processing file /opt/airflow/dags/00_hello_world.py for tasks to queue
[2026-09-10T03:26:32.075+0000] {logging_mixin.py:190} INFO - [2026-09-10T03:26:32.074+0000] {dagbag.py:588} INFO - Filling up the DagBag from /opt/airflow/dags/00_hello_world.py
[2026-09-10T03:26:32.084+0000] {processor.py:925} INFO - DAG(s) '00_hello_world' retrieved from /opt/airflow/dags/00_hello_world.py
[2026-09-10T03:26:32.119+0000] {logging_mixin.py:190} INFO - [2026-09-10T03:26:32.119+0000] {dag.py:3239} INFO - Sync 1 DAGs
[2026-09-10T03:26:32.136+0000] {logging_mixin.py:190} INFO - [2026-09-10T03:26:32.135+0000] {dag.py:4180} INFO - Setting next_dagrun for 00_hello_world to None, run_after=None
[2026-09-10T03:26:32.155+0000] {processor.py:208} INFO - Processing /opt/airflow/dags/00_hello_world.py took 0.093 seconds
[2026-09-10T03:27:03.065+0000] {processor.py:186} INFO - Started process (PID=4792) to work on /opt/airflow/dags/00_hello_world.py
[2026-09-10T03:27:03.068+0000] {processor.py:914} INFO - Processing file /opt/airflow/dags/00_hello_world.py for tasks to queue
[2026-09-10T03:27:03.072+0000] {logging_mixin.py:190} INFO - [2026-09-10T03:27:03.071+0000] {dagbag.py:588} INFO - Filling up the DagBag from /opt/airflow/dags/00_hello_world.py
[2026-09-10T03:27:03.084+0000] {processor.py:925} INFO - DAG(s) '00_hello_world' retrieved from /opt/airflow/dags/00_hello_world.py
[2026-09-10T03:27:03.137+0000] {logging_mixin.py:190} INFO - [2026-09-10T03:27:03.136+0000] {dag.py:3239} INFO - Sync 1 DAGs
[2026-09-10T03:27:03.164+0000] {logging_mixin.py:190} INFO - [2026-09-10T03:27:03.162+0000] {dag.py:4180} INFO - Setting next_dagrun for 00_hello_world to None, run_after=None
[2026-09-10T03:27:03.205+0000] {processor.py:208} INFO - Processing /opt/airflow/dags/00_hello_world.py took 0.151 seconds
[2026-09-10T03:27:33.806+0000] {processor.py:186} INFO - Started process (PID=4842) to work on /opt/airflow/dags/00_hello_world.py
[2026-09-10T03:27:33.807+0000] {processor.py:914} INFO - Processing file /opt/airflow/dags/00_hello_world.py for tasks to queue
[2026-09-10T03:27:33.810+0000] {logging_mixin.py:190} INFO - [2026-09-10T03:27:33.809+0000] {dagbag.py:588} INFO - Filling up the DagBag from /opt/airflow/dags/00_hello_world.py
[2026-09-10T03:27:33.818+0000] {processor.py:925} INFO - DAG(s) '00_hello_world' retrieved from /opt/airflow/dags/00_hello_world.py
[2026-09-10T03:27:33.852+0000] {logging_mixin.py:190} INFO - [2026-09-10T03:27:33.852+0000] {dag.py:3239} INFO - Sync 1 DAGs
[2026-09-10T03:27:33.868+0000] {logging_mixin.py:190} INFO - [2026-09-10T03:27:33.868+0000] {dag.py:4180} INFO - Setting next_dagrun for 00_hello_world to None, run_after=None
[2026-09-10T03:27:33.886+0000] {processor.py:208} INFO - Processing /opt/airflow/dags/00_hello_world.py took 0.086 seconds
[2026-09-10T03:28:04.640+0000] {processor.py:186} INFO - Started process (PID=4892) to work on /opt/airflow/dags/00_hello_world.py
[2026-09-10T03:28:04.640+0000] {processor.py:914} INFO - Processing file /opt/airflow/dags/00_hello_world.py for tasks to queue
[2026-09-10T03:28:04.643+0000] {logging_mixin.py:190} INFO - [2026-09-10T03:28:04.642+0000] {dagbag.py:588} INFO - Filling up the DagBag from /opt/airflow/dags/00_hello_world.py
[2026-09-10T03:28:04.651+0000] {processor.py:925} INFO - DAG(s) '00_hello_world' retrieved from /opt/airflow/dags/00_hello_world.py
[2026-09-10T03:28:04.683+0000] {logging_mixin.py:190} INFO - [2026-09-10T03:28:04.683+0000] {dag.py:3239} INFO - Sync 1 DAGs
[2026-09-10T03:28:04.698+0000] {logging_mixin.py:190} INFO - [2026-09-10T03:28:04.698+0000] {dag.py:4180} INFO - Setting next_dagrun for 00_hello_world to None, run_after=None
[2026-09-10T03:28:04.717+0000] {processor.py:208} INFO - Processing /opt/airflow/dags/00_hello_world.py took 0.084 seconds
[2026-09-10T03:28:35.511+0000] {processor.py:186} INFO - Started process (PID=4942) to work on /opt/airflow/dags/00_hello_world.py
[2026-09-10T03:28:35.513+0000] {processor.py:914} INFO - Processing file /opt/airflow/dags/00_hello_world.py for tasks to queue
[2026-09-10T03:28:35.516+0000] {logging_mixin.py:190} INFO - [2026-09-10T03:28:35.516+0000] {dagbag.py:588} INFO - Filling up the DagBag from /opt/airflow/dags/00_hello_world.py
[2026-09-10T03:28:35.528+0000] {processor.py:925} INFO - DAG(s) '00_hello_world' retrieved from /opt/airflow/dags/00_hello_world.py
[2026-09-10T03:28:35.565+0000] {logging_mixin.py:190} INFO - [2026-09-10T03:28:35.565+0000] {dag.py:3239} INFO - Sync 1 DAGs
[2026-09-10T03:28:35.590+0000] {logging_mixin.py:190} INFO - [2026-09-10T03:28:35.590+0000] {dag.py:4180} INFO - Setting next_dagrun for 00_hello_world to None, run_after=None
[2026-09-10T03:28:35.613+0000] {processor.py:208} INFO - Processing /opt/airflow/dags/00_hello_world.py took 0.110 seconds
[2026-09-10T03:29:06.232+0000] {processor.py:186} INFO - Started process (PID=4990) to work on /opt/airflow/dags/00_hello_world.py
[2026-09-10T03:29:06.233+0000] {processor.py:914} INFO - Processing file /opt/airflow/dags/00_hello_world.py for tasks to queue
[2026-09-10T03:29:06.237+0000] {logging_mixin.py:190} INFO - [2026-09-10T03:29:06.236+0000] {dagbag.py:588} INFO - Filling up the DagBag from /opt/airflow/dags/00_hello_world.py
[2026-09-10T03:29:06.248+0000] {processor.py:925} INFO - DAG(s) '00_hello_world' retrieved from /opt/airflow/dags/00_hello_world.py
[2026-09-10T03:29:06.286+0000] {logging_mixin.py:190} INFO - [2026-09-10T03:29:06.286+0000] {dag.py:3239} INFO - Sync 1 DAGs
[2026-09-10T03:29:06.304+0000] {logging_mixin.py:190} INFO - [2026-09-10T03:29:06.304+0000] {dag.py:4180} INFO - Setting next_dagrun for 00_hello_world to None, run_after=None
[2026-09-10T03:29:06.323+0000] {processor.py:208} INFO - Processing /opt/airflow/dags/00_hello_world.py took 0.101 seconds
[2026-09-10T03:29:37.154+0000] {processor.py:186} INFO - Started process (PID=5042) to work on /opt/airflow/dags/00_hello_world.py
[2026-09-10T03:29:37.156+0000] {processor.py:914} INFO - Processing file /opt/airflow/dags/00_hello_world.py for tasks to queue
[2026-09-10T03:29:37.160+0000] {logging_mixin.py:190} INFO - [2026-09-10T03:29:37.159+0000] {dagbag.py:588} INFO - Filling up the DagBag from /opt/airflow/dags/00_hello_world.py
[2026-09-10T03:29:37.170+0000] {processor.py:925} INFO - DAG(s) '00_hello_world' retrieved from /opt/airflow/dags/00_hello_world.py
[2026-09-10T03:29:37.204+0000] {logging_mixin.py:190} INFO - [2026-09-10T03:29:37.204+0000] {dag.py:3239} INFO - Sync 1 DAGs
[2026-09-10T03:29:37.221+0000] {logging_mixin.py:190} INFO - [2026-09-10T03:29:37.220+0000] {dag.py:4180} INFO - Setting next_dagrun for 00_hello_world to None, run_after=None
[2026-09-10T03:29:37.241+0000] {processor.py:208} INFO - Processing /opt/airflow/dags/00_hello_world.py took 0.095 seconds
[2026-09-10T03:30:08.054+0000] {processor.py:186} INFO - Started process (PID=5092) to work on /opt/airflow/dags/00_hello_world.py
[2026-09-10T03:30:08.055+0000] {processor.py:914} INFO - Processing file /opt/airflow/dags/00_hello_world.py for tasks to queue
[2026-09-10T03:30:08.059+0000] {logging_mixin.py:190} INFO - [2026-09-10T03:30:08.058+0000] {dagbag.py:588} INFO - Filling up the DagBag from /opt/airflow/dags/00_hello_world.py
[2026-09-10T03:30:08.070+0000] {processor.py:925} INFO - DAG(s) '00_hello_world' retrieved from /opt/airflow/dags/00_hello_world.py
[2026-09-10T03:30:08.112+0000] {logging_mixin.py:190} INFO - [2026-09-10T03:30:08.112+0000] {dag.py:3239} INFO - Sync 1 DAGs
[2026-09-10T03:30:08.131+0000] {logging_mixin.py:190} INFO - [2026-09-10T03:30:08.131+0000] {dag.py:4180} INFO - Setting next_dagrun for 00_hello_world to None, run_after=None
[2026-09-10T03:30:08.152+0000] {processor.py:208} INFO - Processing /opt/airflow/dags/00_hello_world.py took 0.108 seconds
[2026-09-10T03:30:38.473+0000] {processor.py:186} INFO - Started process (PID=5140) to work on /opt/airflow/dags/00_hello_world.py
[2026-09-10T03:30:38.475+0000] {processor.py:914} INFO - Processing file /opt/airflow/dags/00_hello_world.py for tasks to queue
[2026-09-10T03:30:38.480+0000] {logging_mixin.py:190} INFO - [2026-09-10T03:30:38.479+0000] {dagbag.py:588} INFO - Filling up the DagBag from /opt/airflow/dags/00_hello_world.py
[2026-09-10T03:30:38.493+0000] {processor.py:925} INFO - DAG(s) '00_hello_world' retrieved from /opt/airflow/dags/00_hello_world.py
[2026-09-10T03:30:38.539+0000] {logging_mixin.py:190} INFO - [2026-09-10T03:30:38.539+0000] {dag.py:3239} INFO - Sync 1 DAGs
[2026-09-10T03:30:38.559+0000] {logging_mixin.py:190} INFO - [2026-09-10T03:30:38.559+0000] {dag.py:4180} INFO - Setting next_dagrun for 00_hello_world to None, run_after=None
[2026-09-10T03:30:38.588+0000] {processor.py:208} INFO - Processing /opt/airflow/dags/00_hello_world.py took 0.124 seconds
[2026-09-10T03:31:09.588+0000] {processor.py:186} INFO - Started process (PID=5190) to work on /opt/airflow/dags/00_hello_world.py
[2026-09-10T03:31:09.589+0000] {processor.py:914} INFO - Processing file /opt/airflow/dags/00_hello_world.py for tasks to queue
[2026-09-10T03:31:09.593+0000] {logging_mixin.py:190} INFO - [2026-09-10T03:31:09.592+0000] {dagbag.py:588} INFO - Filling up the DagBag from /opt/airflow/dags/00_hello_world.py
[2026-09-10T03:31:09.603+0000] {processor.py:925} INFO - DAG(s) '00_hello_world' retrieved from /opt/airflow/dags/00_hello_world.py
[2026-09-10T03:31:09.637+0000] {logging_mixin.py:190} INFO - [2026-09-10T03:31:09.637+0000] {dag.py:3239} INFO - Sync 1 DAGs
[2026-09-10T03:31:09.653+0000] {logging_mixin.py:190} INFO - [2026-09-10T03:31:09.653+0000] {dag.py:4180} INFO - Setting next_dagrun for 00_hello_world to None, run_after=None
[2026-09-10T03:31:09.674+0000] {processor.py:208} INFO - Processing /opt/airflow/dags/00_hello_world.py took 0.095 seconds
[2026-09-10T03:31:39.963+0000] {processor.py:186} INFO - Started process (PID=5240) to work on /opt/airflow/dags/00_hello_world.py
[2026-09-10T03:31:39.965+0000] {processor.py:914} INFO - Processing file /opt/airflow/dags/00_hello_world.py for tasks to queue
[2026-09-10T03:31:39.974+0000] {logging_mixin.py:190} INFO - [2026-09-10T03:31:39.973+0000] {dagbag.py:588} INFO - Filling up the DagBag from /opt/airflow/dags/00_hello_world.py
[2026-09-10T03:31:40.019+0000] {processor.py:925} INFO - DAG(s) '00_hello_world' retrieved from /opt/airflow/dags/00_hello_world.py
[2026-09-10T03:31:40.102+0000] {logging_mixin.py:190} INFO - [2026-09-10T03:31:40.102+0000] {dag.py:3239} INFO - Sync 1 DAGs
[2026-09-10T03:31:40.125+0000] {logging_mixin.py:190} INFO - [2026-09-10T03:31:40.125+0000] {dag.py:4180} INFO - Setting next_dagrun for 00_hello_world to None, run_after=None
[2026-09-10T03:31:40.181+0000] {processor.py:208} INFO - Processing /opt/airflow/dags/00_hello_world.py took 0.235 seconds
[2026-09-10T03:32:41.138+0000] {processor.py:186} INFO - Started process (PID=5392) to work on /opt/airflow/dags/00_hello_world.py
[2026-09-10T03:32:41.159+0000] {processor.py:914} INFO - Processing file /opt/airflow/dags/00_hello_world.py for tasks to queue
[2026-09-10T03:32:41.167+0000] {logging_mixin.py:190} INFO - [2026-09-10T03:32:41.167+0000] {dagbag.py:588} INFO - Filling up the DagBag from /opt/airflow/dags/00_hello_world.py
[2026-09-10T03:32:41.443+0000] {processor.py:925} INFO - DAG(s) '00_hello_world' retrieved from /opt/airflow/dags/00_hello_world.py
[2026-09-10T03:32:41.850+0000] {logging_mixin.py:190} INFO - [2026-09-10T03:32:41.849+0000] {dag.py:3239} INFO - Sync 1 DAGs
[2026-09-10T03:32:41.882+0000] {logging_mixin.py:190} INFO - [2026-09-10T03:32:41.881+0000] {dag.py:4180} INFO - Setting next_dagrun for 00_hello_world to None, run_after=None
[2026-09-10T03:32:42.001+0000] {processor.py:208} INFO - Processing /opt/airflow/dags/00_hello_world.py took 0.876 seconds
[2026-09-10T03:34:41.250+0000] {processor.py:186} INFO - Started process (PID=5444) to work on /opt/airflow/dags/00_hello_world.py
[2026-09-10T03:34:41.540+0000] {processor.py:914} INFO - Processing file /opt/airflow/dags/00_hello_world.py for tasks to queue
[2026-09-10T03:34:41.544+0000] {logging_mixin.py:190} INFO - [2026-09-10T03:34:41.544+0000] {dagbag.py:588} INFO - Filling up the DagBag from /opt/airflow/dags/00_hello_world.py
[2026-09-10T03:34:44.089+0000] {processor.py:925} INFO - DAG(s) '00_hello_world' retrieved from /opt/airflow/dags/00_hello_world.py
[2026-09-10T03:34:46.302+0000] {processor.py:211} ERROR - Got an exception! Propagating...
Traceback (most recent call last):
  File "/home/airflow/.local/lib/python3.12/site-packages/sqlalchemy/engine/base.py", line 3371, in _wrap_pool_connect
    return fn()
           ^^^^
  File "/home/airflow/.local/lib/python3.12/site-packages/sqlalchemy/pool/base.py", line 327, in connect
    return _ConnectionFairy._checkout(self)
           ^^^^^^^^^^^^^^^^^^^^^^^^^^^^^^^^
  File "/home/airflow/.local/lib/python3.12/site-packages/sqlalchemy/pool/base.py", line 894, in _checkout
    fairy = _ConnectionRecord.checkout(pool)
            ^^^^^^^^^^^^^^^^^^^^^^^^^^^^^^^^
  File "/home/airflow/.local/lib/python3.12/site-packages/sqlalchemy/pool/base.py", line 493, in checkout
    rec = pool._do_get()
          ^^^^^^^^^^^^^^
  File "/home/airflow/.local/lib/python3.12/site-packages/sqlalchemy/pool/impl.py", line 145, in _do_get
    with util.safe_reraise():
         ^^^^^^^^^^^^^^^^^^^
  File "/home/airflow/.local/lib/python3.12/site-packages/sqlalchemy/util/langhelpers.py", line 70, in __exit__
    compat.raise_(
  File "/home/airflow/.local/lib/python3.12/site-packages/sqlalchemy/util/compat.py", line 211, in raise_
    raise exception
  File "/home/airflow/.local/lib/python3.12/site-packages/sqlalchemy/pool/impl.py", line 143, in _do_get
    return self._create_connection()
           ^^^^^^^^^^^^^^^^^^^^^^^^^
  File "/home/airflow/.local/lib/python3.12/site-packages/sqlalchemy/pool/base.py", line 273, in _create_connection
    return _ConnectionRecord(self)
           ^^^^^^^^^^^^^^^^^^^^^^^
  File "/home/airflow/.local/lib/python3.12/site-packages/sqlalchemy/pool/base.py", line 388, in __init__
    self.__connect()
  File "/home/airflow/.local/lib/python3.12/site-packages/sqlalchemy/pool/base.py", line 690, in __connect
    with util.safe_reraise():
         ^^^^^^^^^^^^^^^^^^^
  File "/home/airflow/.local/lib/python3.12/site-packages/sqlalchemy/util/langhelpers.py", line 70, in __exit__
    compat.raise_(
  File "/home/airflow/.local/lib/python3.12/site-packages/sqlalchemy/util/compat.py", line 211, in raise_
    raise exception
  File "/home/airflow/.local/lib/python3.12/site-packages/sqlalchemy/pool/base.py", line 686, in __connect
    self.dbapi_connection = connection = pool._invoke_creator(self)
                                         ^^^^^^^^^^^^^^^^^^^^^^^^^^
  File "/home/airflow/.local/lib/python3.12/site-packages/sqlalchemy/engine/create.py", line 574, in connect
    return dialect.connect(*cargs, **cparams)
           ^^^^^^^^^^^^^^^^^^^^^^^^^^^^^^^^^^
  File "/home/airflow/.local/lib/python3.12/site-packages/sqlalchemy/engine/default.py", line 598, in connect
    return self.dbapi.connect(*cargs, **cparams)
           ^^^^^^^^^^^^^^^^^^^^^^^^^^^^^^^^^^^^^
  File "/home/airflow/.local/lib/python3.12/site-packages/psycopg2/__init__.py", line 122, in connect
    conn = _connect(dsn, connection_factory=connection_factory, **kwasync)
           ^^^^^^^^^^^^^^^^^^^^^^^^^^^^^^^^^^^^^^^^^^^^^^^^^^^^^^^^^^^^^^^
psycopg2.OperationalError: connection to server at "postgres" (172.24.0.2), port 5432 failed: FATAL:  the database system is in recovery mode


The above exception was the direct cause of the following exception:

Traceback (most recent call last):
  File "/home/airflow/.local/lib/python3.12/site-packages/airflow/dag_processing/processor.py", line 207, in _run_file_processor
    _handle_dag_file_processing()
  File "/home/airflow/.local/lib/python3.12/site-packages/airflow/dag_processing/processor.py", line 188, in _handle_dag_file_processing
    result: tuple[int, int, int] = dag_file_processor.process_file(
                                   ^^^^^^^^^^^^^^^^^^^^^^^^^^^^^^^^
  File "/home/airflow/.local/lib/python3.12/site-packages/airflow/utils/session.py", line 97, in wrapper
    return func(*args, session=session, **kwargs)
           ^^^^^^^^^^^^^^^^^^^^^^^^^^^^^^^^^^^^^^
  File "/home/airflow/.local/lib/python3.12/site-packages/airflow/dag_processing/processor.py", line 942, in process_file
    serialize_errors = DagFileProcessor.save_dag_to_db(
                       ^^^^^^^^^^^^^^^^^^^^^^^^^^^^^^^^
  File "/home/airflow/.local/lib/python3.12/site-packages/airflow/api_internal/internal_api_call.py", line 166, in wrapper
    return func(*args, **kwargs)
           ^^^^^^^^^^^^^^^^^^^^^
  File "/home/airflow/.local/lib/python3.12/site-packages/airflow/utils/session.py", line 97, in wrapper
    return func(*args, session=session, **kwargs)
           ^^^^^^^^^^^^^^^^^^^^^^^^^^^^^^^^^^^^^^
  File "/home/airflow/.local/lib/python3.12/site-packages/airflow/dag_processing/processor.py", line 982, in save_dag_to_db
    import_errors = DagBag._sync_to_db(dags=dags, processor_subdir=dag_directory, session=session)
                    ^^^^^^^^^^^^^^^^^^^^^^^^^^^^^^^^^^^^^^^^^^^^^^^^^^^^^^^^^^^^^^^^^^^^^^^^^^^^^^
  File "/home/airflow/.local/lib/python3.12/site-packages/airflow/utils/session.py", line 94, in wrapper
    return func(*args, **kwargs)
           ^^^^^^^^^^^^^^^^^^^^^
  File "/home/airflow/.local/lib/python3.12/site-packages/airflow/models/dagbag.py", line 708, in _sync_to_db
    for attempt in run_with_db_retries(logger=log):
                   ^^^^^^^^^^^^^^^^^^^^^^^^^^^^^^^
  File "/home/airflow/.local/lib/python3.12/site-packages/tenacity/__init__.py", line 443, in __iter__
    do = self.iter(retry_state=retry_state)
         ^^^^^^^^^^^^^^^^^^^^^^^^^^^^^^^^^^
  File "/home/airflow/.local/lib/python3.12/site-packages/tenacity/__init__.py", line 376, in iter
    result = action(retry_state)
             ^^^^^^^^^^^^^^^^^^^
  File "/home/airflow/.local/lib/python3.12/site-packages/tenacity/__init__.py", line 418, in exc_check
    raise retry_exc.reraise()
          ^^^^^^^^^^^^^^^^^^^
  File "/home/airflow/.local/lib/python3.12/site-packages/tenacity/__init__.py", line 185, in reraise
    raise self.last_attempt.result()
          ^^^^^^^^^^^^^^^^^^^^^^^^^^
  File "/usr/local/lib/python3.12/concurrent/futures/_base.py", line 449, in result
    return self.__get_result()
           ^^^^^^^^^^^^^^^^^^^
  File "/usr/local/lib/python3.12/concurrent/futures/_base.py", line 401, in __get_result
    raise self._exception
  File "/home/airflow/.local/lib/python3.12/site-packages/airflow/models/dagbag.py", line 721, in _sync_to_db
    _serialize_dag_capturing_errors(dag, session, processor_subdir)
  File "/home/airflow/.local/lib/python3.12/site-packages/airflow/models/dagbag.py", line 686, in _serialize_dag_capturing_errors
    dag_was_updated = SerializedDagModel.write_dag(
                      ^^^^^^^^^^^^^^^^^^^^^^^^^^^^^
  File "/home/airflow/.local/lib/python3.12/site-packages/airflow/utils/session.py", line 94, in wrapper
    return func(*args, **kwargs)
           ^^^^^^^^^^^^^^^^^^^^^
  File "/home/airflow/.local/lib/python3.12/site-packages/airflow/models/serialized_dag.py", line 160, in write_dag
    if session.scalar(
       ^^^^^^^^^^^^^^^
  File "/home/airflow/.local/lib/python3.12/site-packages/sqlalchemy/orm/session.py", line 1747, in scalar
    return self.execute(
           ^^^^^^^^^^^^^
  File "/home/airflow/.local/lib/python3.12/site-packages/sqlalchemy/orm/session.py", line 1716, in execute
    conn = self._connection_for_bind(bind)
           ^^^^^^^^^^^^^^^^^^^^^^^^^^^^^^^
  File "/home/airflow/.local/lib/python3.12/site-packages/sqlalchemy/orm/session.py", line 1555, in _connection_for_bind
    return self._transaction._connection_for_bind(
           ^^^^^^^^^^^^^^^^^^^^^^^^^^^^^^^^^^^^^^^
  File "/home/airflow/.local/lib/python3.12/site-packages/sqlalchemy/orm/session.py", line 750, in _connection_for_bind
    conn = bind.connect()
           ^^^^^^^^^^^^^^
  File "/home/airflow/.local/lib/python3.12/site-packages/sqlalchemy/future/engine.py", line 412, in connect
    return super(Engine, self).connect()
           ^^^^^^^^^^^^^^^^^^^^^^^^^^^^^
  File "/home/airflow/.local/lib/python3.12/site-packages/sqlalchemy/engine/base.py", line 3325, in connect
    return self._connection_cls(self, close_with_result=close_with_result)
           ^^^^^^^^^^^^^^^^^^^^^^^^^^^^^^^^^^^^^^^^^^^^^^^^^^^^^^^^^^^^^^^
  File "/home/airflow/.local/lib/python3.12/site-packages/sqlalchemy/engine/base.py", line 96, in __init__
    else engine.raw_connection()
         ^^^^^^^^^^^^^^^^^^^^^^^
  File "/home/airflow/.local/lib/python3.12/site-packages/sqlalchemy/engine/base.py", line 3404, in raw_connection
    return self._wrap_pool_connect(self.pool.connect, _connection)
           ^^^^^^^^^^^^^^^^^^^^^^^^^^^^^^^^^^^^^^^^^^^^^^^^^^^^^^^
  File "/home/airflow/.local/lib/python3.12/site-packages/sqlalchemy/engine/base.py", line 3374, in _wrap_pool_connect
    Connection._handle_dbapi_exception_noconnection(
  File "/home/airflow/.local/lib/python3.12/site-packages/sqlalchemy/engine/base.py", line 2208, in _handle_dbapi_exception_noconnection
    util.raise_(
  File "/home/airflow/.local/lib/python3.12/site-packages/sqlalchemy/util/compat.py", line 211, in raise_
    raise exception
  File "/home/airflow/.local/lib/python3.12/site-packages/sqlalchemy/engine/base.py", line 3371, in _wrap_pool_connect
    return fn()
           ^^^^
  File "/home/airflow/.local/lib/python3.12/site-packages/sqlalchemy/pool/base.py", line 327, in connect
    return _ConnectionFairy._checkout(self)
           ^^^^^^^^^^^^^^^^^^^^^^^^^^^^^^^^
  File "/home/airflow/.local/lib/python3.12/site-packages/sqlalchemy/pool/base.py", line 894, in _checkout
    fairy = _ConnectionRecord.checkout(pool)
            ^^^^^^^^^^^^^^^^^^^^^^^^^^^^^^^^
  File "/home/airflow/.local/lib/python3.12/site-packages/sqlalchemy/pool/base.py", line 493, in checkout
    rec = pool._do_get()
          ^^^^^^^^^^^^^^
  File "/home/airflow/.local/lib/python3.12/site-packages/sqlalchemy/pool/impl.py", line 145, in _do_get
    with util.safe_reraise():
         ^^^^^^^^^^^^^^^^^^^
  File "/home/airflow/.local/lib/python3.12/site-packages/sqlalchemy/util/langhelpers.py", line 70, in __exit__
    compat.raise_(
  File "/home/airflow/.local/lib/python3.12/site-packages/sqlalchemy/util/compat.py", line 211, in raise_
    raise exception
  File "/home/airflow/.local/lib/python3.12/site-packages/sqlalchemy/pool/impl.py", line 143, in _do_get
    return self._create_connection()
           ^^^^^^^^^^^^^^^^^^^^^^^^^
  File "/home/airflow/.local/lib/python3.12/site-packages/sqlalchemy/pool/base.py", line 273, in _create_connection
    return _ConnectionRecord(self)
           ^^^^^^^^^^^^^^^^^^^^^^^
  File "/home/airflow/.local/lib/python3.12/site-packages/sqlalchemy/pool/base.py", line 388, in __init__
    self.__connect()
  File "/home/airflow/.local/lib/python3.12/site-packages/sqlalchemy/pool/base.py", line 690, in __connect
    with util.safe_reraise():
         ^^^^^^^^^^^^^^^^^^^
  File "/home/airflow/.local/lib/python3.12/site-packages/sqlalchemy/util/langhelpers.py", line 70, in __exit__
    compat.raise_(
  File "/home/airflow/.local/lib/python3.12/site-packages/sqlalchemy/util/compat.py", line 211, in raise_
    raise exception
  File "/home/airflow/.local/lib/python3.12/site-packages/sqlalchemy/pool/base.py", line 686, in __connect
    self.dbapi_connection = connection = pool._invoke_creator(self)
                                         ^^^^^^^^^^^^^^^^^^^^^^^^^^
  File "/home/airflow/.local/lib/python3.12/site-packages/sqlalchemy/engine/create.py", line 574, in connect
    return dialect.connect(*cargs, **cparams)
           ^^^^^^^^^^^^^^^^^^^^^^^^^^^^^^^^^^
  File "/home/airflow/.local/lib/python3.12/site-packages/sqlalchemy/engine/default.py", line 598, in connect
    return self.dbapi.connect(*cargs, **cparams)
           ^^^^^^^^^^^^^^^^^^^^^^^^^^^^^^^^^^^^^
  File "/home/airflow/.local/lib/python3.12/site-packages/psycopg2/__init__.py", line 122, in connect
    conn = _connect(dsn, connection_factory=connection_factory, **kwasync)
           ^^^^^^^^^^^^^^^^^^^^^^^^^^^^^^^^^^^^^^^^^^^^^^^^^^^^^^^^^^^^^^^
sqlalchemy.exc.OperationalError: (psycopg2.OperationalError) connection to server at "postgres" (172.24.0.2), port 5432 failed: FATAL:  the database system is in recovery mode

(Background on this error at: https://sqlalche.me/e/14/e3q8)
[2026-09-10T20:19:05.756+0000] {processor.py:186} INFO - Started process (PID=228) to work on /opt/airflow/dags/00_hello_world.py
[2026-09-10T20:19:05.758+0000] {processor.py:914} INFO - Processing file /opt/airflow/dags/00_hello_world.py for tasks to queue
[2026-09-10T20:19:05.761+0000] {logging_mixin.py:190} INFO - [2026-09-10T20:19:05.760+0000] {dagbag.py:588} INFO - Filling up the DagBag from /opt/airflow/dags/00_hello_world.py
[2026-09-10T20:19:05.770+0000] {processor.py:925} INFO - DAG(s) '00_hello_world' retrieved from /opt/airflow/dags/00_hello_world.py
[2026-09-10T20:19:05.912+0000] {logging_mixin.py:190} INFO - [2026-09-10T20:19:05.911+0000] {override.py:1911} INFO - Created Permission View: can read on DAG:00_hello_world
[2026-09-10T20:19:05.931+0000] {logging_mixin.py:190} INFO - [2026-09-10T20:19:05.931+0000] {override.py:1911} INFO - Created Permission View: can delete on DAG:00_hello_world
[2026-09-10T20:19:05.939+0000] {logging_mixin.py:190} INFO - [2026-09-10T20:19:05.939+0000] {override.py:1911} INFO - Created Permission View: can edit on DAG:00_hello_world
[2026-09-10T20:19:05.953+0000] {logging_mixin.py:190} INFO - [2026-09-10T20:19:05.953+0000] {override.py:1911} INFO - Created Permission View: can read on DAG Run:00_hello_world
[2026-09-10T20:19:05.960+0000] {logging_mixin.py:190} INFO - [2026-09-10T20:19:05.960+0000] {override.py:1911} INFO - Created Permission View: menu access on DAG Run:00_hello_world
[2026-09-10T20:19:05.967+0000] {logging_mixin.py:190} INFO - [2026-09-10T20:19:05.967+0000] {override.py:1911} INFO - Created Permission View: can delete on DAG Run:00_hello_world
[2026-09-10T20:19:05.973+0000] {logging_mixin.py:190} INFO - [2026-09-10T20:19:05.973+0000] {override.py:1911} INFO - Created Permission View: can create on DAG Run:00_hello_world
[2026-09-10T20:19:05.974+0000] {logging_mixin.py:190} INFO - [2026-09-10T20:19:05.974+0000] {dag.py:3239} INFO - Sync 1 DAGs
[2026-09-10T20:19:05.987+0000] {logging_mixin.py:190} INFO - [2026-09-10T20:19:05.986+0000] {dag.py:3262} INFO - Creating ORM DAG for 00_hello_world
[2026-09-10T20:19:05.987+0000] {logging_mixin.py:190} INFO - [2026-09-10T20:19:05.987+0000] {dag.py:4180} INFO - Setting next_dagrun for 00_hello_world to None, run_after=None
[2026-09-10T20:19:06.007+0000] {processor.py:208} INFO - Processing /opt/airflow/dags/00_hello_world.py took 0.261 seconds
[2026-09-10T20:19:36.235+0000] {processor.py:186} INFO - Started process (PID=298) to work on /opt/airflow/dags/00_hello_world.py
[2026-09-10T20:19:36.236+0000] {processor.py:914} INFO - Processing file /opt/airflow/dags/00_hello_world.py for tasks to queue
[2026-09-10T20:19:36.239+0000] {logging_mixin.py:190} INFO - [2026-09-10T20:19:36.238+0000] {dagbag.py:588} INFO - Filling up the DagBag from /opt/airflow/dags/00_hello_world.py
[2026-09-10T20:19:36.248+0000] {processor.py:925} INFO - DAG(s) '00_hello_world' retrieved from /opt/airflow/dags/00_hello_world.py
[2026-09-10T20:19:36.276+0000] {logging_mixin.py:190} INFO - [2026-09-10T20:19:36.275+0000] {dag.py:3239} INFO - Sync 1 DAGs
[2026-09-10T20:19:36.295+0000] {logging_mixin.py:190} INFO - [2026-09-10T20:19:36.294+0000] {dag.py:4180} INFO - Setting next_dagrun for 00_hello_world to None, run_after=None
[2026-09-10T20:19:36.312+0000] {processor.py:208} INFO - Processing /opt/airflow/dags/00_hello_world.py took 0.083 seconds
[2026-09-10T20:20:06.425+0000] {processor.py:186} INFO - Started process (PID=368) to work on /opt/airflow/dags/00_hello_world.py
[2026-09-10T20:20:06.427+0000] {processor.py:914} INFO - Processing file /opt/airflow/dags/00_hello_world.py for tasks to queue
[2026-09-10T20:20:06.429+0000] {logging_mixin.py:190} INFO - [2026-09-10T20:20:06.429+0000] {dagbag.py:588} INFO - Filling up the DagBag from /opt/airflow/dags/00_hello_world.py
[2026-09-10T20:20:06.437+0000] {processor.py:925} INFO - DAG(s) '00_hello_world' retrieved from /opt/airflow/dags/00_hello_world.py
[2026-09-10T20:20:06.464+0000] {logging_mixin.py:190} INFO - [2026-09-10T20:20:06.463+0000] {dag.py:3239} INFO - Sync 1 DAGs
[2026-09-10T20:20:06.478+0000] {logging_mixin.py:190} INFO - [2026-09-10T20:20:06.477+0000] {dag.py:4180} INFO - Setting next_dagrun for 00_hello_world to None, run_after=None
[2026-09-10T20:20:06.496+0000] {processor.py:208} INFO - Processing /opt/airflow/dags/00_hello_world.py took 0.078 seconds
[2026-09-10T20:20:36.732+0000] {processor.py:186} INFO - Started process (PID=438) to work on /opt/airflow/dags/00_hello_world.py
[2026-09-10T20:20:36.732+0000] {processor.py:914} INFO - Processing file /opt/airflow/dags/00_hello_world.py for tasks to queue
[2026-09-10T20:20:36.735+0000] {logging_mixin.py:190} INFO - [2026-09-10T20:20:36.735+0000] {dagbag.py:588} INFO - Filling up the DagBag from /opt/airflow/dags/00_hello_world.py
[2026-09-10T20:20:36.743+0000] {processor.py:925} INFO - DAG(s) '00_hello_world' retrieved from /opt/airflow/dags/00_hello_world.py
[2026-09-10T20:20:36.769+0000] {logging_mixin.py:190} INFO - [2026-09-10T20:20:36.769+0000] {dag.py:3239} INFO - Sync 1 DAGs
[2026-09-10T20:20:36.783+0000] {logging_mixin.py:190} INFO - [2026-09-10T20:20:36.783+0000] {dag.py:4180} INFO - Setting next_dagrun for 00_hello_world to None, run_after=None
[2026-09-10T20:20:36.800+0000] {processor.py:208} INFO - Processing /opt/airflow/dags/00_hello_world.py took 0.076 seconds
[2026-09-10T20:21:08.154+0000] {processor.py:186} INFO - Started process (PID=508) to work on /opt/airflow/dags/00_hello_world.py
[2026-09-10T20:21:08.156+0000] {processor.py:914} INFO - Processing file /opt/airflow/dags/00_hello_world.py for tasks to queue
[2026-09-10T20:21:08.159+0000] {logging_mixin.py:190} INFO - [2026-09-10T20:21:08.158+0000] {dagbag.py:588} INFO - Filling up the DagBag from /opt/airflow/dags/00_hello_world.py
[2026-09-10T20:21:08.167+0000] {processor.py:925} INFO - DAG(s) '00_hello_world' retrieved from /opt/airflow/dags/00_hello_world.py
[2026-09-10T20:21:08.352+0000] {logging_mixin.py:190} INFO - [2026-09-10T20:21:08.352+0000] {dag.py:3239} INFO - Sync 1 DAGs
[2026-09-10T20:21:08.366+0000] {logging_mixin.py:190} INFO - [2026-09-10T20:21:08.366+0000] {dag.py:4180} INFO - Setting next_dagrun for 00_hello_world to None, run_after=None
[2026-09-10T20:21:08.397+0000] {processor.py:208} INFO - Processing /opt/airflow/dags/00_hello_world.py took 0.250 seconds
[2026-09-10T20:21:38.811+0000] {processor.py:186} INFO - Started process (PID=576) to work on /opt/airflow/dags/00_hello_world.py
[2026-09-10T20:21:38.813+0000] {processor.py:914} INFO - Processing file /opt/airflow/dags/00_hello_world.py for tasks to queue
[2026-09-10T20:21:38.831+0000] {logging_mixin.py:190} INFO - [2026-09-10T20:21:38.830+0000] {dagbag.py:588} INFO - Filling up the DagBag from /opt/airflow/dags/00_hello_world.py
[2026-09-10T20:21:38.859+0000] {processor.py:925} INFO - DAG(s) '00_hello_world' retrieved from /opt/airflow/dags/00_hello_world.py
[2026-09-10T20:21:38.918+0000] {logging_mixin.py:190} INFO - [2026-09-10T20:21:38.917+0000] {dag.py:3239} INFO - Sync 1 DAGs
[2026-09-10T20:21:38.956+0000] {logging_mixin.py:190} INFO - [2026-09-10T20:21:38.956+0000] {dag.py:4180} INFO - Setting next_dagrun for 00_hello_world to None, run_after=None
[2026-09-10T20:21:39.014+0000] {processor.py:208} INFO - Processing /opt/airflow/dags/00_hello_world.py took 0.219 seconds
[2026-09-10T20:22:09.339+0000] {processor.py:186} INFO - Started process (PID=648) to work on /opt/airflow/dags/00_hello_world.py
[2026-09-10T20:22:09.341+0000] {processor.py:914} INFO - Processing file /opt/airflow/dags/00_hello_world.py for tasks to queue
[2026-09-10T20:22:09.343+0000] {logging_mixin.py:190} INFO - [2026-09-10T20:22:09.343+0000] {dagbag.py:588} INFO - Filling up the DagBag from /opt/airflow/dags/00_hello_world.py
[2026-09-10T20:22:09.513+0000] {processor.py:925} INFO - DAG(s) '00_hello_world' retrieved from /opt/airflow/dags/00_hello_world.py
[2026-09-10T20:22:09.555+0000] {logging_mixin.py:190} INFO - [2026-09-10T20:22:09.555+0000] {dag.py:3239} INFO - Sync 1 DAGs
[2026-09-10T20:22:09.569+0000] {logging_mixin.py:190} INFO - [2026-09-10T20:22:09.569+0000] {dag.py:4180} INFO - Setting next_dagrun for 00_hello_world to None, run_after=None
[2026-09-10T20:22:09.594+0000] {processor.py:208} INFO - Processing /opt/airflow/dags/00_hello_world.py took 0.262 seconds
[2026-09-10T20:22:40.082+0000] {processor.py:186} INFO - Started process (PID=716) to work on /opt/airflow/dags/00_hello_world.py
[2026-09-10T20:22:40.082+0000] {processor.py:914} INFO - Processing file /opt/airflow/dags/00_hello_world.py for tasks to queue
[2026-09-10T20:22:40.085+0000] {logging_mixin.py:190} INFO - [2026-09-10T20:22:40.085+0000] {dagbag.py:588} INFO - Filling up the DagBag from /opt/airflow/dags/00_hello_world.py
[2026-09-10T20:22:40.096+0000] {processor.py:925} INFO - DAG(s) '00_hello_world' retrieved from /opt/airflow/dags/00_hello_world.py
[2026-09-10T20:22:40.133+0000] {logging_mixin.py:190} INFO - [2026-09-10T20:22:40.133+0000] {dag.py:3239} INFO - Sync 1 DAGs
[2026-09-10T20:22:40.161+0000] {logging_mixin.py:190} INFO - [2026-09-10T20:22:40.161+0000] {dag.py:4180} INFO - Setting next_dagrun for 00_hello_world to None, run_after=None
[2026-09-10T20:22:40.199+0000] {processor.py:208} INFO - Processing /opt/airflow/dags/00_hello_world.py took 0.125 seconds
[2026-09-10T20:23:10.634+0000] {processor.py:186} INFO - Started process (PID=795) to work on /opt/airflow/dags/00_hello_world.py
[2026-09-10T20:23:10.636+0000] {processor.py:914} INFO - Processing file /opt/airflow/dags/00_hello_world.py for tasks to queue
[2026-09-10T20:23:10.641+0000] {logging_mixin.py:190} INFO - [2026-09-10T20:23:10.641+0000] {dagbag.py:588} INFO - Filling up the DagBag from /opt/airflow/dags/00_hello_world.py
[2026-09-10T20:23:10.652+0000] {processor.py:925} INFO - DAG(s) '00_hello_world' retrieved from /opt/airflow/dags/00_hello_world.py
[2026-09-10T20:23:10.689+0000] {logging_mixin.py:190} INFO - [2026-09-10T20:23:10.689+0000] {dag.py:3239} INFO - Sync 1 DAGs
[2026-09-10T20:23:10.711+0000] {logging_mixin.py:190} INFO - [2026-09-10T20:23:10.711+0000] {dag.py:4180} INFO - Setting next_dagrun for 00_hello_world to None, run_after=None
[2026-09-10T20:23:10.733+0000] {processor.py:208} INFO - Processing /opt/airflow/dags/00_hello_world.py took 0.112 seconds
[2026-09-10T20:23:41.633+0000] {processor.py:186} INFO - Started process (PID=868) to work on /opt/airflow/dags/00_hello_world.py
[2026-09-10T20:23:41.635+0000] {processor.py:914} INFO - Processing file /opt/airflow/dags/00_hello_world.py for tasks to queue
[2026-09-10T20:23:41.640+0000] {logging_mixin.py:190} INFO - [2026-09-10T20:23:41.639+0000] {dagbag.py:588} INFO - Filling up the DagBag from /opt/airflow/dags/00_hello_world.py
[2026-09-10T20:23:41.658+0000] {processor.py:925} INFO - DAG(s) '00_hello_world' retrieved from /opt/airflow/dags/00_hello_world.py
[2026-09-10T20:23:41.716+0000] {logging_mixin.py:190} INFO - [2026-09-10T20:23:41.716+0000] {dag.py:3239} INFO - Sync 1 DAGs
[2026-09-10T20:23:41.747+0000] {logging_mixin.py:190} INFO - [2026-09-10T20:23:41.747+0000] {dag.py:4180} INFO - Setting next_dagrun for 00_hello_world to None, run_after=None
[2026-09-10T20:23:41.773+0000] {processor.py:208} INFO - Processing /opt/airflow/dags/00_hello_world.py took 0.154 seconds
[2026-09-10T20:24:11.822+0000] {processor.py:186} INFO - Started process (PID=938) to work on /opt/airflow/dags/00_hello_world.py
[2026-09-10T20:24:11.824+0000] {processor.py:914} INFO - Processing file /opt/airflow/dags/00_hello_world.py for tasks to queue
[2026-09-10T20:24:11.826+0000] {logging_mixin.py:190} INFO - [2026-09-10T20:24:11.826+0000] {dagbag.py:588} INFO - Filling up the DagBag from /opt/airflow/dags/00_hello_world.py
[2026-09-10T20:24:11.835+0000] {processor.py:925} INFO - DAG(s) '00_hello_world' retrieved from /opt/airflow/dags/00_hello_world.py
[2026-09-10T20:24:11.863+0000] {logging_mixin.py:190} INFO - [2026-09-10T20:24:11.862+0000] {dag.py:3239} INFO - Sync 1 DAGs
[2026-09-10T20:24:11.878+0000] {logging_mixin.py:190} INFO - [2026-09-10T20:24:11.878+0000] {dag.py:4180} INFO - Setting next_dagrun for 00_hello_world to None, run_after=None
[2026-09-10T20:24:11.897+0000] {processor.py:208} INFO - Processing /opt/airflow/dags/00_hello_world.py took 0.083 seconds
[2026-09-10T20:24:41.951+0000] {processor.py:186} INFO - Started process (PID=1008) to work on /opt/airflow/dags/00_hello_world.py
[2026-09-10T20:24:41.952+0000] {processor.py:914} INFO - Processing file /opt/airflow/dags/00_hello_world.py for tasks to queue
[2026-09-10T20:24:41.956+0000] {logging_mixin.py:190} INFO - [2026-09-10T20:24:41.955+0000] {dagbag.py:588} INFO - Filling up the DagBag from /opt/airflow/dags/00_hello_world.py
[2026-09-10T20:24:41.966+0000] {processor.py:925} INFO - DAG(s) '00_hello_world' retrieved from /opt/airflow/dags/00_hello_world.py
[2026-09-10T20:24:41.996+0000] {logging_mixin.py:190} INFO - [2026-09-10T20:24:41.996+0000] {dag.py:3239} INFO - Sync 1 DAGs
[2026-09-10T20:24:42.016+0000] {logging_mixin.py:190} INFO - [2026-09-10T20:24:42.016+0000] {dag.py:4180} INFO - Setting next_dagrun for 00_hello_world to None, run_after=None
[2026-09-10T20:24:42.037+0000] {processor.py:208} INFO - Processing /opt/airflow/dags/00_hello_world.py took 0.096 seconds
[2026-09-10T20:25:12.331+0000] {processor.py:186} INFO - Started process (PID=1080) to work on /opt/airflow/dags/00_hello_world.py
[2026-09-10T20:25:12.333+0000] {processor.py:914} INFO - Processing file /opt/airflow/dags/00_hello_world.py for tasks to queue
[2026-09-10T20:25:12.335+0000] {logging_mixin.py:190} INFO - [2026-09-10T20:25:12.335+0000] {dagbag.py:588} INFO - Filling up the DagBag from /opt/airflow/dags/00_hello_world.py
[2026-09-10T20:25:12.344+0000] {processor.py:925} INFO - DAG(s) '00_hello_world' retrieved from /opt/airflow/dags/00_hello_world.py
[2026-09-10T20:25:12.373+0000] {logging_mixin.py:190} INFO - [2026-09-10T20:25:12.373+0000] {dag.py:3239} INFO - Sync 1 DAGs
[2026-09-10T20:25:12.390+0000] {logging_mixin.py:190} INFO - [2026-09-10T20:25:12.390+0000] {dag.py:4180} INFO - Setting next_dagrun for 00_hello_world to None, run_after=None
[2026-09-10T20:25:12.410+0000] {processor.py:208} INFO - Processing /opt/airflow/dags/00_hello_world.py took 0.088 seconds
[2026-09-10T20:25:42.463+0000] {processor.py:186} INFO - Started process (PID=1150) to work on /opt/airflow/dags/00_hello_world.py
[2026-09-10T20:25:42.463+0000] {processor.py:914} INFO - Processing file /opt/airflow/dags/00_hello_world.py for tasks to queue
[2026-09-10T20:25:42.466+0000] {logging_mixin.py:190} INFO - [2026-09-10T20:25:42.465+0000] {dagbag.py:588} INFO - Filling up the DagBag from /opt/airflow/dags/00_hello_world.py
[2026-09-10T20:25:42.472+0000] {processor.py:925} INFO - DAG(s) '00_hello_world' retrieved from /opt/airflow/dags/00_hello_world.py
[2026-09-10T20:25:42.499+0000] {logging_mixin.py:190} INFO - [2026-09-10T20:25:42.499+0000] {dag.py:3239} INFO - Sync 1 DAGs
[2026-09-10T20:25:42.513+0000] {logging_mixin.py:190} INFO - [2026-09-10T20:25:42.513+0000] {dag.py:4180} INFO - Setting next_dagrun for 00_hello_world to None, run_after=None
[2026-09-10T20:25:42.531+0000] {processor.py:208} INFO - Processing /opt/airflow/dags/00_hello_world.py took 0.074 seconds
[2026-09-10T20:26:12.710+0000] {processor.py:186} INFO - Started process (PID=1220) to work on /opt/airflow/dags/00_hello_world.py
[2026-09-10T20:26:12.712+0000] {processor.py:914} INFO - Processing file /opt/airflow/dags/00_hello_world.py for tasks to queue
[2026-09-10T20:26:12.714+0000] {logging_mixin.py:190} INFO - [2026-09-10T20:26:12.713+0000] {dagbag.py:588} INFO - Filling up the DagBag from /opt/airflow/dags/00_hello_world.py
[2026-09-10T20:26:12.721+0000] {processor.py:925} INFO - DAG(s) '00_hello_world' retrieved from /opt/airflow/dags/00_hello_world.py
[2026-09-10T20:26:12.747+0000] {logging_mixin.py:190} INFO - [2026-09-10T20:26:12.747+0000] {dag.py:3239} INFO - Sync 1 DAGs
[2026-09-10T20:26:12.762+0000] {logging_mixin.py:190} INFO - [2026-09-10T20:26:12.761+0000] {dag.py:4180} INFO - Setting next_dagrun for 00_hello_world to None, run_after=None
[2026-09-10T20:26:12.781+0000] {processor.py:208} INFO - Processing /opt/airflow/dags/00_hello_world.py took 0.077 seconds
[2026-09-10T20:26:42.852+0000] {processor.py:186} INFO - Started process (PID=1290) to work on /opt/airflow/dags/00_hello_world.py
[2026-09-10T20:26:42.853+0000] {processor.py:914} INFO - Processing file /opt/airflow/dags/00_hello_world.py for tasks to queue
[2026-09-10T20:26:42.856+0000] {logging_mixin.py:190} INFO - [2026-09-10T20:26:42.856+0000] {dagbag.py:588} INFO - Filling up the DagBag from /opt/airflow/dags/00_hello_world.py
[2026-09-10T20:26:42.864+0000] {processor.py:925} INFO - DAG(s) '00_hello_world' retrieved from /opt/airflow/dags/00_hello_world.py
[2026-09-10T20:26:42.899+0000] {logging_mixin.py:190} INFO - [2026-09-10T20:26:42.899+0000] {dag.py:3239} INFO - Sync 1 DAGs
[2026-09-10T20:26:42.914+0000] {logging_mixin.py:190} INFO - [2026-09-10T20:26:42.913+0000] {dag.py:4180} INFO - Setting next_dagrun for 00_hello_world to None, run_after=None
[2026-09-10T20:26:42.932+0000] {processor.py:208} INFO - Processing /opt/airflow/dags/00_hello_world.py took 0.087 seconds
[2026-09-10T20:27:13.006+0000] {processor.py:186} INFO - Started process (PID=1358) to work on /opt/airflow/dags/00_hello_world.py
[2026-09-10T20:27:13.008+0000] {processor.py:914} INFO - Processing file /opt/airflow/dags/00_hello_world.py for tasks to queue
[2026-09-10T20:27:13.012+0000] {logging_mixin.py:190} INFO - [2026-09-10T20:27:13.012+0000] {dagbag.py:588} INFO - Filling up the DagBag from /opt/airflow/dags/00_hello_world.py
[2026-09-10T20:27:13.021+0000] {processor.py:925} INFO - DAG(s) '00_hello_world' retrieved from /opt/airflow/dags/00_hello_world.py
[2026-09-10T20:27:13.050+0000] {logging_mixin.py:190} INFO - [2026-09-10T20:27:13.050+0000] {dag.py:3239} INFO - Sync 1 DAGs
[2026-09-10T20:27:13.064+0000] {logging_mixin.py:190} INFO - [2026-09-10T20:27:13.064+0000] {dag.py:4180} INFO - Setting next_dagrun for 00_hello_world to None, run_after=None
[2026-09-10T20:27:13.082+0000] {processor.py:208} INFO - Processing /opt/airflow/dags/00_hello_world.py took 0.085 seconds
[2026-09-10T20:27:43.252+0000] {processor.py:186} INFO - Started process (PID=1430) to work on /opt/airflow/dags/00_hello_world.py
[2026-09-10T20:27:43.253+0000] {processor.py:914} INFO - Processing file /opt/airflow/dags/00_hello_world.py for tasks to queue
[2026-09-10T20:27:43.255+0000] {logging_mixin.py:190} INFO - [2026-09-10T20:27:43.255+0000] {dagbag.py:588} INFO - Filling up the DagBag from /opt/airflow/dags/00_hello_world.py
[2026-09-10T20:27:43.263+0000] {processor.py:925} INFO - DAG(s) '00_hello_world' retrieved from /opt/airflow/dags/00_hello_world.py
[2026-09-10T20:27:43.289+0000] {logging_mixin.py:190} INFO - [2026-09-10T20:27:43.288+0000] {dag.py:3239} INFO - Sync 1 DAGs
[2026-09-10T20:27:43.303+0000] {logging_mixin.py:190} INFO - [2026-09-10T20:27:43.303+0000] {dag.py:4180} INFO - Setting next_dagrun for 00_hello_world to None, run_after=None
[2026-09-10T20:27:43.321+0000] {processor.py:208} INFO - Processing /opt/airflow/dags/00_hello_world.py took 0.077 seconds
[2026-09-10T20:28:13.395+0000] {processor.py:186} INFO - Started process (PID=1498) to work on /opt/airflow/dags/00_hello_world.py
[2026-09-10T20:28:13.396+0000] {processor.py:914} INFO - Processing file /opt/airflow/dags/00_hello_world.py for tasks to queue
[2026-09-10T20:28:13.399+0000] {logging_mixin.py:190} INFO - [2026-09-10T20:28:13.399+0000] {dagbag.py:588} INFO - Filling up the DagBag from /opt/airflow/dags/00_hello_world.py
[2026-09-10T20:28:13.407+0000] {processor.py:925} INFO - DAG(s) '00_hello_world' retrieved from /opt/airflow/dags/00_hello_world.py
[2026-09-10T20:28:13.433+0000] {logging_mixin.py:190} INFO - [2026-09-10T20:28:13.432+0000] {dag.py:3239} INFO - Sync 1 DAGs
[2026-09-10T20:28:13.447+0000] {logging_mixin.py:190} INFO - [2026-09-10T20:28:13.447+0000] {dag.py:4180} INFO - Setting next_dagrun for 00_hello_world to None, run_after=None
[2026-09-10T20:28:13.465+0000] {processor.py:208} INFO - Processing /opt/airflow/dags/00_hello_world.py took 0.078 seconds
[2026-09-10T20:28:44.503+0000] {processor.py:186} INFO - Started process (PID=1568) to work on /opt/airflow/dags/00_hello_world.py
[2026-09-10T20:28:44.504+0000] {processor.py:914} INFO - Processing file /opt/airflow/dags/00_hello_world.py for tasks to queue
[2026-09-10T20:28:44.507+0000] {logging_mixin.py:190} INFO - [2026-09-10T20:28:44.507+0000] {dagbag.py:588} INFO - Filling up the DagBag from /opt/airflow/dags/00_hello_world.py
[2026-09-10T20:28:44.517+0000] {processor.py:925} INFO - DAG(s) '00_hello_world' retrieved from /opt/airflow/dags/00_hello_world.py
[2026-09-10T20:28:44.550+0000] {logging_mixin.py:190} INFO - [2026-09-10T20:28:44.550+0000] {dag.py:3239} INFO - Sync 1 DAGs
[2026-09-10T20:28:44.567+0000] {logging_mixin.py:190} INFO - [2026-09-10T20:28:44.566+0000] {dag.py:4180} INFO - Setting next_dagrun for 00_hello_world to None, run_after=None
[2026-09-10T20:28:44.590+0000] {processor.py:208} INFO - Processing /opt/airflow/dags/00_hello_world.py took 0.096 seconds
[2026-09-10T20:29:14.666+0000] {processor.py:186} INFO - Started process (PID=1638) to work on /opt/airflow/dags/00_hello_world.py
[2026-09-10T20:29:14.667+0000] {processor.py:914} INFO - Processing file /opt/airflow/dags/00_hello_world.py for tasks to queue
[2026-09-10T20:29:14.670+0000] {logging_mixin.py:190} INFO - [2026-09-10T20:29:14.670+0000] {dagbag.py:588} INFO - Filling up the DagBag from /opt/airflow/dags/00_hello_world.py
[2026-09-10T20:29:14.679+0000] {processor.py:925} INFO - DAG(s) '00_hello_world' retrieved from /opt/airflow/dags/00_hello_world.py
[2026-09-10T20:29:14.709+0000] {logging_mixin.py:190} INFO - [2026-09-10T20:29:14.709+0000] {dag.py:3239} INFO - Sync 1 DAGs
[2026-09-10T20:29:14.724+0000] {logging_mixin.py:190} INFO - [2026-09-10T20:29:14.724+0000] {dag.py:4180} INFO - Setting next_dagrun for 00_hello_world to None, run_after=None
[2026-09-10T20:29:14.747+0000] {processor.py:208} INFO - Processing /opt/airflow/dags/00_hello_world.py took 0.089 seconds
[2026-09-10T20:29:44.829+0000] {processor.py:186} INFO - Started process (PID=1708) to work on /opt/airflow/dags/00_hello_world.py
[2026-09-10T20:29:44.830+0000] {processor.py:914} INFO - Processing file /opt/airflow/dags/00_hello_world.py for tasks to queue
[2026-09-10T20:29:44.833+0000] {logging_mixin.py:190} INFO - [2026-09-10T20:29:44.832+0000] {dagbag.py:588} INFO - Filling up the DagBag from /opt/airflow/dags/00_hello_world.py
[2026-09-10T20:29:44.842+0000] {processor.py:925} INFO - DAG(s) '00_hello_world' retrieved from /opt/airflow/dags/00_hello_world.py
[2026-09-10T20:29:44.871+0000] {logging_mixin.py:190} INFO - [2026-09-10T20:29:44.871+0000] {dag.py:3239} INFO - Sync 1 DAGs
[2026-09-10T20:29:44.889+0000] {logging_mixin.py:190} INFO - [2026-09-10T20:29:44.888+0000] {dag.py:4180} INFO - Setting next_dagrun for 00_hello_world to None, run_after=None
[2026-09-10T20:29:44.908+0000] {processor.py:208} INFO - Processing /opt/airflow/dags/00_hello_world.py took 0.086 seconds
[2026-09-10T20:30:15.016+0000] {processor.py:186} INFO - Started process (PID=1778) to work on /opt/airflow/dags/00_hello_world.py
[2026-09-10T20:30:15.017+0000] {processor.py:914} INFO - Processing file /opt/airflow/dags/00_hello_world.py for tasks to queue
[2026-09-10T20:30:15.019+0000] {logging_mixin.py:190} INFO - [2026-09-10T20:30:15.019+0000] {dagbag.py:588} INFO - Filling up the DagBag from /opt/airflow/dags/00_hello_world.py
[2026-09-10T20:30:15.026+0000] {processor.py:925} INFO - DAG(s) '00_hello_world' retrieved from /opt/airflow/dags/00_hello_world.py
[2026-09-10T20:30:15.054+0000] {logging_mixin.py:190} INFO - [2026-09-10T20:30:15.054+0000] {dag.py:3239} INFO - Sync 1 DAGs
[2026-09-10T20:30:15.070+0000] {logging_mixin.py:190} INFO - [2026-09-10T20:30:15.070+0000] {dag.py:4180} INFO - Setting next_dagrun for 00_hello_world to None, run_after=None
[2026-09-10T20:30:15.090+0000] {processor.py:208} INFO - Processing /opt/airflow/dags/00_hello_world.py took 0.082 seconds
[2026-09-10T20:30:45.189+0000] {processor.py:186} INFO - Started process (PID=1848) to work on /opt/airflow/dags/00_hello_world.py
[2026-09-10T20:30:45.189+0000] {processor.py:914} INFO - Processing file /opt/airflow/dags/00_hello_world.py for tasks to queue
[2026-09-10T20:30:45.193+0000] {logging_mixin.py:190} INFO - [2026-09-10T20:30:45.192+0000] {dagbag.py:588} INFO - Filling up the DagBag from /opt/airflow/dags/00_hello_world.py
[2026-09-10T20:30:45.201+0000] {processor.py:925} INFO - DAG(s) '00_hello_world' retrieved from /opt/airflow/dags/00_hello_world.py
[2026-09-10T20:30:45.231+0000] {logging_mixin.py:190} INFO - [2026-09-10T20:30:45.230+0000] {dag.py:3239} INFO - Sync 1 DAGs
[2026-09-10T20:30:45.248+0000] {logging_mixin.py:190} INFO - [2026-09-10T20:30:45.247+0000] {dag.py:4180} INFO - Setting next_dagrun for 00_hello_world to None, run_after=None
[2026-09-10T20:30:45.267+0000] {processor.py:208} INFO - Processing /opt/airflow/dags/00_hello_world.py took 0.086 seconds
[2026-09-10T20:31:15.427+0000] {processor.py:186} INFO - Started process (PID=1918) to work on /opt/airflow/dags/00_hello_world.py
[2026-09-10T20:31:15.428+0000] {processor.py:914} INFO - Processing file /opt/airflow/dags/00_hello_world.py for tasks to queue
[2026-09-10T20:31:15.431+0000] {logging_mixin.py:190} INFO - [2026-09-10T20:31:15.431+0000] {dagbag.py:588} INFO - Filling up the DagBag from /opt/airflow/dags/00_hello_world.py
[2026-09-10T20:31:15.439+0000] {processor.py:925} INFO - DAG(s) '00_hello_world' retrieved from /opt/airflow/dags/00_hello_world.py
[2026-09-10T20:31:15.464+0000] {logging_mixin.py:190} INFO - [2026-09-10T20:31:15.464+0000] {dag.py:3239} INFO - Sync 1 DAGs
[2026-09-10T20:31:15.479+0000] {logging_mixin.py:190} INFO - [2026-09-10T20:31:15.479+0000] {dag.py:4180} INFO - Setting next_dagrun for 00_hello_world to None, run_after=None
[2026-09-10T20:31:15.501+0000] {processor.py:208} INFO - Processing /opt/airflow/dags/00_hello_world.py took 0.082 seconds
[2026-09-10T20:31:45.791+0000] {processor.py:186} INFO - Started process (PID=1990) to work on /opt/airflow/dags/00_hello_world.py
[2026-09-10T20:31:45.791+0000] {processor.py:914} INFO - Processing file /opt/airflow/dags/00_hello_world.py for tasks to queue
[2026-09-10T20:31:45.794+0000] {logging_mixin.py:190} INFO - [2026-09-10T20:31:45.794+0000] {dagbag.py:588} INFO - Filling up the DagBag from /opt/airflow/dags/00_hello_world.py
[2026-09-10T20:31:45.802+0000] {processor.py:925} INFO - DAG(s) '00_hello_world' retrieved from /opt/airflow/dags/00_hello_world.py
[2026-09-10T20:31:45.829+0000] {logging_mixin.py:190} INFO - [2026-09-10T20:31:45.829+0000] {dag.py:3239} INFO - Sync 1 DAGs
[2026-09-10T20:31:45.845+0000] {logging_mixin.py:190} INFO - [2026-09-10T20:31:45.845+0000] {dag.py:4180} INFO - Setting next_dagrun for 00_hello_world to None, run_after=None
[2026-09-10T20:31:45.866+0000] {processor.py:208} INFO - Processing /opt/airflow/dags/00_hello_world.py took 0.083 seconds
[2026-09-10T20:32:16.527+0000] {processor.py:186} INFO - Started process (PID=2060) to work on /opt/airflow/dags/00_hello_world.py
[2026-09-10T20:32:16.529+0000] {processor.py:914} INFO - Processing file /opt/airflow/dags/00_hello_world.py for tasks to queue
[2026-09-10T20:32:16.532+0000] {logging_mixin.py:190} INFO - [2026-09-10T20:32:16.532+0000] {dagbag.py:588} INFO - Filling up the DagBag from /opt/airflow/dags/00_hello_world.py
[2026-09-10T20:32:16.546+0000] {processor.py:925} INFO - DAG(s) '00_hello_world' retrieved from /opt/airflow/dags/00_hello_world.py
[2026-09-10T20:32:16.586+0000] {logging_mixin.py:190} INFO - [2026-09-10T20:32:16.586+0000] {dag.py:3239} INFO - Sync 1 DAGs
[2026-09-10T20:32:16.601+0000] {logging_mixin.py:190} INFO - [2026-09-10T20:32:16.601+0000] {dag.py:4180} INFO - Setting next_dagrun for 00_hello_world to None, run_after=None
[2026-09-10T20:32:16.618+0000] {processor.py:208} INFO - Processing /opt/airflow/dags/00_hello_world.py took 0.101 seconds
[2026-09-10T20:32:46.761+0000] {processor.py:186} INFO - Started process (PID=2130) to work on /opt/airflow/dags/00_hello_world.py
[2026-09-10T20:32:46.762+0000] {processor.py:914} INFO - Processing file /opt/airflow/dags/00_hello_world.py for tasks to queue
[2026-09-10T20:32:46.765+0000] {logging_mixin.py:190} INFO - [2026-09-10T20:32:46.765+0000] {dagbag.py:588} INFO - Filling up the DagBag from /opt/airflow/dags/00_hello_world.py
[2026-09-10T20:32:46.773+0000] {processor.py:925} INFO - DAG(s) '00_hello_world' retrieved from /opt/airflow/dags/00_hello_world.py
[2026-09-10T20:32:46.800+0000] {logging_mixin.py:190} INFO - [2026-09-10T20:32:46.800+0000] {dag.py:3239} INFO - Sync 1 DAGs
[2026-09-10T20:32:46.815+0000] {logging_mixin.py:190} INFO - [2026-09-10T20:32:46.815+0000] {dag.py:4180} INFO - Setting next_dagrun for 00_hello_world to None, run_after=None
[2026-09-10T20:32:46.832+0000] {processor.py:208} INFO - Processing /opt/airflow/dags/00_hello_world.py took 0.078 seconds
[2026-09-10T20:33:17.210+0000] {processor.py:186} INFO - Started process (PID=2200) to work on /opt/airflow/dags/00_hello_world.py
[2026-09-10T20:33:17.211+0000] {processor.py:914} INFO - Processing file /opt/airflow/dags/00_hello_world.py for tasks to queue
[2026-09-10T20:33:17.214+0000] {logging_mixin.py:190} INFO - [2026-09-10T20:33:17.213+0000] {dagbag.py:588} INFO - Filling up the DagBag from /opt/airflow/dags/00_hello_world.py
[2026-09-10T20:33:17.221+0000] {processor.py:925} INFO - DAG(s) '00_hello_world' retrieved from /opt/airflow/dags/00_hello_world.py
[2026-09-10T20:33:17.252+0000] {logging_mixin.py:190} INFO - [2026-09-10T20:33:17.252+0000] {dag.py:3239} INFO - Sync 1 DAGs
[2026-09-10T20:33:17.269+0000] {logging_mixin.py:190} INFO - [2026-09-10T20:33:17.268+0000] {dag.py:4180} INFO - Setting next_dagrun for 00_hello_world to None, run_after=None
[2026-09-10T20:33:17.289+0000] {processor.py:208} INFO - Processing /opt/airflow/dags/00_hello_world.py took 0.088 seconds
[2026-09-10T20:33:47.421+0000] {processor.py:186} INFO - Started process (PID=2270) to work on /opt/airflow/dags/00_hello_world.py
[2026-09-10T20:33:47.423+0000] {processor.py:914} INFO - Processing file /opt/airflow/dags/00_hello_world.py for tasks to queue
[2026-09-10T20:33:47.425+0000] {logging_mixin.py:190} INFO - [2026-09-10T20:33:47.425+0000] {dagbag.py:588} INFO - Filling up the DagBag from /opt/airflow/dags/00_hello_world.py
[2026-09-10T20:33:47.434+0000] {processor.py:925} INFO - DAG(s) '00_hello_world' retrieved from /opt/airflow/dags/00_hello_world.py
[2026-09-10T20:33:47.461+0000] {logging_mixin.py:190} INFO - [2026-09-10T20:33:47.461+0000] {dag.py:3239} INFO - Sync 1 DAGs
[2026-09-10T20:33:47.475+0000] {logging_mixin.py:190} INFO - [2026-09-10T20:33:47.475+0000] {dag.py:4180} INFO - Setting next_dagrun for 00_hello_world to None, run_after=None
[2026-09-10T20:33:47.493+0000] {processor.py:208} INFO - Processing /opt/airflow/dags/00_hello_world.py took 0.079 seconds
[2026-09-10T20:34:17.618+0000] {processor.py:186} INFO - Started process (PID=2338) to work on /opt/airflow/dags/00_hello_world.py
[2026-09-10T20:34:17.619+0000] {processor.py:914} INFO - Processing file /opt/airflow/dags/00_hello_world.py for tasks to queue
[2026-09-10T20:34:17.622+0000] {logging_mixin.py:190} INFO - [2026-09-10T20:34:17.622+0000] {dagbag.py:588} INFO - Filling up the DagBag from /opt/airflow/dags/00_hello_world.py
[2026-09-10T20:34:17.633+0000] {processor.py:925} INFO - DAG(s) '00_hello_world' retrieved from /opt/airflow/dags/00_hello_world.py
[2026-09-10T20:34:17.660+0000] {logging_mixin.py:190} INFO - [2026-09-10T20:34:17.660+0000] {dag.py:3239} INFO - Sync 1 DAGs
[2026-09-10T20:34:17.675+0000] {logging_mixin.py:190} INFO - [2026-09-10T20:34:17.675+0000] {dag.py:4180} INFO - Setting next_dagrun for 00_hello_world to None, run_after=None
[2026-09-10T20:34:17.695+0000] {processor.py:208} INFO - Processing /opt/airflow/dags/00_hello_world.py took 0.088 seconds
[2026-09-10T20:34:47.825+0000] {processor.py:186} INFO - Started process (PID=2410) to work on /opt/airflow/dags/00_hello_world.py
[2026-09-10T20:34:47.827+0000] {processor.py:914} INFO - Processing file /opt/airflow/dags/00_hello_world.py for tasks to queue
[2026-09-10T20:34:47.829+0000] {logging_mixin.py:190} INFO - [2026-09-10T20:34:47.829+0000] {dagbag.py:588} INFO - Filling up the DagBag from /opt/airflow/dags/00_hello_world.py
[2026-09-10T20:34:47.838+0000] {processor.py:925} INFO - DAG(s) '00_hello_world' retrieved from /opt/airflow/dags/00_hello_world.py
[2026-09-10T20:34:47.864+0000] {logging_mixin.py:190} INFO - [2026-09-10T20:34:47.864+0000] {dag.py:3239} INFO - Sync 1 DAGs
[2026-09-10T20:34:47.878+0000] {logging_mixin.py:190} INFO - [2026-09-10T20:34:47.878+0000] {dag.py:4180} INFO - Setting next_dagrun for 00_hello_world to None, run_after=None
[2026-09-10T20:34:47.896+0000] {processor.py:208} INFO - Processing /opt/airflow/dags/00_hello_world.py took 0.078 seconds
[2026-09-10T20:35:18.008+0000] {processor.py:186} INFO - Started process (PID=2480) to work on /opt/airflow/dags/00_hello_world.py
[2026-09-10T20:35:18.009+0000] {processor.py:914} INFO - Processing file /opt/airflow/dags/00_hello_world.py for tasks to queue
[2026-09-10T20:35:18.013+0000] {logging_mixin.py:190} INFO - [2026-09-10T20:35:18.012+0000] {dagbag.py:588} INFO - Filling up the DagBag from /opt/airflow/dags/00_hello_world.py
[2026-09-10T20:35:18.022+0000] {processor.py:925} INFO - DAG(s) '00_hello_world' retrieved from /opt/airflow/dags/00_hello_world.py
[2026-09-10T20:35:18.053+0000] {logging_mixin.py:190} INFO - [2026-09-10T20:35:18.052+0000] {dag.py:3239} INFO - Sync 1 DAGs
[2026-09-10T20:35:18.068+0000] {logging_mixin.py:190} INFO - [2026-09-10T20:35:18.067+0000] {dag.py:4180} INFO - Setting next_dagrun for 00_hello_world to None, run_after=None
[2026-09-10T20:35:18.085+0000] {processor.py:208} INFO - Processing /opt/airflow/dags/00_hello_world.py took 0.087 seconds
[2026-09-10T20:35:48.425+0000] {processor.py:186} INFO - Started process (PID=2550) to work on /opt/airflow/dags/00_hello_world.py
[2026-09-10T20:35:48.426+0000] {processor.py:914} INFO - Processing file /opt/airflow/dags/00_hello_world.py for tasks to queue
[2026-09-10T20:35:48.429+0000] {logging_mixin.py:190} INFO - [2026-09-10T20:35:48.429+0000] {dagbag.py:588} INFO - Filling up the DagBag from /opt/airflow/dags/00_hello_world.py
[2026-09-10T20:35:48.437+0000] {processor.py:925} INFO - DAG(s) '00_hello_world' retrieved from /opt/airflow/dags/00_hello_world.py
[2026-09-10T20:35:48.465+0000] {logging_mixin.py:190} INFO - [2026-09-10T20:35:48.464+0000] {dag.py:3239} INFO - Sync 1 DAGs
[2026-09-10T20:35:48.480+0000] {logging_mixin.py:190} INFO - [2026-09-10T20:35:48.480+0000] {dag.py:4180} INFO - Setting next_dagrun for 00_hello_world to None, run_after=None
[2026-09-10T20:35:48.501+0000] {processor.py:208} INFO - Processing /opt/airflow/dags/00_hello_world.py took 0.084 seconds
[2026-09-10T20:36:19.513+0000] {processor.py:186} INFO - Started process (PID=2620) to work on /opt/airflow/dags/00_hello_world.py
[2026-09-10T20:36:19.514+0000] {processor.py:914} INFO - Processing file /opt/airflow/dags/00_hello_world.py for tasks to queue
[2026-09-10T20:36:19.517+0000] {logging_mixin.py:190} INFO - [2026-09-10T20:36:19.517+0000] {dagbag.py:588} INFO - Filling up the DagBag from /opt/airflow/dags/00_hello_world.py
[2026-09-10T20:36:19.526+0000] {processor.py:925} INFO - DAG(s) '00_hello_world' retrieved from /opt/airflow/dags/00_hello_world.py
[2026-09-10T20:36:19.553+0000] {logging_mixin.py:190} INFO - [2026-09-10T20:36:19.553+0000] {dag.py:3239} INFO - Sync 1 DAGs
[2026-09-10T20:36:19.568+0000] {logging_mixin.py:190} INFO - [2026-09-10T20:36:19.567+0000] {dag.py:4180} INFO - Setting next_dagrun for 00_hello_world to None, run_after=None
[2026-09-10T20:36:19.585+0000] {processor.py:208} INFO - Processing /opt/airflow/dags/00_hello_world.py took 0.080 seconds
[2026-09-10T20:36:49.730+0000] {processor.py:186} INFO - Started process (PID=2690) to work on /opt/airflow/dags/00_hello_world.py
[2026-09-10T20:36:49.732+0000] {processor.py:914} INFO - Processing file /opt/airflow/dags/00_hello_world.py for tasks to queue
[2026-09-10T20:36:49.734+0000] {logging_mixin.py:190} INFO - [2026-09-10T20:36:49.734+0000] {dagbag.py:588} INFO - Filling up the DagBag from /opt/airflow/dags/00_hello_world.py
[2026-09-10T20:36:49.743+0000] {processor.py:925} INFO - DAG(s) '00_hello_world' retrieved from /opt/airflow/dags/00_hello_world.py
[2026-09-10T20:36:49.769+0000] {logging_mixin.py:190} INFO - [2026-09-10T20:36:49.769+0000] {dag.py:3239} INFO - Sync 1 DAGs
[2026-09-10T20:36:49.784+0000] {logging_mixin.py:190} INFO - [2026-09-10T20:36:49.784+0000] {dag.py:4180} INFO - Setting next_dagrun for 00_hello_world to None, run_after=None
[2026-09-10T20:36:49.803+0000] {processor.py:208} INFO - Processing /opt/airflow/dags/00_hello_world.py took 0.080 seconds
[2026-09-10T20:37:19.856+0000] {processor.py:186} INFO - Started process (PID=2760) to work on /opt/airflow/dags/00_hello_world.py
[2026-09-10T20:37:19.857+0000] {processor.py:914} INFO - Processing file /opt/airflow/dags/00_hello_world.py for tasks to queue
[2026-09-10T20:37:19.859+0000] {logging_mixin.py:190} INFO - [2026-09-10T20:37:19.859+0000] {dagbag.py:588} INFO - Filling up the DagBag from /opt/airflow/dags/00_hello_world.py
[2026-09-10T20:37:19.868+0000] {processor.py:925} INFO - DAG(s) '00_hello_world' retrieved from /opt/airflow/dags/00_hello_world.py
[2026-09-10T20:37:19.894+0000] {logging_mixin.py:190} INFO - [2026-09-10T20:37:19.894+0000] {dag.py:3239} INFO - Sync 1 DAGs
[2026-09-10T20:37:19.909+0000] {logging_mixin.py:190} INFO - [2026-09-10T20:37:19.909+0000] {dag.py:4180} INFO - Setting next_dagrun for 00_hello_world to None, run_after=None
[2026-09-10T20:37:19.926+0000] {processor.py:208} INFO - Processing /opt/airflow/dags/00_hello_world.py took 0.078 seconds
[2026-09-10T20:37:50.002+0000] {processor.py:186} INFO - Started process (PID=2830) to work on /opt/airflow/dags/00_hello_world.py
[2026-09-10T20:37:50.005+0000] {processor.py:914} INFO - Processing file /opt/airflow/dags/00_hello_world.py for tasks to queue
[2026-09-10T20:37:50.009+0000] {logging_mixin.py:190} INFO - [2026-09-10T20:37:50.008+0000] {dagbag.py:588} INFO - Filling up the DagBag from /opt/airflow/dags/00_hello_world.py
[2026-09-10T20:37:50.017+0000] {processor.py:925} INFO - DAG(s) '00_hello_world' retrieved from /opt/airflow/dags/00_hello_world.py
[2026-09-10T20:37:50.041+0000] {logging_mixin.py:190} INFO - [2026-09-10T20:37:50.041+0000] {dag.py:3239} INFO - Sync 1 DAGs
[2026-09-10T20:37:50.055+0000] {logging_mixin.py:190} INFO - [2026-09-10T20:37:50.054+0000] {dag.py:4180} INFO - Setting next_dagrun for 00_hello_world to None, run_after=None
[2026-09-10T20:37:50.072+0000] {processor.py:208} INFO - Processing /opt/airflow/dags/00_hello_world.py took 0.077 seconds
[2026-09-10T20:38:20.247+0000] {processor.py:186} INFO - Started process (PID=2900) to work on /opt/airflow/dags/00_hello_world.py
[2026-09-10T20:38:20.248+0000] {processor.py:914} INFO - Processing file /opt/airflow/dags/00_hello_world.py for tasks to queue
[2026-09-10T20:38:20.253+0000] {logging_mixin.py:190} INFO - [2026-09-10T20:38:20.252+0000] {dagbag.py:588} INFO - Filling up the DagBag from /opt/airflow/dags/00_hello_world.py
[2026-09-10T20:38:20.261+0000] {processor.py:925} INFO - DAG(s) '00_hello_world' retrieved from /opt/airflow/dags/00_hello_world.py
[2026-09-10T20:38:20.291+0000] {logging_mixin.py:190} INFO - [2026-09-10T20:38:20.290+0000] {dag.py:3239} INFO - Sync 1 DAGs
[2026-09-10T20:38:20.307+0000] {logging_mixin.py:190} INFO - [2026-09-10T20:38:20.307+0000] {dag.py:4180} INFO - Setting next_dagrun for 00_hello_world to None, run_after=None
[2026-09-10T20:38:20.327+0000] {processor.py:208} INFO - Processing /opt/airflow/dags/00_hello_world.py took 0.088 seconds
[2026-09-10T20:38:50.480+0000] {processor.py:186} INFO - Started process (PID=2970) to work on /opt/airflow/dags/00_hello_world.py
[2026-09-10T20:38:50.482+0000] {processor.py:914} INFO - Processing file /opt/airflow/dags/00_hello_world.py for tasks to queue
[2026-09-10T20:38:50.484+0000] {logging_mixin.py:190} INFO - [2026-09-10T20:38:50.484+0000] {dagbag.py:588} INFO - Filling up the DagBag from /opt/airflow/dags/00_hello_world.py
[2026-09-10T20:38:50.492+0000] {processor.py:925} INFO - DAG(s) '00_hello_world' retrieved from /opt/airflow/dags/00_hello_world.py
[2026-09-10T20:38:50.519+0000] {logging_mixin.py:190} INFO - [2026-09-10T20:38:50.519+0000] {dag.py:3239} INFO - Sync 1 DAGs
[2026-09-10T20:38:50.534+0000] {logging_mixin.py:190} INFO - [2026-09-10T20:38:50.534+0000] {dag.py:4180} INFO - Setting next_dagrun for 00_hello_world to None, run_after=None
[2026-09-10T20:38:50.551+0000] {processor.py:208} INFO - Processing /opt/airflow/dags/00_hello_world.py took 0.078 seconds
[2026-09-10T20:39:20.644+0000] {processor.py:186} INFO - Started process (PID=3040) to work on /opt/airflow/dags/00_hello_world.py
[2026-09-10T20:39:20.645+0000] {processor.py:914} INFO - Processing file /opt/airflow/dags/00_hello_world.py for tasks to queue
[2026-09-10T20:39:20.647+0000] {logging_mixin.py:190} INFO - [2026-09-10T20:39:20.647+0000] {dagbag.py:588} INFO - Filling up the DagBag from /opt/airflow/dags/00_hello_world.py
[2026-09-10T20:39:20.654+0000] {processor.py:925} INFO - DAG(s) '00_hello_world' retrieved from /opt/airflow/dags/00_hello_world.py
[2026-09-10T20:39:20.678+0000] {logging_mixin.py:190} INFO - [2026-09-10T20:39:20.678+0000] {dag.py:3239} INFO - Sync 1 DAGs
[2026-09-10T20:39:20.691+0000] {logging_mixin.py:190} INFO - [2026-09-10T20:39:20.691+0000] {dag.py:4180} INFO - Setting next_dagrun for 00_hello_world to None, run_after=None
[2026-09-10T20:39:20.713+0000] {processor.py:208} INFO - Processing /opt/airflow/dags/00_hello_world.py took 0.075 seconds
[2026-09-10T20:39:51.000+0000] {processor.py:186} INFO - Started process (PID=3110) to work on /opt/airflow/dags/00_hello_world.py
[2026-09-10T20:39:51.002+0000] {processor.py:914} INFO - Processing file /opt/airflow/dags/00_hello_world.py for tasks to queue
[2026-09-10T20:39:51.005+0000] {logging_mixin.py:190} INFO - [2026-09-10T20:39:51.004+0000] {dagbag.py:588} INFO - Filling up the DagBag from /opt/airflow/dags/00_hello_world.py
[2026-09-10T20:39:51.017+0000] {processor.py:925} INFO - DAG(s) '00_hello_world' retrieved from /opt/airflow/dags/00_hello_world.py
[2026-09-10T20:39:51.051+0000] {logging_mixin.py:190} INFO - [2026-09-10T20:39:51.050+0000] {dag.py:3239} INFO - Sync 1 DAGs
[2026-09-10T20:39:51.068+0000] {logging_mixin.py:190} INFO - [2026-09-10T20:39:51.068+0000] {dag.py:4180} INFO - Setting next_dagrun for 00_hello_world to None, run_after=None
[2026-09-10T20:39:51.093+0000] {processor.py:208} INFO - Processing /opt/airflow/dags/00_hello_world.py took 0.102 seconds
[2026-09-10T20:40:21.220+0000] {processor.py:186} INFO - Started process (PID=3179) to work on /opt/airflow/dags/00_hello_world.py
[2026-09-10T20:40:21.221+0000] {processor.py:914} INFO - Processing file /opt/airflow/dags/00_hello_world.py for tasks to queue
[2026-09-10T20:40:21.224+0000] {logging_mixin.py:190} INFO - [2026-09-10T20:40:21.224+0000] {dagbag.py:588} INFO - Filling up the DagBag from /opt/airflow/dags/00_hello_world.py
[2026-09-10T20:40:21.235+0000] {processor.py:925} INFO - DAG(s) '00_hello_world' retrieved from /opt/airflow/dags/00_hello_world.py
[2026-09-10T20:40:21.266+0000] {logging_mixin.py:190} INFO - [2026-09-10T20:40:21.265+0000] {dag.py:3239} INFO - Sync 1 DAGs
[2026-09-10T20:40:21.283+0000] {logging_mixin.py:190} INFO - [2026-09-10T20:40:21.282+0000] {dag.py:4180} INFO - Setting next_dagrun for 00_hello_world to None, run_after=None
[2026-09-10T20:40:21.304+0000] {processor.py:208} INFO - Processing /opt/airflow/dags/00_hello_world.py took 0.096 seconds
[2026-09-10T20:40:51.458+0000] {processor.py:186} INFO - Started process (PID=3250) to work on /opt/airflow/dags/00_hello_world.py
[2026-09-10T20:40:51.460+0000] {processor.py:914} INFO - Processing file /opt/airflow/dags/00_hello_world.py for tasks to queue
[2026-09-10T20:40:51.462+0000] {logging_mixin.py:190} INFO - [2026-09-10T20:40:51.461+0000] {dagbag.py:588} INFO - Filling up the DagBag from /opt/airflow/dags/00_hello_world.py
[2026-09-10T20:40:51.468+0000] {processor.py:925} INFO - DAG(s) '00_hello_world' retrieved from /opt/airflow/dags/00_hello_world.py
[2026-09-10T20:40:51.495+0000] {logging_mixin.py:190} INFO - [2026-09-10T20:40:51.495+0000] {dag.py:3239} INFO - Sync 1 DAGs
[2026-09-10T20:40:51.510+0000] {logging_mixin.py:190} INFO - [2026-09-10T20:40:51.509+0000] {dag.py:4180} INFO - Setting next_dagrun for 00_hello_world to None, run_after=None
[2026-09-10T20:40:51.528+0000] {processor.py:208} INFO - Processing /opt/airflow/dags/00_hello_world.py took 0.076 seconds
[2026-09-10T20:41:21.713+0000] {processor.py:186} INFO - Started process (PID=3320) to work on /opt/airflow/dags/00_hello_world.py
[2026-09-10T20:41:21.714+0000] {processor.py:914} INFO - Processing file /opt/airflow/dags/00_hello_world.py for tasks to queue
[2026-09-10T20:41:21.716+0000] {logging_mixin.py:190} INFO - [2026-09-10T20:41:21.716+0000] {dagbag.py:588} INFO - Filling up the DagBag from /opt/airflow/dags/00_hello_world.py
[2026-09-10T20:41:21.723+0000] {processor.py:925} INFO - DAG(s) '00_hello_world' retrieved from /opt/airflow/dags/00_hello_world.py
[2026-09-10T20:41:21.746+0000] {logging_mixin.py:190} INFO - [2026-09-10T20:41:21.746+0000] {dag.py:3239} INFO - Sync 1 DAGs
[2026-09-10T20:41:21.759+0000] {logging_mixin.py:190} INFO - [2026-09-10T20:41:21.759+0000] {dag.py:4180} INFO - Setting next_dagrun for 00_hello_world to None, run_after=None
[2026-09-10T20:41:21.776+0000] {processor.py:208} INFO - Processing /opt/airflow/dags/00_hello_world.py took 0.068 seconds
[2026-09-10T20:41:52.699+0000] {processor.py:186} INFO - Started process (PID=3390) to work on /opt/airflow/dags/00_hello_world.py
[2026-09-10T20:41:52.701+0000] {processor.py:914} INFO - Processing file /opt/airflow/dags/00_hello_world.py for tasks to queue
[2026-09-10T20:41:52.703+0000] {logging_mixin.py:190} INFO - [2026-09-10T20:41:52.703+0000] {dagbag.py:588} INFO - Filling up the DagBag from /opt/airflow/dags/00_hello_world.py
[2026-09-10T20:41:52.711+0000] {processor.py:925} INFO - DAG(s) '00_hello_world' retrieved from /opt/airflow/dags/00_hello_world.py
[2026-09-10T20:41:52.739+0000] {logging_mixin.py:190} INFO - [2026-09-10T20:41:52.739+0000] {dag.py:3239} INFO - Sync 1 DAGs
[2026-09-10T20:41:52.754+0000] {logging_mixin.py:190} INFO - [2026-09-10T20:41:52.754+0000] {dag.py:4180} INFO - Setting next_dagrun for 00_hello_world to None, run_after=None
[2026-09-10T20:41:52.772+0000] {processor.py:208} INFO - Processing /opt/airflow/dags/00_hello_world.py took 0.080 seconds
[2026-09-10T20:42:22.860+0000] {processor.py:186} INFO - Started process (PID=3460) to work on /opt/airflow/dags/00_hello_world.py
[2026-09-10T20:42:22.861+0000] {processor.py:914} INFO - Processing file /opt/airflow/dags/00_hello_world.py for tasks to queue
[2026-09-10T20:42:22.864+0000] {logging_mixin.py:190} INFO - [2026-09-10T20:42:22.863+0000] {dagbag.py:588} INFO - Filling up the DagBag from /opt/airflow/dags/00_hello_world.py
[2026-09-10T20:42:22.872+0000] {processor.py:925} INFO - DAG(s) '00_hello_world' retrieved from /opt/airflow/dags/00_hello_world.py
[2026-09-10T20:42:22.899+0000] {logging_mixin.py:190} INFO - [2026-09-10T20:42:22.899+0000] {dag.py:3239} INFO - Sync 1 DAGs
[2026-09-10T20:42:22.914+0000] {logging_mixin.py:190} INFO - [2026-09-10T20:42:22.914+0000] {dag.py:4180} INFO - Setting next_dagrun for 00_hello_world to None, run_after=None
[2026-09-10T20:42:22.932+0000] {processor.py:208} INFO - Processing /opt/airflow/dags/00_hello_world.py took 0.079 seconds
[2026-09-10T20:42:53.108+0000] {processor.py:186} INFO - Started process (PID=3530) to work on /opt/airflow/dags/00_hello_world.py
[2026-09-10T20:42:53.110+0000] {processor.py:914} INFO - Processing file /opt/airflow/dags/00_hello_world.py for tasks to queue
[2026-09-10T20:42:53.113+0000] {logging_mixin.py:190} INFO - [2026-09-10T20:42:53.112+0000] {dagbag.py:588} INFO - Filling up the DagBag from /opt/airflow/dags/00_hello_world.py
[2026-09-10T20:42:53.121+0000] {processor.py:925} INFO - DAG(s) '00_hello_world' retrieved from /opt/airflow/dags/00_hello_world.py
[2026-09-10T20:42:53.149+0000] {logging_mixin.py:190} INFO - [2026-09-10T20:42:53.149+0000] {dag.py:3239} INFO - Sync 1 DAGs
[2026-09-10T20:42:53.164+0000] {logging_mixin.py:190} INFO - [2026-09-10T20:42:53.164+0000] {dag.py:4180} INFO - Setting next_dagrun for 00_hello_world to None, run_after=None
[2026-09-10T20:42:53.183+0000] {processor.py:208} INFO - Processing /opt/airflow/dags/00_hello_world.py took 0.082 seconds
[2026-09-10T20:43:23.372+0000] {processor.py:186} INFO - Started process (PID=3600) to work on /opt/airflow/dags/00_hello_world.py
[2026-09-10T20:43:23.373+0000] {processor.py:914} INFO - Processing file /opt/airflow/dags/00_hello_world.py for tasks to queue
[2026-09-10T20:43:23.374+0000] {logging_mixin.py:190} INFO - [2026-09-10T20:43:23.374+0000] {dagbag.py:588} INFO - Filling up the DagBag from /opt/airflow/dags/00_hello_world.py
[2026-09-10T20:43:23.381+0000] {processor.py:925} INFO - DAG(s) '00_hello_world' retrieved from /opt/airflow/dags/00_hello_world.py
[2026-09-10T20:43:23.406+0000] {logging_mixin.py:190} INFO - [2026-09-10T20:43:23.406+0000] {dag.py:3239} INFO - Sync 1 DAGs
[2026-09-10T20:43:23.419+0000] {logging_mixin.py:190} INFO - [2026-09-10T20:43:23.419+0000] {dag.py:4180} INFO - Setting next_dagrun for 00_hello_world to None, run_after=None
[2026-09-10T20:43:23.437+0000] {processor.py:208} INFO - Processing /opt/airflow/dags/00_hello_world.py took 0.072 seconds
[2026-09-10T20:43:53.528+0000] {processor.py:186} INFO - Started process (PID=3670) to work on /opt/airflow/dags/00_hello_world.py
[2026-09-10T20:43:53.530+0000] {processor.py:914} INFO - Processing file /opt/airflow/dags/00_hello_world.py for tasks to queue
[2026-09-10T20:43:53.532+0000] {logging_mixin.py:190} INFO - [2026-09-10T20:43:53.532+0000] {dagbag.py:588} INFO - Filling up the DagBag from /opt/airflow/dags/00_hello_world.py
[2026-09-10T20:43:53.540+0000] {processor.py:925} INFO - DAG(s) '00_hello_world' retrieved from /opt/airflow/dags/00_hello_world.py
[2026-09-10T20:43:53.566+0000] {logging_mixin.py:190} INFO - [2026-09-10T20:43:53.566+0000] {dag.py:3239} INFO - Sync 1 DAGs
[2026-09-10T20:43:53.581+0000] {logging_mixin.py:190} INFO - [2026-09-10T20:43:53.581+0000] {dag.py:4180} INFO - Setting next_dagrun for 00_hello_world to None, run_after=None
[2026-09-10T20:43:53.597+0000] {processor.py:208} INFO - Processing /opt/airflow/dags/00_hello_world.py took 0.076 seconds
[2026-09-10T20:44:23.735+0000] {processor.py:186} INFO - Started process (PID=3740) to work on /opt/airflow/dags/00_hello_world.py
[2026-09-10T20:44:23.736+0000] {processor.py:914} INFO - Processing file /opt/airflow/dags/00_hello_world.py for tasks to queue
[2026-09-10T20:44:23.739+0000] {logging_mixin.py:190} INFO - [2026-09-10T20:44:23.739+0000] {dagbag.py:588} INFO - Filling up the DagBag from /opt/airflow/dags/00_hello_world.py
[2026-09-10T20:44:23.748+0000] {processor.py:925} INFO - DAG(s) '00_hello_world' retrieved from /opt/airflow/dags/00_hello_world.py
[2026-09-10T20:44:23.776+0000] {logging_mixin.py:190} INFO - [2026-09-10T20:44:23.776+0000] {dag.py:3239} INFO - Sync 1 DAGs
[2026-09-10T20:44:23.793+0000] {logging_mixin.py:190} INFO - [2026-09-10T20:44:23.792+0000] {dag.py:4180} INFO - Setting next_dagrun for 00_hello_world to None, run_after=None
[2026-09-10T20:44:23.813+0000] {processor.py:208} INFO - Processing /opt/airflow/dags/00_hello_world.py took 0.087 seconds
[2026-09-10T20:44:54.803+0000] {processor.py:186} INFO - Started process (PID=3810) to work on /opt/airflow/dags/00_hello_world.py
[2026-09-10T20:44:54.805+0000] {processor.py:914} INFO - Processing file /opt/airflow/dags/00_hello_world.py for tasks to queue
[2026-09-10T20:44:54.807+0000] {logging_mixin.py:190} INFO - [2026-09-10T20:44:54.807+0000] {dagbag.py:588} INFO - Filling up the DagBag from /opt/airflow/dags/00_hello_world.py
[2026-09-10T20:44:54.816+0000] {processor.py:925} INFO - DAG(s) '00_hello_world' retrieved from /opt/airflow/dags/00_hello_world.py
[2026-09-10T20:44:54.842+0000] {logging_mixin.py:190} INFO - [2026-09-10T20:44:54.842+0000] {dag.py:3239} INFO - Sync 1 DAGs
[2026-09-10T20:44:54.857+0000] {logging_mixin.py:190} INFO - [2026-09-10T20:44:54.856+0000] {dag.py:4180} INFO - Setting next_dagrun for 00_hello_world to None, run_after=None
[2026-09-10T20:44:54.874+0000] {processor.py:208} INFO - Processing /opt/airflow/dags/00_hello_world.py took 0.079 seconds
[2026-09-10T20:45:25.078+0000] {processor.py:186} INFO - Started process (PID=3880) to work on /opt/airflow/dags/00_hello_world.py
[2026-09-10T20:45:25.079+0000] {processor.py:914} INFO - Processing file /opt/airflow/dags/00_hello_world.py for tasks to queue
[2026-09-10T20:45:25.082+0000] {logging_mixin.py:190} INFO - [2026-09-10T20:45:25.081+0000] {dagbag.py:588} INFO - Filling up the DagBag from /opt/airflow/dags/00_hello_world.py
[2026-09-10T20:45:25.090+0000] {processor.py:925} INFO - DAG(s) '00_hello_world' retrieved from /opt/airflow/dags/00_hello_world.py
[2026-09-10T20:45:25.121+0000] {logging_mixin.py:190} INFO - [2026-09-10T20:45:25.121+0000] {dag.py:3239} INFO - Sync 1 DAGs
[2026-09-10T20:45:25.137+0000] {logging_mixin.py:190} INFO - [2026-09-10T20:45:25.137+0000] {dag.py:4180} INFO - Setting next_dagrun for 00_hello_world to None, run_after=None
[2026-09-10T20:45:25.161+0000] {processor.py:208} INFO - Processing /opt/airflow/dags/00_hello_world.py took 0.090 seconds
[2026-09-10T20:45:55.281+0000] {processor.py:186} INFO - Started process (PID=3974) to work on /opt/airflow/dags/00_hello_world.py
[2026-09-10T20:45:55.283+0000] {processor.py:914} INFO - Processing file /opt/airflow/dags/00_hello_world.py for tasks to queue
[2026-09-10T20:45:55.285+0000] {logging_mixin.py:190} INFO - [2026-09-10T20:45:55.285+0000] {dagbag.py:588} INFO - Filling up the DagBag from /opt/airflow/dags/00_hello_world.py
[2026-09-10T20:45:55.294+0000] {processor.py:925} INFO - DAG(s) '00_hello_world' retrieved from /opt/airflow/dags/00_hello_world.py
[2026-09-10T20:45:55.320+0000] {logging_mixin.py:190} INFO - [2026-09-10T20:45:55.320+0000] {dag.py:3239} INFO - Sync 1 DAGs
[2026-09-10T20:45:55.335+0000] {logging_mixin.py:190} INFO - [2026-09-10T20:45:55.334+0000] {dag.py:4180} INFO - Setting next_dagrun for 00_hello_world to None, run_after=None
[2026-09-10T20:45:55.354+0000] {processor.py:208} INFO - Processing /opt/airflow/dags/00_hello_world.py took 0.081 seconds
[2026-09-10T20:46:25.421+0000] {processor.py:186} INFO - Started process (PID=4044) to work on /opt/airflow/dags/00_hello_world.py
[2026-09-10T20:46:25.421+0000] {processor.py:914} INFO - Processing file /opt/airflow/dags/00_hello_world.py for tasks to queue
[2026-09-10T20:46:25.424+0000] {logging_mixin.py:190} INFO - [2026-09-10T20:46:25.424+0000] {dagbag.py:588} INFO - Filling up the DagBag from /opt/airflow/dags/00_hello_world.py
[2026-09-10T20:46:25.432+0000] {processor.py:925} INFO - DAG(s) '00_hello_world' retrieved from /opt/airflow/dags/00_hello_world.py
[2026-09-10T20:46:25.460+0000] {logging_mixin.py:190} INFO - [2026-09-10T20:46:25.459+0000] {dag.py:3239} INFO - Sync 1 DAGs
[2026-09-10T20:46:25.474+0000] {logging_mixin.py:190} INFO - [2026-09-10T20:46:25.474+0000] {dag.py:4180} INFO - Setting next_dagrun for 00_hello_world to None, run_after=None
[2026-09-10T20:46:25.492+0000] {processor.py:208} INFO - Processing /opt/airflow/dags/00_hello_world.py took 0.078 seconds
[2026-09-10T20:46:55.555+0000] {processor.py:186} INFO - Started process (PID=4114) to work on /opt/airflow/dags/00_hello_world.py
[2026-09-10T20:46:55.556+0000] {processor.py:914} INFO - Processing file /opt/airflow/dags/00_hello_world.py for tasks to queue
[2026-09-10T20:46:55.559+0000] {logging_mixin.py:190} INFO - [2026-09-10T20:46:55.559+0000] {dagbag.py:588} INFO - Filling up the DagBag from /opt/airflow/dags/00_hello_world.py
[2026-09-10T20:46:55.568+0000] {processor.py:925} INFO - DAG(s) '00_hello_world' retrieved from /opt/airflow/dags/00_hello_world.py
[2026-09-10T20:46:55.594+0000] {logging_mixin.py:190} INFO - [2026-09-10T20:46:55.594+0000] {dag.py:3239} INFO - Sync 1 DAGs
[2026-09-10T20:46:55.610+0000] {logging_mixin.py:190} INFO - [2026-09-10T20:46:55.609+0000] {dag.py:4180} INFO - Setting next_dagrun for 00_hello_world to None, run_after=None
[2026-09-10T20:46:55.627+0000] {processor.py:208} INFO - Processing /opt/airflow/dags/00_hello_world.py took 0.080 seconds
[2026-09-10T20:47:25.847+0000] {processor.py:186} INFO - Started process (PID=4184) to work on /opt/airflow/dags/00_hello_world.py
[2026-09-10T20:47:25.848+0000] {processor.py:914} INFO - Processing file /opt/airflow/dags/00_hello_world.py for tasks to queue
[2026-09-10T20:47:25.851+0000] {logging_mixin.py:190} INFO - [2026-09-10T20:47:25.850+0000] {dagbag.py:588} INFO - Filling up the DagBag from /opt/airflow/dags/00_hello_world.py
[2026-09-10T20:47:25.860+0000] {processor.py:925} INFO - DAG(s) '00_hello_world' retrieved from /opt/airflow/dags/00_hello_world.py
[2026-09-10T20:47:25.887+0000] {logging_mixin.py:190} INFO - [2026-09-10T20:47:25.886+0000] {dag.py:3239} INFO - Sync 1 DAGs
[2026-09-10T20:47:25.901+0000] {logging_mixin.py:190} INFO - [2026-09-10T20:47:25.901+0000] {dag.py:4180} INFO - Setting next_dagrun for 00_hello_world to None, run_after=None
[2026-09-10T20:47:25.919+0000] {processor.py:208} INFO - Processing /opt/airflow/dags/00_hello_world.py took 0.079 seconds
[2026-09-10T20:47:56.026+0000] {processor.py:186} INFO - Started process (PID=4254) to work on /opt/airflow/dags/00_hello_world.py
[2026-09-10T20:47:56.027+0000] {processor.py:914} INFO - Processing file /opt/airflow/dags/00_hello_world.py for tasks to queue
[2026-09-10T20:47:56.029+0000] {logging_mixin.py:190} INFO - [2026-09-10T20:47:56.029+0000] {dagbag.py:588} INFO - Filling up the DagBag from /opt/airflow/dags/00_hello_world.py
[2026-09-10T20:47:56.036+0000] {processor.py:925} INFO - DAG(s) '00_hello_world' retrieved from /opt/airflow/dags/00_hello_world.py
[2026-09-10T20:47:56.060+0000] {logging_mixin.py:190} INFO - [2026-09-10T20:47:56.060+0000] {dag.py:3239} INFO - Sync 1 DAGs
[2026-09-10T20:47:56.073+0000] {logging_mixin.py:190} INFO - [2026-09-10T20:47:56.073+0000] {dag.py:4180} INFO - Setting next_dagrun for 00_hello_world to None, run_after=None
[2026-09-10T20:47:56.089+0000] {processor.py:208} INFO - Processing /opt/airflow/dags/00_hello_world.py took 0.070 seconds
[2026-09-10T20:48:26.189+0000] {processor.py:186} INFO - Started process (PID=4324) to work on /opt/airflow/dags/00_hello_world.py
[2026-09-10T20:48:26.191+0000] {processor.py:914} INFO - Processing file /opt/airflow/dags/00_hello_world.py for tasks to queue
[2026-09-10T20:48:26.194+0000] {logging_mixin.py:190} INFO - [2026-09-10T20:48:26.194+0000] {dagbag.py:588} INFO - Filling up the DagBag from /opt/airflow/dags/00_hello_world.py
[2026-09-10T20:48:26.202+0000] {processor.py:925} INFO - DAG(s) '00_hello_world' retrieved from /opt/airflow/dags/00_hello_world.py
[2026-09-10T20:48:26.230+0000] {logging_mixin.py:190} INFO - [2026-09-10T20:48:26.229+0000] {dag.py:3239} INFO - Sync 1 DAGs
[2026-09-10T20:48:26.244+0000] {logging_mixin.py:190} INFO - [2026-09-10T20:48:26.244+0000] {dag.py:4180} INFO - Setting next_dagrun for 00_hello_world to None, run_after=None
[2026-09-10T20:48:26.264+0000] {processor.py:208} INFO - Processing /opt/airflow/dags/00_hello_world.py took 0.082 seconds
[2026-09-10T20:48:56.355+0000] {processor.py:186} INFO - Started process (PID=4394) to work on /opt/airflow/dags/00_hello_world.py
[2026-09-10T20:48:56.357+0000] {processor.py:914} INFO - Processing file /opt/airflow/dags/00_hello_world.py for tasks to queue
[2026-09-10T20:48:56.360+0000] {logging_mixin.py:190} INFO - [2026-09-10T20:48:56.359+0000] {dagbag.py:588} INFO - Filling up the DagBag from /opt/airflow/dags/00_hello_world.py
[2026-09-10T20:48:56.371+0000] {processor.py:925} INFO - DAG(s) '00_hello_world' retrieved from /opt/airflow/dags/00_hello_world.py
[2026-09-10T20:48:56.400+0000] {logging_mixin.py:190} INFO - [2026-09-10T20:48:56.400+0000] {dag.py:3239} INFO - Sync 1 DAGs
[2026-09-10T20:48:56.418+0000] {logging_mixin.py:190} INFO - [2026-09-10T20:48:56.418+0000] {dag.py:4180} INFO - Setting next_dagrun for 00_hello_world to None, run_after=None
[2026-09-10T20:48:56.435+0000] {processor.py:208} INFO - Processing /opt/airflow/dags/00_hello_world.py took 0.092 seconds
[2026-09-10T20:49:26.492+0000] {processor.py:186} INFO - Started process (PID=4464) to work on /opt/airflow/dags/00_hello_world.py
[2026-09-10T20:49:26.493+0000] {processor.py:914} INFO - Processing file /opt/airflow/dags/00_hello_world.py for tasks to queue
[2026-09-10T20:49:26.496+0000] {logging_mixin.py:190} INFO - [2026-09-10T20:49:26.496+0000] {dagbag.py:588} INFO - Filling up the DagBag from /opt/airflow/dags/00_hello_world.py
[2026-09-10T20:49:26.506+0000] {processor.py:925} INFO - DAG(s) '00_hello_world' retrieved from /opt/airflow/dags/00_hello_world.py
[2026-09-10T20:49:26.535+0000] {logging_mixin.py:190} INFO - [2026-09-10T20:49:26.535+0000] {dag.py:3239} INFO - Sync 1 DAGs
[2026-09-10T20:49:26.550+0000] {logging_mixin.py:190} INFO - [2026-09-10T20:49:26.550+0000] {dag.py:4180} INFO - Setting next_dagrun for 00_hello_world to None, run_after=None
[2026-09-10T20:49:26.569+0000] {processor.py:208} INFO - Processing /opt/airflow/dags/00_hello_world.py took 0.084 seconds
[2026-09-10T20:49:56.855+0000] {processor.py:186} INFO - Started process (PID=4532) to work on /opt/airflow/dags/00_hello_world.py
[2026-09-10T20:49:56.857+0000] {processor.py:914} INFO - Processing file /opt/airflow/dags/00_hello_world.py for tasks to queue
[2026-09-10T20:49:56.862+0000] {logging_mixin.py:190} INFO - [2026-09-10T20:49:56.862+0000] {dagbag.py:588} INFO - Filling up the DagBag from /opt/airflow/dags/00_hello_world.py
[2026-09-10T20:49:56.873+0000] {processor.py:925} INFO - DAG(s) '00_hello_world' retrieved from /opt/airflow/dags/00_hello_world.py
[2026-09-10T20:49:56.902+0000] {logging_mixin.py:190} INFO - [2026-09-10T20:49:56.902+0000] {dag.py:3239} INFO - Sync 1 DAGs
[2026-09-10T20:49:56.917+0000] {logging_mixin.py:190} INFO - [2026-09-10T20:49:56.917+0000] {dag.py:4180} INFO - Setting next_dagrun for 00_hello_world to None, run_after=None
[2026-09-10T20:49:56.937+0000] {processor.py:208} INFO - Processing /opt/airflow/dags/00_hello_world.py took 0.090 seconds
[2026-09-10T20:50:26.995+0000] {processor.py:186} INFO - Started process (PID=4602) to work on /opt/airflow/dags/00_hello_world.py
[2026-09-10T20:50:26.996+0000] {processor.py:914} INFO - Processing file /opt/airflow/dags/00_hello_world.py for tasks to queue
[2026-09-10T20:50:26.998+0000] {logging_mixin.py:190} INFO - [2026-09-10T20:50:26.998+0000] {dagbag.py:588} INFO - Filling up the DagBag from /opt/airflow/dags/00_hello_world.py
[2026-09-10T20:50:27.008+0000] {processor.py:925} INFO - DAG(s) '00_hello_world' retrieved from /opt/airflow/dags/00_hello_world.py
[2026-09-10T20:50:27.035+0000] {logging_mixin.py:190} INFO - [2026-09-10T20:50:27.035+0000] {dag.py:3239} INFO - Sync 1 DAGs
[2026-09-10T20:50:27.050+0000] {logging_mixin.py:190} INFO - [2026-09-10T20:50:27.049+0000] {dag.py:4180} INFO - Setting next_dagrun for 00_hello_world to None, run_after=None
[2026-09-10T20:50:27.067+0000] {processor.py:208} INFO - Processing /opt/airflow/dags/00_hello_world.py took 0.081 seconds
[2026-09-10T20:50:57.243+0000] {processor.py:186} INFO - Started process (PID=4674) to work on /opt/airflow/dags/00_hello_world.py
[2026-09-10T20:50:57.245+0000] {processor.py:914} INFO - Processing file /opt/airflow/dags/00_hello_world.py for tasks to queue
[2026-09-10T20:50:57.247+0000] {logging_mixin.py:190} INFO - [2026-09-10T20:50:57.246+0000] {dagbag.py:588} INFO - Filling up the DagBag from /opt/airflow/dags/00_hello_world.py
[2026-09-10T20:50:57.254+0000] {processor.py:925} INFO - DAG(s) '00_hello_world' retrieved from /opt/airflow/dags/00_hello_world.py
[2026-09-10T20:50:57.282+0000] {logging_mixin.py:190} INFO - [2026-09-10T20:50:57.282+0000] {dag.py:3239} INFO - Sync 1 DAGs
[2026-09-10T20:50:57.296+0000] {logging_mixin.py:190} INFO - [2026-09-10T20:50:57.296+0000] {dag.py:4180} INFO - Setting next_dagrun for 00_hello_world to None, run_after=None
[2026-09-10T20:50:57.314+0000] {processor.py:208} INFO - Processing /opt/airflow/dags/00_hello_world.py took 0.077 seconds
[2026-09-10T20:51:27.482+0000] {processor.py:186} INFO - Started process (PID=4742) to work on /opt/airflow/dags/00_hello_world.py
[2026-09-10T20:51:27.483+0000] {processor.py:914} INFO - Processing file /opt/airflow/dags/00_hello_world.py for tasks to queue
[2026-09-10T20:51:27.485+0000] {logging_mixin.py:190} INFO - [2026-09-10T20:51:27.485+0000] {dagbag.py:588} INFO - Filling up the DagBag from /opt/airflow/dags/00_hello_world.py
[2026-09-10T20:51:27.494+0000] {processor.py:925} INFO - DAG(s) '00_hello_world' retrieved from /opt/airflow/dags/00_hello_world.py
[2026-09-10T20:51:27.519+0000] {logging_mixin.py:190} INFO - [2026-09-10T20:51:27.518+0000] {dag.py:3239} INFO - Sync 1 DAGs
[2026-09-10T20:51:27.535+0000] {logging_mixin.py:190} INFO - [2026-09-10T20:51:27.535+0000] {dag.py:4180} INFO - Setting next_dagrun for 00_hello_world to None, run_after=None
[2026-09-10T20:51:27.559+0000] {processor.py:208} INFO - Processing /opt/airflow/dags/00_hello_world.py took 0.085 seconds
[2026-09-10T20:51:57.693+0000] {processor.py:186} INFO - Started process (PID=4814) to work on /opt/airflow/dags/00_hello_world.py
[2026-09-10T20:51:57.695+0000] {processor.py:914} INFO - Processing file /opt/airflow/dags/00_hello_world.py for tasks to queue
[2026-09-10T20:51:57.699+0000] {logging_mixin.py:190} INFO - [2026-09-10T20:51:57.699+0000] {dagbag.py:588} INFO - Filling up the DagBag from /opt/airflow/dags/00_hello_world.py
[2026-09-10T20:51:57.708+0000] {processor.py:925} INFO - DAG(s) '00_hello_world' retrieved from /opt/airflow/dags/00_hello_world.py
[2026-09-10T20:51:57.736+0000] {logging_mixin.py:190} INFO - [2026-09-10T20:51:57.736+0000] {dag.py:3239} INFO - Sync 1 DAGs
[2026-09-10T20:51:57.751+0000] {logging_mixin.py:190} INFO - [2026-09-10T20:51:57.750+0000] {dag.py:4180} INFO - Setting next_dagrun for 00_hello_world to None, run_after=None
[2026-09-10T20:51:57.769+0000] {processor.py:208} INFO - Processing /opt/airflow/dags/00_hello_world.py took 0.084 seconds
[2026-09-10T20:52:27.856+0000] {processor.py:186} INFO - Started process (PID=4884) to work on /opt/airflow/dags/00_hello_world.py
[2026-09-10T20:52:27.857+0000] {processor.py:914} INFO - Processing file /opt/airflow/dags/00_hello_world.py for tasks to queue
[2026-09-10T20:52:27.860+0000] {logging_mixin.py:190} INFO - [2026-09-10T20:52:27.859+0000] {dagbag.py:588} INFO - Filling up the DagBag from /opt/airflow/dags/00_hello_world.py
[2026-09-10T20:52:27.868+0000] {processor.py:925} INFO - DAG(s) '00_hello_world' retrieved from /opt/airflow/dags/00_hello_world.py
[2026-09-10T20:52:27.898+0000] {logging_mixin.py:190} INFO - [2026-09-10T20:52:27.898+0000] {dag.py:3239} INFO - Sync 1 DAGs
[2026-09-10T20:52:27.913+0000] {logging_mixin.py:190} INFO - [2026-09-10T20:52:27.913+0000] {dag.py:4180} INFO - Setting next_dagrun for 00_hello_world to None, run_after=None
[2026-09-10T20:52:27.931+0000] {processor.py:208} INFO - Processing /opt/airflow/dags/00_hello_world.py took 0.082 seconds
[2026-09-10T20:52:57.980+0000] {processor.py:186} INFO - Started process (PID=4952) to work on /opt/airflow/dags/00_hello_world.py
[2026-09-10T20:52:57.982+0000] {processor.py:914} INFO - Processing file /opt/airflow/dags/00_hello_world.py for tasks to queue
[2026-09-10T20:52:57.984+0000] {logging_mixin.py:190} INFO - [2026-09-10T20:52:57.983+0000] {dagbag.py:588} INFO - Filling up the DagBag from /opt/airflow/dags/00_hello_world.py
[2026-09-10T20:52:57.991+0000] {processor.py:925} INFO - DAG(s) '00_hello_world' retrieved from /opt/airflow/dags/00_hello_world.py
[2026-09-10T20:52:58.021+0000] {logging_mixin.py:190} INFO - [2026-09-10T20:52:58.021+0000] {dag.py:3239} INFO - Sync 1 DAGs
[2026-09-10T20:52:58.039+0000] {logging_mixin.py:190} INFO - [2026-09-10T20:52:58.039+0000] {dag.py:4180} INFO - Setting next_dagrun for 00_hello_world to None, run_after=None
[2026-09-10T20:52:58.062+0000] {processor.py:208} INFO - Processing /opt/airflow/dags/00_hello_world.py took 0.088 seconds
[2026-09-10T20:53:28.151+0000] {processor.py:186} INFO - Started process (PID=5022) to work on /opt/airflow/dags/00_hello_world.py
[2026-09-10T20:53:28.152+0000] {processor.py:914} INFO - Processing file /opt/airflow/dags/00_hello_world.py for tasks to queue
[2026-09-10T20:53:28.155+0000] {logging_mixin.py:190} INFO - [2026-09-10T20:53:28.155+0000] {dagbag.py:588} INFO - Filling up the DagBag from /opt/airflow/dags/00_hello_world.py
[2026-09-10T20:53:28.165+0000] {processor.py:925} INFO - DAG(s) '00_hello_world' retrieved from /opt/airflow/dags/00_hello_world.py
[2026-09-10T20:53:28.191+0000] {logging_mixin.py:190} INFO - [2026-09-10T20:53:28.191+0000] {dag.py:3239} INFO - Sync 1 DAGs
[2026-09-10T20:53:28.210+0000] {logging_mixin.py:190} INFO - [2026-09-10T20:53:28.209+0000] {dag.py:4180} INFO - Setting next_dagrun for 00_hello_world to None, run_after=None
[2026-09-10T20:53:28.230+0000] {processor.py:208} INFO - Processing /opt/airflow/dags/00_hello_world.py took 0.089 seconds
[2026-09-10T20:53:58.404+0000] {processor.py:186} INFO - Started process (PID=5092) to work on /opt/airflow/dags/00_hello_world.py
[2026-09-10T20:53:58.405+0000] {processor.py:914} INFO - Processing file /opt/airflow/dags/00_hello_world.py for tasks to queue
[2026-09-10T20:53:58.408+0000] {logging_mixin.py:190} INFO - [2026-09-10T20:53:58.407+0000] {dagbag.py:588} INFO - Filling up the DagBag from /opt/airflow/dags/00_hello_world.py
[2026-09-10T20:53:58.417+0000] {processor.py:925} INFO - DAG(s) '00_hello_world' retrieved from /opt/airflow/dags/00_hello_world.py
[2026-09-10T20:53:58.445+0000] {logging_mixin.py:190} INFO - [2026-09-10T20:53:58.444+0000] {dag.py:3239} INFO - Sync 1 DAGs
[2026-09-10T20:53:58.464+0000] {logging_mixin.py:190} INFO - [2026-09-10T20:53:58.464+0000] {dag.py:4180} INFO - Setting next_dagrun for 00_hello_world to None, run_after=None
[2026-09-10T20:53:58.483+0000] {processor.py:208} INFO - Processing /opt/airflow/dags/00_hello_world.py took 0.089 seconds
[2026-09-10T20:54:28.707+0000] {processor.py:186} INFO - Started process (PID=5162) to work on /opt/airflow/dags/00_hello_world.py
[2026-09-10T20:54:28.708+0000] {processor.py:914} INFO - Processing file /opt/airflow/dags/00_hello_world.py for tasks to queue
[2026-09-10T20:54:28.711+0000] {logging_mixin.py:190} INFO - [2026-09-10T20:54:28.710+0000] {dagbag.py:588} INFO - Filling up the DagBag from /opt/airflow/dags/00_hello_world.py
[2026-09-10T20:54:28.719+0000] {processor.py:925} INFO - DAG(s) '00_hello_world' retrieved from /opt/airflow/dags/00_hello_world.py
[2026-09-10T20:54:28.747+0000] {logging_mixin.py:190} INFO - [2026-09-10T20:54:28.746+0000] {dag.py:3239} INFO - Sync 1 DAGs
[2026-09-10T20:54:28.763+0000] {logging_mixin.py:190} INFO - [2026-09-10T20:54:28.763+0000] {dag.py:4180} INFO - Setting next_dagrun for 00_hello_world to None, run_after=None
[2026-09-10T20:54:28.783+0000] {processor.py:208} INFO - Processing /opt/airflow/dags/00_hello_world.py took 0.084 seconds
[2026-09-10T20:54:58.881+0000] {processor.py:186} INFO - Started process (PID=5232) to work on /opt/airflow/dags/00_hello_world.py
[2026-09-10T20:54:58.883+0000] {processor.py:914} INFO - Processing file /opt/airflow/dags/00_hello_world.py for tasks to queue
[2026-09-10T20:54:58.886+0000] {logging_mixin.py:190} INFO - [2026-09-10T20:54:58.886+0000] {dagbag.py:588} INFO - Filling up the DagBag from /opt/airflow/dags/00_hello_world.py
[2026-09-10T20:54:58.897+0000] {processor.py:925} INFO - DAG(s) '00_hello_world' retrieved from /opt/airflow/dags/00_hello_world.py
[2026-09-10T20:54:58.927+0000] {logging_mixin.py:190} INFO - [2026-09-10T20:54:58.927+0000] {dag.py:3239} INFO - Sync 1 DAGs
[2026-09-10T20:54:58.945+0000] {logging_mixin.py:190} INFO - [2026-09-10T20:54:58.944+0000] {dag.py:4180} INFO - Setting next_dagrun for 00_hello_world to None, run_after=None
[2026-09-10T20:54:58.971+0000] {processor.py:208} INFO - Processing /opt/airflow/dags/00_hello_world.py took 0.100 seconds
[2026-09-10T20:55:29.140+0000] {processor.py:186} INFO - Started process (PID=5302) to work on /opt/airflow/dags/00_hello_world.py
[2026-09-10T20:55:29.141+0000] {processor.py:914} INFO - Processing file /opt/airflow/dags/00_hello_world.py for tasks to queue
[2026-09-10T20:55:29.144+0000] {logging_mixin.py:190} INFO - [2026-09-10T20:55:29.143+0000] {dagbag.py:588} INFO - Filling up the DagBag from /opt/airflow/dags/00_hello_world.py
[2026-09-10T20:55:29.153+0000] {processor.py:925} INFO - DAG(s) '00_hello_world' retrieved from /opt/airflow/dags/00_hello_world.py
[2026-09-10T20:55:29.179+0000] {logging_mixin.py:190} INFO - [2026-09-10T20:55:29.178+0000] {dag.py:3239} INFO - Sync 1 DAGs
[2026-09-10T20:55:29.193+0000] {logging_mixin.py:190} INFO - [2026-09-10T20:55:29.193+0000] {dag.py:4180} INFO - Setting next_dagrun for 00_hello_world to None, run_after=None
[2026-09-10T20:55:29.211+0000] {processor.py:208} INFO - Processing /opt/airflow/dags/00_hello_world.py took 0.080 seconds
[2026-09-10T20:55:59.523+0000] {processor.py:186} INFO - Started process (PID=5374) to work on /opt/airflow/dags/00_hello_world.py
[2026-09-10T20:55:59.524+0000] {processor.py:914} INFO - Processing file /opt/airflow/dags/00_hello_world.py for tasks to queue
[2026-09-10T20:55:59.527+0000] {logging_mixin.py:190} INFO - [2026-09-10T20:55:59.526+0000] {dagbag.py:588} INFO - Filling up the DagBag from /opt/airflow/dags/00_hello_world.py
[2026-09-10T20:55:59.535+0000] {processor.py:925} INFO - DAG(s) '00_hello_world' retrieved from /opt/airflow/dags/00_hello_world.py
[2026-09-10T20:55:59.564+0000] {logging_mixin.py:190} INFO - [2026-09-10T20:55:59.564+0000] {dag.py:3239} INFO - Sync 1 DAGs
[2026-09-10T20:55:59.580+0000] {logging_mixin.py:190} INFO - [2026-09-10T20:55:59.580+0000] {dag.py:4180} INFO - Setting next_dagrun for 00_hello_world to None, run_after=None
[2026-09-10T20:55:59.598+0000] {processor.py:208} INFO - Processing /opt/airflow/dags/00_hello_world.py took 0.083 seconds
[2026-09-10T20:56:29.704+0000] {processor.py:186} INFO - Started process (PID=5444) to work on /opt/airflow/dags/00_hello_world.py
[2026-09-10T20:56:29.705+0000] {processor.py:914} INFO - Processing file /opt/airflow/dags/00_hello_world.py for tasks to queue
[2026-09-10T20:56:29.707+0000] {logging_mixin.py:190} INFO - [2026-09-10T20:56:29.706+0000] {dagbag.py:588} INFO - Filling up the DagBag from /opt/airflow/dags/00_hello_world.py
[2026-09-10T20:56:29.714+0000] {processor.py:925} INFO - DAG(s) '00_hello_world' retrieved from /opt/airflow/dags/00_hello_world.py
[2026-09-10T20:56:29.739+0000] {logging_mixin.py:190} INFO - [2026-09-10T20:56:29.739+0000] {dag.py:3239} INFO - Sync 1 DAGs
[2026-09-10T20:56:29.752+0000] {logging_mixin.py:190} INFO - [2026-09-10T20:56:29.752+0000] {dag.py:4180} INFO - Setting next_dagrun for 00_hello_world to None, run_after=None
[2026-09-10T20:56:29.769+0000] {processor.py:208} INFO - Processing /opt/airflow/dags/00_hello_world.py took 0.072 seconds
[2026-09-10T20:56:59.845+0000] {processor.py:186} INFO - Started process (PID=5512) to work on /opt/airflow/dags/00_hello_world.py
[2026-09-10T20:56:59.847+0000] {processor.py:914} INFO - Processing file /opt/airflow/dags/00_hello_world.py for tasks to queue
[2026-09-10T20:56:59.851+0000] {logging_mixin.py:190} INFO - [2026-09-10T20:56:59.851+0000] {dagbag.py:588} INFO - Filling up the DagBag from /opt/airflow/dags/00_hello_world.py
[2026-09-10T20:56:59.866+0000] {processor.py:925} INFO - DAG(s) '00_hello_world' retrieved from /opt/airflow/dags/00_hello_world.py
[2026-09-10T20:56:59.897+0000] {logging_mixin.py:190} INFO - [2026-09-10T20:56:59.897+0000] {dag.py:3239} INFO - Sync 1 DAGs
[2026-09-10T20:56:59.912+0000] {logging_mixin.py:190} INFO - [2026-09-10T20:56:59.912+0000] {dag.py:4180} INFO - Setting next_dagrun for 00_hello_world to None, run_after=None
[2026-09-10T20:56:59.930+0000] {processor.py:208} INFO - Processing /opt/airflow/dags/00_hello_world.py took 0.097 seconds
[2026-09-10T20:57:30.033+0000] {processor.py:186} INFO - Started process (PID=5582) to work on /opt/airflow/dags/00_hello_world.py
[2026-09-10T20:57:30.034+0000] {processor.py:914} INFO - Processing file /opt/airflow/dags/00_hello_world.py for tasks to queue
[2026-09-10T20:57:30.037+0000] {logging_mixin.py:190} INFO - [2026-09-10T20:57:30.037+0000] {dagbag.py:588} INFO - Filling up the DagBag from /opt/airflow/dags/00_hello_world.py
[2026-09-10T20:57:30.046+0000] {processor.py:925} INFO - DAG(s) '00_hello_world' retrieved from /opt/airflow/dags/00_hello_world.py
[2026-09-10T20:57:30.073+0000] {logging_mixin.py:190} INFO - [2026-09-10T20:57:30.073+0000] {dag.py:3239} INFO - Sync 1 DAGs
[2026-09-10T20:57:30.088+0000] {logging_mixin.py:190} INFO - [2026-09-10T20:57:30.088+0000] {dag.py:4180} INFO - Setting next_dagrun for 00_hello_world to None, run_after=None
[2026-09-10T20:57:30.111+0000] {processor.py:208} INFO - Processing /opt/airflow/dags/00_hello_world.py took 0.086 seconds
[2026-09-10T20:58:00.551+0000] {processor.py:186} INFO - Started process (PID=5654) to work on /opt/airflow/dags/00_hello_world.py
[2026-09-10T20:58:00.553+0000] {processor.py:914} INFO - Processing file /opt/airflow/dags/00_hello_world.py for tasks to queue
[2026-09-10T20:58:00.557+0000] {logging_mixin.py:190} INFO - [2026-09-10T20:58:00.557+0000] {dagbag.py:588} INFO - Filling up the DagBag from /opt/airflow/dags/00_hello_world.py
[2026-09-10T20:58:00.569+0000] {processor.py:925} INFO - DAG(s) '00_hello_world' retrieved from /opt/airflow/dags/00_hello_world.py
[2026-09-10T20:58:00.605+0000] {logging_mixin.py:190} INFO - [2026-09-10T20:58:00.605+0000] {dag.py:3239} INFO - Sync 1 DAGs
[2026-09-10T20:58:00.627+0000] {logging_mixin.py:190} INFO - [2026-09-10T20:58:00.627+0000] {dag.py:4180} INFO - Setting next_dagrun for 00_hello_world to None, run_after=None
[2026-09-10T20:58:00.647+0000] {processor.py:208} INFO - Processing /opt/airflow/dags/00_hello_world.py took 0.110 seconds
[2026-09-10T20:58:31.026+0000] {processor.py:186} INFO - Started process (PID=5722) to work on /opt/airflow/dags/00_hello_world.py
[2026-09-10T20:58:31.029+0000] {processor.py:914} INFO - Processing file /opt/airflow/dags/00_hello_world.py for tasks to queue
[2026-09-10T20:58:31.034+0000] {logging_mixin.py:190} INFO - [2026-09-10T20:58:31.034+0000] {dagbag.py:588} INFO - Filling up the DagBag from /opt/airflow/dags/00_hello_world.py
[2026-09-10T20:58:31.067+0000] {processor.py:925} INFO - DAG(s) '00_hello_world' retrieved from /opt/airflow/dags/00_hello_world.py
[2026-09-10T20:58:31.180+0000] {logging_mixin.py:190} INFO - [2026-09-10T20:58:31.180+0000] {dag.py:3239} INFO - Sync 1 DAGs
[2026-09-10T20:58:31.211+0000] {logging_mixin.py:190} INFO - [2026-09-10T20:58:31.210+0000] {dag.py:4180} INFO - Setting next_dagrun for 00_hello_world to None, run_after=None
[2026-09-10T20:58:31.260+0000] {processor.py:208} INFO - Processing /opt/airflow/dags/00_hello_world.py took 0.251 seconds
[2026-09-10T20:59:01.513+0000] {processor.py:186} INFO - Started process (PID=5792) to work on /opt/airflow/dags/00_hello_world.py
[2026-09-10T20:59:01.515+0000] {processor.py:914} INFO - Processing file /opt/airflow/dags/00_hello_world.py for tasks to queue
[2026-09-10T20:59:01.522+0000] {logging_mixin.py:190} INFO - [2026-09-10T20:59:01.521+0000] {dagbag.py:588} INFO - Filling up the DagBag from /opt/airflow/dags/00_hello_world.py
[2026-09-10T20:59:01.532+0000] {processor.py:925} INFO - DAG(s) '00_hello_world' retrieved from /opt/airflow/dags/00_hello_world.py
[2026-09-10T20:59:01.566+0000] {logging_mixin.py:190} INFO - [2026-09-10T20:59:01.566+0000] {dag.py:3239} INFO - Sync 1 DAGs
[2026-09-10T20:59:01.589+0000] {logging_mixin.py:190} INFO - [2026-09-10T20:59:01.589+0000] {dag.py:4180} INFO - Setting next_dagrun for 00_hello_world to None, run_after=None
[2026-09-10T20:59:01.616+0000] {processor.py:208} INFO - Processing /opt/airflow/dags/00_hello_world.py took 0.111 seconds
[2026-09-10T20:59:32.574+0000] {processor.py:186} INFO - Started process (PID=5862) to work on /opt/airflow/dags/00_hello_world.py
[2026-09-10T20:59:32.575+0000] {processor.py:914} INFO - Processing file /opt/airflow/dags/00_hello_world.py for tasks to queue
[2026-09-10T20:59:32.578+0000] {logging_mixin.py:190} INFO - [2026-09-10T20:59:32.577+0000] {dagbag.py:588} INFO - Filling up the DagBag from /opt/airflow/dags/00_hello_world.py
[2026-09-10T20:59:32.587+0000] {processor.py:925} INFO - DAG(s) '00_hello_world' retrieved from /opt/airflow/dags/00_hello_world.py
[2026-09-10T20:59:32.617+0000] {logging_mixin.py:190} INFO - [2026-09-10T20:59:32.617+0000] {dag.py:3239} INFO - Sync 1 DAGs
[2026-09-10T20:59:32.634+0000] {logging_mixin.py:190} INFO - [2026-09-10T20:59:32.633+0000] {dag.py:4180} INFO - Setting next_dagrun for 00_hello_world to None, run_after=None
[2026-09-10T20:59:32.654+0000] {processor.py:208} INFO - Processing /opt/airflow/dags/00_hello_world.py took 0.089 seconds
[2026-09-10T21:00:02.883+0000] {processor.py:186} INFO - Started process (PID=5932) to work on /opt/airflow/dags/00_hello_world.py
[2026-09-10T21:00:02.885+0000] {processor.py:914} INFO - Processing file /opt/airflow/dags/00_hello_world.py for tasks to queue
[2026-09-10T21:00:02.888+0000] {logging_mixin.py:190} INFO - [2026-09-10T21:00:02.888+0000] {dagbag.py:588} INFO - Filling up the DagBag from /opt/airflow/dags/00_hello_world.py
[2026-09-10T21:00:02.898+0000] {processor.py:925} INFO - DAG(s) '00_hello_world' retrieved from /opt/airflow/dags/00_hello_world.py
[2026-09-10T21:00:02.932+0000] {logging_mixin.py:190} INFO - [2026-09-10T21:00:02.931+0000] {dag.py:3239} INFO - Sync 1 DAGs
[2026-09-10T21:00:02.948+0000] {logging_mixin.py:190} INFO - [2026-09-10T21:00:02.948+0000] {dag.py:4180} INFO - Setting next_dagrun for 00_hello_world to None, run_after=None
[2026-09-10T21:00:02.968+0000] {processor.py:208} INFO - Processing /opt/airflow/dags/00_hello_world.py took 0.095 seconds
[2026-09-10T21:00:33.077+0000] {processor.py:186} INFO - Started process (PID=6002) to work on /opt/airflow/dags/00_hello_world.py
[2026-09-10T21:00:33.078+0000] {processor.py:914} INFO - Processing file /opt/airflow/dags/00_hello_world.py for tasks to queue
[2026-09-10T21:00:33.081+0000] {logging_mixin.py:190} INFO - [2026-09-10T21:00:33.081+0000] {dagbag.py:588} INFO - Filling up the DagBag from /opt/airflow/dags/00_hello_world.py
[2026-09-10T21:00:33.091+0000] {processor.py:925} INFO - DAG(s) '00_hello_world' retrieved from /opt/airflow/dags/00_hello_world.py
[2026-09-10T21:00:33.122+0000] {logging_mixin.py:190} INFO - [2026-09-10T21:00:33.121+0000] {dag.py:3239} INFO - Sync 1 DAGs
[2026-09-10T21:00:33.138+0000] {logging_mixin.py:190} INFO - [2026-09-10T21:00:33.138+0000] {dag.py:4180} INFO - Setting next_dagrun for 00_hello_world to None, run_after=None
[2026-09-10T21:00:33.160+0000] {processor.py:208} INFO - Processing /opt/airflow/dags/00_hello_world.py took 0.092 seconds
[2026-09-10T21:01:03.272+0000] {processor.py:186} INFO - Started process (PID=6072) to work on /opt/airflow/dags/00_hello_world.py
[2026-09-10T21:01:03.274+0000] {processor.py:914} INFO - Processing file /opt/airflow/dags/00_hello_world.py for tasks to queue
[2026-09-10T21:01:03.276+0000] {logging_mixin.py:190} INFO - [2026-09-10T21:01:03.276+0000] {dagbag.py:588} INFO - Filling up the DagBag from /opt/airflow/dags/00_hello_world.py
[2026-09-10T21:01:03.286+0000] {processor.py:925} INFO - DAG(s) '00_hello_world' retrieved from /opt/airflow/dags/00_hello_world.py
[2026-09-10T21:01:03.324+0000] {logging_mixin.py:190} INFO - [2026-09-10T21:01:03.323+0000] {dag.py:3239} INFO - Sync 1 DAGs
[2026-09-10T21:01:03.350+0000] {logging_mixin.py:190} INFO - [2026-09-10T21:01:03.349+0000] {dag.py:4180} INFO - Setting next_dagrun for 00_hello_world to None, run_after=None
[2026-09-10T21:01:03.373+0000] {processor.py:208} INFO - Processing /opt/airflow/dags/00_hello_world.py took 0.109 seconds
[2026-09-10T21:01:34.328+0000] {processor.py:186} INFO - Started process (PID=6142) to work on /opt/airflow/dags/00_hello_world.py
[2026-09-10T21:01:34.329+0000] {processor.py:914} INFO - Processing file /opt/airflow/dags/00_hello_world.py for tasks to queue
[2026-09-10T21:01:34.332+0000] {logging_mixin.py:190} INFO - [2026-09-10T21:01:34.331+0000] {dagbag.py:588} INFO - Filling up the DagBag from /opt/airflow/dags/00_hello_world.py
[2026-09-10T21:01:34.341+0000] {processor.py:925} INFO - DAG(s) '00_hello_world' retrieved from /opt/airflow/dags/00_hello_world.py
[2026-09-10T21:01:34.369+0000] {logging_mixin.py:190} INFO - [2026-09-10T21:01:34.369+0000] {dag.py:3239} INFO - Sync 1 DAGs
[2026-09-10T21:01:34.390+0000] {logging_mixin.py:190} INFO - [2026-09-10T21:01:34.389+0000] {dag.py:4180} INFO - Setting next_dagrun for 00_hello_world to None, run_after=None
[2026-09-10T21:01:34.409+0000] {processor.py:208} INFO - Processing /opt/airflow/dags/00_hello_world.py took 0.089 seconds
[2026-09-10T21:02:04.463+0000] {processor.py:186} INFO - Started process (PID=6212) to work on /opt/airflow/dags/00_hello_world.py
[2026-09-10T21:02:04.464+0000] {processor.py:914} INFO - Processing file /opt/airflow/dags/00_hello_world.py for tasks to queue
[2026-09-10T21:02:04.467+0000] {logging_mixin.py:190} INFO - [2026-09-10T21:02:04.466+0000] {dagbag.py:588} INFO - Filling up the DagBag from /opt/airflow/dags/00_hello_world.py
[2026-09-10T21:02:04.476+0000] {processor.py:925} INFO - DAG(s) '00_hello_world' retrieved from /opt/airflow/dags/00_hello_world.py
[2026-09-10T21:02:04.505+0000] {logging_mixin.py:190} INFO - [2026-09-10T21:02:04.504+0000] {dag.py:3239} INFO - Sync 1 DAGs
[2026-09-10T21:02:04.520+0000] {logging_mixin.py:190} INFO - [2026-09-10T21:02:04.520+0000] {dag.py:4180} INFO - Setting next_dagrun for 00_hello_world to None, run_after=None
[2026-09-10T21:02:04.540+0000] {processor.py:208} INFO - Processing /opt/airflow/dags/00_hello_world.py took 0.085 seconds
[2026-09-10T21:02:34.820+0000] {processor.py:186} INFO - Started process (PID=6282) to work on /opt/airflow/dags/00_hello_world.py
[2026-09-10T21:02:34.821+0000] {processor.py:914} INFO - Processing file /opt/airflow/dags/00_hello_world.py for tasks to queue
[2026-09-10T21:02:34.824+0000] {logging_mixin.py:190} INFO - [2026-09-10T21:02:34.824+0000] {dagbag.py:588} INFO - Filling up the DagBag from /opt/airflow/dags/00_hello_world.py
[2026-09-10T21:02:34.833+0000] {processor.py:925} INFO - DAG(s) '00_hello_world' retrieved from /opt/airflow/dags/00_hello_world.py
[2026-09-10T21:02:34.865+0000] {logging_mixin.py:190} INFO - [2026-09-10T21:02:34.865+0000] {dag.py:3239} INFO - Sync 1 DAGs
[2026-09-10T21:02:34.881+0000] {logging_mixin.py:190} INFO - [2026-09-10T21:02:34.881+0000] {dag.py:4180} INFO - Setting next_dagrun for 00_hello_world to None, run_after=None
[2026-09-10T21:02:34.898+0000] {processor.py:208} INFO - Processing /opt/airflow/dags/00_hello_world.py took 0.086 seconds
[2026-09-10T21:03:05.125+0000] {processor.py:186} INFO - Started process (PID=6354) to work on /opt/airflow/dags/00_hello_world.py
[2026-09-10T21:03:05.126+0000] {processor.py:914} INFO - Processing file /opt/airflow/dags/00_hello_world.py for tasks to queue
[2026-09-10T21:03:05.129+0000] {logging_mixin.py:190} INFO - [2026-09-10T21:03:05.128+0000] {dagbag.py:588} INFO - Filling up the DagBag from /opt/airflow/dags/00_hello_world.py
[2026-09-10T21:03:05.137+0000] {processor.py:925} INFO - DAG(s) '00_hello_world' retrieved from /opt/airflow/dags/00_hello_world.py
[2026-09-10T21:03:05.163+0000] {logging_mixin.py:190} INFO - [2026-09-10T21:03:05.163+0000] {dag.py:3239} INFO - Sync 1 DAGs
[2026-09-10T21:03:05.178+0000] {logging_mixin.py:190} INFO - [2026-09-10T21:03:05.178+0000] {dag.py:4180} INFO - Setting next_dagrun for 00_hello_world to None, run_after=None
[2026-09-10T21:03:05.196+0000] {processor.py:208} INFO - Processing /opt/airflow/dags/00_hello_world.py took 0.079 seconds
[2026-09-10T21:03:35.308+0000] {processor.py:186} INFO - Started process (PID=6422) to work on /opt/airflow/dags/00_hello_world.py
[2026-09-10T21:03:35.309+0000] {processor.py:914} INFO - Processing file /opt/airflow/dags/00_hello_world.py for tasks to queue
[2026-09-10T21:03:35.312+0000] {logging_mixin.py:190} INFO - [2026-09-10T21:03:35.312+0000] {dagbag.py:588} INFO - Filling up the DagBag from /opt/airflow/dags/00_hello_world.py
[2026-09-10T21:03:35.322+0000] {processor.py:925} INFO - DAG(s) '00_hello_world' retrieved from /opt/airflow/dags/00_hello_world.py
[2026-09-10T21:03:35.350+0000] {logging_mixin.py:190} INFO - [2026-09-10T21:03:35.350+0000] {dag.py:3239} INFO - Sync 1 DAGs
[2026-09-10T21:03:35.365+0000] {logging_mixin.py:190} INFO - [2026-09-10T21:03:35.365+0000] {dag.py:4180} INFO - Setting next_dagrun for 00_hello_world to None, run_after=None
[2026-09-10T21:03:35.383+0000] {processor.py:208} INFO - Processing /opt/airflow/dags/00_hello_world.py took 0.084 seconds
[2026-09-10T21:04:05.600+0000] {processor.py:186} INFO - Started process (PID=6494) to work on /opt/airflow/dags/00_hello_world.py
[2026-09-10T21:04:05.601+0000] {processor.py:914} INFO - Processing file /opt/airflow/dags/00_hello_world.py for tasks to queue
[2026-09-10T21:04:05.605+0000] {logging_mixin.py:190} INFO - [2026-09-10T21:04:05.604+0000] {dagbag.py:588} INFO - Filling up the DagBag from /opt/airflow/dags/00_hello_world.py
[2026-09-10T21:04:05.615+0000] {processor.py:925} INFO - DAG(s) '00_hello_world' retrieved from /opt/airflow/dags/00_hello_world.py
[2026-09-10T21:04:05.643+0000] {logging_mixin.py:190} INFO - [2026-09-10T21:04:05.643+0000] {dag.py:3239} INFO - Sync 1 DAGs
[2026-09-10T21:04:05.658+0000] {logging_mixin.py:190} INFO - [2026-09-10T21:04:05.658+0000] {dag.py:4180} INFO - Setting next_dagrun for 00_hello_world to None, run_after=None
[2026-09-10T21:04:05.676+0000] {processor.py:208} INFO - Processing /opt/airflow/dags/00_hello_world.py took 0.085 seconds
[2026-09-10T21:04:35.720+0000] {processor.py:186} INFO - Started process (PID=6562) to work on /opt/airflow/dags/00_hello_world.py
[2026-09-10T21:04:35.721+0000] {processor.py:914} INFO - Processing file /opt/airflow/dags/00_hello_world.py for tasks to queue
[2026-09-10T21:04:35.724+0000] {logging_mixin.py:190} INFO - [2026-09-10T21:04:35.723+0000] {dagbag.py:588} INFO - Filling up the DagBag from /opt/airflow/dags/00_hello_world.py
[2026-09-10T21:04:35.733+0000] {processor.py:925} INFO - DAG(s) '00_hello_world' retrieved from /opt/airflow/dags/00_hello_world.py
[2026-09-10T21:04:35.760+0000] {logging_mixin.py:190} INFO - [2026-09-10T21:04:35.759+0000] {dag.py:3239} INFO - Sync 1 DAGs
[2026-09-10T21:04:35.777+0000] {logging_mixin.py:190} INFO - [2026-09-10T21:04:35.777+0000] {dag.py:4180} INFO - Setting next_dagrun for 00_hello_world to None, run_after=None
[2026-09-10T21:04:35.796+0000] {processor.py:208} INFO - Processing /opt/airflow/dags/00_hello_world.py took 0.085 seconds
[2026-09-10T21:05:05.920+0000] {processor.py:186} INFO - Started process (PID=6632) to work on /opt/airflow/dags/00_hello_world.py
[2026-09-10T21:05:05.922+0000] {processor.py:914} INFO - Processing file /opt/airflow/dags/00_hello_world.py for tasks to queue
[2026-09-10T21:05:05.925+0000] {logging_mixin.py:190} INFO - [2026-09-10T21:05:05.924+0000] {dagbag.py:588} INFO - Filling up the DagBag from /opt/airflow/dags/00_hello_world.py
[2026-09-10T21:05:05.933+0000] {processor.py:925} INFO - DAG(s) '00_hello_world' retrieved from /opt/airflow/dags/00_hello_world.py
[2026-09-10T21:05:05.960+0000] {logging_mixin.py:190} INFO - [2026-09-10T21:05:05.960+0000] {dag.py:3239} INFO - Sync 1 DAGs
[2026-09-10T21:05:05.976+0000] {logging_mixin.py:190} INFO - [2026-09-10T21:05:05.975+0000] {dag.py:4180} INFO - Setting next_dagrun for 00_hello_world to None, run_after=None
[2026-09-10T21:05:05.993+0000] {processor.py:208} INFO - Processing /opt/airflow/dags/00_hello_world.py took 0.081 seconds
[2026-09-10T21:05:36.108+0000] {processor.py:186} INFO - Started process (PID=6702) to work on /opt/airflow/dags/00_hello_world.py
[2026-09-10T21:05:36.109+0000] {processor.py:914} INFO - Processing file /opt/airflow/dags/00_hello_world.py for tasks to queue
[2026-09-10T21:05:36.113+0000] {logging_mixin.py:190} INFO - [2026-09-10T21:05:36.112+0000] {dagbag.py:588} INFO - Filling up the DagBag from /opt/airflow/dags/00_hello_world.py
[2026-09-10T21:05:36.121+0000] {processor.py:925} INFO - DAG(s) '00_hello_world' retrieved from /opt/airflow/dags/00_hello_world.py
[2026-09-10T21:05:36.147+0000] {logging_mixin.py:190} INFO - [2026-09-10T21:05:36.147+0000] {dag.py:3239} INFO - Sync 1 DAGs
[2026-09-10T21:05:36.162+0000] {logging_mixin.py:190} INFO - [2026-09-10T21:05:36.162+0000] {dag.py:4180} INFO - Setting next_dagrun for 00_hello_world to None, run_after=None
[2026-09-10T21:05:36.180+0000] {processor.py:208} INFO - Processing /opt/airflow/dags/00_hello_world.py took 0.080 seconds
[2026-09-10T21:06:06.310+0000] {processor.py:186} INFO - Started process (PID=6772) to work on /opt/airflow/dags/00_hello_world.py
[2026-09-10T21:06:06.313+0000] {processor.py:914} INFO - Processing file /opt/airflow/dags/00_hello_world.py for tasks to queue
[2026-09-10T21:06:06.317+0000] {logging_mixin.py:190} INFO - [2026-09-10T21:06:06.316+0000] {dagbag.py:588} INFO - Filling up the DagBag from /opt/airflow/dags/00_hello_world.py
[2026-09-10T21:06:06.326+0000] {processor.py:925} INFO - DAG(s) '00_hello_world' retrieved from /opt/airflow/dags/00_hello_world.py
[2026-09-10T21:06:06.351+0000] {logging_mixin.py:190} INFO - [2026-09-10T21:06:06.351+0000] {dag.py:3239} INFO - Sync 1 DAGs
[2026-09-10T21:06:06.366+0000] {logging_mixin.py:190} INFO - [2026-09-10T21:06:06.366+0000] {dag.py:4180} INFO - Setting next_dagrun for 00_hello_world to None, run_after=None
[2026-09-10T21:06:06.384+0000] {processor.py:208} INFO - Processing /opt/airflow/dags/00_hello_world.py took 0.082 seconds
[2026-09-10T21:06:36.781+0000] {processor.py:186} INFO - Started process (PID=6844) to work on /opt/airflow/dags/00_hello_world.py
[2026-09-10T21:06:36.782+0000] {processor.py:914} INFO - Processing file /opt/airflow/dags/00_hello_world.py for tasks to queue
[2026-09-10T21:06:36.785+0000] {logging_mixin.py:190} INFO - [2026-09-10T21:06:36.784+0000] {dagbag.py:588} INFO - Filling up the DagBag from /opt/airflow/dags/00_hello_world.py
[2026-09-10T21:06:36.797+0000] {processor.py:925} INFO - DAG(s) '00_hello_world' retrieved from /opt/airflow/dags/00_hello_world.py
[2026-09-10T21:06:36.838+0000] {logging_mixin.py:190} INFO - [2026-09-10T21:06:36.837+0000] {dag.py:3239} INFO - Sync 1 DAGs
[2026-09-10T21:06:36.855+0000] {logging_mixin.py:190} INFO - [2026-09-10T21:06:36.855+0000] {dag.py:4180} INFO - Setting next_dagrun for 00_hello_world to None, run_after=None
[2026-09-10T21:06:36.873+0000] {processor.py:208} INFO - Processing /opt/airflow/dags/00_hello_world.py took 0.100 seconds
[2026-09-10T21:07:06.918+0000] {processor.py:186} INFO - Started process (PID=6914) to work on /opt/airflow/dags/00_hello_world.py
[2026-09-10T21:07:06.920+0000] {processor.py:914} INFO - Processing file /opt/airflow/dags/00_hello_world.py for tasks to queue
[2026-09-10T21:07:06.922+0000] {logging_mixin.py:190} INFO - [2026-09-10T21:07:06.921+0000] {dagbag.py:588} INFO - Filling up the DagBag from /opt/airflow/dags/00_hello_world.py
[2026-09-10T21:07:06.929+0000] {processor.py:925} INFO - DAG(s) '00_hello_world' retrieved from /opt/airflow/dags/00_hello_world.py
[2026-09-10T21:07:06.955+0000] {logging_mixin.py:190} INFO - [2026-09-10T21:07:06.955+0000] {dag.py:3239} INFO - Sync 1 DAGs
[2026-09-10T21:07:06.970+0000] {logging_mixin.py:190} INFO - [2026-09-10T21:07:06.970+0000] {dag.py:4180} INFO - Setting next_dagrun for 00_hello_world to None, run_after=None
[2026-09-10T21:07:06.988+0000] {processor.py:208} INFO - Processing /opt/airflow/dags/00_hello_world.py took 0.076 seconds
[2026-09-10T21:07:37.105+0000] {processor.py:186} INFO - Started process (PID=6982) to work on /opt/airflow/dags/00_hello_world.py
[2026-09-10T21:07:37.106+0000] {processor.py:914} INFO - Processing file /opt/airflow/dags/00_hello_world.py for tasks to queue
[2026-09-10T21:07:37.109+0000] {logging_mixin.py:190} INFO - [2026-09-10T21:07:37.108+0000] {dagbag.py:588} INFO - Filling up the DagBag from /opt/airflow/dags/00_hello_world.py
[2026-09-10T21:07:37.118+0000] {processor.py:925} INFO - DAG(s) '00_hello_world' retrieved from /opt/airflow/dags/00_hello_world.py
[2026-09-10T21:07:37.145+0000] {logging_mixin.py:190} INFO - [2026-09-10T21:07:37.144+0000] {dag.py:3239} INFO - Sync 1 DAGs
[2026-09-10T21:07:37.159+0000] {logging_mixin.py:190} INFO - [2026-09-10T21:07:37.159+0000] {dag.py:4180} INFO - Setting next_dagrun for 00_hello_world to None, run_after=None
[2026-09-10T21:07:37.179+0000] {processor.py:208} INFO - Processing /opt/airflow/dags/00_hello_world.py took 0.082 seconds
[2026-09-10T21:08:07.239+0000] {processor.py:186} INFO - Started process (PID=7052) to work on /opt/airflow/dags/00_hello_world.py
[2026-09-10T21:08:07.241+0000] {processor.py:914} INFO - Processing file /opt/airflow/dags/00_hello_world.py for tasks to queue
[2026-09-10T21:08:07.244+0000] {logging_mixin.py:190} INFO - [2026-09-10T21:08:07.244+0000] {dagbag.py:588} INFO - Filling up the DagBag from /opt/airflow/dags/00_hello_world.py
[2026-09-10T21:08:07.253+0000] {processor.py:925} INFO - DAG(s) '00_hello_world' retrieved from /opt/airflow/dags/00_hello_world.py
[2026-09-10T21:08:07.279+0000] {logging_mixin.py:190} INFO - [2026-09-10T21:08:07.279+0000] {dag.py:3239} INFO - Sync 1 DAGs
[2026-09-10T21:08:07.294+0000] {logging_mixin.py:190} INFO - [2026-09-10T21:08:07.294+0000] {dag.py:4180} INFO - Setting next_dagrun for 00_hello_world to None, run_after=None
[2026-09-10T21:08:07.311+0000] {processor.py:208} INFO - Processing /opt/airflow/dags/00_hello_world.py took 0.080 seconds
[2026-09-10T21:08:37.562+0000] {processor.py:186} INFO - Started process (PID=7122) to work on /opt/airflow/dags/00_hello_world.py
[2026-09-10T21:08:37.563+0000] {processor.py:914} INFO - Processing file /opt/airflow/dags/00_hello_world.py for tasks to queue
[2026-09-10T21:08:37.566+0000] {logging_mixin.py:190} INFO - [2026-09-10T21:08:37.565+0000] {dagbag.py:588} INFO - Filling up the DagBag from /opt/airflow/dags/00_hello_world.py
[2026-09-10T21:08:37.578+0000] {processor.py:925} INFO - DAG(s) '00_hello_world' retrieved from /opt/airflow/dags/00_hello_world.py
[2026-09-10T21:08:37.605+0000] {logging_mixin.py:190} INFO - [2026-09-10T21:08:37.605+0000] {dag.py:3239} INFO - Sync 1 DAGs
[2026-09-10T21:08:37.621+0000] {logging_mixin.py:190} INFO - [2026-09-10T21:08:37.621+0000] {dag.py:4180} INFO - Setting next_dagrun for 00_hello_world to None, run_after=None
[2026-09-10T21:08:37.640+0000] {processor.py:208} INFO - Processing /opt/airflow/dags/00_hello_world.py took 0.088 seconds
[2026-09-10T21:09:08.844+0000] {processor.py:186} INFO - Started process (PID=7194) to work on /opt/airflow/dags/00_hello_world.py
[2026-09-10T21:09:08.845+0000] {processor.py:914} INFO - Processing file /opt/airflow/dags/00_hello_world.py for tasks to queue
[2026-09-10T21:09:08.848+0000] {logging_mixin.py:190} INFO - [2026-09-10T21:09:08.848+0000] {dagbag.py:588} INFO - Filling up the DagBag from /opt/airflow/dags/00_hello_world.py
[2026-09-10T21:09:08.858+0000] {processor.py:925} INFO - DAG(s) '00_hello_world' retrieved from /opt/airflow/dags/00_hello_world.py
[2026-09-10T21:09:08.890+0000] {logging_mixin.py:190} INFO - [2026-09-10T21:09:08.889+0000] {dag.py:3239} INFO - Sync 1 DAGs
[2026-09-10T21:09:08.906+0000] {logging_mixin.py:190} INFO - [2026-09-10T21:09:08.906+0000] {dag.py:4180} INFO - Setting next_dagrun for 00_hello_world to None, run_after=None
[2026-09-10T21:09:08.945+0000] {processor.py:208} INFO - Processing /opt/airflow/dags/00_hello_world.py took 0.109 seconds
[2026-09-10T21:09:39.026+0000] {processor.py:186} INFO - Started process (PID=7264) to work on /opt/airflow/dags/00_hello_world.py
[2026-09-10T21:09:39.027+0000] {processor.py:914} INFO - Processing file /opt/airflow/dags/00_hello_world.py for tasks to queue
[2026-09-10T21:09:39.030+0000] {logging_mixin.py:190} INFO - [2026-09-10T21:09:39.030+0000] {dagbag.py:588} INFO - Filling up the DagBag from /opt/airflow/dags/00_hello_world.py
[2026-09-10T21:09:39.040+0000] {processor.py:925} INFO - DAG(s) '00_hello_world' retrieved from /opt/airflow/dags/00_hello_world.py
[2026-09-10T21:09:39.069+0000] {logging_mixin.py:190} INFO - [2026-09-10T21:09:39.069+0000] {dag.py:3239} INFO - Sync 1 DAGs
[2026-09-10T21:09:39.088+0000] {logging_mixin.py:190} INFO - [2026-09-10T21:09:39.088+0000] {dag.py:4180} INFO - Setting next_dagrun for 00_hello_world to None, run_after=None
[2026-09-10T21:09:39.106+0000] {processor.py:208} INFO - Processing /opt/airflow/dags/00_hello_world.py took 0.091 seconds
[2026-09-10T21:10:09.258+0000] {processor.py:186} INFO - Started process (PID=7332) to work on /opt/airflow/dags/00_hello_world.py
[2026-09-10T21:10:09.260+0000] {processor.py:914} INFO - Processing file /opt/airflow/dags/00_hello_world.py for tasks to queue
[2026-09-10T21:10:09.264+0000] {logging_mixin.py:190} INFO - [2026-09-10T21:10:09.263+0000] {dagbag.py:588} INFO - Filling up the DagBag from /opt/airflow/dags/00_hello_world.py
[2026-09-10T21:10:09.278+0000] {processor.py:925} INFO - DAG(s) '00_hello_world' retrieved from /opt/airflow/dags/00_hello_world.py
[2026-09-10T21:10:09.309+0000] {logging_mixin.py:190} INFO - [2026-09-10T21:10:09.309+0000] {dag.py:3239} INFO - Sync 1 DAGs
[2026-09-10T21:10:09.329+0000] {logging_mixin.py:190} INFO - [2026-09-10T21:10:09.329+0000] {dag.py:4180} INFO - Setting next_dagrun for 00_hello_world to None, run_after=None
[2026-09-10T21:10:09.351+0000] {processor.py:208} INFO - Processing /opt/airflow/dags/00_hello_world.py took 0.106 seconds
[2026-09-10T21:10:39.470+0000] {processor.py:186} INFO - Started process (PID=7404) to work on /opt/airflow/dags/00_hello_world.py
[2026-09-10T21:10:39.471+0000] {processor.py:914} INFO - Processing file /opt/airflow/dags/00_hello_world.py for tasks to queue
[2026-09-10T21:10:39.473+0000] {logging_mixin.py:190} INFO - [2026-09-10T21:10:39.473+0000] {dagbag.py:588} INFO - Filling up the DagBag from /opt/airflow/dags/00_hello_world.py
[2026-09-10T21:10:39.483+0000] {processor.py:925} INFO - DAG(s) '00_hello_world' retrieved from /opt/airflow/dags/00_hello_world.py
[2026-09-10T21:10:39.512+0000] {logging_mixin.py:190} INFO - [2026-09-10T21:10:39.511+0000] {dag.py:3239} INFO - Sync 1 DAGs
[2026-09-10T21:10:39.527+0000] {logging_mixin.py:190} INFO - [2026-09-10T21:10:39.527+0000] {dag.py:4180} INFO - Setting next_dagrun for 00_hello_world to None, run_after=None
[2026-09-10T21:10:39.554+0000] {processor.py:208} INFO - Processing /opt/airflow/dags/00_hello_world.py took 0.092 seconds
[2026-09-10T21:11:10.562+0000] {processor.py:186} INFO - Started process (PID=7474) to work on /opt/airflow/dags/00_hello_world.py
[2026-09-10T21:11:10.565+0000] {processor.py:914} INFO - Processing file /opt/airflow/dags/00_hello_world.py for tasks to queue
[2026-09-10T21:11:10.570+0000] {logging_mixin.py:190} INFO - [2026-09-10T21:11:10.569+0000] {dagbag.py:588} INFO - Filling up the DagBag from /opt/airflow/dags/00_hello_world.py
[2026-09-10T21:11:10.582+0000] {processor.py:925} INFO - DAG(s) '00_hello_world' retrieved from /opt/airflow/dags/00_hello_world.py
[2026-09-10T21:11:10.621+0000] {logging_mixin.py:190} INFO - [2026-09-10T21:11:10.621+0000] {dag.py:3239} INFO - Sync 1 DAGs
[2026-09-10T21:11:10.654+0000] {logging_mixin.py:190} INFO - [2026-09-10T21:11:10.654+0000] {dag.py:4180} INFO - Setting next_dagrun for 00_hello_world to None, run_after=None
[2026-09-10T21:11:10.677+0000] {processor.py:208} INFO - Processing /opt/airflow/dags/00_hello_world.py took 0.127 seconds
[2026-09-10T21:11:40.809+0000] {processor.py:186} INFO - Started process (PID=7544) to work on /opt/airflow/dags/00_hello_world.py
[2026-09-10T21:11:40.810+0000] {processor.py:914} INFO - Processing file /opt/airflow/dags/00_hello_world.py for tasks to queue
[2026-09-10T21:11:40.813+0000] {logging_mixin.py:190} INFO - [2026-09-10T21:11:40.812+0000] {dagbag.py:588} INFO - Filling up the DagBag from /opt/airflow/dags/00_hello_world.py
[2026-09-10T21:11:40.822+0000] {processor.py:925} INFO - DAG(s) '00_hello_world' retrieved from /opt/airflow/dags/00_hello_world.py
[2026-09-10T21:11:40.850+0000] {logging_mixin.py:190} INFO - [2026-09-10T21:11:40.850+0000] {dag.py:3239} INFO - Sync 1 DAGs
[2026-09-10T21:11:40.865+0000] {logging_mixin.py:190} INFO - [2026-09-10T21:11:40.865+0000] {dag.py:4180} INFO - Setting next_dagrun for 00_hello_world to None, run_after=None
[2026-09-10T21:11:40.883+0000] {processor.py:208} INFO - Processing /opt/airflow/dags/00_hello_world.py took 0.081 seconds
[2026-09-10T21:12:11.824+0000] {processor.py:186} INFO - Started process (PID=7614) to work on /opt/airflow/dags/00_hello_world.py
[2026-09-10T21:12:11.825+0000] {processor.py:914} INFO - Processing file /opt/airflow/dags/00_hello_world.py for tasks to queue
[2026-09-10T21:12:11.828+0000] {logging_mixin.py:190} INFO - [2026-09-10T21:12:11.828+0000] {dagbag.py:588} INFO - Filling up the DagBag from /opt/airflow/dags/00_hello_world.py
[2026-09-10T21:12:11.836+0000] {processor.py:925} INFO - DAG(s) '00_hello_world' retrieved from /opt/airflow/dags/00_hello_world.py
[2026-09-10T21:12:11.862+0000] {logging_mixin.py:190} INFO - [2026-09-10T21:12:11.862+0000] {dag.py:3239} INFO - Sync 1 DAGs
[2026-09-10T21:12:11.877+0000] {logging_mixin.py:190} INFO - [2026-09-10T21:12:11.877+0000] {dag.py:4180} INFO - Setting next_dagrun for 00_hello_world to None, run_after=None
[2026-09-10T21:12:11.895+0000] {processor.py:208} INFO - Processing /opt/airflow/dags/00_hello_world.py took 0.080 seconds
[2026-09-10T21:12:43.090+0000] {processor.py:186} INFO - Started process (PID=7684) to work on /opt/airflow/dags/00_hello_world.py
[2026-09-10T21:12:43.092+0000] {processor.py:914} INFO - Processing file /opt/airflow/dags/00_hello_world.py for tasks to queue
[2026-09-10T21:12:43.095+0000] {logging_mixin.py:190} INFO - [2026-09-10T21:12:43.094+0000] {dagbag.py:588} INFO - Filling up the DagBag from /opt/airflow/dags/00_hello_world.py
[2026-09-10T21:12:43.103+0000] {processor.py:925} INFO - DAG(s) '00_hello_world' retrieved from /opt/airflow/dags/00_hello_world.py
[2026-09-10T21:12:43.131+0000] {logging_mixin.py:190} INFO - [2026-09-10T21:12:43.131+0000] {dag.py:3239} INFO - Sync 1 DAGs
[2026-09-10T21:12:43.146+0000] {logging_mixin.py:190} INFO - [2026-09-10T21:12:43.146+0000] {dag.py:4180} INFO - Setting next_dagrun for 00_hello_world to None, run_after=None
[2026-09-10T21:12:43.164+0000] {processor.py:208} INFO - Processing /opt/airflow/dags/00_hello_world.py took 0.081 seconds
[2026-09-10T21:13:13.237+0000] {processor.py:186} INFO - Started process (PID=7753) to work on /opt/airflow/dags/00_hello_world.py
[2026-09-10T21:13:13.238+0000] {processor.py:914} INFO - Processing file /opt/airflow/dags/00_hello_world.py for tasks to queue
[2026-09-10T21:13:13.241+0000] {logging_mixin.py:190} INFO - [2026-09-10T21:13:13.240+0000] {dagbag.py:588} INFO - Filling up the DagBag from /opt/airflow/dags/00_hello_world.py
[2026-09-10T21:13:13.252+0000] {processor.py:925} INFO - DAG(s) '00_hello_world' retrieved from /opt/airflow/dags/00_hello_world.py
[2026-09-10T21:13:13.280+0000] {logging_mixin.py:190} INFO - [2026-09-10T21:13:13.280+0000] {dag.py:3239} INFO - Sync 1 DAGs
[2026-09-10T21:13:13.296+0000] {logging_mixin.py:190} INFO - [2026-09-10T21:13:13.295+0000] {dag.py:4180} INFO - Setting next_dagrun for 00_hello_world to None, run_after=None
[2026-09-10T21:13:13.318+0000] {processor.py:208} INFO - Processing /opt/airflow/dags/00_hello_world.py took 0.092 seconds
[2026-09-10T21:13:44.104+0000] {processor.py:186} INFO - Started process (PID=7822) to work on /opt/airflow/dags/00_hello_world.py
[2026-09-10T21:13:44.106+0000] {processor.py:914} INFO - Processing file /opt/airflow/dags/00_hello_world.py for tasks to queue
[2026-09-10T21:13:44.108+0000] {logging_mixin.py:190} INFO - [2026-09-10T21:13:44.108+0000] {dagbag.py:588} INFO - Filling up the DagBag from /opt/airflow/dags/00_hello_world.py
[2026-09-10T21:13:44.118+0000] {processor.py:925} INFO - DAG(s) '00_hello_world' retrieved from /opt/airflow/dags/00_hello_world.py
[2026-09-10T21:13:44.146+0000] {logging_mixin.py:190} INFO - [2026-09-10T21:13:44.145+0000] {dag.py:3239} INFO - Sync 1 DAGs
[2026-09-10T21:13:44.161+0000] {logging_mixin.py:190} INFO - [2026-09-10T21:13:44.161+0000] {dag.py:4180} INFO - Setting next_dagrun for 00_hello_world to None, run_after=None
[2026-09-10T21:13:44.180+0000] {processor.py:208} INFO - Processing /opt/airflow/dags/00_hello_world.py took 0.084 seconds
[2026-09-10T21:14:15.241+0000] {processor.py:186} INFO - Started process (PID=7892) to work on /opt/airflow/dags/00_hello_world.py
[2026-09-10T21:14:15.243+0000] {processor.py:914} INFO - Processing file /opt/airflow/dags/00_hello_world.py for tasks to queue
[2026-09-10T21:14:15.247+0000] {logging_mixin.py:190} INFO - [2026-09-10T21:14:15.246+0000] {dagbag.py:588} INFO - Filling up the DagBag from /opt/airflow/dags/00_hello_world.py
[2026-09-10T21:14:15.260+0000] {processor.py:925} INFO - DAG(s) '00_hello_world' retrieved from /opt/airflow/dags/00_hello_world.py
[2026-09-10T21:14:15.296+0000] {logging_mixin.py:190} INFO - [2026-09-10T21:14:15.296+0000] {dag.py:3239} INFO - Sync 1 DAGs
[2026-09-10T21:14:15.506+0000] {logging_mixin.py:190} INFO - [2026-09-10T21:14:15.506+0000] {dag.py:4180} INFO - Setting next_dagrun for 00_hello_world to None, run_after=None
[2026-09-10T21:14:15.526+0000] {processor.py:208} INFO - Processing /opt/airflow/dags/00_hello_world.py took 0.295 seconds
[2026-09-10T21:14:45.831+0000] {processor.py:186} INFO - Started process (PID=7964) to work on /opt/airflow/dags/00_hello_world.py
[2026-09-10T21:14:45.833+0000] {processor.py:914} INFO - Processing file /opt/airflow/dags/00_hello_world.py for tasks to queue
[2026-09-10T21:14:45.835+0000] {logging_mixin.py:190} INFO - [2026-09-10T21:14:45.835+0000] {dagbag.py:588} INFO - Filling up the DagBag from /opt/airflow/dags/00_hello_world.py
[2026-09-10T21:14:45.844+0000] {processor.py:925} INFO - DAG(s) '00_hello_world' retrieved from /opt/airflow/dags/00_hello_world.py
[2026-09-10T21:14:45.871+0000] {logging_mixin.py:190} INFO - [2026-09-10T21:14:45.871+0000] {dag.py:3239} INFO - Sync 1 DAGs
[2026-09-10T21:14:45.886+0000] {logging_mixin.py:190} INFO - [2026-09-10T21:14:45.886+0000] {dag.py:4180} INFO - Setting next_dagrun for 00_hello_world to None, run_after=None
[2026-09-10T21:14:45.906+0000] {processor.py:208} INFO - Processing /opt/airflow/dags/00_hello_world.py took 0.083 seconds
[2026-09-10T21:15:16.723+0000] {processor.py:186} INFO - Started process (PID=8034) to work on /opt/airflow/dags/00_hello_world.py
[2026-09-10T21:15:16.725+0000] {processor.py:914} INFO - Processing file /opt/airflow/dags/00_hello_world.py for tasks to queue
[2026-09-10T21:15:16.728+0000] {logging_mixin.py:190} INFO - [2026-09-10T21:15:16.728+0000] {dagbag.py:588} INFO - Filling up the DagBag from /opt/airflow/dags/00_hello_world.py
[2026-09-10T21:15:16.738+0000] {processor.py:925} INFO - DAG(s) '00_hello_world' retrieved from /opt/airflow/dags/00_hello_world.py
[2026-09-10T21:15:16.768+0000] {logging_mixin.py:190} INFO - [2026-09-10T21:15:16.768+0000] {dag.py:3239} INFO - Sync 1 DAGs
[2026-09-10T21:15:16.784+0000] {logging_mixin.py:190} INFO - [2026-09-10T21:15:16.784+0000] {dag.py:4180} INFO - Setting next_dagrun for 00_hello_world to None, run_after=None
[2026-09-10T21:15:16.806+0000] {processor.py:208} INFO - Processing /opt/airflow/dags/00_hello_world.py took 0.093 seconds
[2026-09-10T21:15:46.888+0000] {processor.py:186} INFO - Started process (PID=8104) to work on /opt/airflow/dags/00_hello_world.py
[2026-09-10T21:15:46.888+0000] {processor.py:914} INFO - Processing file /opt/airflow/dags/00_hello_world.py for tasks to queue
[2026-09-10T21:15:46.891+0000] {logging_mixin.py:190} INFO - [2026-09-10T21:15:46.891+0000] {dagbag.py:588} INFO - Filling up the DagBag from /opt/airflow/dags/00_hello_world.py
[2026-09-10T21:15:46.900+0000] {processor.py:925} INFO - DAG(s) '00_hello_world' retrieved from /opt/airflow/dags/00_hello_world.py
[2026-09-10T21:15:46.940+0000] {logging_mixin.py:190} INFO - [2026-09-10T21:15:46.940+0000] {dag.py:3239} INFO - Sync 1 DAGs
[2026-09-10T21:15:46.960+0000] {logging_mixin.py:190} INFO - [2026-09-10T21:15:46.960+0000] {dag.py:4180} INFO - Setting next_dagrun for 00_hello_world to None, run_after=None
[2026-09-10T21:15:46.980+0000] {processor.py:208} INFO - Processing /opt/airflow/dags/00_hello_world.py took 0.100 seconds
[2026-09-10T21:16:17.942+0000] {processor.py:186} INFO - Started process (PID=8174) to work on /opt/airflow/dags/00_hello_world.py
[2026-09-10T21:16:17.944+0000] {processor.py:914} INFO - Processing file /opt/airflow/dags/00_hello_world.py for tasks to queue
[2026-09-10T21:16:17.947+0000] {logging_mixin.py:190} INFO - [2026-09-10T21:16:17.946+0000] {dagbag.py:588} INFO - Filling up the DagBag from /opt/airflow/dags/00_hello_world.py
[2026-09-10T21:16:17.955+0000] {processor.py:925} INFO - DAG(s) '00_hello_world' retrieved from /opt/airflow/dags/00_hello_world.py
[2026-09-10T21:16:17.982+0000] {logging_mixin.py:190} INFO - [2026-09-10T21:16:17.982+0000] {dag.py:3239} INFO - Sync 1 DAGs
[2026-09-10T21:16:17.997+0000] {logging_mixin.py:190} INFO - [2026-09-10T21:16:17.997+0000] {dag.py:4180} INFO - Setting next_dagrun for 00_hello_world to None, run_after=None
[2026-09-10T21:16:18.020+0000] {processor.py:208} INFO - Processing /opt/airflow/dags/00_hello_world.py took 0.088 seconds
[2026-09-10T21:16:48.176+0000] {processor.py:186} INFO - Started process (PID=8244) to work on /opt/airflow/dags/00_hello_world.py
[2026-09-10T21:16:48.177+0000] {processor.py:914} INFO - Processing file /opt/airflow/dags/00_hello_world.py for tasks to queue
[2026-09-10T21:16:48.180+0000] {logging_mixin.py:190} INFO - [2026-09-10T21:16:48.179+0000] {dagbag.py:588} INFO - Filling up the DagBag from /opt/airflow/dags/00_hello_world.py
[2026-09-10T21:16:48.188+0000] {processor.py:925} INFO - DAG(s) '00_hello_world' retrieved from /opt/airflow/dags/00_hello_world.py
[2026-09-10T21:16:48.215+0000] {logging_mixin.py:190} INFO - [2026-09-10T21:16:48.215+0000] {dag.py:3239} INFO - Sync 1 DAGs
[2026-09-10T21:16:48.231+0000] {logging_mixin.py:190} INFO - [2026-09-10T21:16:48.231+0000] {dag.py:4180} INFO - Setting next_dagrun for 00_hello_world to None, run_after=None
[2026-09-10T21:16:48.249+0000] {processor.py:208} INFO - Processing /opt/airflow/dags/00_hello_world.py took 0.083 seconds
[2026-09-10T21:17:18.326+0000] {processor.py:186} INFO - Started process (PID=8314) to work on /opt/airflow/dags/00_hello_world.py
[2026-09-10T21:17:18.328+0000] {processor.py:914} INFO - Processing file /opt/airflow/dags/00_hello_world.py for tasks to queue
[2026-09-10T21:17:18.331+0000] {logging_mixin.py:190} INFO - [2026-09-10T21:17:18.330+0000] {dagbag.py:588} INFO - Filling up the DagBag from /opt/airflow/dags/00_hello_world.py
[2026-09-10T21:17:18.339+0000] {processor.py:925} INFO - DAG(s) '00_hello_world' retrieved from /opt/airflow/dags/00_hello_world.py
[2026-09-10T21:17:18.367+0000] {logging_mixin.py:190} INFO - [2026-09-10T21:17:18.367+0000] {dag.py:3239} INFO - Sync 1 DAGs
[2026-09-10T21:17:18.382+0000] {logging_mixin.py:190} INFO - [2026-09-10T21:17:18.382+0000] {dag.py:4180} INFO - Setting next_dagrun for 00_hello_world to None, run_after=None
[2026-09-10T21:17:18.399+0000] {processor.py:208} INFO - Processing /opt/airflow/dags/00_hello_world.py took 0.080 seconds
[2026-09-10T21:17:48.512+0000] {processor.py:186} INFO - Started process (PID=8384) to work on /opt/airflow/dags/00_hello_world.py
[2026-09-10T21:17:48.513+0000] {processor.py:914} INFO - Processing file /opt/airflow/dags/00_hello_world.py for tasks to queue
[2026-09-10T21:17:48.516+0000] {logging_mixin.py:190} INFO - [2026-09-10T21:17:48.515+0000] {dagbag.py:588} INFO - Filling up the DagBag from /opt/airflow/dags/00_hello_world.py
[2026-09-10T21:17:48.524+0000] {processor.py:925} INFO - DAG(s) '00_hello_world' retrieved from /opt/airflow/dags/00_hello_world.py
[2026-09-10T21:17:48.553+0000] {logging_mixin.py:190} INFO - [2026-09-10T21:17:48.552+0000] {dag.py:3239} INFO - Sync 1 DAGs
[2026-09-10T21:17:48.570+0000] {logging_mixin.py:190} INFO - [2026-09-10T21:17:48.570+0000] {dag.py:4180} INFO - Setting next_dagrun for 00_hello_world to None, run_after=None
[2026-09-10T21:17:48.591+0000] {processor.py:208} INFO - Processing /opt/airflow/dags/00_hello_world.py took 0.088 seconds
[2026-09-10T21:18:18.706+0000] {processor.py:186} INFO - Started process (PID=8454) to work on /opt/airflow/dags/00_hello_world.py
[2026-09-10T21:18:18.708+0000] {processor.py:914} INFO - Processing file /opt/airflow/dags/00_hello_world.py for tasks to queue
[2026-09-10T21:18:18.711+0000] {logging_mixin.py:190} INFO - [2026-09-10T21:18:18.711+0000] {dagbag.py:588} INFO - Filling up the DagBag from /opt/airflow/dags/00_hello_world.py
[2026-09-10T21:18:18.719+0000] {processor.py:925} INFO - DAG(s) '00_hello_world' retrieved from /opt/airflow/dags/00_hello_world.py
[2026-09-10T21:18:18.747+0000] {logging_mixin.py:190} INFO - [2026-09-10T21:18:18.747+0000] {dag.py:3239} INFO - Sync 1 DAGs
[2026-09-10T21:18:18.762+0000] {logging_mixin.py:190} INFO - [2026-09-10T21:18:18.762+0000] {dag.py:4180} INFO - Setting next_dagrun for 00_hello_world to None, run_after=None
[2026-09-10T21:18:18.779+0000] {processor.py:208} INFO - Processing /opt/airflow/dags/00_hello_world.py took 0.081 seconds
[2026-09-10T21:18:48.850+0000] {processor.py:186} INFO - Started process (PID=8524) to work on /opt/airflow/dags/00_hello_world.py
[2026-09-10T21:18:48.851+0000] {processor.py:914} INFO - Processing file /opt/airflow/dags/00_hello_world.py for tasks to queue
[2026-09-10T21:18:48.853+0000] {logging_mixin.py:190} INFO - [2026-09-10T21:18:48.853+0000] {dagbag.py:588} INFO - Filling up the DagBag from /opt/airflow/dags/00_hello_world.py
[2026-09-10T21:18:48.862+0000] {processor.py:925} INFO - DAG(s) '00_hello_world' retrieved from /opt/airflow/dags/00_hello_world.py
[2026-09-10T21:18:48.888+0000] {logging_mixin.py:190} INFO - [2026-09-10T21:18:48.888+0000] {dag.py:3239} INFO - Sync 1 DAGs
[2026-09-10T21:18:48.903+0000] {logging_mixin.py:190} INFO - [2026-09-10T21:18:48.903+0000] {dag.py:4180} INFO - Setting next_dagrun for 00_hello_world to None, run_after=None
[2026-09-10T21:18:48.921+0000] {processor.py:208} INFO - Processing /opt/airflow/dags/00_hello_world.py took 0.079 seconds
[2026-09-10T21:19:19.056+0000] {processor.py:186} INFO - Started process (PID=8594) to work on /opt/airflow/dags/00_hello_world.py
[2026-09-10T21:19:19.059+0000] {processor.py:914} INFO - Processing file /opt/airflow/dags/00_hello_world.py for tasks to queue
[2026-09-10T21:19:19.064+0000] {logging_mixin.py:190} INFO - [2026-09-10T21:19:19.063+0000] {dagbag.py:588} INFO - Filling up the DagBag from /opt/airflow/dags/00_hello_world.py
[2026-09-10T21:19:19.078+0000] {processor.py:925} INFO - DAG(s) '00_hello_world' retrieved from /opt/airflow/dags/00_hello_world.py
[2026-09-10T21:19:19.125+0000] {logging_mixin.py:190} INFO - [2026-09-10T21:19:19.125+0000] {dag.py:3239} INFO - Sync 1 DAGs
[2026-09-10T21:19:19.150+0000] {logging_mixin.py:190} INFO - [2026-09-10T21:19:19.150+0000] {dag.py:4180} INFO - Setting next_dagrun for 00_hello_world to None, run_after=None
[2026-09-10T21:19:19.186+0000] {processor.py:208} INFO - Processing /opt/airflow/dags/00_hello_world.py took 0.139 seconds
[2026-09-10T21:19:49.270+0000] {processor.py:186} INFO - Started process (PID=8664) to work on /opt/airflow/dags/00_hello_world.py
[2026-09-10T21:19:49.271+0000] {processor.py:914} INFO - Processing file /opt/airflow/dags/00_hello_world.py for tasks to queue
[2026-09-10T21:19:49.275+0000] {logging_mixin.py:190} INFO - [2026-09-10T21:19:49.275+0000] {dagbag.py:588} INFO - Filling up the DagBag from /opt/airflow/dags/00_hello_world.py
[2026-09-10T21:19:49.283+0000] {processor.py:925} INFO - DAG(s) '00_hello_world' retrieved from /opt/airflow/dags/00_hello_world.py
[2026-09-10T21:19:49.310+0000] {logging_mixin.py:190} INFO - [2026-09-10T21:19:49.310+0000] {dag.py:3239} INFO - Sync 1 DAGs
[2026-09-10T21:19:49.325+0000] {logging_mixin.py:190} INFO - [2026-09-10T21:19:49.325+0000] {dag.py:4180} INFO - Setting next_dagrun for 00_hello_world to None, run_after=None
[2026-09-10T21:19:49.342+0000] {processor.py:208} INFO - Processing /opt/airflow/dags/00_hello_world.py took 0.080 seconds
[2026-09-10T21:20:19.574+0000] {processor.py:186} INFO - Started process (PID=8734) to work on /opt/airflow/dags/00_hello_world.py
[2026-09-10T21:20:19.577+0000] {processor.py:914} INFO - Processing file /opt/airflow/dags/00_hello_world.py for tasks to queue
[2026-09-10T21:20:19.579+0000] {logging_mixin.py:190} INFO - [2026-09-10T21:20:19.579+0000] {dagbag.py:588} INFO - Filling up the DagBag from /opt/airflow/dags/00_hello_world.py
[2026-09-10T21:20:19.588+0000] {processor.py:925} INFO - DAG(s) '00_hello_world' retrieved from /opt/airflow/dags/00_hello_world.py
[2026-09-10T21:20:19.615+0000] {logging_mixin.py:190} INFO - [2026-09-10T21:20:19.615+0000] {dag.py:3239} INFO - Sync 1 DAGs
[2026-09-10T21:20:19.630+0000] {logging_mixin.py:190} INFO - [2026-09-10T21:20:19.630+0000] {dag.py:4180} INFO - Setting next_dagrun for 00_hello_world to None, run_after=None
[2026-09-10T21:20:19.648+0000] {processor.py:208} INFO - Processing /opt/airflow/dags/00_hello_world.py took 0.084 seconds
[2026-09-10T21:20:49.734+0000] {processor.py:186} INFO - Started process (PID=8804) to work on /opt/airflow/dags/00_hello_world.py
[2026-09-10T21:20:49.736+0000] {processor.py:914} INFO - Processing file /opt/airflow/dags/00_hello_world.py for tasks to queue
[2026-09-10T21:20:49.739+0000] {logging_mixin.py:190} INFO - [2026-09-10T21:20:49.738+0000] {dagbag.py:588} INFO - Filling up the DagBag from /opt/airflow/dags/00_hello_world.py
[2026-09-10T21:20:49.750+0000] {processor.py:925} INFO - DAG(s) '00_hello_world' retrieved from /opt/airflow/dags/00_hello_world.py
[2026-09-10T21:20:49.795+0000] {logging_mixin.py:190} INFO - [2026-09-10T21:20:49.794+0000] {dag.py:3239} INFO - Sync 1 DAGs
[2026-09-10T21:20:49.824+0000] {logging_mixin.py:190} INFO - [2026-09-10T21:20:49.824+0000] {dag.py:4180} INFO - Setting next_dagrun for 00_hello_world to None, run_after=None
[2026-09-10T21:20:49.845+0000] {processor.py:208} INFO - Processing /opt/airflow/dags/00_hello_world.py took 0.120 seconds
[2026-09-10T21:21:20.843+0000] {processor.py:186} INFO - Started process (PID=8874) to work on /opt/airflow/dags/00_hello_world.py
[2026-09-10T21:21:20.845+0000] {processor.py:914} INFO - Processing file /opt/airflow/dags/00_hello_world.py for tasks to queue
[2026-09-10T21:21:20.847+0000] {logging_mixin.py:190} INFO - [2026-09-10T21:21:20.847+0000] {dagbag.py:588} INFO - Filling up the DagBag from /opt/airflow/dags/00_hello_world.py
[2026-09-10T21:21:20.855+0000] {processor.py:925} INFO - DAG(s) '00_hello_world' retrieved from /opt/airflow/dags/00_hello_world.py
[2026-09-10T21:21:20.880+0000] {logging_mixin.py:190} INFO - [2026-09-10T21:21:20.880+0000] {dag.py:3239} INFO - Sync 1 DAGs
[2026-09-10T21:21:20.894+0000] {logging_mixin.py:190} INFO - [2026-09-10T21:21:20.894+0000] {dag.py:4180} INFO - Setting next_dagrun for 00_hello_world to None, run_after=None
[2026-09-10T21:21:20.912+0000] {processor.py:208} INFO - Processing /opt/airflow/dags/00_hello_world.py took 0.075 seconds
[2026-09-10T21:21:51.053+0000] {processor.py:186} INFO - Started process (PID=8944) to work on /opt/airflow/dags/00_hello_world.py
[2026-09-10T21:21:51.056+0000] {processor.py:914} INFO - Processing file /opt/airflow/dags/00_hello_world.py for tasks to queue
[2026-09-10T21:21:51.059+0000] {logging_mixin.py:190} INFO - [2026-09-10T21:21:51.058+0000] {dagbag.py:588} INFO - Filling up the DagBag from /opt/airflow/dags/00_hello_world.py
[2026-09-10T21:21:51.067+0000] {processor.py:925} INFO - DAG(s) '00_hello_world' retrieved from /opt/airflow/dags/00_hello_world.py
[2026-09-10T21:21:51.094+0000] {logging_mixin.py:190} INFO - [2026-09-10T21:21:51.094+0000] {dag.py:3239} INFO - Sync 1 DAGs
[2026-09-10T21:21:51.108+0000] {logging_mixin.py:190} INFO - [2026-09-10T21:21:51.108+0000] {dag.py:4180} INFO - Setting next_dagrun for 00_hello_world to None, run_after=None
[2026-09-10T21:21:51.126+0000] {processor.py:208} INFO - Processing /opt/airflow/dags/00_hello_world.py took 0.080 seconds
[2026-09-10T21:22:21.210+0000] {processor.py:186} INFO - Started process (PID=9014) to work on /opt/airflow/dags/00_hello_world.py
[2026-09-10T21:22:21.211+0000] {processor.py:914} INFO - Processing file /opt/airflow/dags/00_hello_world.py for tasks to queue
[2026-09-10T21:22:21.213+0000] {logging_mixin.py:190} INFO - [2026-09-10T21:22:21.213+0000] {dagbag.py:588} INFO - Filling up the DagBag from /opt/airflow/dags/00_hello_world.py
[2026-09-10T21:22:21.221+0000] {processor.py:925} INFO - DAG(s) '00_hello_world' retrieved from /opt/airflow/dags/00_hello_world.py
[2026-09-10T21:22:21.247+0000] {logging_mixin.py:190} INFO - [2026-09-10T21:22:21.246+0000] {dag.py:3239} INFO - Sync 1 DAGs
[2026-09-10T21:22:21.261+0000] {logging_mixin.py:190} INFO - [2026-09-10T21:22:21.261+0000] {dag.py:4180} INFO - Setting next_dagrun for 00_hello_world to None, run_after=None
[2026-09-10T21:22:21.278+0000] {processor.py:208} INFO - Processing /opt/airflow/dags/00_hello_world.py took 0.077 seconds
[2026-09-10T21:22:51.474+0000] {processor.py:186} INFO - Started process (PID=9084) to work on /opt/airflow/dags/00_hello_world.py
[2026-09-10T21:22:51.477+0000] {processor.py:914} INFO - Processing file /opt/airflow/dags/00_hello_world.py for tasks to queue
[2026-09-10T21:22:51.479+0000] {logging_mixin.py:190} INFO - [2026-09-10T21:22:51.479+0000] {dagbag.py:588} INFO - Filling up the DagBag from /opt/airflow/dags/00_hello_world.py
[2026-09-10T21:22:51.486+0000] {processor.py:925} INFO - DAG(s) '00_hello_world' retrieved from /opt/airflow/dags/00_hello_world.py
[2026-09-10T21:22:51.512+0000] {logging_mixin.py:190} INFO - [2026-09-10T21:22:51.511+0000] {dag.py:3239} INFO - Sync 1 DAGs
[2026-09-10T21:22:51.526+0000] {logging_mixin.py:190} INFO - [2026-09-10T21:22:51.526+0000] {dag.py:4180} INFO - Setting next_dagrun for 00_hello_world to None, run_after=None
[2026-09-10T21:22:51.543+0000] {processor.py:208} INFO - Processing /opt/airflow/dags/00_hello_world.py took 0.076 seconds
[2026-09-10T21:23:21.707+0000] {processor.py:186} INFO - Started process (PID=9154) to work on /opt/airflow/dags/00_hello_world.py
[2026-09-10T21:23:21.708+0000] {processor.py:914} INFO - Processing file /opt/airflow/dags/00_hello_world.py for tasks to queue
[2026-09-10T21:23:21.711+0000] {logging_mixin.py:190} INFO - [2026-09-10T21:23:21.711+0000] {dagbag.py:588} INFO - Filling up the DagBag from /opt/airflow/dags/00_hello_world.py
[2026-09-10T21:23:21.720+0000] {processor.py:925} INFO - DAG(s) '00_hello_world' retrieved from /opt/airflow/dags/00_hello_world.py
[2026-09-10T21:23:21.745+0000] {logging_mixin.py:190} INFO - [2026-09-10T21:23:21.744+0000] {dag.py:3239} INFO - Sync 1 DAGs
[2026-09-10T21:23:21.759+0000] {logging_mixin.py:190} INFO - [2026-09-10T21:23:21.759+0000] {dag.py:4180} INFO - Setting next_dagrun for 00_hello_world to None, run_after=None
[2026-09-10T21:23:21.776+0000] {processor.py:208} INFO - Processing /opt/airflow/dags/00_hello_world.py took 0.078 seconds
[2026-09-10T21:23:51.958+0000] {processor.py:186} INFO - Started process (PID=9224) to work on /opt/airflow/dags/00_hello_world.py
[2026-09-10T21:23:51.961+0000] {processor.py:914} INFO - Processing file /opt/airflow/dags/00_hello_world.py for tasks to queue
[2026-09-10T21:23:51.963+0000] {logging_mixin.py:190} INFO - [2026-09-10T21:23:51.963+0000] {dagbag.py:588} INFO - Filling up the DagBag from /opt/airflow/dags/00_hello_world.py
[2026-09-10T21:23:51.972+0000] {processor.py:925} INFO - DAG(s) '00_hello_world' retrieved from /opt/airflow/dags/00_hello_world.py
[2026-09-10T21:23:51.997+0000] {logging_mixin.py:190} INFO - [2026-09-10T21:23:51.997+0000] {dag.py:3239} INFO - Sync 1 DAGs
[2026-09-10T21:23:52.015+0000] {logging_mixin.py:190} INFO - [2026-09-10T21:23:52.015+0000] {dag.py:4180} INFO - Setting next_dagrun for 00_hello_world to None, run_after=None
[2026-09-10T21:23:52.033+0000] {processor.py:208} INFO - Processing /opt/airflow/dags/00_hello_world.py took 0.085 seconds
[2026-09-10T21:24:22.154+0000] {processor.py:186} INFO - Started process (PID=9294) to work on /opt/airflow/dags/00_hello_world.py
[2026-09-10T21:24:22.156+0000] {processor.py:914} INFO - Processing file /opt/airflow/dags/00_hello_world.py for tasks to queue
[2026-09-10T21:24:22.161+0000] {logging_mixin.py:190} INFO - [2026-09-10T21:24:22.160+0000] {dagbag.py:588} INFO - Filling up the DagBag from /opt/airflow/dags/00_hello_world.py
[2026-09-10T21:24:22.175+0000] {processor.py:925} INFO - DAG(s) '00_hello_world' retrieved from /opt/airflow/dags/00_hello_world.py
[2026-09-10T21:24:22.212+0000] {logging_mixin.py:190} INFO - [2026-09-10T21:24:22.211+0000] {dag.py:3239} INFO - Sync 1 DAGs
[2026-09-10T21:24:22.227+0000] {logging_mixin.py:190} INFO - [2026-09-10T21:24:22.226+0000] {dag.py:4180} INFO - Setting next_dagrun for 00_hello_world to None, run_after=None
[2026-09-10T21:24:22.246+0000] {processor.py:208} INFO - Processing /opt/airflow/dags/00_hello_world.py took 0.104 seconds
[2026-09-10T21:24:52.386+0000] {processor.py:186} INFO - Started process (PID=9364) to work on /opt/airflow/dags/00_hello_world.py
[2026-09-10T21:24:52.387+0000] {processor.py:914} INFO - Processing file /opt/airflow/dags/00_hello_world.py for tasks to queue
[2026-09-10T21:24:52.389+0000] {logging_mixin.py:190} INFO - [2026-09-10T21:24:52.389+0000] {dagbag.py:588} INFO - Filling up the DagBag from /opt/airflow/dags/00_hello_world.py
[2026-09-10T21:24:52.398+0000] {processor.py:925} INFO - DAG(s) '00_hello_world' retrieved from /opt/airflow/dags/00_hello_world.py
[2026-09-10T21:24:52.424+0000] {logging_mixin.py:190} INFO - [2026-09-10T21:24:52.423+0000] {dag.py:3239} INFO - Sync 1 DAGs
[2026-09-10T21:24:52.439+0000] {logging_mixin.py:190} INFO - [2026-09-10T21:24:52.439+0000] {dag.py:4180} INFO - Setting next_dagrun for 00_hello_world to None, run_after=None
[2026-09-10T21:24:52.456+0000] {processor.py:208} INFO - Processing /opt/airflow/dags/00_hello_world.py took 0.078 seconds
[2026-09-10T21:25:22.597+0000] {processor.py:186} INFO - Started process (PID=9434) to work on /opt/airflow/dags/00_hello_world.py
[2026-09-10T21:25:22.599+0000] {processor.py:914} INFO - Processing file /opt/airflow/dags/00_hello_world.py for tasks to queue
[2026-09-10T21:25:22.603+0000] {logging_mixin.py:190} INFO - [2026-09-10T21:25:22.602+0000] {dagbag.py:588} INFO - Filling up the DagBag from /opt/airflow/dags/00_hello_world.py
[2026-09-10T21:25:22.611+0000] {processor.py:925} INFO - DAG(s) '00_hello_world' retrieved from /opt/airflow/dags/00_hello_world.py
[2026-09-10T21:25:22.638+0000] {logging_mixin.py:190} INFO - [2026-09-10T21:25:22.638+0000] {dag.py:3239} INFO - Sync 1 DAGs
[2026-09-10T21:25:22.653+0000] {logging_mixin.py:190} INFO - [2026-09-10T21:25:22.653+0000] {dag.py:4180} INFO - Setting next_dagrun for 00_hello_world to None, run_after=None
[2026-09-10T21:25:22.671+0000] {processor.py:208} INFO - Processing /opt/airflow/dags/00_hello_world.py took 0.081 seconds
[2026-09-10T21:25:52.777+0000] {processor.py:186} INFO - Started process (PID=9504) to work on /opt/airflow/dags/00_hello_world.py
[2026-09-10T21:25:52.779+0000] {processor.py:914} INFO - Processing file /opt/airflow/dags/00_hello_world.py for tasks to queue
[2026-09-10T21:25:52.781+0000] {logging_mixin.py:190} INFO - [2026-09-10T21:25:52.781+0000] {dagbag.py:588} INFO - Filling up the DagBag from /opt/airflow/dags/00_hello_world.py
[2026-09-10T21:25:52.790+0000] {processor.py:925} INFO - DAG(s) '00_hello_world' retrieved from /opt/airflow/dags/00_hello_world.py
[2026-09-10T21:25:52.819+0000] {logging_mixin.py:190} INFO - [2026-09-10T21:25:52.819+0000] {dag.py:3239} INFO - Sync 1 DAGs
[2026-09-10T21:25:52.834+0000] {logging_mixin.py:190} INFO - [2026-09-10T21:25:52.834+0000] {dag.py:4180} INFO - Setting next_dagrun for 00_hello_world to None, run_after=None
[2026-09-10T21:25:52.853+0000] {processor.py:208} INFO - Processing /opt/airflow/dags/00_hello_world.py took 0.084 seconds
[2026-09-10T21:26:22.935+0000] {processor.py:186} INFO - Started process (PID=9574) to work on /opt/airflow/dags/00_hello_world.py
[2026-09-10T21:26:22.936+0000] {processor.py:914} INFO - Processing file /opt/airflow/dags/00_hello_world.py for tasks to queue
[2026-09-10T21:26:22.938+0000] {logging_mixin.py:190} INFO - [2026-09-10T21:26:22.938+0000] {dagbag.py:588} INFO - Filling up the DagBag from /opt/airflow/dags/00_hello_world.py
[2026-09-10T21:26:22.947+0000] {processor.py:925} INFO - DAG(s) '00_hello_world' retrieved from /opt/airflow/dags/00_hello_world.py
[2026-09-10T21:26:22.972+0000] {logging_mixin.py:190} INFO - [2026-09-10T21:26:22.972+0000] {dag.py:3239} INFO - Sync 1 DAGs
[2026-09-10T21:26:22.989+0000] {logging_mixin.py:190} INFO - [2026-09-10T21:26:22.989+0000] {dag.py:4180} INFO - Setting next_dagrun for 00_hello_world to None, run_after=None
[2026-09-10T21:26:23.013+0000] {processor.py:208} INFO - Processing /opt/airflow/dags/00_hello_world.py took 0.086 seconds
[2026-09-10T21:26:53.096+0000] {processor.py:186} INFO - Started process (PID=9644) to work on /opt/airflow/dags/00_hello_world.py
[2026-09-10T21:26:53.098+0000] {processor.py:914} INFO - Processing file /opt/airflow/dags/00_hello_world.py for tasks to queue
[2026-09-10T21:26:53.101+0000] {logging_mixin.py:190} INFO - [2026-09-10T21:26:53.101+0000] {dagbag.py:588} INFO - Filling up the DagBag from /opt/airflow/dags/00_hello_world.py
[2026-09-10T21:26:53.109+0000] {processor.py:925} INFO - DAG(s) '00_hello_world' retrieved from /opt/airflow/dags/00_hello_world.py
[2026-09-10T21:26:53.134+0000] {logging_mixin.py:190} INFO - [2026-09-10T21:26:53.134+0000] {dag.py:3239} INFO - Sync 1 DAGs
[2026-09-10T21:26:53.149+0000] {logging_mixin.py:190} INFO - [2026-09-10T21:26:53.149+0000] {dag.py:4180} INFO - Setting next_dagrun for 00_hello_world to None, run_after=None
[2026-09-10T21:26:53.168+0000] {processor.py:208} INFO - Processing /opt/airflow/dags/00_hello_world.py took 0.081 seconds
[2026-09-10T21:27:23.540+0000] {processor.py:186} INFO - Started process (PID=9714) to work on /opt/airflow/dags/00_hello_world.py
[2026-09-10T21:27:23.542+0000] {processor.py:914} INFO - Processing file /opt/airflow/dags/00_hello_world.py for tasks to queue
[2026-09-10T21:27:23.545+0000] {logging_mixin.py:190} INFO - [2026-09-10T21:27:23.544+0000] {dagbag.py:588} INFO - Filling up the DagBag from /opt/airflow/dags/00_hello_world.py
[2026-09-10T21:27:23.553+0000] {processor.py:925} INFO - DAG(s) '00_hello_world' retrieved from /opt/airflow/dags/00_hello_world.py
[2026-09-10T21:27:23.583+0000] {logging_mixin.py:190} INFO - [2026-09-10T21:27:23.583+0000] {dag.py:3239} INFO - Sync 1 DAGs
[2026-09-10T21:27:23.598+0000] {logging_mixin.py:190} INFO - [2026-09-10T21:27:23.598+0000] {dag.py:4180} INFO - Setting next_dagrun for 00_hello_world to None, run_after=None
[2026-09-10T21:27:23.619+0000] {processor.py:208} INFO - Processing /opt/airflow/dags/00_hello_world.py took 0.087 seconds
[2026-09-10T21:27:53.725+0000] {processor.py:186} INFO - Started process (PID=9784) to work on /opt/airflow/dags/00_hello_world.py
[2026-09-10T21:27:53.726+0000] {processor.py:914} INFO - Processing file /opt/airflow/dags/00_hello_world.py for tasks to queue
[2026-09-10T21:27:53.729+0000] {logging_mixin.py:190} INFO - [2026-09-10T21:27:53.728+0000] {dagbag.py:588} INFO - Filling up the DagBag from /opt/airflow/dags/00_hello_world.py
[2026-09-10T21:27:53.737+0000] {processor.py:925} INFO - DAG(s) '00_hello_world' retrieved from /opt/airflow/dags/00_hello_world.py
[2026-09-10T21:27:53.765+0000] {logging_mixin.py:190} INFO - [2026-09-10T21:27:53.765+0000] {dag.py:3239} INFO - Sync 1 DAGs
[2026-09-10T21:27:53.781+0000] {logging_mixin.py:190} INFO - [2026-09-10T21:27:53.780+0000] {dag.py:4180} INFO - Setting next_dagrun for 00_hello_world to None, run_after=None
[2026-09-10T21:27:53.800+0000] {processor.py:208} INFO - Processing /opt/airflow/dags/00_hello_world.py took 0.083 seconds
[2026-09-10T21:28:23.945+0000] {processor.py:186} INFO - Started process (PID=9854) to work on /opt/airflow/dags/00_hello_world.py
[2026-09-10T21:28:23.947+0000] {processor.py:914} INFO - Processing file /opt/airflow/dags/00_hello_world.py for tasks to queue
[2026-09-10T21:28:23.950+0000] {logging_mixin.py:190} INFO - [2026-09-10T21:28:23.949+0000] {dagbag.py:588} INFO - Filling up the DagBag from /opt/airflow/dags/00_hello_world.py
[2026-09-10T21:28:23.957+0000] {processor.py:925} INFO - DAG(s) '00_hello_world' retrieved from /opt/airflow/dags/00_hello_world.py
[2026-09-10T21:28:23.986+0000] {logging_mixin.py:190} INFO - [2026-09-10T21:28:23.986+0000] {dag.py:3239} INFO - Sync 1 DAGs
[2026-09-10T21:28:24.004+0000] {logging_mixin.py:190} INFO - [2026-09-10T21:28:24.004+0000] {dag.py:4180} INFO - Setting next_dagrun for 00_hello_world to None, run_after=None
[2026-09-10T21:28:24.031+0000] {processor.py:208} INFO - Processing /opt/airflow/dags/00_hello_world.py took 0.093 seconds
[2026-09-10T21:28:54.159+0000] {processor.py:186} INFO - Started process (PID=9924) to work on /opt/airflow/dags/00_hello_world.py
[2026-09-10T21:28:54.160+0000] {processor.py:914} INFO - Processing file /opt/airflow/dags/00_hello_world.py for tasks to queue
[2026-09-10T21:28:54.164+0000] {logging_mixin.py:190} INFO - [2026-09-10T21:28:54.164+0000] {dagbag.py:588} INFO - Filling up the DagBag from /opt/airflow/dags/00_hello_world.py
[2026-09-10T21:28:54.173+0000] {processor.py:925} INFO - DAG(s) '00_hello_world' retrieved from /opt/airflow/dags/00_hello_world.py
[2026-09-10T21:28:54.201+0000] {logging_mixin.py:190} INFO - [2026-09-10T21:28:54.201+0000] {dag.py:3239} INFO - Sync 1 DAGs
[2026-09-10T21:28:54.217+0000] {logging_mixin.py:190} INFO - [2026-09-10T21:28:54.217+0000] {dag.py:4180} INFO - Setting next_dagrun for 00_hello_world to None, run_after=None
[2026-09-10T21:28:54.236+0000] {processor.py:208} INFO - Processing /opt/airflow/dags/00_hello_world.py took 0.087 seconds
[2026-09-10T21:29:24.440+0000] {processor.py:186} INFO - Started process (PID=9994) to work on /opt/airflow/dags/00_hello_world.py
[2026-09-10T21:29:24.442+0000] {processor.py:914} INFO - Processing file /opt/airflow/dags/00_hello_world.py for tasks to queue
[2026-09-10T21:29:24.444+0000] {logging_mixin.py:190} INFO - [2026-09-10T21:29:24.444+0000] {dagbag.py:588} INFO - Filling up the DagBag from /opt/airflow/dags/00_hello_world.py
[2026-09-10T21:29:24.455+0000] {processor.py:925} INFO - DAG(s) '00_hello_world' retrieved from /opt/airflow/dags/00_hello_world.py
[2026-09-10T21:29:24.482+0000] {logging_mixin.py:190} INFO - [2026-09-10T21:29:24.482+0000] {dag.py:3239} INFO - Sync 1 DAGs
[2026-09-10T21:29:24.498+0000] {logging_mixin.py:190} INFO - [2026-09-10T21:29:24.498+0000] {dag.py:4180} INFO - Setting next_dagrun for 00_hello_world to None, run_after=None
[2026-09-10T21:29:24.517+0000] {processor.py:208} INFO - Processing /opt/airflow/dags/00_hello_world.py took 0.085 seconds
[2026-09-10T21:29:54.648+0000] {processor.py:186} INFO - Started process (PID=10064) to work on /opt/airflow/dags/00_hello_world.py
[2026-09-10T21:29:54.649+0000] {processor.py:914} INFO - Processing file /opt/airflow/dags/00_hello_world.py for tasks to queue
[2026-09-10T21:29:54.652+0000] {logging_mixin.py:190} INFO - [2026-09-10T21:29:54.652+0000] {dagbag.py:588} INFO - Filling up the DagBag from /opt/airflow/dags/00_hello_world.py
[2026-09-10T21:29:54.661+0000] {processor.py:925} INFO - DAG(s) '00_hello_world' retrieved from /opt/airflow/dags/00_hello_world.py
[2026-09-10T21:29:54.688+0000] {logging_mixin.py:190} INFO - [2026-09-10T21:29:54.688+0000] {dag.py:3239} INFO - Sync 1 DAGs
[2026-09-10T21:29:54.703+0000] {logging_mixin.py:190} INFO - [2026-09-10T21:29:54.703+0000] {dag.py:4180} INFO - Setting next_dagrun for 00_hello_world to None, run_after=None
[2026-09-10T21:29:54.726+0000] {processor.py:208} INFO - Processing /opt/airflow/dags/00_hello_world.py took 0.087 seconds
[2026-09-10T21:30:24.981+0000] {processor.py:186} INFO - Started process (PID=10134) to work on /opt/airflow/dags/00_hello_world.py
[2026-09-10T21:30:24.983+0000] {processor.py:914} INFO - Processing file /opt/airflow/dags/00_hello_world.py for tasks to queue
[2026-09-10T21:30:24.985+0000] {logging_mixin.py:190} INFO - [2026-09-10T21:30:24.985+0000] {dagbag.py:588} INFO - Filling up the DagBag from /opt/airflow/dags/00_hello_world.py
[2026-09-10T21:30:24.992+0000] {processor.py:925} INFO - DAG(s) '00_hello_world' retrieved from /opt/airflow/dags/00_hello_world.py
[2026-09-10T21:30:25.022+0000] {logging_mixin.py:190} INFO - [2026-09-10T21:30:25.021+0000] {dag.py:3239} INFO - Sync 1 DAGs
[2026-09-10T21:30:25.036+0000] {logging_mixin.py:190} INFO - [2026-09-10T21:30:25.036+0000] {dag.py:4180} INFO - Setting next_dagrun for 00_hello_world to None, run_after=None
[2026-09-10T21:30:25.055+0000] {processor.py:208} INFO - Processing /opt/airflow/dags/00_hello_world.py took 0.082 seconds
[2026-09-10T21:30:55.210+0000] {processor.py:186} INFO - Started process (PID=10204) to work on /opt/airflow/dags/00_hello_world.py
[2026-09-10T21:30:55.211+0000] {processor.py:914} INFO - Processing file /opt/airflow/dags/00_hello_world.py for tasks to queue
[2026-09-10T21:30:55.214+0000] {logging_mixin.py:190} INFO - [2026-09-10T21:30:55.214+0000] {dagbag.py:588} INFO - Filling up the DagBag from /opt/airflow/dags/00_hello_world.py
[2026-09-10T21:30:55.223+0000] {processor.py:925} INFO - DAG(s) '00_hello_world' retrieved from /opt/airflow/dags/00_hello_world.py
[2026-09-10T21:30:55.251+0000] {logging_mixin.py:190} INFO - [2026-09-10T21:30:55.251+0000] {dag.py:3239} INFO - Sync 1 DAGs
[2026-09-10T21:30:55.266+0000] {logging_mixin.py:190} INFO - [2026-09-10T21:30:55.266+0000] {dag.py:4180} INFO - Setting next_dagrun for 00_hello_world to None, run_after=None
[2026-09-10T21:30:55.287+0000] {processor.py:208} INFO - Processing /opt/airflow/dags/00_hello_world.py took 0.085 seconds
[2026-09-10T21:31:25.441+0000] {processor.py:186} INFO - Started process (PID=10274) to work on /opt/airflow/dags/00_hello_world.py
[2026-09-10T21:31:25.443+0000] {processor.py:914} INFO - Processing file /opt/airflow/dags/00_hello_world.py for tasks to queue
[2026-09-10T21:31:25.446+0000] {logging_mixin.py:190} INFO - [2026-09-10T21:31:25.445+0000] {dagbag.py:588} INFO - Filling up the DagBag from /opt/airflow/dags/00_hello_world.py
[2026-09-10T21:31:25.454+0000] {processor.py:925} INFO - DAG(s) '00_hello_world' retrieved from /opt/airflow/dags/00_hello_world.py
[2026-09-10T21:31:25.481+0000] {logging_mixin.py:190} INFO - [2026-09-10T21:31:25.481+0000] {dag.py:3239} INFO - Sync 1 DAGs
[2026-09-10T21:31:25.497+0000] {logging_mixin.py:190} INFO - [2026-09-10T21:31:25.497+0000] {dag.py:4180} INFO - Setting next_dagrun for 00_hello_world to None, run_after=None
[2026-09-10T21:31:25.519+0000] {processor.py:208} INFO - Processing /opt/airflow/dags/00_hello_world.py took 0.086 seconds
[2026-09-10T21:31:55.572+0000] {processor.py:186} INFO - Started process (PID=10344) to work on /opt/airflow/dags/00_hello_world.py
[2026-09-10T21:31:55.572+0000] {processor.py:914} INFO - Processing file /opt/airflow/dags/00_hello_world.py for tasks to queue
[2026-09-10T21:31:55.575+0000] {logging_mixin.py:190} INFO - [2026-09-10T21:31:55.575+0000] {dagbag.py:588} INFO - Filling up the DagBag from /opt/airflow/dags/00_hello_world.py
[2026-09-10T21:31:55.584+0000] {processor.py:925} INFO - DAG(s) '00_hello_world' retrieved from /opt/airflow/dags/00_hello_world.py
[2026-09-10T21:31:55.611+0000] {logging_mixin.py:190} INFO - [2026-09-10T21:31:55.611+0000] {dag.py:3239} INFO - Sync 1 DAGs
[2026-09-10T21:31:55.626+0000] {logging_mixin.py:190} INFO - [2026-09-10T21:31:55.626+0000] {dag.py:4180} INFO - Setting next_dagrun for 00_hello_world to None, run_after=None
[2026-09-10T21:31:55.644+0000] {processor.py:208} INFO - Processing /opt/airflow/dags/00_hello_world.py took 0.082 seconds
[2026-09-10T21:32:25.857+0000] {processor.py:186} INFO - Started process (PID=10414) to work on /opt/airflow/dags/00_hello_world.py
[2026-09-10T21:32:25.859+0000] {processor.py:914} INFO - Processing file /opt/airflow/dags/00_hello_world.py for tasks to queue
[2026-09-10T21:32:25.862+0000] {logging_mixin.py:190} INFO - [2026-09-10T21:32:25.861+0000] {dagbag.py:588} INFO - Filling up the DagBag from /opt/airflow/dags/00_hello_world.py
[2026-09-10T21:32:25.869+0000] {processor.py:925} INFO - DAG(s) '00_hello_world' retrieved from /opt/airflow/dags/00_hello_world.py
[2026-09-10T21:32:25.895+0000] {logging_mixin.py:190} INFO - [2026-09-10T21:32:25.894+0000] {dag.py:3239} INFO - Sync 1 DAGs
[2026-09-10T21:32:25.909+0000] {logging_mixin.py:190} INFO - [2026-09-10T21:32:25.909+0000] {dag.py:4180} INFO - Setting next_dagrun for 00_hello_world to None, run_after=None
[2026-09-10T21:32:25.927+0000] {processor.py:208} INFO - Processing /opt/airflow/dags/00_hello_world.py took 0.078 seconds
[2026-09-10T21:32:56.107+0000] {processor.py:186} INFO - Started process (PID=10484) to work on /opt/airflow/dags/00_hello_world.py
[2026-09-10T21:32:56.108+0000] {processor.py:914} INFO - Processing file /opt/airflow/dags/00_hello_world.py for tasks to queue
[2026-09-10T21:32:56.110+0000] {logging_mixin.py:190} INFO - [2026-09-10T21:32:56.110+0000] {dagbag.py:588} INFO - Filling up the DagBag from /opt/airflow/dags/00_hello_world.py
[2026-09-10T21:32:56.118+0000] {processor.py:925} INFO - DAG(s) '00_hello_world' retrieved from /opt/airflow/dags/00_hello_world.py
[2026-09-10T21:32:56.141+0000] {logging_mixin.py:190} INFO - [2026-09-10T21:32:56.141+0000] {dag.py:3239} INFO - Sync 1 DAGs
[2026-09-10T21:32:56.154+0000] {logging_mixin.py:190} INFO - [2026-09-10T21:32:56.154+0000] {dag.py:4180} INFO - Setting next_dagrun for 00_hello_world to None, run_after=None
[2026-09-10T21:32:56.170+0000] {processor.py:208} INFO - Processing /opt/airflow/dags/00_hello_world.py took 0.069 seconds
[2026-09-10T21:33:26.292+0000] {processor.py:186} INFO - Started process (PID=10554) to work on /opt/airflow/dags/00_hello_world.py
[2026-09-10T21:33:26.294+0000] {processor.py:914} INFO - Processing file /opt/airflow/dags/00_hello_world.py for tasks to queue
[2026-09-10T21:33:26.297+0000] {logging_mixin.py:190} INFO - [2026-09-10T21:33:26.297+0000] {dagbag.py:588} INFO - Filling up the DagBag from /opt/airflow/dags/00_hello_world.py
[2026-09-10T21:33:26.305+0000] {processor.py:925} INFO - DAG(s) '00_hello_world' retrieved from /opt/airflow/dags/00_hello_world.py
[2026-09-10T21:33:26.330+0000] {logging_mixin.py:190} INFO - [2026-09-10T21:33:26.330+0000] {dag.py:3239} INFO - Sync 1 DAGs
[2026-09-10T21:33:26.344+0000] {logging_mixin.py:190} INFO - [2026-09-10T21:33:26.344+0000] {dag.py:4180} INFO - Setting next_dagrun for 00_hello_world to None, run_after=None
[2026-09-10T21:33:26.362+0000] {processor.py:208} INFO - Processing /opt/airflow/dags/00_hello_world.py took 0.080 seconds
[2026-09-10T21:33:56.425+0000] {processor.py:186} INFO - Started process (PID=10624) to work on /opt/airflow/dags/00_hello_world.py
[2026-09-10T21:33:56.426+0000] {processor.py:914} INFO - Processing file /opt/airflow/dags/00_hello_world.py for tasks to queue
[2026-09-10T21:33:56.428+0000] {logging_mixin.py:190} INFO - [2026-09-10T21:33:56.428+0000] {dagbag.py:588} INFO - Filling up the DagBag from /opt/airflow/dags/00_hello_world.py
[2026-09-10T21:33:56.437+0000] {processor.py:925} INFO - DAG(s) '00_hello_world' retrieved from /opt/airflow/dags/00_hello_world.py
[2026-09-10T21:33:56.464+0000] {logging_mixin.py:190} INFO - [2026-09-10T21:33:56.463+0000] {dag.py:3239} INFO - Sync 1 DAGs
[2026-09-10T21:33:56.478+0000] {logging_mixin.py:190} INFO - [2026-09-10T21:33:56.478+0000] {dag.py:4180} INFO - Setting next_dagrun for 00_hello_world to None, run_after=None
[2026-09-10T21:33:56.496+0000] {processor.py:208} INFO - Processing /opt/airflow/dags/00_hello_world.py took 0.081 seconds
[2026-09-10T21:34:26.582+0000] {processor.py:186} INFO - Started process (PID=10694) to work on /opt/airflow/dags/00_hello_world.py
[2026-09-10T21:34:26.583+0000] {processor.py:914} INFO - Processing file /opt/airflow/dags/00_hello_world.py for tasks to queue
[2026-09-10T21:34:26.586+0000] {logging_mixin.py:190} INFO - [2026-09-10T21:34:26.586+0000] {dagbag.py:588} INFO - Filling up the DagBag from /opt/airflow/dags/00_hello_world.py
[2026-09-10T21:34:26.594+0000] {processor.py:925} INFO - DAG(s) '00_hello_world' retrieved from /opt/airflow/dags/00_hello_world.py
[2026-09-10T21:34:26.621+0000] {logging_mixin.py:190} INFO - [2026-09-10T21:34:26.621+0000] {dag.py:3239} INFO - Sync 1 DAGs
[2026-09-10T21:34:26.640+0000] {logging_mixin.py:190} INFO - [2026-09-10T21:34:26.639+0000] {dag.py:4180} INFO - Setting next_dagrun for 00_hello_world to None, run_after=None
[2026-09-10T21:34:26.657+0000] {processor.py:208} INFO - Processing /opt/airflow/dags/00_hello_world.py took 0.083 seconds
[2026-09-10T21:34:56.817+0000] {processor.py:186} INFO - Started process (PID=10764) to work on /opt/airflow/dags/00_hello_world.py
[2026-09-10T21:34:56.820+0000] {processor.py:914} INFO - Processing file /opt/airflow/dags/00_hello_world.py for tasks to queue
[2026-09-10T21:34:56.830+0000] {logging_mixin.py:190} INFO - [2026-09-10T21:34:56.829+0000] {dagbag.py:588} INFO - Filling up the DagBag from /opt/airflow/dags/00_hello_world.py
[2026-09-10T21:34:56.844+0000] {processor.py:925} INFO - DAG(s) '00_hello_world' retrieved from /opt/airflow/dags/00_hello_world.py
[2026-09-10T21:34:56.880+0000] {logging_mixin.py:190} INFO - [2026-09-10T21:34:56.880+0000] {dag.py:3239} INFO - Sync 1 DAGs
[2026-09-10T21:34:56.900+0000] {logging_mixin.py:190} INFO - [2026-09-10T21:34:56.899+0000] {dag.py:4180} INFO - Setting next_dagrun for 00_hello_world to None, run_after=None
[2026-09-10T21:34:56.943+0000] {processor.py:208} INFO - Processing /opt/airflow/dags/00_hello_world.py took 0.151 seconds
[2026-09-10T21:35:27.421+0000] {processor.py:186} INFO - Started process (PID=10834) to work on /opt/airflow/dags/00_hello_world.py
[2026-09-10T21:35:27.423+0000] {processor.py:914} INFO - Processing file /opt/airflow/dags/00_hello_world.py for tasks to queue
[2026-09-10T21:35:27.425+0000] {logging_mixin.py:190} INFO - [2026-09-10T21:35:27.425+0000] {dagbag.py:588} INFO - Filling up the DagBag from /opt/airflow/dags/00_hello_world.py
[2026-09-10T21:35:27.437+0000] {processor.py:925} INFO - DAG(s) '00_hello_world' retrieved from /opt/airflow/dags/00_hello_world.py
[2026-09-10T21:35:27.476+0000] {logging_mixin.py:190} INFO - [2026-09-10T21:35:27.476+0000] {dag.py:3239} INFO - Sync 1 DAGs
[2026-09-10T21:35:27.502+0000] {logging_mixin.py:190} INFO - [2026-09-10T21:35:27.501+0000] {dag.py:4180} INFO - Setting next_dagrun for 00_hello_world to None, run_after=None
[2026-09-10T21:35:27.531+0000] {processor.py:208} INFO - Processing /opt/airflow/dags/00_hello_world.py took 0.120 seconds
[2026-09-10T21:35:57.666+0000] {processor.py:186} INFO - Started process (PID=10904) to work on /opt/airflow/dags/00_hello_world.py
[2026-09-10T21:35:57.667+0000] {processor.py:914} INFO - Processing file /opt/airflow/dags/00_hello_world.py for tasks to queue
[2026-09-10T21:35:57.670+0000] {logging_mixin.py:190} INFO - [2026-09-10T21:35:57.670+0000] {dagbag.py:588} INFO - Filling up the DagBag from /opt/airflow/dags/00_hello_world.py
[2026-09-10T21:35:57.679+0000] {processor.py:925} INFO - DAG(s) '00_hello_world' retrieved from /opt/airflow/dags/00_hello_world.py
[2026-09-10T21:35:57.707+0000] {logging_mixin.py:190} INFO - [2026-09-10T21:35:57.707+0000] {dag.py:3239} INFO - Sync 1 DAGs
[2026-09-10T21:35:57.721+0000] {logging_mixin.py:190} INFO - [2026-09-10T21:35:57.721+0000] {dag.py:4180} INFO - Setting next_dagrun for 00_hello_world to None, run_after=None
[2026-09-10T21:35:57.740+0000] {processor.py:208} INFO - Processing /opt/airflow/dags/00_hello_world.py took 0.080 seconds
[2026-09-10T21:36:27.899+0000] {processor.py:186} INFO - Started process (PID=10974) to work on /opt/airflow/dags/00_hello_world.py
[2026-09-10T21:36:27.902+0000] {processor.py:914} INFO - Processing file /opt/airflow/dags/00_hello_world.py for tasks to queue
[2026-09-10T21:36:27.905+0000] {logging_mixin.py:190} INFO - [2026-09-10T21:36:27.905+0000] {dagbag.py:588} INFO - Filling up the DagBag from /opt/airflow/dags/00_hello_world.py
[2026-09-10T21:36:27.916+0000] {processor.py:925} INFO - DAG(s) '00_hello_world' retrieved from /opt/airflow/dags/00_hello_world.py
[2026-09-10T21:36:27.943+0000] {logging_mixin.py:190} INFO - [2026-09-10T21:36:27.943+0000] {dag.py:3239} INFO - Sync 1 DAGs
[2026-09-10T21:36:27.958+0000] {logging_mixin.py:190} INFO - [2026-09-10T21:36:27.958+0000] {dag.py:4180} INFO - Setting next_dagrun for 00_hello_world to None, run_after=None
[2026-09-10T21:36:27.976+0000] {processor.py:208} INFO - Processing /opt/airflow/dags/00_hello_world.py took 0.084 seconds
[2026-09-10T21:36:58.185+0000] {processor.py:186} INFO - Started process (PID=11044) to work on /opt/airflow/dags/00_hello_world.py
[2026-09-10T21:36:58.186+0000] {processor.py:914} INFO - Processing file /opt/airflow/dags/00_hello_world.py for tasks to queue
[2026-09-10T21:36:58.189+0000] {logging_mixin.py:190} INFO - [2026-09-10T21:36:58.189+0000] {dagbag.py:588} INFO - Filling up the DagBag from /opt/airflow/dags/00_hello_world.py
[2026-09-10T21:36:58.197+0000] {processor.py:925} INFO - DAG(s) '00_hello_world' retrieved from /opt/airflow/dags/00_hello_world.py
[2026-09-10T21:36:58.224+0000] {logging_mixin.py:190} INFO - [2026-09-10T21:36:58.224+0000] {dag.py:3239} INFO - Sync 1 DAGs
[2026-09-10T21:36:58.239+0000] {logging_mixin.py:190} INFO - [2026-09-10T21:36:58.239+0000] {dag.py:4180} INFO - Setting next_dagrun for 00_hello_world to None, run_after=None
[2026-09-10T21:36:58.258+0000] {processor.py:208} INFO - Processing /opt/airflow/dags/00_hello_world.py took 0.082 seconds
[2026-09-10T21:37:28.326+0000] {processor.py:186} INFO - Started process (PID=11114) to work on /opt/airflow/dags/00_hello_world.py
[2026-09-10T21:37:28.328+0000] {processor.py:914} INFO - Processing file /opt/airflow/dags/00_hello_world.py for tasks to queue
[2026-09-10T21:37:28.331+0000] {logging_mixin.py:190} INFO - [2026-09-10T21:37:28.331+0000] {dagbag.py:588} INFO - Filling up the DagBag from /opt/airflow/dags/00_hello_world.py
[2026-09-10T21:37:28.339+0000] {processor.py:925} INFO - DAG(s) '00_hello_world' retrieved from /opt/airflow/dags/00_hello_world.py
[2026-09-10T21:37:28.366+0000] {logging_mixin.py:190} INFO - [2026-09-10T21:37:28.366+0000] {dag.py:3239} INFO - Sync 1 DAGs
[2026-09-10T21:37:28.381+0000] {logging_mixin.py:190} INFO - [2026-09-10T21:37:28.380+0000] {dag.py:4180} INFO - Setting next_dagrun for 00_hello_world to None, run_after=None
[2026-09-10T21:37:28.398+0000] {processor.py:208} INFO - Processing /opt/airflow/dags/00_hello_world.py took 0.081 seconds
[2026-09-10T21:37:58.655+0000] {processor.py:186} INFO - Started process (PID=11184) to work on /opt/airflow/dags/00_hello_world.py
[2026-09-10T21:37:58.656+0000] {processor.py:914} INFO - Processing file /opt/airflow/dags/00_hello_world.py for tasks to queue
[2026-09-10T21:37:58.658+0000] {logging_mixin.py:190} INFO - [2026-09-10T21:37:58.658+0000] {dagbag.py:588} INFO - Filling up the DagBag from /opt/airflow/dags/00_hello_world.py
[2026-09-10T21:37:58.667+0000] {processor.py:925} INFO - DAG(s) '00_hello_world' retrieved from /opt/airflow/dags/00_hello_world.py
[2026-09-10T21:37:58.693+0000] {logging_mixin.py:190} INFO - [2026-09-10T21:37:58.693+0000] {dag.py:3239} INFO - Sync 1 DAGs
[2026-09-10T21:37:58.707+0000] {logging_mixin.py:190} INFO - [2026-09-10T21:37:58.707+0000] {dag.py:4180} INFO - Setting next_dagrun for 00_hello_world to None, run_after=None
[2026-09-10T21:37:58.725+0000] {processor.py:208} INFO - Processing /opt/airflow/dags/00_hello_world.py took 0.080 seconds
[2026-09-10T21:38:28.875+0000] {processor.py:186} INFO - Started process (PID=11254) to work on /opt/airflow/dags/00_hello_world.py
[2026-09-10T21:38:28.877+0000] {processor.py:914} INFO - Processing file /opt/airflow/dags/00_hello_world.py for tasks to queue
[2026-09-10T21:38:28.880+0000] {logging_mixin.py:190} INFO - [2026-09-10T21:38:28.879+0000] {dagbag.py:588} INFO - Filling up the DagBag from /opt/airflow/dags/00_hello_world.py
[2026-09-10T21:38:28.888+0000] {processor.py:925} INFO - DAG(s) '00_hello_world' retrieved from /opt/airflow/dags/00_hello_world.py
[2026-09-10T21:38:28.913+0000] {logging_mixin.py:190} INFO - [2026-09-10T21:38:28.913+0000] {dag.py:3239} INFO - Sync 1 DAGs
[2026-09-10T21:38:28.928+0000] {logging_mixin.py:190} INFO - [2026-09-10T21:38:28.927+0000] {dag.py:4180} INFO - Setting next_dagrun for 00_hello_world to None, run_after=None
[2026-09-10T21:38:28.945+0000] {processor.py:208} INFO - Processing /opt/airflow/dags/00_hello_world.py took 0.079 seconds
[2026-09-10T21:38:59.007+0000] {processor.py:186} INFO - Started process (PID=11324) to work on /opt/airflow/dags/00_hello_world.py
[2026-09-10T21:38:59.008+0000] {processor.py:914} INFO - Processing file /opt/airflow/dags/00_hello_world.py for tasks to queue
[2026-09-10T21:38:59.012+0000] {logging_mixin.py:190} INFO - [2026-09-10T21:38:59.012+0000] {dagbag.py:588} INFO - Filling up the DagBag from /opt/airflow/dags/00_hello_world.py
[2026-09-10T21:38:59.021+0000] {processor.py:925} INFO - DAG(s) '00_hello_world' retrieved from /opt/airflow/dags/00_hello_world.py
[2026-09-10T21:38:59.048+0000] {logging_mixin.py:190} INFO - [2026-09-10T21:38:59.048+0000] {dag.py:3239} INFO - Sync 1 DAGs
[2026-09-10T21:38:59.066+0000] {logging_mixin.py:190} INFO - [2026-09-10T21:38:59.066+0000] {dag.py:4180} INFO - Setting next_dagrun for 00_hello_world to None, run_after=None
[2026-09-10T21:38:59.084+0000] {processor.py:208} INFO - Processing /opt/airflow/dags/00_hello_world.py took 0.086 seconds
[2026-09-10T21:39:29.301+0000] {processor.py:186} INFO - Started process (PID=11394) to work on /opt/airflow/dags/00_hello_world.py
[2026-09-10T21:39:29.304+0000] {processor.py:914} INFO - Processing file /opt/airflow/dags/00_hello_world.py for tasks to queue
[2026-09-10T21:39:29.307+0000] {logging_mixin.py:190} INFO - [2026-09-10T21:39:29.307+0000] {dagbag.py:588} INFO - Filling up the DagBag from /opt/airflow/dags/00_hello_world.py
[2026-09-10T21:39:29.315+0000] {processor.py:925} INFO - DAG(s) '00_hello_world' retrieved from /opt/airflow/dags/00_hello_world.py
[2026-09-10T21:39:29.342+0000] {logging_mixin.py:190} INFO - [2026-09-10T21:39:29.341+0000] {dag.py:3239} INFO - Sync 1 DAGs
[2026-09-10T21:39:29.357+0000] {logging_mixin.py:190} INFO - [2026-09-10T21:39:29.357+0000] {dag.py:4180} INFO - Setting next_dagrun for 00_hello_world to None, run_after=None
[2026-09-10T21:39:29.375+0000] {processor.py:208} INFO - Processing /opt/airflow/dags/00_hello_world.py took 0.081 seconds
[2026-09-10T21:39:59.486+0000] {processor.py:186} INFO - Started process (PID=11464) to work on /opt/airflow/dags/00_hello_world.py
[2026-09-10T21:39:59.487+0000] {processor.py:914} INFO - Processing file /opt/airflow/dags/00_hello_world.py for tasks to queue
[2026-09-10T21:39:59.492+0000] {logging_mixin.py:190} INFO - [2026-09-10T21:39:59.491+0000] {dagbag.py:588} INFO - Filling up the DagBag from /opt/airflow/dags/00_hello_world.py
[2026-09-10T21:39:59.501+0000] {processor.py:925} INFO - DAG(s) '00_hello_world' retrieved from /opt/airflow/dags/00_hello_world.py
[2026-09-10T21:39:59.529+0000] {logging_mixin.py:190} INFO - [2026-09-10T21:39:59.528+0000] {dag.py:3239} INFO - Sync 1 DAGs
[2026-09-10T21:39:59.543+0000] {logging_mixin.py:190} INFO - [2026-09-10T21:39:59.543+0000] {dag.py:4180} INFO - Setting next_dagrun for 00_hello_world to None, run_after=None
[2026-09-10T21:39:59.565+0000] {processor.py:208} INFO - Processing /opt/airflow/dags/00_hello_world.py took 0.091 seconds
[2026-09-10T21:40:29.776+0000] {processor.py:186} INFO - Started process (PID=11534) to work on /opt/airflow/dags/00_hello_world.py
[2026-09-10T21:40:29.778+0000] {processor.py:914} INFO - Processing file /opt/airflow/dags/00_hello_world.py for tasks to queue
[2026-09-10T21:40:29.781+0000] {logging_mixin.py:190} INFO - [2026-09-10T21:40:29.780+0000] {dagbag.py:588} INFO - Filling up the DagBag from /opt/airflow/dags/00_hello_world.py
[2026-09-10T21:40:29.789+0000] {processor.py:925} INFO - DAG(s) '00_hello_world' retrieved from /opt/airflow/dags/00_hello_world.py
[2026-09-10T21:40:29.814+0000] {logging_mixin.py:190} INFO - [2026-09-10T21:40:29.814+0000] {dag.py:3239} INFO - Sync 1 DAGs
[2026-09-10T21:40:29.829+0000] {logging_mixin.py:190} INFO - [2026-09-10T21:40:29.828+0000] {dag.py:4180} INFO - Setting next_dagrun for 00_hello_world to None, run_after=None
[2026-09-10T21:40:29.846+0000] {processor.py:208} INFO - Processing /opt/airflow/dags/00_hello_world.py took 0.079 seconds
[2026-09-10T21:40:59.987+0000] {processor.py:186} INFO - Started process (PID=11604) to work on /opt/airflow/dags/00_hello_world.py
[2026-09-10T21:40:59.988+0000] {processor.py:914} INFO - Processing file /opt/airflow/dags/00_hello_world.py for tasks to queue
[2026-09-10T21:40:59.991+0000] {logging_mixin.py:190} INFO - [2026-09-10T21:40:59.990+0000] {dagbag.py:588} INFO - Filling up the DagBag from /opt/airflow/dags/00_hello_world.py
[2026-09-10T21:40:59.999+0000] {processor.py:925} INFO - DAG(s) '00_hello_world' retrieved from /opt/airflow/dags/00_hello_world.py
[2026-09-10T21:41:00.027+0000] {logging_mixin.py:190} INFO - [2026-09-10T21:41:00.027+0000] {dag.py:3239} INFO - Sync 1 DAGs
[2026-09-10T21:41:00.042+0000] {logging_mixin.py:190} INFO - [2026-09-10T21:41:00.042+0000] {dag.py:4180} INFO - Setting next_dagrun for 00_hello_world to None, run_after=None
[2026-09-10T21:41:00.060+0000] {processor.py:208} INFO - Processing /opt/airflow/dags/00_hello_world.py took 0.081 seconds
[2026-09-10T21:41:30.221+0000] {processor.py:186} INFO - Started process (PID=11674) to work on /opt/airflow/dags/00_hello_world.py
[2026-09-10T21:41:30.223+0000] {processor.py:914} INFO - Processing file /opt/airflow/dags/00_hello_world.py for tasks to queue
[2026-09-10T21:41:30.225+0000] {logging_mixin.py:190} INFO - [2026-09-10T21:41:30.225+0000] {dagbag.py:588} INFO - Filling up the DagBag from /opt/airflow/dags/00_hello_world.py
[2026-09-10T21:41:30.234+0000] {processor.py:925} INFO - DAG(s) '00_hello_world' retrieved from /opt/airflow/dags/00_hello_world.py
[2026-09-10T21:41:30.264+0000] {logging_mixin.py:190} INFO - [2026-09-10T21:41:30.264+0000] {dag.py:3239} INFO - Sync 1 DAGs
[2026-09-10T21:41:30.280+0000] {logging_mixin.py:190} INFO - [2026-09-10T21:41:30.280+0000] {dag.py:4180} INFO - Setting next_dagrun for 00_hello_world to None, run_after=None
[2026-09-10T21:41:30.304+0000] {processor.py:208} INFO - Processing /opt/airflow/dags/00_hello_world.py took 0.092 seconds
[2026-09-10T21:42:00.415+0000] {processor.py:186} INFO - Started process (PID=11744) to work on /opt/airflow/dags/00_hello_world.py
[2026-09-10T21:42:00.416+0000] {processor.py:914} INFO - Processing file /opt/airflow/dags/00_hello_world.py for tasks to queue
[2026-09-10T21:42:00.418+0000] {logging_mixin.py:190} INFO - [2026-09-10T21:42:00.417+0000] {dagbag.py:588} INFO - Filling up the DagBag from /opt/airflow/dags/00_hello_world.py
[2026-09-10T21:42:00.425+0000] {processor.py:925} INFO - DAG(s) '00_hello_world' retrieved from /opt/airflow/dags/00_hello_world.py
[2026-09-10T21:42:00.456+0000] {logging_mixin.py:190} INFO - [2026-09-10T21:42:00.456+0000] {dag.py:3239} INFO - Sync 1 DAGs
[2026-09-10T21:42:00.471+0000] {logging_mixin.py:190} INFO - [2026-09-10T21:42:00.471+0000] {dag.py:4180} INFO - Setting next_dagrun for 00_hello_world to None, run_after=None
[2026-09-10T21:42:00.495+0000] {processor.py:208} INFO - Processing /opt/airflow/dags/00_hello_world.py took 0.086 seconds
[2026-09-10T21:42:30.717+0000] {processor.py:186} INFO - Started process (PID=11814) to work on /opt/airflow/dags/00_hello_world.py
[2026-09-10T21:42:30.719+0000] {processor.py:914} INFO - Processing file /opt/airflow/dags/00_hello_world.py for tasks to queue
[2026-09-10T21:42:30.722+0000] {logging_mixin.py:190} INFO - [2026-09-10T21:42:30.722+0000] {dagbag.py:588} INFO - Filling up the DagBag from /opt/airflow/dags/00_hello_world.py
[2026-09-10T21:42:30.732+0000] {processor.py:925} INFO - DAG(s) '00_hello_world' retrieved from /opt/airflow/dags/00_hello_world.py
[2026-09-10T21:42:30.761+0000] {logging_mixin.py:190} INFO - [2026-09-10T21:42:30.761+0000] {dag.py:3239} INFO - Sync 1 DAGs
[2026-09-10T21:42:30.778+0000] {logging_mixin.py:190} INFO - [2026-09-10T21:42:30.777+0000] {dag.py:4180} INFO - Setting next_dagrun for 00_hello_world to None, run_after=None
[2026-09-10T21:42:30.799+0000] {processor.py:208} INFO - Processing /opt/airflow/dags/00_hello_world.py took 0.090 seconds
[2026-09-10T21:43:00.888+0000] {processor.py:186} INFO - Started process (PID=11884) to work on /opt/airflow/dags/00_hello_world.py
[2026-09-10T21:43:00.888+0000] {processor.py:914} INFO - Processing file /opt/airflow/dags/00_hello_world.py for tasks to queue
[2026-09-10T21:43:00.891+0000] {logging_mixin.py:190} INFO - [2026-09-10T21:43:00.891+0000] {dagbag.py:588} INFO - Filling up the DagBag from /opt/airflow/dags/00_hello_world.py
[2026-09-10T21:43:00.899+0000] {processor.py:925} INFO - DAG(s) '00_hello_world' retrieved from /opt/airflow/dags/00_hello_world.py
[2026-09-10T21:43:00.937+0000] {logging_mixin.py:190} INFO - [2026-09-10T21:43:00.937+0000] {dag.py:3239} INFO - Sync 1 DAGs
[2026-09-10T21:43:00.954+0000] {logging_mixin.py:190} INFO - [2026-09-10T21:43:00.954+0000] {dag.py:4180} INFO - Setting next_dagrun for 00_hello_world to None, run_after=None
[2026-09-10T21:43:00.974+0000] {processor.py:208} INFO - Processing /opt/airflow/dags/00_hello_world.py took 0.096 seconds
[2026-09-10T21:43:31.252+0000] {processor.py:186} INFO - Started process (PID=11954) to work on /opt/airflow/dags/00_hello_world.py
[2026-09-10T21:43:31.254+0000] {processor.py:914} INFO - Processing file /opt/airflow/dags/00_hello_world.py for tasks to queue
[2026-09-10T21:43:31.256+0000] {logging_mixin.py:190} INFO - [2026-09-10T21:43:31.256+0000] {dagbag.py:588} INFO - Filling up the DagBag from /opt/airflow/dags/00_hello_world.py
[2026-09-10T21:43:31.264+0000] {processor.py:925} INFO - DAG(s) '00_hello_world' retrieved from /opt/airflow/dags/00_hello_world.py
[2026-09-10T21:43:31.290+0000] {logging_mixin.py:190} INFO - [2026-09-10T21:43:31.290+0000] {dag.py:3239} INFO - Sync 1 DAGs
[2026-09-10T21:43:31.304+0000] {logging_mixin.py:190} INFO - [2026-09-10T21:43:31.304+0000] {dag.py:4180} INFO - Setting next_dagrun for 00_hello_world to None, run_after=None
[2026-09-10T21:43:31.323+0000] {processor.py:208} INFO - Processing /opt/airflow/dags/00_hello_world.py took 0.080 seconds
[2026-09-10T21:44:01.416+0000] {processor.py:186} INFO - Started process (PID=12024) to work on /opt/airflow/dags/00_hello_world.py
[2026-09-10T21:44:01.417+0000] {processor.py:914} INFO - Processing file /opt/airflow/dags/00_hello_world.py for tasks to queue
[2026-09-10T21:44:01.419+0000] {logging_mixin.py:190} INFO - [2026-09-10T21:44:01.419+0000] {dagbag.py:588} INFO - Filling up the DagBag from /opt/airflow/dags/00_hello_world.py
[2026-09-10T21:44:01.431+0000] {processor.py:925} INFO - DAG(s) '00_hello_world' retrieved from /opt/airflow/dags/00_hello_world.py
[2026-09-10T21:44:01.462+0000] {logging_mixin.py:190} INFO - [2026-09-10T21:44:01.461+0000] {dag.py:3239} INFO - Sync 1 DAGs
[2026-09-10T21:44:01.477+0000] {logging_mixin.py:190} INFO - [2026-09-10T21:44:01.477+0000] {dag.py:4180} INFO - Setting next_dagrun for 00_hello_world to None, run_after=None
[2026-09-10T21:44:01.498+0000] {processor.py:208} INFO - Processing /opt/airflow/dags/00_hello_world.py took 0.091 seconds
[2026-09-10T21:44:31.725+0000] {processor.py:186} INFO - Started process (PID=12094) to work on /opt/airflow/dags/00_hello_world.py
[2026-09-10T21:44:31.727+0000] {processor.py:914} INFO - Processing file /opt/airflow/dags/00_hello_world.py for tasks to queue
[2026-09-10T21:44:31.730+0000] {logging_mixin.py:190} INFO - [2026-09-10T21:44:31.729+0000] {dagbag.py:588} INFO - Filling up the DagBag from /opt/airflow/dags/00_hello_world.py
[2026-09-10T21:44:31.737+0000] {processor.py:925} INFO - DAG(s) '00_hello_world' retrieved from /opt/airflow/dags/00_hello_world.py
[2026-09-10T21:44:31.763+0000] {logging_mixin.py:190} INFO - [2026-09-10T21:44:31.763+0000] {dag.py:3239} INFO - Sync 1 DAGs
[2026-09-10T21:44:31.777+0000] {logging_mixin.py:190} INFO - [2026-09-10T21:44:31.777+0000] {dag.py:4180} INFO - Setting next_dagrun for 00_hello_world to None, run_after=None
[2026-09-10T21:44:31.795+0000] {processor.py:208} INFO - Processing /opt/airflow/dags/00_hello_world.py took 0.080 seconds
[2026-09-10T21:45:01.944+0000] {processor.py:186} INFO - Started process (PID=12164) to work on /opt/airflow/dags/00_hello_world.py
[2026-09-10T21:45:01.945+0000] {processor.py:914} INFO - Processing file /opt/airflow/dags/00_hello_world.py for tasks to queue
[2026-09-10T21:45:01.948+0000] {logging_mixin.py:190} INFO - [2026-09-10T21:45:01.948+0000] {dagbag.py:588} INFO - Filling up the DagBag from /opt/airflow/dags/00_hello_world.py
[2026-09-10T21:45:01.957+0000] {processor.py:925} INFO - DAG(s) '00_hello_world' retrieved from /opt/airflow/dags/00_hello_world.py
[2026-09-10T21:45:01.985+0000] {logging_mixin.py:190} INFO - [2026-09-10T21:45:01.985+0000] {dag.py:3239} INFO - Sync 1 DAGs
[2026-09-10T21:45:02.004+0000] {logging_mixin.py:190} INFO - [2026-09-10T21:45:02.003+0000] {dag.py:4180} INFO - Setting next_dagrun for 00_hello_world to None, run_after=None
[2026-09-10T21:45:02.030+0000] {processor.py:208} INFO - Processing /opt/airflow/dags/00_hello_world.py took 0.096 seconds
[2026-09-10T21:45:32.577+0000] {processor.py:186} INFO - Started process (PID=12234) to work on /opt/airflow/dags/00_hello_world.py
[2026-09-10T21:45:32.579+0000] {processor.py:914} INFO - Processing file /opt/airflow/dags/00_hello_world.py for tasks to queue
[2026-09-10T21:45:32.583+0000] {logging_mixin.py:190} INFO - [2026-09-10T21:45:32.582+0000] {dagbag.py:588} INFO - Filling up the DagBag from /opt/airflow/dags/00_hello_world.py
[2026-09-10T21:45:32.595+0000] {processor.py:925} INFO - DAG(s) '00_hello_world' retrieved from /opt/airflow/dags/00_hello_world.py
[2026-09-10T21:45:32.627+0000] {logging_mixin.py:190} INFO - [2026-09-10T21:45:32.627+0000] {dag.py:3239} INFO - Sync 1 DAGs
[2026-09-10T21:45:32.642+0000] {logging_mixin.py:190} INFO - [2026-09-10T21:45:32.642+0000] {dag.py:4180} INFO - Setting next_dagrun for 00_hello_world to None, run_after=None
[2026-09-10T21:45:32.664+0000] {processor.py:208} INFO - Processing /opt/airflow/dags/00_hello_world.py took 0.111 seconds
[2026-09-10T21:46:03.018+0000] {processor.py:186} INFO - Started process (PID=12304) to work on /opt/airflow/dags/00_hello_world.py
[2026-09-10T21:46:03.019+0000] {processor.py:914} INFO - Processing file /opt/airflow/dags/00_hello_world.py for tasks to queue
[2026-09-10T21:46:03.022+0000] {logging_mixin.py:190} INFO - [2026-09-10T21:46:03.021+0000] {dagbag.py:588} INFO - Filling up the DagBag from /opt/airflow/dags/00_hello_world.py
[2026-09-10T21:46:03.030+0000] {processor.py:925} INFO - DAG(s) '00_hello_world' retrieved from /opt/airflow/dags/00_hello_world.py
[2026-09-10T21:46:03.059+0000] {logging_mixin.py:190} INFO - [2026-09-10T21:46:03.058+0000] {dag.py:3239} INFO - Sync 1 DAGs
[2026-09-10T21:46:03.073+0000] {logging_mixin.py:190} INFO - [2026-09-10T21:46:03.073+0000] {dag.py:4180} INFO - Setting next_dagrun for 00_hello_world to None, run_after=None
[2026-09-10T21:46:03.091+0000] {processor.py:208} INFO - Processing /opt/airflow/dags/00_hello_world.py took 0.083 seconds
[2026-09-10T21:46:33.226+0000] {processor.py:186} INFO - Started process (PID=12374) to work on /opt/airflow/dags/00_hello_world.py
[2026-09-10T21:46:33.228+0000] {processor.py:914} INFO - Processing file /opt/airflow/dags/00_hello_world.py for tasks to queue
[2026-09-10T21:46:33.231+0000] {logging_mixin.py:190} INFO - [2026-09-10T21:46:33.231+0000] {dagbag.py:588} INFO - Filling up the DagBag from /opt/airflow/dags/00_hello_world.py
[2026-09-10T21:46:33.239+0000] {processor.py:925} INFO - DAG(s) '00_hello_world' retrieved from /opt/airflow/dags/00_hello_world.py
[2026-09-10T21:46:33.264+0000] {logging_mixin.py:190} INFO - [2026-09-10T21:46:33.264+0000] {dag.py:3239} INFO - Sync 1 DAGs
[2026-09-10T21:46:33.280+0000] {logging_mixin.py:190} INFO - [2026-09-10T21:46:33.280+0000] {dag.py:4180} INFO - Setting next_dagrun for 00_hello_world to None, run_after=None
[2026-09-10T21:46:33.298+0000] {processor.py:208} INFO - Processing /opt/airflow/dags/00_hello_world.py took 0.080 seconds
[2026-09-10T21:47:03.513+0000] {processor.py:186} INFO - Started process (PID=12444) to work on /opt/airflow/dags/00_hello_world.py
[2026-09-10T21:47:03.514+0000] {processor.py:914} INFO - Processing file /opt/airflow/dags/00_hello_world.py for tasks to queue
[2026-09-10T21:47:03.517+0000] {logging_mixin.py:190} INFO - [2026-09-10T21:47:03.517+0000] {dagbag.py:588} INFO - Filling up the DagBag from /opt/airflow/dags/00_hello_world.py
[2026-09-10T21:47:03.525+0000] {processor.py:925} INFO - DAG(s) '00_hello_world' retrieved from /opt/airflow/dags/00_hello_world.py
[2026-09-10T21:47:03.552+0000] {logging_mixin.py:190} INFO - [2026-09-10T21:47:03.552+0000] {dag.py:3239} INFO - Sync 1 DAGs
[2026-09-10T21:47:03.566+0000] {logging_mixin.py:190} INFO - [2026-09-10T21:47:03.566+0000] {dag.py:4180} INFO - Setting next_dagrun for 00_hello_world to None, run_after=None
[2026-09-10T21:47:03.584+0000] {processor.py:208} INFO - Processing /opt/airflow/dags/00_hello_world.py took 0.079 seconds
[2026-09-10T21:47:33.670+0000] {processor.py:186} INFO - Started process (PID=12514) to work on /opt/airflow/dags/00_hello_world.py
[2026-09-10T21:47:33.672+0000] {processor.py:914} INFO - Processing file /opt/airflow/dags/00_hello_world.py for tasks to queue
[2026-09-10T21:47:33.675+0000] {logging_mixin.py:190} INFO - [2026-09-10T21:47:33.674+0000] {dagbag.py:588} INFO - Filling up the DagBag from /opt/airflow/dags/00_hello_world.py
[2026-09-10T21:47:33.683+0000] {processor.py:925} INFO - DAG(s) '00_hello_world' retrieved from /opt/airflow/dags/00_hello_world.py
[2026-09-10T21:47:33.710+0000] {logging_mixin.py:190} INFO - [2026-09-10T21:47:33.710+0000] {dag.py:3239} INFO - Sync 1 DAGs
[2026-09-10T21:47:33.725+0000] {logging_mixin.py:190} INFO - [2026-09-10T21:47:33.724+0000] {dag.py:4180} INFO - Setting next_dagrun for 00_hello_world to None, run_after=None
[2026-09-10T21:47:33.752+0000] {processor.py:208} INFO - Processing /opt/airflow/dags/00_hello_world.py took 0.090 seconds
[2026-09-10T21:48:03.875+0000] {processor.py:186} INFO - Started process (PID=12584) to work on /opt/airflow/dags/00_hello_world.py
[2026-09-10T21:48:03.876+0000] {processor.py:914} INFO - Processing file /opt/airflow/dags/00_hello_world.py for tasks to queue
[2026-09-10T21:48:03.878+0000] {logging_mixin.py:190} INFO - [2026-09-10T21:48:03.878+0000] {dagbag.py:588} INFO - Filling up the DagBag from /opt/airflow/dags/00_hello_world.py
[2026-09-10T21:48:03.886+0000] {processor.py:925} INFO - DAG(s) '00_hello_world' retrieved from /opt/airflow/dags/00_hello_world.py
[2026-09-10T21:48:03.912+0000] {logging_mixin.py:190} INFO - [2026-09-10T21:48:03.912+0000] {dag.py:3239} INFO - Sync 1 DAGs
[2026-09-10T21:48:03.926+0000] {logging_mixin.py:190} INFO - [2026-09-10T21:48:03.926+0000] {dag.py:4180} INFO - Setting next_dagrun for 00_hello_world to None, run_after=None
[2026-09-10T21:48:03.946+0000] {processor.py:208} INFO - Processing /opt/airflow/dags/00_hello_world.py took 0.079 seconds
[2026-09-10T21:48:34.244+0000] {processor.py:186} INFO - Started process (PID=12654) to work on /opt/airflow/dags/00_hello_world.py
[2026-09-10T21:48:34.247+0000] {processor.py:914} INFO - Processing file /opt/airflow/dags/00_hello_world.py for tasks to queue
[2026-09-10T21:48:34.249+0000] {logging_mixin.py:190} INFO - [2026-09-10T21:48:34.249+0000] {dagbag.py:588} INFO - Filling up the DagBag from /opt/airflow/dags/00_hello_world.py
[2026-09-10T21:48:34.258+0000] {processor.py:925} INFO - DAG(s) '00_hello_world' retrieved from /opt/airflow/dags/00_hello_world.py
[2026-09-10T21:48:34.293+0000] {logging_mixin.py:190} INFO - [2026-09-10T21:48:34.293+0000] {dag.py:3239} INFO - Sync 1 DAGs
[2026-09-10T21:48:34.312+0000] {logging_mixin.py:190} INFO - [2026-09-10T21:48:34.312+0000] {dag.py:4180} INFO - Setting next_dagrun for 00_hello_world to None, run_after=None
[2026-09-10T21:48:34.337+0000] {processor.py:208} INFO - Processing /opt/airflow/dags/00_hello_world.py took 0.103 seconds
[2026-09-10T21:49:04.570+0000] {processor.py:186} INFO - Started process (PID=12724) to work on /opt/airflow/dags/00_hello_world.py
[2026-09-10T21:49:04.571+0000] {processor.py:914} INFO - Processing file /opt/airflow/dags/00_hello_world.py for tasks to queue
[2026-09-10T21:49:04.574+0000] {logging_mixin.py:190} INFO - [2026-09-10T21:49:04.573+0000] {dagbag.py:588} INFO - Filling up the DagBag from /opt/airflow/dags/00_hello_world.py
[2026-09-10T21:49:04.583+0000] {processor.py:925} INFO - DAG(s) '00_hello_world' retrieved from /opt/airflow/dags/00_hello_world.py
[2026-09-10T21:49:04.611+0000] {logging_mixin.py:190} INFO - [2026-09-10T21:49:04.610+0000] {dag.py:3239} INFO - Sync 1 DAGs
[2026-09-10T21:49:04.626+0000] {logging_mixin.py:190} INFO - [2026-09-10T21:49:04.626+0000] {dag.py:4180} INFO - Setting next_dagrun for 00_hello_world to None, run_after=None
[2026-09-10T21:49:04.646+0000] {processor.py:208} INFO - Processing /opt/airflow/dags/00_hello_world.py took 0.086 seconds
[2026-09-10T21:49:34.957+0000] {processor.py:186} INFO - Started process (PID=12794) to work on /opt/airflow/dags/00_hello_world.py
[2026-09-10T21:49:34.959+0000] {processor.py:914} INFO - Processing file /opt/airflow/dags/00_hello_world.py for tasks to queue
[2026-09-10T21:49:34.961+0000] {logging_mixin.py:190} INFO - [2026-09-10T21:49:34.961+0000] {dagbag.py:588} INFO - Filling up the DagBag from /opt/airflow/dags/00_hello_world.py
[2026-09-10T21:49:34.970+0000] {processor.py:925} INFO - DAG(s) '00_hello_world' retrieved from /opt/airflow/dags/00_hello_world.py
[2026-09-10T21:49:34.997+0000] {logging_mixin.py:190} INFO - [2026-09-10T21:49:34.997+0000] {dag.py:3239} INFO - Sync 1 DAGs
[2026-09-10T21:49:35.015+0000] {logging_mixin.py:190} INFO - [2026-09-10T21:49:35.015+0000] {dag.py:4180} INFO - Setting next_dagrun for 00_hello_world to None, run_after=None
[2026-09-10T21:49:35.033+0000] {processor.py:208} INFO - Processing /opt/airflow/dags/00_hello_world.py took 0.084 seconds
[2026-09-10T21:50:05.260+0000] {processor.py:186} INFO - Started process (PID=12864) to work on /opt/airflow/dags/00_hello_world.py
[2026-09-10T21:50:05.261+0000] {processor.py:914} INFO - Processing file /opt/airflow/dags/00_hello_world.py for tasks to queue
[2026-09-10T21:50:05.264+0000] {logging_mixin.py:190} INFO - [2026-09-10T21:50:05.264+0000] {dagbag.py:588} INFO - Filling up the DagBag from /opt/airflow/dags/00_hello_world.py
[2026-09-10T21:50:05.273+0000] {processor.py:925} INFO - DAG(s) '00_hello_world' retrieved from /opt/airflow/dags/00_hello_world.py
[2026-09-10T21:50:05.300+0000] {logging_mixin.py:190} INFO - [2026-09-10T21:50:05.300+0000] {dag.py:3239} INFO - Sync 1 DAGs
[2026-09-10T21:50:05.314+0000] {logging_mixin.py:190} INFO - [2026-09-10T21:50:05.314+0000] {dag.py:4180} INFO - Setting next_dagrun for 00_hello_world to None, run_after=None
[2026-09-10T21:50:05.332+0000] {processor.py:208} INFO - Processing /opt/airflow/dags/00_hello_world.py took 0.080 seconds
[2026-09-10T21:50:35.735+0000] {processor.py:186} INFO - Started process (PID=12934) to work on /opt/airflow/dags/00_hello_world.py
[2026-09-10T21:50:35.737+0000] {processor.py:914} INFO - Processing file /opt/airflow/dags/00_hello_world.py for tasks to queue
[2026-09-10T21:50:35.739+0000] {logging_mixin.py:190} INFO - [2026-09-10T21:50:35.739+0000] {dagbag.py:588} INFO - Filling up the DagBag from /opt/airflow/dags/00_hello_world.py
[2026-09-10T21:50:35.748+0000] {processor.py:925} INFO - DAG(s) '00_hello_world' retrieved from /opt/airflow/dags/00_hello_world.py
[2026-09-10T21:50:35.775+0000] {logging_mixin.py:190} INFO - [2026-09-10T21:50:35.775+0000] {dag.py:3239} INFO - Sync 1 DAGs
[2026-09-10T21:50:35.789+0000] {logging_mixin.py:190} INFO - [2026-09-10T21:50:35.789+0000] {dag.py:4180} INFO - Setting next_dagrun for 00_hello_world to None, run_after=None
[2026-09-10T21:50:35.807+0000] {processor.py:208} INFO - Processing /opt/airflow/dags/00_hello_world.py took 0.082 seconds
[2026-09-10T21:51:06.015+0000] {processor.py:186} INFO - Started process (PID=13004) to work on /opt/airflow/dags/00_hello_world.py
[2026-09-10T21:51:06.015+0000] {processor.py:914} INFO - Processing file /opt/airflow/dags/00_hello_world.py for tasks to queue
[2026-09-10T21:51:06.017+0000] {logging_mixin.py:190} INFO - [2026-09-10T21:51:06.017+0000] {dagbag.py:588} INFO - Filling up the DagBag from /opt/airflow/dags/00_hello_world.py
[2026-09-10T21:51:06.024+0000] {processor.py:925} INFO - DAG(s) '00_hello_world' retrieved from /opt/airflow/dags/00_hello_world.py
[2026-09-10T21:51:06.047+0000] {logging_mixin.py:190} INFO - [2026-09-10T21:51:06.047+0000] {dag.py:3239} INFO - Sync 1 DAGs
[2026-09-10T21:51:06.063+0000] {logging_mixin.py:190} INFO - [2026-09-10T21:51:06.062+0000] {dag.py:4180} INFO - Setting next_dagrun for 00_hello_world to None, run_after=None
[2026-09-10T21:51:06.080+0000] {processor.py:208} INFO - Processing /opt/airflow/dags/00_hello_world.py took 0.072 seconds
[2026-09-10T21:51:36.156+0000] {processor.py:186} INFO - Started process (PID=13074) to work on /opt/airflow/dags/00_hello_world.py
[2026-09-10T21:51:36.158+0000] {processor.py:914} INFO - Processing file /opt/airflow/dags/00_hello_world.py for tasks to queue
[2026-09-10T21:51:36.161+0000] {logging_mixin.py:190} INFO - [2026-09-10T21:51:36.160+0000] {dagbag.py:588} INFO - Filling up the DagBag from /opt/airflow/dags/00_hello_world.py
[2026-09-10T21:51:36.169+0000] {processor.py:925} INFO - DAG(s) '00_hello_world' retrieved from /opt/airflow/dags/00_hello_world.py
[2026-09-10T21:51:36.195+0000] {logging_mixin.py:190} INFO - [2026-09-10T21:51:36.194+0000] {dag.py:3239} INFO - Sync 1 DAGs
[2026-09-10T21:51:36.209+0000] {logging_mixin.py:190} INFO - [2026-09-10T21:51:36.208+0000] {dag.py:4180} INFO - Setting next_dagrun for 00_hello_world to None, run_after=None
[2026-09-10T21:51:36.226+0000] {processor.py:208} INFO - Processing /opt/airflow/dags/00_hello_world.py took 0.079 seconds
[2026-09-10T21:52:06.428+0000] {processor.py:186} INFO - Started process (PID=13144) to work on /opt/airflow/dags/00_hello_world.py
[2026-09-10T21:52:06.429+0000] {processor.py:914} INFO - Processing file /opt/airflow/dags/00_hello_world.py for tasks to queue
[2026-09-10T21:52:06.432+0000] {logging_mixin.py:190} INFO - [2026-09-10T21:52:06.431+0000] {dagbag.py:588} INFO - Filling up the DagBag from /opt/airflow/dags/00_hello_world.py
[2026-09-10T21:52:06.441+0000] {processor.py:925} INFO - DAG(s) '00_hello_world' retrieved from /opt/airflow/dags/00_hello_world.py
[2026-09-10T21:52:06.471+0000] {logging_mixin.py:190} INFO - [2026-09-10T21:52:06.471+0000] {dag.py:3239} INFO - Sync 1 DAGs
[2026-09-10T21:52:06.487+0000] {logging_mixin.py:190} INFO - [2026-09-10T21:52:06.487+0000] {dag.py:4180} INFO - Setting next_dagrun for 00_hello_world to None, run_after=None
[2026-09-10T21:52:06.506+0000] {processor.py:208} INFO - Processing /opt/airflow/dags/00_hello_world.py took 0.088 seconds
[2026-09-10T21:52:36.569+0000] {processor.py:186} INFO - Started process (PID=13214) to work on /opt/airflow/dags/00_hello_world.py
[2026-09-10T21:52:36.572+0000] {processor.py:914} INFO - Processing file /opt/airflow/dags/00_hello_world.py for tasks to queue
[2026-09-10T21:52:36.575+0000] {logging_mixin.py:190} INFO - [2026-09-10T21:52:36.575+0000] {dagbag.py:588} INFO - Filling up the DagBag from /opt/airflow/dags/00_hello_world.py
[2026-09-10T21:52:36.585+0000] {processor.py:925} INFO - DAG(s) '00_hello_world' retrieved from /opt/airflow/dags/00_hello_world.py
[2026-09-10T21:52:36.618+0000] {logging_mixin.py:190} INFO - [2026-09-10T21:52:36.617+0000] {dag.py:3239} INFO - Sync 1 DAGs
[2026-09-10T21:52:36.636+0000] {logging_mixin.py:190} INFO - [2026-09-10T21:52:36.635+0000] {dag.py:4180} INFO - Setting next_dagrun for 00_hello_world to None, run_after=None
[2026-09-10T21:52:36.656+0000] {processor.py:208} INFO - Processing /opt/airflow/dags/00_hello_world.py took 0.097 seconds
[2026-09-10T21:53:06.753+0000] {processor.py:186} INFO - Started process (PID=13284) to work on /opt/airflow/dags/00_hello_world.py
[2026-09-10T21:53:06.754+0000] {processor.py:914} INFO - Processing file /opt/airflow/dags/00_hello_world.py for tasks to queue
[2026-09-10T21:53:06.758+0000] {logging_mixin.py:190} INFO - [2026-09-10T21:53:06.757+0000] {dagbag.py:588} INFO - Filling up the DagBag from /opt/airflow/dags/00_hello_world.py
[2026-09-10T21:53:06.766+0000] {processor.py:925} INFO - DAG(s) '00_hello_world' retrieved from /opt/airflow/dags/00_hello_world.py
[2026-09-10T21:53:06.792+0000] {logging_mixin.py:190} INFO - [2026-09-10T21:53:06.792+0000] {dag.py:3239} INFO - Sync 1 DAGs
[2026-09-10T21:53:06.812+0000] {logging_mixin.py:190} INFO - [2026-09-10T21:53:06.811+0000] {dag.py:4180} INFO - Setting next_dagrun for 00_hello_world to None, run_after=None
[2026-09-10T21:53:06.831+0000] {processor.py:208} INFO - Processing /opt/airflow/dags/00_hello_world.py took 0.086 seconds
[2026-09-10T21:53:37.029+0000] {processor.py:186} INFO - Started process (PID=13354) to work on /opt/airflow/dags/00_hello_world.py
[2026-09-10T21:53:37.030+0000] {processor.py:914} INFO - Processing file /opt/airflow/dags/00_hello_world.py for tasks to queue
[2026-09-10T21:53:37.033+0000] {logging_mixin.py:190} INFO - [2026-09-10T21:53:37.032+0000] {dagbag.py:588} INFO - Filling up the DagBag from /opt/airflow/dags/00_hello_world.py
[2026-09-10T21:53:37.042+0000] {processor.py:925} INFO - DAG(s) '00_hello_world' retrieved from /opt/airflow/dags/00_hello_world.py
[2026-09-10T21:53:37.070+0000] {logging_mixin.py:190} INFO - [2026-09-10T21:53:37.070+0000] {dag.py:3239} INFO - Sync 1 DAGs
[2026-09-10T21:53:37.088+0000] {logging_mixin.py:190} INFO - [2026-09-10T21:53:37.087+0000] {dag.py:4180} INFO - Setting next_dagrun for 00_hello_world to None, run_after=None
[2026-09-10T21:53:37.110+0000] {processor.py:208} INFO - Processing /opt/airflow/dags/00_hello_world.py took 0.089 seconds
[2026-09-10T21:54:07.301+0000] {processor.py:186} INFO - Started process (PID=13424) to work on /opt/airflow/dags/00_hello_world.py
[2026-09-10T21:54:07.301+0000] {processor.py:914} INFO - Processing file /opt/airflow/dags/00_hello_world.py for tasks to queue
[2026-09-10T21:54:07.304+0000] {logging_mixin.py:190} INFO - [2026-09-10T21:54:07.303+0000] {dagbag.py:588} INFO - Filling up the DagBag from /opt/airflow/dags/00_hello_world.py
[2026-09-10T21:54:07.312+0000] {processor.py:925} INFO - DAG(s) '00_hello_world' retrieved from /opt/airflow/dags/00_hello_world.py
[2026-09-10T21:54:07.338+0000] {logging_mixin.py:190} INFO - [2026-09-10T21:54:07.338+0000] {dag.py:3239} INFO - Sync 1 DAGs
[2026-09-10T21:54:07.353+0000] {logging_mixin.py:190} INFO - [2026-09-10T21:54:07.352+0000] {dag.py:4180} INFO - Setting next_dagrun for 00_hello_world to None, run_after=None
[2026-09-10T21:54:07.371+0000] {processor.py:208} INFO - Processing /opt/airflow/dags/00_hello_world.py took 0.076 seconds
[2026-09-10T21:54:37.511+0000] {processor.py:186} INFO - Started process (PID=13494) to work on /opt/airflow/dags/00_hello_world.py
[2026-09-10T21:54:37.513+0000] {processor.py:914} INFO - Processing file /opt/airflow/dags/00_hello_world.py for tasks to queue
[2026-09-10T21:54:37.516+0000] {logging_mixin.py:190} INFO - [2026-09-10T21:54:37.516+0000] {dagbag.py:588} INFO - Filling up the DagBag from /opt/airflow/dags/00_hello_world.py
[2026-09-10T21:54:37.526+0000] {processor.py:925} INFO - DAG(s) '00_hello_world' retrieved from /opt/airflow/dags/00_hello_world.py
[2026-09-10T21:54:37.555+0000] {logging_mixin.py:190} INFO - [2026-09-10T21:54:37.554+0000] {dag.py:3239} INFO - Sync 1 DAGs
[2026-09-10T21:54:37.569+0000] {logging_mixin.py:190} INFO - [2026-09-10T21:54:37.569+0000] {dag.py:4180} INFO - Setting next_dagrun for 00_hello_world to None, run_after=None
[2026-09-10T21:54:37.590+0000] {processor.py:208} INFO - Processing /opt/airflow/dags/00_hello_world.py took 0.089 seconds
[2026-09-10T21:55:07.802+0000] {processor.py:186} INFO - Started process (PID=13564) to work on /opt/airflow/dags/00_hello_world.py
[2026-09-10T21:55:07.802+0000] {processor.py:914} INFO - Processing file /opt/airflow/dags/00_hello_world.py for tasks to queue
[2026-09-10T21:55:07.805+0000] {logging_mixin.py:190} INFO - [2026-09-10T21:55:07.804+0000] {dagbag.py:588} INFO - Filling up the DagBag from /opt/airflow/dags/00_hello_world.py
[2026-09-10T21:55:07.813+0000] {processor.py:925} INFO - DAG(s) '00_hello_world' retrieved from /opt/airflow/dags/00_hello_world.py
[2026-09-10T21:55:07.846+0000] {logging_mixin.py:190} INFO - [2026-09-10T21:55:07.846+0000] {dag.py:3239} INFO - Sync 1 DAGs
[2026-09-10T21:55:07.861+0000] {logging_mixin.py:190} INFO - [2026-09-10T21:55:07.861+0000] {dag.py:4180} INFO - Setting next_dagrun for 00_hello_world to None, run_after=None
[2026-09-10T21:55:07.884+0000] {processor.py:208} INFO - Processing /opt/airflow/dags/00_hello_world.py took 0.089 seconds
[2026-09-10T21:55:38.039+0000] {processor.py:186} INFO - Started process (PID=13634) to work on /opt/airflow/dags/00_hello_world.py
[2026-09-10T21:55:38.042+0000] {processor.py:914} INFO - Processing file /opt/airflow/dags/00_hello_world.py for tasks to queue
[2026-09-10T21:55:38.045+0000] {logging_mixin.py:190} INFO - [2026-09-10T21:55:38.045+0000] {dagbag.py:588} INFO - Filling up the DagBag from /opt/airflow/dags/00_hello_world.py
[2026-09-10T21:55:38.055+0000] {processor.py:925} INFO - DAG(s) '00_hello_world' retrieved from /opt/airflow/dags/00_hello_world.py
[2026-09-10T21:55:38.086+0000] {logging_mixin.py:190} INFO - [2026-09-10T21:55:38.086+0000] {dag.py:3239} INFO - Sync 1 DAGs
[2026-09-10T21:55:38.102+0000] {logging_mixin.py:190} INFO - [2026-09-10T21:55:38.102+0000] {dag.py:4180} INFO - Setting next_dagrun for 00_hello_world to None, run_after=None
[2026-09-10T21:55:38.121+0000] {processor.py:208} INFO - Processing /opt/airflow/dags/00_hello_world.py took 0.090 seconds
[2026-09-10T21:56:08.283+0000] {processor.py:186} INFO - Started process (PID=13704) to work on /opt/airflow/dags/00_hello_world.py
[2026-09-10T21:56:08.284+0000] {processor.py:914} INFO - Processing file /opt/airflow/dags/00_hello_world.py for tasks to queue
[2026-09-10T21:56:08.286+0000] {logging_mixin.py:190} INFO - [2026-09-10T21:56:08.286+0000] {dagbag.py:588} INFO - Filling up the DagBag from /opt/airflow/dags/00_hello_world.py
[2026-09-10T21:56:08.295+0000] {processor.py:925} INFO - DAG(s) '00_hello_world' retrieved from /opt/airflow/dags/00_hello_world.py
[2026-09-10T21:56:08.325+0000] {logging_mixin.py:190} INFO - [2026-09-10T21:56:08.325+0000] {dag.py:3239} INFO - Sync 1 DAGs
[2026-09-10T21:56:08.343+0000] {logging_mixin.py:190} INFO - [2026-09-10T21:56:08.343+0000] {dag.py:4180} INFO - Setting next_dagrun for 00_hello_world to None, run_after=None
[2026-09-10T21:56:08.370+0000] {processor.py:208} INFO - Processing /opt/airflow/dags/00_hello_world.py took 0.096 seconds
[2026-09-10T21:56:38.535+0000] {processor.py:186} INFO - Started process (PID=13774) to work on /opt/airflow/dags/00_hello_world.py
[2026-09-10T21:56:38.536+0000] {processor.py:914} INFO - Processing file /opt/airflow/dags/00_hello_world.py for tasks to queue
[2026-09-10T21:56:38.539+0000] {logging_mixin.py:190} INFO - [2026-09-10T21:56:38.539+0000] {dagbag.py:588} INFO - Filling up the DagBag from /opt/airflow/dags/00_hello_world.py
[2026-09-10T21:56:38.549+0000] {processor.py:925} INFO - DAG(s) '00_hello_world' retrieved from /opt/airflow/dags/00_hello_world.py
[2026-09-10T21:56:38.585+0000] {logging_mixin.py:190} INFO - [2026-09-10T21:56:38.585+0000] {dag.py:3239} INFO - Sync 1 DAGs
[2026-09-10T21:56:38.602+0000] {logging_mixin.py:190} INFO - [2026-09-10T21:56:38.602+0000] {dag.py:4180} INFO - Setting next_dagrun for 00_hello_world to None, run_after=None
[2026-09-10T21:56:38.622+0000] {processor.py:208} INFO - Processing /opt/airflow/dags/00_hello_world.py took 0.094 seconds
[2026-09-10T21:57:08.660+0000] {processor.py:186} INFO - Started process (PID=13844) to work on /opt/airflow/dags/00_hello_world.py
[2026-09-10T21:57:08.661+0000] {processor.py:914} INFO - Processing file /opt/airflow/dags/00_hello_world.py for tasks to queue
[2026-09-10T21:57:08.664+0000] {logging_mixin.py:190} INFO - [2026-09-10T21:57:08.664+0000] {dagbag.py:588} INFO - Filling up the DagBag from /opt/airflow/dags/00_hello_world.py
[2026-09-10T21:57:08.674+0000] {processor.py:925} INFO - DAG(s) '00_hello_world' retrieved from /opt/airflow/dags/00_hello_world.py
[2026-09-10T21:57:08.704+0000] {logging_mixin.py:190} INFO - [2026-09-10T21:57:08.703+0000] {dag.py:3239} INFO - Sync 1 DAGs
[2026-09-10T21:57:08.724+0000] {logging_mixin.py:190} INFO - [2026-09-10T21:57:08.724+0000] {dag.py:4180} INFO - Setting next_dagrun for 00_hello_world to None, run_after=None
[2026-09-10T21:57:08.746+0000] {processor.py:208} INFO - Processing /opt/airflow/dags/00_hello_world.py took 0.095 seconds
[2026-09-10T21:57:38.855+0000] {processor.py:186} INFO - Started process (PID=13914) to work on /opt/airflow/dags/00_hello_world.py
[2026-09-10T21:57:38.856+0000] {processor.py:914} INFO - Processing file /opt/airflow/dags/00_hello_world.py for tasks to queue
[2026-09-10T21:57:38.859+0000] {logging_mixin.py:190} INFO - [2026-09-10T21:57:38.859+0000] {dagbag.py:588} INFO - Filling up the DagBag from /opt/airflow/dags/00_hello_world.py
[2026-09-10T21:57:38.870+0000] {processor.py:925} INFO - DAG(s) '00_hello_world' retrieved from /opt/airflow/dags/00_hello_world.py
[2026-09-10T21:57:38.900+0000] {logging_mixin.py:190} INFO - [2026-09-10T21:57:38.899+0000] {dag.py:3239} INFO - Sync 1 DAGs
[2026-09-10T21:57:38.918+0000] {logging_mixin.py:190} INFO - [2026-09-10T21:57:38.917+0000] {dag.py:4180} INFO - Setting next_dagrun for 00_hello_world to None, run_after=None
[2026-09-10T21:57:38.935+0000] {processor.py:208} INFO - Processing /opt/airflow/dags/00_hello_world.py took 0.090 seconds
[2026-09-10T21:58:09.072+0000] {processor.py:186} INFO - Started process (PID=13984) to work on /opt/airflow/dags/00_hello_world.py
[2026-09-10T21:58:09.073+0000] {processor.py:914} INFO - Processing file /opt/airflow/dags/00_hello_world.py for tasks to queue
[2026-09-10T21:58:09.076+0000] {logging_mixin.py:190} INFO - [2026-09-10T21:58:09.076+0000] {dagbag.py:588} INFO - Filling up the DagBag from /opt/airflow/dags/00_hello_world.py
[2026-09-10T21:58:09.088+0000] {processor.py:925} INFO - DAG(s) '00_hello_world' retrieved from /opt/airflow/dags/00_hello_world.py
[2026-09-10T21:58:09.119+0000] {logging_mixin.py:190} INFO - [2026-09-10T21:58:09.118+0000] {dag.py:3239} INFO - Sync 1 DAGs
[2026-09-10T21:58:09.135+0000] {logging_mixin.py:190} INFO - [2026-09-10T21:58:09.135+0000] {dag.py:4180} INFO - Setting next_dagrun for 00_hello_world to None, run_after=None
[2026-09-10T21:58:09.154+0000] {processor.py:208} INFO - Processing /opt/airflow/dags/00_hello_world.py took 0.090 seconds
[2026-09-10T21:58:39.252+0000] {processor.py:186} INFO - Started process (PID=14052) to work on /opt/airflow/dags/00_hello_world.py
[2026-09-10T21:58:39.254+0000] {processor.py:914} INFO - Processing file /opt/airflow/dags/00_hello_world.py for tasks to queue
[2026-09-10T21:58:39.258+0000] {logging_mixin.py:190} INFO - [2026-09-10T21:58:39.257+0000] {dagbag.py:588} INFO - Filling up the DagBag from /opt/airflow/dags/00_hello_world.py
[2026-09-10T21:58:39.268+0000] {processor.py:925} INFO - DAG(s) '00_hello_world' retrieved from /opt/airflow/dags/00_hello_world.py
[2026-09-10T21:58:39.312+0000] {logging_mixin.py:190} INFO - [2026-09-10T21:58:39.311+0000] {dag.py:3239} INFO - Sync 1 DAGs
[2026-09-10T21:58:39.333+0000] {logging_mixin.py:190} INFO - [2026-09-10T21:58:39.333+0000] {dag.py:4180} INFO - Setting next_dagrun for 00_hello_world to None, run_after=None
[2026-09-10T21:58:39.356+0000] {processor.py:208} INFO - Processing /opt/airflow/dags/00_hello_world.py took 0.113 seconds
[2026-09-10T21:59:10.312+0000] {processor.py:186} INFO - Started process (PID=14122) to work on /opt/airflow/dags/00_hello_world.py
[2026-09-10T21:59:10.314+0000] {processor.py:914} INFO - Processing file /opt/airflow/dags/00_hello_world.py for tasks to queue
[2026-09-10T21:59:10.318+0000] {logging_mixin.py:190} INFO - [2026-09-10T21:59:10.317+0000] {dagbag.py:588} INFO - Filling up the DagBag from /opt/airflow/dags/00_hello_world.py
[2026-09-10T21:59:10.330+0000] {processor.py:925} INFO - DAG(s) '00_hello_world' retrieved from /opt/airflow/dags/00_hello_world.py
[2026-09-10T21:59:10.359+0000] {logging_mixin.py:190} INFO - [2026-09-10T21:59:10.359+0000] {dag.py:3239} INFO - Sync 1 DAGs
[2026-09-10T21:59:10.376+0000] {logging_mixin.py:190} INFO - [2026-09-10T21:59:10.376+0000] {dag.py:4180} INFO - Setting next_dagrun for 00_hello_world to None, run_after=None
[2026-09-10T21:59:10.397+0000] {processor.py:208} INFO - Processing /opt/airflow/dags/00_hello_world.py took 0.098 seconds
[2026-09-10T21:59:41.257+0000] {processor.py:186} INFO - Started process (PID=14192) to work on /opt/airflow/dags/00_hello_world.py
[2026-09-10T21:59:41.259+0000] {processor.py:914} INFO - Processing file /opt/airflow/dags/00_hello_world.py for tasks to queue
[2026-09-10T21:59:41.262+0000] {logging_mixin.py:190} INFO - [2026-09-10T21:59:41.262+0000] {dagbag.py:588} INFO - Filling up the DagBag from /opt/airflow/dags/00_hello_world.py
[2026-09-10T21:59:41.274+0000] {processor.py:925} INFO - DAG(s) '00_hello_world' retrieved from /opt/airflow/dags/00_hello_world.py
[2026-09-10T21:59:41.310+0000] {logging_mixin.py:190} INFO - [2026-09-10T21:59:41.310+0000] {dag.py:3239} INFO - Sync 1 DAGs
[2026-09-10T21:59:41.330+0000] {logging_mixin.py:190} INFO - [2026-09-10T21:59:41.330+0000] {dag.py:4180} INFO - Setting next_dagrun for 00_hello_world to None, run_after=None
[2026-09-10T21:59:41.360+0000] {processor.py:208} INFO - Processing /opt/airflow/dags/00_hello_world.py took 0.112 seconds
[2026-09-10T22:00:11.516+0000] {processor.py:186} INFO - Started process (PID=14262) to work on /opt/airflow/dags/00_hello_world.py
[2026-09-10T22:00:11.518+0000] {processor.py:914} INFO - Processing file /opt/airflow/dags/00_hello_world.py for tasks to queue
[2026-09-10T22:00:11.521+0000] {logging_mixin.py:190} INFO - [2026-09-10T22:00:11.520+0000] {dagbag.py:588} INFO - Filling up the DagBag from /opt/airflow/dags/00_hello_world.py
[2026-09-10T22:00:11.532+0000] {processor.py:925} INFO - DAG(s) '00_hello_world' retrieved from /opt/airflow/dags/00_hello_world.py
[2026-09-10T22:00:11.565+0000] {logging_mixin.py:190} INFO - [2026-09-10T22:00:11.565+0000] {dag.py:3239} INFO - Sync 1 DAGs
[2026-09-10T22:00:11.585+0000] {logging_mixin.py:190} INFO - [2026-09-10T22:00:11.585+0000] {dag.py:4180} INFO - Setting next_dagrun for 00_hello_world to None, run_after=None
[2026-09-10T22:00:11.621+0000] {processor.py:208} INFO - Processing /opt/airflow/dags/00_hello_world.py took 0.114 seconds
[2026-09-10T22:00:41.704+0000] {processor.py:186} INFO - Started process (PID=14332) to work on /opt/airflow/dags/00_hello_world.py
[2026-09-10T22:00:41.706+0000] {processor.py:914} INFO - Processing file /opt/airflow/dags/00_hello_world.py for tasks to queue
[2026-09-10T22:00:41.709+0000] {logging_mixin.py:190} INFO - [2026-09-10T22:00:41.708+0000] {dagbag.py:588} INFO - Filling up the DagBag from /opt/airflow/dags/00_hello_world.py
[2026-09-10T22:00:41.719+0000] {processor.py:925} INFO - DAG(s) '00_hello_world' retrieved from /opt/airflow/dags/00_hello_world.py
[2026-09-10T22:00:41.750+0000] {logging_mixin.py:190} INFO - [2026-09-10T22:00:41.749+0000] {dag.py:3239} INFO - Sync 1 DAGs
[2026-09-10T22:00:41.769+0000] {logging_mixin.py:190} INFO - [2026-09-10T22:00:41.769+0000] {dag.py:4180} INFO - Setting next_dagrun for 00_hello_world to None, run_after=None
[2026-09-10T22:00:41.793+0000] {processor.py:208} INFO - Processing /opt/airflow/dags/00_hello_world.py took 0.098 seconds
