[2026-09-10T02:40:48.798+0000] {processor.py:186} INFO - Started process (PID=203) to work on /opt/airflow/dags/01_load_csv.py
[2026-09-10T02:40:48.799+0000] {processor.py:914} INFO - Processing file /opt/airflow/dags/01_load_csv.py for tasks to queue
[2026-09-10T02:40:48.804+0000] {logging_mixin.py:190} INFO - [2026-09-10T02:40:48.804+0000] {dagbag.py:588} INFO - Filling up the DagBag from /opt/airflow/dags/01_load_csv.py
[2026-09-10T02:40:48.821+0000] {processor.py:925} INFO - DAG(s) '01_load_csv' retrieved from /opt/airflow/dags/01_load_csv.py
[2026-09-10T02:40:49.034+0000] {logging_mixin.py:190} INFO - [2026-09-10T02:40:49.033+0000] {override.py:1911} INFO - Created Permission View: can edit on DAG:01_load_csv
[2026-09-10T02:40:49.048+0000] {logging_mixin.py:190} INFO - [2026-09-10T02:40:49.047+0000] {override.py:1911} INFO - Created Permission View: can delete on DAG:01_load_csv
[2026-09-10T02:40:49.061+0000] {logging_mixin.py:190} INFO - [2026-09-10T02:40:49.060+0000] {override.py:1911} INFO - Created Permission View: can read on DAG:01_load_csv
[2026-09-10T02:40:49.072+0000] {logging_mixin.py:190} INFO - [2026-09-10T02:40:49.071+0000] {override.py:1911} INFO - Created Permission View: can create on DAG Run:01_load_csv
[2026-09-10T02:40:49.078+0000] {logging_mixin.py:190} INFO - [2026-09-10T02:40:49.078+0000] {override.py:1911} INFO - Created Permission View: menu access on DAG Run:01_load_csv
[2026-09-10T02:40:49.085+0000] {logging_mixin.py:190} INFO - [2026-09-10T02:40:49.085+0000] {override.py:1911} INFO - Created Permission View: can delete on DAG Run:01_load_csv
[2026-09-10T02:40:49.092+0000] {logging_mixin.py:190} INFO - [2026-09-10T02:40:49.092+0000] {override.py:1911} INFO - Created Permission View: can read on DAG Run:01_load_csv
[2026-09-10T02:40:49.093+0000] {logging_mixin.py:190} INFO - [2026-09-10T02:40:49.092+0000] {dag.py:3239} INFO - Sync 1 DAGs
[2026-09-10T02:40:49.107+0000] {logging_mixin.py:190} INFO - [2026-09-10T02:40:49.107+0000] {dag.py:3262} INFO - Creating ORM DAG for 01_load_csv
[2026-09-10T02:40:49.108+0000] {logging_mixin.py:190} INFO - [2026-09-10T02:40:49.107+0000] {dag.py:4180} INFO - Setting next_dagrun for 01_load_csv to None, run_after=None
[2026-09-10T02:40:49.128+0000] {processor.py:208} INFO - Processing /opt/airflow/dags/01_load_csv.py took 0.343 seconds
[2026-09-10T02:41:19.953+0000] {processor.py:186} INFO - Started process (PID=253) to work on /opt/airflow/dags/01_load_csv.py
[2026-09-10T02:41:19.954+0000] {processor.py:914} INFO - Processing file /opt/airflow/dags/01_load_csv.py for tasks to queue
[2026-09-10T02:41:19.956+0000] {logging_mixin.py:190} INFO - [2026-09-10T02:41:19.956+0000] {dagbag.py:588} INFO - Filling up the DagBag from /opt/airflow/dags/01_load_csv.py
[2026-09-10T02:41:19.967+0000] {processor.py:925} INFO - DAG(s) '01_load_csv' retrieved from /opt/airflow/dags/01_load_csv.py
[2026-09-10T02:41:20.007+0000] {logging_mixin.py:190} INFO - [2026-09-10T02:41:20.007+0000] {dag.py:3239} INFO - Sync 1 DAGs
[2026-09-10T02:41:20.032+0000] {logging_mixin.py:190} INFO - [2026-09-10T02:41:20.032+0000] {dag.py:4180} INFO - Setting next_dagrun for 01_load_csv to None, run_after=None
[2026-09-10T02:41:20.054+0000] {processor.py:208} INFO - Processing /opt/airflow/dags/01_load_csv.py took 0.108 seconds
[2026-09-10T02:41:50.843+0000] {processor.py:186} INFO - Started process (PID=303) to work on /opt/airflow/dags/01_load_csv.py
[2026-09-10T02:41:50.845+0000] {processor.py:914} INFO - Processing file /opt/airflow/dags/01_load_csv.py for tasks to queue
[2026-09-10T02:41:50.848+0000] {logging_mixin.py:190} INFO - [2026-09-10T02:41:50.847+0000] {dagbag.py:588} INFO - Filling up the DagBag from /opt/airflow/dags/01_load_csv.py
[2026-09-10T02:41:50.857+0000] {processor.py:925} INFO - DAG(s) '01_load_csv' retrieved from /opt/airflow/dags/01_load_csv.py
[2026-09-10T02:41:50.893+0000] {logging_mixin.py:190} INFO - [2026-09-10T02:41:50.892+0000] {dag.py:3239} INFO - Sync 1 DAGs
[2026-09-10T02:41:50.909+0000] {logging_mixin.py:190} INFO - [2026-09-10T02:41:50.909+0000] {dag.py:4180} INFO - Setting next_dagrun for 01_load_csv to None, run_after=None
[2026-09-10T02:41:50.929+0000] {processor.py:208} INFO - Processing /opt/airflow/dags/01_load_csv.py took 0.096 seconds
[2026-09-10T02:42:21.195+0000] {processor.py:186} INFO - Started process (PID=353) to work on /opt/airflow/dags/01_load_csv.py
[2026-09-10T02:42:21.196+0000] {processor.py:914} INFO - Processing file /opt/airflow/dags/01_load_csv.py for tasks to queue
[2026-09-10T02:42:21.199+0000] {logging_mixin.py:190} INFO - [2026-09-10T02:42:21.199+0000] {dagbag.py:588} INFO - Filling up the DagBag from /opt/airflow/dags/01_load_csv.py
[2026-09-10T02:42:21.208+0000] {processor.py:925} INFO - DAG(s) '01_load_csv' retrieved from /opt/airflow/dags/01_load_csv.py
[2026-09-10T02:42:21.243+0000] {logging_mixin.py:190} INFO - [2026-09-10T02:42:21.243+0000] {dag.py:3239} INFO - Sync 1 DAGs
[2026-09-10T02:42:21.259+0000] {logging_mixin.py:190} INFO - [2026-09-10T02:42:21.258+0000] {dag.py:4180} INFO - Setting next_dagrun for 01_load_csv to None, run_after=None
[2026-09-10T02:42:21.278+0000] {processor.py:208} INFO - Processing /opt/airflow/dags/01_load_csv.py took 0.094 seconds
[2026-09-10T02:42:51.372+0000] {processor.py:186} INFO - Started process (PID=403) to work on /opt/airflow/dags/01_load_csv.py
[2026-09-10T02:42:51.374+0000] {processor.py:914} INFO - Processing file /opt/airflow/dags/01_load_csv.py for tasks to queue
[2026-09-10T02:42:51.376+0000] {logging_mixin.py:190} INFO - [2026-09-10T02:42:51.376+0000] {dagbag.py:588} INFO - Filling up the DagBag from /opt/airflow/dags/01_load_csv.py
[2026-09-10T02:42:51.390+0000] {processor.py:925} INFO - DAG(s) '01_load_csv' retrieved from /opt/airflow/dags/01_load_csv.py
[2026-09-10T02:42:51.436+0000] {logging_mixin.py:190} INFO - [2026-09-10T02:42:51.436+0000] {dag.py:3239} INFO - Sync 1 DAGs
[2026-09-10T02:42:51.454+0000] {logging_mixin.py:190} INFO - [2026-09-10T02:42:51.454+0000] {dag.py:4180} INFO - Setting next_dagrun for 01_load_csv to None, run_after=None
[2026-09-10T02:42:51.477+0000] {processor.py:208} INFO - Processing /opt/airflow/dags/01_load_csv.py took 0.116 seconds
[2026-09-10T02:43:22.137+0000] {processor.py:186} INFO - Started process (PID=454) to work on /opt/airflow/dags/01_load_csv.py
[2026-09-10T02:43:22.138+0000] {processor.py:914} INFO - Processing file /opt/airflow/dags/01_load_csv.py for tasks to queue
[2026-09-10T02:43:22.142+0000] {logging_mixin.py:190} INFO - [2026-09-10T02:43:22.141+0000] {dagbag.py:588} INFO - Filling up the DagBag from /opt/airflow/dags/01_load_csv.py
[2026-09-10T02:43:22.173+0000] {processor.py:925} INFO - DAG(s) '01_load_csv' retrieved from /opt/airflow/dags/01_load_csv.py
[2026-09-10T02:43:22.247+0000] {logging_mixin.py:190} INFO - [2026-09-10T02:43:22.247+0000] {dag.py:3239} INFO - Sync 1 DAGs
[2026-09-10T02:43:22.289+0000] {logging_mixin.py:190} INFO - [2026-09-10T02:43:22.288+0000] {dag.py:4180} INFO - Setting next_dagrun for 01_load_csv to None, run_after=None
[2026-09-10T02:43:22.354+0000] {processor.py:208} INFO - Processing /opt/airflow/dags/01_load_csv.py took 0.228 seconds
[2026-09-10T02:43:52.532+0000] {processor.py:186} INFO - Started process (PID=506) to work on /opt/airflow/dags/01_load_csv.py
[2026-09-10T02:43:52.535+0000] {processor.py:914} INFO - Processing file /opt/airflow/dags/01_load_csv.py for tasks to queue
[2026-09-10T02:43:52.538+0000] {logging_mixin.py:190} INFO - [2026-09-10T02:43:52.538+0000] {dagbag.py:588} INFO - Filling up the DagBag from /opt/airflow/dags/01_load_csv.py
[2026-09-10T02:43:52.560+0000] {processor.py:925} INFO - DAG(s) '01_load_csv' retrieved from /opt/airflow/dags/01_load_csv.py
[2026-09-10T02:43:52.630+0000] {logging_mixin.py:190} INFO - [2026-09-10T02:43:52.630+0000] {dag.py:3239} INFO - Sync 1 DAGs
[2026-09-10T02:43:52.674+0000] {logging_mixin.py:190} INFO - [2026-09-10T02:43:52.673+0000] {dag.py:4180} INFO - Setting next_dagrun for 01_load_csv to None, run_after=None
[2026-09-10T02:43:52.713+0000] {processor.py:208} INFO - Processing /opt/airflow/dags/01_load_csv.py took 0.191 seconds
[2026-09-10T02:44:23.650+0000] {processor.py:186} INFO - Started process (PID=556) to work on /opt/airflow/dags/01_load_csv.py
[2026-09-10T02:44:23.652+0000] {processor.py:914} INFO - Processing file /opt/airflow/dags/01_load_csv.py for tasks to queue
[2026-09-10T02:44:23.655+0000] {logging_mixin.py:190} INFO - [2026-09-10T02:44:23.655+0000] {dagbag.py:588} INFO - Filling up the DagBag from /opt/airflow/dags/01_load_csv.py
[2026-09-10T02:44:23.668+0000] {processor.py:925} INFO - DAG(s) '01_load_csv' retrieved from /opt/airflow/dags/01_load_csv.py
[2026-09-10T02:44:23.701+0000] {logging_mixin.py:190} INFO - [2026-09-10T02:44:23.701+0000] {dag.py:3239} INFO - Sync 1 DAGs
[2026-09-10T02:44:23.717+0000] {logging_mixin.py:190} INFO - [2026-09-10T02:44:23.717+0000] {dag.py:4180} INFO - Setting next_dagrun for 01_load_csv to None, run_after=None
[2026-09-10T02:44:23.735+0000] {processor.py:208} INFO - Processing /opt/airflow/dags/01_load_csv.py took 0.094 seconds
[2026-09-10T02:44:54.557+0000] {processor.py:186} INFO - Started process (PID=606) to work on /opt/airflow/dags/01_load_csv.py
[2026-09-10T02:44:54.558+0000] {processor.py:914} INFO - Processing file /opt/airflow/dags/01_load_csv.py for tasks to queue
[2026-09-10T02:44:54.560+0000] {logging_mixin.py:190} INFO - [2026-09-10T02:44:54.560+0000] {dagbag.py:588} INFO - Filling up the DagBag from /opt/airflow/dags/01_load_csv.py
[2026-09-10T02:44:54.570+0000] {processor.py:925} INFO - DAG(s) '01_load_csv' retrieved from /opt/airflow/dags/01_load_csv.py
[2026-09-10T02:44:54.607+0000] {logging_mixin.py:190} INFO - [2026-09-10T02:44:54.607+0000] {dag.py:3239} INFO - Sync 1 DAGs
[2026-09-10T02:44:54.625+0000] {logging_mixin.py:190} INFO - [2026-09-10T02:44:54.625+0000] {dag.py:4180} INFO - Setting next_dagrun for 01_load_csv to None, run_after=None
[2026-09-10T02:44:54.645+0000] {processor.py:208} INFO - Processing /opt/airflow/dags/01_load_csv.py took 0.096 seconds
[2026-09-10T02:45:25.342+0000] {processor.py:186} INFO - Started process (PID=656) to work on /opt/airflow/dags/01_load_csv.py
[2026-09-10T02:45:25.342+0000] {processor.py:914} INFO - Processing file /opt/airflow/dags/01_load_csv.py for tasks to queue
[2026-09-10T02:45:25.345+0000] {logging_mixin.py:190} INFO - [2026-09-10T02:45:25.345+0000] {dagbag.py:588} INFO - Filling up the DagBag from /opt/airflow/dags/01_load_csv.py
[2026-09-10T02:45:25.354+0000] {processor.py:925} INFO - DAG(s) '01_load_csv' retrieved from /opt/airflow/dags/01_load_csv.py
[2026-09-10T02:45:25.388+0000] {logging_mixin.py:190} INFO - [2026-09-10T02:45:25.388+0000] {dag.py:3239} INFO - Sync 1 DAGs
[2026-09-10T02:45:25.403+0000] {logging_mixin.py:190} INFO - [2026-09-10T02:45:25.403+0000] {dag.py:4180} INFO - Setting next_dagrun for 01_load_csv to None, run_after=None
[2026-09-10T02:45:25.422+0000] {processor.py:208} INFO - Processing /opt/airflow/dags/01_load_csv.py took 0.087 seconds
[2026-09-10T02:45:56.321+0000] {processor.py:186} INFO - Started process (PID=706) to work on /opt/airflow/dags/01_load_csv.py
[2026-09-10T02:45:56.323+0000] {processor.py:914} INFO - Processing file /opt/airflow/dags/01_load_csv.py for tasks to queue
[2026-09-10T02:45:56.324+0000] {logging_mixin.py:190} INFO - [2026-09-10T02:45:56.324+0000] {dagbag.py:588} INFO - Filling up the DagBag from /opt/airflow/dags/01_load_csv.py
[2026-09-10T02:45:56.332+0000] {processor.py:925} INFO - DAG(s) '01_load_csv' retrieved from /opt/airflow/dags/01_load_csv.py
[2026-09-10T02:45:56.366+0000] {logging_mixin.py:190} INFO - [2026-09-10T02:45:56.365+0000] {dag.py:3239} INFO - Sync 1 DAGs
[2026-09-10T02:45:56.381+0000] {logging_mixin.py:190} INFO - [2026-09-10T02:45:56.381+0000] {dag.py:4180} INFO - Setting next_dagrun for 01_load_csv to None, run_after=None
[2026-09-10T02:45:56.399+0000] {processor.py:208} INFO - Processing /opt/airflow/dags/01_load_csv.py took 0.084 seconds
[2026-09-10T02:46:27.268+0000] {processor.py:186} INFO - Started process (PID=756) to work on /opt/airflow/dags/01_load_csv.py
[2026-09-10T02:46:27.268+0000] {processor.py:914} INFO - Processing file /opt/airflow/dags/01_load_csv.py for tasks to queue
[2026-09-10T02:46:27.271+0000] {logging_mixin.py:190} INFO - [2026-09-10T02:46:27.271+0000] {dagbag.py:588} INFO - Filling up the DagBag from /opt/airflow/dags/01_load_csv.py
[2026-09-10T02:46:27.281+0000] {processor.py:925} INFO - DAG(s) '01_load_csv' retrieved from /opt/airflow/dags/01_load_csv.py
[2026-09-10T02:46:27.314+0000] {logging_mixin.py:190} INFO - [2026-09-10T02:46:27.314+0000] {dag.py:3239} INFO - Sync 1 DAGs
[2026-09-10T02:46:27.330+0000] {logging_mixin.py:190} INFO - [2026-09-10T02:46:27.330+0000] {dag.py:4180} INFO - Setting next_dagrun for 01_load_csv to None, run_after=None
[2026-09-10T02:46:27.352+0000] {processor.py:208} INFO - Processing /opt/airflow/dags/01_load_csv.py took 0.092 seconds
[2026-09-10T02:46:58.279+0000] {processor.py:186} INFO - Started process (PID=806) to work on /opt/airflow/dags/01_load_csv.py
[2026-09-10T02:46:58.280+0000] {processor.py:914} INFO - Processing file /opt/airflow/dags/01_load_csv.py for tasks to queue
[2026-09-10T02:46:58.283+0000] {logging_mixin.py:190} INFO - [2026-09-10T02:46:58.283+0000] {dagbag.py:588} INFO - Filling up the DagBag from /opt/airflow/dags/01_load_csv.py
[2026-09-10T02:46:58.292+0000] {processor.py:925} INFO - DAG(s) '01_load_csv' retrieved from /opt/airflow/dags/01_load_csv.py
[2026-09-10T02:46:58.326+0000] {logging_mixin.py:190} INFO - [2026-09-10T02:46:58.325+0000] {dag.py:3239} INFO - Sync 1 DAGs
[2026-09-10T02:46:58.341+0000] {logging_mixin.py:190} INFO - [2026-09-10T02:46:58.341+0000] {dag.py:4180} INFO - Setting next_dagrun for 01_load_csv to None, run_after=None
[2026-09-10T02:46:58.360+0000] {processor.py:208} INFO - Processing /opt/airflow/dags/01_load_csv.py took 0.088 seconds
[2026-09-10T02:47:28.787+0000] {processor.py:186} INFO - Started process (PID=854) to work on /opt/airflow/dags/01_load_csv.py
[2026-09-10T02:47:28.788+0000] {processor.py:914} INFO - Processing file /opt/airflow/dags/01_load_csv.py for tasks to queue
[2026-09-10T02:47:28.791+0000] {logging_mixin.py:190} INFO - [2026-09-10T02:47:28.791+0000] {dagbag.py:588} INFO - Filling up the DagBag from /opt/airflow/dags/01_load_csv.py
[2026-09-10T02:47:28.804+0000] {processor.py:925} INFO - DAG(s) '01_load_csv' retrieved from /opt/airflow/dags/01_load_csv.py
[2026-09-10T02:47:28.847+0000] {logging_mixin.py:190} INFO - [2026-09-10T02:47:28.847+0000] {dag.py:3239} INFO - Sync 1 DAGs
[2026-09-10T02:47:28.865+0000] {logging_mixin.py:190} INFO - [2026-09-10T02:47:28.865+0000] {dag.py:4180} INFO - Setting next_dagrun for 01_load_csv to None, run_after=None
[2026-09-10T02:47:28.885+0000] {processor.py:208} INFO - Processing /opt/airflow/dags/01_load_csv.py took 0.109 seconds
[2026-09-10T02:47:59.016+0000] {processor.py:186} INFO - Started process (PID=904) to work on /opt/airflow/dags/01_load_csv.py
[2026-09-10T02:47:59.018+0000] {processor.py:914} INFO - Processing file /opt/airflow/dags/01_load_csv.py for tasks to queue
[2026-09-10T02:47:59.020+0000] {logging_mixin.py:190} INFO - [2026-09-10T02:47:59.019+0000] {dagbag.py:588} INFO - Filling up the DagBag from /opt/airflow/dags/01_load_csv.py
[2026-09-10T02:47:59.029+0000] {processor.py:925} INFO - DAG(s) '01_load_csv' retrieved from /opt/airflow/dags/01_load_csv.py
[2026-09-10T02:47:59.067+0000] {logging_mixin.py:190} INFO - [2026-09-10T02:47:59.067+0000] {dag.py:3239} INFO - Sync 1 DAGs
[2026-09-10T02:47:59.086+0000] {logging_mixin.py:190} INFO - [2026-09-10T02:47:59.085+0000] {dag.py:4180} INFO - Setting next_dagrun for 01_load_csv to None, run_after=None
[2026-09-10T02:47:59.107+0000] {processor.py:208} INFO - Processing /opt/airflow/dags/01_load_csv.py took 0.098 seconds
[2026-09-10T02:48:29.726+0000] {processor.py:186} INFO - Started process (PID=954) to work on /opt/airflow/dags/01_load_csv.py
[2026-09-10T02:48:29.728+0000] {processor.py:914} INFO - Processing file /opt/airflow/dags/01_load_csv.py for tasks to queue
[2026-09-10T02:48:29.734+0000] {logging_mixin.py:190} INFO - [2026-09-10T02:48:29.734+0000] {dagbag.py:588} INFO - Filling up the DagBag from /opt/airflow/dags/01_load_csv.py
[2026-09-10T02:48:29.759+0000] {processor.py:925} INFO - DAG(s) '01_load_csv' retrieved from /opt/airflow/dags/01_load_csv.py
[2026-09-10T02:48:30.190+0000] {logging_mixin.py:190} INFO - [2026-09-10T02:48:30.189+0000] {dag.py:3239} INFO - Sync 1 DAGs
[2026-09-10T02:48:30.208+0000] {logging_mixin.py:190} INFO - [2026-09-10T02:48:30.207+0000] {dag.py:4180} INFO - Setting next_dagrun for 01_load_csv to None, run_after=None
[2026-09-10T02:48:30.233+0000] {processor.py:208} INFO - Processing /opt/airflow/dags/01_load_csv.py took 0.528 seconds
[2026-09-10T02:49:00.651+0000] {processor.py:186} INFO - Started process (PID=1006) to work on /opt/airflow/dags/01_load_csv.py
[2026-09-10T02:49:00.653+0000] {processor.py:914} INFO - Processing file /opt/airflow/dags/01_load_csv.py for tasks to queue
[2026-09-10T02:49:00.656+0000] {logging_mixin.py:190} INFO - [2026-09-10T02:49:00.656+0000] {dagbag.py:588} INFO - Filling up the DagBag from /opt/airflow/dags/01_load_csv.py
[2026-09-10T02:49:00.665+0000] {processor.py:925} INFO - DAG(s) '01_load_csv' retrieved from /opt/airflow/dags/01_load_csv.py
[2026-09-10T02:49:00.699+0000] {logging_mixin.py:190} INFO - [2026-09-10T02:49:00.699+0000] {dag.py:3239} INFO - Sync 1 DAGs
[2026-09-10T02:49:00.714+0000] {logging_mixin.py:190} INFO - [2026-09-10T02:49:00.714+0000] {dag.py:4180} INFO - Setting next_dagrun for 01_load_csv to None, run_after=None
[2026-09-10T02:49:00.734+0000] {processor.py:208} INFO - Processing /opt/airflow/dags/01_load_csv.py took 0.090 seconds
[2026-09-10T02:49:31.402+0000] {processor.py:186} INFO - Started process (PID=1054) to work on /opt/airflow/dags/01_load_csv.py
[2026-09-10T02:49:31.403+0000] {processor.py:914} INFO - Processing file /opt/airflow/dags/01_load_csv.py for tasks to queue
[2026-09-10T02:49:31.405+0000] {logging_mixin.py:190} INFO - [2026-09-10T02:49:31.405+0000] {dagbag.py:588} INFO - Filling up the DagBag from /opt/airflow/dags/01_load_csv.py
[2026-09-10T02:49:31.415+0000] {processor.py:925} INFO - DAG(s) '01_load_csv' retrieved from /opt/airflow/dags/01_load_csv.py
[2026-09-10T02:49:31.696+0000] {logging_mixin.py:190} INFO - [2026-09-10T02:49:31.696+0000] {dag.py:3239} INFO - Sync 1 DAGs
[2026-09-10T02:49:31.714+0000] {logging_mixin.py:190} INFO - [2026-09-10T02:49:31.713+0000] {dag.py:4180} INFO - Setting next_dagrun for 01_load_csv to None, run_after=None
[2026-09-10T02:49:31.729+0000] {processor.py:208} INFO - Processing /opt/airflow/dags/01_load_csv.py took 0.334 seconds
[2026-09-10T02:50:02.681+0000] {processor.py:186} INFO - Started process (PID=1104) to work on /opt/airflow/dags/01_load_csv.py
[2026-09-10T02:50:02.683+0000] {processor.py:914} INFO - Processing file /opt/airflow/dags/01_load_csv.py for tasks to queue
[2026-09-10T02:50:02.685+0000] {logging_mixin.py:190} INFO - [2026-09-10T02:50:02.685+0000] {dagbag.py:588} INFO - Filling up the DagBag from /opt/airflow/dags/01_load_csv.py
[2026-09-10T02:50:02.696+0000] {processor.py:925} INFO - DAG(s) '01_load_csv' retrieved from /opt/airflow/dags/01_load_csv.py
[2026-09-10T02:50:02.733+0000] {logging_mixin.py:190} INFO - [2026-09-10T02:50:02.733+0000] {dag.py:3239} INFO - Sync 1 DAGs
[2026-09-10T02:50:02.750+0000] {logging_mixin.py:190} INFO - [2026-09-10T02:50:02.750+0000] {dag.py:4180} INFO - Setting next_dagrun for 01_load_csv to None, run_after=None
[2026-09-10T02:50:02.771+0000] {processor.py:208} INFO - Processing /opt/airflow/dags/01_load_csv.py took 0.099 seconds
[2026-09-10T02:50:33.082+0000] {processor.py:186} INFO - Started process (PID=1154) to work on /opt/airflow/dags/01_load_csv.py
[2026-09-10T02:50:33.083+0000] {processor.py:914} INFO - Processing file /opt/airflow/dags/01_load_csv.py for tasks to queue
[2026-09-10T02:50:33.086+0000] {logging_mixin.py:190} INFO - [2026-09-10T02:50:33.086+0000] {dagbag.py:588} INFO - Filling up the DagBag from /opt/airflow/dags/01_load_csv.py
[2026-09-10T02:50:33.098+0000] {processor.py:925} INFO - DAG(s) '01_load_csv' retrieved from /opt/airflow/dags/01_load_csv.py
[2026-09-10T02:50:33.347+0000] {logging_mixin.py:190} INFO - [2026-09-10T02:50:33.346+0000] {dag.py:3239} INFO - Sync 1 DAGs
[2026-09-10T02:50:33.361+0000] {logging_mixin.py:190} INFO - [2026-09-10T02:50:33.361+0000] {dag.py:4180} INFO - Setting next_dagrun for 01_load_csv to None, run_after=None
[2026-09-10T02:50:33.385+0000] {processor.py:208} INFO - Processing /opt/airflow/dags/01_load_csv.py took 0.313 seconds
[2026-09-10T02:51:04.149+0000] {processor.py:186} INFO - Started process (PID=1204) to work on /opt/airflow/dags/01_load_csv.py
[2026-09-10T02:51:04.151+0000] {processor.py:914} INFO - Processing file /opt/airflow/dags/01_load_csv.py for tasks to queue
[2026-09-10T02:51:04.154+0000] {logging_mixin.py:190} INFO - [2026-09-10T02:51:04.154+0000] {dagbag.py:588} INFO - Filling up the DagBag from /opt/airflow/dags/01_load_csv.py
[2026-09-10T02:51:04.166+0000] {processor.py:925} INFO - DAG(s) '01_load_csv' retrieved from /opt/airflow/dags/01_load_csv.py
[2026-09-10T02:51:04.204+0000] {logging_mixin.py:190} INFO - [2026-09-10T02:51:04.203+0000] {dag.py:3239} INFO - Sync 1 DAGs
[2026-09-10T02:51:04.221+0000] {logging_mixin.py:190} INFO - [2026-09-10T02:51:04.221+0000] {dag.py:4180} INFO - Setting next_dagrun for 01_load_csv to None, run_after=None
[2026-09-10T02:51:04.241+0000] {processor.py:208} INFO - Processing /opt/airflow/dags/01_load_csv.py took 0.101 seconds
[2026-09-10T02:51:35.523+0000] {processor.py:186} INFO - Started process (PID=1254) to work on /opt/airflow/dags/01_load_csv.py
[2026-09-10T02:51:35.524+0000] {processor.py:914} INFO - Processing file /opt/airflow/dags/01_load_csv.py for tasks to queue
[2026-09-10T02:51:35.528+0000] {logging_mixin.py:190} INFO - [2026-09-10T02:51:35.528+0000] {dagbag.py:588} INFO - Filling up the DagBag from /opt/airflow/dags/01_load_csv.py
[2026-09-10T02:51:35.544+0000] {processor.py:925} INFO - DAG(s) '01_load_csv' retrieved from /opt/airflow/dags/01_load_csv.py
[2026-09-10T02:51:35.878+0000] {logging_mixin.py:190} INFO - [2026-09-10T02:51:35.878+0000] {dag.py:3239} INFO - Sync 1 DAGs
[2026-09-10T02:51:35.894+0000] {logging_mixin.py:190} INFO - [2026-09-10T02:51:35.894+0000] {dag.py:4180} INFO - Setting next_dagrun for 01_load_csv to None, run_after=None
[2026-09-10T02:51:35.913+0000] {processor.py:208} INFO - Processing /opt/airflow/dags/01_load_csv.py took 0.402 seconds
[2026-09-10T02:52:06.265+0000] {processor.py:186} INFO - Started process (PID=1313) to work on /opt/airflow/dags/01_load_csv.py
[2026-09-10T02:52:06.267+0000] {processor.py:914} INFO - Processing file /opt/airflow/dags/01_load_csv.py for tasks to queue
[2026-09-10T02:52:06.271+0000] {logging_mixin.py:190} INFO - [2026-09-10T02:52:06.270+0000] {dagbag.py:588} INFO - Filling up the DagBag from /opt/airflow/dags/01_load_csv.py
[2026-09-10T02:52:06.285+0000] {processor.py:925} INFO - DAG(s) '01_load_csv' retrieved from /opt/airflow/dags/01_load_csv.py
[2026-09-10T02:52:06.333+0000] {logging_mixin.py:190} INFO - [2026-09-10T02:52:06.332+0000] {dag.py:3239} INFO - Sync 1 DAGs
[2026-09-10T02:52:06.354+0000] {logging_mixin.py:190} INFO - [2026-09-10T02:52:06.353+0000] {dag.py:4180} INFO - Setting next_dagrun for 01_load_csv to None, run_after=None
[2026-09-10T02:52:06.375+0000] {processor.py:208} INFO - Processing /opt/airflow/dags/01_load_csv.py took 0.120 seconds
[2026-09-10T02:52:37.372+0000] {processor.py:186} INFO - Started process (PID=1365) to work on /opt/airflow/dags/01_load_csv.py
[2026-09-10T02:52:37.373+0000] {processor.py:914} INFO - Processing file /opt/airflow/dags/01_load_csv.py for tasks to queue
[2026-09-10T02:52:37.376+0000] {logging_mixin.py:190} INFO - [2026-09-10T02:52:37.375+0000] {dagbag.py:588} INFO - Filling up the DagBag from /opt/airflow/dags/01_load_csv.py
[2026-09-10T02:52:37.386+0000] {processor.py:925} INFO - DAG(s) '01_load_csv' retrieved from /opt/airflow/dags/01_load_csv.py
[2026-09-10T02:52:37.600+0000] {logging_mixin.py:190} INFO - [2026-09-10T02:52:37.599+0000] {dag.py:3239} INFO - Sync 1 DAGs
[2026-09-10T02:52:37.619+0000] {logging_mixin.py:190} INFO - [2026-09-10T02:52:37.618+0000] {dag.py:4180} INFO - Setting next_dagrun for 01_load_csv to None, run_after=None
[2026-09-10T02:52:37.639+0000] {processor.py:208} INFO - Processing /opt/airflow/dags/01_load_csv.py took 0.275 seconds
[2026-09-10T02:53:08.639+0000] {processor.py:186} INFO - Started process (PID=1415) to work on /opt/airflow/dags/01_load_csv.py
[2026-09-10T02:53:08.641+0000] {processor.py:914} INFO - Processing file /opt/airflow/dags/01_load_csv.py for tasks to queue
[2026-09-10T02:53:08.644+0000] {logging_mixin.py:190} INFO - [2026-09-10T02:53:08.644+0000] {dagbag.py:588} INFO - Filling up the DagBag from /opt/airflow/dags/01_load_csv.py
[2026-09-10T02:53:08.656+0000] {processor.py:925} INFO - DAG(s) '01_load_csv' retrieved from /opt/airflow/dags/01_load_csv.py
[2026-09-10T02:53:08.695+0000] {logging_mixin.py:190} INFO - [2026-09-10T02:53:08.695+0000] {dag.py:3239} INFO - Sync 1 DAGs
[2026-09-10T02:53:08.714+0000] {logging_mixin.py:190} INFO - [2026-09-10T02:53:08.714+0000] {dag.py:4180} INFO - Setting next_dagrun for 01_load_csv to None, run_after=None
[2026-09-10T02:53:08.736+0000] {processor.py:208} INFO - Processing /opt/airflow/dags/01_load_csv.py took 0.109 seconds
[2026-09-10T02:53:39.505+0000] {processor.py:186} INFO - Started process (PID=1465) to work on /opt/airflow/dags/01_load_csv.py
[2026-09-10T02:53:39.507+0000] {processor.py:914} INFO - Processing file /opt/airflow/dags/01_load_csv.py for tasks to queue
[2026-09-10T02:53:39.510+0000] {logging_mixin.py:190} INFO - [2026-09-10T02:53:39.510+0000] {dagbag.py:588} INFO - Filling up the DagBag from /opt/airflow/dags/01_load_csv.py
[2026-09-10T02:53:39.520+0000] {processor.py:925} INFO - DAG(s) '01_load_csv' retrieved from /opt/airflow/dags/01_load_csv.py
[2026-09-10T02:53:39.779+0000] {logging_mixin.py:190} INFO - [2026-09-10T02:53:39.779+0000] {dag.py:3239} INFO - Sync 1 DAGs
[2026-09-10T02:53:39.792+0000] {logging_mixin.py:190} INFO - [2026-09-10T02:53:39.792+0000] {dag.py:4180} INFO - Setting next_dagrun for 01_load_csv to None, run_after=None
[2026-09-10T02:53:39.811+0000] {processor.py:208} INFO - Processing /opt/airflow/dags/01_load_csv.py took 0.316 seconds
[2026-09-10T02:54:09.907+0000] {processor.py:186} INFO - Started process (PID=1515) to work on /opt/airflow/dags/01_load_csv.py
[2026-09-10T02:54:09.908+0000] {processor.py:914} INFO - Processing file /opt/airflow/dags/01_load_csv.py for tasks to queue
[2026-09-10T02:54:09.910+0000] {logging_mixin.py:190} INFO - [2026-09-10T02:54:09.910+0000] {dagbag.py:588} INFO - Filling up the DagBag from /opt/airflow/dags/01_load_csv.py
[2026-09-10T02:54:09.922+0000] {processor.py:925} INFO - DAG(s) '01_load_csv' retrieved from /opt/airflow/dags/01_load_csv.py
[2026-09-10T02:54:09.962+0000] {logging_mixin.py:190} INFO - [2026-09-10T02:54:09.962+0000] {dag.py:3239} INFO - Sync 1 DAGs
[2026-09-10T02:54:09.980+0000] {logging_mixin.py:190} INFO - [2026-09-10T02:54:09.980+0000] {dag.py:4180} INFO - Setting next_dagrun for 01_load_csv to None, run_after=None
[2026-09-10T02:54:10.001+0000] {processor.py:208} INFO - Processing /opt/airflow/dags/01_load_csv.py took 0.103 seconds
[2026-09-10T02:54:40.972+0000] {processor.py:186} INFO - Started process (PID=1565) to work on /opt/airflow/dags/01_load_csv.py
[2026-09-10T02:54:40.973+0000] {processor.py:914} INFO - Processing file /opt/airflow/dags/01_load_csv.py for tasks to queue
[2026-09-10T02:54:40.976+0000] {logging_mixin.py:190} INFO - [2026-09-10T02:54:40.976+0000] {dagbag.py:588} INFO - Filling up the DagBag from /opt/airflow/dags/01_load_csv.py
[2026-09-10T02:54:40.986+0000] {processor.py:925} INFO - DAG(s) '01_load_csv' retrieved from /opt/airflow/dags/01_load_csv.py
[2026-09-10T02:54:41.217+0000] {logging_mixin.py:190} INFO - [2026-09-10T02:54:41.217+0000] {dag.py:3239} INFO - Sync 1 DAGs
[2026-09-10T02:54:41.229+0000] {logging_mixin.py:190} INFO - [2026-09-10T02:54:41.229+0000] {dag.py:4180} INFO - Setting next_dagrun for 01_load_csv to None, run_after=None
[2026-09-10T02:54:41.247+0000] {processor.py:208} INFO - Processing /opt/airflow/dags/01_load_csv.py took 0.284 seconds
[2026-09-10T02:55:12.156+0000] {processor.py:186} INFO - Started process (PID=1615) to work on /opt/airflow/dags/01_load_csv.py
[2026-09-10T02:55:12.157+0000] {processor.py:914} INFO - Processing file /opt/airflow/dags/01_load_csv.py for tasks to queue
[2026-09-10T02:55:12.160+0000] {logging_mixin.py:190} INFO - [2026-09-10T02:55:12.159+0000] {dagbag.py:588} INFO - Filling up the DagBag from /opt/airflow/dags/01_load_csv.py
[2026-09-10T02:55:12.172+0000] {processor.py:925} INFO - DAG(s) '01_load_csv' retrieved from /opt/airflow/dags/01_load_csv.py
[2026-09-10T02:55:12.210+0000] {logging_mixin.py:190} INFO - [2026-09-10T02:55:12.210+0000] {dag.py:3239} INFO - Sync 1 DAGs
[2026-09-10T02:55:12.226+0000] {logging_mixin.py:190} INFO - [2026-09-10T02:55:12.226+0000] {dag.py:4180} INFO - Setting next_dagrun for 01_load_csv to None, run_after=None
[2026-09-10T02:55:12.249+0000] {processor.py:208} INFO - Processing /opt/airflow/dags/01_load_csv.py took 0.103 seconds
[2026-09-10T02:55:43.112+0000] {processor.py:186} INFO - Started process (PID=1665) to work on /opt/airflow/dags/01_load_csv.py
[2026-09-10T02:55:43.114+0000] {processor.py:914} INFO - Processing file /opt/airflow/dags/01_load_csv.py for tasks to queue
[2026-09-10T02:55:43.117+0000] {logging_mixin.py:190} INFO - [2026-09-10T02:55:43.117+0000] {dagbag.py:588} INFO - Filling up the DagBag from /opt/airflow/dags/01_load_csv.py
[2026-09-10T02:55:43.128+0000] {processor.py:925} INFO - DAG(s) '01_load_csv' retrieved from /opt/airflow/dags/01_load_csv.py
[2026-09-10T02:55:43.166+0000] {logging_mixin.py:190} INFO - [2026-09-10T02:55:43.166+0000] {dag.py:3239} INFO - Sync 1 DAGs
[2026-09-10T02:55:43.188+0000] {logging_mixin.py:190} INFO - [2026-09-10T02:55:43.188+0000] {dag.py:4180} INFO - Setting next_dagrun for 01_load_csv to None, run_after=None
[2026-09-10T02:55:43.211+0000] {processor.py:208} INFO - Processing /opt/airflow/dags/01_load_csv.py took 0.108 seconds
[2026-09-10T02:56:14.083+0000] {processor.py:186} INFO - Started process (PID=1715) to work on /opt/airflow/dags/01_load_csv.py
[2026-09-10T02:56:14.084+0000] {processor.py:914} INFO - Processing file /opt/airflow/dags/01_load_csv.py for tasks to queue
[2026-09-10T02:56:14.087+0000] {logging_mixin.py:190} INFO - [2026-09-10T02:56:14.087+0000] {dagbag.py:588} INFO - Filling up the DagBag from /opt/airflow/dags/01_load_csv.py
[2026-09-10T02:56:14.101+0000] {processor.py:925} INFO - DAG(s) '01_load_csv' retrieved from /opt/airflow/dags/01_load_csv.py
[2026-09-10T02:56:14.140+0000] {logging_mixin.py:190} INFO - [2026-09-10T02:56:14.140+0000] {dag.py:3239} INFO - Sync 1 DAGs
[2026-09-10T02:56:14.158+0000] {logging_mixin.py:190} INFO - [2026-09-10T02:56:14.157+0000] {dag.py:4180} INFO - Setting next_dagrun for 01_load_csv to None, run_after=None
[2026-09-10T02:56:14.180+0000] {processor.py:208} INFO - Processing /opt/airflow/dags/01_load_csv.py took 0.106 seconds
[2026-09-10T02:56:44.927+0000] {processor.py:186} INFO - Started process (PID=1765) to work on /opt/airflow/dags/01_load_csv.py
[2026-09-10T02:56:44.930+0000] {processor.py:914} INFO - Processing file /opt/airflow/dags/01_load_csv.py for tasks to queue
[2026-09-10T02:56:44.933+0000] {logging_mixin.py:190} INFO - [2026-09-10T02:56:44.932+0000] {dagbag.py:588} INFO - Filling up the DagBag from /opt/airflow/dags/01_load_csv.py
[2026-09-10T02:56:44.943+0000] {processor.py:925} INFO - DAG(s) '01_load_csv' retrieved from /opt/airflow/dags/01_load_csv.py
[2026-09-10T02:56:44.981+0000] {logging_mixin.py:190} INFO - [2026-09-10T02:56:44.981+0000] {dag.py:3239} INFO - Sync 1 DAGs
[2026-09-10T02:56:45.009+0000] {logging_mixin.py:190} INFO - [2026-09-10T02:56:45.009+0000] {dag.py:4180} INFO - Setting next_dagrun for 01_load_csv to None, run_after=None
[2026-09-10T02:56:45.035+0000] {processor.py:208} INFO - Processing /opt/airflow/dags/01_load_csv.py took 0.117 seconds
[2026-09-10T02:57:15.851+0000] {processor.py:186} INFO - Started process (PID=1815) to work on /opt/airflow/dags/01_load_csv.py
[2026-09-10T02:57:15.852+0000] {processor.py:914} INFO - Processing file /opt/airflow/dags/01_load_csv.py for tasks to queue
[2026-09-10T02:57:15.855+0000] {logging_mixin.py:190} INFO - [2026-09-10T02:57:15.855+0000] {dagbag.py:588} INFO - Filling up the DagBag from /opt/airflow/dags/01_load_csv.py
[2026-09-10T02:57:15.864+0000] {processor.py:925} INFO - DAG(s) '01_load_csv' retrieved from /opt/airflow/dags/01_load_csv.py
[2026-09-10T02:57:15.909+0000] {logging_mixin.py:190} INFO - [2026-09-10T02:57:15.909+0000] {dag.py:3239} INFO - Sync 1 DAGs
[2026-09-10T02:57:15.941+0000] {logging_mixin.py:190} INFO - [2026-09-10T02:57:15.941+0000] {dag.py:4180} INFO - Setting next_dagrun for 01_load_csv to None, run_after=None
[2026-09-10T02:57:15.968+0000] {processor.py:208} INFO - Processing /opt/airflow/dags/01_load_csv.py took 0.125 seconds
[2026-09-10T02:57:46.717+0000] {processor.py:186} INFO - Started process (PID=1865) to work on /opt/airflow/dags/01_load_csv.py
[2026-09-10T02:57:46.718+0000] {processor.py:914} INFO - Processing file /opt/airflow/dags/01_load_csv.py for tasks to queue
[2026-09-10T02:57:46.721+0000] {logging_mixin.py:190} INFO - [2026-09-10T02:57:46.720+0000] {dagbag.py:588} INFO - Filling up the DagBag from /opt/airflow/dags/01_load_csv.py
[2026-09-10T02:57:46.733+0000] {processor.py:925} INFO - DAG(s) '01_load_csv' retrieved from /opt/airflow/dags/01_load_csv.py
[2026-09-10T02:57:46.781+0000] {logging_mixin.py:190} INFO - [2026-09-10T02:57:46.780+0000] {dag.py:3239} INFO - Sync 1 DAGs
[2026-09-10T02:57:46.803+0000] {logging_mixin.py:190} INFO - [2026-09-10T02:57:46.803+0000] {dag.py:4180} INFO - Setting next_dagrun for 01_load_csv to None, run_after=None
[2026-09-10T02:57:46.833+0000] {processor.py:208} INFO - Processing /opt/airflow/dags/01_load_csv.py took 0.123 seconds
[2026-09-10T02:58:17.888+0000] {processor.py:186} INFO - Started process (PID=1915) to work on /opt/airflow/dags/01_load_csv.py
[2026-09-10T02:58:17.890+0000] {processor.py:914} INFO - Processing file /opt/airflow/dags/01_load_csv.py for tasks to queue
[2026-09-10T02:58:17.895+0000] {logging_mixin.py:190} INFO - [2026-09-10T02:58:17.894+0000] {dagbag.py:588} INFO - Filling up the DagBag from /opt/airflow/dags/01_load_csv.py
[2026-09-10T02:58:17.911+0000] {processor.py:925} INFO - DAG(s) '01_load_csv' retrieved from /opt/airflow/dags/01_load_csv.py
[2026-09-10T02:58:17.959+0000] {logging_mixin.py:190} INFO - [2026-09-10T02:58:17.959+0000] {dag.py:3239} INFO - Sync 1 DAGs
[2026-09-10T02:58:17.989+0000] {logging_mixin.py:190} INFO - [2026-09-10T02:58:17.989+0000] {dag.py:4180} INFO - Setting next_dagrun for 01_load_csv to None, run_after=None
[2026-09-10T02:58:18.019+0000] {processor.py:208} INFO - Processing /opt/airflow/dags/01_load_csv.py took 0.148 seconds
[2026-09-10T02:58:48.894+0000] {processor.py:186} INFO - Started process (PID=1965) to work on /opt/airflow/dags/01_load_csv.py
[2026-09-10T02:58:48.895+0000] {processor.py:914} INFO - Processing file /opt/airflow/dags/01_load_csv.py for tasks to queue
[2026-09-10T02:58:48.901+0000] {logging_mixin.py:190} INFO - [2026-09-10T02:58:48.900+0000] {dagbag.py:588} INFO - Filling up the DagBag from /opt/airflow/dags/01_load_csv.py
[2026-09-10T02:58:48.912+0000] {processor.py:925} INFO - DAG(s) '01_load_csv' retrieved from /opt/airflow/dags/01_load_csv.py
[2026-09-10T02:58:48.954+0000] {logging_mixin.py:190} INFO - [2026-09-10T02:58:48.954+0000] {dag.py:3239} INFO - Sync 1 DAGs
[2026-09-10T02:58:48.971+0000] {logging_mixin.py:190} INFO - [2026-09-10T02:58:48.970+0000] {dag.py:4180} INFO - Setting next_dagrun for 01_load_csv to None, run_after=None
[2026-09-10T02:58:48.991+0000] {processor.py:208} INFO - Processing /opt/airflow/dags/01_load_csv.py took 0.108 seconds
[2026-09-10T02:59:19.808+0000] {processor.py:186} INFO - Started process (PID=2015) to work on /opt/airflow/dags/01_load_csv.py
[2026-09-10T02:59:19.809+0000] {processor.py:914} INFO - Processing file /opt/airflow/dags/01_load_csv.py for tasks to queue
[2026-09-10T02:59:19.814+0000] {logging_mixin.py:190} INFO - [2026-09-10T02:59:19.813+0000] {dagbag.py:588} INFO - Filling up the DagBag from /opt/airflow/dags/01_load_csv.py
[2026-09-10T02:59:19.828+0000] {processor.py:925} INFO - DAG(s) '01_load_csv' retrieved from /opt/airflow/dags/01_load_csv.py
[2026-09-10T02:59:19.867+0000] {logging_mixin.py:190} INFO - [2026-09-10T02:59:19.867+0000] {dag.py:3239} INFO - Sync 1 DAGs
[2026-09-10T02:59:19.884+0000] {logging_mixin.py:190} INFO - [2026-09-10T02:59:19.884+0000] {dag.py:4180} INFO - Setting next_dagrun for 01_load_csv to None, run_after=None
[2026-09-10T02:59:19.911+0000] {processor.py:208} INFO - Processing /opt/airflow/dags/01_load_csv.py took 0.115 seconds
[2026-09-10T02:59:50.762+0000] {processor.py:186} INFO - Started process (PID=2065) to work on /opt/airflow/dags/01_load_csv.py
[2026-09-10T02:59:50.764+0000] {processor.py:914} INFO - Processing file /opt/airflow/dags/01_load_csv.py for tasks to queue
[2026-09-10T02:59:50.767+0000] {logging_mixin.py:190} INFO - [2026-09-10T02:59:50.767+0000] {dagbag.py:588} INFO - Filling up the DagBag from /opt/airflow/dags/01_load_csv.py
[2026-09-10T02:59:50.777+0000] {processor.py:925} INFO - DAG(s) '01_load_csv' retrieved from /opt/airflow/dags/01_load_csv.py
[2026-09-10T02:59:50.814+0000] {logging_mixin.py:190} INFO - [2026-09-10T02:59:50.814+0000] {dag.py:3239} INFO - Sync 1 DAGs
[2026-09-10T02:59:50.830+0000] {logging_mixin.py:190} INFO - [2026-09-10T02:59:50.830+0000] {dag.py:4180} INFO - Setting next_dagrun for 01_load_csv to None, run_after=None
[2026-09-10T02:59:50.852+0000] {processor.py:208} INFO - Processing /opt/airflow/dags/01_load_csv.py took 0.099 seconds
[2026-09-10T03:00:21.593+0000] {processor.py:186} INFO - Started process (PID=2115) to work on /opt/airflow/dags/01_load_csv.py
[2026-09-10T03:00:21.594+0000] {processor.py:914} INFO - Processing file /opt/airflow/dags/01_load_csv.py for tasks to queue
[2026-09-10T03:00:21.598+0000] {logging_mixin.py:190} INFO - [2026-09-10T03:00:21.598+0000] {dagbag.py:588} INFO - Filling up the DagBag from /opt/airflow/dags/01_load_csv.py
[2026-09-10T03:00:21.608+0000] {processor.py:925} INFO - DAG(s) '01_load_csv' retrieved from /opt/airflow/dags/01_load_csv.py
[2026-09-10T03:00:21.648+0000] {logging_mixin.py:190} INFO - [2026-09-10T03:00:21.648+0000] {dag.py:3239} INFO - Sync 1 DAGs
[2026-09-10T03:00:21.666+0000] {logging_mixin.py:190} INFO - [2026-09-10T03:00:21.666+0000] {dag.py:4180} INFO - Setting next_dagrun for 01_load_csv to None, run_after=None
[2026-09-10T03:00:21.687+0000] {processor.py:208} INFO - Processing /opt/airflow/dags/01_load_csv.py took 0.105 seconds
[2026-09-10T03:00:52.411+0000] {processor.py:186} INFO - Started process (PID=2165) to work on /opt/airflow/dags/01_load_csv.py
[2026-09-10T03:00:52.413+0000] {processor.py:914} INFO - Processing file /opt/airflow/dags/01_load_csv.py for tasks to queue
[2026-09-10T03:00:52.416+0000] {logging_mixin.py:190} INFO - [2026-09-10T03:00:52.415+0000] {dagbag.py:588} INFO - Filling up the DagBag from /opt/airflow/dags/01_load_csv.py
[2026-09-10T03:00:52.428+0000] {processor.py:925} INFO - DAG(s) '01_load_csv' retrieved from /opt/airflow/dags/01_load_csv.py
[2026-09-10T03:00:52.483+0000] {logging_mixin.py:190} INFO - [2026-09-10T03:00:52.482+0000] {dag.py:3239} INFO - Sync 1 DAGs
[2026-09-10T03:00:52.511+0000] {logging_mixin.py:190} INFO - [2026-09-10T03:00:52.511+0000] {dag.py:4180} INFO - Setting next_dagrun for 01_load_csv to None, run_after=None
[2026-09-10T03:00:52.536+0000] {processor.py:208} INFO - Processing /opt/airflow/dags/01_load_csv.py took 0.133 seconds
[2026-09-10T03:01:22.589+0000] {processor.py:186} INFO - Started process (PID=2215) to work on /opt/airflow/dags/01_load_csv.py
[2026-09-10T03:01:22.590+0000] {processor.py:914} INFO - Processing file /opt/airflow/dags/01_load_csv.py for tasks to queue
[2026-09-10T03:01:22.594+0000] {logging_mixin.py:190} INFO - [2026-09-10T03:01:22.594+0000] {dagbag.py:588} INFO - Filling up the DagBag from /opt/airflow/dags/01_load_csv.py
[2026-09-10T03:01:22.609+0000] {processor.py:925} INFO - DAG(s) '01_load_csv' retrieved from /opt/airflow/dags/01_load_csv.py
[2026-09-10T03:01:22.645+0000] {logging_mixin.py:190} INFO - [2026-09-10T03:01:22.645+0000] {dag.py:3239} INFO - Sync 1 DAGs
[2026-09-10T03:01:22.662+0000] {logging_mixin.py:190} INFO - [2026-09-10T03:01:22.662+0000] {dag.py:4180} INFO - Setting next_dagrun for 01_load_csv to None, run_after=None
[2026-09-10T03:01:22.685+0000] {processor.py:208} INFO - Processing /opt/airflow/dags/01_load_csv.py took 0.106 seconds
[2026-09-10T03:01:53.386+0000] {processor.py:186} INFO - Started process (PID=2265) to work on /opt/airflow/dags/01_load_csv.py
[2026-09-10T03:01:53.388+0000] {processor.py:914} INFO - Processing file /opt/airflow/dags/01_load_csv.py for tasks to queue
[2026-09-10T03:01:53.393+0000] {logging_mixin.py:190} INFO - [2026-09-10T03:01:53.392+0000] {dagbag.py:588} INFO - Filling up the DagBag from /opt/airflow/dags/01_load_csv.py
[2026-09-10T03:01:53.407+0000] {processor.py:925} INFO - DAG(s) '01_load_csv' retrieved from /opt/airflow/dags/01_load_csv.py
[2026-09-10T03:01:53.445+0000] {logging_mixin.py:190} INFO - [2026-09-10T03:01:53.444+0000] {dag.py:3239} INFO - Sync 1 DAGs
[2026-09-10T03:01:53.462+0000] {logging_mixin.py:190} INFO - [2026-09-10T03:01:53.461+0000] {dag.py:4180} INFO - Setting next_dagrun for 01_load_csv to None, run_after=None
[2026-09-10T03:01:53.482+0000] {processor.py:208} INFO - Processing /opt/airflow/dags/01_load_csv.py took 0.105 seconds
[2026-09-10T03:02:24.333+0000] {processor.py:186} INFO - Started process (PID=2315) to work on /opt/airflow/dags/01_load_csv.py
[2026-09-10T03:02:24.334+0000] {processor.py:914} INFO - Processing file /opt/airflow/dags/01_load_csv.py for tasks to queue
[2026-09-10T03:02:24.337+0000] {logging_mixin.py:190} INFO - [2026-09-10T03:02:24.337+0000] {dagbag.py:588} INFO - Filling up the DagBag from /opt/airflow/dags/01_load_csv.py
[2026-09-10T03:02:24.347+0000] {processor.py:925} INFO - DAG(s) '01_load_csv' retrieved from /opt/airflow/dags/01_load_csv.py
[2026-09-10T03:02:24.383+0000] {logging_mixin.py:190} INFO - [2026-09-10T03:02:24.383+0000] {dag.py:3239} INFO - Sync 1 DAGs
[2026-09-10T03:02:24.400+0000] {logging_mixin.py:190} INFO - [2026-09-10T03:02:24.400+0000] {dag.py:4180} INFO - Setting next_dagrun for 01_load_csv to None, run_after=None
[2026-09-10T03:02:24.421+0000] {processor.py:208} INFO - Processing /opt/airflow/dags/01_load_csv.py took 0.096 seconds
[2026-09-10T03:02:55.396+0000] {processor.py:186} INFO - Started process (PID=2365) to work on /opt/airflow/dags/01_load_csv.py
[2026-09-10T03:02:55.398+0000] {processor.py:914} INFO - Processing file /opt/airflow/dags/01_load_csv.py for tasks to queue
[2026-09-10T03:02:55.402+0000] {logging_mixin.py:190} INFO - [2026-09-10T03:02:55.401+0000] {dagbag.py:588} INFO - Filling up the DagBag from /opt/airflow/dags/01_load_csv.py
[2026-09-10T03:02:55.416+0000] {processor.py:925} INFO - DAG(s) '01_load_csv' retrieved from /opt/airflow/dags/01_load_csv.py
[2026-09-10T03:02:55.458+0000] {logging_mixin.py:190} INFO - [2026-09-10T03:02:55.458+0000] {dag.py:3239} INFO - Sync 1 DAGs
[2026-09-10T03:02:55.476+0000] {logging_mixin.py:190} INFO - [2026-09-10T03:02:55.475+0000] {dag.py:4180} INFO - Setting next_dagrun for 01_load_csv to None, run_after=None
[2026-09-10T03:02:55.502+0000] {processor.py:208} INFO - Processing /opt/airflow/dags/01_load_csv.py took 0.118 seconds
[2026-09-10T03:03:26.222+0000] {processor.py:186} INFO - Started process (PID=2415) to work on /opt/airflow/dags/01_load_csv.py
[2026-09-10T03:03:26.223+0000] {processor.py:914} INFO - Processing file /opt/airflow/dags/01_load_csv.py for tasks to queue
[2026-09-10T03:03:26.226+0000] {logging_mixin.py:190} INFO - [2026-09-10T03:03:26.226+0000] {dagbag.py:588} INFO - Filling up the DagBag from /opt/airflow/dags/01_load_csv.py
[2026-09-10T03:03:26.236+0000] {processor.py:925} INFO - DAG(s) '01_load_csv' retrieved from /opt/airflow/dags/01_load_csv.py
[2026-09-10T03:03:26.273+0000] {logging_mixin.py:190} INFO - [2026-09-10T03:03:26.273+0000] {dag.py:3239} INFO - Sync 1 DAGs
[2026-09-10T03:03:26.292+0000] {logging_mixin.py:190} INFO - [2026-09-10T03:03:26.292+0000] {dag.py:4180} INFO - Setting next_dagrun for 01_load_csv to None, run_after=None
[2026-09-10T03:03:26.313+0000] {processor.py:208} INFO - Processing /opt/airflow/dags/01_load_csv.py took 0.102 seconds
[2026-09-10T03:03:57.078+0000] {processor.py:186} INFO - Started process (PID=2465) to work on /opt/airflow/dags/01_load_csv.py
[2026-09-10T03:03:57.079+0000] {processor.py:914} INFO - Processing file /opt/airflow/dags/01_load_csv.py for tasks to queue
[2026-09-10T03:03:57.082+0000] {logging_mixin.py:190} INFO - [2026-09-10T03:03:57.082+0000] {dagbag.py:588} INFO - Filling up the DagBag from /opt/airflow/dags/01_load_csv.py
[2026-09-10T03:03:57.092+0000] {processor.py:925} INFO - DAG(s) '01_load_csv' retrieved from /opt/airflow/dags/01_load_csv.py
[2026-09-10T03:03:57.130+0000] {logging_mixin.py:190} INFO - [2026-09-10T03:03:57.130+0000] {dag.py:3239} INFO - Sync 1 DAGs
[2026-09-10T03:03:57.148+0000] {logging_mixin.py:190} INFO - [2026-09-10T03:03:57.147+0000] {dag.py:4180} INFO - Setting next_dagrun for 01_load_csv to None, run_after=None
[2026-09-10T03:03:57.171+0000] {processor.py:208} INFO - Processing /opt/airflow/dags/01_load_csv.py took 0.101 seconds
[2026-09-10T03:04:27.213+0000] {processor.py:186} INFO - Started process (PID=2515) to work on /opt/airflow/dags/01_load_csv.py
[2026-09-10T03:04:27.214+0000] {processor.py:914} INFO - Processing file /opt/airflow/dags/01_load_csv.py for tasks to queue
[2026-09-10T03:04:27.217+0000] {logging_mixin.py:190} INFO - [2026-09-10T03:04:27.217+0000] {dagbag.py:588} INFO - Filling up the DagBag from /opt/airflow/dags/01_load_csv.py
[2026-09-10T03:04:27.227+0000] {processor.py:925} INFO - DAG(s) '01_load_csv' retrieved from /opt/airflow/dags/01_load_csv.py
[2026-09-10T03:04:27.268+0000] {logging_mixin.py:190} INFO - [2026-09-10T03:04:27.267+0000] {dag.py:3239} INFO - Sync 1 DAGs
[2026-09-10T03:04:27.284+0000] {logging_mixin.py:190} INFO - [2026-09-10T03:04:27.284+0000] {dag.py:4180} INFO - Setting next_dagrun for 01_load_csv to None, run_after=None
[2026-09-10T03:04:27.307+0000] {processor.py:208} INFO - Processing /opt/airflow/dags/01_load_csv.py took 0.103 seconds
[2026-09-10T03:04:58.187+0000] {processor.py:186} INFO - Started process (PID=2565) to work on /opt/airflow/dags/01_load_csv.py
[2026-09-10T03:04:58.188+0000] {processor.py:914} INFO - Processing file /opt/airflow/dags/01_load_csv.py for tasks to queue
[2026-09-10T03:04:58.191+0000] {logging_mixin.py:190} INFO - [2026-09-10T03:04:58.191+0000] {dagbag.py:588} INFO - Filling up the DagBag from /opt/airflow/dags/01_load_csv.py
[2026-09-10T03:04:58.201+0000] {processor.py:925} INFO - DAG(s) '01_load_csv' retrieved from /opt/airflow/dags/01_load_csv.py
[2026-09-10T03:04:58.234+0000] {logging_mixin.py:190} INFO - [2026-09-10T03:04:58.234+0000] {dag.py:3239} INFO - Sync 1 DAGs
[2026-09-10T03:04:58.250+0000] {logging_mixin.py:190} INFO - [2026-09-10T03:04:58.249+0000] {dag.py:4180} INFO - Setting next_dagrun for 01_load_csv to None, run_after=None
[2026-09-10T03:04:58.268+0000] {processor.py:208} INFO - Processing /opt/airflow/dags/01_load_csv.py took 0.089 seconds
[2026-09-10T03:05:29.184+0000] {processor.py:186} INFO - Started process (PID=2615) to work on /opt/airflow/dags/01_load_csv.py
[2026-09-10T03:05:29.185+0000] {processor.py:914} INFO - Processing file /opt/airflow/dags/01_load_csv.py for tasks to queue
[2026-09-10T03:05:29.187+0000] {logging_mixin.py:190} INFO - [2026-09-10T03:05:29.187+0000] {dagbag.py:588} INFO - Filling up the DagBag from /opt/airflow/dags/01_load_csv.py
[2026-09-10T03:05:29.197+0000] {processor.py:925} INFO - DAG(s) '01_load_csv' retrieved from /opt/airflow/dags/01_load_csv.py
[2026-09-10T03:05:29.231+0000] {logging_mixin.py:190} INFO - [2026-09-10T03:05:29.231+0000] {dag.py:3239} INFO - Sync 1 DAGs
[2026-09-10T03:05:29.246+0000] {logging_mixin.py:190} INFO - [2026-09-10T03:05:29.246+0000] {dag.py:4180} INFO - Setting next_dagrun for 01_load_csv to None, run_after=None
[2026-09-10T03:05:29.265+0000] {processor.py:208} INFO - Processing /opt/airflow/dags/01_load_csv.py took 0.088 seconds
[2026-09-10T03:06:00.229+0000] {processor.py:186} INFO - Started process (PID=2665) to work on /opt/airflow/dags/01_load_csv.py
[2026-09-10T03:06:00.231+0000] {processor.py:914} INFO - Processing file /opt/airflow/dags/01_load_csv.py for tasks to queue
[2026-09-10T03:06:00.234+0000] {logging_mixin.py:190} INFO - [2026-09-10T03:06:00.233+0000] {dagbag.py:588} INFO - Filling up the DagBag from /opt/airflow/dags/01_load_csv.py
[2026-09-10T03:06:00.247+0000] {processor.py:925} INFO - DAG(s) '01_load_csv' retrieved from /opt/airflow/dags/01_load_csv.py
[2026-09-10T03:06:00.292+0000] {logging_mixin.py:190} INFO - [2026-09-10T03:06:00.292+0000] {dag.py:3239} INFO - Sync 1 DAGs
[2026-09-10T03:06:00.314+0000] {logging_mixin.py:190} INFO - [2026-09-10T03:06:00.314+0000] {dag.py:4180} INFO - Setting next_dagrun for 01_load_csv to None, run_after=None
[2026-09-10T03:06:00.347+0000] {processor.py:208} INFO - Processing /opt/airflow/dags/01_load_csv.py took 0.129 seconds
[2026-09-10T03:06:31.251+0000] {processor.py:186} INFO - Started process (PID=2715) to work on /opt/airflow/dags/01_load_csv.py
[2026-09-10T03:06:31.252+0000] {processor.py:914} INFO - Processing file /opt/airflow/dags/01_load_csv.py for tasks to queue
[2026-09-10T03:06:31.255+0000] {logging_mixin.py:190} INFO - [2026-09-10T03:06:31.255+0000] {dagbag.py:588} INFO - Filling up the DagBag from /opt/airflow/dags/01_load_csv.py
[2026-09-10T03:06:31.266+0000] {processor.py:925} INFO - DAG(s) '01_load_csv' retrieved from /opt/airflow/dags/01_load_csv.py
[2026-09-10T03:06:31.301+0000] {logging_mixin.py:190} INFO - [2026-09-10T03:06:31.301+0000] {dag.py:3239} INFO - Sync 1 DAGs
[2026-09-10T03:06:31.317+0000] {logging_mixin.py:190} INFO - [2026-09-10T03:06:31.317+0000] {dag.py:4180} INFO - Setting next_dagrun for 01_load_csv to None, run_after=None
[2026-09-10T03:06:31.335+0000] {processor.py:208} INFO - Processing /opt/airflow/dags/01_load_csv.py took 0.093 seconds
[2026-09-10T03:07:02.124+0000] {processor.py:186} INFO - Started process (PID=2765) to work on /opt/airflow/dags/01_load_csv.py
[2026-09-10T03:07:02.126+0000] {processor.py:914} INFO - Processing file /opt/airflow/dags/01_load_csv.py for tasks to queue
[2026-09-10T03:07:02.129+0000] {logging_mixin.py:190} INFO - [2026-09-10T03:07:02.129+0000] {dagbag.py:588} INFO - Filling up the DagBag from /opt/airflow/dags/01_load_csv.py
[2026-09-10T03:07:02.141+0000] {processor.py:925} INFO - DAG(s) '01_load_csv' retrieved from /opt/airflow/dags/01_load_csv.py
[2026-09-10T03:07:02.176+0000] {logging_mixin.py:190} INFO - [2026-09-10T03:07:02.175+0000] {dag.py:3239} INFO - Sync 1 DAGs
[2026-09-10T03:07:02.190+0000] {logging_mixin.py:190} INFO - [2026-09-10T03:07:02.190+0000] {dag.py:4180} INFO - Setting next_dagrun for 01_load_csv to None, run_after=None
[2026-09-10T03:07:02.215+0000] {processor.py:208} INFO - Processing /opt/airflow/dags/01_load_csv.py took 0.099 seconds
[2026-09-10T03:07:33.165+0000] {processor.py:186} INFO - Started process (PID=2818) to work on /opt/airflow/dags/01_load_csv.py
[2026-09-10T03:07:33.166+0000] {processor.py:914} INFO - Processing file /opt/airflow/dags/01_load_csv.py for tasks to queue
[2026-09-10T03:07:33.169+0000] {logging_mixin.py:190} INFO - [2026-09-10T03:07:33.168+0000] {dagbag.py:588} INFO - Filling up the DagBag from /opt/airflow/dags/01_load_csv.py
[2026-09-10T03:07:33.191+0000] {processor.py:925} INFO - DAG(s) '01_load_csv' retrieved from /opt/airflow/dags/01_load_csv.py
[2026-09-10T03:07:33.260+0000] {logging_mixin.py:190} INFO - [2026-09-10T03:07:33.260+0000] {dag.py:3239} INFO - Sync 1 DAGs
[2026-09-10T03:07:33.285+0000] {logging_mixin.py:190} INFO - [2026-09-10T03:07:33.285+0000] {dag.py:4180} INFO - Setting next_dagrun for 01_load_csv to None, run_after=None
[2026-09-10T03:07:33.323+0000] {processor.py:208} INFO - Processing /opt/airflow/dags/01_load_csv.py took 0.168 seconds
[2026-09-10T03:08:04.100+0000] {processor.py:186} INFO - Started process (PID=2880) to work on /opt/airflow/dags/01_load_csv.py
[2026-09-10T03:08:04.102+0000] {processor.py:914} INFO - Processing file /opt/airflow/dags/01_load_csv.py for tasks to queue
[2026-09-10T03:08:04.104+0000] {logging_mixin.py:190} INFO - [2026-09-10T03:08:04.104+0000] {dagbag.py:588} INFO - Filling up the DagBag from /opt/airflow/dags/01_load_csv.py
[2026-09-10T03:08:04.114+0000] {processor.py:925} INFO - DAG(s) '01_load_csv' retrieved from /opt/airflow/dags/01_load_csv.py
[2026-09-10T03:08:04.149+0000] {logging_mixin.py:190} INFO - [2026-09-10T03:08:04.149+0000] {dag.py:3239} INFO - Sync 1 DAGs
[2026-09-10T03:08:04.164+0000] {logging_mixin.py:190} INFO - [2026-09-10T03:08:04.164+0000] {dag.py:4180} INFO - Setting next_dagrun for 01_load_csv to None, run_after=None
[2026-09-10T03:08:04.182+0000] {processor.py:208} INFO - Processing /opt/airflow/dags/01_load_csv.py took 0.089 seconds
[2026-09-10T03:08:34.935+0000] {processor.py:186} INFO - Started process (PID=2930) to work on /opt/airflow/dags/01_load_csv.py
[2026-09-10T03:08:34.938+0000] {processor.py:914} INFO - Processing file /opt/airflow/dags/01_load_csv.py for tasks to queue
[2026-09-10T03:08:34.946+0000] {logging_mixin.py:190} INFO - [2026-09-10T03:08:34.945+0000] {dagbag.py:588} INFO - Filling up the DagBag from /opt/airflow/dags/01_load_csv.py
[2026-09-10T03:08:34.969+0000] {processor.py:925} INFO - DAG(s) '01_load_csv' retrieved from /opt/airflow/dags/01_load_csv.py
[2026-09-10T03:08:35.035+0000] {logging_mixin.py:190} INFO - [2026-09-10T03:08:35.034+0000] {dag.py:3239} INFO - Sync 1 DAGs
[2026-09-10T03:08:35.056+0000] {logging_mixin.py:190} INFO - [2026-09-10T03:08:35.055+0000] {dag.py:4180} INFO - Setting next_dagrun for 01_load_csv to None, run_after=None
[2026-09-10T03:08:35.078+0000] {processor.py:208} INFO - Processing /opt/airflow/dags/01_load_csv.py took 0.163 seconds
[2026-09-10T03:09:05.213+0000] {processor.py:186} INFO - Started process (PID=2980) to work on /opt/airflow/dags/01_load_csv.py
[2026-09-10T03:09:05.216+0000] {processor.py:914} INFO - Processing file /opt/airflow/dags/01_load_csv.py for tasks to queue
[2026-09-10T03:09:05.221+0000] {logging_mixin.py:190} INFO - [2026-09-10T03:09:05.220+0000] {dagbag.py:588} INFO - Filling up the DagBag from /opt/airflow/dags/01_load_csv.py
[2026-09-10T03:09:05.245+0000] {processor.py:925} INFO - DAG(s) '01_load_csv' retrieved from /opt/airflow/dags/01_load_csv.py
[2026-09-10T03:09:05.298+0000] {logging_mixin.py:190} INFO - [2026-09-10T03:09:05.298+0000] {dag.py:3239} INFO - Sync 1 DAGs
[2026-09-10T03:09:05.341+0000] {logging_mixin.py:190} INFO - [2026-09-10T03:09:05.340+0000] {dag.py:4180} INFO - Setting next_dagrun for 01_load_csv to None, run_after=None
[2026-09-10T03:09:05.385+0000] {processor.py:208} INFO - Processing /opt/airflow/dags/01_load_csv.py took 0.185 seconds
[2026-09-10T03:09:36.212+0000] {processor.py:186} INFO - Started process (PID=3039) to work on /opt/airflow/dags/01_load_csv.py
[2026-09-10T03:09:36.214+0000] {processor.py:914} INFO - Processing file /opt/airflow/dags/01_load_csv.py for tasks to queue
[2026-09-10T03:09:36.219+0000] {logging_mixin.py:190} INFO - [2026-09-10T03:09:36.218+0000] {dagbag.py:588} INFO - Filling up the DagBag from /opt/airflow/dags/01_load_csv.py
[2026-09-10T03:09:36.230+0000] {processor.py:925} INFO - DAG(s) '01_load_csv' retrieved from /opt/airflow/dags/01_load_csv.py
[2026-09-10T03:09:36.273+0000] {logging_mixin.py:190} INFO - [2026-09-10T03:09:36.273+0000] {dag.py:3239} INFO - Sync 1 DAGs
[2026-09-10T03:09:36.294+0000] {logging_mixin.py:190} INFO - [2026-09-10T03:09:36.293+0000] {dag.py:4180} INFO - Setting next_dagrun for 01_load_csv to None, run_after=None
[2026-09-10T03:09:36.321+0000] {processor.py:208} INFO - Processing /opt/airflow/dags/01_load_csv.py took 0.117 seconds
[2026-09-10T03:10:07.134+0000] {processor.py:186} INFO - Started process (PID=3089) to work on /opt/airflow/dags/01_load_csv.py
[2026-09-10T03:10:07.136+0000] {processor.py:914} INFO - Processing file /opt/airflow/dags/01_load_csv.py for tasks to queue
[2026-09-10T03:10:07.140+0000] {logging_mixin.py:190} INFO - [2026-09-10T03:10:07.139+0000] {dagbag.py:588} INFO - Filling up the DagBag from /opt/airflow/dags/01_load_csv.py
[2026-09-10T03:10:07.152+0000] {processor.py:925} INFO - DAG(s) '01_load_csv' retrieved from /opt/airflow/dags/01_load_csv.py
[2026-09-10T03:10:07.196+0000] {logging_mixin.py:190} INFO - [2026-09-10T03:10:07.196+0000] {dag.py:3239} INFO - Sync 1 DAGs
[2026-09-10T03:10:07.213+0000] {logging_mixin.py:190} INFO - [2026-09-10T03:10:07.213+0000] {dag.py:4180} INFO - Setting next_dagrun for 01_load_csv to None, run_after=None
[2026-09-10T03:10:07.235+0000] {processor.py:208} INFO - Processing /opt/airflow/dags/01_load_csv.py took 0.112 seconds
[2026-09-10T03:10:38.005+0000] {processor.py:186} INFO - Started process (PID=3139) to work on /opt/airflow/dags/01_load_csv.py
[2026-09-10T03:10:38.007+0000] {processor.py:914} INFO - Processing file /opt/airflow/dags/01_load_csv.py for tasks to queue
[2026-09-10T03:10:38.010+0000] {logging_mixin.py:190} INFO - [2026-09-10T03:10:38.009+0000] {dagbag.py:588} INFO - Filling up the DagBag from /opt/airflow/dags/01_load_csv.py
[2026-09-10T03:10:38.024+0000] {processor.py:925} INFO - DAG(s) '01_load_csv' retrieved from /opt/airflow/dags/01_load_csv.py
[2026-09-10T03:10:38.060+0000] {logging_mixin.py:190} INFO - [2026-09-10T03:10:38.060+0000] {dag.py:3239} INFO - Sync 1 DAGs
[2026-09-10T03:10:38.076+0000] {logging_mixin.py:190} INFO - [2026-09-10T03:10:38.076+0000] {dag.py:4180} INFO - Setting next_dagrun for 01_load_csv to None, run_after=None
[2026-09-10T03:10:38.098+0000] {processor.py:208} INFO - Processing /opt/airflow/dags/01_load_csv.py took 0.102 seconds
[2026-09-10T03:11:08.876+0000] {processor.py:186} INFO - Started process (PID=3189) to work on /opt/airflow/dags/01_load_csv.py
[2026-09-10T03:11:08.878+0000] {processor.py:914} INFO - Processing file /opt/airflow/dags/01_load_csv.py for tasks to queue
[2026-09-10T03:11:08.881+0000] {logging_mixin.py:190} INFO - [2026-09-10T03:11:08.881+0000] {dagbag.py:588} INFO - Filling up the DagBag from /opt/airflow/dags/01_load_csv.py
[2026-09-10T03:11:08.896+0000] {processor.py:925} INFO - DAG(s) '01_load_csv' retrieved from /opt/airflow/dags/01_load_csv.py
[2026-09-10T03:11:08.935+0000] {logging_mixin.py:190} INFO - [2026-09-10T03:11:08.935+0000] {dag.py:3239} INFO - Sync 1 DAGs
[2026-09-10T03:11:08.952+0000] {logging_mixin.py:190} INFO - [2026-09-10T03:11:08.952+0000] {dag.py:4180} INFO - Setting next_dagrun for 01_load_csv to None, run_after=None
[2026-09-10T03:11:08.973+0000] {processor.py:208} INFO - Processing /opt/airflow/dags/01_load_csv.py took 0.105 seconds
[2026-09-10T03:11:39.810+0000] {processor.py:186} INFO - Started process (PID=3239) to work on /opt/airflow/dags/01_load_csv.py
[2026-09-10T03:11:39.811+0000] {processor.py:914} INFO - Processing file /opt/airflow/dags/01_load_csv.py for tasks to queue
[2026-09-10T03:11:39.815+0000] {logging_mixin.py:190} INFO - [2026-09-10T03:11:39.814+0000] {dagbag.py:588} INFO - Filling up the DagBag from /opt/airflow/dags/01_load_csv.py
[2026-09-10T03:11:39.825+0000] {processor.py:925} INFO - DAG(s) '01_load_csv' retrieved from /opt/airflow/dags/01_load_csv.py
[2026-09-10T03:11:39.862+0000] {logging_mixin.py:190} INFO - [2026-09-10T03:11:39.862+0000] {dag.py:3239} INFO - Sync 1 DAGs
[2026-09-10T03:11:39.878+0000] {logging_mixin.py:190} INFO - [2026-09-10T03:11:39.878+0000] {dag.py:4180} INFO - Setting next_dagrun for 01_load_csv to None, run_after=None
[2026-09-10T03:11:39.898+0000] {processor.py:208} INFO - Processing /opt/airflow/dags/01_load_csv.py took 0.099 seconds
[2026-09-10T03:12:10.843+0000] {processor.py:186} INFO - Started process (PID=3298) to work on /opt/airflow/dags/01_load_csv.py
[2026-09-10T03:12:10.855+0000] {processor.py:914} INFO - Processing file /opt/airflow/dags/01_load_csv.py for tasks to queue
[2026-09-10T03:12:10.874+0000] {logging_mixin.py:190} INFO - [2026-09-10T03:12:10.874+0000] {dagbag.py:588} INFO - Filling up the DagBag from /opt/airflow/dags/01_load_csv.py
[2026-09-10T03:12:10.948+0000] {processor.py:925} INFO - DAG(s) '01_load_csv' retrieved from /opt/airflow/dags/01_load_csv.py
[2026-09-10T03:12:11.112+0000] {logging_mixin.py:190} INFO - [2026-09-10T03:12:11.112+0000] {dag.py:3239} INFO - Sync 1 DAGs
[2026-09-10T03:12:11.190+0000] {logging_mixin.py:190} INFO - [2026-09-10T03:12:11.190+0000] {dag.py:4180} INFO - Setting next_dagrun for 01_load_csv to None, run_after=None
[2026-09-10T03:12:11.238+0000] {processor.py:208} INFO - Processing /opt/airflow/dags/01_load_csv.py took 0.482 seconds
[2026-09-10T03:12:42.090+0000] {processor.py:186} INFO - Started process (PID=3351) to work on /opt/airflow/dags/01_load_csv.py
[2026-09-10T03:12:42.092+0000] {processor.py:914} INFO - Processing file /opt/airflow/dags/01_load_csv.py for tasks to queue
[2026-09-10T03:12:42.095+0000] {logging_mixin.py:190} INFO - [2026-09-10T03:12:42.095+0000] {dagbag.py:588} INFO - Filling up the DagBag from /opt/airflow/dags/01_load_csv.py
[2026-09-10T03:12:42.110+0000] {processor.py:925} INFO - DAG(s) '01_load_csv' retrieved from /opt/airflow/dags/01_load_csv.py
[2026-09-10T03:12:42.157+0000] {logging_mixin.py:190} INFO - [2026-09-10T03:12:42.156+0000] {dag.py:3239} INFO - Sync 1 DAGs
[2026-09-10T03:12:42.176+0000] {logging_mixin.py:190} INFO - [2026-09-10T03:12:42.176+0000] {dag.py:4180} INFO - Setting next_dagrun for 01_load_csv to None, run_after=None
[2026-09-10T03:12:42.199+0000] {processor.py:208} INFO - Processing /opt/airflow/dags/01_load_csv.py took 0.120 seconds
[2026-09-10T03:13:13.076+0000] {processor.py:186} INFO - Started process (PID=3407) to work on /opt/airflow/dags/01_load_csv.py
[2026-09-10T03:13:13.077+0000] {processor.py:914} INFO - Processing file /opt/airflow/dags/01_load_csv.py for tasks to queue
[2026-09-10T03:13:13.081+0000] {logging_mixin.py:190} INFO - [2026-09-10T03:13:13.081+0000] {dagbag.py:588} INFO - Filling up the DagBag from /opt/airflow/dags/01_load_csv.py
[2026-09-10T03:13:13.104+0000] {processor.py:925} INFO - DAG(s) '01_load_csv' retrieved from /opt/airflow/dags/01_load_csv.py
[2026-09-10T03:13:13.161+0000] {logging_mixin.py:190} INFO - [2026-09-10T03:13:13.161+0000] {dag.py:3239} INFO - Sync 1 DAGs
[2026-09-10T03:13:13.181+0000] {logging_mixin.py:190} INFO - [2026-09-10T03:13:13.180+0000] {dag.py:4180} INFO - Setting next_dagrun for 01_load_csv to None, run_after=None
[2026-09-10T03:13:13.211+0000] {processor.py:208} INFO - Processing /opt/airflow/dags/01_load_csv.py took 0.153 seconds
[2026-09-10T03:13:43.397+0000] {processor.py:186} INFO - Started process (PID=3457) to work on /opt/airflow/dags/01_load_csv.py
[2026-09-10T03:13:43.399+0000] {processor.py:914} INFO - Processing file /opt/airflow/dags/01_load_csv.py for tasks to queue
[2026-09-10T03:13:43.405+0000] {logging_mixin.py:190} INFO - [2026-09-10T03:13:43.404+0000] {dagbag.py:588} INFO - Filling up the DagBag from /opt/airflow/dags/01_load_csv.py
[2026-09-10T03:13:43.416+0000] {processor.py:925} INFO - DAG(s) '01_load_csv' retrieved from /opt/airflow/dags/01_load_csv.py
[2026-09-10T03:13:43.455+0000] {logging_mixin.py:190} INFO - [2026-09-10T03:13:43.455+0000] {dag.py:3239} INFO - Sync 1 DAGs
[2026-09-10T03:13:43.472+0000] {logging_mixin.py:190} INFO - [2026-09-10T03:13:43.472+0000] {dag.py:4180} INFO - Setting next_dagrun for 01_load_csv to None, run_after=None
[2026-09-10T03:13:43.492+0000] {processor.py:208} INFO - Processing /opt/airflow/dags/01_load_csv.py took 0.109 seconds
[2026-09-10T03:14:13.638+0000] {processor.py:186} INFO - Started process (PID=3516) to work on /opt/airflow/dags/01_load_csv.py
[2026-09-10T03:14:13.640+0000] {processor.py:914} INFO - Processing file /opt/airflow/dags/01_load_csv.py for tasks to queue
[2026-09-10T03:14:13.642+0000] {logging_mixin.py:190} INFO - [2026-09-10T03:14:13.642+0000] {dagbag.py:588} INFO - Filling up the DagBag from /opt/airflow/dags/01_load_csv.py
[2026-09-10T03:14:13.657+0000] {processor.py:925} INFO - DAG(s) '01_load_csv' retrieved from /opt/airflow/dags/01_load_csv.py
[2026-09-10T03:14:13.711+0000] {logging_mixin.py:190} INFO - [2026-09-10T03:14:13.710+0000] {dag.py:3239} INFO - Sync 1 DAGs
[2026-09-10T03:14:13.749+0000] {logging_mixin.py:190} INFO - [2026-09-10T03:14:13.749+0000] {dag.py:4180} INFO - Setting next_dagrun for 01_load_csv to None, run_after=None
[2026-09-10T03:14:13.817+0000] {processor.py:208} INFO - Processing /opt/airflow/dags/01_load_csv.py took 0.188 seconds
[2026-09-10T03:14:44.043+0000] {processor.py:186} INFO - Started process (PID=3566) to work on /opt/airflow/dags/01_load_csv.py
[2026-09-10T03:14:44.044+0000] {processor.py:914} INFO - Processing file /opt/airflow/dags/01_load_csv.py for tasks to queue
[2026-09-10T03:14:44.047+0000] {logging_mixin.py:190} INFO - [2026-09-10T03:14:44.047+0000] {dagbag.py:588} INFO - Filling up the DagBag from /opt/airflow/dags/01_load_csv.py
[2026-09-10T03:14:44.058+0000] {processor.py:925} INFO - DAG(s) '01_load_csv' retrieved from /opt/airflow/dags/01_load_csv.py
[2026-09-10T03:14:44.100+0000] {logging_mixin.py:190} INFO - [2026-09-10T03:14:44.100+0000] {dag.py:3239} INFO - Sync 1 DAGs
[2026-09-10T03:14:44.117+0000] {logging_mixin.py:190} INFO - [2026-09-10T03:14:44.117+0000] {dag.py:4180} INFO - Setting next_dagrun for 01_load_csv to None, run_after=None
[2026-09-10T03:14:44.138+0000] {processor.py:208} INFO - Processing /opt/airflow/dags/01_load_csv.py took 0.104 seconds
[2026-09-10T03:15:14.239+0000] {processor.py:186} INFO - Started process (PID=3616) to work on /opt/airflow/dags/01_load_csv.py
[2026-09-10T03:15:14.241+0000] {processor.py:914} INFO - Processing file /opt/airflow/dags/01_load_csv.py for tasks to queue
[2026-09-10T03:15:14.246+0000] {logging_mixin.py:190} INFO - [2026-09-10T03:15:14.245+0000] {dagbag.py:588} INFO - Filling up the DagBag from /opt/airflow/dags/01_load_csv.py
[2026-09-10T03:15:14.257+0000] {processor.py:925} INFO - DAG(s) '01_load_csv' retrieved from /opt/airflow/dags/01_load_csv.py
[2026-09-10T03:15:14.302+0000] {logging_mixin.py:190} INFO - [2026-09-10T03:15:14.302+0000] {dag.py:3239} INFO - Sync 1 DAGs
[2026-09-10T03:15:14.321+0000] {logging_mixin.py:190} INFO - [2026-09-10T03:15:14.320+0000] {dag.py:4180} INFO - Setting next_dagrun for 01_load_csv to None, run_after=None
[2026-09-10T03:15:14.351+0000] {processor.py:208} INFO - Processing /opt/airflow/dags/01_load_csv.py took 0.123 seconds
[2026-09-10T03:15:45.231+0000] {processor.py:186} INFO - Started process (PID=3666) to work on /opt/airflow/dags/01_load_csv.py
[2026-09-10T03:15:45.232+0000] {processor.py:914} INFO - Processing file /opt/airflow/dags/01_load_csv.py for tasks to queue
[2026-09-10T03:15:45.234+0000] {logging_mixin.py:190} INFO - [2026-09-10T03:15:45.234+0000] {dagbag.py:588} INFO - Filling up the DagBag from /opt/airflow/dags/01_load_csv.py
[2026-09-10T03:15:45.245+0000] {processor.py:925} INFO - DAG(s) '01_load_csv' retrieved from /opt/airflow/dags/01_load_csv.py
[2026-09-10T03:15:45.284+0000] {logging_mixin.py:190} INFO - [2026-09-10T03:15:45.284+0000] {dag.py:3239} INFO - Sync 1 DAGs
[2026-09-10T03:15:45.304+0000] {logging_mixin.py:190} INFO - [2026-09-10T03:15:45.303+0000] {dag.py:4180} INFO - Setting next_dagrun for 01_load_csv to None, run_after=None
[2026-09-10T03:15:45.325+0000] {processor.py:208} INFO - Processing /opt/airflow/dags/01_load_csv.py took 0.104 seconds
[2026-09-10T03:16:15.378+0000] {processor.py:186} INFO - Started process (PID=3716) to work on /opt/airflow/dags/01_load_csv.py
[2026-09-10T03:16:15.380+0000] {processor.py:914} INFO - Processing file /opt/airflow/dags/01_load_csv.py for tasks to queue
[2026-09-10T03:16:15.385+0000] {logging_mixin.py:190} INFO - [2026-09-10T03:16:15.384+0000] {dagbag.py:588} INFO - Filling up the DagBag from /opt/airflow/dags/01_load_csv.py
[2026-09-10T03:16:15.398+0000] {processor.py:925} INFO - DAG(s) '01_load_csv' retrieved from /opt/airflow/dags/01_load_csv.py
[2026-09-10T03:16:15.436+0000] {logging_mixin.py:190} INFO - [2026-09-10T03:16:15.436+0000] {dag.py:3239} INFO - Sync 1 DAGs
[2026-09-10T03:16:15.455+0000] {logging_mixin.py:190} INFO - [2026-09-10T03:16:15.454+0000] {dag.py:4180} INFO - Setting next_dagrun for 01_load_csv to None, run_after=None
[2026-09-10T03:16:15.477+0000] {processor.py:208} INFO - Processing /opt/airflow/dags/01_load_csv.py took 0.111 seconds
[2026-09-10T03:16:46.322+0000] {processor.py:186} INFO - Started process (PID=3766) to work on /opt/airflow/dags/01_load_csv.py
[2026-09-10T03:16:46.323+0000] {processor.py:914} INFO - Processing file /opt/airflow/dags/01_load_csv.py for tasks to queue
[2026-09-10T03:16:46.326+0000] {logging_mixin.py:190} INFO - [2026-09-10T03:16:46.326+0000] {dagbag.py:588} INFO - Filling up the DagBag from /opt/airflow/dags/01_load_csv.py
[2026-09-10T03:16:46.340+0000] {processor.py:925} INFO - DAG(s) '01_load_csv' retrieved from /opt/airflow/dags/01_load_csv.py
[2026-09-10T03:16:46.373+0000] {logging_mixin.py:190} INFO - [2026-09-10T03:16:46.373+0000] {dag.py:3239} INFO - Sync 1 DAGs
[2026-09-10T03:16:46.389+0000] {logging_mixin.py:190} INFO - [2026-09-10T03:16:46.389+0000] {dag.py:4180} INFO - Setting next_dagrun for 01_load_csv to None, run_after=None
[2026-09-10T03:16:46.410+0000] {processor.py:208} INFO - Processing /opt/airflow/dags/01_load_csv.py took 0.101 seconds
[2026-09-10T03:17:17.225+0000] {processor.py:186} INFO - Started process (PID=3816) to work on /opt/airflow/dags/01_load_csv.py
[2026-09-10T03:17:17.227+0000] {processor.py:914} INFO - Processing file /opt/airflow/dags/01_load_csv.py for tasks to queue
[2026-09-10T03:17:17.230+0000] {logging_mixin.py:190} INFO - [2026-09-10T03:17:17.230+0000] {dagbag.py:588} INFO - Filling up the DagBag from /opt/airflow/dags/01_load_csv.py
[2026-09-10T03:17:17.241+0000] {processor.py:925} INFO - DAG(s) '01_load_csv' retrieved from /opt/airflow/dags/01_load_csv.py
[2026-09-10T03:17:17.278+0000] {logging_mixin.py:190} INFO - [2026-09-10T03:17:17.278+0000] {dag.py:3239} INFO - Sync 1 DAGs
[2026-09-10T03:17:17.295+0000] {logging_mixin.py:190} INFO - [2026-09-10T03:17:17.295+0000] {dag.py:4180} INFO - Setting next_dagrun for 01_load_csv to None, run_after=None
[2026-09-10T03:17:17.317+0000] {processor.py:208} INFO - Processing /opt/airflow/dags/01_load_csv.py took 0.103 seconds
[2026-09-10T03:17:48.203+0000] {processor.py:186} INFO - Started process (PID=3866) to work on /opt/airflow/dags/01_load_csv.py
[2026-09-10T03:17:48.204+0000] {processor.py:914} INFO - Processing file /opt/airflow/dags/01_load_csv.py for tasks to queue
[2026-09-10T03:17:48.207+0000] {logging_mixin.py:190} INFO - [2026-09-10T03:17:48.207+0000] {dagbag.py:588} INFO - Filling up the DagBag from /opt/airflow/dags/01_load_csv.py
[2026-09-10T03:17:48.218+0000] {processor.py:925} INFO - DAG(s) '01_load_csv' retrieved from /opt/airflow/dags/01_load_csv.py
[2026-09-10T03:17:48.255+0000] {logging_mixin.py:190} INFO - [2026-09-10T03:17:48.255+0000] {dag.py:3239} INFO - Sync 1 DAGs
[2026-09-10T03:17:48.272+0000] {logging_mixin.py:190} INFO - [2026-09-10T03:17:48.272+0000] {dag.py:4180} INFO - Setting next_dagrun for 01_load_csv to None, run_after=None
[2026-09-10T03:17:48.292+0000] {processor.py:208} INFO - Processing /opt/airflow/dags/01_load_csv.py took 0.099 seconds
[2026-09-10T03:18:19.151+0000] {processor.py:186} INFO - Started process (PID=3916) to work on /opt/airflow/dags/01_load_csv.py
[2026-09-10T03:18:19.153+0000] {processor.py:914} INFO - Processing file /opt/airflow/dags/01_load_csv.py for tasks to queue
[2026-09-10T03:18:19.156+0000] {logging_mixin.py:190} INFO - [2026-09-10T03:18:19.156+0000] {dagbag.py:588} INFO - Filling up the DagBag from /opt/airflow/dags/01_load_csv.py
[2026-09-10T03:18:19.167+0000] {processor.py:925} INFO - DAG(s) '01_load_csv' retrieved from /opt/airflow/dags/01_load_csv.py
[2026-09-10T03:18:19.205+0000] {logging_mixin.py:190} INFO - [2026-09-10T03:18:19.205+0000] {dag.py:3239} INFO - Sync 1 DAGs
[2026-09-10T03:18:19.223+0000] {logging_mixin.py:190} INFO - [2026-09-10T03:18:19.223+0000] {dag.py:4180} INFO - Setting next_dagrun for 01_load_csv to None, run_after=None
[2026-09-10T03:18:19.244+0000] {processor.py:208} INFO - Processing /opt/airflow/dags/01_load_csv.py took 0.103 seconds
[2026-09-10T03:18:49.880+0000] {processor.py:186} INFO - Started process (PID=3966) to work on /opt/airflow/dags/01_load_csv.py
[2026-09-10T03:18:49.881+0000] {processor.py:914} INFO - Processing file /opt/airflow/dags/01_load_csv.py for tasks to queue
[2026-09-10T03:18:49.884+0000] {logging_mixin.py:190} INFO - [2026-09-10T03:18:49.884+0000] {dagbag.py:588} INFO - Filling up the DagBag from /opt/airflow/dags/01_load_csv.py
[2026-09-10T03:18:49.895+0000] {processor.py:925} INFO - DAG(s) '01_load_csv' retrieved from /opt/airflow/dags/01_load_csv.py
[2026-09-10T03:18:49.933+0000] {logging_mixin.py:190} INFO - [2026-09-10T03:18:49.933+0000] {dag.py:3239} INFO - Sync 1 DAGs
[2026-09-10T03:18:49.951+0000] {logging_mixin.py:190} INFO - [2026-09-10T03:18:49.950+0000] {dag.py:4180} INFO - Setting next_dagrun for 01_load_csv to None, run_after=None
[2026-09-10T03:18:49.972+0000] {processor.py:208} INFO - Processing /opt/airflow/dags/01_load_csv.py took 0.101 seconds
[2026-09-10T03:19:20.830+0000] {processor.py:186} INFO - Started process (PID=4016) to work on /opt/airflow/dags/01_load_csv.py
[2026-09-10T03:19:20.832+0000] {processor.py:914} INFO - Processing file /opt/airflow/dags/01_load_csv.py for tasks to queue
[2026-09-10T03:19:20.835+0000] {logging_mixin.py:190} INFO - [2026-09-10T03:19:20.835+0000] {dagbag.py:588} INFO - Filling up the DagBag from /opt/airflow/dags/01_load_csv.py
[2026-09-10T03:19:20.844+0000] {processor.py:925} INFO - DAG(s) '01_load_csv' retrieved from /opt/airflow/dags/01_load_csv.py
[2026-09-10T03:19:20.879+0000] {logging_mixin.py:190} INFO - [2026-09-10T03:19:20.879+0000] {dag.py:3239} INFO - Sync 1 DAGs
[2026-09-10T03:19:20.895+0000] {logging_mixin.py:190} INFO - [2026-09-10T03:19:20.895+0000] {dag.py:4180} INFO - Setting next_dagrun for 01_load_csv to None, run_after=None
[2026-09-10T03:19:20.915+0000] {processor.py:208} INFO - Processing /opt/airflow/dags/01_load_csv.py took 0.097 seconds
[2026-09-10T03:19:51.685+0000] {processor.py:186} INFO - Started process (PID=4066) to work on /opt/airflow/dags/01_load_csv.py
[2026-09-10T03:19:51.687+0000] {processor.py:914} INFO - Processing file /opt/airflow/dags/01_load_csv.py for tasks to queue
[2026-09-10T03:19:51.690+0000] {logging_mixin.py:190} INFO - [2026-09-10T03:19:51.689+0000] {dagbag.py:588} INFO - Filling up the DagBag from /opt/airflow/dags/01_load_csv.py
[2026-09-10T03:19:51.700+0000] {processor.py:925} INFO - DAG(s) '01_load_csv' retrieved from /opt/airflow/dags/01_load_csv.py
[2026-09-10T03:19:51.737+0000] {logging_mixin.py:190} INFO - [2026-09-10T03:19:51.737+0000] {dag.py:3239} INFO - Sync 1 DAGs
[2026-09-10T03:19:51.752+0000] {logging_mixin.py:190} INFO - [2026-09-10T03:19:51.752+0000] {dag.py:4180} INFO - Setting next_dagrun for 01_load_csv to None, run_after=None
[2026-09-10T03:19:51.774+0000] {processor.py:208} INFO - Processing /opt/airflow/dags/01_load_csv.py took 0.098 seconds
[2026-09-10T03:20:22.569+0000] {processor.py:186} INFO - Started process (PID=4116) to work on /opt/airflow/dags/01_load_csv.py
[2026-09-10T03:20:22.571+0000] {processor.py:914} INFO - Processing file /opt/airflow/dags/01_load_csv.py for tasks to queue
[2026-09-10T03:20:22.574+0000] {logging_mixin.py:190} INFO - [2026-09-10T03:20:22.573+0000] {dagbag.py:588} INFO - Filling up the DagBag from /opt/airflow/dags/01_load_csv.py
[2026-09-10T03:20:22.584+0000] {processor.py:925} INFO - DAG(s) '01_load_csv' retrieved from /opt/airflow/dags/01_load_csv.py
[2026-09-10T03:20:22.623+0000] {logging_mixin.py:190} INFO - [2026-09-10T03:20:22.623+0000] {dag.py:3239} INFO - Sync 1 DAGs
[2026-09-10T03:20:22.640+0000] {logging_mixin.py:190} INFO - [2026-09-10T03:20:22.640+0000] {dag.py:4180} INFO - Setting next_dagrun for 01_load_csv to None, run_after=None
[2026-09-10T03:20:22.661+0000] {processor.py:208} INFO - Processing /opt/airflow/dags/01_load_csv.py took 0.102 seconds
[2026-09-10T03:20:53.457+0000] {processor.py:186} INFO - Started process (PID=4166) to work on /opt/airflow/dags/01_load_csv.py
[2026-09-10T03:20:53.460+0000] {processor.py:914} INFO - Processing file /opt/airflow/dags/01_load_csv.py for tasks to queue
[2026-09-10T03:20:53.463+0000] {logging_mixin.py:190} INFO - [2026-09-10T03:20:53.463+0000] {dagbag.py:588} INFO - Filling up the DagBag from /opt/airflow/dags/01_load_csv.py
[2026-09-10T03:20:53.473+0000] {processor.py:925} INFO - DAG(s) '01_load_csv' retrieved from /opt/airflow/dags/01_load_csv.py
[2026-09-10T03:20:53.510+0000] {logging_mixin.py:190} INFO - [2026-09-10T03:20:53.510+0000] {dag.py:3239} INFO - Sync 1 DAGs
[2026-09-10T03:20:53.527+0000] {logging_mixin.py:190} INFO - [2026-09-10T03:20:53.527+0000] {dag.py:4180} INFO - Setting next_dagrun for 01_load_csv to None, run_after=None
[2026-09-10T03:20:53.551+0000] {processor.py:208} INFO - Processing /opt/airflow/dags/01_load_csv.py took 0.104 seconds
[2026-09-10T03:21:24.348+0000] {processor.py:186} INFO - Started process (PID=4216) to work on /opt/airflow/dags/01_load_csv.py
[2026-09-10T03:21:24.351+0000] {processor.py:914} INFO - Processing file /opt/airflow/dags/01_load_csv.py for tasks to queue
[2026-09-10T03:21:24.354+0000] {logging_mixin.py:190} INFO - [2026-09-10T03:21:24.353+0000] {dagbag.py:588} INFO - Filling up the DagBag from /opt/airflow/dags/01_load_csv.py
[2026-09-10T03:21:24.364+0000] {processor.py:925} INFO - DAG(s) '01_load_csv' retrieved from /opt/airflow/dags/01_load_csv.py
[2026-09-10T03:21:24.402+0000] {logging_mixin.py:190} INFO - [2026-09-10T03:21:24.402+0000] {dag.py:3239} INFO - Sync 1 DAGs
[2026-09-10T03:21:24.440+0000] {logging_mixin.py:190} INFO - [2026-09-10T03:21:24.440+0000] {dag.py:4180} INFO - Setting next_dagrun for 01_load_csv to None, run_after=None
[2026-09-10T03:21:24.490+0000] {processor.py:208} INFO - Processing /opt/airflow/dags/01_load_csv.py took 0.152 seconds
[2026-09-10T03:21:55.209+0000] {processor.py:186} INFO - Started process (PID=4266) to work on /opt/airflow/dags/01_load_csv.py
[2026-09-10T03:21:55.211+0000] {processor.py:914} INFO - Processing file /opt/airflow/dags/01_load_csv.py for tasks to queue
[2026-09-10T03:21:55.215+0000] {logging_mixin.py:190} INFO - [2026-09-10T03:21:55.214+0000] {dagbag.py:588} INFO - Filling up the DagBag from /opt/airflow/dags/01_load_csv.py
[2026-09-10T03:21:55.227+0000] {processor.py:925} INFO - DAG(s) '01_load_csv' retrieved from /opt/airflow/dags/01_load_csv.py
[2026-09-10T03:21:55.268+0000] {logging_mixin.py:190} INFO - [2026-09-10T03:21:55.268+0000] {dag.py:3239} INFO - Sync 1 DAGs
[2026-09-10T03:21:55.286+0000] {logging_mixin.py:190} INFO - [2026-09-10T03:21:55.285+0000] {dag.py:4180} INFO - Setting next_dagrun for 01_load_csv to None, run_after=None
[2026-09-10T03:21:55.311+0000] {processor.py:208} INFO - Processing /opt/airflow/dags/01_load_csv.py took 0.116 seconds
[2026-09-10T03:22:26.018+0000] {processor.py:186} INFO - Started process (PID=4316) to work on /opt/airflow/dags/01_load_csv.py
[2026-09-10T03:22:26.020+0000] {processor.py:914} INFO - Processing file /opt/airflow/dags/01_load_csv.py for tasks to queue
[2026-09-10T03:22:26.023+0000] {logging_mixin.py:190} INFO - [2026-09-10T03:22:26.023+0000] {dagbag.py:588} INFO - Filling up the DagBag from /opt/airflow/dags/01_load_csv.py
[2026-09-10T03:22:26.034+0000] {processor.py:925} INFO - DAG(s) '01_load_csv' retrieved from /opt/airflow/dags/01_load_csv.py
[2026-09-10T03:22:26.070+0000] {logging_mixin.py:190} INFO - [2026-09-10T03:22:26.069+0000] {dag.py:3239} INFO - Sync 1 DAGs
[2026-09-10T03:22:26.086+0000] {logging_mixin.py:190} INFO - [2026-09-10T03:22:26.086+0000] {dag.py:4180} INFO - Setting next_dagrun for 01_load_csv to None, run_after=None
[2026-09-10T03:22:26.107+0000] {processor.py:208} INFO - Processing /opt/airflow/dags/01_load_csv.py took 0.098 seconds
[2026-09-10T03:22:56.844+0000] {processor.py:186} INFO - Started process (PID=4366) to work on /opt/airflow/dags/01_load_csv.py
[2026-09-10T03:22:56.846+0000] {processor.py:914} INFO - Processing file /opt/airflow/dags/01_load_csv.py for tasks to queue
[2026-09-10T03:22:56.850+0000] {logging_mixin.py:190} INFO - [2026-09-10T03:22:56.849+0000] {dagbag.py:588} INFO - Filling up the DagBag from /opt/airflow/dags/01_load_csv.py
[2026-09-10T03:22:56.865+0000] {processor.py:925} INFO - DAG(s) '01_load_csv' retrieved from /opt/airflow/dags/01_load_csv.py
[2026-09-10T03:22:56.913+0000] {logging_mixin.py:190} INFO - [2026-09-10T03:22:56.912+0000] {dag.py:3239} INFO - Sync 1 DAGs
[2026-09-10T03:22:56.936+0000] {logging_mixin.py:190} INFO - [2026-09-10T03:22:56.935+0000] {dag.py:4180} INFO - Setting next_dagrun for 01_load_csv to None, run_after=None
[2026-09-10T03:22:56.957+0000] {processor.py:208} INFO - Processing /opt/airflow/dags/01_load_csv.py took 0.126 seconds
[2026-09-10T03:23:27.794+0000] {processor.py:186} INFO - Started process (PID=4416) to work on /opt/airflow/dags/01_load_csv.py
[2026-09-10T03:23:27.796+0000] {processor.py:914} INFO - Processing file /opt/airflow/dags/01_load_csv.py for tasks to queue
[2026-09-10T03:23:27.799+0000] {logging_mixin.py:190} INFO - [2026-09-10T03:23:27.799+0000] {dagbag.py:588} INFO - Filling up the DagBag from /opt/airflow/dags/01_load_csv.py
[2026-09-10T03:23:27.810+0000] {processor.py:925} INFO - DAG(s) '01_load_csv' retrieved from /opt/airflow/dags/01_load_csv.py
[2026-09-10T03:23:27.847+0000] {logging_mixin.py:190} INFO - [2026-09-10T03:23:27.846+0000] {dag.py:3239} INFO - Sync 1 DAGs
[2026-09-10T03:23:27.864+0000] {logging_mixin.py:190} INFO - [2026-09-10T03:23:27.864+0000] {dag.py:4180} INFO - Setting next_dagrun for 01_load_csv to None, run_after=None
[2026-09-10T03:23:27.888+0000] {processor.py:208} INFO - Processing /opt/airflow/dags/01_load_csv.py took 0.104 seconds
[2026-09-10T03:23:58.715+0000] {processor.py:186} INFO - Started process (PID=4466) to work on /opt/airflow/dags/01_load_csv.py
[2026-09-10T03:23:58.716+0000] {processor.py:914} INFO - Processing file /opt/airflow/dags/01_load_csv.py for tasks to queue
[2026-09-10T03:23:58.719+0000] {logging_mixin.py:190} INFO - [2026-09-10T03:23:58.719+0000] {dagbag.py:588} INFO - Filling up the DagBag from /opt/airflow/dags/01_load_csv.py
[2026-09-10T03:23:58.729+0000] {processor.py:925} INFO - DAG(s) '01_load_csv' retrieved from /opt/airflow/dags/01_load_csv.py
[2026-09-10T03:23:58.765+0000] {logging_mixin.py:190} INFO - [2026-09-10T03:23:58.765+0000] {dag.py:3239} INFO - Sync 1 DAGs
[2026-09-10T03:23:58.782+0000] {logging_mixin.py:190} INFO - [2026-09-10T03:23:58.782+0000] {dag.py:4180} INFO - Setting next_dagrun for 01_load_csv to None, run_after=None
[2026-09-10T03:23:58.802+0000] {processor.py:208} INFO - Processing /opt/airflow/dags/01_load_csv.py took 0.097 seconds
[2026-09-10T03:24:29.491+0000] {processor.py:186} INFO - Started process (PID=4516) to work on /opt/airflow/dags/01_load_csv.py
[2026-09-10T03:24:29.493+0000] {processor.py:914} INFO - Processing file /opt/airflow/dags/01_load_csv.py for tasks to queue
[2026-09-10T03:24:29.497+0000] {logging_mixin.py:190} INFO - [2026-09-10T03:24:29.496+0000] {dagbag.py:588} INFO - Filling up the DagBag from /opt/airflow/dags/01_load_csv.py
[2026-09-10T03:24:29.508+0000] {processor.py:925} INFO - DAG(s) '01_load_csv' retrieved from /opt/airflow/dags/01_load_csv.py
[2026-09-10T03:24:29.544+0000] {logging_mixin.py:190} INFO - [2026-09-10T03:24:29.543+0000] {dag.py:3239} INFO - Sync 1 DAGs
[2026-09-10T03:24:29.561+0000] {logging_mixin.py:190} INFO - [2026-09-10T03:24:29.561+0000] {dag.py:4180} INFO - Setting next_dagrun for 01_load_csv to None, run_after=None
[2026-09-10T03:24:29.582+0000] {processor.py:208} INFO - Processing /opt/airflow/dags/01_load_csv.py took 0.101 seconds
[2026-09-10T03:25:00.474+0000] {processor.py:186} INFO - Started process (PID=4566) to work on /opt/airflow/dags/01_load_csv.py
[2026-09-10T03:25:00.475+0000] {processor.py:914} INFO - Processing file /opt/airflow/dags/01_load_csv.py for tasks to queue
[2026-09-10T03:25:00.481+0000] {logging_mixin.py:190} INFO - [2026-09-10T03:25:00.480+0000] {dagbag.py:588} INFO - Filling up the DagBag from /opt/airflow/dags/01_load_csv.py
[2026-09-10T03:25:00.492+0000] {processor.py:925} INFO - DAG(s) '01_load_csv' retrieved from /opt/airflow/dags/01_load_csv.py
[2026-09-10T03:25:00.535+0000] {logging_mixin.py:190} INFO - [2026-09-10T03:25:00.534+0000] {dag.py:3239} INFO - Sync 1 DAGs
[2026-09-10T03:25:00.551+0000] {logging_mixin.py:190} INFO - [2026-09-10T03:25:00.551+0000] {dag.py:4180} INFO - Setting next_dagrun for 01_load_csv to None, run_after=None
[2026-09-10T03:25:00.575+0000] {processor.py:208} INFO - Processing /opt/airflow/dags/01_load_csv.py took 0.111 seconds
[2026-09-10T03:25:30.658+0000] {processor.py:186} INFO - Started process (PID=4616) to work on /opt/airflow/dags/01_load_csv.py
[2026-09-10T03:25:30.660+0000] {processor.py:914} INFO - Processing file /opt/airflow/dags/01_load_csv.py for tasks to queue
[2026-09-10T03:25:30.664+0000] {logging_mixin.py:190} INFO - [2026-09-10T03:25:30.663+0000] {dagbag.py:588} INFO - Filling up the DagBag from /opt/airflow/dags/01_load_csv.py
[2026-09-10T03:25:30.678+0000] {processor.py:925} INFO - DAG(s) '01_load_csv' retrieved from /opt/airflow/dags/01_load_csv.py
[2026-09-10T03:25:30.721+0000] {logging_mixin.py:190} INFO - [2026-09-10T03:25:30.721+0000] {dag.py:3239} INFO - Sync 1 DAGs
[2026-09-10T03:25:30.737+0000] {logging_mixin.py:190} INFO - [2026-09-10T03:25:30.737+0000] {dag.py:4180} INFO - Setting next_dagrun for 01_load_csv to None, run_after=None
[2026-09-10T03:25:30.757+0000] {processor.py:208} INFO - Processing /opt/airflow/dags/01_load_csv.py took 0.111 seconds
[2026-09-10T03:26:00.907+0000] {processor.py:186} INFO - Started process (PID=4666) to work on /opt/airflow/dags/01_load_csv.py
[2026-09-10T03:26:00.908+0000] {processor.py:914} INFO - Processing file /opt/airflow/dags/01_load_csv.py for tasks to queue
[2026-09-10T03:26:00.913+0000] {logging_mixin.py:190} INFO - [2026-09-10T03:26:00.912+0000] {dagbag.py:588} INFO - Filling up the DagBag from /opt/airflow/dags/01_load_csv.py
[2026-09-10T03:26:00.927+0000] {processor.py:925} INFO - DAG(s) '01_load_csv' retrieved from /opt/airflow/dags/01_load_csv.py
[2026-09-10T03:26:00.983+0000] {logging_mixin.py:190} INFO - [2026-09-10T03:26:00.983+0000] {dag.py:3239} INFO - Sync 1 DAGs
[2026-09-10T03:26:01.008+0000] {logging_mixin.py:190} INFO - [2026-09-10T03:26:01.008+0000] {dag.py:4180} INFO - Setting next_dagrun for 01_load_csv to None, run_after=None
[2026-09-10T03:26:01.036+0000] {processor.py:208} INFO - Processing /opt/airflow/dags/01_load_csv.py took 0.138 seconds
[2026-09-10T03:26:31.938+0000] {processor.py:186} INFO - Started process (PID=4737) to work on /opt/airflow/dags/01_load_csv.py
[2026-09-10T03:26:31.940+0000] {processor.py:914} INFO - Processing file /opt/airflow/dags/01_load_csv.py for tasks to queue
[2026-09-10T03:26:31.943+0000] {logging_mixin.py:190} INFO - [2026-09-10T03:26:31.942+0000] {dagbag.py:588} INFO - Filling up the DagBag from /opt/airflow/dags/01_load_csv.py
[2026-09-10T03:26:31.953+0000] {processor.py:925} INFO - DAG(s) '01_load_csv' retrieved from /opt/airflow/dags/01_load_csv.py
[2026-09-10T03:26:31.990+0000] {logging_mixin.py:190} INFO - [2026-09-10T03:26:31.990+0000] {dag.py:3239} INFO - Sync 1 DAGs
[2026-09-10T03:26:32.007+0000] {logging_mixin.py:190} INFO - [2026-09-10T03:26:32.006+0000] {dag.py:4180} INFO - Setting next_dagrun for 01_load_csv to None, run_after=None
[2026-09-10T03:26:32.031+0000] {processor.py:208} INFO - Processing /opt/airflow/dags/01_load_csv.py took 0.100 seconds
[2026-09-10T03:27:02.920+0000] {processor.py:186} INFO - Started process (PID=4787) to work on /opt/airflow/dags/01_load_csv.py
[2026-09-10T03:27:02.921+0000] {processor.py:914} INFO - Processing file /opt/airflow/dags/01_load_csv.py for tasks to queue
[2026-09-10T03:27:02.924+0000] {logging_mixin.py:190} INFO - [2026-09-10T03:27:02.923+0000] {dagbag.py:588} INFO - Filling up the DagBag from /opt/airflow/dags/01_load_csv.py
[2026-09-10T03:27:02.937+0000] {processor.py:925} INFO - DAG(s) '01_load_csv' retrieved from /opt/airflow/dags/01_load_csv.py
[2026-09-10T03:27:02.977+0000] {logging_mixin.py:190} INFO - [2026-09-10T03:27:02.976+0000] {dag.py:3239} INFO - Sync 1 DAGs
[2026-09-10T03:27:02.995+0000] {logging_mixin.py:190} INFO - [2026-09-10T03:27:02.994+0000] {dag.py:4180} INFO - Setting next_dagrun for 01_load_csv to None, run_after=None
[2026-09-10T03:27:03.020+0000] {processor.py:208} INFO - Processing /opt/airflow/dags/01_load_csv.py took 0.111 seconds
[2026-09-10T03:27:33.683+0000] {processor.py:186} INFO - Started process (PID=4837) to work on /opt/airflow/dags/01_load_csv.py
[2026-09-10T03:27:33.685+0000] {processor.py:914} INFO - Processing file /opt/airflow/dags/01_load_csv.py for tasks to queue
[2026-09-10T03:27:33.688+0000] {logging_mixin.py:190} INFO - [2026-09-10T03:27:33.687+0000] {dagbag.py:588} INFO - Filling up the DagBag from /opt/airflow/dags/01_load_csv.py
[2026-09-10T03:27:33.698+0000] {processor.py:925} INFO - DAG(s) '01_load_csv' retrieved from /opt/airflow/dags/01_load_csv.py
[2026-09-10T03:27:33.733+0000] {logging_mixin.py:190} INFO - [2026-09-10T03:27:33.733+0000] {dag.py:3239} INFO - Sync 1 DAGs
[2026-09-10T03:27:33.749+0000] {logging_mixin.py:190} INFO - [2026-09-10T03:27:33.749+0000] {dag.py:4180} INFO - Setting next_dagrun for 01_load_csv to None, run_after=None
[2026-09-10T03:27:33.769+0000] {processor.py:208} INFO - Processing /opt/airflow/dags/01_load_csv.py took 0.094 seconds
[2026-09-10T03:28:04.518+0000] {processor.py:186} INFO - Started process (PID=4887) to work on /opt/airflow/dags/01_load_csv.py
[2026-09-10T03:28:04.519+0000] {processor.py:914} INFO - Processing file /opt/airflow/dags/01_load_csv.py for tasks to queue
[2026-09-10T03:28:04.522+0000] {logging_mixin.py:190} INFO - [2026-09-10T03:28:04.521+0000] {dagbag.py:588} INFO - Filling up the DagBag from /opt/airflow/dags/01_load_csv.py
[2026-09-10T03:28:04.532+0000] {processor.py:925} INFO - DAG(s) '01_load_csv' retrieved from /opt/airflow/dags/01_load_csv.py
[2026-09-10T03:28:04.571+0000] {logging_mixin.py:190} INFO - [2026-09-10T03:28:04.571+0000] {dag.py:3239} INFO - Sync 1 DAGs
[2026-09-10T03:28:04.586+0000] {logging_mixin.py:190} INFO - [2026-09-10T03:28:04.586+0000] {dag.py:4180} INFO - Setting next_dagrun for 01_load_csv to None, run_after=None
[2026-09-10T03:28:04.605+0000] {processor.py:208} INFO - Processing /opt/airflow/dags/01_load_csv.py took 0.095 seconds
[2026-09-10T03:28:35.381+0000] {processor.py:186} INFO - Started process (PID=4937) to work on /opt/airflow/dags/01_load_csv.py
[2026-09-10T03:28:35.382+0000] {processor.py:914} INFO - Processing file /opt/airflow/dags/01_load_csv.py for tasks to queue
[2026-09-10T03:28:35.385+0000] {logging_mixin.py:190} INFO - [2026-09-10T03:28:35.385+0000] {dagbag.py:588} INFO - Filling up the DagBag from /opt/airflow/dags/01_load_csv.py
[2026-09-10T03:28:35.397+0000] {processor.py:925} INFO - DAG(s) '01_load_csv' retrieved from /opt/airflow/dags/01_load_csv.py
[2026-09-10T03:28:35.434+0000] {logging_mixin.py:190} INFO - [2026-09-10T03:28:35.433+0000] {dag.py:3239} INFO - Sync 1 DAGs
[2026-09-10T03:28:35.452+0000] {logging_mixin.py:190} INFO - [2026-09-10T03:28:35.451+0000] {dag.py:4180} INFO - Setting next_dagrun for 01_load_csv to None, run_after=None
[2026-09-10T03:28:35.472+0000] {processor.py:208} INFO - Processing /opt/airflow/dags/01_load_csv.py took 0.101 seconds
[2026-09-10T03:29:06.204+0000] {processor.py:186} INFO - Started process (PID=4987) to work on /opt/airflow/dags/01_load_csv.py
[2026-09-10T03:29:06.206+0000] {processor.py:914} INFO - Processing file /opt/airflow/dags/01_load_csv.py for tasks to queue
[2026-09-10T03:29:06.210+0000] {logging_mixin.py:190} INFO - [2026-09-10T03:29:06.210+0000] {dagbag.py:588} INFO - Filling up the DagBag from /opt/airflow/dags/01_load_csv.py
[2026-09-10T03:29:06.221+0000] {processor.py:925} INFO - DAG(s) '01_load_csv' retrieved from /opt/airflow/dags/01_load_csv.py
[2026-09-10T03:29:06.259+0000] {logging_mixin.py:190} INFO - [2026-09-10T03:29:06.259+0000] {dag.py:3239} INFO - Sync 1 DAGs
[2026-09-10T03:29:06.276+0000] {logging_mixin.py:190} INFO - [2026-09-10T03:29:06.276+0000] {dag.py:4180} INFO - Setting next_dagrun for 01_load_csv to None, run_after=None
[2026-09-10T03:29:06.298+0000] {processor.py:208} INFO - Processing /opt/airflow/dags/01_load_csv.py took 0.108 seconds
[2026-09-10T03:29:37.029+0000] {processor.py:186} INFO - Started process (PID=5037) to work on /opt/airflow/dags/01_load_csv.py
[2026-09-10T03:29:37.030+0000] {processor.py:914} INFO - Processing file /opt/airflow/dags/01_load_csv.py for tasks to queue
[2026-09-10T03:29:37.033+0000] {logging_mixin.py:190} INFO - [2026-09-10T03:29:37.033+0000] {dagbag.py:588} INFO - Filling up the DagBag from /opt/airflow/dags/01_load_csv.py
[2026-09-10T03:29:37.044+0000] {processor.py:925} INFO - DAG(s) '01_load_csv' retrieved from /opt/airflow/dags/01_load_csv.py
[2026-09-10T03:29:37.079+0000] {logging_mixin.py:190} INFO - [2026-09-10T03:29:37.079+0000] {dag.py:3239} INFO - Sync 1 DAGs
[2026-09-10T03:29:37.097+0000] {logging_mixin.py:190} INFO - [2026-09-10T03:29:37.097+0000] {dag.py:4180} INFO - Setting next_dagrun for 01_load_csv to None, run_after=None
[2026-09-10T03:29:37.117+0000] {processor.py:208} INFO - Processing /opt/airflow/dags/01_load_csv.py took 0.097 seconds
[2026-09-10T03:30:07.905+0000] {processor.py:186} INFO - Started process (PID=5087) to work on /opt/airflow/dags/01_load_csv.py
[2026-09-10T03:30:07.906+0000] {processor.py:914} INFO - Processing file /opt/airflow/dags/01_load_csv.py for tasks to queue
[2026-09-10T03:30:07.910+0000] {logging_mixin.py:190} INFO - [2026-09-10T03:30:07.910+0000] {dagbag.py:588} INFO - Filling up the DagBag from /opt/airflow/dags/01_load_csv.py
[2026-09-10T03:30:07.926+0000] {processor.py:925} INFO - DAG(s) '01_load_csv' retrieved from /opt/airflow/dags/01_load_csv.py
[2026-09-10T03:30:07.962+0000] {logging_mixin.py:190} INFO - [2026-09-10T03:30:07.961+0000] {dag.py:3239} INFO - Sync 1 DAGs
[2026-09-10T03:30:07.981+0000] {logging_mixin.py:190} INFO - [2026-09-10T03:30:07.981+0000] {dag.py:4180} INFO - Setting next_dagrun for 01_load_csv to None, run_after=None
[2026-09-10T03:30:08.006+0000] {processor.py:208} INFO - Processing /opt/airflow/dags/01_load_csv.py took 0.113 seconds
[2026-09-10T03:30:38.437+0000] {processor.py:186} INFO - Started process (PID=5137) to work on /opt/airflow/dags/01_load_csv.py
[2026-09-10T03:30:38.439+0000] {processor.py:914} INFO - Processing file /opt/airflow/dags/01_load_csv.py for tasks to queue
[2026-09-10T03:30:38.444+0000] {logging_mixin.py:190} INFO - [2026-09-10T03:30:38.444+0000] {dagbag.py:588} INFO - Filling up the DagBag from /opt/airflow/dags/01_load_csv.py
[2026-09-10T03:30:38.463+0000] {processor.py:925} INFO - DAG(s) '01_load_csv' retrieved from /opt/airflow/dags/01_load_csv.py
[2026-09-10T03:30:38.523+0000] {logging_mixin.py:190} INFO - [2026-09-10T03:30:38.523+0000] {dag.py:3239} INFO - Sync 1 DAGs
[2026-09-10T03:30:38.557+0000] {logging_mixin.py:190} INFO - [2026-09-10T03:30:38.556+0000] {dag.py:4180} INFO - Setting next_dagrun for 01_load_csv to None, run_after=None
[2026-09-10T03:30:38.587+0000] {processor.py:208} INFO - Processing /opt/airflow/dags/01_load_csv.py took 0.167 seconds
[2026-09-10T03:31:09.578+0000] {processor.py:186} INFO - Started process (PID=5187) to work on /opt/airflow/dags/01_load_csv.py
[2026-09-10T03:31:09.580+0000] {processor.py:914} INFO - Processing file /opt/airflow/dags/01_load_csv.py for tasks to queue
[2026-09-10T03:31:09.584+0000] {logging_mixin.py:190} INFO - [2026-09-10T03:31:09.584+0000] {dagbag.py:588} INFO - Filling up the DagBag from /opt/airflow/dags/01_load_csv.py
[2026-09-10T03:31:09.595+0000] {processor.py:925} INFO - DAG(s) '01_load_csv' retrieved from /opt/airflow/dags/01_load_csv.py
[2026-09-10T03:31:09.632+0000] {logging_mixin.py:190} INFO - [2026-09-10T03:31:09.632+0000] {dag.py:3239} INFO - Sync 1 DAGs
[2026-09-10T03:31:09.649+0000] {logging_mixin.py:190} INFO - [2026-09-10T03:31:09.649+0000] {dag.py:4180} INFO - Setting next_dagrun for 01_load_csv to None, run_after=None
[2026-09-10T03:31:09.669+0000] {processor.py:208} INFO - Processing /opt/airflow/dags/01_load_csv.py took 0.102 seconds
[2026-09-10T03:31:39.943+0000] {processor.py:186} INFO - Started process (PID=5237) to work on /opt/airflow/dags/01_load_csv.py
[2026-09-10T03:31:39.945+0000] {processor.py:914} INFO - Processing file /opt/airflow/dags/01_load_csv.py for tasks to queue
[2026-09-10T03:31:39.951+0000] {logging_mixin.py:190} INFO - [2026-09-10T03:31:39.950+0000] {dagbag.py:588} INFO - Filling up the DagBag from /opt/airflow/dags/01_load_csv.py
[2026-09-10T03:31:39.971+0000] {processor.py:925} INFO - DAG(s) '01_load_csv' retrieved from /opt/airflow/dags/01_load_csv.py
[2026-09-10T03:31:40.114+0000] {logging_mixin.py:190} INFO - [2026-09-10T03:31:40.114+0000] {dag.py:3239} INFO - Sync 1 DAGs
[2026-09-10T03:31:40.137+0000] {logging_mixin.py:190} INFO - [2026-09-10T03:31:40.135+0000] {dag.py:4180} INFO - Setting next_dagrun for 01_load_csv to None, run_after=None
[2026-09-10T03:31:40.180+0000] {processor.py:208} INFO - Processing /opt/airflow/dags/01_load_csv.py took 0.260 seconds
[2026-09-10T03:32:41.138+0000] {processor.py:186} INFO - Started process (PID=5389) to work on /opt/airflow/dags/01_load_csv.py
[2026-09-10T03:32:41.156+0000] {processor.py:914} INFO - Processing file /opt/airflow/dags/01_load_csv.py for tasks to queue
[2026-09-10T03:32:41.162+0000] {logging_mixin.py:190} INFO - [2026-09-10T03:32:41.159+0000] {dagbag.py:588} INFO - Filling up the DagBag from /opt/airflow/dags/01_load_csv.py
[2026-09-10T03:32:41.442+0000] {processor.py:925} INFO - DAG(s) '01_load_csv' retrieved from /opt/airflow/dags/01_load_csv.py
[2026-09-10T03:32:41.850+0000] {logging_mixin.py:190} INFO - [2026-09-10T03:32:41.849+0000] {dag.py:3239} INFO - Sync 1 DAGs
[2026-09-10T03:32:41.884+0000] {logging_mixin.py:190} INFO - [2026-09-10T03:32:41.884+0000] {dag.py:4180} INFO - Setting next_dagrun for 01_load_csv to None, run_after=None
[2026-09-10T03:32:41.997+0000] {processor.py:208} INFO - Processing /opt/airflow/dags/01_load_csv.py took 0.875 seconds
[2026-09-10T03:34:41.250+0000] {processor.py:186} INFO - Started process (PID=5443) to work on /opt/airflow/dags/01_load_csv.py
[2026-09-10T03:34:41.524+0000] {processor.py:914} INFO - Processing file /opt/airflow/dags/01_load_csv.py for tasks to queue
[2026-09-10T03:34:41.541+0000] {logging_mixin.py:190} INFO - [2026-09-10T03:34:41.541+0000] {dagbag.py:588} INFO - Filling up the DagBag from /opt/airflow/dags/01_load_csv.py
[2026-09-10T03:34:44.088+0000] {processor.py:925} INFO - DAG(s) '01_load_csv' retrieved from /opt/airflow/dags/01_load_csv.py
[2026-09-10T03:34:46.302+0000] {processor.py:211} ERROR - Got an exception! Propagating...
Traceback (most recent call last):
  File "/home/airflow/.local/lib/python3.12/site-packages/sqlalchemy/engine/base.py", line 3371, in _wrap_pool_connect
    return fn()
           ^^^^
  File "/home/airflow/.local/lib/python3.12/site-packages/sqlalchemy/pool/base.py", line 327, in connect
    return _ConnectionFairy._checkout(self)
           ^^^^^^^^^^^^^^^^^^^^^^^^^^^^^^^^
  File "/home/airflow/.local/lib/python3.12/site-packages/sqlalchemy/pool/base.py", line 894, in _checkout
    fairy = _ConnectionRecord.checkout(pool)
            ^^^^^^^^^^^^^^^^^^^^^^^^^^^^^^^^
  File "/home/airflow/.local/lib/python3.12/site-packages/sqlalchemy/pool/base.py", line 493, in checkout
    rec = pool._do_get()
          ^^^^^^^^^^^^^^
  File "/home/airflow/.local/lib/python3.12/site-packages/sqlalchemy/pool/impl.py", line 145, in _do_get
    with util.safe_reraise():
         ^^^^^^^^^^^^^^^^^^^
  File "/home/airflow/.local/lib/python3.12/site-packages/sqlalchemy/util/langhelpers.py", line 70, in __exit__
    compat.raise_(
  File "/home/airflow/.local/lib/python3.12/site-packages/sqlalchemy/util/compat.py", line 211, in raise_
    raise exception
  File "/home/airflow/.local/lib/python3.12/site-packages/sqlalchemy/pool/impl.py", line 143, in _do_get
    return self._create_connection()
           ^^^^^^^^^^^^^^^^^^^^^^^^^
  File "/home/airflow/.local/lib/python3.12/site-packages/sqlalchemy/pool/base.py", line 273, in _create_connection
    return _ConnectionRecord(self)
           ^^^^^^^^^^^^^^^^^^^^^^^
  File "/home/airflow/.local/lib/python3.12/site-packages/sqlalchemy/pool/base.py", line 388, in __init__
    self.__connect()
  File "/home/airflow/.local/lib/python3.12/site-packages/sqlalchemy/pool/base.py", line 690, in __connect
    with util.safe_reraise():
         ^^^^^^^^^^^^^^^^^^^
  File "/home/airflow/.local/lib/python3.12/site-packages/sqlalchemy/util/langhelpers.py", line 70, in __exit__
    compat.raise_(
  File "/home/airflow/.local/lib/python3.12/site-packages/sqlalchemy/util/compat.py", line 211, in raise_
    raise exception
  File "/home/airflow/.local/lib/python3.12/site-packages/sqlalchemy/pool/base.py", line 686, in __connect
    self.dbapi_connection = connection = pool._invoke_creator(self)
                                         ^^^^^^^^^^^^^^^^^^^^^^^^^^
  File "/home/airflow/.local/lib/python3.12/site-packages/sqlalchemy/engine/create.py", line 574, in connect
    return dialect.connect(*cargs, **cparams)
           ^^^^^^^^^^^^^^^^^^^^^^^^^^^^^^^^^^
  File "/home/airflow/.local/lib/python3.12/site-packages/sqlalchemy/engine/default.py", line 598, in connect
    return self.dbapi.connect(*cargs, **cparams)
           ^^^^^^^^^^^^^^^^^^^^^^^^^^^^^^^^^^^^^
  File "/home/airflow/.local/lib/python3.12/site-packages/psycopg2/__init__.py", line 122, in connect
    conn = _connect(dsn, connection_factory=connection_factory, **kwasync)
           ^^^^^^^^^^^^^^^^^^^^^^^^^^^^^^^^^^^^^^^^^^^^^^^^^^^^^^^^^^^^^^^
psycopg2.OperationalError: connection to server at "postgres" (172.24.0.2), port 5432 failed: FATAL:  the database system is in recovery mode


The above exception was the direct cause of the following exception:

Traceback (most recent call last):
  File "/home/airflow/.local/lib/python3.12/site-packages/airflow/dag_processing/processor.py", line 207, in _run_file_processor
    _handle_dag_file_processing()
  File "/home/airflow/.local/lib/python3.12/site-packages/airflow/dag_processing/processor.py", line 188, in _handle_dag_file_processing
    result: tuple[int, int, int] = dag_file_processor.process_file(
                                   ^^^^^^^^^^^^^^^^^^^^^^^^^^^^^^^^
  File "/home/airflow/.local/lib/python3.12/site-packages/airflow/utils/session.py", line 97, in wrapper
    return func(*args, session=session, **kwargs)
           ^^^^^^^^^^^^^^^^^^^^^^^^^^^^^^^^^^^^^^
  File "/home/airflow/.local/lib/python3.12/site-packages/airflow/dag_processing/processor.py", line 942, in process_file
    serialize_errors = DagFileProcessor.save_dag_to_db(
                       ^^^^^^^^^^^^^^^^^^^^^^^^^^^^^^^^
  File "/home/airflow/.local/lib/python3.12/site-packages/airflow/api_internal/internal_api_call.py", line 166, in wrapper
    return func(*args, **kwargs)
           ^^^^^^^^^^^^^^^^^^^^^
  File "/home/airflow/.local/lib/python3.12/site-packages/airflow/utils/session.py", line 97, in wrapper
    return func(*args, session=session, **kwargs)
           ^^^^^^^^^^^^^^^^^^^^^^^^^^^^^^^^^^^^^^
  File "/home/airflow/.local/lib/python3.12/site-packages/airflow/dag_processing/processor.py", line 982, in save_dag_to_db
    import_errors = DagBag._sync_to_db(dags=dags, processor_subdir=dag_directory, session=session)
                    ^^^^^^^^^^^^^^^^^^^^^^^^^^^^^^^^^^^^^^^^^^^^^^^^^^^^^^^^^^^^^^^^^^^^^^^^^^^^^^
  File "/home/airflow/.local/lib/python3.12/site-packages/airflow/utils/session.py", line 94, in wrapper
    return func(*args, **kwargs)
           ^^^^^^^^^^^^^^^^^^^^^
  File "/home/airflow/.local/lib/python3.12/site-packages/airflow/models/dagbag.py", line 708, in _sync_to_db
    for attempt in run_with_db_retries(logger=log):
                   ^^^^^^^^^^^^^^^^^^^^^^^^^^^^^^^
  File "/home/airflow/.local/lib/python3.12/site-packages/tenacity/__init__.py", line 443, in __iter__
    do = self.iter(retry_state=retry_state)
         ^^^^^^^^^^^^^^^^^^^^^^^^^^^^^^^^^^
  File "/home/airflow/.local/lib/python3.12/site-packages/tenacity/__init__.py", line 376, in iter
    result = action(retry_state)
             ^^^^^^^^^^^^^^^^^^^
  File "/home/airflow/.local/lib/python3.12/site-packages/tenacity/__init__.py", line 418, in exc_check
    raise retry_exc.reraise()
          ^^^^^^^^^^^^^^^^^^^
  File "/home/airflow/.local/lib/python3.12/site-packages/tenacity/__init__.py", line 185, in reraise
    raise self.last_attempt.result()
          ^^^^^^^^^^^^^^^^^^^^^^^^^^
  File "/usr/local/lib/python3.12/concurrent/futures/_base.py", line 449, in result
    return self.__get_result()
           ^^^^^^^^^^^^^^^^^^^
  File "/usr/local/lib/python3.12/concurrent/futures/_base.py", line 401, in __get_result
    raise self._exception
  File "/home/airflow/.local/lib/python3.12/site-packages/airflow/models/dagbag.py", line 721, in _sync_to_db
    _serialize_dag_capturing_errors(dag, session, processor_subdir)
  File "/home/airflow/.local/lib/python3.12/site-packages/airflow/models/dagbag.py", line 686, in _serialize_dag_capturing_errors
    dag_was_updated = SerializedDagModel.write_dag(
                      ^^^^^^^^^^^^^^^^^^^^^^^^^^^^^
  File "/home/airflow/.local/lib/python3.12/site-packages/airflow/utils/session.py", line 94, in wrapper
    return func(*args, **kwargs)
           ^^^^^^^^^^^^^^^^^^^^^
  File "/home/airflow/.local/lib/python3.12/site-packages/airflow/models/serialized_dag.py", line 160, in write_dag
    if session.scalar(
       ^^^^^^^^^^^^^^^
  File "/home/airflow/.local/lib/python3.12/site-packages/sqlalchemy/orm/session.py", line 1747, in scalar
    return self.execute(
           ^^^^^^^^^^^^^
  File "/home/airflow/.local/lib/python3.12/site-packages/sqlalchemy/orm/session.py", line 1716, in execute
    conn = self._connection_for_bind(bind)
           ^^^^^^^^^^^^^^^^^^^^^^^^^^^^^^^
  File "/home/airflow/.local/lib/python3.12/site-packages/sqlalchemy/orm/session.py", line 1555, in _connection_for_bind
    return self._transaction._connection_for_bind(
           ^^^^^^^^^^^^^^^^^^^^^^^^^^^^^^^^^^^^^^^
  File "/home/airflow/.local/lib/python3.12/site-packages/sqlalchemy/orm/session.py", line 750, in _connection_for_bind
    conn = bind.connect()
           ^^^^^^^^^^^^^^
  File "/home/airflow/.local/lib/python3.12/site-packages/sqlalchemy/future/engine.py", line 412, in connect
    return super(Engine, self).connect()
           ^^^^^^^^^^^^^^^^^^^^^^^^^^^^^
  File "/home/airflow/.local/lib/python3.12/site-packages/sqlalchemy/engine/base.py", line 3325, in connect
    return self._connection_cls(self, close_with_result=close_with_result)
           ^^^^^^^^^^^^^^^^^^^^^^^^^^^^^^^^^^^^^^^^^^^^^^^^^^^^^^^^^^^^^^^
  File "/home/airflow/.local/lib/python3.12/site-packages/sqlalchemy/engine/base.py", line 96, in __init__
    else engine.raw_connection()
         ^^^^^^^^^^^^^^^^^^^^^^^
  File "/home/airflow/.local/lib/python3.12/site-packages/sqlalchemy/engine/base.py", line 3404, in raw_connection
    return self._wrap_pool_connect(self.pool.connect, _connection)
           ^^^^^^^^^^^^^^^^^^^^^^^^^^^^^^^^^^^^^^^^^^^^^^^^^^^^^^^
  File "/home/airflow/.local/lib/python3.12/site-packages/sqlalchemy/engine/base.py", line 3374, in _wrap_pool_connect
    Connection._handle_dbapi_exception_noconnection(
  File "/home/airflow/.local/lib/python3.12/site-packages/sqlalchemy/engine/base.py", line 2208, in _handle_dbapi_exception_noconnection
    util.raise_(
  File "/home/airflow/.local/lib/python3.12/site-packages/sqlalchemy/util/compat.py", line 211, in raise_
    raise exception
  File "/home/airflow/.local/lib/python3.12/site-packages/sqlalchemy/engine/base.py", line 3371, in _wrap_pool_connect
    return fn()
           ^^^^
  File "/home/airflow/.local/lib/python3.12/site-packages/sqlalchemy/pool/base.py", line 327, in connect
    return _ConnectionFairy._checkout(self)
           ^^^^^^^^^^^^^^^^^^^^^^^^^^^^^^^^
  File "/home/airflow/.local/lib/python3.12/site-packages/sqlalchemy/pool/base.py", line 894, in _checkout
    fairy = _ConnectionRecord.checkout(pool)
            ^^^^^^^^^^^^^^^^^^^^^^^^^^^^^^^^
  File "/home/airflow/.local/lib/python3.12/site-packages/sqlalchemy/pool/base.py", line 493, in checkout
    rec = pool._do_get()
          ^^^^^^^^^^^^^^
  File "/home/airflow/.local/lib/python3.12/site-packages/sqlalchemy/pool/impl.py", line 145, in _do_get
    with util.safe_reraise():
         ^^^^^^^^^^^^^^^^^^^
  File "/home/airflow/.local/lib/python3.12/site-packages/sqlalchemy/util/langhelpers.py", line 70, in __exit__
    compat.raise_(
  File "/home/airflow/.local/lib/python3.12/site-packages/sqlalchemy/util/compat.py", line 211, in raise_
    raise exception
  File "/home/airflow/.local/lib/python3.12/site-packages/sqlalchemy/pool/impl.py", line 143, in _do_get
    return self._create_connection()
           ^^^^^^^^^^^^^^^^^^^^^^^^^
  File "/home/airflow/.local/lib/python3.12/site-packages/sqlalchemy/pool/base.py", line 273, in _create_connection
    return _ConnectionRecord(self)
           ^^^^^^^^^^^^^^^^^^^^^^^
  File "/home/airflow/.local/lib/python3.12/site-packages/sqlalchemy/pool/base.py", line 388, in __init__
    self.__connect()
  File "/home/airflow/.local/lib/python3.12/site-packages/sqlalchemy/pool/base.py", line 690, in __connect
    with util.safe_reraise():
         ^^^^^^^^^^^^^^^^^^^
  File "/home/airflow/.local/lib/python3.12/site-packages/sqlalchemy/util/langhelpers.py", line 70, in __exit__
    compat.raise_(
  File "/home/airflow/.local/lib/python3.12/site-packages/sqlalchemy/util/compat.py", line 211, in raise_
    raise exception
  File "/home/airflow/.local/lib/python3.12/site-packages/sqlalchemy/pool/base.py", line 686, in __connect
    self.dbapi_connection = connection = pool._invoke_creator(self)
                                         ^^^^^^^^^^^^^^^^^^^^^^^^^^
  File "/home/airflow/.local/lib/python3.12/site-packages/sqlalchemy/engine/create.py", line 574, in connect
    return dialect.connect(*cargs, **cparams)
           ^^^^^^^^^^^^^^^^^^^^^^^^^^^^^^^^^^
  File "/home/airflow/.local/lib/python3.12/site-packages/sqlalchemy/engine/default.py", line 598, in connect
    return self.dbapi.connect(*cargs, **cparams)
           ^^^^^^^^^^^^^^^^^^^^^^^^^^^^^^^^^^^^^
  File "/home/airflow/.local/lib/python3.12/site-packages/psycopg2/__init__.py", line 122, in connect
    conn = _connect(dsn, connection_factory=connection_factory, **kwasync)
           ^^^^^^^^^^^^^^^^^^^^^^^^^^^^^^^^^^^^^^^^^^^^^^^^^^^^^^^^^^^^^^^
sqlalchemy.exc.OperationalError: (psycopg2.OperationalError) connection to server at "postgres" (172.24.0.2), port 5432 failed: FATAL:  the database system is in recovery mode

(Background on this error at: https://sqlalche.me/e/14/e3q8)
[2026-09-10T20:19:05.442+0000] {processor.py:186} INFO - Started process (PID=221) to work on /opt/airflow/dags/01_load_csv.py
[2026-09-10T20:19:05.444+0000] {processor.py:914} INFO - Processing file /opt/airflow/dags/01_load_csv.py for tasks to queue
[2026-09-10T20:19:05.446+0000] {logging_mixin.py:190} INFO - [2026-09-10T20:19:05.446+0000] {dagbag.py:588} INFO - Filling up the DagBag from /opt/airflow/dags/01_load_csv.py
[2026-09-10T20:19:05.456+0000] {processor.py:925} INFO - DAG(s) '01_load_csv' retrieved from /opt/airflow/dags/01_load_csv.py
[2026-09-10T20:19:05.635+0000] {logging_mixin.py:190} INFO - [2026-09-10T20:19:05.634+0000] {override.py:1911} INFO - Created Permission View: can read on DAG:01_load_csv
[2026-09-10T20:19:05.648+0000] {logging_mixin.py:190} INFO - [2026-09-10T20:19:05.647+0000] {override.py:1911} INFO - Created Permission View: can delete on DAG:01_load_csv
[2026-09-10T20:19:05.656+0000] {logging_mixin.py:190} INFO - [2026-09-10T20:19:05.656+0000] {override.py:1911} INFO - Created Permission View: can edit on DAG:01_load_csv
[2026-09-10T20:19:05.665+0000] {logging_mixin.py:190} INFO - [2026-09-10T20:19:05.665+0000] {override.py:1911} INFO - Created Permission View: can read on DAG Run:01_load_csv
[2026-09-10T20:19:05.673+0000] {logging_mixin.py:190} INFO - [2026-09-10T20:19:05.673+0000] {override.py:1911} INFO - Created Permission View: menu access on DAG Run:01_load_csv
[2026-09-10T20:19:05.682+0000] {logging_mixin.py:190} INFO - [2026-09-10T20:19:05.681+0000] {override.py:1911} INFO - Created Permission View: can delete on DAG Run:01_load_csv
[2026-09-10T20:19:05.690+0000] {logging_mixin.py:190} INFO - [2026-09-10T20:19:05.690+0000] {override.py:1911} INFO - Created Permission View: can create on DAG Run:01_load_csv
[2026-09-10T20:19:05.691+0000] {logging_mixin.py:190} INFO - [2026-09-10T20:19:05.691+0000] {dag.py:3239} INFO - Sync 1 DAGs
[2026-09-10T20:19:05.707+0000] {logging_mixin.py:190} INFO - [2026-09-10T20:19:05.706+0000] {dag.py:3262} INFO - Creating ORM DAG for 01_load_csv
[2026-09-10T20:19:05.707+0000] {logging_mixin.py:190} INFO - [2026-09-10T20:19:05.707+0000] {dag.py:4180} INFO - Setting next_dagrun for 01_load_csv to None, run_after=None
[2026-09-10T20:19:05.731+0000] {processor.py:208} INFO - Processing /opt/airflow/dags/01_load_csv.py took 0.296 seconds
[2026-09-10T20:19:36.129+0000] {processor.py:186} INFO - Started process (PID=293) to work on /opt/airflow/dags/01_load_csv.py
[2026-09-10T20:19:36.130+0000] {processor.py:914} INFO - Processing file /opt/airflow/dags/01_load_csv.py for tasks to queue
[2026-09-10T20:19:36.133+0000] {logging_mixin.py:190} INFO - [2026-09-10T20:19:36.132+0000] {dagbag.py:588} INFO - Filling up the DagBag from /opt/airflow/dags/01_load_csv.py
[2026-09-10T20:19:36.142+0000] {processor.py:925} INFO - DAG(s) '01_load_csv' retrieved from /opt/airflow/dags/01_load_csv.py
[2026-09-10T20:19:36.169+0000] {logging_mixin.py:190} INFO - [2026-09-10T20:19:36.169+0000] {dag.py:3239} INFO - Sync 1 DAGs
[2026-09-10T20:19:36.184+0000] {logging_mixin.py:190} INFO - [2026-09-10T20:19:36.183+0000] {dag.py:4180} INFO - Setting next_dagrun for 01_load_csv to None, run_after=None
[2026-09-10T20:19:36.202+0000] {processor.py:208} INFO - Processing /opt/airflow/dags/01_load_csv.py took 0.080 seconds
[2026-09-10T20:20:06.317+0000] {processor.py:186} INFO - Started process (PID=363) to work on /opt/airflow/dags/01_load_csv.py
[2026-09-10T20:20:06.318+0000] {processor.py:914} INFO - Processing file /opt/airflow/dags/01_load_csv.py for tasks to queue
[2026-09-10T20:20:06.322+0000] {logging_mixin.py:190} INFO - [2026-09-10T20:20:06.321+0000] {dagbag.py:588} INFO - Filling up the DagBag from /opt/airflow/dags/01_load_csv.py
[2026-09-10T20:20:06.331+0000] {processor.py:925} INFO - DAG(s) '01_load_csv' retrieved from /opt/airflow/dags/01_load_csv.py
[2026-09-10T20:20:06.360+0000] {logging_mixin.py:190} INFO - [2026-09-10T20:20:06.359+0000] {dag.py:3239} INFO - Sync 1 DAGs
[2026-09-10T20:20:06.374+0000] {logging_mixin.py:190} INFO - [2026-09-10T20:20:06.374+0000] {dag.py:4180} INFO - Setting next_dagrun for 01_load_csv to None, run_after=None
[2026-09-10T20:20:06.392+0000] {processor.py:208} INFO - Processing /opt/airflow/dags/01_load_csv.py took 0.084 seconds
[2026-09-10T20:20:36.629+0000] {processor.py:186} INFO - Started process (PID=433) to work on /opt/airflow/dags/01_load_csv.py
[2026-09-10T20:20:36.630+0000] {processor.py:914} INFO - Processing file /opt/airflow/dags/01_load_csv.py for tasks to queue
[2026-09-10T20:20:36.632+0000] {logging_mixin.py:190} INFO - [2026-09-10T20:20:36.632+0000] {dagbag.py:588} INFO - Filling up the DagBag from /opt/airflow/dags/01_load_csv.py
[2026-09-10T20:20:36.640+0000] {processor.py:925} INFO - DAG(s) '01_load_csv' retrieved from /opt/airflow/dags/01_load_csv.py
[2026-09-10T20:20:36.667+0000] {logging_mixin.py:190} INFO - [2026-09-10T20:20:36.667+0000] {dag.py:3239} INFO - Sync 1 DAGs
[2026-09-10T20:20:36.681+0000] {logging_mixin.py:190} INFO - [2026-09-10T20:20:36.681+0000] {dag.py:4180} INFO - Setting next_dagrun for 01_load_csv to None, run_after=None
[2026-09-10T20:20:36.699+0000] {processor.py:208} INFO - Processing /opt/airflow/dags/01_load_csv.py took 0.077 seconds
[2026-09-10T20:21:07.816+0000] {processor.py:186} INFO - Started process (PID=503) to work on /opt/airflow/dags/01_load_csv.py
[2026-09-10T20:21:07.818+0000] {processor.py:914} INFO - Processing file /opt/airflow/dags/01_load_csv.py for tasks to queue
[2026-09-10T20:21:07.821+0000] {logging_mixin.py:190} INFO - [2026-09-10T20:21:07.820+0000] {dagbag.py:588} INFO - Filling up the DagBag from /opt/airflow/dags/01_load_csv.py
[2026-09-10T20:21:07.832+0000] {processor.py:925} INFO - DAG(s) '01_load_csv' retrieved from /opt/airflow/dags/01_load_csv.py
[2026-09-10T20:21:08.058+0000] {logging_mixin.py:190} INFO - [2026-09-10T20:21:08.058+0000] {dag.py:3239} INFO - Sync 1 DAGs
[2026-09-10T20:21:08.073+0000] {logging_mixin.py:190} INFO - [2026-09-10T20:21:08.072+0000] {dag.py:4180} INFO - Setting next_dagrun for 01_load_csv to None, run_after=None
[2026-09-10T20:21:08.114+0000] {processor.py:208} INFO - Processing /opt/airflow/dags/01_load_csv.py took 0.308 seconds
[2026-09-10T20:21:38.747+0000] {processor.py:186} INFO - Started process (PID=571) to work on /opt/airflow/dags/01_load_csv.py
[2026-09-10T20:21:38.749+0000] {processor.py:914} INFO - Processing file /opt/airflow/dags/01_load_csv.py for tasks to queue
[2026-09-10T20:21:38.755+0000] {logging_mixin.py:190} INFO - [2026-09-10T20:21:38.754+0000] {dagbag.py:588} INFO - Filling up the DagBag from /opt/airflow/dags/01_load_csv.py
[2026-09-10T20:21:38.777+0000] {processor.py:925} INFO - DAG(s) '01_load_csv' retrieved from /opt/airflow/dags/01_load_csv.py
[2026-09-10T20:21:38.870+0000] {logging_mixin.py:190} INFO - [2026-09-10T20:21:38.870+0000] {dag.py:3239} INFO - Sync 1 DAGs
[2026-09-10T20:21:38.899+0000] {logging_mixin.py:190} INFO - [2026-09-10T20:21:38.899+0000] {dag.py:4180} INFO - Setting next_dagrun for 01_load_csv to None, run_after=None
[2026-09-10T20:21:38.943+0000] {processor.py:208} INFO - Processing /opt/airflow/dags/01_load_csv.py took 0.212 seconds
[2026-09-10T20:22:09.092+0000] {processor.py:186} INFO - Started process (PID=643) to work on /opt/airflow/dags/01_load_csv.py
[2026-09-10T20:22:09.093+0000] {processor.py:914} INFO - Processing file /opt/airflow/dags/01_load_csv.py for tasks to queue
[2026-09-10T20:22:09.096+0000] {logging_mixin.py:190} INFO - [2026-09-10T20:22:09.095+0000] {dagbag.py:588} INFO - Filling up the DagBag from /opt/airflow/dags/01_load_csv.py
[2026-09-10T20:22:09.254+0000] {processor.py:925} INFO - DAG(s) '01_load_csv' retrieved from /opt/airflow/dags/01_load_csv.py
[2026-09-10T20:22:09.276+0000] {logging_mixin.py:190} INFO - [2026-09-10T20:22:09.276+0000] {dag.py:3239} INFO - Sync 1 DAGs
[2026-09-10T20:22:09.288+0000] {logging_mixin.py:190} INFO - [2026-09-10T20:22:09.287+0000] {dag.py:4180} INFO - Setting next_dagrun for 01_load_csv to None, run_after=None
[2026-09-10T20:22:09.303+0000] {processor.py:208} INFO - Processing /opt/airflow/dags/01_load_csv.py took 0.219 seconds
[2026-09-10T20:22:39.969+0000] {processor.py:186} INFO - Started process (PID=711) to work on /opt/airflow/dags/01_load_csv.py
[2026-09-10T20:22:39.971+0000] {processor.py:914} INFO - Processing file /opt/airflow/dags/01_load_csv.py for tasks to queue
[2026-09-10T20:22:39.977+0000] {logging_mixin.py:190} INFO - [2026-09-10T20:22:39.976+0000] {dagbag.py:588} INFO - Filling up the DagBag from /opt/airflow/dags/01_load_csv.py
[2026-09-10T20:22:40.007+0000] {processor.py:925} INFO - DAG(s) '01_load_csv' retrieved from /opt/airflow/dags/01_load_csv.py
[2026-09-10T20:22:40.058+0000] {logging_mixin.py:190} INFO - [2026-09-10T20:22:40.057+0000] {dag.py:3239} INFO - Sync 1 DAGs
[2026-09-10T20:22:40.084+0000] {logging_mixin.py:190} INFO - [2026-09-10T20:22:40.083+0000] {dag.py:4180} INFO - Setting next_dagrun for 01_load_csv to None, run_after=None
[2026-09-10T20:22:40.115+0000] {processor.py:208} INFO - Processing /opt/airflow/dags/01_load_csv.py took 0.177 seconds
[2026-09-10T20:23:10.451+0000] {processor.py:186} INFO - Started process (PID=787) to work on /opt/airflow/dags/01_load_csv.py
[2026-09-10T20:23:10.452+0000] {processor.py:914} INFO - Processing file /opt/airflow/dags/01_load_csv.py for tasks to queue
[2026-09-10T20:23:10.457+0000] {logging_mixin.py:190} INFO - [2026-09-10T20:23:10.456+0000] {dagbag.py:588} INFO - Filling up the DagBag from /opt/airflow/dags/01_load_csv.py
[2026-09-10T20:23:10.471+0000] {processor.py:925} INFO - DAG(s) '01_load_csv' retrieved from /opt/airflow/dags/01_load_csv.py
[2026-09-10T20:23:10.517+0000] {logging_mixin.py:190} INFO - [2026-09-10T20:23:10.517+0000] {dag.py:3239} INFO - Sync 1 DAGs
[2026-09-10T20:23:10.542+0000] {logging_mixin.py:190} INFO - [2026-09-10T20:23:10.542+0000] {dag.py:4180} INFO - Setting next_dagrun for 01_load_csv to None, run_after=None
[2026-09-10T20:23:10.568+0000] {processor.py:208} INFO - Processing /opt/airflow/dags/01_load_csv.py took 0.126 seconds
[2026-09-10T20:23:41.620+0000] {processor.py:186} INFO - Started process (PID=865) to work on /opt/airflow/dags/01_load_csv.py
[2026-09-10T20:23:41.622+0000] {processor.py:914} INFO - Processing file /opt/airflow/dags/01_load_csv.py for tasks to queue
[2026-09-10T20:23:41.626+0000] {logging_mixin.py:190} INFO - [2026-09-10T20:23:41.625+0000] {dagbag.py:588} INFO - Filling up the DagBag from /opt/airflow/dags/01_load_csv.py
[2026-09-10T20:23:41.647+0000] {processor.py:925} INFO - DAG(s) '01_load_csv' retrieved from /opt/airflow/dags/01_load_csv.py
[2026-09-10T20:23:41.697+0000] {logging_mixin.py:190} INFO - [2026-09-10T20:23:41.697+0000] {dag.py:3239} INFO - Sync 1 DAGs
[2026-09-10T20:23:41.729+0000] {logging_mixin.py:190} INFO - [2026-09-10T20:23:41.728+0000] {dag.py:4180} INFO - Setting next_dagrun for 01_load_csv to None, run_after=None
[2026-09-10T20:23:41.762+0000] {processor.py:208} INFO - Processing /opt/airflow/dags/01_load_csv.py took 0.155 seconds
[2026-09-10T20:24:11.813+0000] {processor.py:186} INFO - Started process (PID=935) to work on /opt/airflow/dags/01_load_csv.py
[2026-09-10T20:24:11.815+0000] {processor.py:914} INFO - Processing file /opt/airflow/dags/01_load_csv.py for tasks to queue
[2026-09-10T20:24:11.817+0000] {logging_mixin.py:190} INFO - [2026-09-10T20:24:11.817+0000] {dagbag.py:588} INFO - Filling up the DagBag from /opt/airflow/dags/01_load_csv.py
[2026-09-10T20:24:11.826+0000] {processor.py:925} INFO - DAG(s) '01_load_csv' retrieved from /opt/airflow/dags/01_load_csv.py
[2026-09-10T20:24:11.856+0000] {logging_mixin.py:190} INFO - [2026-09-10T20:24:11.856+0000] {dag.py:3239} INFO - Sync 1 DAGs
[2026-09-10T20:24:11.871+0000] {logging_mixin.py:190} INFO - [2026-09-10T20:24:11.871+0000] {dag.py:4180} INFO - Setting next_dagrun for 01_load_csv to None, run_after=None
[2026-09-10T20:24:11.890+0000] {processor.py:208} INFO - Processing /opt/airflow/dags/01_load_csv.py took 0.084 seconds
[2026-09-10T20:24:41.942+0000] {processor.py:186} INFO - Started process (PID=1005) to work on /opt/airflow/dags/01_load_csv.py
[2026-09-10T20:24:41.943+0000] {processor.py:914} INFO - Processing file /opt/airflow/dags/01_load_csv.py for tasks to queue
[2026-09-10T20:24:41.945+0000] {logging_mixin.py:190} INFO - [2026-09-10T20:24:41.945+0000] {dagbag.py:588} INFO - Filling up the DagBag from /opt/airflow/dags/01_load_csv.py
[2026-09-10T20:24:41.957+0000] {processor.py:925} INFO - DAG(s) '01_load_csv' retrieved from /opt/airflow/dags/01_load_csv.py
[2026-09-10T20:24:41.989+0000] {logging_mixin.py:190} INFO - [2026-09-10T20:24:41.989+0000] {dag.py:3239} INFO - Sync 1 DAGs
[2026-09-10T20:24:42.006+0000] {logging_mixin.py:190} INFO - [2026-09-10T20:24:42.006+0000] {dag.py:4180} INFO - Setting next_dagrun for 01_load_csv to None, run_after=None
[2026-09-10T20:24:42.029+0000] {processor.py:208} INFO - Processing /opt/airflow/dags/01_load_csv.py took 0.095 seconds
[2026-09-10T20:25:12.192+0000] {processor.py:186} INFO - Started process (PID=1073) to work on /opt/airflow/dags/01_load_csv.py
[2026-09-10T20:25:12.193+0000] {processor.py:914} INFO - Processing file /opt/airflow/dags/01_load_csv.py for tasks to queue
[2026-09-10T20:25:12.197+0000] {logging_mixin.py:190} INFO - [2026-09-10T20:25:12.196+0000] {dagbag.py:588} INFO - Filling up the DagBag from /opt/airflow/dags/01_load_csv.py
[2026-09-10T20:25:12.209+0000] {processor.py:925} INFO - DAG(s) '01_load_csv' retrieved from /opt/airflow/dags/01_load_csv.py
[2026-09-10T20:25:12.253+0000] {logging_mixin.py:190} INFO - [2026-09-10T20:25:12.252+0000] {dag.py:3239} INFO - Sync 1 DAGs
[2026-09-10T20:25:12.281+0000] {logging_mixin.py:190} INFO - [2026-09-10T20:25:12.280+0000] {dag.py:4180} INFO - Setting next_dagrun for 01_load_csv to None, run_after=None
[2026-09-10T20:25:12.304+0000] {processor.py:208} INFO - Processing /opt/airflow/dags/01_load_csv.py took 0.121 seconds
[2026-09-10T20:25:42.357+0000] {processor.py:186} INFO - Started process (PID=1143) to work on /opt/airflow/dags/01_load_csv.py
[2026-09-10T20:25:42.358+0000] {processor.py:914} INFO - Processing file /opt/airflow/dags/01_load_csv.py for tasks to queue
[2026-09-10T20:25:42.361+0000] {logging_mixin.py:190} INFO - [2026-09-10T20:25:42.360+0000] {dagbag.py:588} INFO - Filling up the DagBag from /opt/airflow/dags/01_load_csv.py
[2026-09-10T20:25:42.370+0000] {processor.py:925} INFO - DAG(s) '01_load_csv' retrieved from /opt/airflow/dags/01_load_csv.py
[2026-09-10T20:25:42.399+0000] {logging_mixin.py:190} INFO - [2026-09-10T20:25:42.399+0000] {dag.py:3239} INFO - Sync 1 DAGs
[2026-09-10T20:25:42.415+0000] {logging_mixin.py:190} INFO - [2026-09-10T20:25:42.415+0000] {dag.py:4180} INFO - Setting next_dagrun for 01_load_csv to None, run_after=None
[2026-09-10T20:25:42.433+0000] {processor.py:208} INFO - Processing /opt/airflow/dags/01_load_csv.py took 0.084 seconds
[2026-09-10T20:26:12.603+0000] {processor.py:186} INFO - Started process (PID=1215) to work on /opt/airflow/dags/01_load_csv.py
[2026-09-10T20:26:12.604+0000] {processor.py:914} INFO - Processing file /opt/airflow/dags/01_load_csv.py for tasks to queue
[2026-09-10T20:26:12.607+0000] {logging_mixin.py:190} INFO - [2026-09-10T20:26:12.607+0000] {dagbag.py:588} INFO - Filling up the DagBag from /opt/airflow/dags/01_load_csv.py
[2026-09-10T20:26:12.616+0000] {processor.py:925} INFO - DAG(s) '01_load_csv' retrieved from /opt/airflow/dags/01_load_csv.py
[2026-09-10T20:26:12.643+0000] {logging_mixin.py:190} INFO - [2026-09-10T20:26:12.643+0000] {dag.py:3239} INFO - Sync 1 DAGs
[2026-09-10T20:26:12.658+0000] {logging_mixin.py:190} INFO - [2026-09-10T20:26:12.657+0000] {dag.py:4180} INFO - Setting next_dagrun for 01_load_csv to None, run_after=None
[2026-09-10T20:26:12.676+0000] {processor.py:208} INFO - Processing /opt/airflow/dags/01_load_csv.py took 0.080 seconds
[2026-09-10T20:26:42.745+0000] {processor.py:186} INFO - Started process (PID=1285) to work on /opt/airflow/dags/01_load_csv.py
[2026-09-10T20:26:42.746+0000] {processor.py:914} INFO - Processing file /opt/airflow/dags/01_load_csv.py for tasks to queue
[2026-09-10T20:26:42.748+0000] {logging_mixin.py:190} INFO - [2026-09-10T20:26:42.748+0000] {dagbag.py:588} INFO - Filling up the DagBag from /opt/airflow/dags/01_load_csv.py
[2026-09-10T20:26:42.757+0000] {processor.py:925} INFO - DAG(s) '01_load_csv' retrieved from /opt/airflow/dags/01_load_csv.py
[2026-09-10T20:26:42.785+0000] {logging_mixin.py:190} INFO - [2026-09-10T20:26:42.785+0000] {dag.py:3239} INFO - Sync 1 DAGs
[2026-09-10T20:26:42.799+0000] {logging_mixin.py:190} INFO - [2026-09-10T20:26:42.799+0000] {dag.py:4180} INFO - Setting next_dagrun for 01_load_csv to None, run_after=None
[2026-09-10T20:26:42.818+0000] {processor.py:208} INFO - Processing /opt/airflow/dags/01_load_csv.py took 0.080 seconds
[2026-09-10T20:27:12.908+0000] {processor.py:186} INFO - Started process (PID=1353) to work on /opt/airflow/dags/01_load_csv.py
[2026-09-10T20:27:12.910+0000] {processor.py:914} INFO - Processing file /opt/airflow/dags/01_load_csv.py for tasks to queue
[2026-09-10T20:27:12.912+0000] {logging_mixin.py:190} INFO - [2026-09-10T20:27:12.912+0000] {dagbag.py:588} INFO - Filling up the DagBag from /opt/airflow/dags/01_load_csv.py
[2026-09-10T20:27:12.922+0000] {processor.py:925} INFO - DAG(s) '01_load_csv' retrieved from /opt/airflow/dags/01_load_csv.py
[2026-09-10T20:27:12.957+0000] {logging_mixin.py:190} INFO - [2026-09-10T20:27:12.957+0000] {dag.py:3239} INFO - Sync 1 DAGs
[2026-09-10T20:27:12.973+0000] {logging_mixin.py:190} INFO - [2026-09-10T20:27:12.973+0000] {dag.py:4180} INFO - Setting next_dagrun for 01_load_csv to None, run_after=None
[2026-09-10T20:27:12.992+0000] {processor.py:208} INFO - Processing /opt/airflow/dags/01_load_csv.py took 0.092 seconds
[2026-09-10T20:27:43.159+0000] {processor.py:186} INFO - Started process (PID=1423) to work on /opt/airflow/dags/01_load_csv.py
[2026-09-10T20:27:43.160+0000] {processor.py:914} INFO - Processing file /opt/airflow/dags/01_load_csv.py for tasks to queue
[2026-09-10T20:27:43.163+0000] {logging_mixin.py:190} INFO - [2026-09-10T20:27:43.163+0000] {dagbag.py:588} INFO - Filling up the DagBag from /opt/airflow/dags/01_load_csv.py
[2026-09-10T20:27:43.172+0000] {processor.py:925} INFO - DAG(s) '01_load_csv' retrieved from /opt/airflow/dags/01_load_csv.py
[2026-09-10T20:27:43.201+0000] {logging_mixin.py:190} INFO - [2026-09-10T20:27:43.201+0000] {dag.py:3239} INFO - Sync 1 DAGs
[2026-09-10T20:27:43.216+0000] {logging_mixin.py:190} INFO - [2026-09-10T20:27:43.216+0000] {dag.py:4180} INFO - Setting next_dagrun for 01_load_csv to None, run_after=None
[2026-09-10T20:27:43.235+0000] {processor.py:208} INFO - Processing /opt/airflow/dags/01_load_csv.py took 0.084 seconds
[2026-09-10T20:28:13.305+0000] {processor.py:186} INFO - Started process (PID=1493) to work on /opt/airflow/dags/01_load_csv.py
[2026-09-10T20:28:13.306+0000] {processor.py:914} INFO - Processing file /opt/airflow/dags/01_load_csv.py for tasks to queue
[2026-09-10T20:28:13.309+0000] {logging_mixin.py:190} INFO - [2026-09-10T20:28:13.308+0000] {dagbag.py:588} INFO - Filling up the DagBag from /opt/airflow/dags/01_load_csv.py
[2026-09-10T20:28:13.318+0000] {processor.py:925} INFO - DAG(s) '01_load_csv' retrieved from /opt/airflow/dags/01_load_csv.py
[2026-09-10T20:28:13.347+0000] {logging_mixin.py:190} INFO - [2026-09-10T20:28:13.347+0000] {dag.py:3239} INFO - Sync 1 DAGs
[2026-09-10T20:28:13.362+0000] {logging_mixin.py:190} INFO - [2026-09-10T20:28:13.362+0000] {dag.py:4180} INFO - Setting next_dagrun for 01_load_csv to None, run_after=None
[2026-09-10T20:28:13.380+0000] {processor.py:208} INFO - Processing /opt/airflow/dags/01_load_csv.py took 0.083 seconds
[2026-09-10T20:28:44.493+0000] {processor.py:186} INFO - Started process (PID=1565) to work on /opt/airflow/dags/01_load_csv.py
[2026-09-10T20:28:44.494+0000] {processor.py:914} INFO - Processing file /opt/airflow/dags/01_load_csv.py for tasks to queue
[2026-09-10T20:28:44.497+0000] {logging_mixin.py:190} INFO - [2026-09-10T20:28:44.497+0000] {dagbag.py:588} INFO - Filling up the DagBag from /opt/airflow/dags/01_load_csv.py
[2026-09-10T20:28:44.508+0000] {processor.py:925} INFO - DAG(s) '01_load_csv' retrieved from /opt/airflow/dags/01_load_csv.py
[2026-09-10T20:28:44.545+0000] {logging_mixin.py:190} INFO - [2026-09-10T20:28:44.544+0000] {dag.py:3239} INFO - Sync 1 DAGs
[2026-09-10T20:28:44.562+0000] {logging_mixin.py:190} INFO - [2026-09-10T20:28:44.562+0000] {dag.py:4180} INFO - Setting next_dagrun for 01_load_csv to None, run_after=None
[2026-09-10T20:28:44.583+0000] {processor.py:208} INFO - Processing /opt/airflow/dags/01_load_csv.py took 0.098 seconds
[2026-09-10T20:29:14.657+0000] {processor.py:186} INFO - Started process (PID=1635) to work on /opt/airflow/dags/01_load_csv.py
[2026-09-10T20:29:14.659+0000] {processor.py:914} INFO - Processing file /opt/airflow/dags/01_load_csv.py for tasks to queue
[2026-09-10T20:29:14.662+0000] {logging_mixin.py:190} INFO - [2026-09-10T20:29:14.661+0000] {dagbag.py:588} INFO - Filling up the DagBag from /opt/airflow/dags/01_load_csv.py
[2026-09-10T20:29:14.672+0000] {processor.py:925} INFO - DAG(s) '01_load_csv' retrieved from /opt/airflow/dags/01_load_csv.py
[2026-09-10T20:29:14.702+0000] {logging_mixin.py:190} INFO - [2026-09-10T20:29:14.702+0000] {dag.py:3239} INFO - Sync 1 DAGs
[2026-09-10T20:29:14.719+0000] {logging_mixin.py:190} INFO - [2026-09-10T20:29:14.718+0000] {dag.py:4180} INFO - Setting next_dagrun for 01_load_csv to None, run_after=None
[2026-09-10T20:29:14.742+0000] {processor.py:208} INFO - Processing /opt/airflow/dags/01_load_csv.py took 0.093 seconds
[2026-09-10T20:29:44.821+0000] {processor.py:186} INFO - Started process (PID=1705) to work on /opt/airflow/dags/01_load_csv.py
[2026-09-10T20:29:44.822+0000] {processor.py:914} INFO - Processing file /opt/airflow/dags/01_load_csv.py for tasks to queue
[2026-09-10T20:29:44.824+0000] {logging_mixin.py:190} INFO - [2026-09-10T20:29:44.824+0000] {dagbag.py:588} INFO - Filling up the DagBag from /opt/airflow/dags/01_load_csv.py
[2026-09-10T20:29:44.833+0000] {processor.py:925} INFO - DAG(s) '01_load_csv' retrieved from /opt/airflow/dags/01_load_csv.py
[2026-09-10T20:29:44.863+0000] {logging_mixin.py:190} INFO - [2026-09-10T20:29:44.862+0000] {dag.py:3239} INFO - Sync 1 DAGs
[2026-09-10T20:29:44.879+0000] {logging_mixin.py:190} INFO - [2026-09-10T20:29:44.878+0000] {dag.py:4180} INFO - Setting next_dagrun for 01_load_csv to None, run_after=None
[2026-09-10T20:29:44.898+0000] {processor.py:208} INFO - Processing /opt/airflow/dags/01_load_csv.py took 0.085 seconds
[2026-09-10T20:30:15.008+0000] {processor.py:186} INFO - Started process (PID=1775) to work on /opt/airflow/dags/01_load_csv.py
[2026-09-10T20:30:15.011+0000] {processor.py:914} INFO - Processing file /opt/airflow/dags/01_load_csv.py for tasks to queue
[2026-09-10T20:30:15.015+0000] {logging_mixin.py:190} INFO - [2026-09-10T20:30:15.014+0000] {dagbag.py:588} INFO - Filling up the DagBag from /opt/airflow/dags/01_load_csv.py
[2026-09-10T20:30:15.024+0000] {processor.py:925} INFO - DAG(s) '01_load_csv' retrieved from /opt/airflow/dags/01_load_csv.py
[2026-09-10T20:30:15.055+0000] {logging_mixin.py:190} INFO - [2026-09-10T20:30:15.055+0000] {dag.py:3239} INFO - Sync 1 DAGs
[2026-09-10T20:30:15.070+0000] {logging_mixin.py:190} INFO - [2026-09-10T20:30:15.070+0000] {dag.py:4180} INFO - Setting next_dagrun for 01_load_csv to None, run_after=None
[2026-09-10T20:30:15.089+0000] {processor.py:208} INFO - Processing /opt/airflow/dags/01_load_csv.py took 0.090 seconds
[2026-09-10T20:30:45.177+0000] {processor.py:186} INFO - Started process (PID=1845) to work on /opt/airflow/dags/01_load_csv.py
[2026-09-10T20:30:45.178+0000] {processor.py:914} INFO - Processing file /opt/airflow/dags/01_load_csv.py for tasks to queue
[2026-09-10T20:30:45.180+0000] {logging_mixin.py:190} INFO - [2026-09-10T20:30:45.179+0000] {dagbag.py:588} INFO - Filling up the DagBag from /opt/airflow/dags/01_load_csv.py
[2026-09-10T20:30:45.187+0000] {processor.py:925} INFO - DAG(s) '01_load_csv' retrieved from /opt/airflow/dags/01_load_csv.py
[2026-09-10T20:30:45.218+0000] {logging_mixin.py:190} INFO - [2026-09-10T20:30:45.217+0000] {dag.py:3239} INFO - Sync 1 DAGs
[2026-09-10T20:30:45.233+0000] {logging_mixin.py:190} INFO - [2026-09-10T20:30:45.233+0000] {dag.py:4180} INFO - Setting next_dagrun for 01_load_csv to None, run_after=None
[2026-09-10T20:30:45.253+0000] {processor.py:208} INFO - Processing /opt/airflow/dags/01_load_csv.py took 0.083 seconds
[2026-09-10T20:31:15.337+0000] {processor.py:186} INFO - Started process (PID=1913) to work on /opt/airflow/dags/01_load_csv.py
[2026-09-10T20:31:15.339+0000] {processor.py:914} INFO - Processing file /opt/airflow/dags/01_load_csv.py for tasks to queue
[2026-09-10T20:31:15.341+0000] {logging_mixin.py:190} INFO - [2026-09-10T20:31:15.341+0000] {dagbag.py:588} INFO - Filling up the DagBag from /opt/airflow/dags/01_load_csv.py
[2026-09-10T20:31:15.351+0000] {processor.py:925} INFO - DAG(s) '01_load_csv' retrieved from /opt/airflow/dags/01_load_csv.py
[2026-09-10T20:31:15.379+0000] {logging_mixin.py:190} INFO - [2026-09-10T20:31:15.379+0000] {dag.py:3239} INFO - Sync 1 DAGs
[2026-09-10T20:31:15.395+0000] {logging_mixin.py:190} INFO - [2026-09-10T20:31:15.395+0000] {dag.py:4180} INFO - Setting next_dagrun for 01_load_csv to None, run_after=None
[2026-09-10T20:31:15.414+0000] {processor.py:208} INFO - Processing /opt/airflow/dags/01_load_csv.py took 0.085 seconds
[2026-09-10T20:31:45.682+0000] {processor.py:186} INFO - Started process (PID=1985) to work on /opt/airflow/dags/01_load_csv.py
[2026-09-10T20:31:45.683+0000] {processor.py:914} INFO - Processing file /opt/airflow/dags/01_load_csv.py for tasks to queue
[2026-09-10T20:31:45.686+0000] {logging_mixin.py:190} INFO - [2026-09-10T20:31:45.685+0000] {dagbag.py:588} INFO - Filling up the DagBag from /opt/airflow/dags/01_load_csv.py
[2026-09-10T20:31:45.694+0000] {processor.py:925} INFO - DAG(s) '01_load_csv' retrieved from /opt/airflow/dags/01_load_csv.py
[2026-09-10T20:31:45.722+0000] {logging_mixin.py:190} INFO - [2026-09-10T20:31:45.722+0000] {dag.py:3239} INFO - Sync 1 DAGs
[2026-09-10T20:31:45.736+0000] {logging_mixin.py:190} INFO - [2026-09-10T20:31:45.736+0000] {dag.py:4180} INFO - Setting next_dagrun for 01_load_csv to None, run_after=None
[2026-09-10T20:31:45.755+0000] {processor.py:208} INFO - Processing /opt/airflow/dags/01_load_csv.py took 0.080 seconds
[2026-09-10T20:32:16.354+0000] {processor.py:186} INFO - Started process (PID=2053) to work on /opt/airflow/dags/01_load_csv.py
[2026-09-10T20:32:16.356+0000] {processor.py:914} INFO - Processing file /opt/airflow/dags/01_load_csv.py for tasks to queue
[2026-09-10T20:32:16.361+0000] {logging_mixin.py:190} INFO - [2026-09-10T20:32:16.361+0000] {dagbag.py:588} INFO - Filling up the DagBag from /opt/airflow/dags/01_load_csv.py
[2026-09-10T20:32:16.382+0000] {processor.py:925} INFO - DAG(s) '01_load_csv' retrieved from /opt/airflow/dags/01_load_csv.py
[2026-09-10T20:32:16.434+0000] {logging_mixin.py:190} INFO - [2026-09-10T20:32:16.434+0000] {dag.py:3239} INFO - Sync 1 DAGs
[2026-09-10T20:32:16.465+0000] {logging_mixin.py:190} INFO - [2026-09-10T20:32:16.464+0000] {dag.py:4180} INFO - Setting next_dagrun for 01_load_csv to None, run_after=None
[2026-09-10T20:32:16.494+0000] {processor.py:208} INFO - Processing /opt/airflow/dags/01_load_csv.py took 0.154 seconds
[2026-09-10T20:32:46.652+0000] {processor.py:186} INFO - Started process (PID=2125) to work on /opt/airflow/dags/01_load_csv.py
[2026-09-10T20:32:46.654+0000] {processor.py:914} INFO - Processing file /opt/airflow/dags/01_load_csv.py for tasks to queue
[2026-09-10T20:32:46.657+0000] {logging_mixin.py:190} INFO - [2026-09-10T20:32:46.657+0000] {dagbag.py:588} INFO - Filling up the DagBag from /opt/airflow/dags/01_load_csv.py
[2026-09-10T20:32:46.666+0000] {processor.py:925} INFO - DAG(s) '01_load_csv' retrieved from /opt/airflow/dags/01_load_csv.py
[2026-09-10T20:32:46.693+0000] {logging_mixin.py:190} INFO - [2026-09-10T20:32:46.693+0000] {dag.py:3239} INFO - Sync 1 DAGs
[2026-09-10T20:32:46.709+0000] {logging_mixin.py:190} INFO - [2026-09-10T20:32:46.708+0000] {dag.py:4180} INFO - Setting next_dagrun for 01_load_csv to None, run_after=None
[2026-09-10T20:32:46.726+0000] {processor.py:208} INFO - Processing /opt/airflow/dags/01_load_csv.py took 0.081 seconds
[2026-09-10T20:33:17.079+0000] {processor.py:186} INFO - Started process (PID=2195) to work on /opt/airflow/dags/01_load_csv.py
[2026-09-10T20:33:17.080+0000] {processor.py:914} INFO - Processing file /opt/airflow/dags/01_load_csv.py for tasks to queue
[2026-09-10T20:33:17.083+0000] {logging_mixin.py:190} INFO - [2026-09-10T20:33:17.083+0000] {dagbag.py:588} INFO - Filling up the DagBag from /opt/airflow/dags/01_load_csv.py
[2026-09-10T20:33:17.095+0000] {processor.py:925} INFO - DAG(s) '01_load_csv' retrieved from /opt/airflow/dags/01_load_csv.py
[2026-09-10T20:33:17.128+0000] {logging_mixin.py:190} INFO - [2026-09-10T20:33:17.127+0000] {dag.py:3239} INFO - Sync 1 DAGs
[2026-09-10T20:33:17.145+0000] {logging_mixin.py:190} INFO - [2026-09-10T20:33:17.145+0000] {dag.py:4180} INFO - Setting next_dagrun for 01_load_csv to None, run_after=None
[2026-09-10T20:33:17.167+0000] {processor.py:208} INFO - Processing /opt/airflow/dags/01_load_csv.py took 0.098 seconds
[2026-09-10T20:33:47.309+0000] {processor.py:186} INFO - Started process (PID=2265) to work on /opt/airflow/dags/01_load_csv.py
[2026-09-10T20:33:47.311+0000] {processor.py:914} INFO - Processing file /opt/airflow/dags/01_load_csv.py for tasks to queue
[2026-09-10T20:33:47.313+0000] {logging_mixin.py:190} INFO - [2026-09-10T20:33:47.313+0000] {dagbag.py:588} INFO - Filling up the DagBag from /opt/airflow/dags/01_load_csv.py
[2026-09-10T20:33:47.322+0000] {processor.py:925} INFO - DAG(s) '01_load_csv' retrieved from /opt/airflow/dags/01_load_csv.py
[2026-09-10T20:33:47.354+0000] {logging_mixin.py:190} INFO - [2026-09-10T20:33:47.354+0000] {dag.py:3239} INFO - Sync 1 DAGs
[2026-09-10T20:33:47.368+0000] {logging_mixin.py:190} INFO - [2026-09-10T20:33:47.368+0000] {dag.py:4180} INFO - Setting next_dagrun for 01_load_csv to None, run_after=None
[2026-09-10T20:33:47.386+0000] {processor.py:208} INFO - Processing /opt/airflow/dags/01_load_csv.py took 0.085 seconds
[2026-09-10T20:34:17.506+0000] {processor.py:186} INFO - Started process (PID=2333) to work on /opt/airflow/dags/01_load_csv.py
[2026-09-10T20:34:17.508+0000] {processor.py:914} INFO - Processing file /opt/airflow/dags/01_load_csv.py for tasks to queue
[2026-09-10T20:34:17.511+0000] {logging_mixin.py:190} INFO - [2026-09-10T20:34:17.511+0000] {dagbag.py:588} INFO - Filling up the DagBag from /opt/airflow/dags/01_load_csv.py
[2026-09-10T20:34:17.524+0000] {processor.py:925} INFO - DAG(s) '01_load_csv' retrieved from /opt/airflow/dags/01_load_csv.py
[2026-09-10T20:34:17.568+0000] {logging_mixin.py:190} INFO - [2026-09-10T20:34:17.567+0000] {dag.py:3239} INFO - Sync 1 DAGs
[2026-09-10T20:34:17.585+0000] {logging_mixin.py:190} INFO - [2026-09-10T20:34:17.585+0000] {dag.py:4180} INFO - Setting next_dagrun for 01_load_csv to None, run_after=None
[2026-09-10T20:34:17.608+0000] {processor.py:208} INFO - Processing /opt/airflow/dags/01_load_csv.py took 0.112 seconds
[2026-09-10T20:34:47.714+0000] {processor.py:186} INFO - Started process (PID=2405) to work on /opt/airflow/dags/01_load_csv.py
[2026-09-10T20:34:47.716+0000] {processor.py:914} INFO - Processing file /opt/airflow/dags/01_load_csv.py for tasks to queue
[2026-09-10T20:34:47.718+0000] {logging_mixin.py:190} INFO - [2026-09-10T20:34:47.718+0000] {dagbag.py:588} INFO - Filling up the DagBag from /opt/airflow/dags/01_load_csv.py
[2026-09-10T20:34:47.727+0000] {processor.py:925} INFO - DAG(s) '01_load_csv' retrieved from /opt/airflow/dags/01_load_csv.py
[2026-09-10T20:34:47.756+0000] {logging_mixin.py:190} INFO - [2026-09-10T20:34:47.756+0000] {dag.py:3239} INFO - Sync 1 DAGs
[2026-09-10T20:34:47.773+0000] {logging_mixin.py:190} INFO - [2026-09-10T20:34:47.773+0000] {dag.py:4180} INFO - Setting next_dagrun for 01_load_csv to None, run_after=None
[2026-09-10T20:34:47.791+0000] {processor.py:208} INFO - Processing /opt/airflow/dags/01_load_csv.py took 0.084 seconds
[2026-09-10T20:35:17.908+0000] {processor.py:186} INFO - Started process (PID=2473) to work on /opt/airflow/dags/01_load_csv.py
[2026-09-10T20:35:17.909+0000] {processor.py:914} INFO - Processing file /opt/airflow/dags/01_load_csv.py for tasks to queue
[2026-09-10T20:35:17.912+0000] {logging_mixin.py:190} INFO - [2026-09-10T20:35:17.912+0000] {dagbag.py:588} INFO - Filling up the DagBag from /opt/airflow/dags/01_load_csv.py
[2026-09-10T20:35:17.922+0000] {processor.py:925} INFO - DAG(s) '01_load_csv' retrieved from /opt/airflow/dags/01_load_csv.py
[2026-09-10T20:35:17.952+0000] {logging_mixin.py:190} INFO - [2026-09-10T20:35:17.952+0000] {dag.py:3239} INFO - Sync 1 DAGs
[2026-09-10T20:35:17.968+0000] {logging_mixin.py:190} INFO - [2026-09-10T20:35:17.968+0000] {dag.py:4180} INFO - Setting next_dagrun for 01_load_csv to None, run_after=None
[2026-09-10T20:35:17.987+0000] {processor.py:208} INFO - Processing /opt/airflow/dags/01_load_csv.py took 0.087 seconds
[2026-09-10T20:35:48.290+0000] {processor.py:186} INFO - Started process (PID=2543) to work on /opt/airflow/dags/01_load_csv.py
[2026-09-10T20:35:48.292+0000] {processor.py:914} INFO - Processing file /opt/airflow/dags/01_load_csv.py for tasks to queue
[2026-09-10T20:35:48.295+0000] {logging_mixin.py:190} INFO - [2026-09-10T20:35:48.294+0000] {dagbag.py:588} INFO - Filling up the DagBag from /opt/airflow/dags/01_load_csv.py
[2026-09-10T20:35:48.308+0000] {processor.py:925} INFO - DAG(s) '01_load_csv' retrieved from /opt/airflow/dags/01_load_csv.py
[2026-09-10T20:35:48.345+0000] {logging_mixin.py:190} INFO - [2026-09-10T20:35:48.345+0000] {dag.py:3239} INFO - Sync 1 DAGs
[2026-09-10T20:35:48.365+0000] {logging_mixin.py:190} INFO - [2026-09-10T20:35:48.365+0000] {dag.py:4180} INFO - Setting next_dagrun for 01_load_csv to None, run_after=None
[2026-09-10T20:35:48.393+0000] {processor.py:208} INFO - Processing /opt/airflow/dags/01_load_csv.py took 0.113 seconds
[2026-09-10T20:36:19.408+0000] {processor.py:186} INFO - Started process (PID=2613) to work on /opt/airflow/dags/01_load_csv.py
[2026-09-10T20:36:19.409+0000] {processor.py:914} INFO - Processing file /opt/airflow/dags/01_load_csv.py for tasks to queue
[2026-09-10T20:36:19.412+0000] {logging_mixin.py:190} INFO - [2026-09-10T20:36:19.412+0000] {dagbag.py:588} INFO - Filling up the DagBag from /opt/airflow/dags/01_load_csv.py
[2026-09-10T20:36:19.422+0000] {processor.py:925} INFO - DAG(s) '01_load_csv' retrieved from /opt/airflow/dags/01_load_csv.py
[2026-09-10T20:36:19.451+0000] {logging_mixin.py:190} INFO - [2026-09-10T20:36:19.451+0000] {dag.py:3239} INFO - Sync 1 DAGs
[2026-09-10T20:36:19.467+0000] {logging_mixin.py:190} INFO - [2026-09-10T20:36:19.467+0000] {dag.py:4180} INFO - Setting next_dagrun for 01_load_csv to None, run_after=None
[2026-09-10T20:36:19.486+0000] {processor.py:208} INFO - Processing /opt/airflow/dags/01_load_csv.py took 0.086 seconds
[2026-09-10T20:36:49.613+0000] {processor.py:186} INFO - Started process (PID=2683) to work on /opt/airflow/dags/01_load_csv.py
[2026-09-10T20:36:49.615+0000] {processor.py:914} INFO - Processing file /opt/airflow/dags/01_load_csv.py for tasks to queue
[2026-09-10T20:36:49.618+0000] {logging_mixin.py:190} INFO - [2026-09-10T20:36:49.617+0000] {dagbag.py:588} INFO - Filling up the DagBag from /opt/airflow/dags/01_load_csv.py
[2026-09-10T20:36:49.627+0000] {processor.py:925} INFO - DAG(s) '01_load_csv' retrieved from /opt/airflow/dags/01_load_csv.py
[2026-09-10T20:36:49.664+0000] {logging_mixin.py:190} INFO - [2026-09-10T20:36:49.663+0000] {dag.py:3239} INFO - Sync 1 DAGs
[2026-09-10T20:36:49.679+0000] {logging_mixin.py:190} INFO - [2026-09-10T20:36:49.679+0000] {dag.py:4180} INFO - Setting next_dagrun for 01_load_csv to None, run_after=None
[2026-09-10T20:36:49.700+0000] {processor.py:208} INFO - Processing /opt/airflow/dags/01_load_csv.py took 0.094 seconds
[2026-09-10T20:37:19.750+0000] {processor.py:186} INFO - Started process (PID=2753) to work on /opt/airflow/dags/01_load_csv.py
[2026-09-10T20:37:19.751+0000] {processor.py:914} INFO - Processing file /opt/airflow/dags/01_load_csv.py for tasks to queue
[2026-09-10T20:37:19.753+0000] {logging_mixin.py:190} INFO - [2026-09-10T20:37:19.753+0000] {dagbag.py:588} INFO - Filling up the DagBag from /opt/airflow/dags/01_load_csv.py
[2026-09-10T20:37:19.760+0000] {processor.py:925} INFO - DAG(s) '01_load_csv' retrieved from /opt/airflow/dags/01_load_csv.py
[2026-09-10T20:37:19.784+0000] {logging_mixin.py:190} INFO - [2026-09-10T20:37:19.784+0000] {dag.py:3239} INFO - Sync 1 DAGs
[2026-09-10T20:37:19.798+0000] {logging_mixin.py:190} INFO - [2026-09-10T20:37:19.797+0000] {dag.py:4180} INFO - Setting next_dagrun for 01_load_csv to None, run_after=None
[2026-09-10T20:37:19.821+0000] {processor.py:208} INFO - Processing /opt/airflow/dags/01_load_csv.py took 0.077 seconds
[2026-09-10T20:37:49.892+0000] {processor.py:186} INFO - Started process (PID=2823) to work on /opt/airflow/dags/01_load_csv.py
[2026-09-10T20:37:49.893+0000] {processor.py:914} INFO - Processing file /opt/airflow/dags/01_load_csv.py for tasks to queue
[2026-09-10T20:37:49.895+0000] {logging_mixin.py:190} INFO - [2026-09-10T20:37:49.895+0000] {dagbag.py:588} INFO - Filling up the DagBag from /opt/airflow/dags/01_load_csv.py
[2026-09-10T20:37:49.905+0000] {processor.py:925} INFO - DAG(s) '01_load_csv' retrieved from /opt/airflow/dags/01_load_csv.py
[2026-09-10T20:37:49.932+0000] {logging_mixin.py:190} INFO - [2026-09-10T20:37:49.932+0000] {dag.py:3239} INFO - Sync 1 DAGs
[2026-09-10T20:37:49.948+0000] {logging_mixin.py:190} INFO - [2026-09-10T20:37:49.948+0000] {dag.py:4180} INFO - Setting next_dagrun for 01_load_csv to None, run_after=None
[2026-09-10T20:37:49.969+0000] {processor.py:208} INFO - Processing /opt/airflow/dags/01_load_csv.py took 0.085 seconds
[2026-09-10T20:38:20.130+0000] {processor.py:186} INFO - Started process (PID=2893) to work on /opt/airflow/dags/01_load_csv.py
[2026-09-10T20:38:20.131+0000] {processor.py:914} INFO - Processing file /opt/airflow/dags/01_load_csv.py for tasks to queue
[2026-09-10T20:38:20.134+0000] {logging_mixin.py:190} INFO - [2026-09-10T20:38:20.134+0000] {dagbag.py:588} INFO - Filling up the DagBag from /opt/airflow/dags/01_load_csv.py
[2026-09-10T20:38:20.144+0000] {processor.py:925} INFO - DAG(s) '01_load_csv' retrieved from /opt/airflow/dags/01_load_csv.py
[2026-09-10T20:38:20.175+0000] {logging_mixin.py:190} INFO - [2026-09-10T20:38:20.175+0000] {dag.py:3239} INFO - Sync 1 DAGs
[2026-09-10T20:38:20.191+0000] {logging_mixin.py:190} INFO - [2026-09-10T20:38:20.191+0000] {dag.py:4180} INFO - Setting next_dagrun for 01_load_csv to None, run_after=None
[2026-09-10T20:38:20.216+0000] {processor.py:208} INFO - Processing /opt/airflow/dags/01_load_csv.py took 0.094 seconds
[2026-09-10T20:38:50.368+0000] {processor.py:186} INFO - Started process (PID=2963) to work on /opt/airflow/dags/01_load_csv.py
[2026-09-10T20:38:50.369+0000] {processor.py:914} INFO - Processing file /opt/airflow/dags/01_load_csv.py for tasks to queue
[2026-09-10T20:38:50.372+0000] {logging_mixin.py:190} INFO - [2026-09-10T20:38:50.372+0000] {dagbag.py:588} INFO - Filling up the DagBag from /opt/airflow/dags/01_load_csv.py
[2026-09-10T20:38:50.381+0000] {processor.py:925} INFO - DAG(s) '01_load_csv' retrieved from /opt/airflow/dags/01_load_csv.py
[2026-09-10T20:38:50.415+0000] {logging_mixin.py:190} INFO - [2026-09-10T20:38:50.415+0000] {dag.py:3239} INFO - Sync 1 DAGs
[2026-09-10T20:38:50.431+0000] {logging_mixin.py:190} INFO - [2026-09-10T20:38:50.431+0000] {dag.py:4180} INFO - Setting next_dagrun for 01_load_csv to None, run_after=None
[2026-09-10T20:38:50.451+0000] {processor.py:208} INFO - Processing /opt/airflow/dags/01_load_csv.py took 0.092 seconds
[2026-09-10T20:39:20.535+0000] {processor.py:186} INFO - Started process (PID=3033) to work on /opt/airflow/dags/01_load_csv.py
[2026-09-10T20:39:20.536+0000] {processor.py:914} INFO - Processing file /opt/airflow/dags/01_load_csv.py for tasks to queue
[2026-09-10T20:39:20.539+0000] {logging_mixin.py:190} INFO - [2026-09-10T20:39:20.538+0000] {dagbag.py:588} INFO - Filling up the DagBag from /opt/airflow/dags/01_load_csv.py
[2026-09-10T20:39:20.546+0000] {processor.py:925} INFO - DAG(s) '01_load_csv' retrieved from /opt/airflow/dags/01_load_csv.py
[2026-09-10T20:39:20.574+0000] {logging_mixin.py:190} INFO - [2026-09-10T20:39:20.574+0000] {dag.py:3239} INFO - Sync 1 DAGs
[2026-09-10T20:39:20.590+0000] {logging_mixin.py:190} INFO - [2026-09-10T20:39:20.590+0000] {dag.py:4180} INFO - Setting next_dagrun for 01_load_csv to None, run_after=None
[2026-09-10T20:39:20.610+0000] {processor.py:208} INFO - Processing /opt/airflow/dags/01_load_csv.py took 0.082 seconds
[2026-09-10T20:39:50.875+0000] {processor.py:186} INFO - Started process (PID=3103) to work on /opt/airflow/dags/01_load_csv.py
[2026-09-10T20:39:50.877+0000] {processor.py:914} INFO - Processing file /opt/airflow/dags/01_load_csv.py for tasks to queue
[2026-09-10T20:39:50.880+0000] {logging_mixin.py:190} INFO - [2026-09-10T20:39:50.880+0000] {dagbag.py:588} INFO - Filling up the DagBag from /opt/airflow/dags/01_load_csv.py
[2026-09-10T20:39:50.888+0000] {processor.py:925} INFO - DAG(s) '01_load_csv' retrieved from /opt/airflow/dags/01_load_csv.py
[2026-09-10T20:39:50.923+0000] {logging_mixin.py:190} INFO - [2026-09-10T20:39:50.923+0000] {dag.py:3239} INFO - Sync 1 DAGs
[2026-09-10T20:39:50.942+0000] {logging_mixin.py:190} INFO - [2026-09-10T20:39:50.941+0000] {dag.py:4180} INFO - Setting next_dagrun for 01_load_csv to None, run_after=None
[2026-09-10T20:39:50.966+0000] {processor.py:208} INFO - Processing /opt/airflow/dags/01_load_csv.py took 0.102 seconds
[2026-09-10T20:40:21.101+0000] {processor.py:186} INFO - Started process (PID=3173) to work on /opt/airflow/dags/01_load_csv.py
[2026-09-10T20:40:21.102+0000] {processor.py:914} INFO - Processing file /opt/airflow/dags/01_load_csv.py for tasks to queue
[2026-09-10T20:40:21.105+0000] {logging_mixin.py:190} INFO - [2026-09-10T20:40:21.105+0000] {dagbag.py:588} INFO - Filling up the DagBag from /opt/airflow/dags/01_load_csv.py
[2026-09-10T20:40:21.118+0000] {processor.py:925} INFO - DAG(s) '01_load_csv' retrieved from /opt/airflow/dags/01_load_csv.py
[2026-09-10T20:40:21.156+0000] {logging_mixin.py:190} INFO - [2026-09-10T20:40:21.155+0000] {dag.py:3239} INFO - Sync 1 DAGs
[2026-09-10T20:40:21.174+0000] {logging_mixin.py:190} INFO - [2026-09-10T20:40:21.173+0000] {dag.py:4180} INFO - Setting next_dagrun for 01_load_csv to None, run_after=None
[2026-09-10T20:40:21.199+0000] {processor.py:208} INFO - Processing /opt/airflow/dags/01_load_csv.py took 0.111 seconds
[2026-09-10T20:40:51.346+0000] {processor.py:186} INFO - Started process (PID=3243) to work on /opt/airflow/dags/01_load_csv.py
[2026-09-10T20:40:51.348+0000] {processor.py:914} INFO - Processing file /opt/airflow/dags/01_load_csv.py for tasks to queue
[2026-09-10T20:40:51.350+0000] {logging_mixin.py:190} INFO - [2026-09-10T20:40:51.350+0000] {dagbag.py:588} INFO - Filling up the DagBag from /opt/airflow/dags/01_load_csv.py
[2026-09-10T20:40:51.359+0000] {processor.py:925} INFO - DAG(s) '01_load_csv' retrieved from /opt/airflow/dags/01_load_csv.py
[2026-09-10T20:40:51.389+0000] {logging_mixin.py:190} INFO - [2026-09-10T20:40:51.388+0000] {dag.py:3239} INFO - Sync 1 DAGs
[2026-09-10T20:40:51.405+0000] {logging_mixin.py:190} INFO - [2026-09-10T20:40:51.404+0000] {dag.py:4180} INFO - Setting next_dagrun for 01_load_csv to None, run_after=None
[2026-09-10T20:40:51.427+0000] {processor.py:208} INFO - Processing /opt/airflow/dags/01_load_csv.py took 0.089 seconds
[2026-09-10T20:41:21.606+0000] {processor.py:186} INFO - Started process (PID=3313) to work on /opt/airflow/dags/01_load_csv.py
[2026-09-10T20:41:21.607+0000] {processor.py:914} INFO - Processing file /opt/airflow/dags/01_load_csv.py for tasks to queue
[2026-09-10T20:41:21.610+0000] {logging_mixin.py:190} INFO - [2026-09-10T20:41:21.610+0000] {dagbag.py:588} INFO - Filling up the DagBag from /opt/airflow/dags/01_load_csv.py
[2026-09-10T20:41:21.620+0000] {processor.py:925} INFO - DAG(s) '01_load_csv' retrieved from /opt/airflow/dags/01_load_csv.py
[2026-09-10T20:41:21.650+0000] {logging_mixin.py:190} INFO - [2026-09-10T20:41:21.650+0000] {dag.py:3239} INFO - Sync 1 DAGs
[2026-09-10T20:41:21.668+0000] {logging_mixin.py:190} INFO - [2026-09-10T20:41:21.667+0000] {dag.py:4180} INFO - Setting next_dagrun for 01_load_csv to None, run_after=None
[2026-09-10T20:41:21.691+0000] {processor.py:208} INFO - Processing /opt/airflow/dags/01_load_csv.py took 0.093 seconds
[2026-09-10T20:41:52.587+0000] {processor.py:186} INFO - Started process (PID=3383) to work on /opt/airflow/dags/01_load_csv.py
[2026-09-10T20:41:52.588+0000] {processor.py:914} INFO - Processing file /opt/airflow/dags/01_load_csv.py for tasks to queue
[2026-09-10T20:41:52.590+0000] {logging_mixin.py:190} INFO - [2026-09-10T20:41:52.590+0000] {dagbag.py:588} INFO - Filling up the DagBag from /opt/airflow/dags/01_load_csv.py
[2026-09-10T20:41:52.597+0000] {processor.py:925} INFO - DAG(s) '01_load_csv' retrieved from /opt/airflow/dags/01_load_csv.py
[2026-09-10T20:41:52.628+0000] {logging_mixin.py:190} INFO - [2026-09-10T20:41:52.628+0000] {dag.py:3239} INFO - Sync 1 DAGs
[2026-09-10T20:41:52.644+0000] {logging_mixin.py:190} INFO - [2026-09-10T20:41:52.644+0000] {dag.py:4180} INFO - Setting next_dagrun for 01_load_csv to None, run_after=None
[2026-09-10T20:41:52.664+0000] {processor.py:208} INFO - Processing /opt/airflow/dags/01_load_csv.py took 0.084 seconds
[2026-09-10T20:42:22.750+0000] {processor.py:186} INFO - Started process (PID=3453) to work on /opt/airflow/dags/01_load_csv.py
[2026-09-10T20:42:22.751+0000] {processor.py:914} INFO - Processing file /opt/airflow/dags/01_load_csv.py for tasks to queue
[2026-09-10T20:42:22.754+0000] {logging_mixin.py:190} INFO - [2026-09-10T20:42:22.754+0000] {dagbag.py:588} INFO - Filling up the DagBag from /opt/airflow/dags/01_load_csv.py
[2026-09-10T20:42:22.764+0000] {processor.py:925} INFO - DAG(s) '01_load_csv' retrieved from /opt/airflow/dags/01_load_csv.py
[2026-09-10T20:42:22.795+0000] {logging_mixin.py:190} INFO - [2026-09-10T20:42:22.794+0000] {dag.py:3239} INFO - Sync 1 DAGs
[2026-09-10T20:42:22.809+0000] {logging_mixin.py:190} INFO - [2026-09-10T20:42:22.809+0000] {dag.py:4180} INFO - Setting next_dagrun for 01_load_csv to None, run_after=None
[2026-09-10T20:42:22.828+0000] {processor.py:208} INFO - Processing /opt/airflow/dags/01_load_csv.py took 0.088 seconds
[2026-09-10T20:42:52.993+0000] {processor.py:186} INFO - Started process (PID=3523) to work on /opt/airflow/dags/01_load_csv.py
[2026-09-10T20:42:52.994+0000] {processor.py:914} INFO - Processing file /opt/airflow/dags/01_load_csv.py for tasks to queue
[2026-09-10T20:42:52.997+0000] {logging_mixin.py:190} INFO - [2026-09-10T20:42:52.996+0000] {dagbag.py:588} INFO - Filling up the DagBag from /opt/airflow/dags/01_load_csv.py
[2026-09-10T20:42:53.005+0000] {processor.py:925} INFO - DAG(s) '01_load_csv' retrieved from /opt/airflow/dags/01_load_csv.py
[2026-09-10T20:42:53.039+0000] {logging_mixin.py:190} INFO - [2026-09-10T20:42:53.039+0000] {dag.py:3239} INFO - Sync 1 DAGs
[2026-09-10T20:42:53.059+0000] {logging_mixin.py:190} INFO - [2026-09-10T20:42:53.058+0000] {dag.py:4180} INFO - Setting next_dagrun for 01_load_csv to None, run_after=None
[2026-09-10T20:42:53.080+0000] {processor.py:208} INFO - Processing /opt/airflow/dags/01_load_csv.py took 0.095 seconds
[2026-09-10T20:43:23.261+0000] {processor.py:186} INFO - Started process (PID=3593) to work on /opt/airflow/dags/01_load_csv.py
[2026-09-10T20:43:23.261+0000] {processor.py:914} INFO - Processing file /opt/airflow/dags/01_load_csv.py for tasks to queue
[2026-09-10T20:43:23.264+0000] {logging_mixin.py:190} INFO - [2026-09-10T20:43:23.263+0000] {dagbag.py:588} INFO - Filling up the DagBag from /opt/airflow/dags/01_load_csv.py
[2026-09-10T20:43:23.272+0000] {processor.py:925} INFO - DAG(s) '01_load_csv' retrieved from /opt/airflow/dags/01_load_csv.py
[2026-09-10T20:43:23.300+0000] {logging_mixin.py:190} INFO - [2026-09-10T20:43:23.300+0000] {dag.py:3239} INFO - Sync 1 DAGs
[2026-09-10T20:43:23.316+0000] {logging_mixin.py:190} INFO - [2026-09-10T20:43:23.315+0000] {dag.py:4180} INFO - Setting next_dagrun for 01_load_csv to None, run_after=None
[2026-09-10T20:43:23.340+0000] {processor.py:208} INFO - Processing /opt/airflow/dags/01_load_csv.py took 0.086 seconds
[2026-09-10T20:43:53.417+0000] {processor.py:186} INFO - Started process (PID=3663) to work on /opt/airflow/dags/01_load_csv.py
[2026-09-10T20:43:53.419+0000] {processor.py:914} INFO - Processing file /opt/airflow/dags/01_load_csv.py for tasks to queue
[2026-09-10T20:43:53.422+0000] {logging_mixin.py:190} INFO - [2026-09-10T20:43:53.421+0000] {dagbag.py:588} INFO - Filling up the DagBag from /opt/airflow/dags/01_load_csv.py
[2026-09-10T20:43:53.432+0000] {processor.py:925} INFO - DAG(s) '01_load_csv' retrieved from /opt/airflow/dags/01_load_csv.py
[2026-09-10T20:43:53.463+0000] {logging_mixin.py:190} INFO - [2026-09-10T20:43:53.463+0000] {dag.py:3239} INFO - Sync 1 DAGs
[2026-09-10T20:43:53.482+0000] {logging_mixin.py:190} INFO - [2026-09-10T20:43:53.482+0000] {dag.py:4180} INFO - Setting next_dagrun for 01_load_csv to None, run_after=None
[2026-09-10T20:43:53.504+0000] {processor.py:208} INFO - Processing /opt/airflow/dags/01_load_csv.py took 0.095 seconds
[2026-09-10T20:44:23.621+0000] {processor.py:186} INFO - Started process (PID=3733) to work on /opt/airflow/dags/01_load_csv.py
[2026-09-10T20:44:23.622+0000] {processor.py:914} INFO - Processing file /opt/airflow/dags/01_load_csv.py for tasks to queue
[2026-09-10T20:44:23.624+0000] {logging_mixin.py:190} INFO - [2026-09-10T20:44:23.624+0000] {dagbag.py:588} INFO - Filling up the DagBag from /opt/airflow/dags/01_load_csv.py
[2026-09-10T20:44:23.633+0000] {processor.py:925} INFO - DAG(s) '01_load_csv' retrieved from /opt/airflow/dags/01_load_csv.py
[2026-09-10T20:44:23.661+0000] {logging_mixin.py:190} INFO - [2026-09-10T20:44:23.661+0000] {dag.py:3239} INFO - Sync 1 DAGs
[2026-09-10T20:44:23.676+0000] {logging_mixin.py:190} INFO - [2026-09-10T20:44:23.676+0000] {dag.py:4180} INFO - Setting next_dagrun for 01_load_csv to None, run_after=None
[2026-09-10T20:44:23.696+0000] {processor.py:208} INFO - Processing /opt/airflow/dags/01_load_csv.py took 0.087 seconds
[2026-09-10T20:44:54.678+0000] {processor.py:186} INFO - Started process (PID=3803) to work on /opt/airflow/dags/01_load_csv.py
[2026-09-10T20:44:54.680+0000] {processor.py:914} INFO - Processing file /opt/airflow/dags/01_load_csv.py for tasks to queue
[2026-09-10T20:44:54.683+0000] {logging_mixin.py:190} INFO - [2026-09-10T20:44:54.683+0000] {dagbag.py:588} INFO - Filling up the DagBag from /opt/airflow/dags/01_load_csv.py
[2026-09-10T20:44:54.695+0000] {processor.py:925} INFO - DAG(s) '01_load_csv' retrieved from /opt/airflow/dags/01_load_csv.py
[2026-09-10T20:44:54.733+0000] {logging_mixin.py:190} INFO - [2026-09-10T20:44:54.733+0000] {dag.py:3239} INFO - Sync 1 DAGs
[2026-09-10T20:44:54.756+0000] {logging_mixin.py:190} INFO - [2026-09-10T20:44:54.756+0000] {dag.py:4180} INFO - Setting next_dagrun for 01_load_csv to None, run_after=None
[2026-09-10T20:44:54.778+0000] {processor.py:208} INFO - Processing /opt/airflow/dags/01_load_csv.py took 0.112 seconds
[2026-09-10T20:45:24.951+0000] {processor.py:186} INFO - Started process (PID=3873) to work on /opt/airflow/dags/01_load_csv.py
[2026-09-10T20:45:24.952+0000] {processor.py:914} INFO - Processing file /opt/airflow/dags/01_load_csv.py for tasks to queue
[2026-09-10T20:45:24.955+0000] {logging_mixin.py:190} INFO - [2026-09-10T20:45:24.955+0000] {dagbag.py:588} INFO - Filling up the DagBag from /opt/airflow/dags/01_load_csv.py
[2026-09-10T20:45:24.967+0000] {processor.py:925} INFO - DAG(s) '01_load_csv' retrieved from /opt/airflow/dags/01_load_csv.py
[2026-09-10T20:45:25.001+0000] {logging_mixin.py:190} INFO - [2026-09-10T20:45:25.000+0000] {dag.py:3239} INFO - Sync 1 DAGs
[2026-09-10T20:45:25.020+0000] {logging_mixin.py:190} INFO - [2026-09-10T20:45:25.020+0000] {dag.py:4180} INFO - Setting next_dagrun for 01_load_csv to None, run_after=None
[2026-09-10T20:45:25.046+0000] {processor.py:208} INFO - Processing /opt/airflow/dags/01_load_csv.py took 0.106 seconds
[2026-09-10T20:45:55.173+0000] {processor.py:186} INFO - Started process (PID=3967) to work on /opt/airflow/dags/01_load_csv.py
[2026-09-10T20:45:55.174+0000] {processor.py:914} INFO - Processing file /opt/airflow/dags/01_load_csv.py for tasks to queue
[2026-09-10T20:45:55.177+0000] {logging_mixin.py:190} INFO - [2026-09-10T20:45:55.176+0000] {dagbag.py:588} INFO - Filling up the DagBag from /opt/airflow/dags/01_load_csv.py
[2026-09-10T20:45:55.186+0000] {processor.py:925} INFO - DAG(s) '01_load_csv' retrieved from /opt/airflow/dags/01_load_csv.py
[2026-09-10T20:45:55.216+0000] {logging_mixin.py:190} INFO - [2026-09-10T20:45:55.216+0000] {dag.py:3239} INFO - Sync 1 DAGs
[2026-09-10T20:45:55.231+0000] {logging_mixin.py:190} INFO - [2026-09-10T20:45:55.231+0000] {dag.py:4180} INFO - Setting next_dagrun for 01_load_csv to None, run_after=None
[2026-09-10T20:45:55.254+0000] {processor.py:208} INFO - Processing /opt/airflow/dags/01_load_csv.py took 0.089 seconds
[2026-09-10T20:46:25.315+0000] {processor.py:186} INFO - Started process (PID=4037) to work on /opt/airflow/dags/01_load_csv.py
[2026-09-10T20:46:25.316+0000] {processor.py:914} INFO - Processing file /opt/airflow/dags/01_load_csv.py for tasks to queue
[2026-09-10T20:46:25.319+0000] {logging_mixin.py:190} INFO - [2026-09-10T20:46:25.319+0000] {dagbag.py:588} INFO - Filling up the DagBag from /opt/airflow/dags/01_load_csv.py
[2026-09-10T20:46:25.329+0000] {processor.py:925} INFO - DAG(s) '01_load_csv' retrieved from /opt/airflow/dags/01_load_csv.py
[2026-09-10T20:46:25.359+0000] {logging_mixin.py:190} INFO - [2026-09-10T20:46:25.359+0000] {dag.py:3239} INFO - Sync 1 DAGs
[2026-09-10T20:46:25.375+0000] {logging_mixin.py:190} INFO - [2026-09-10T20:46:25.375+0000] {dag.py:4180} INFO - Setting next_dagrun for 01_load_csv to None, run_after=None
[2026-09-10T20:46:25.394+0000] {processor.py:208} INFO - Processing /opt/airflow/dags/01_load_csv.py took 0.087 seconds
[2026-09-10T20:46:55.450+0000] {processor.py:186} INFO - Started process (PID=4107) to work on /opt/airflow/dags/01_load_csv.py
[2026-09-10T20:46:55.451+0000] {processor.py:914} INFO - Processing file /opt/airflow/dags/01_load_csv.py for tasks to queue
[2026-09-10T20:46:55.453+0000] {logging_mixin.py:190} INFO - [2026-09-10T20:46:55.453+0000] {dagbag.py:588} INFO - Filling up the DagBag from /opt/airflow/dags/01_load_csv.py
[2026-09-10T20:46:55.460+0000] {processor.py:925} INFO - DAG(s) '01_load_csv' retrieved from /opt/airflow/dags/01_load_csv.py
[2026-09-10T20:46:55.486+0000] {logging_mixin.py:190} INFO - [2026-09-10T20:46:55.486+0000] {dag.py:3239} INFO - Sync 1 DAGs
[2026-09-10T20:46:55.500+0000] {logging_mixin.py:190} INFO - [2026-09-10T20:46:55.500+0000] {dag.py:4180} INFO - Setting next_dagrun for 01_load_csv to None, run_after=None
[2026-09-10T20:46:55.518+0000] {processor.py:208} INFO - Processing /opt/airflow/dags/01_load_csv.py took 0.077 seconds
[2026-09-10T20:47:25.736+0000] {processor.py:186} INFO - Started process (PID=4177) to work on /opt/airflow/dags/01_load_csv.py
[2026-09-10T20:47:25.737+0000] {processor.py:914} INFO - Processing file /opt/airflow/dags/01_load_csv.py for tasks to queue
[2026-09-10T20:47:25.740+0000] {logging_mixin.py:190} INFO - [2026-09-10T20:47:25.739+0000] {dagbag.py:588} INFO - Filling up the DagBag from /opt/airflow/dags/01_load_csv.py
[2026-09-10T20:47:25.750+0000] {processor.py:925} INFO - DAG(s) '01_load_csv' retrieved from /opt/airflow/dags/01_load_csv.py
[2026-09-10T20:47:25.777+0000] {logging_mixin.py:190} INFO - [2026-09-10T20:47:25.777+0000] {dag.py:3239} INFO - Sync 1 DAGs
[2026-09-10T20:47:25.793+0000] {logging_mixin.py:190} INFO - [2026-09-10T20:47:25.793+0000] {dag.py:4180} INFO - Setting next_dagrun for 01_load_csv to None, run_after=None
[2026-09-10T20:47:25.813+0000] {processor.py:208} INFO - Processing /opt/airflow/dags/01_load_csv.py took 0.086 seconds
[2026-09-10T20:47:55.926+0000] {processor.py:186} INFO - Started process (PID=4247) to work on /opt/airflow/dags/01_load_csv.py
[2026-09-10T20:47:55.928+0000] {processor.py:914} INFO - Processing file /opt/airflow/dags/01_load_csv.py for tasks to queue
[2026-09-10T20:47:55.930+0000] {logging_mixin.py:190} INFO - [2026-09-10T20:47:55.930+0000] {dagbag.py:588} INFO - Filling up the DagBag from /opt/airflow/dags/01_load_csv.py
[2026-09-10T20:47:55.941+0000] {processor.py:925} INFO - DAG(s) '01_load_csv' retrieved from /opt/airflow/dags/01_load_csv.py
[2026-09-10T20:47:55.972+0000] {logging_mixin.py:190} INFO - [2026-09-10T20:47:55.971+0000] {dag.py:3239} INFO - Sync 1 DAGs
[2026-09-10T20:47:55.988+0000] {logging_mixin.py:190} INFO - [2026-09-10T20:47:55.988+0000] {dag.py:4180} INFO - Setting next_dagrun for 01_load_csv to None, run_after=None
[2026-09-10T20:47:56.007+0000] {processor.py:208} INFO - Processing /opt/airflow/dags/01_load_csv.py took 0.090 seconds
[2026-09-10T20:48:26.067+0000] {processor.py:186} INFO - Started process (PID=4317) to work on /opt/airflow/dags/01_load_csv.py
[2026-09-10T20:48:26.068+0000] {processor.py:914} INFO - Processing file /opt/airflow/dags/01_load_csv.py for tasks to queue
[2026-09-10T20:48:26.071+0000] {logging_mixin.py:190} INFO - [2026-09-10T20:48:26.071+0000] {dagbag.py:588} INFO - Filling up the DagBag from /opt/airflow/dags/01_load_csv.py
[2026-09-10T20:48:26.079+0000] {processor.py:925} INFO - DAG(s) '01_load_csv' retrieved from /opt/airflow/dags/01_load_csv.py
[2026-09-10T20:48:26.115+0000] {logging_mixin.py:190} INFO - [2026-09-10T20:48:26.115+0000] {dag.py:3239} INFO - Sync 1 DAGs
[2026-09-10T20:48:26.135+0000] {logging_mixin.py:190} INFO - [2026-09-10T20:48:26.135+0000] {dag.py:4180} INFO - Setting next_dagrun for 01_load_csv to None, run_after=None
[2026-09-10T20:48:26.164+0000] {processor.py:208} INFO - Processing /opt/airflow/dags/01_load_csv.py took 0.106 seconds
[2026-09-10T20:48:56.241+0000] {processor.py:186} INFO - Started process (PID=4387) to work on /opt/airflow/dags/01_load_csv.py
[2026-09-10T20:48:56.242+0000] {processor.py:914} INFO - Processing file /opt/airflow/dags/01_load_csv.py for tasks to queue
[2026-09-10T20:48:56.245+0000] {logging_mixin.py:190} INFO - [2026-09-10T20:48:56.245+0000] {dagbag.py:588} INFO - Filling up the DagBag from /opt/airflow/dags/01_load_csv.py
[2026-09-10T20:48:56.255+0000] {processor.py:925} INFO - DAG(s) '01_load_csv' retrieved from /opt/airflow/dags/01_load_csv.py
[2026-09-10T20:48:56.284+0000] {logging_mixin.py:190} INFO - [2026-09-10T20:48:56.284+0000] {dag.py:3239} INFO - Sync 1 DAGs
[2026-09-10T20:48:56.300+0000] {logging_mixin.py:190} INFO - [2026-09-10T20:48:56.300+0000] {dag.py:4180} INFO - Setting next_dagrun for 01_load_csv to None, run_after=None
[2026-09-10T20:48:56.320+0000] {processor.py:208} INFO - Processing /opt/airflow/dags/01_load_csv.py took 0.088 seconds
[2026-09-10T20:49:26.384+0000] {processor.py:186} INFO - Started process (PID=4457) to work on /opt/airflow/dags/01_load_csv.py
[2026-09-10T20:49:26.385+0000] {processor.py:914} INFO - Processing file /opt/airflow/dags/01_load_csv.py for tasks to queue
[2026-09-10T20:49:26.388+0000] {logging_mixin.py:190} INFO - [2026-09-10T20:49:26.388+0000] {dagbag.py:588} INFO - Filling up the DagBag from /opt/airflow/dags/01_load_csv.py
[2026-09-10T20:49:26.398+0000] {processor.py:925} INFO - DAG(s) '01_load_csv' retrieved from /opt/airflow/dags/01_load_csv.py
[2026-09-10T20:49:26.429+0000] {logging_mixin.py:190} INFO - [2026-09-10T20:49:26.429+0000] {dag.py:3239} INFO - Sync 1 DAGs
[2026-09-10T20:49:26.445+0000] {logging_mixin.py:190} INFO - [2026-09-10T20:49:26.445+0000] {dag.py:4180} INFO - Setting next_dagrun for 01_load_csv to None, run_after=None
[2026-09-10T20:49:26.464+0000] {processor.py:208} INFO - Processing /opt/airflow/dags/01_load_csv.py took 0.090 seconds
[2026-09-10T20:49:56.760+0000] {processor.py:186} INFO - Started process (PID=4527) to work on /opt/airflow/dags/01_load_csv.py
[2026-09-10T20:49:56.761+0000] {processor.py:914} INFO - Processing file /opt/airflow/dags/01_load_csv.py for tasks to queue
[2026-09-10T20:49:56.764+0000] {logging_mixin.py:190} INFO - [2026-09-10T20:49:56.763+0000] {dagbag.py:588} INFO - Filling up the DagBag from /opt/airflow/dags/01_load_csv.py
[2026-09-10T20:49:56.773+0000] {processor.py:925} INFO - DAG(s) '01_load_csv' retrieved from /opt/airflow/dags/01_load_csv.py
[2026-09-10T20:49:56.802+0000] {logging_mixin.py:190} INFO - [2026-09-10T20:49:56.802+0000] {dag.py:3239} INFO - Sync 1 DAGs
[2026-09-10T20:49:56.818+0000] {logging_mixin.py:190} INFO - [2026-09-10T20:49:56.817+0000] {dag.py:4180} INFO - Setting next_dagrun for 01_load_csv to None, run_after=None
[2026-09-10T20:49:56.838+0000] {processor.py:208} INFO - Processing /opt/airflow/dags/01_load_csv.py took 0.088 seconds
[2026-09-10T20:50:26.901+0000] {processor.py:186} INFO - Started process (PID=4597) to work on /opt/airflow/dags/01_load_csv.py
[2026-09-10T20:50:26.902+0000] {processor.py:914} INFO - Processing file /opt/airflow/dags/01_load_csv.py for tasks to queue
[2026-09-10T20:50:26.904+0000] {logging_mixin.py:190} INFO - [2026-09-10T20:50:26.904+0000] {dagbag.py:588} INFO - Filling up the DagBag from /opt/airflow/dags/01_load_csv.py
[2026-09-10T20:50:26.914+0000] {processor.py:925} INFO - DAG(s) '01_load_csv' retrieved from /opt/airflow/dags/01_load_csv.py
[2026-09-10T20:50:26.944+0000] {logging_mixin.py:190} INFO - [2026-09-10T20:50:26.943+0000] {dag.py:3239} INFO - Sync 1 DAGs
[2026-09-10T20:50:26.959+0000] {logging_mixin.py:190} INFO - [2026-09-10T20:50:26.959+0000] {dag.py:4180} INFO - Setting next_dagrun for 01_load_csv to None, run_after=None
[2026-09-10T20:50:26.978+0000] {processor.py:208} INFO - Processing /opt/airflow/dags/01_load_csv.py took 0.086 seconds
[2026-09-10T20:50:57.138+0000] {processor.py:186} INFO - Started process (PID=4669) to work on /opt/airflow/dags/01_load_csv.py
[2026-09-10T20:50:57.139+0000] {processor.py:914} INFO - Processing file /opt/airflow/dags/01_load_csv.py for tasks to queue
[2026-09-10T20:50:57.142+0000] {logging_mixin.py:190} INFO - [2026-09-10T20:50:57.141+0000] {dagbag.py:588} INFO - Filling up the DagBag from /opt/airflow/dags/01_load_csv.py
[2026-09-10T20:50:57.150+0000] {processor.py:925} INFO - DAG(s) '01_load_csv' retrieved from /opt/airflow/dags/01_load_csv.py
[2026-09-10T20:50:57.179+0000] {logging_mixin.py:190} INFO - [2026-09-10T20:50:57.178+0000] {dag.py:3239} INFO - Sync 1 DAGs
[2026-09-10T20:50:57.193+0000] {logging_mixin.py:190} INFO - [2026-09-10T20:50:57.193+0000] {dag.py:4180} INFO - Setting next_dagrun for 01_load_csv to None, run_after=None
[2026-09-10T20:50:57.211+0000] {processor.py:208} INFO - Processing /opt/airflow/dags/01_load_csv.py took 0.081 seconds
[2026-09-10T20:51:27.374+0000] {processor.py:186} INFO - Started process (PID=4737) to work on /opt/airflow/dags/01_load_csv.py
[2026-09-10T20:51:27.376+0000] {processor.py:914} INFO - Processing file /opt/airflow/dags/01_load_csv.py for tasks to queue
[2026-09-10T20:51:27.379+0000] {logging_mixin.py:190} INFO - [2026-09-10T20:51:27.379+0000] {dagbag.py:588} INFO - Filling up the DagBag from /opt/airflow/dags/01_load_csv.py
[2026-09-10T20:51:27.393+0000] {processor.py:925} INFO - DAG(s) '01_load_csv' retrieved from /opt/airflow/dags/01_load_csv.py
[2026-09-10T20:51:27.429+0000] {logging_mixin.py:190} INFO - [2026-09-10T20:51:27.429+0000] {dag.py:3239} INFO - Sync 1 DAGs
[2026-09-10T20:51:27.447+0000] {logging_mixin.py:190} INFO - [2026-09-10T20:51:27.447+0000] {dag.py:4180} INFO - Setting next_dagrun for 01_load_csv to None, run_after=None
[2026-09-10T20:51:27.467+0000] {processor.py:208} INFO - Processing /opt/airflow/dags/01_load_csv.py took 0.104 seconds
[2026-09-10T20:51:57.579+0000] {processor.py:186} INFO - Started process (PID=4807) to work on /opt/airflow/dags/01_load_csv.py
[2026-09-10T20:51:57.580+0000] {processor.py:914} INFO - Processing file /opt/airflow/dags/01_load_csv.py for tasks to queue
[2026-09-10T20:51:57.583+0000] {logging_mixin.py:190} INFO - [2026-09-10T20:51:57.582+0000] {dagbag.py:588} INFO - Filling up the DagBag from /opt/airflow/dags/01_load_csv.py
[2026-09-10T20:51:57.593+0000] {processor.py:925} INFO - DAG(s) '01_load_csv' retrieved from /opt/airflow/dags/01_load_csv.py
[2026-09-10T20:51:57.630+0000] {logging_mixin.py:190} INFO - [2026-09-10T20:51:57.629+0000] {dag.py:3239} INFO - Sync 1 DAGs
[2026-09-10T20:51:57.645+0000] {logging_mixin.py:190} INFO - [2026-09-10T20:51:57.645+0000] {dag.py:4180} INFO - Setting next_dagrun for 01_load_csv to None, run_after=None
[2026-09-10T20:51:57.664+0000] {processor.py:208} INFO - Processing /opt/airflow/dags/01_load_csv.py took 0.093 seconds
[2026-09-10T20:52:27.742+0000] {processor.py:186} INFO - Started process (PID=4877) to work on /opt/airflow/dags/01_load_csv.py
[2026-09-10T20:52:27.744+0000] {processor.py:914} INFO - Processing file /opt/airflow/dags/01_load_csv.py for tasks to queue
[2026-09-10T20:52:27.747+0000] {logging_mixin.py:190} INFO - [2026-09-10T20:52:27.747+0000] {dagbag.py:588} INFO - Filling up the DagBag from /opt/airflow/dags/01_load_csv.py
[2026-09-10T20:52:27.757+0000] {processor.py:925} INFO - DAG(s) '01_load_csv' retrieved from /opt/airflow/dags/01_load_csv.py
[2026-09-10T20:52:27.793+0000] {logging_mixin.py:190} INFO - [2026-09-10T20:52:27.793+0000] {dag.py:3239} INFO - Sync 1 DAGs
[2026-09-10T20:52:27.810+0000] {logging_mixin.py:190} INFO - [2026-09-10T20:52:27.809+0000] {dag.py:4180} INFO - Setting next_dagrun for 01_load_csv to None, run_after=None
[2026-09-10T20:52:27.830+0000] {processor.py:208} INFO - Processing /opt/airflow/dags/01_load_csv.py took 0.099 seconds
[2026-09-10T20:52:57.903+0000] {processor.py:186} INFO - Started process (PID=4947) to work on /opt/airflow/dags/01_load_csv.py
[2026-09-10T20:52:57.904+0000] {processor.py:914} INFO - Processing file /opt/airflow/dags/01_load_csv.py for tasks to queue
[2026-09-10T20:52:57.907+0000] {logging_mixin.py:190} INFO - [2026-09-10T20:52:57.907+0000] {dagbag.py:588} INFO - Filling up the DagBag from /opt/airflow/dags/01_load_csv.py
[2026-09-10T20:52:57.917+0000] {processor.py:925} INFO - DAG(s) '01_load_csv' retrieved from /opt/airflow/dags/01_load_csv.py
[2026-09-10T20:52:57.946+0000] {logging_mixin.py:190} INFO - [2026-09-10T20:52:57.946+0000] {dag.py:3239} INFO - Sync 1 DAGs
[2026-09-10T20:52:57.962+0000] {logging_mixin.py:190} INFO - [2026-09-10T20:52:57.962+0000] {dag.py:4180} INFO - Setting next_dagrun for 01_load_csv to None, run_after=None
[2026-09-10T20:52:57.982+0000] {processor.py:208} INFO - Processing /opt/airflow/dags/01_load_csv.py took 0.087 seconds
[2026-09-10T20:53:28.064+0000] {processor.py:186} INFO - Started process (PID=5017) to work on /opt/airflow/dags/01_load_csv.py
[2026-09-10T20:53:28.065+0000] {processor.py:914} INFO - Processing file /opt/airflow/dags/01_load_csv.py for tasks to queue
[2026-09-10T20:53:28.067+0000] {logging_mixin.py:190} INFO - [2026-09-10T20:53:28.067+0000] {dagbag.py:588} INFO - Filling up the DagBag from /opt/airflow/dags/01_load_csv.py
[2026-09-10T20:53:28.075+0000] {processor.py:925} INFO - DAG(s) '01_load_csv' retrieved from /opt/airflow/dags/01_load_csv.py
[2026-09-10T20:53:28.104+0000] {logging_mixin.py:190} INFO - [2026-09-10T20:53:28.104+0000] {dag.py:3239} INFO - Sync 1 DAGs
[2026-09-10T20:53:28.122+0000] {logging_mixin.py:190} INFO - [2026-09-10T20:53:28.122+0000] {dag.py:4180} INFO - Setting next_dagrun for 01_load_csv to None, run_after=None
[2026-09-10T20:53:28.141+0000] {processor.py:208} INFO - Processing /opt/airflow/dags/01_load_csv.py took 0.083 seconds
[2026-09-10T20:53:58.379+0000] {processor.py:186} INFO - Started process (PID=5087) to work on /opt/airflow/dags/01_load_csv.py
[2026-09-10T20:53:58.380+0000] {processor.py:914} INFO - Processing file /opt/airflow/dags/01_load_csv.py for tasks to queue
[2026-09-10T20:53:58.383+0000] {logging_mixin.py:190} INFO - [2026-09-10T20:53:58.383+0000] {dagbag.py:588} INFO - Filling up the DagBag from /opt/airflow/dags/01_load_csv.py
[2026-09-10T20:53:58.393+0000] {processor.py:925} INFO - DAG(s) '01_load_csv' retrieved from /opt/airflow/dags/01_load_csv.py
[2026-09-10T20:53:58.421+0000] {logging_mixin.py:190} INFO - [2026-09-10T20:53:58.421+0000] {dag.py:3239} INFO - Sync 1 DAGs
[2026-09-10T20:53:58.436+0000] {logging_mixin.py:190} INFO - [2026-09-10T20:53:58.436+0000] {dag.py:4180} INFO - Setting next_dagrun for 01_load_csv to None, run_after=None
[2026-09-10T20:53:58.458+0000] {processor.py:208} INFO - Processing /opt/airflow/dags/01_load_csv.py took 0.088 seconds
[2026-09-10T20:54:28.617+0000] {processor.py:186} INFO - Started process (PID=5157) to work on /opt/airflow/dags/01_load_csv.py
[2026-09-10T20:54:28.617+0000] {processor.py:914} INFO - Processing file /opt/airflow/dags/01_load_csv.py for tasks to queue
[2026-09-10T20:54:28.620+0000] {logging_mixin.py:190} INFO - [2026-09-10T20:54:28.620+0000] {dagbag.py:588} INFO - Filling up the DagBag from /opt/airflow/dags/01_load_csv.py
[2026-09-10T20:54:28.630+0000] {processor.py:925} INFO - DAG(s) '01_load_csv' retrieved from /opt/airflow/dags/01_load_csv.py
[2026-09-10T20:54:28.661+0000] {logging_mixin.py:190} INFO - [2026-09-10T20:54:28.660+0000] {dag.py:3239} INFO - Sync 1 DAGs
[2026-09-10T20:54:28.677+0000] {logging_mixin.py:190} INFO - [2026-09-10T20:54:28.677+0000] {dag.py:4180} INFO - Setting next_dagrun for 01_load_csv to None, run_after=None
[2026-09-10T20:54:28.696+0000] {processor.py:208} INFO - Processing /opt/airflow/dags/01_load_csv.py took 0.087 seconds
[2026-09-10T20:54:58.767+0000] {processor.py:186} INFO - Started process (PID=5227) to work on /opt/airflow/dags/01_load_csv.py
[2026-09-10T20:54:58.769+0000] {processor.py:914} INFO - Processing file /opt/airflow/dags/01_load_csv.py for tasks to queue
[2026-09-10T20:54:58.773+0000] {logging_mixin.py:190} INFO - [2026-09-10T20:54:58.772+0000] {dagbag.py:588} INFO - Filling up the DagBag from /opt/airflow/dags/01_load_csv.py
[2026-09-10T20:54:58.784+0000] {processor.py:925} INFO - DAG(s) '01_load_csv' retrieved from /opt/airflow/dags/01_load_csv.py
[2026-09-10T20:54:58.822+0000] {logging_mixin.py:190} INFO - [2026-09-10T20:54:58.822+0000] {dag.py:3239} INFO - Sync 1 DAGs
[2026-09-10T20:54:58.843+0000] {logging_mixin.py:190} INFO - [2026-09-10T20:54:58.843+0000] {dag.py:4180} INFO - Setting next_dagrun for 01_load_csv to None, run_after=None
[2026-09-10T20:54:58.870+0000] {processor.py:208} INFO - Processing /opt/airflow/dags/01_load_csv.py took 0.113 seconds
[2026-09-10T20:55:29.049+0000] {processor.py:186} INFO - Started process (PID=5297) to work on /opt/airflow/dags/01_load_csv.py
[2026-09-10T20:55:29.050+0000] {processor.py:914} INFO - Processing file /opt/airflow/dags/01_load_csv.py for tasks to queue
[2026-09-10T20:55:29.053+0000] {logging_mixin.py:190} INFO - [2026-09-10T20:55:29.053+0000] {dagbag.py:588} INFO - Filling up the DagBag from /opt/airflow/dags/01_load_csv.py
[2026-09-10T20:55:29.064+0000] {processor.py:925} INFO - DAG(s) '01_load_csv' retrieved from /opt/airflow/dags/01_load_csv.py
[2026-09-10T20:55:29.093+0000] {logging_mixin.py:190} INFO - [2026-09-10T20:55:29.093+0000] {dag.py:3239} INFO - Sync 1 DAGs
[2026-09-10T20:55:29.110+0000] {logging_mixin.py:190} INFO - [2026-09-10T20:55:29.110+0000] {dag.py:4180} INFO - Setting next_dagrun for 01_load_csv to None, run_after=None
[2026-09-10T20:55:29.129+0000] {processor.py:208} INFO - Processing /opt/airflow/dags/01_load_csv.py took 0.090 seconds
[2026-09-10T20:55:59.405+0000] {processor.py:186} INFO - Started process (PID=5369) to work on /opt/airflow/dags/01_load_csv.py
[2026-09-10T20:55:59.406+0000] {processor.py:914} INFO - Processing file /opt/airflow/dags/01_load_csv.py for tasks to queue
[2026-09-10T20:55:59.410+0000] {logging_mixin.py:190} INFO - [2026-09-10T20:55:59.409+0000] {dagbag.py:588} INFO - Filling up the DagBag from /opt/airflow/dags/01_load_csv.py
[2026-09-10T20:55:59.420+0000] {processor.py:925} INFO - DAG(s) '01_load_csv' retrieved from /opt/airflow/dags/01_load_csv.py
[2026-09-10T20:55:59.450+0000] {logging_mixin.py:190} INFO - [2026-09-10T20:55:59.450+0000] {dag.py:3239} INFO - Sync 1 DAGs
[2026-09-10T20:55:59.466+0000] {logging_mixin.py:190} INFO - [2026-09-10T20:55:59.466+0000] {dag.py:4180} INFO - Setting next_dagrun for 01_load_csv to None, run_after=None
[2026-09-10T20:55:59.488+0000] {processor.py:208} INFO - Processing /opt/airflow/dags/01_load_csv.py took 0.092 seconds
[2026-09-10T20:56:29.598+0000] {processor.py:186} INFO - Started process (PID=5439) to work on /opt/airflow/dags/01_load_csv.py
[2026-09-10T20:56:29.599+0000] {processor.py:914} INFO - Processing file /opt/airflow/dags/01_load_csv.py for tasks to queue
[2026-09-10T20:56:29.602+0000] {logging_mixin.py:190} INFO - [2026-09-10T20:56:29.601+0000] {dagbag.py:588} INFO - Filling up the DagBag from /opt/airflow/dags/01_load_csv.py
[2026-09-10T20:56:29.610+0000] {processor.py:925} INFO - DAG(s) '01_load_csv' retrieved from /opt/airflow/dags/01_load_csv.py
[2026-09-10T20:56:29.637+0000] {logging_mixin.py:190} INFO - [2026-09-10T20:56:29.636+0000] {dag.py:3239} INFO - Sync 1 DAGs
[2026-09-10T20:56:29.653+0000] {logging_mixin.py:190} INFO - [2026-09-10T20:56:29.652+0000] {dag.py:4180} INFO - Setting next_dagrun for 01_load_csv to None, run_after=None
[2026-09-10T20:56:29.673+0000] {processor.py:208} INFO - Processing /opt/airflow/dags/01_load_csv.py took 0.082 seconds
[2026-09-10T20:56:59.748+0000] {processor.py:186} INFO - Started process (PID=5507) to work on /opt/airflow/dags/01_load_csv.py
[2026-09-10T20:56:59.749+0000] {processor.py:914} INFO - Processing file /opt/airflow/dags/01_load_csv.py for tasks to queue
[2026-09-10T20:56:59.752+0000] {logging_mixin.py:190} INFO - [2026-09-10T20:56:59.752+0000] {dagbag.py:588} INFO - Filling up the DagBag from /opt/airflow/dags/01_load_csv.py
[2026-09-10T20:56:59.763+0000] {processor.py:925} INFO - DAG(s) '01_load_csv' retrieved from /opt/airflow/dags/01_load_csv.py
[2026-09-10T20:56:59.803+0000] {logging_mixin.py:190} INFO - [2026-09-10T20:56:59.803+0000] {dag.py:3239} INFO - Sync 1 DAGs
[2026-09-10T20:56:59.826+0000] {logging_mixin.py:190} INFO - [2026-09-10T20:56:59.826+0000] {dag.py:4180} INFO - Setting next_dagrun for 01_load_csv to None, run_after=None
[2026-09-10T20:56:59.852+0000] {processor.py:208} INFO - Processing /opt/airflow/dags/01_load_csv.py took 0.113 seconds
[2026-09-10T20:57:29.948+0000] {processor.py:186} INFO - Started process (PID=5577) to work on /opt/airflow/dags/01_load_csv.py
[2026-09-10T20:57:29.949+0000] {processor.py:914} INFO - Processing file /opt/airflow/dags/01_load_csv.py for tasks to queue
[2026-09-10T20:57:29.952+0000] {logging_mixin.py:190} INFO - [2026-09-10T20:57:29.952+0000] {dagbag.py:588} INFO - Filling up the DagBag from /opt/airflow/dags/01_load_csv.py
[2026-09-10T20:57:29.963+0000] {processor.py:925} INFO - DAG(s) '01_load_csv' retrieved from /opt/airflow/dags/01_load_csv.py
[2026-09-10T20:57:29.992+0000] {logging_mixin.py:190} INFO - [2026-09-10T20:57:29.992+0000] {dag.py:3239} INFO - Sync 1 DAGs
[2026-09-10T20:57:30.009+0000] {logging_mixin.py:190} INFO - [2026-09-10T20:57:30.009+0000] {dag.py:4180} INFO - Setting next_dagrun for 01_load_csv to None, run_after=None
[2026-09-10T20:57:30.032+0000] {processor.py:208} INFO - Processing /opt/airflow/dags/01_load_csv.py took 0.093 seconds
[2026-09-10T20:58:00.385+0000] {processor.py:186} INFO - Started process (PID=5647) to work on /opt/airflow/dags/01_load_csv.py
[2026-09-10T20:58:00.386+0000] {processor.py:914} INFO - Processing file /opt/airflow/dags/01_load_csv.py for tasks to queue
[2026-09-10T20:58:00.389+0000] {logging_mixin.py:190} INFO - [2026-09-10T20:58:00.388+0000] {dagbag.py:588} INFO - Filling up the DagBag from /opt/airflow/dags/01_load_csv.py
[2026-09-10T20:58:00.402+0000] {processor.py:925} INFO - DAG(s) '01_load_csv' retrieved from /opt/airflow/dags/01_load_csv.py
[2026-09-10T20:58:00.438+0000] {logging_mixin.py:190} INFO - [2026-09-10T20:58:00.437+0000] {dag.py:3239} INFO - Sync 1 DAGs
[2026-09-10T20:58:00.465+0000] {logging_mixin.py:190} INFO - [2026-09-10T20:58:00.465+0000] {dag.py:4180} INFO - Setting next_dagrun for 01_load_csv to None, run_after=None
[2026-09-10T20:58:00.494+0000] {processor.py:208} INFO - Processing /opt/airflow/dags/01_load_csv.py took 0.119 seconds
[2026-09-10T20:58:30.974+0000] {processor.py:186} INFO - Started process (PID=5717) to work on /opt/airflow/dags/01_load_csv.py
[2026-09-10T20:58:30.976+0000] {processor.py:914} INFO - Processing file /opt/airflow/dags/01_load_csv.py for tasks to queue
[2026-09-10T20:58:30.981+0000] {logging_mixin.py:190} INFO - [2026-09-10T20:58:30.980+0000] {dagbag.py:588} INFO - Filling up the DagBag from /opt/airflow/dags/01_load_csv.py
[2026-09-10T20:58:30.997+0000] {processor.py:925} INFO - DAG(s) '01_load_csv' retrieved from /opt/airflow/dags/01_load_csv.py
[2026-09-10T20:58:31.049+0000] {logging_mixin.py:190} INFO - [2026-09-10T20:58:31.048+0000] {dag.py:3239} INFO - Sync 1 DAGs
[2026-09-10T20:58:31.091+0000] {logging_mixin.py:190} INFO - [2026-09-10T20:58:31.090+0000] {dag.py:4180} INFO - Setting next_dagrun for 01_load_csv to None, run_after=None
[2026-09-10T20:58:31.136+0000] {processor.py:208} INFO - Processing /opt/airflow/dags/01_load_csv.py took 0.173 seconds
[2026-09-10T20:59:01.505+0000] {processor.py:186} INFO - Started process (PID=5789) to work on /opt/airflow/dags/01_load_csv.py
[2026-09-10T20:59:01.506+0000] {processor.py:914} INFO - Processing file /opt/airflow/dags/01_load_csv.py for tasks to queue
[2026-09-10T20:59:01.509+0000] {logging_mixin.py:190} INFO - [2026-09-10T20:59:01.509+0000] {dagbag.py:588} INFO - Filling up the DagBag from /opt/airflow/dags/01_load_csv.py
[2026-09-10T20:59:01.522+0000] {processor.py:925} INFO - DAG(s) '01_load_csv' retrieved from /opt/airflow/dags/01_load_csv.py
[2026-09-10T20:59:01.562+0000] {logging_mixin.py:190} INFO - [2026-09-10T20:59:01.561+0000] {dag.py:3239} INFO - Sync 1 DAGs
[2026-09-10T20:59:01.582+0000] {logging_mixin.py:190} INFO - [2026-09-10T20:59:01.582+0000] {dag.py:4180} INFO - Setting next_dagrun for 01_load_csv to None, run_after=None
[2026-09-10T20:59:01.610+0000] {processor.py:208} INFO - Processing /opt/airflow/dags/01_load_csv.py took 0.119 seconds
[2026-09-10T20:59:32.565+0000] {processor.py:186} INFO - Started process (PID=5859) to work on /opt/airflow/dags/01_load_csv.py
[2026-09-10T20:59:32.566+0000] {processor.py:914} INFO - Processing file /opt/airflow/dags/01_load_csv.py for tasks to queue
[2026-09-10T20:59:32.569+0000] {logging_mixin.py:190} INFO - [2026-09-10T20:59:32.569+0000] {dagbag.py:588} INFO - Filling up the DagBag from /opt/airflow/dags/01_load_csv.py
[2026-09-10T20:59:32.579+0000] {processor.py:925} INFO - DAG(s) '01_load_csv' retrieved from /opt/airflow/dags/01_load_csv.py
[2026-09-10T20:59:32.611+0000] {logging_mixin.py:190} INFO - [2026-09-10T20:59:32.610+0000] {dag.py:3239} INFO - Sync 1 DAGs
[2026-09-10T20:59:32.628+0000] {logging_mixin.py:190} INFO - [2026-09-10T20:59:32.628+0000] {dag.py:4180} INFO - Setting next_dagrun for 01_load_csv to None, run_after=None
[2026-09-10T20:59:32.648+0000] {processor.py:208} INFO - Processing /opt/airflow/dags/01_load_csv.py took 0.092 seconds
[2026-09-10T21:00:02.873+0000] {processor.py:186} INFO - Started process (PID=5929) to work on /opt/airflow/dags/01_load_csv.py
[2026-09-10T21:00:02.875+0000] {processor.py:914} INFO - Processing file /opt/airflow/dags/01_load_csv.py for tasks to queue
[2026-09-10T21:00:02.878+0000] {logging_mixin.py:190} INFO - [2026-09-10T21:00:02.878+0000] {dagbag.py:588} INFO - Filling up the DagBag from /opt/airflow/dags/01_load_csv.py
[2026-09-10T21:00:02.889+0000] {processor.py:925} INFO - DAG(s) '01_load_csv' retrieved from /opt/airflow/dags/01_load_csv.py
[2026-09-10T21:00:02.923+0000] {logging_mixin.py:190} INFO - [2026-09-10T21:00:02.922+0000] {dag.py:3239} INFO - Sync 1 DAGs
[2026-09-10T21:00:02.940+0000] {logging_mixin.py:190} INFO - [2026-09-10T21:00:02.940+0000] {dag.py:4180} INFO - Setting next_dagrun for 01_load_csv to None, run_after=None
[2026-09-10T21:00:02.960+0000] {processor.py:208} INFO - Processing /opt/airflow/dags/01_load_csv.py took 0.097 seconds
[2026-09-10T21:00:33.068+0000] {processor.py:186} INFO - Started process (PID=5999) to work on /opt/airflow/dags/01_load_csv.py
[2026-09-10T21:00:33.069+0000] {processor.py:914} INFO - Processing file /opt/airflow/dags/01_load_csv.py for tasks to queue
[2026-09-10T21:00:33.072+0000] {logging_mixin.py:190} INFO - [2026-09-10T21:00:33.072+0000] {dagbag.py:588} INFO - Filling up the DagBag from /opt/airflow/dags/01_load_csv.py
[2026-09-10T21:00:33.083+0000] {processor.py:925} INFO - DAG(s) '01_load_csv' retrieved from /opt/airflow/dags/01_load_csv.py
[2026-09-10T21:00:33.114+0000] {logging_mixin.py:190} INFO - [2026-09-10T21:00:33.114+0000] {dag.py:3239} INFO - Sync 1 DAGs
[2026-09-10T21:00:33.132+0000] {logging_mixin.py:190} INFO - [2026-09-10T21:00:33.131+0000] {dag.py:4180} INFO - Setting next_dagrun for 01_load_csv to None, run_after=None
[2026-09-10T21:00:33.153+0000] {processor.py:208} INFO - Processing /opt/airflow/dags/01_load_csv.py took 0.094 seconds
[2026-09-10T21:01:03.263+0000] {processor.py:186} INFO - Started process (PID=6069) to work on /opt/airflow/dags/01_load_csv.py
[2026-09-10T21:01:03.264+0000] {processor.py:914} INFO - Processing file /opt/airflow/dags/01_load_csv.py for tasks to queue
[2026-09-10T21:01:03.266+0000] {logging_mixin.py:190} INFO - [2026-09-10T21:01:03.266+0000] {dagbag.py:588} INFO - Filling up the DagBag from /opt/airflow/dags/01_load_csv.py
[2026-09-10T21:01:03.274+0000] {processor.py:925} INFO - DAG(s) '01_load_csv' retrieved from /opt/airflow/dags/01_load_csv.py
[2026-09-10T21:01:03.303+0000] {logging_mixin.py:190} INFO - [2026-09-10T21:01:03.302+0000] {dag.py:3239} INFO - Sync 1 DAGs
[2026-09-10T21:01:03.317+0000] {logging_mixin.py:190} INFO - [2026-09-10T21:01:03.317+0000] {dag.py:4180} INFO - Setting next_dagrun for 01_load_csv to None, run_after=None
[2026-09-10T21:01:03.340+0000] {processor.py:208} INFO - Processing /opt/airflow/dags/01_load_csv.py took 0.085 seconds
[2026-09-10T21:01:34.321+0000] {processor.py:186} INFO - Started process (PID=6139) to work on /opt/airflow/dags/01_load_csv.py
[2026-09-10T21:01:34.322+0000] {processor.py:914} INFO - Processing file /opt/airflow/dags/01_load_csv.py for tasks to queue
[2026-09-10T21:01:34.325+0000] {logging_mixin.py:190} INFO - [2026-09-10T21:01:34.325+0000] {dagbag.py:588} INFO - Filling up the DagBag from /opt/airflow/dags/01_load_csv.py
[2026-09-10T21:01:34.335+0000] {processor.py:925} INFO - DAG(s) '01_load_csv' retrieved from /opt/airflow/dags/01_load_csv.py
[2026-09-10T21:01:34.365+0000] {logging_mixin.py:190} INFO - [2026-09-10T21:01:34.365+0000] {dag.py:3239} INFO - Sync 1 DAGs
[2026-09-10T21:01:34.387+0000] {logging_mixin.py:190} INFO - [2026-09-10T21:01:34.386+0000] {dag.py:4180} INFO - Setting next_dagrun for 01_load_csv to None, run_after=None
[2026-09-10T21:01:34.406+0000] {processor.py:208} INFO - Processing /opt/airflow/dags/01_load_csv.py took 0.096 seconds
[2026-09-10T21:02:04.454+0000] {processor.py:186} INFO - Started process (PID=6209) to work on /opt/airflow/dags/01_load_csv.py
[2026-09-10T21:02:04.456+0000] {processor.py:914} INFO - Processing file /opt/airflow/dags/01_load_csv.py for tasks to queue
[2026-09-10T21:02:04.458+0000] {logging_mixin.py:190} INFO - [2026-09-10T21:02:04.458+0000] {dagbag.py:588} INFO - Filling up the DagBag from /opt/airflow/dags/01_load_csv.py
[2026-09-10T21:02:04.468+0000] {processor.py:925} INFO - DAG(s) '01_load_csv' retrieved from /opt/airflow/dags/01_load_csv.py
[2026-09-10T21:02:04.498+0000] {logging_mixin.py:190} INFO - [2026-09-10T21:02:04.497+0000] {dag.py:3239} INFO - Sync 1 DAGs
[2026-09-10T21:02:04.513+0000] {logging_mixin.py:190} INFO - [2026-09-10T21:02:04.513+0000] {dag.py:4180} INFO - Setting next_dagrun for 01_load_csv to None, run_after=None
[2026-09-10T21:02:04.533+0000] {processor.py:208} INFO - Processing /opt/airflow/dags/01_load_csv.py took 0.087 seconds
[2026-09-10T21:02:34.768+0000] {processor.py:186} INFO - Started process (PID=6277) to work on /opt/airflow/dags/01_load_csv.py
[2026-09-10T21:02:34.769+0000] {processor.py:914} INFO - Processing file /opt/airflow/dags/01_load_csv.py for tasks to queue
[2026-09-10T21:02:34.772+0000] {logging_mixin.py:190} INFO - [2026-09-10T21:02:34.771+0000] {dagbag.py:588} INFO - Filling up the DagBag from /opt/airflow/dags/01_load_csv.py
[2026-09-10T21:02:34.781+0000] {processor.py:925} INFO - DAG(s) '01_load_csv' retrieved from /opt/airflow/dags/01_load_csv.py
[2026-09-10T21:02:34.813+0000] {logging_mixin.py:190} INFO - [2026-09-10T21:02:34.812+0000] {dag.py:3239} INFO - Sync 1 DAGs
[2026-09-10T21:02:34.828+0000] {logging_mixin.py:190} INFO - [2026-09-10T21:02:34.828+0000] {dag.py:4180} INFO - Setting next_dagrun for 01_load_csv to None, run_after=None
[2026-09-10T21:02:34.847+0000] {processor.py:208} INFO - Processing /opt/airflow/dags/01_load_csv.py took 0.086 seconds
[2026-09-10T21:03:05.024+0000] {processor.py:186} INFO - Started process (PID=6347) to work on /opt/airflow/dags/01_load_csv.py
[2026-09-10T21:03:05.026+0000] {processor.py:914} INFO - Processing file /opt/airflow/dags/01_load_csv.py for tasks to queue
[2026-09-10T21:03:05.028+0000] {logging_mixin.py:190} INFO - [2026-09-10T21:03:05.028+0000] {dagbag.py:588} INFO - Filling up the DagBag from /opt/airflow/dags/01_load_csv.py
[2026-09-10T21:03:05.036+0000] {processor.py:925} INFO - DAG(s) '01_load_csv' retrieved from /opt/airflow/dags/01_load_csv.py
[2026-09-10T21:03:05.065+0000] {logging_mixin.py:190} INFO - [2026-09-10T21:03:05.065+0000] {dag.py:3239} INFO - Sync 1 DAGs
[2026-09-10T21:03:05.081+0000] {logging_mixin.py:190} INFO - [2026-09-10T21:03:05.081+0000] {dag.py:4180} INFO - Setting next_dagrun for 01_load_csv to None, run_after=None
[2026-09-10T21:03:05.101+0000] {processor.py:208} INFO - Processing /opt/airflow/dags/01_load_csv.py took 0.083 seconds
[2026-09-10T21:03:35.213+0000] {processor.py:186} INFO - Started process (PID=6417) to work on /opt/airflow/dags/01_load_csv.py
[2026-09-10T21:03:35.214+0000] {processor.py:914} INFO - Processing file /opt/airflow/dags/01_load_csv.py for tasks to queue
[2026-09-10T21:03:35.217+0000] {logging_mixin.py:190} INFO - [2026-09-10T21:03:35.217+0000] {dagbag.py:588} INFO - Filling up the DagBag from /opt/airflow/dags/01_load_csv.py
[2026-09-10T21:03:35.229+0000] {processor.py:925} INFO - DAG(s) '01_load_csv' retrieved from /opt/airflow/dags/01_load_csv.py
[2026-09-10T21:03:35.261+0000] {logging_mixin.py:190} INFO - [2026-09-10T21:03:35.261+0000] {dag.py:3239} INFO - Sync 1 DAGs
[2026-09-10T21:03:35.280+0000] {logging_mixin.py:190} INFO - [2026-09-10T21:03:35.280+0000] {dag.py:4180} INFO - Setting next_dagrun for 01_load_csv to None, run_after=None
[2026-09-10T21:03:35.299+0000] {processor.py:208} INFO - Processing /opt/airflow/dags/01_load_csv.py took 0.095 seconds
[2026-09-10T21:04:05.489+0000] {processor.py:186} INFO - Started process (PID=6487) to work on /opt/airflow/dags/01_load_csv.py
[2026-09-10T21:04:05.490+0000] {processor.py:914} INFO - Processing file /opt/airflow/dags/01_load_csv.py for tasks to queue
[2026-09-10T21:04:05.493+0000] {logging_mixin.py:190} INFO - [2026-09-10T21:04:05.493+0000] {dagbag.py:588} INFO - Filling up the DagBag from /opt/airflow/dags/01_load_csv.py
[2026-09-10T21:04:05.503+0000] {processor.py:925} INFO - DAG(s) '01_load_csv' retrieved from /opt/airflow/dags/01_load_csv.py
[2026-09-10T21:04:05.534+0000] {logging_mixin.py:190} INFO - [2026-09-10T21:04:05.534+0000] {dag.py:3239} INFO - Sync 1 DAGs
[2026-09-10T21:04:05.551+0000] {logging_mixin.py:190} INFO - [2026-09-10T21:04:05.550+0000] {dag.py:4180} INFO - Setting next_dagrun for 01_load_csv to None, run_after=None
[2026-09-10T21:04:05.570+0000] {processor.py:208} INFO - Processing /opt/airflow/dags/01_load_csv.py took 0.089 seconds
[2026-09-10T21:04:35.628+0000] {processor.py:186} INFO - Started process (PID=6557) to work on /opt/airflow/dags/01_load_csv.py
[2026-09-10T21:04:35.629+0000] {processor.py:914} INFO - Processing file /opt/airflow/dags/01_load_csv.py for tasks to queue
[2026-09-10T21:04:35.633+0000] {logging_mixin.py:190} INFO - [2026-09-10T21:04:35.633+0000] {dagbag.py:588} INFO - Filling up the DagBag from /opt/airflow/dags/01_load_csv.py
[2026-09-10T21:04:35.648+0000] {processor.py:925} INFO - DAG(s) '01_load_csv' retrieved from /opt/airflow/dags/01_load_csv.py
[2026-09-10T21:04:35.679+0000] {logging_mixin.py:190} INFO - [2026-09-10T21:04:35.678+0000] {dag.py:3239} INFO - Sync 1 DAGs
[2026-09-10T21:04:35.695+0000] {logging_mixin.py:190} INFO - [2026-09-10T21:04:35.695+0000] {dag.py:4180} INFO - Setting next_dagrun for 01_load_csv to None, run_after=None
[2026-09-10T21:04:35.715+0000] {processor.py:208} INFO - Processing /opt/airflow/dags/01_load_csv.py took 0.096 seconds
[2026-09-10T21:05:05.829+0000] {processor.py:186} INFO - Started process (PID=6627) to work on /opt/airflow/dags/01_load_csv.py
[2026-09-10T21:05:05.831+0000] {processor.py:914} INFO - Processing file /opt/airflow/dags/01_load_csv.py for tasks to queue
[2026-09-10T21:05:05.834+0000] {logging_mixin.py:190} INFO - [2026-09-10T21:05:05.833+0000] {dagbag.py:588} INFO - Filling up the DagBag from /opt/airflow/dags/01_load_csv.py
[2026-09-10T21:05:05.844+0000] {processor.py:925} INFO - DAG(s) '01_load_csv' retrieved from /opt/airflow/dags/01_load_csv.py
[2026-09-10T21:05:05.875+0000] {logging_mixin.py:190} INFO - [2026-09-10T21:05:05.874+0000] {dag.py:3239} INFO - Sync 1 DAGs
[2026-09-10T21:05:05.891+0000] {logging_mixin.py:190} INFO - [2026-09-10T21:05:05.891+0000] {dag.py:4180} INFO - Setting next_dagrun for 01_load_csv to None, run_after=None
[2026-09-10T21:05:05.911+0000] {processor.py:208} INFO - Processing /opt/airflow/dags/01_load_csv.py took 0.090 seconds
[2026-09-10T21:05:36.006+0000] {processor.py:186} INFO - Started process (PID=6697) to work on /opt/airflow/dags/01_load_csv.py
[2026-09-10T21:05:36.007+0000] {processor.py:914} INFO - Processing file /opt/airflow/dags/01_load_csv.py for tasks to queue
[2026-09-10T21:05:36.011+0000] {logging_mixin.py:190} INFO - [2026-09-10T21:05:36.010+0000] {dagbag.py:588} INFO - Filling up the DagBag from /opt/airflow/dags/01_load_csv.py
[2026-09-10T21:05:36.026+0000] {processor.py:925} INFO - DAG(s) '01_load_csv' retrieved from /opt/airflow/dags/01_load_csv.py
[2026-09-10T21:05:36.060+0000] {logging_mixin.py:190} INFO - [2026-09-10T21:05:36.059+0000] {dag.py:3239} INFO - Sync 1 DAGs
[2026-09-10T21:05:36.076+0000] {logging_mixin.py:190} INFO - [2026-09-10T21:05:36.076+0000] {dag.py:4180} INFO - Setting next_dagrun for 01_load_csv to None, run_after=None
[2026-09-10T21:05:36.094+0000] {processor.py:208} INFO - Processing /opt/airflow/dags/01_load_csv.py took 0.098 seconds
[2026-09-10T21:06:06.221+0000] {processor.py:186} INFO - Started process (PID=6767) to work on /opt/airflow/dags/01_load_csv.py
[2026-09-10T21:06:06.223+0000] {processor.py:914} INFO - Processing file /opt/airflow/dags/01_load_csv.py for tasks to queue
[2026-09-10T21:06:06.226+0000] {logging_mixin.py:190} INFO - [2026-09-10T21:06:06.225+0000] {dagbag.py:588} INFO - Filling up the DagBag from /opt/airflow/dags/01_load_csv.py
[2026-09-10T21:06:06.236+0000] {processor.py:925} INFO - DAG(s) '01_load_csv' retrieved from /opt/airflow/dags/01_load_csv.py
[2026-09-10T21:06:06.267+0000] {logging_mixin.py:190} INFO - [2026-09-10T21:06:06.267+0000] {dag.py:3239} INFO - Sync 1 DAGs
[2026-09-10T21:06:06.283+0000] {logging_mixin.py:190} INFO - [2026-09-10T21:06:06.283+0000] {dag.py:4180} INFO - Setting next_dagrun for 01_load_csv to None, run_after=None
[2026-09-10T21:06:06.303+0000] {processor.py:208} INFO - Processing /opt/airflow/dags/01_load_csv.py took 0.091 seconds
[2026-09-10T21:06:36.641+0000] {processor.py:186} INFO - Started process (PID=6839) to work on /opt/airflow/dags/01_load_csv.py
[2026-09-10T21:06:36.642+0000] {processor.py:914} INFO - Processing file /opt/airflow/dags/01_load_csv.py for tasks to queue
[2026-09-10T21:06:36.645+0000] {logging_mixin.py:190} INFO - [2026-09-10T21:06:36.644+0000] {dagbag.py:588} INFO - Filling up the DagBag from /opt/airflow/dags/01_load_csv.py
[2026-09-10T21:06:36.656+0000] {processor.py:925} INFO - DAG(s) '01_load_csv' retrieved from /opt/airflow/dags/01_load_csv.py
[2026-09-10T21:06:36.692+0000] {logging_mixin.py:190} INFO - [2026-09-10T21:06:36.692+0000] {dag.py:3239} INFO - Sync 1 DAGs
[2026-09-10T21:06:36.714+0000] {logging_mixin.py:190} INFO - [2026-09-10T21:06:36.713+0000] {dag.py:4180} INFO - Setting next_dagrun for 01_load_csv to None, run_after=None
[2026-09-10T21:06:36.741+0000] {processor.py:208} INFO - Processing /opt/airflow/dags/01_load_csv.py took 0.111 seconds
[2026-09-10T21:07:06.799+0000] {processor.py:186} INFO - Started process (PID=6907) to work on /opt/airflow/dags/01_load_csv.py
[2026-09-10T21:07:06.800+0000] {processor.py:914} INFO - Processing file /opt/airflow/dags/01_load_csv.py for tasks to queue
[2026-09-10T21:07:06.803+0000] {logging_mixin.py:190} INFO - [2026-09-10T21:07:06.803+0000] {dagbag.py:588} INFO - Filling up the DagBag from /opt/airflow/dags/01_load_csv.py
[2026-09-10T21:07:06.814+0000] {processor.py:925} INFO - DAG(s) '01_load_csv' retrieved from /opt/airflow/dags/01_load_csv.py
[2026-09-10T21:07:06.851+0000] {logging_mixin.py:190} INFO - [2026-09-10T21:07:06.851+0000] {dag.py:3239} INFO - Sync 1 DAGs
[2026-09-10T21:07:06.868+0000] {logging_mixin.py:190} INFO - [2026-09-10T21:07:06.868+0000] {dag.py:4180} INFO - Setting next_dagrun for 01_load_csv to None, run_after=None
[2026-09-10T21:07:06.887+0000] {processor.py:208} INFO - Processing /opt/airflow/dags/01_load_csv.py took 0.096 seconds
[2026-09-10T21:07:37.025+0000] {processor.py:186} INFO - Started process (PID=6977) to work on /opt/airflow/dags/01_load_csv.py
[2026-09-10T21:07:37.026+0000] {processor.py:914} INFO - Processing file /opt/airflow/dags/01_load_csv.py for tasks to queue
[2026-09-10T21:07:37.029+0000] {logging_mixin.py:190} INFO - [2026-09-10T21:07:37.029+0000] {dagbag.py:588} INFO - Filling up the DagBag from /opt/airflow/dags/01_load_csv.py
[2026-09-10T21:07:37.040+0000] {processor.py:925} INFO - DAG(s) '01_load_csv' retrieved from /opt/airflow/dags/01_load_csv.py
[2026-09-10T21:07:37.072+0000] {logging_mixin.py:190} INFO - [2026-09-10T21:07:37.071+0000] {dag.py:3239} INFO - Sync 1 DAGs
[2026-09-10T21:07:37.088+0000] {logging_mixin.py:190} INFO - [2026-09-10T21:07:37.088+0000] {dag.py:4180} INFO - Setting next_dagrun for 01_load_csv to None, run_after=None
[2026-09-10T21:07:37.108+0000] {processor.py:208} INFO - Processing /opt/airflow/dags/01_load_csv.py took 0.092 seconds
[2026-09-10T21:08:07.149+0000] {processor.py:186} INFO - Started process (PID=7047) to work on /opt/airflow/dags/01_load_csv.py
[2026-09-10T21:08:07.150+0000] {processor.py:914} INFO - Processing file /opt/airflow/dags/01_load_csv.py for tasks to queue
[2026-09-10T21:08:07.153+0000] {logging_mixin.py:190} INFO - [2026-09-10T21:08:07.153+0000] {dagbag.py:588} INFO - Filling up the DagBag from /opt/airflow/dags/01_load_csv.py
[2026-09-10T21:08:07.163+0000] {processor.py:925} INFO - DAG(s) '01_load_csv' retrieved from /opt/airflow/dags/01_load_csv.py
[2026-09-10T21:08:07.193+0000] {logging_mixin.py:190} INFO - [2026-09-10T21:08:07.193+0000] {dag.py:3239} INFO - Sync 1 DAGs
[2026-09-10T21:08:07.209+0000] {logging_mixin.py:190} INFO - [2026-09-10T21:08:07.209+0000] {dag.py:4180} INFO - Setting next_dagrun for 01_load_csv to None, run_after=None
[2026-09-10T21:08:07.229+0000] {processor.py:208} INFO - Processing /opt/airflow/dags/01_load_csv.py took 0.089 seconds
[2026-09-10T21:08:37.462+0000] {processor.py:186} INFO - Started process (PID=7117) to work on /opt/airflow/dags/01_load_csv.py
[2026-09-10T21:08:37.463+0000] {processor.py:914} INFO - Processing file /opt/airflow/dags/01_load_csv.py for tasks to queue
[2026-09-10T21:08:37.466+0000] {logging_mixin.py:190} INFO - [2026-09-10T21:08:37.466+0000] {dagbag.py:588} INFO - Filling up the DagBag from /opt/airflow/dags/01_load_csv.py
[2026-09-10T21:08:37.476+0000] {processor.py:925} INFO - DAG(s) '01_load_csv' retrieved from /opt/airflow/dags/01_load_csv.py
[2026-09-10T21:08:37.509+0000] {logging_mixin.py:190} INFO - [2026-09-10T21:08:37.508+0000] {dag.py:3239} INFO - Sync 1 DAGs
[2026-09-10T21:08:37.529+0000] {logging_mixin.py:190} INFO - [2026-09-10T21:08:37.529+0000] {dag.py:4180} INFO - Setting next_dagrun for 01_load_csv to None, run_after=None
[2026-09-10T21:08:37.553+0000] {processor.py:208} INFO - Processing /opt/airflow/dags/01_load_csv.py took 0.099 seconds
[2026-09-10T21:09:08.717+0000] {processor.py:186} INFO - Started process (PID=7187) to work on /opt/airflow/dags/01_load_csv.py
[2026-09-10T21:09:08.719+0000] {processor.py:914} INFO - Processing file /opt/airflow/dags/01_load_csv.py for tasks to queue
[2026-09-10T21:09:08.723+0000] {logging_mixin.py:190} INFO - [2026-09-10T21:09:08.723+0000] {dagbag.py:588} INFO - Filling up the DagBag from /opt/airflow/dags/01_load_csv.py
[2026-09-10T21:09:08.736+0000] {processor.py:925} INFO - DAG(s) '01_load_csv' retrieved from /opt/airflow/dags/01_load_csv.py
[2026-09-10T21:09:08.770+0000] {logging_mixin.py:190} INFO - [2026-09-10T21:09:08.770+0000] {dag.py:3239} INFO - Sync 1 DAGs
[2026-09-10T21:09:08.789+0000] {logging_mixin.py:190} INFO - [2026-09-10T21:09:08.789+0000] {dag.py:4180} INFO - Setting next_dagrun for 01_load_csv to None, run_after=None
[2026-09-10T21:09:08.815+0000] {processor.py:208} INFO - Processing /opt/airflow/dags/01_load_csv.py took 0.110 seconds
[2026-09-10T21:09:38.914+0000] {processor.py:186} INFO - Started process (PID=7257) to work on /opt/airflow/dags/01_load_csv.py
[2026-09-10T21:09:38.915+0000] {processor.py:914} INFO - Processing file /opt/airflow/dags/01_load_csv.py for tasks to queue
[2026-09-10T21:09:38.918+0000] {logging_mixin.py:190} INFO - [2026-09-10T21:09:38.917+0000] {dagbag.py:588} INFO - Filling up the DagBag from /opt/airflow/dags/01_load_csv.py
[2026-09-10T21:09:38.927+0000] {processor.py:925} INFO - DAG(s) '01_load_csv' retrieved from /opt/airflow/dags/01_load_csv.py
[2026-09-10T21:09:38.959+0000] {logging_mixin.py:190} INFO - [2026-09-10T21:09:38.958+0000] {dag.py:3239} INFO - Sync 1 DAGs
[2026-09-10T21:09:38.974+0000] {logging_mixin.py:190} INFO - [2026-09-10T21:09:38.974+0000] {dag.py:4180} INFO - Setting next_dagrun for 01_load_csv to None, run_after=None
[2026-09-10T21:09:38.994+0000] {processor.py:208} INFO - Processing /opt/airflow/dags/01_load_csv.py took 0.088 seconds
[2026-09-10T21:10:09.149+0000] {processor.py:186} INFO - Started process (PID=7327) to work on /opt/airflow/dags/01_load_csv.py
[2026-09-10T21:10:09.150+0000] {processor.py:914} INFO - Processing file /opt/airflow/dags/01_load_csv.py for tasks to queue
[2026-09-10T21:10:09.153+0000] {logging_mixin.py:190} INFO - [2026-09-10T21:10:09.153+0000] {dagbag.py:588} INFO - Filling up the DagBag from /opt/airflow/dags/01_load_csv.py
[2026-09-10T21:10:09.163+0000] {processor.py:925} INFO - DAG(s) '01_load_csv' retrieved from /opt/airflow/dags/01_load_csv.py
[2026-09-10T21:10:09.196+0000] {logging_mixin.py:190} INFO - [2026-09-10T21:10:09.196+0000] {dag.py:3239} INFO - Sync 1 DAGs
[2026-09-10T21:10:09.222+0000] {logging_mixin.py:190} INFO - [2026-09-10T21:10:09.221+0000] {dag.py:4180} INFO - Setting next_dagrun for 01_load_csv to None, run_after=None
[2026-09-10T21:10:09.249+0000] {processor.py:208} INFO - Processing /opt/airflow/dags/01_load_csv.py took 0.109 seconds
[2026-09-10T21:10:39.359+0000] {processor.py:186} INFO - Started process (PID=7399) to work on /opt/airflow/dags/01_load_csv.py
[2026-09-10T21:10:39.360+0000] {processor.py:914} INFO - Processing file /opt/airflow/dags/01_load_csv.py for tasks to queue
[2026-09-10T21:10:39.363+0000] {logging_mixin.py:190} INFO - [2026-09-10T21:10:39.362+0000] {dagbag.py:588} INFO - Filling up the DagBag from /opt/airflow/dags/01_load_csv.py
[2026-09-10T21:10:39.372+0000] {processor.py:925} INFO - DAG(s) '01_load_csv' retrieved from /opt/airflow/dags/01_load_csv.py
[2026-09-10T21:10:39.400+0000] {logging_mixin.py:190} INFO - [2026-09-10T21:10:39.400+0000] {dag.py:3239} INFO - Sync 1 DAGs
[2026-09-10T21:10:39.415+0000] {logging_mixin.py:190} INFO - [2026-09-10T21:10:39.415+0000] {dag.py:4180} INFO - Setting next_dagrun for 01_load_csv to None, run_after=None
[2026-09-10T21:10:39.434+0000] {processor.py:208} INFO - Processing /opt/airflow/dags/01_load_csv.py took 0.083 seconds
[2026-09-10T21:11:09.469+0000] {processor.py:186} INFO - Started process (PID=7467) to work on /opt/airflow/dags/01_load_csv.py
[2026-09-10T21:11:09.470+0000] {processor.py:914} INFO - Processing file /opt/airflow/dags/01_load_csv.py for tasks to queue
[2026-09-10T21:11:09.473+0000] {logging_mixin.py:190} INFO - [2026-09-10T21:11:09.472+0000] {dagbag.py:588} INFO - Filling up the DagBag from /opt/airflow/dags/01_load_csv.py
[2026-09-10T21:11:09.481+0000] {processor.py:925} INFO - DAG(s) '01_load_csv' retrieved from /opt/airflow/dags/01_load_csv.py
[2026-09-10T21:11:09.510+0000] {logging_mixin.py:190} INFO - [2026-09-10T21:11:09.510+0000] {dag.py:3239} INFO - Sync 1 DAGs
[2026-09-10T21:11:09.527+0000] {logging_mixin.py:190} INFO - [2026-09-10T21:11:09.526+0000] {dag.py:4180} INFO - Setting next_dagrun for 01_load_csv to None, run_after=None
[2026-09-10T21:11:09.545+0000] {processor.py:208} INFO - Processing /opt/airflow/dags/01_load_csv.py took 0.082 seconds
[2026-09-10T21:11:39.733+0000] {processor.py:186} INFO - Started process (PID=7537) to work on /opt/airflow/dags/01_load_csv.py
[2026-09-10T21:11:39.734+0000] {processor.py:914} INFO - Processing file /opt/airflow/dags/01_load_csv.py for tasks to queue
[2026-09-10T21:11:39.737+0000] {logging_mixin.py:190} INFO - [2026-09-10T21:11:39.736+0000] {dagbag.py:588} INFO - Filling up the DagBag from /opt/airflow/dags/01_load_csv.py
[2026-09-10T21:11:39.746+0000] {processor.py:925} INFO - DAG(s) '01_load_csv' retrieved from /opt/airflow/dags/01_load_csv.py
[2026-09-10T21:11:39.775+0000] {logging_mixin.py:190} INFO - [2026-09-10T21:11:39.775+0000] {dag.py:3239} INFO - Sync 1 DAGs
[2026-09-10T21:11:39.790+0000] {logging_mixin.py:190} INFO - [2026-09-10T21:11:39.790+0000] {dag.py:4180} INFO - Setting next_dagrun for 01_load_csv to None, run_after=None
[2026-09-10T21:11:39.807+0000] {processor.py:208} INFO - Processing /opt/airflow/dags/01_load_csv.py took 0.082 seconds
[2026-09-10T21:12:10.712+0000] {processor.py:186} INFO - Started process (PID=7607) to work on /opt/airflow/dags/01_load_csv.py
[2026-09-10T21:12:10.713+0000] {processor.py:914} INFO - Processing file /opt/airflow/dags/01_load_csv.py for tasks to queue
[2026-09-10T21:12:10.716+0000] {logging_mixin.py:190} INFO - [2026-09-10T21:12:10.716+0000] {dagbag.py:588} INFO - Filling up the DagBag from /opt/airflow/dags/01_load_csv.py
[2026-09-10T21:12:10.726+0000] {processor.py:925} INFO - DAG(s) '01_load_csv' retrieved from /opt/airflow/dags/01_load_csv.py
[2026-09-10T21:12:10.756+0000] {logging_mixin.py:190} INFO - [2026-09-10T21:12:10.756+0000] {dag.py:3239} INFO - Sync 1 DAGs
[2026-09-10T21:12:10.772+0000] {logging_mixin.py:190} INFO - [2026-09-10T21:12:10.772+0000] {dag.py:4180} INFO - Setting next_dagrun for 01_load_csv to None, run_after=None
[2026-09-10T21:12:10.790+0000] {processor.py:208} INFO - Processing /opt/airflow/dags/01_load_csv.py took 0.086 seconds
[2026-09-10T21:12:42.976+0000] {processor.py:186} INFO - Started process (PID=7679) to work on /opt/airflow/dags/01_load_csv.py
[2026-09-10T21:12:42.978+0000] {processor.py:914} INFO - Processing file /opt/airflow/dags/01_load_csv.py for tasks to queue
[2026-09-10T21:12:42.980+0000] {logging_mixin.py:190} INFO - [2026-09-10T21:12:42.979+0000] {dagbag.py:588} INFO - Filling up the DagBag from /opt/airflow/dags/01_load_csv.py
[2026-09-10T21:12:42.988+0000] {processor.py:925} INFO - DAG(s) '01_load_csv' retrieved from /opt/airflow/dags/01_load_csv.py
[2026-09-10T21:12:43.021+0000] {logging_mixin.py:190} INFO - [2026-09-10T21:12:43.021+0000] {dag.py:3239} INFO - Sync 1 DAGs
[2026-09-10T21:12:43.037+0000] {logging_mixin.py:190} INFO - [2026-09-10T21:12:43.037+0000] {dag.py:4180} INFO - Setting next_dagrun for 01_load_csv to None, run_after=None
[2026-09-10T21:12:43.055+0000] {processor.py:208} INFO - Processing /opt/airflow/dags/01_load_csv.py took 0.085 seconds
[2026-09-10T21:13:13.135+0000] {processor.py:186} INFO - Started process (PID=7747) to work on /opt/airflow/dags/01_load_csv.py
[2026-09-10T21:13:13.136+0000] {processor.py:914} INFO - Processing file /opt/airflow/dags/01_load_csv.py for tasks to queue
[2026-09-10T21:13:13.139+0000] {logging_mixin.py:190} INFO - [2026-09-10T21:13:13.139+0000] {dagbag.py:588} INFO - Filling up the DagBag from /opt/airflow/dags/01_load_csv.py
[2026-09-10T21:13:13.149+0000] {processor.py:925} INFO - DAG(s) '01_load_csv' retrieved from /opt/airflow/dags/01_load_csv.py
[2026-09-10T21:13:13.180+0000] {logging_mixin.py:190} INFO - [2026-09-10T21:13:13.180+0000] {dag.py:3239} INFO - Sync 1 DAGs
[2026-09-10T21:13:13.196+0000] {logging_mixin.py:190} INFO - [2026-09-10T21:13:13.196+0000] {dag.py:4180} INFO - Setting next_dagrun for 01_load_csv to None, run_after=None
[2026-09-10T21:13:13.215+0000] {processor.py:208} INFO - Processing /opt/airflow/dags/01_load_csv.py took 0.088 seconds
[2026-09-10T21:13:44.094+0000] {processor.py:186} INFO - Started process (PID=7819) to work on /opt/airflow/dags/01_load_csv.py
[2026-09-10T21:13:44.096+0000] {processor.py:914} INFO - Processing file /opt/airflow/dags/01_load_csv.py for tasks to queue
[2026-09-10T21:13:44.098+0000] {logging_mixin.py:190} INFO - [2026-09-10T21:13:44.098+0000] {dagbag.py:588} INFO - Filling up the DagBag from /opt/airflow/dags/01_load_csv.py
[2026-09-10T21:13:44.106+0000] {processor.py:925} INFO - DAG(s) '01_load_csv' retrieved from /opt/airflow/dags/01_load_csv.py
[2026-09-10T21:13:44.134+0000] {logging_mixin.py:190} INFO - [2026-09-10T21:13:44.134+0000] {dag.py:3239} INFO - Sync 1 DAGs
[2026-09-10T21:13:44.150+0000] {logging_mixin.py:190} INFO - [2026-09-10T21:13:44.150+0000] {dag.py:4180} INFO - Setting next_dagrun for 01_load_csv to None, run_after=None
[2026-09-10T21:13:44.169+0000] {processor.py:208} INFO - Processing /opt/airflow/dags/01_load_csv.py took 0.081 seconds
[2026-09-10T21:14:14.803+0000] {processor.py:186} INFO - Started process (PID=7887) to work on /opt/airflow/dags/01_load_csv.py
[2026-09-10T21:14:14.805+0000] {processor.py:914} INFO - Processing file /opt/airflow/dags/01_load_csv.py for tasks to queue
[2026-09-10T21:14:14.809+0000] {logging_mixin.py:190} INFO - [2026-09-10T21:14:14.809+0000] {dagbag.py:588} INFO - Filling up the DagBag from /opt/airflow/dags/01_load_csv.py
[2026-09-10T21:14:14.828+0000] {processor.py:925} INFO - DAG(s) '01_load_csv' retrieved from /opt/airflow/dags/01_load_csv.py
[2026-09-10T21:14:14.887+0000] {logging_mixin.py:190} INFO - [2026-09-10T21:14:14.886+0000] {dag.py:3239} INFO - Sync 1 DAGs
[2026-09-10T21:14:15.204+0000] {logging_mixin.py:190} INFO - [2026-09-10T21:14:15.204+0000] {dag.py:4180} INFO - Setting next_dagrun for 01_load_csv to None, run_after=None
[2026-09-10T21:14:15.229+0000] {processor.py:208} INFO - Processing /opt/airflow/dags/01_load_csv.py took 0.441 seconds
[2026-09-10T21:14:45.719+0000] {processor.py:186} INFO - Started process (PID=7959) to work on /opt/airflow/dags/01_load_csv.py
[2026-09-10T21:14:45.721+0000] {processor.py:914} INFO - Processing file /opt/airflow/dags/01_load_csv.py for tasks to queue
[2026-09-10T21:14:45.724+0000] {logging_mixin.py:190} INFO - [2026-09-10T21:14:45.723+0000] {dagbag.py:588} INFO - Filling up the DagBag from /opt/airflow/dags/01_load_csv.py
[2026-09-10T21:14:45.733+0000] {processor.py:925} INFO - DAG(s) '01_load_csv' retrieved from /opt/airflow/dags/01_load_csv.py
[2026-09-10T21:14:45.761+0000] {logging_mixin.py:190} INFO - [2026-09-10T21:14:45.761+0000] {dag.py:3239} INFO - Sync 1 DAGs
[2026-09-10T21:14:45.776+0000] {logging_mixin.py:190} INFO - [2026-09-10T21:14:45.776+0000] {dag.py:4180} INFO - Setting next_dagrun for 01_load_csv to None, run_after=None
[2026-09-10T21:14:45.795+0000] {processor.py:208} INFO - Processing /opt/airflow/dags/01_load_csv.py took 0.085 seconds
[2026-09-10T21:15:16.580+0000] {processor.py:186} INFO - Started process (PID=8029) to work on /opt/airflow/dags/01_load_csv.py
[2026-09-10T21:15:16.582+0000] {processor.py:914} INFO - Processing file /opt/airflow/dags/01_load_csv.py for tasks to queue
[2026-09-10T21:15:16.585+0000] {logging_mixin.py:190} INFO - [2026-09-10T21:15:16.585+0000] {dagbag.py:588} INFO - Filling up the DagBag from /opt/airflow/dags/01_load_csv.py
[2026-09-10T21:15:16.597+0000] {processor.py:925} INFO - DAG(s) '01_load_csv' retrieved from /opt/airflow/dags/01_load_csv.py
[2026-09-10T21:15:16.633+0000] {logging_mixin.py:190} INFO - [2026-09-10T21:15:16.633+0000] {dag.py:3239} INFO - Sync 1 DAGs
[2026-09-10T21:15:16.659+0000] {logging_mixin.py:190} INFO - [2026-09-10T21:15:16.658+0000] {dag.py:4180} INFO - Setting next_dagrun for 01_load_csv to None, run_after=None
[2026-09-10T21:15:16.684+0000] {processor.py:208} INFO - Processing /opt/airflow/dags/01_load_csv.py took 0.114 seconds
[2026-09-10T21:15:46.751+0000] {processor.py:186} INFO - Started process (PID=8099) to work on /opt/airflow/dags/01_load_csv.py
[2026-09-10T21:15:46.752+0000] {processor.py:914} INFO - Processing file /opt/airflow/dags/01_load_csv.py for tasks to queue
[2026-09-10T21:15:46.755+0000] {logging_mixin.py:190} INFO - [2026-09-10T21:15:46.755+0000] {dagbag.py:588} INFO - Filling up the DagBag from /opt/airflow/dags/01_load_csv.py
[2026-09-10T21:15:46.765+0000] {processor.py:925} INFO - DAG(s) '01_load_csv' retrieved from /opt/airflow/dags/01_load_csv.py
[2026-09-10T21:15:46.804+0000] {logging_mixin.py:190} INFO - [2026-09-10T21:15:46.804+0000] {dag.py:3239} INFO - Sync 1 DAGs
[2026-09-10T21:15:46.824+0000] {logging_mixin.py:190} INFO - [2026-09-10T21:15:46.823+0000] {dag.py:4180} INFO - Setting next_dagrun for 01_load_csv to None, run_after=None
[2026-09-10T21:15:46.847+0000] {processor.py:208} INFO - Processing /opt/airflow/dags/01_load_csv.py took 0.103 seconds
[2026-09-10T21:16:16.904+0000] {processor.py:186} INFO - Started process (PID=8169) to work on /opt/airflow/dags/01_load_csv.py
[2026-09-10T21:16:16.906+0000] {processor.py:914} INFO - Processing file /opt/airflow/dags/01_load_csv.py for tasks to queue
[2026-09-10T21:16:16.908+0000] {logging_mixin.py:190} INFO - [2026-09-10T21:16:16.908+0000] {dagbag.py:588} INFO - Filling up the DagBag from /opt/airflow/dags/01_load_csv.py
[2026-09-10T21:16:16.917+0000] {processor.py:925} INFO - DAG(s) '01_load_csv' retrieved from /opt/airflow/dags/01_load_csv.py
[2026-09-10T21:16:16.945+0000] {logging_mixin.py:190} INFO - [2026-09-10T21:16:16.945+0000] {dag.py:3239} INFO - Sync 1 DAGs
[2026-09-10T21:16:16.960+0000] {logging_mixin.py:190} INFO - [2026-09-10T21:16:16.960+0000] {dag.py:4180} INFO - Setting next_dagrun for 01_load_csv to None, run_after=None
[2026-09-10T21:16:16.978+0000] {processor.py:208} INFO - Processing /opt/airflow/dags/01_load_csv.py took 0.082 seconds
[2026-09-10T21:16:47.138+0000] {processor.py:186} INFO - Started process (PID=8239) to work on /opt/airflow/dags/01_load_csv.py
[2026-09-10T21:16:47.139+0000] {processor.py:914} INFO - Processing file /opt/airflow/dags/01_load_csv.py for tasks to queue
[2026-09-10T21:16:47.142+0000] {logging_mixin.py:190} INFO - [2026-09-10T21:16:47.141+0000] {dagbag.py:588} INFO - Filling up the DagBag from /opt/airflow/dags/01_load_csv.py
[2026-09-10T21:16:47.150+0000] {processor.py:925} INFO - DAG(s) '01_load_csv' retrieved from /opt/airflow/dags/01_load_csv.py
[2026-09-10T21:16:47.178+0000] {logging_mixin.py:190} INFO - [2026-09-10T21:16:47.177+0000] {dag.py:3239} INFO - Sync 1 DAGs
[2026-09-10T21:16:47.192+0000] {logging_mixin.py:190} INFO - [2026-09-10T21:16:47.192+0000] {dag.py:4180} INFO - Setting next_dagrun for 01_load_csv to None, run_after=None
[2026-09-10T21:16:47.210+0000] {processor.py:208} INFO - Processing /opt/airflow/dags/01_load_csv.py took 0.079 seconds
[2026-09-10T21:17:17.314+0000] {processor.py:186} INFO - Started process (PID=8309) to work on /opt/airflow/dags/01_load_csv.py
[2026-09-10T21:17:17.316+0000] {processor.py:914} INFO - Processing file /opt/airflow/dags/01_load_csv.py for tasks to queue
[2026-09-10T21:17:17.319+0000] {logging_mixin.py:190} INFO - [2026-09-10T21:17:17.318+0000] {dagbag.py:588} INFO - Filling up the DagBag from /opt/airflow/dags/01_load_csv.py
[2026-09-10T21:17:17.328+0000] {processor.py:925} INFO - DAG(s) '01_load_csv' retrieved from /opt/airflow/dags/01_load_csv.py
[2026-09-10T21:17:17.355+0000] {logging_mixin.py:190} INFO - [2026-09-10T21:17:17.355+0000] {dag.py:3239} INFO - Sync 1 DAGs
[2026-09-10T21:17:17.370+0000] {logging_mixin.py:190} INFO - [2026-09-10T21:17:17.369+0000] {dag.py:4180} INFO - Setting next_dagrun for 01_load_csv to None, run_after=None
[2026-09-10T21:17:17.387+0000] {processor.py:208} INFO - Processing /opt/airflow/dags/01_load_csv.py took 0.080 seconds
[2026-09-10T21:17:47.496+0000] {processor.py:186} INFO - Started process (PID=8379) to work on /opt/airflow/dags/01_load_csv.py
[2026-09-10T21:17:47.496+0000] {processor.py:914} INFO - Processing file /opt/airflow/dags/01_load_csv.py for tasks to queue
[2026-09-10T21:17:47.499+0000] {logging_mixin.py:190} INFO - [2026-09-10T21:17:47.499+0000] {dagbag.py:588} INFO - Filling up the DagBag from /opt/airflow/dags/01_load_csv.py
[2026-09-10T21:17:47.511+0000] {processor.py:925} INFO - DAG(s) '01_load_csv' retrieved from /opt/airflow/dags/01_load_csv.py
[2026-09-10T21:17:47.547+0000] {logging_mixin.py:190} INFO - [2026-09-10T21:17:47.547+0000] {dag.py:3239} INFO - Sync 1 DAGs
[2026-09-10T21:17:47.570+0000] {logging_mixin.py:190} INFO - [2026-09-10T21:17:47.570+0000] {dag.py:4180} INFO - Setting next_dagrun for 01_load_csv to None, run_after=None
[2026-09-10T21:17:47.591+0000] {processor.py:208} INFO - Processing /opt/airflow/dags/01_load_csv.py took 0.103 seconds
[2026-09-10T21:18:17.694+0000] {processor.py:186} INFO - Started process (PID=8449) to work on /opt/airflow/dags/01_load_csv.py
[2026-09-10T21:18:17.696+0000] {processor.py:914} INFO - Processing file /opt/airflow/dags/01_load_csv.py for tasks to queue
[2026-09-10T21:18:17.699+0000] {logging_mixin.py:190} INFO - [2026-09-10T21:18:17.699+0000] {dagbag.py:588} INFO - Filling up the DagBag from /opt/airflow/dags/01_load_csv.py
[2026-09-10T21:18:17.709+0000] {processor.py:925} INFO - DAG(s) '01_load_csv' retrieved from /opt/airflow/dags/01_load_csv.py
[2026-09-10T21:18:17.736+0000] {logging_mixin.py:190} INFO - [2026-09-10T21:18:17.736+0000] {dag.py:3239} INFO - Sync 1 DAGs
[2026-09-10T21:18:17.751+0000] {logging_mixin.py:190} INFO - [2026-09-10T21:18:17.751+0000] {dag.py:4180} INFO - Setting next_dagrun for 01_load_csv to None, run_after=None
[2026-09-10T21:18:17.769+0000] {processor.py:208} INFO - Processing /opt/airflow/dags/01_load_csv.py took 0.083 seconds
[2026-09-10T21:18:47.836+0000] {processor.py:186} INFO - Started process (PID=8519) to work on /opt/airflow/dags/01_load_csv.py
[2026-09-10T21:18:47.836+0000] {processor.py:914} INFO - Processing file /opt/airflow/dags/01_load_csv.py for tasks to queue
[2026-09-10T21:18:47.839+0000] {logging_mixin.py:190} INFO - [2026-09-10T21:18:47.838+0000] {dagbag.py:588} INFO - Filling up the DagBag from /opt/airflow/dags/01_load_csv.py
[2026-09-10T21:18:47.846+0000] {processor.py:925} INFO - DAG(s) '01_load_csv' retrieved from /opt/airflow/dags/01_load_csv.py
[2026-09-10T21:18:47.872+0000] {logging_mixin.py:190} INFO - [2026-09-10T21:18:47.872+0000] {dag.py:3239} INFO - Sync 1 DAGs
[2026-09-10T21:18:47.885+0000] {logging_mixin.py:190} INFO - [2026-09-10T21:18:47.885+0000] {dag.py:4180} INFO - Setting next_dagrun for 01_load_csv to None, run_after=None
[2026-09-10T21:18:47.902+0000] {processor.py:208} INFO - Processing /opt/airflow/dags/01_load_csv.py took 0.073 seconds
[2026-09-10T21:19:17.949+0000] {processor.py:186} INFO - Started process (PID=8587) to work on /opt/airflow/dags/01_load_csv.py
[2026-09-10T21:19:17.950+0000] {processor.py:914} INFO - Processing file /opt/airflow/dags/01_load_csv.py for tasks to queue
[2026-09-10T21:19:17.953+0000] {logging_mixin.py:190} INFO - [2026-09-10T21:19:17.953+0000] {dagbag.py:588} INFO - Filling up the DagBag from /opt/airflow/dags/01_load_csv.py
[2026-09-10T21:19:17.963+0000] {processor.py:925} INFO - DAG(s) '01_load_csv' retrieved from /opt/airflow/dags/01_load_csv.py
[2026-09-10T21:19:17.995+0000] {logging_mixin.py:190} INFO - [2026-09-10T21:19:17.995+0000] {dag.py:3239} INFO - Sync 1 DAGs
[2026-09-10T21:19:18.015+0000] {logging_mixin.py:190} INFO - [2026-09-10T21:19:18.015+0000] {dag.py:4180} INFO - Setting next_dagrun for 01_load_csv to None, run_after=None
[2026-09-10T21:19:18.034+0000] {processor.py:208} INFO - Processing /opt/airflow/dags/01_load_csv.py took 0.094 seconds
[2026-09-10T21:19:48.153+0000] {processor.py:186} INFO - Started process (PID=8657) to work on /opt/airflow/dags/01_load_csv.py
[2026-09-10T21:19:48.155+0000] {processor.py:914} INFO - Processing file /opt/airflow/dags/01_load_csv.py for tasks to queue
[2026-09-10T21:19:48.159+0000] {logging_mixin.py:190} INFO - [2026-09-10T21:19:48.159+0000] {dagbag.py:588} INFO - Filling up the DagBag from /opt/airflow/dags/01_load_csv.py
[2026-09-10T21:19:48.170+0000] {processor.py:925} INFO - DAG(s) '01_load_csv' retrieved from /opt/airflow/dags/01_load_csv.py
[2026-09-10T21:19:48.208+0000] {logging_mixin.py:190} INFO - [2026-09-10T21:19:48.208+0000] {dag.py:3239} INFO - Sync 1 DAGs
[2026-09-10T21:19:48.228+0000] {logging_mixin.py:190} INFO - [2026-09-10T21:19:48.227+0000] {dag.py:4180} INFO - Setting next_dagrun for 01_load_csv to None, run_after=None
[2026-09-10T21:19:48.251+0000] {processor.py:208} INFO - Processing /opt/airflow/dags/01_load_csv.py took 0.108 seconds
[2026-09-10T21:20:18.562+0000] {processor.py:186} INFO - Started process (PID=8729) to work on /opt/airflow/dags/01_load_csv.py
[2026-09-10T21:20:18.564+0000] {processor.py:914} INFO - Processing file /opt/airflow/dags/01_load_csv.py for tasks to queue
[2026-09-10T21:20:18.566+0000] {logging_mixin.py:190} INFO - [2026-09-10T21:20:18.566+0000] {dagbag.py:588} INFO - Filling up the DagBag from /opt/airflow/dags/01_load_csv.py
[2026-09-10T21:20:18.578+0000] {processor.py:925} INFO - DAG(s) '01_load_csv' retrieved from /opt/airflow/dags/01_load_csv.py
[2026-09-10T21:20:18.612+0000] {logging_mixin.py:190} INFO - [2026-09-10T21:20:18.612+0000] {dag.py:3239} INFO - Sync 1 DAGs
[2026-09-10T21:20:18.631+0000] {logging_mixin.py:190} INFO - [2026-09-10T21:20:18.631+0000] {dag.py:4180} INFO - Setting next_dagrun for 01_load_csv to None, run_after=None
[2026-09-10T21:20:18.654+0000] {processor.py:208} INFO - Processing /opt/airflow/dags/01_load_csv.py took 0.102 seconds
[2026-09-10T21:20:48.712+0000] {processor.py:186} INFO - Started process (PID=8799) to work on /opt/airflow/dags/01_load_csv.py
[2026-09-10T21:20:48.712+0000] {processor.py:914} INFO - Processing file /opt/airflow/dags/01_load_csv.py for tasks to queue
[2026-09-10T21:20:48.715+0000] {logging_mixin.py:190} INFO - [2026-09-10T21:20:48.715+0000] {dagbag.py:588} INFO - Filling up the DagBag from /opt/airflow/dags/01_load_csv.py
[2026-09-10T21:20:48.725+0000] {processor.py:925} INFO - DAG(s) '01_load_csv' retrieved from /opt/airflow/dags/01_load_csv.py
[2026-09-10T21:20:48.762+0000] {logging_mixin.py:190} INFO - [2026-09-10T21:20:48.761+0000] {dag.py:3239} INFO - Sync 1 DAGs
[2026-09-10T21:20:48.779+0000] {logging_mixin.py:190} INFO - [2026-09-10T21:20:48.779+0000] {dag.py:4180} INFO - Setting next_dagrun for 01_load_csv to None, run_after=None
[2026-09-10T21:20:48.805+0000] {processor.py:208} INFO - Processing /opt/airflow/dags/01_load_csv.py took 0.100 seconds
