[2026-09-10T02:40:47.146+0000] {processor.py:186} INFO - Started process (PID=196) to work on /opt/airflow/dags/02_sql_transform.py
[2026-09-10T02:40:47.147+0000] {processor.py:914} INFO - Processing file /opt/airflow/dags/02_sql_transform.py for tasks to queue
[2026-09-10T02:40:47.152+0000] {logging_mixin.py:190} INFO - [2026-09-10T02:40:47.151+0000] {dagbag.py:588} INFO - Filling up the DagBag from /opt/airflow/dags/02_sql_transform.py
[2026-09-10T02:40:47.165+0000] {processor.py:925} INFO - DAG(s) '02_sql_transform' retrieved from /opt/airflow/dags/02_sql_transform.py
[2026-09-10T02:40:47.608+0000] {logging_mixin.py:190} INFO - [2026-09-10T02:40:47.607+0000] {override.py:1911} INFO - Created Permission View: can edit on DAG:02_sql_transform
[2026-09-10T02:40:47.703+0000] {logging_mixin.py:190} INFO - [2026-09-10T02:40:47.703+0000] {override.py:1911} INFO - Created Permission View: can delete on DAG:02_sql_transform
[2026-09-10T02:40:47.712+0000] {logging_mixin.py:190} INFO - [2026-09-10T02:40:47.711+0000] {override.py:1911} INFO - Created Permission View: can read on DAG:02_sql_transform
[2026-09-10T02:40:47.724+0000] {logging_mixin.py:190} INFO - [2026-09-10T02:40:47.723+0000] {override.py:1911} INFO - Created Permission View: can create on DAG Run:02_sql_transform
[2026-09-10T02:40:47.734+0000] {logging_mixin.py:190} INFO - [2026-09-10T02:40:47.733+0000] {override.py:1911} INFO - Created Permission View: menu access on DAG Run:02_sql_transform
[2026-09-10T02:40:47.746+0000] {logging_mixin.py:190} INFO - [2026-09-10T02:40:47.746+0000] {override.py:1911} INFO - Created Permission View: can delete on DAG Run:02_sql_transform
[2026-09-10T02:40:48.394+0000] {logging_mixin.py:190} INFO - [2026-09-10T02:40:48.393+0000] {override.py:1911} INFO - Created Permission View: can read on DAG Run:02_sql_transform
[2026-09-10T02:40:48.394+0000] {logging_mixin.py:190} INFO - [2026-09-10T02:40:48.394+0000] {dag.py:3239} INFO - Sync 1 DAGs
[2026-09-10T02:40:48.717+0000] {logging_mixin.py:190} INFO - [2026-09-10T02:40:48.717+0000] {dag.py:3262} INFO - Creating ORM DAG for 02_sql_transform
[2026-09-10T02:40:48.718+0000] {logging_mixin.py:190} INFO - [2026-09-10T02:40:48.718+0000] {dag.py:4180} INFO - Setting next_dagrun for 02_sql_transform to None, run_after=None
[2026-09-10T02:40:48.746+0000] {processor.py:208} INFO - Processing /opt/airflow/dags/02_sql_transform.py took 1.611 seconds
[2026-09-10T02:41:18.796+0000] {processor.py:186} INFO - Started process (PID=243) to work on /opt/airflow/dags/02_sql_transform.py
[2026-09-10T02:41:18.798+0000] {processor.py:914} INFO - Processing file /opt/airflow/dags/02_sql_transform.py for tasks to queue
[2026-09-10T02:41:18.802+0000] {logging_mixin.py:190} INFO - [2026-09-10T02:41:18.802+0000] {dagbag.py:588} INFO - Filling up the DagBag from /opt/airflow/dags/02_sql_transform.py
[2026-09-10T02:41:18.818+0000] {processor.py:925} INFO - DAG(s) '02_sql_transform' retrieved from /opt/airflow/dags/02_sql_transform.py
[2026-09-10T02:41:18.860+0000] {logging_mixin.py:190} INFO - [2026-09-10T02:41:18.860+0000] {dag.py:3239} INFO - Sync 1 DAGs
[2026-09-10T02:41:18.881+0000] {logging_mixin.py:190} INFO - [2026-09-10T02:41:18.881+0000] {dag.py:4180} INFO - Setting next_dagrun for 02_sql_transform to None, run_after=None
[2026-09-10T02:41:18.903+0000] {processor.py:208} INFO - Processing /opt/airflow/dags/02_sql_transform.py took 0.117 seconds
[2026-09-10T02:41:49.708+0000] {processor.py:186} INFO - Started process (PID=296) to work on /opt/airflow/dags/02_sql_transform.py
[2026-09-10T02:41:49.709+0000] {processor.py:914} INFO - Processing file /opt/airflow/dags/02_sql_transform.py for tasks to queue
[2026-09-10T02:41:49.711+0000] {logging_mixin.py:190} INFO - [2026-09-10T02:41:49.711+0000] {dagbag.py:588} INFO - Filling up the DagBag from /opt/airflow/dags/02_sql_transform.py
[2026-09-10T02:41:49.722+0000] {processor.py:925} INFO - DAG(s) '02_sql_transform' retrieved from /opt/airflow/dags/02_sql_transform.py
[2026-09-10T02:41:49.759+0000] {logging_mixin.py:190} INFO - [2026-09-10T02:41:49.759+0000] {dag.py:3239} INFO - Sync 1 DAGs
[2026-09-10T02:41:49.775+0000] {logging_mixin.py:190} INFO - [2026-09-10T02:41:49.774+0000] {dag.py:4180} INFO - Setting next_dagrun for 02_sql_transform to None, run_after=None
[2026-09-10T02:41:49.794+0000] {processor.py:208} INFO - Processing /opt/airflow/dags/02_sql_transform.py took 0.093 seconds
[2026-09-10T02:42:20.043+0000] {processor.py:186} INFO - Started process (PID=346) to work on /opt/airflow/dags/02_sql_transform.py
[2026-09-10T02:42:20.045+0000] {processor.py:914} INFO - Processing file /opt/airflow/dags/02_sql_transform.py for tasks to queue
[2026-09-10T02:42:20.047+0000] {logging_mixin.py:190} INFO - [2026-09-10T02:42:20.047+0000] {dagbag.py:588} INFO - Filling up the DagBag from /opt/airflow/dags/02_sql_transform.py
[2026-09-10T02:42:20.057+0000] {processor.py:925} INFO - DAG(s) '02_sql_transform' retrieved from /opt/airflow/dags/02_sql_transform.py
[2026-09-10T02:42:20.094+0000] {logging_mixin.py:190} INFO - [2026-09-10T02:42:20.094+0000] {dag.py:3239} INFO - Sync 1 DAGs
[2026-09-10T02:42:20.113+0000] {logging_mixin.py:190} INFO - [2026-09-10T02:42:20.112+0000] {dag.py:4180} INFO - Setting next_dagrun for 02_sql_transform to None, run_after=None
[2026-09-10T02:42:20.135+0000] {processor.py:208} INFO - Processing /opt/airflow/dags/02_sql_transform.py took 0.099 seconds
[2026-09-10T02:42:51.033+0000] {processor.py:186} INFO - Started process (PID=396) to work on /opt/airflow/dags/02_sql_transform.py
[2026-09-10T02:42:51.034+0000] {processor.py:914} INFO - Processing file /opt/airflow/dags/02_sql_transform.py for tasks to queue
[2026-09-10T02:42:51.037+0000] {logging_mixin.py:190} INFO - [2026-09-10T02:42:51.036+0000] {dagbag.py:588} INFO - Filling up the DagBag from /opt/airflow/dags/02_sql_transform.py
[2026-09-10T02:42:51.058+0000] {processor.py:925} INFO - DAG(s) '02_sql_transform' retrieved from /opt/airflow/dags/02_sql_transform.py
[2026-09-10T02:42:51.254+0000] {logging_mixin.py:190} INFO - [2026-09-10T02:42:51.253+0000] {dag.py:3239} INFO - Sync 1 DAGs
[2026-09-10T02:42:51.295+0000] {logging_mixin.py:190} INFO - [2026-09-10T02:42:51.295+0000] {dag.py:4180} INFO - Setting next_dagrun for 02_sql_transform to None, run_after=None
[2026-09-10T02:42:51.329+0000] {processor.py:208} INFO - Processing /opt/airflow/dags/02_sql_transform.py took 0.310 seconds
[2026-09-10T02:43:21.934+0000] {processor.py:186} INFO - Started process (PID=449) to work on /opt/airflow/dags/02_sql_transform.py
[2026-09-10T02:43:21.939+0000] {processor.py:914} INFO - Processing file /opt/airflow/dags/02_sql_transform.py for tasks to queue
[2026-09-10T02:43:21.946+0000] {logging_mixin.py:190} INFO - [2026-09-10T02:43:21.946+0000] {dagbag.py:588} INFO - Filling up the DagBag from /opt/airflow/dags/02_sql_transform.py
[2026-09-10T02:43:21.962+0000] {processor.py:925} INFO - DAG(s) '02_sql_transform' retrieved from /opt/airflow/dags/02_sql_transform.py
[2026-09-10T02:43:22.022+0000] {logging_mixin.py:190} INFO - [2026-09-10T02:43:22.021+0000] {dag.py:3239} INFO - Sync 1 DAGs
[2026-09-10T02:43:22.045+0000] {logging_mixin.py:190} INFO - [2026-09-10T02:43:22.045+0000] {dag.py:4180} INFO - Setting next_dagrun for 02_sql_transform to None, run_after=None
[2026-09-10T02:43:22.085+0000] {processor.py:208} INFO - Processing /opt/airflow/dags/02_sql_transform.py took 0.161 seconds
[2026-09-10T02:43:52.350+0000] {processor.py:186} INFO - Started process (PID=499) to work on /opt/airflow/dags/02_sql_transform.py
[2026-09-10T02:43:52.351+0000] {processor.py:914} INFO - Processing file /opt/airflow/dags/02_sql_transform.py for tasks to queue
[2026-09-10T02:43:52.354+0000] {logging_mixin.py:190} INFO - [2026-09-10T02:43:52.354+0000] {dagbag.py:588} INFO - Filling up the DagBag from /opt/airflow/dags/02_sql_transform.py
[2026-09-10T02:43:52.365+0000] {processor.py:925} INFO - DAG(s) '02_sql_transform' retrieved from /opt/airflow/dags/02_sql_transform.py
[2026-09-10T02:43:52.425+0000] {logging_mixin.py:190} INFO - [2026-09-10T02:43:52.425+0000] {dag.py:3239} INFO - Sync 1 DAGs
[2026-09-10T02:43:52.455+0000] {logging_mixin.py:190} INFO - [2026-09-10T02:43:52.455+0000] {dag.py:4180} INFO - Setting next_dagrun for 02_sql_transform to None, run_after=None
[2026-09-10T02:43:52.495+0000] {processor.py:208} INFO - Processing /opt/airflow/dags/02_sql_transform.py took 0.153 seconds
[2026-09-10T02:44:23.496+0000] {processor.py:186} INFO - Started process (PID=549) to work on /opt/airflow/dags/02_sql_transform.py
[2026-09-10T02:44:23.498+0000] {processor.py:914} INFO - Processing file /opt/airflow/dags/02_sql_transform.py for tasks to queue
[2026-09-10T02:44:23.500+0000] {logging_mixin.py:190} INFO - [2026-09-10T02:44:23.500+0000] {dagbag.py:588} INFO - Filling up the DagBag from /opt/airflow/dags/02_sql_transform.py
[2026-09-10T02:44:23.512+0000] {processor.py:925} INFO - DAG(s) '02_sql_transform' retrieved from /opt/airflow/dags/02_sql_transform.py
[2026-09-10T02:44:23.568+0000] {logging_mixin.py:190} INFO - [2026-09-10T02:44:23.567+0000] {dag.py:3239} INFO - Sync 1 DAGs
[2026-09-10T02:44:23.594+0000] {logging_mixin.py:190} INFO - [2026-09-10T02:44:23.593+0000] {dag.py:4180} INFO - Setting next_dagrun for 02_sql_transform to None, run_after=None
[2026-09-10T02:44:23.621+0000] {processor.py:208} INFO - Processing /opt/airflow/dags/02_sql_transform.py took 0.133 seconds
[2026-09-10T02:44:54.438+0000] {processor.py:186} INFO - Started process (PID=599) to work on /opt/airflow/dags/02_sql_transform.py
[2026-09-10T02:44:54.439+0000] {processor.py:914} INFO - Processing file /opt/airflow/dags/02_sql_transform.py for tasks to queue
[2026-09-10T02:44:54.441+0000] {logging_mixin.py:190} INFO - [2026-09-10T02:44:54.441+0000] {dagbag.py:588} INFO - Filling up the DagBag from /opt/airflow/dags/02_sql_transform.py
[2026-09-10T02:44:54.449+0000] {processor.py:925} INFO - DAG(s) '02_sql_transform' retrieved from /opt/airflow/dags/02_sql_transform.py
[2026-09-10T02:44:54.484+0000] {logging_mixin.py:190} INFO - [2026-09-10T02:44:54.484+0000] {dag.py:3239} INFO - Sync 1 DAGs
[2026-09-10T02:44:54.501+0000] {logging_mixin.py:190} INFO - [2026-09-10T02:44:54.501+0000] {dag.py:4180} INFO - Setting next_dagrun for 02_sql_transform to None, run_after=None
[2026-09-10T02:44:54.521+0000] {processor.py:208} INFO - Processing /opt/airflow/dags/02_sql_transform.py took 0.089 seconds
[2026-09-10T02:45:25.225+0000] {processor.py:186} INFO - Started process (PID=649) to work on /opt/airflow/dags/02_sql_transform.py
[2026-09-10T02:45:25.226+0000] {processor.py:914} INFO - Processing file /opt/airflow/dags/02_sql_transform.py for tasks to queue
[2026-09-10T02:45:25.229+0000] {logging_mixin.py:190} INFO - [2026-09-10T02:45:25.228+0000] {dagbag.py:588} INFO - Filling up the DagBag from /opt/airflow/dags/02_sql_transform.py
[2026-09-10T02:45:25.239+0000] {processor.py:925} INFO - DAG(s) '02_sql_transform' retrieved from /opt/airflow/dags/02_sql_transform.py
[2026-09-10T02:45:25.276+0000] {logging_mixin.py:190} INFO - [2026-09-10T02:45:25.276+0000] {dag.py:3239} INFO - Sync 1 DAGs
[2026-09-10T02:45:25.292+0000] {logging_mixin.py:190} INFO - [2026-09-10T02:45:25.292+0000] {dag.py:4180} INFO - Setting next_dagrun for 02_sql_transform to None, run_after=None
[2026-09-10T02:45:25.312+0000] {processor.py:208} INFO - Processing /opt/airflow/dags/02_sql_transform.py took 0.095 seconds
[2026-09-10T02:45:56.207+0000] {processor.py:186} INFO - Started process (PID=699) to work on /opt/airflow/dags/02_sql_transform.py
[2026-09-10T02:45:56.208+0000] {processor.py:914} INFO - Processing file /opt/airflow/dags/02_sql_transform.py for tasks to queue
[2026-09-10T02:45:56.210+0000] {logging_mixin.py:190} INFO - [2026-09-10T02:45:56.210+0000] {dagbag.py:588} INFO - Filling up the DagBag from /opt/airflow/dags/02_sql_transform.py
[2026-09-10T02:45:56.220+0000] {processor.py:925} INFO - DAG(s) '02_sql_transform' retrieved from /opt/airflow/dags/02_sql_transform.py
[2026-09-10T02:45:56.259+0000] {logging_mixin.py:190} INFO - [2026-09-10T02:45:56.259+0000] {dag.py:3239} INFO - Sync 1 DAGs
[2026-09-10T02:45:56.275+0000] {logging_mixin.py:190} INFO - [2026-09-10T02:45:56.275+0000] {dag.py:4180} INFO - Setting next_dagrun for 02_sql_transform to None, run_after=None
[2026-09-10T02:45:56.295+0000] {processor.py:208} INFO - Processing /opt/airflow/dags/02_sql_transform.py took 0.096 seconds
[2026-09-10T02:46:27.136+0000] {processor.py:186} INFO - Started process (PID=749) to work on /opt/airflow/dags/02_sql_transform.py
[2026-09-10T02:46:27.138+0000] {processor.py:914} INFO - Processing file /opt/airflow/dags/02_sql_transform.py for tasks to queue
[2026-09-10T02:46:27.141+0000] {logging_mixin.py:190} INFO - [2026-09-10T02:46:27.140+0000] {dagbag.py:588} INFO - Filling up the DagBag from /opt/airflow/dags/02_sql_transform.py
[2026-09-10T02:46:27.153+0000] {processor.py:925} INFO - DAG(s) '02_sql_transform' retrieved from /opt/airflow/dags/02_sql_transform.py
[2026-09-10T02:46:27.201+0000] {logging_mixin.py:190} INFO - [2026-09-10T02:46:27.201+0000] {dag.py:3239} INFO - Sync 1 DAGs
[2026-09-10T02:46:27.219+0000] {logging_mixin.py:190} INFO - [2026-09-10T02:46:27.219+0000] {dag.py:4180} INFO - Setting next_dagrun for 02_sql_transform to None, run_after=None
[2026-09-10T02:46:27.240+0000] {processor.py:208} INFO - Processing /opt/airflow/dags/02_sql_transform.py took 0.113 seconds
[2026-09-10T02:46:58.153+0000] {processor.py:186} INFO - Started process (PID=799) to work on /opt/airflow/dags/02_sql_transform.py
[2026-09-10T02:46:58.154+0000] {processor.py:914} INFO - Processing file /opt/airflow/dags/02_sql_transform.py for tasks to queue
[2026-09-10T02:46:58.157+0000] {logging_mixin.py:190} INFO - [2026-09-10T02:46:58.157+0000] {dagbag.py:588} INFO - Filling up the DagBag from /opt/airflow/dags/02_sql_transform.py
[2026-09-10T02:46:58.168+0000] {processor.py:925} INFO - DAG(s) '02_sql_transform' retrieved from /opt/airflow/dags/02_sql_transform.py
[2026-09-10T02:46:58.213+0000] {logging_mixin.py:190} INFO - [2026-09-10T02:46:58.213+0000] {dag.py:3239} INFO - Sync 1 DAGs
[2026-09-10T02:46:58.230+0000] {logging_mixin.py:190} INFO - [2026-09-10T02:46:58.230+0000] {dag.py:4180} INFO - Setting next_dagrun for 02_sql_transform to None, run_after=None
[2026-09-10T02:46:58.250+0000] {processor.py:208} INFO - Processing /opt/airflow/dags/02_sql_transform.py took 0.105 seconds
[2026-09-10T02:47:28.610+0000] {processor.py:186} INFO - Started process (PID=849) to work on /opt/airflow/dags/02_sql_transform.py
[2026-09-10T02:47:28.611+0000] {processor.py:914} INFO - Processing file /opt/airflow/dags/02_sql_transform.py for tasks to queue
[2026-09-10T02:47:28.615+0000] {logging_mixin.py:190} INFO - [2026-09-10T02:47:28.614+0000] {dagbag.py:588} INFO - Filling up the DagBag from /opt/airflow/dags/02_sql_transform.py
[2026-09-10T02:47:28.627+0000] {processor.py:925} INFO - DAG(s) '02_sql_transform' retrieved from /opt/airflow/dags/02_sql_transform.py
[2026-09-10T02:47:28.677+0000] {logging_mixin.py:190} INFO - [2026-09-10T02:47:28.676+0000] {dag.py:3239} INFO - Sync 1 DAGs
[2026-09-10T02:47:28.708+0000] {logging_mixin.py:190} INFO - [2026-09-10T02:47:28.708+0000] {dag.py:4180} INFO - Setting next_dagrun for 02_sql_transform to None, run_after=None
[2026-09-10T02:47:28.740+0000] {processor.py:208} INFO - Processing /opt/airflow/dags/02_sql_transform.py took 0.140 seconds
[2026-09-10T02:47:58.869+0000] {processor.py:186} INFO - Started process (PID=896) to work on /opt/airflow/dags/02_sql_transform.py
[2026-09-10T02:47:58.872+0000] {processor.py:914} INFO - Processing file /opt/airflow/dags/02_sql_transform.py for tasks to queue
[2026-09-10T02:47:58.878+0000] {logging_mixin.py:190} INFO - [2026-09-10T02:47:58.877+0000] {dagbag.py:588} INFO - Filling up the DagBag from /opt/airflow/dags/02_sql_transform.py
[2026-09-10T02:47:58.893+0000] {processor.py:925} INFO - DAG(s) '02_sql_transform' retrieved from /opt/airflow/dags/02_sql_transform.py
[2026-09-10T02:47:58.936+0000] {logging_mixin.py:190} INFO - [2026-09-10T02:47:58.935+0000] {dag.py:3239} INFO - Sync 1 DAGs
[2026-09-10T02:47:58.951+0000] {logging_mixin.py:190} INFO - [2026-09-10T02:47:58.951+0000] {dag.py:4180} INFO - Setting next_dagrun for 02_sql_transform to None, run_after=None
[2026-09-10T02:47:58.969+0000] {processor.py:208} INFO - Processing /opt/airflow/dags/02_sql_transform.py took 0.111 seconds
[2026-09-10T02:48:29.089+0000] {processor.py:186} INFO - Started process (PID=944) to work on /opt/airflow/dags/02_sql_transform.py
[2026-09-10T02:48:29.092+0000] {processor.py:914} INFO - Processing file /opt/airflow/dags/02_sql_transform.py for tasks to queue
[2026-09-10T02:48:29.100+0000] {logging_mixin.py:190} INFO - [2026-09-10T02:48:29.099+0000] {dagbag.py:588} INFO - Filling up the DagBag from /opt/airflow/dags/02_sql_transform.py
[2026-09-10T02:48:29.120+0000] {processor.py:925} INFO - DAG(s) '02_sql_transform' retrieved from /opt/airflow/dags/02_sql_transform.py
[2026-09-10T02:48:29.213+0000] {logging_mixin.py:190} INFO - [2026-09-10T02:48:29.212+0000] {dag.py:3239} INFO - Sync 1 DAGs
[2026-09-10T02:48:29.598+0000] {logging_mixin.py:190} INFO - [2026-09-10T02:48:29.598+0000] {dag.py:4180} INFO - Setting next_dagrun for 02_sql_transform to None, run_after=None
[2026-09-10T02:48:29.638+0000] {processor.py:208} INFO - Processing /opt/airflow/dags/02_sql_transform.py took 0.566 seconds
[2026-09-10T02:49:00.510+0000] {processor.py:186} INFO - Started process (PID=1001) to work on /opt/airflow/dags/02_sql_transform.py
[2026-09-10T02:49:00.512+0000] {processor.py:914} INFO - Processing file /opt/airflow/dags/02_sql_transform.py for tasks to queue
[2026-09-10T02:49:00.515+0000] {logging_mixin.py:190} INFO - [2026-09-10T02:49:00.515+0000] {dagbag.py:588} INFO - Filling up the DagBag from /opt/airflow/dags/02_sql_transform.py
[2026-09-10T02:49:00.530+0000] {processor.py:925} INFO - DAG(s) '02_sql_transform' retrieved from /opt/airflow/dags/02_sql_transform.py
[2026-09-10T02:49:00.569+0000] {logging_mixin.py:190} INFO - [2026-09-10T02:49:00.569+0000] {dag.py:3239} INFO - Sync 1 DAGs
[2026-09-10T02:49:00.589+0000] {logging_mixin.py:190} INFO - [2026-09-10T02:49:00.588+0000] {dag.py:4180} INFO - Setting next_dagrun for 02_sql_transform to None, run_after=None
[2026-09-10T02:49:00.612+0000] {processor.py:208} INFO - Processing /opt/airflow/dags/02_sql_transform.py took 0.114 seconds
[2026-09-10T02:49:31.384+0000] {processor.py:186} INFO - Started process (PID=1051) to work on /opt/airflow/dags/02_sql_transform.py
[2026-09-10T02:49:31.386+0000] {processor.py:914} INFO - Processing file /opt/airflow/dags/02_sql_transform.py for tasks to queue
[2026-09-10T02:49:31.388+0000] {logging_mixin.py:190} INFO - [2026-09-10T02:49:31.388+0000] {dagbag.py:588} INFO - Filling up the DagBag from /opt/airflow/dags/02_sql_transform.py
[2026-09-10T02:49:31.398+0000] {processor.py:925} INFO - DAG(s) '02_sql_transform' retrieved from /opt/airflow/dags/02_sql_transform.py
[2026-09-10T02:49:31.656+0000] {logging_mixin.py:190} INFO - [2026-09-10T02:49:31.656+0000] {dag.py:3239} INFO - Sync 1 DAGs
[2026-09-10T02:49:31.669+0000] {logging_mixin.py:190} INFO - [2026-09-10T02:49:31.669+0000] {dag.py:4180} INFO - Setting next_dagrun for 02_sql_transform to None, run_after=None
[2026-09-10T02:49:31.686+0000] {processor.py:208} INFO - Processing /opt/airflow/dags/02_sql_transform.py took 0.309 seconds
[2026-09-10T02:50:02.672+0000] {processor.py:186} INFO - Started process (PID=1101) to work on /opt/airflow/dags/02_sql_transform.py
[2026-09-10T02:50:02.673+0000] {processor.py:914} INFO - Processing file /opt/airflow/dags/02_sql_transform.py for tasks to queue
[2026-09-10T02:50:02.677+0000] {logging_mixin.py:190} INFO - [2026-09-10T02:50:02.676+0000] {dagbag.py:588} INFO - Filling up the DagBag from /opt/airflow/dags/02_sql_transform.py
[2026-09-10T02:50:02.688+0000] {processor.py:925} INFO - DAG(s) '02_sql_transform' retrieved from /opt/airflow/dags/02_sql_transform.py
[2026-09-10T02:50:02.728+0000] {logging_mixin.py:190} INFO - [2026-09-10T02:50:02.728+0000] {dag.py:3239} INFO - Sync 1 DAGs
[2026-09-10T02:50:02.746+0000] {logging_mixin.py:190} INFO - [2026-09-10T02:50:02.746+0000] {dag.py:4180} INFO - Setting next_dagrun for 02_sql_transform to None, run_after=None
[2026-09-10T02:50:02.778+0000] {processor.py:208} INFO - Processing /opt/airflow/dags/02_sql_transform.py took 0.117 seconds
[2026-09-10T02:50:33.070+0000] {processor.py:186} INFO - Started process (PID=1151) to work on /opt/airflow/dags/02_sql_transform.py
[2026-09-10T02:50:33.072+0000] {processor.py:914} INFO - Processing file /opt/airflow/dags/02_sql_transform.py for tasks to queue
[2026-09-10T02:50:33.076+0000] {logging_mixin.py:190} INFO - [2026-09-10T02:50:33.075+0000] {dagbag.py:588} INFO - Filling up the DagBag from /opt/airflow/dags/02_sql_transform.py
[2026-09-10T02:50:33.089+0000] {processor.py:925} INFO - DAG(s) '02_sql_transform' retrieved from /opt/airflow/dags/02_sql_transform.py
[2026-09-10T02:50:33.338+0000] {logging_mixin.py:190} INFO - [2026-09-10T02:50:33.338+0000] {dag.py:3239} INFO - Sync 1 DAGs
[2026-09-10T02:50:33.351+0000] {logging_mixin.py:190} INFO - [2026-09-10T02:50:33.351+0000] {dag.py:4180} INFO - Setting next_dagrun for 02_sql_transform to None, run_after=None
[2026-09-10T02:50:33.373+0000] {processor.py:208} INFO - Processing /opt/airflow/dags/02_sql_transform.py took 0.314 seconds
[2026-09-10T02:51:04.139+0000] {processor.py:186} INFO - Started process (PID=1201) to work on /opt/airflow/dags/02_sql_transform.py
[2026-09-10T02:51:04.140+0000] {processor.py:914} INFO - Processing file /opt/airflow/dags/02_sql_transform.py for tasks to queue
[2026-09-10T02:51:04.143+0000] {logging_mixin.py:190} INFO - [2026-09-10T02:51:04.143+0000] {dagbag.py:588} INFO - Filling up the DagBag from /opt/airflow/dags/02_sql_transform.py
[2026-09-10T02:51:04.155+0000] {processor.py:925} INFO - DAG(s) '02_sql_transform' retrieved from /opt/airflow/dags/02_sql_transform.py
[2026-09-10T02:51:04.195+0000] {logging_mixin.py:190} INFO - [2026-09-10T02:51:04.194+0000] {dag.py:3239} INFO - Sync 1 DAGs
[2026-09-10T02:51:04.212+0000] {logging_mixin.py:190} INFO - [2026-09-10T02:51:04.212+0000] {dag.py:4180} INFO - Setting next_dagrun for 02_sql_transform to None, run_after=None
[2026-09-10T02:51:04.231+0000] {processor.py:208} INFO - Processing /opt/airflow/dags/02_sql_transform.py took 0.101 seconds
[2026-09-10T02:51:35.138+0000] {processor.py:186} INFO - Started process (PID=1249) to work on /opt/airflow/dags/02_sql_transform.py
[2026-09-10T02:51:35.140+0000] {processor.py:914} INFO - Processing file /opt/airflow/dags/02_sql_transform.py for tasks to queue
[2026-09-10T02:51:35.147+0000] {logging_mixin.py:190} INFO - [2026-09-10T02:51:35.147+0000] {dagbag.py:588} INFO - Filling up the DagBag from /opt/airflow/dags/02_sql_transform.py
[2026-09-10T02:51:35.167+0000] {processor.py:925} INFO - DAG(s) '02_sql_transform' retrieved from /opt/airflow/dags/02_sql_transform.py
[2026-09-10T02:51:35.479+0000] {logging_mixin.py:190} INFO - [2026-09-10T02:51:35.479+0000] {dag.py:3239} INFO - Sync 1 DAGs
[2026-09-10T02:51:35.496+0000] {logging_mixin.py:190} INFO - [2026-09-10T02:51:35.496+0000] {dag.py:4180} INFO - Setting next_dagrun for 02_sql_transform to None, run_after=None
[2026-09-10T02:51:35.522+0000] {processor.py:208} INFO - Processing /opt/airflow/dags/02_sql_transform.py took 0.395 seconds
[2026-09-10T02:52:06.008+0000] {processor.py:186} INFO - Started process (PID=1306) to work on /opt/airflow/dags/02_sql_transform.py
[2026-09-10T02:52:06.016+0000] {processor.py:914} INFO - Processing file /opt/airflow/dags/02_sql_transform.py for tasks to queue
[2026-09-10T02:52:06.025+0000] {logging_mixin.py:190} INFO - [2026-09-10T02:52:06.024+0000] {dagbag.py:588} INFO - Filling up the DagBag from /opt/airflow/dags/02_sql_transform.py
[2026-09-10T02:52:06.069+0000] {processor.py:925} INFO - DAG(s) '02_sql_transform' retrieved from /opt/airflow/dags/02_sql_transform.py
[2026-09-10T02:52:06.189+0000] {logging_mixin.py:190} INFO - [2026-09-10T02:52:06.189+0000] {dag.py:3239} INFO - Sync 1 DAGs
[2026-09-10T02:52:06.216+0000] {logging_mixin.py:190} INFO - [2026-09-10T02:52:06.216+0000] {dag.py:4180} INFO - Setting next_dagrun for 02_sql_transform to None, run_after=None
[2026-09-10T02:52:06.254+0000] {processor.py:208} INFO - Processing /opt/airflow/dags/02_sql_transform.py took 0.277 seconds
[2026-09-10T02:52:37.011+0000] {processor.py:186} INFO - Started process (PID=1358) to work on /opt/airflow/dags/02_sql_transform.py
[2026-09-10T02:52:37.013+0000] {processor.py:914} INFO - Processing file /opt/airflow/dags/02_sql_transform.py for tasks to queue
[2026-09-10T02:52:37.017+0000] {logging_mixin.py:190} INFO - [2026-09-10T02:52:37.017+0000] {dagbag.py:588} INFO - Filling up the DagBag from /opt/airflow/dags/02_sql_transform.py
[2026-09-10T02:52:37.029+0000] {processor.py:925} INFO - DAG(s) '02_sql_transform' retrieved from /opt/airflow/dags/02_sql_transform.py
[2026-09-10T02:52:37.301+0000] {logging_mixin.py:190} INFO - [2026-09-10T02:52:37.301+0000] {dag.py:3239} INFO - Sync 1 DAGs
[2026-09-10T02:52:37.314+0000] {logging_mixin.py:190} INFO - [2026-09-10T02:52:37.314+0000] {dag.py:4180} INFO - Setting next_dagrun for 02_sql_transform to None, run_after=None
[2026-09-10T02:52:37.334+0000] {processor.py:208} INFO - Processing /opt/airflow/dags/02_sql_transform.py took 0.335 seconds
[2026-09-10T02:53:07.485+0000] {processor.py:186} INFO - Started process (PID=1408) to work on /opt/airflow/dags/02_sql_transform.py
[2026-09-10T02:53:07.486+0000] {processor.py:914} INFO - Processing file /opt/airflow/dags/02_sql_transform.py for tasks to queue
[2026-09-10T02:53:07.489+0000] {logging_mixin.py:190} INFO - [2026-09-10T02:53:07.489+0000] {dagbag.py:588} INFO - Filling up the DagBag from /opt/airflow/dags/02_sql_transform.py
[2026-09-10T02:53:07.500+0000] {processor.py:925} INFO - DAG(s) '02_sql_transform' retrieved from /opt/airflow/dags/02_sql_transform.py
[2026-09-10T02:53:07.541+0000] {logging_mixin.py:190} INFO - [2026-09-10T02:53:07.541+0000] {dag.py:3239} INFO - Sync 1 DAGs
[2026-09-10T02:53:07.557+0000] {logging_mixin.py:190} INFO - [2026-09-10T02:53:07.557+0000] {dag.py:4180} INFO - Setting next_dagrun for 02_sql_transform to None, run_after=None
[2026-09-10T02:53:07.578+0000] {processor.py:208} INFO - Processing /opt/airflow/dags/02_sql_transform.py took 0.101 seconds
[2026-09-10T02:53:39.206+0000] {processor.py:186} INFO - Started process (PID=1460) to work on /opt/airflow/dags/02_sql_transform.py
[2026-09-10T02:53:39.208+0000] {processor.py:914} INFO - Processing file /opt/airflow/dags/02_sql_transform.py for tasks to queue
[2026-09-10T02:53:39.210+0000] {logging_mixin.py:190} INFO - [2026-09-10T02:53:39.210+0000] {dagbag.py:588} INFO - Filling up the DagBag from /opt/airflow/dags/02_sql_transform.py
[2026-09-10T02:53:39.220+0000] {processor.py:925} INFO - DAG(s) '02_sql_transform' retrieved from /opt/airflow/dags/02_sql_transform.py
[2026-09-10T02:53:39.435+0000] {logging_mixin.py:190} INFO - [2026-09-10T02:53:39.434+0000] {dag.py:3239} INFO - Sync 1 DAGs
[2026-09-10T02:53:39.446+0000] {logging_mixin.py:190} INFO - [2026-09-10T02:53:39.446+0000] {dag.py:4180} INFO - Setting next_dagrun for 02_sql_transform to None, run_after=None
[2026-09-10T02:53:39.462+0000] {processor.py:208} INFO - Processing /opt/airflow/dags/02_sql_transform.py took 0.264 seconds
[2026-09-10T02:54:09.769+0000] {processor.py:186} INFO - Started process (PID=1510) to work on /opt/airflow/dags/02_sql_transform.py
[2026-09-10T02:54:09.770+0000] {processor.py:914} INFO - Processing file /opt/airflow/dags/02_sql_transform.py for tasks to queue
[2026-09-10T02:54:09.773+0000] {logging_mixin.py:190} INFO - [2026-09-10T02:54:09.773+0000] {dagbag.py:588} INFO - Filling up the DagBag from /opt/airflow/dags/02_sql_transform.py
[2026-09-10T02:54:09.784+0000] {processor.py:925} INFO - DAG(s) '02_sql_transform' retrieved from /opt/airflow/dags/02_sql_transform.py
[2026-09-10T02:54:09.823+0000] {logging_mixin.py:190} INFO - [2026-09-10T02:54:09.823+0000] {dag.py:3239} INFO - Sync 1 DAGs
[2026-09-10T02:54:09.845+0000] {logging_mixin.py:190} INFO - [2026-09-10T02:54:09.845+0000] {dag.py:4180} INFO - Setting next_dagrun for 02_sql_transform to None, run_after=None
[2026-09-10T02:54:09.868+0000] {processor.py:208} INFO - Processing /opt/airflow/dags/02_sql_transform.py took 0.106 seconds
[2026-09-10T02:54:40.681+0000] {processor.py:186} INFO - Started process (PID=1560) to work on /opt/airflow/dags/02_sql_transform.py
[2026-09-10T02:54:40.682+0000] {processor.py:914} INFO - Processing file /opt/airflow/dags/02_sql_transform.py for tasks to queue
[2026-09-10T02:54:40.685+0000] {logging_mixin.py:190} INFO - [2026-09-10T02:54:40.685+0000] {dagbag.py:588} INFO - Filling up the DagBag from /opt/airflow/dags/02_sql_transform.py
[2026-09-10T02:54:40.695+0000] {processor.py:925} INFO - DAG(s) '02_sql_transform' retrieved from /opt/airflow/dags/02_sql_transform.py
[2026-09-10T02:54:40.905+0000] {logging_mixin.py:190} INFO - [2026-09-10T02:54:40.904+0000] {dag.py:3239} INFO - Sync 1 DAGs
[2026-09-10T02:54:40.916+0000] {logging_mixin.py:190} INFO - [2026-09-10T02:54:40.916+0000] {dag.py:4180} INFO - Setting next_dagrun for 02_sql_transform to None, run_after=None
[2026-09-10T02:54:40.933+0000] {processor.py:208} INFO - Processing /opt/airflow/dags/02_sql_transform.py took 0.263 seconds
[2026-09-10T02:55:11.117+0000] {processor.py:186} INFO - Started process (PID=1610) to work on /opt/airflow/dags/02_sql_transform.py
[2026-09-10T02:55:11.118+0000] {processor.py:914} INFO - Processing file /opt/airflow/dags/02_sql_transform.py for tasks to queue
[2026-09-10T02:55:11.120+0000] {logging_mixin.py:190} INFO - [2026-09-10T02:55:11.119+0000] {dagbag.py:588} INFO - Filling up the DagBag from /opt/airflow/dags/02_sql_transform.py
[2026-09-10T02:55:11.127+0000] {processor.py:925} INFO - DAG(s) '02_sql_transform' retrieved from /opt/airflow/dags/02_sql_transform.py
[2026-09-10T02:55:11.160+0000] {logging_mixin.py:190} INFO - [2026-09-10T02:55:11.160+0000] {dag.py:3239} INFO - Sync 1 DAGs
[2026-09-10T02:55:11.175+0000] {logging_mixin.py:190} INFO - [2026-09-10T02:55:11.174+0000] {dag.py:4180} INFO - Setting next_dagrun for 02_sql_transform to None, run_after=None
[2026-09-10T02:55:11.193+0000] {processor.py:208} INFO - Processing /opt/airflow/dags/02_sql_transform.py took 0.083 seconds
[2026-09-10T02:55:42.084+0000] {processor.py:186} INFO - Started process (PID=1660) to work on /opt/airflow/dags/02_sql_transform.py
[2026-09-10T02:55:42.086+0000] {processor.py:914} INFO - Processing file /opt/airflow/dags/02_sql_transform.py for tasks to queue
[2026-09-10T02:55:42.088+0000] {logging_mixin.py:190} INFO - [2026-09-10T02:55:42.088+0000] {dagbag.py:588} INFO - Filling up the DagBag from /opt/airflow/dags/02_sql_transform.py
[2026-09-10T02:55:42.099+0000] {processor.py:925} INFO - DAG(s) '02_sql_transform' retrieved from /opt/airflow/dags/02_sql_transform.py
[2026-09-10T02:55:42.136+0000] {logging_mixin.py:190} INFO - [2026-09-10T02:55:42.135+0000] {dag.py:3239} INFO - Sync 1 DAGs
[2026-09-10T02:55:42.151+0000] {logging_mixin.py:190} INFO - [2026-09-10T02:55:42.151+0000] {dag.py:4180} INFO - Setting next_dagrun for 02_sql_transform to None, run_after=None
[2026-09-10T02:55:42.170+0000] {processor.py:208} INFO - Processing /opt/airflow/dags/02_sql_transform.py took 0.093 seconds
[2026-09-10T02:56:13.059+0000] {processor.py:186} INFO - Started process (PID=1710) to work on /opt/airflow/dags/02_sql_transform.py
[2026-09-10T02:56:13.059+0000] {processor.py:914} INFO - Processing file /opt/airflow/dags/02_sql_transform.py for tasks to queue
[2026-09-10T02:56:13.062+0000] {logging_mixin.py:190} INFO - [2026-09-10T02:56:13.062+0000] {dagbag.py:588} INFO - Filling up the DagBag from /opt/airflow/dags/02_sql_transform.py
[2026-09-10T02:56:13.071+0000] {processor.py:925} INFO - DAG(s) '02_sql_transform' retrieved from /opt/airflow/dags/02_sql_transform.py
[2026-09-10T02:56:13.104+0000] {logging_mixin.py:190} INFO - [2026-09-10T02:56:13.104+0000] {dag.py:3239} INFO - Sync 1 DAGs
[2026-09-10T02:56:13.120+0000] {logging_mixin.py:190} INFO - [2026-09-10T02:56:13.120+0000] {dag.py:4180} INFO - Setting next_dagrun for 02_sql_transform to None, run_after=None
[2026-09-10T02:56:13.138+0000] {processor.py:208} INFO - Processing /opt/airflow/dags/02_sql_transform.py took 0.087 seconds
[2026-09-10T02:56:43.881+0000] {processor.py:186} INFO - Started process (PID=1760) to work on /opt/airflow/dags/02_sql_transform.py
[2026-09-10T02:56:43.883+0000] {processor.py:914} INFO - Processing file /opt/airflow/dags/02_sql_transform.py for tasks to queue
[2026-09-10T02:56:43.885+0000] {logging_mixin.py:190} INFO - [2026-09-10T02:56:43.884+0000] {dagbag.py:588} INFO - Filling up the DagBag from /opt/airflow/dags/02_sql_transform.py
[2026-09-10T02:56:43.893+0000] {processor.py:925} INFO - DAG(s) '02_sql_transform' retrieved from /opt/airflow/dags/02_sql_transform.py
[2026-09-10T02:56:43.926+0000] {logging_mixin.py:190} INFO - [2026-09-10T02:56:43.925+0000] {dag.py:3239} INFO - Sync 1 DAGs
[2026-09-10T02:56:43.941+0000] {logging_mixin.py:190} INFO - [2026-09-10T02:56:43.940+0000] {dag.py:4180} INFO - Setting next_dagrun for 02_sql_transform to None, run_after=None
[2026-09-10T02:56:43.959+0000] {processor.py:208} INFO - Processing /opt/airflow/dags/02_sql_transform.py took 0.084 seconds
[2026-09-10T02:57:14.838+0000] {processor.py:186} INFO - Started process (PID=1810) to work on /opt/airflow/dags/02_sql_transform.py
[2026-09-10T02:57:14.839+0000] {processor.py:914} INFO - Processing file /opt/airflow/dags/02_sql_transform.py for tasks to queue
[2026-09-10T02:57:14.842+0000] {logging_mixin.py:190} INFO - [2026-09-10T02:57:14.842+0000] {dagbag.py:588} INFO - Filling up the DagBag from /opt/airflow/dags/02_sql_transform.py
[2026-09-10T02:57:14.852+0000] {processor.py:925} INFO - DAG(s) '02_sql_transform' retrieved from /opt/airflow/dags/02_sql_transform.py
[2026-09-10T02:57:14.890+0000] {logging_mixin.py:190} INFO - [2026-09-10T02:57:14.890+0000] {dag.py:3239} INFO - Sync 1 DAGs
[2026-09-10T02:57:14.906+0000] {logging_mixin.py:190} INFO - [2026-09-10T02:57:14.906+0000] {dag.py:4180} INFO - Setting next_dagrun for 02_sql_transform to None, run_after=None
[2026-09-10T02:57:14.924+0000] {processor.py:208} INFO - Processing /opt/airflow/dags/02_sql_transform.py took 0.094 seconds
[2026-09-10T02:57:45.681+0000] {processor.py:186} INFO - Started process (PID=1859) to work on /opt/airflow/dags/02_sql_transform.py
[2026-09-10T02:57:45.683+0000] {processor.py:914} INFO - Processing file /opt/airflow/dags/02_sql_transform.py for tasks to queue
[2026-09-10T02:57:45.686+0000] {logging_mixin.py:190} INFO - [2026-09-10T02:57:45.686+0000] {dagbag.py:588} INFO - Filling up the DagBag from /opt/airflow/dags/02_sql_transform.py
[2026-09-10T02:57:45.702+0000] {processor.py:925} INFO - DAG(s) '02_sql_transform' retrieved from /opt/airflow/dags/02_sql_transform.py
[2026-09-10T02:57:45.745+0000] {logging_mixin.py:190} INFO - [2026-09-10T02:57:45.745+0000] {dag.py:3239} INFO - Sync 1 DAGs
[2026-09-10T02:57:45.764+0000] {logging_mixin.py:190} INFO - [2026-09-10T02:57:45.764+0000] {dag.py:4180} INFO - Setting next_dagrun for 02_sql_transform to None, run_after=None
[2026-09-10T02:57:45.788+0000] {processor.py:208} INFO - Processing /opt/airflow/dags/02_sql_transform.py took 0.120 seconds
[2026-09-10T02:58:16.693+0000] {processor.py:186} INFO - Started process (PID=1908) to work on /opt/airflow/dags/02_sql_transform.py
[2026-09-10T02:58:16.695+0000] {processor.py:914} INFO - Processing file /opt/airflow/dags/02_sql_transform.py for tasks to queue
[2026-09-10T02:58:16.700+0000] {logging_mixin.py:190} INFO - [2026-09-10T02:58:16.700+0000] {dagbag.py:588} INFO - Filling up the DagBag from /opt/airflow/dags/02_sql_transform.py
[2026-09-10T02:58:16.716+0000] {processor.py:925} INFO - DAG(s) '02_sql_transform' retrieved from /opt/airflow/dags/02_sql_transform.py
[2026-09-10T02:58:16.770+0000] {logging_mixin.py:190} INFO - [2026-09-10T02:58:16.769+0000] {dag.py:3239} INFO - Sync 1 DAGs
[2026-09-10T02:58:16.791+0000] {logging_mixin.py:190} INFO - [2026-09-10T02:58:16.791+0000] {dag.py:4180} INFO - Setting next_dagrun for 02_sql_transform to None, run_after=None
[2026-09-10T02:58:16.817+0000] {processor.py:208} INFO - Processing /opt/airflow/dags/02_sql_transform.py took 0.136 seconds
[2026-09-10T02:58:47.840+0000] {processor.py:186} INFO - Started process (PID=1958) to work on /opt/airflow/dags/02_sql_transform.py
[2026-09-10T02:58:47.841+0000] {processor.py:914} INFO - Processing file /opt/airflow/dags/02_sql_transform.py for tasks to queue
[2026-09-10T02:58:47.843+0000] {logging_mixin.py:190} INFO - [2026-09-10T02:58:47.843+0000] {dagbag.py:588} INFO - Filling up the DagBag from /opt/airflow/dags/02_sql_transform.py
[2026-09-10T02:58:47.852+0000] {processor.py:925} INFO - DAG(s) '02_sql_transform' retrieved from /opt/airflow/dags/02_sql_transform.py
[2026-09-10T02:58:47.889+0000] {logging_mixin.py:190} INFO - [2026-09-10T02:58:47.888+0000] {dag.py:3239} INFO - Sync 1 DAGs
[2026-09-10T02:58:47.906+0000] {logging_mixin.py:190} INFO - [2026-09-10T02:58:47.906+0000] {dag.py:4180} INFO - Setting next_dagrun for 02_sql_transform to None, run_after=None
[2026-09-10T02:58:47.927+0000] {processor.py:208} INFO - Processing /opt/airflow/dags/02_sql_transform.py took 0.100 seconds
[2026-09-10T02:59:18.668+0000] {processor.py:186} INFO - Started process (PID=2008) to work on /opt/airflow/dags/02_sql_transform.py
[2026-09-10T02:59:18.669+0000] {processor.py:914} INFO - Processing file /opt/airflow/dags/02_sql_transform.py for tasks to queue
[2026-09-10T02:59:18.672+0000] {logging_mixin.py:190} INFO - [2026-09-10T02:59:18.672+0000] {dagbag.py:588} INFO - Filling up the DagBag from /opt/airflow/dags/02_sql_transform.py
[2026-09-10T02:59:18.684+0000] {processor.py:925} INFO - DAG(s) '02_sql_transform' retrieved from /opt/airflow/dags/02_sql_transform.py
[2026-09-10T02:59:18.728+0000] {logging_mixin.py:190} INFO - [2026-09-10T02:59:18.727+0000] {dag.py:3239} INFO - Sync 1 DAGs
[2026-09-10T02:59:18.746+0000] {logging_mixin.py:190} INFO - [2026-09-10T02:59:18.746+0000] {dag.py:4180} INFO - Setting next_dagrun for 02_sql_transform to None, run_after=None
[2026-09-10T02:59:18.765+0000] {processor.py:208} INFO - Processing /opt/airflow/dags/02_sql_transform.py took 0.107 seconds
[2026-09-10T02:59:49.618+0000] {processor.py:186} INFO - Started process (PID=2058) to work on /opt/airflow/dags/02_sql_transform.py
[2026-09-10T02:59:49.620+0000] {processor.py:914} INFO - Processing file /opt/airflow/dags/02_sql_transform.py for tasks to queue
[2026-09-10T02:59:49.625+0000] {logging_mixin.py:190} INFO - [2026-09-10T02:59:49.624+0000] {dagbag.py:588} INFO - Filling up the DagBag from /opt/airflow/dags/02_sql_transform.py
[2026-09-10T02:59:49.641+0000] {processor.py:925} INFO - DAG(s) '02_sql_transform' retrieved from /opt/airflow/dags/02_sql_transform.py
[2026-09-10T02:59:49.686+0000] {logging_mixin.py:190} INFO - [2026-09-10T02:59:49.685+0000] {dag.py:3239} INFO - Sync 1 DAGs
[2026-09-10T02:59:49.702+0000] {logging_mixin.py:190} INFO - [2026-09-10T02:59:49.702+0000] {dag.py:4180} INFO - Setting next_dagrun for 02_sql_transform to None, run_after=None
[2026-09-10T02:59:49.721+0000] {processor.py:208} INFO - Processing /opt/airflow/dags/02_sql_transform.py took 0.115 seconds
[2026-09-10T03:00:20.449+0000] {processor.py:186} INFO - Started process (PID=2108) to work on /opt/airflow/dags/02_sql_transform.py
[2026-09-10T03:00:20.450+0000] {processor.py:914} INFO - Processing file /opt/airflow/dags/02_sql_transform.py for tasks to queue
[2026-09-10T03:00:20.453+0000] {logging_mixin.py:190} INFO - [2026-09-10T03:00:20.453+0000] {dagbag.py:588} INFO - Filling up the DagBag from /opt/airflow/dags/02_sql_transform.py
[2026-09-10T03:00:20.464+0000] {processor.py:925} INFO - DAG(s) '02_sql_transform' retrieved from /opt/airflow/dags/02_sql_transform.py
[2026-09-10T03:00:20.501+0000] {logging_mixin.py:190} INFO - [2026-09-10T03:00:20.501+0000] {dag.py:3239} INFO - Sync 1 DAGs
[2026-09-10T03:00:20.519+0000] {logging_mixin.py:190} INFO - [2026-09-10T03:00:20.518+0000] {dag.py:4180} INFO - Setting next_dagrun for 02_sql_transform to None, run_after=None
[2026-09-10T03:00:20.539+0000] {processor.py:208} INFO - Processing /opt/airflow/dags/02_sql_transform.py took 0.098 seconds
[2026-09-10T03:00:51.262+0000] {processor.py:186} INFO - Started process (PID=2158) to work on /opt/airflow/dags/02_sql_transform.py
[2026-09-10T03:00:51.263+0000] {processor.py:914} INFO - Processing file /opt/airflow/dags/02_sql_transform.py for tasks to queue
[2026-09-10T03:00:51.266+0000] {logging_mixin.py:190} INFO - [2026-09-10T03:00:51.266+0000] {dagbag.py:588} INFO - Filling up the DagBag from /opt/airflow/dags/02_sql_transform.py
[2026-09-10T03:00:51.276+0000] {processor.py:925} INFO - DAG(s) '02_sql_transform' retrieved from /opt/airflow/dags/02_sql_transform.py
[2026-09-10T03:00:51.316+0000] {logging_mixin.py:190} INFO - [2026-09-10T03:00:51.316+0000] {dag.py:3239} INFO - Sync 1 DAGs
[2026-09-10T03:00:51.332+0000] {logging_mixin.py:190} INFO - [2026-09-10T03:00:51.332+0000] {dag.py:4180} INFO - Setting next_dagrun for 02_sql_transform to None, run_after=None
[2026-09-10T03:00:51.357+0000] {processor.py:208} INFO - Processing /opt/airflow/dags/02_sql_transform.py took 0.104 seconds
[2026-09-10T03:01:21.426+0000] {processor.py:186} INFO - Started process (PID=2208) to work on /opt/airflow/dags/02_sql_transform.py
[2026-09-10T03:01:21.427+0000] {processor.py:914} INFO - Processing file /opt/airflow/dags/02_sql_transform.py for tasks to queue
[2026-09-10T03:01:21.431+0000] {logging_mixin.py:190} INFO - [2026-09-10T03:01:21.430+0000] {dagbag.py:588} INFO - Filling up the DagBag from /opt/airflow/dags/02_sql_transform.py
[2026-09-10T03:01:21.451+0000] {processor.py:925} INFO - DAG(s) '02_sql_transform' retrieved from /opt/airflow/dags/02_sql_transform.py
[2026-09-10T03:01:21.504+0000] {logging_mixin.py:190} INFO - [2026-09-10T03:01:21.503+0000] {dag.py:3239} INFO - Sync 1 DAGs
[2026-09-10T03:01:21.525+0000] {logging_mixin.py:190} INFO - [2026-09-10T03:01:21.524+0000] {dag.py:4180} INFO - Setting next_dagrun for 02_sql_transform to None, run_after=None
[2026-09-10T03:01:21.549+0000] {processor.py:208} INFO - Processing /opt/airflow/dags/02_sql_transform.py took 0.132 seconds
[2026-09-10T03:01:52.279+0000] {processor.py:186} INFO - Started process (PID=2258) to work on /opt/airflow/dags/02_sql_transform.py
[2026-09-10T03:01:52.281+0000] {processor.py:914} INFO - Processing file /opt/airflow/dags/02_sql_transform.py for tasks to queue
[2026-09-10T03:01:52.284+0000] {logging_mixin.py:190} INFO - [2026-09-10T03:01:52.283+0000] {dagbag.py:588} INFO - Filling up the DagBag from /opt/airflow/dags/02_sql_transform.py
[2026-09-10T03:01:52.294+0000] {processor.py:925} INFO - DAG(s) '02_sql_transform' retrieved from /opt/airflow/dags/02_sql_transform.py
[2026-09-10T03:01:52.332+0000] {logging_mixin.py:190} INFO - [2026-09-10T03:01:52.332+0000] {dag.py:3239} INFO - Sync 1 DAGs
[2026-09-10T03:01:52.350+0000] {logging_mixin.py:190} INFO - [2026-09-10T03:01:52.350+0000] {dag.py:4180} INFO - Setting next_dagrun for 02_sql_transform to None, run_after=None
[2026-09-10T03:01:52.371+0000] {processor.py:208} INFO - Processing /opt/airflow/dags/02_sql_transform.py took 0.100 seconds
[2026-09-10T03:02:23.296+0000] {processor.py:186} INFO - Started process (PID=2310) to work on /opt/airflow/dags/02_sql_transform.py
[2026-09-10T03:02:23.296+0000] {processor.py:914} INFO - Processing file /opt/airflow/dags/02_sql_transform.py for tasks to queue
[2026-09-10T03:02:23.298+0000] {logging_mixin.py:190} INFO - [2026-09-10T03:02:23.298+0000] {dagbag.py:588} INFO - Filling up the DagBag from /opt/airflow/dags/02_sql_transform.py
[2026-09-10T03:02:23.307+0000] {processor.py:925} INFO - DAG(s) '02_sql_transform' retrieved from /opt/airflow/dags/02_sql_transform.py
[2026-09-10T03:02:23.340+0000] {logging_mixin.py:190} INFO - [2026-09-10T03:02:23.339+0000] {dag.py:3239} INFO - Sync 1 DAGs
[2026-09-10T03:02:23.355+0000] {logging_mixin.py:190} INFO - [2026-09-10T03:02:23.354+0000] {dag.py:4180} INFO - Setting next_dagrun for 02_sql_transform to None, run_after=None
[2026-09-10T03:02:23.372+0000] {processor.py:208} INFO - Processing /opt/airflow/dags/02_sql_transform.py took 0.083 seconds
[2026-09-10T03:02:54.244+0000] {processor.py:186} INFO - Started process (PID=2358) to work on /opt/airflow/dags/02_sql_transform.py
[2026-09-10T03:02:54.245+0000] {processor.py:914} INFO - Processing file /opt/airflow/dags/02_sql_transform.py for tasks to queue
[2026-09-10T03:02:54.248+0000] {logging_mixin.py:190} INFO - [2026-09-10T03:02:54.248+0000] {dagbag.py:588} INFO - Filling up the DagBag from /opt/airflow/dags/02_sql_transform.py
[2026-09-10T03:02:54.259+0000] {processor.py:925} INFO - DAG(s) '02_sql_transform' retrieved from /opt/airflow/dags/02_sql_transform.py
[2026-09-10T03:02:54.300+0000] {logging_mixin.py:190} INFO - [2026-09-10T03:02:54.300+0000] {dag.py:3239} INFO - Sync 1 DAGs
[2026-09-10T03:02:54.316+0000] {logging_mixin.py:190} INFO - [2026-09-10T03:02:54.316+0000] {dag.py:4180} INFO - Setting next_dagrun for 02_sql_transform to None, run_after=None
[2026-09-10T03:02:54.337+0000] {processor.py:208} INFO - Processing /opt/airflow/dags/02_sql_transform.py took 0.102 seconds
[2026-09-10T03:03:25.106+0000] {processor.py:186} INFO - Started process (PID=2408) to work on /opt/airflow/dags/02_sql_transform.py
[2026-09-10T03:03:25.107+0000] {processor.py:914} INFO - Processing file /opt/airflow/dags/02_sql_transform.py for tasks to queue
[2026-09-10T03:03:25.110+0000] {logging_mixin.py:190} INFO - [2026-09-10T03:03:25.109+0000] {dagbag.py:588} INFO - Filling up the DagBag from /opt/airflow/dags/02_sql_transform.py
[2026-09-10T03:03:25.118+0000] {processor.py:925} INFO - DAG(s) '02_sql_transform' retrieved from /opt/airflow/dags/02_sql_transform.py
[2026-09-10T03:03:25.155+0000] {logging_mixin.py:190} INFO - [2026-09-10T03:03:25.154+0000] {dag.py:3239} INFO - Sync 1 DAGs
[2026-09-10T03:03:25.171+0000] {logging_mixin.py:190} INFO - [2026-09-10T03:03:25.171+0000] {dag.py:4180} INFO - Setting next_dagrun for 02_sql_transform to None, run_after=None
[2026-09-10T03:03:25.190+0000] {processor.py:208} INFO - Processing /opt/airflow/dags/02_sql_transform.py took 0.090 seconds
[2026-09-10T03:03:56.063+0000] {processor.py:186} INFO - Started process (PID=2458) to work on /opt/airflow/dags/02_sql_transform.py
[2026-09-10T03:03:56.065+0000] {processor.py:914} INFO - Processing file /opt/airflow/dags/02_sql_transform.py for tasks to queue
[2026-09-10T03:03:56.068+0000] {logging_mixin.py:190} INFO - [2026-09-10T03:03:56.067+0000] {dagbag.py:588} INFO - Filling up the DagBag from /opt/airflow/dags/02_sql_transform.py
[2026-09-10T03:03:56.078+0000] {processor.py:925} INFO - DAG(s) '02_sql_transform' retrieved from /opt/airflow/dags/02_sql_transform.py
[2026-09-10T03:03:56.119+0000] {logging_mixin.py:190} INFO - [2026-09-10T03:03:56.118+0000] {dag.py:3239} INFO - Sync 1 DAGs
[2026-09-10T03:03:56.135+0000] {logging_mixin.py:190} INFO - [2026-09-10T03:03:56.135+0000] {dag.py:4180} INFO - Setting next_dagrun for 02_sql_transform to None, run_after=None
[2026-09-10T03:03:56.154+0000] {processor.py:208} INFO - Processing /opt/airflow/dags/02_sql_transform.py took 0.099 seconds
[2026-09-10T03:04:27.065+0000] {processor.py:186} INFO - Started process (PID=2508) to work on /opt/airflow/dags/02_sql_transform.py
[2026-09-10T03:04:27.065+0000] {processor.py:914} INFO - Processing file /opt/airflow/dags/02_sql_transform.py for tasks to queue
[2026-09-10T03:04:27.068+0000] {logging_mixin.py:190} INFO - [2026-09-10T03:04:27.068+0000] {dagbag.py:588} INFO - Filling up the DagBag from /opt/airflow/dags/02_sql_transform.py
[2026-09-10T03:04:27.081+0000] {processor.py:925} INFO - DAG(s) '02_sql_transform' retrieved from /opt/airflow/dags/02_sql_transform.py
[2026-09-10T03:04:27.131+0000] {logging_mixin.py:190} INFO - [2026-09-10T03:04:27.131+0000] {dag.py:3239} INFO - Sync 1 DAGs
[2026-09-10T03:04:27.154+0000] {logging_mixin.py:190} INFO - [2026-09-10T03:04:27.154+0000] {dag.py:4180} INFO - Setting next_dagrun for 02_sql_transform to None, run_after=None
[2026-09-10T03:04:27.179+0000] {processor.py:208} INFO - Processing /opt/airflow/dags/02_sql_transform.py took 0.122 seconds
[2026-09-10T03:04:58.070+0000] {processor.py:186} INFO - Started process (PID=2558) to work on /opt/airflow/dags/02_sql_transform.py
[2026-09-10T03:04:58.072+0000] {processor.py:914} INFO - Processing file /opt/airflow/dags/02_sql_transform.py for tasks to queue
[2026-09-10T03:04:58.075+0000] {logging_mixin.py:190} INFO - [2026-09-10T03:04:58.074+0000] {dagbag.py:588} INFO - Filling up the DagBag from /opt/airflow/dags/02_sql_transform.py
[2026-09-10T03:04:58.085+0000] {processor.py:925} INFO - DAG(s) '02_sql_transform' retrieved from /opt/airflow/dags/02_sql_transform.py
[2026-09-10T03:04:58.125+0000] {logging_mixin.py:190} INFO - [2026-09-10T03:04:58.125+0000] {dag.py:3239} INFO - Sync 1 DAGs
[2026-09-10T03:04:58.141+0000] {logging_mixin.py:190} INFO - [2026-09-10T03:04:58.141+0000] {dag.py:4180} INFO - Setting next_dagrun for 02_sql_transform to None, run_after=None
[2026-09-10T03:04:58.160+0000] {processor.py:208} INFO - Processing /opt/airflow/dags/02_sql_transform.py took 0.099 seconds
[2026-09-10T03:05:29.060+0000] {processor.py:186} INFO - Started process (PID=2608) to work on /opt/airflow/dags/02_sql_transform.py
[2026-09-10T03:05:29.061+0000] {processor.py:914} INFO - Processing file /opt/airflow/dags/02_sql_transform.py for tasks to queue
[2026-09-10T03:05:29.066+0000] {logging_mixin.py:190} INFO - [2026-09-10T03:05:29.065+0000] {dagbag.py:588} INFO - Filling up the DagBag from /opt/airflow/dags/02_sql_transform.py
[2026-09-10T03:05:29.077+0000] {processor.py:925} INFO - DAG(s) '02_sql_transform' retrieved from /opt/airflow/dags/02_sql_transform.py
[2026-09-10T03:05:29.121+0000] {logging_mixin.py:190} INFO - [2026-09-10T03:05:29.121+0000] {dag.py:3239} INFO - Sync 1 DAGs
[2026-09-10T03:05:29.137+0000] {logging_mixin.py:190} INFO - [2026-09-10T03:05:29.137+0000] {dag.py:4180} INFO - Setting next_dagrun for 02_sql_transform to None, run_after=None
[2026-09-10T03:05:29.157+0000] {processor.py:208} INFO - Processing /opt/airflow/dags/02_sql_transform.py took 0.106 seconds
[2026-09-10T03:06:00.060+0000] {processor.py:186} INFO - Started process (PID=2658) to work on /opt/airflow/dags/02_sql_transform.py
[2026-09-10T03:06:00.063+0000] {processor.py:914} INFO - Processing file /opt/airflow/dags/02_sql_transform.py for tasks to queue
[2026-09-10T03:06:00.066+0000] {logging_mixin.py:190} INFO - [2026-09-10T03:06:00.065+0000] {dagbag.py:588} INFO - Filling up the DagBag from /opt/airflow/dags/02_sql_transform.py
[2026-09-10T03:06:00.082+0000] {processor.py:925} INFO - DAG(s) '02_sql_transform' retrieved from /opt/airflow/dags/02_sql_transform.py
[2026-09-10T03:06:00.137+0000] {logging_mixin.py:190} INFO - [2026-09-10T03:06:00.136+0000] {dag.py:3239} INFO - Sync 1 DAGs
[2026-09-10T03:06:00.160+0000] {logging_mixin.py:190} INFO - [2026-09-10T03:06:00.160+0000] {dag.py:4180} INFO - Setting next_dagrun for 02_sql_transform to None, run_after=None
[2026-09-10T03:06:00.187+0000] {processor.py:208} INFO - Processing /opt/airflow/dags/02_sql_transform.py took 0.139 seconds
[2026-09-10T03:06:31.120+0000] {processor.py:186} INFO - Started process (PID=2708) to work on /opt/airflow/dags/02_sql_transform.py
[2026-09-10T03:06:31.121+0000] {processor.py:914} INFO - Processing file /opt/airflow/dags/02_sql_transform.py for tasks to queue
[2026-09-10T03:06:31.124+0000] {logging_mixin.py:190} INFO - [2026-09-10T03:06:31.123+0000] {dagbag.py:588} INFO - Filling up the DagBag from /opt/airflow/dags/02_sql_transform.py
[2026-09-10T03:06:31.135+0000] {processor.py:925} INFO - DAG(s) '02_sql_transform' retrieved from /opt/airflow/dags/02_sql_transform.py
[2026-09-10T03:06:31.175+0000] {logging_mixin.py:190} INFO - [2026-09-10T03:06:31.174+0000] {dag.py:3239} INFO - Sync 1 DAGs
[2026-09-10T03:06:31.193+0000] {logging_mixin.py:190} INFO - [2026-09-10T03:06:31.193+0000] {dag.py:4180} INFO - Setting next_dagrun for 02_sql_transform to None, run_after=None
[2026-09-10T03:06:31.217+0000] {processor.py:208} INFO - Processing /opt/airflow/dags/02_sql_transform.py took 0.109 seconds
[2026-09-10T03:07:01.984+0000] {processor.py:186} INFO - Started process (PID=2758) to work on /opt/airflow/dags/02_sql_transform.py
[2026-09-10T03:07:01.986+0000] {processor.py:914} INFO - Processing file /opt/airflow/dags/02_sql_transform.py for tasks to queue
[2026-09-10T03:07:01.988+0000] {logging_mixin.py:190} INFO - [2026-09-10T03:07:01.988+0000] {dagbag.py:588} INFO - Filling up the DagBag from /opt/airflow/dags/02_sql_transform.py
[2026-09-10T03:07:01.999+0000] {processor.py:925} INFO - DAG(s) '02_sql_transform' retrieved from /opt/airflow/dags/02_sql_transform.py
[2026-09-10T03:07:02.043+0000] {logging_mixin.py:190} INFO - [2026-09-10T03:07:02.043+0000] {dag.py:3239} INFO - Sync 1 DAGs
[2026-09-10T03:07:02.062+0000] {logging_mixin.py:190} INFO - [2026-09-10T03:07:02.062+0000] {dag.py:4180} INFO - Setting next_dagrun for 02_sql_transform to None, run_after=None
[2026-09-10T03:07:02.094+0000] {processor.py:208} INFO - Processing /opt/airflow/dags/02_sql_transform.py took 0.119 seconds
[2026-09-10T03:07:32.983+0000] {processor.py:186} INFO - Started process (PID=2811) to work on /opt/airflow/dags/02_sql_transform.py
[2026-09-10T03:07:32.984+0000] {processor.py:914} INFO - Processing file /opt/airflow/dags/02_sql_transform.py for tasks to queue
[2026-09-10T03:07:32.987+0000] {logging_mixin.py:190} INFO - [2026-09-10T03:07:32.986+0000] {dagbag.py:588} INFO - Filling up the DagBag from /opt/airflow/dags/02_sql_transform.py
[2026-09-10T03:07:33.002+0000] {processor.py:925} INFO - DAG(s) '02_sql_transform' retrieved from /opt/airflow/dags/02_sql_transform.py
[2026-09-10T03:07:33.070+0000] {logging_mixin.py:190} INFO - [2026-09-10T03:07:33.070+0000] {dag.py:3239} INFO - Sync 1 DAGs
[2026-09-10T03:07:33.101+0000] {logging_mixin.py:190} INFO - [2026-09-10T03:07:33.101+0000] {dag.py:4180} INFO - Setting next_dagrun for 02_sql_transform to None, run_after=None
[2026-09-10T03:07:33.137+0000] {processor.py:208} INFO - Processing /opt/airflow/dags/02_sql_transform.py took 0.161 seconds
[2026-09-10T03:08:03.984+0000] {processor.py:186} INFO - Started process (PID=2873) to work on /opt/airflow/dags/02_sql_transform.py
[2026-09-10T03:08:03.985+0000] {processor.py:914} INFO - Processing file /opt/airflow/dags/02_sql_transform.py for tasks to queue
[2026-09-10T03:08:03.988+0000] {logging_mixin.py:190} INFO - [2026-09-10T03:08:03.988+0000] {dagbag.py:588} INFO - Filling up the DagBag from /opt/airflow/dags/02_sql_transform.py
[2026-09-10T03:08:03.999+0000] {processor.py:925} INFO - DAG(s) '02_sql_transform' retrieved from /opt/airflow/dags/02_sql_transform.py
[2026-09-10T03:08:04.040+0000] {logging_mixin.py:190} INFO - [2026-09-10T03:08:04.039+0000] {dag.py:3239} INFO - Sync 1 DAGs
[2026-09-10T03:08:04.056+0000] {logging_mixin.py:190} INFO - [2026-09-10T03:08:04.055+0000] {dag.py:4180} INFO - Setting next_dagrun for 02_sql_transform to None, run_after=None
[2026-09-10T03:08:04.075+0000] {processor.py:208} INFO - Processing /opt/airflow/dags/02_sql_transform.py took 0.099 seconds
[2026-09-10T03:08:34.744+0000] {processor.py:186} INFO - Started process (PID=2923) to work on /opt/airflow/dags/02_sql_transform.py
[2026-09-10T03:08:34.745+0000] {processor.py:914} INFO - Processing file /opt/airflow/dags/02_sql_transform.py for tasks to queue
[2026-09-10T03:08:34.748+0000] {logging_mixin.py:190} INFO - [2026-09-10T03:08:34.748+0000] {dagbag.py:588} INFO - Filling up the DagBag from /opt/airflow/dags/02_sql_transform.py
[2026-09-10T03:08:34.761+0000] {processor.py:925} INFO - DAG(s) '02_sql_transform' retrieved from /opt/airflow/dags/02_sql_transform.py
[2026-09-10T03:08:34.809+0000] {logging_mixin.py:190} INFO - [2026-09-10T03:08:34.809+0000] {dag.py:3239} INFO - Sync 1 DAGs
[2026-09-10T03:08:34.833+0000] {logging_mixin.py:190} INFO - [2026-09-10T03:08:34.832+0000] {dag.py:4180} INFO - Setting next_dagrun for 02_sql_transform to None, run_after=None
[2026-09-10T03:08:34.872+0000] {processor.py:208} INFO - Processing /opt/airflow/dags/02_sql_transform.py took 0.139 seconds
[2026-09-10T03:09:05.011+0000] {processor.py:186} INFO - Started process (PID=2975) to work on /opt/airflow/dags/02_sql_transform.py
[2026-09-10T03:09:05.020+0000] {processor.py:914} INFO - Processing file /opt/airflow/dags/02_sql_transform.py for tasks to queue
[2026-09-10T03:09:05.023+0000] {logging_mixin.py:190} INFO - [2026-09-10T03:09:05.022+0000] {dagbag.py:588} INFO - Filling up the DagBag from /opt/airflow/dags/02_sql_transform.py
[2026-09-10T03:09:05.035+0000] {processor.py:925} INFO - DAG(s) '02_sql_transform' retrieved from /opt/airflow/dags/02_sql_transform.py
[2026-09-10T03:09:05.080+0000] {logging_mixin.py:190} INFO - [2026-09-10T03:09:05.079+0000] {dag.py:3239} INFO - Sync 1 DAGs
[2026-09-10T03:09:05.099+0000] {logging_mixin.py:190} INFO - [2026-09-10T03:09:05.099+0000] {dag.py:4180} INFO - Setting next_dagrun for 02_sql_transform to None, run_after=None
[2026-09-10T03:09:05.133+0000] {processor.py:208} INFO - Processing /opt/airflow/dags/02_sql_transform.py took 0.132 seconds
[2026-09-10T03:09:35.196+0000] {processor.py:186} INFO - Started process (PID=3034) to work on /opt/airflow/dags/02_sql_transform.py
[2026-09-10T03:09:35.197+0000] {processor.py:914} INFO - Processing file /opt/airflow/dags/02_sql_transform.py for tasks to queue
[2026-09-10T03:09:35.201+0000] {logging_mixin.py:190} INFO - [2026-09-10T03:09:35.200+0000] {dagbag.py:588} INFO - Filling up the DagBag from /opt/airflow/dags/02_sql_transform.py
[2026-09-10T03:09:35.211+0000] {processor.py:925} INFO - DAG(s) '02_sql_transform' retrieved from /opt/airflow/dags/02_sql_transform.py
[2026-09-10T03:09:35.246+0000] {logging_mixin.py:190} INFO - [2026-09-10T03:09:35.246+0000] {dag.py:3239} INFO - Sync 1 DAGs
[2026-09-10T03:09:35.261+0000] {logging_mixin.py:190} INFO - [2026-09-10T03:09:35.261+0000] {dag.py:4180} INFO - Setting next_dagrun for 02_sql_transform to None, run_after=None
[2026-09-10T03:09:35.279+0000] {processor.py:208} INFO - Processing /opt/airflow/dags/02_sql_transform.py took 0.092 seconds
[2026-09-10T03:10:05.990+0000] {processor.py:186} INFO - Started process (PID=3082) to work on /opt/airflow/dags/02_sql_transform.py
[2026-09-10T03:10:05.992+0000] {processor.py:914} INFO - Processing file /opt/airflow/dags/02_sql_transform.py for tasks to queue
[2026-09-10T03:10:05.995+0000] {logging_mixin.py:190} INFO - [2026-09-10T03:10:05.994+0000] {dagbag.py:588} INFO - Filling up the DagBag from /opt/airflow/dags/02_sql_transform.py
[2026-09-10T03:10:06.007+0000] {processor.py:925} INFO - DAG(s) '02_sql_transform' retrieved from /opt/airflow/dags/02_sql_transform.py
[2026-09-10T03:10:06.048+0000] {logging_mixin.py:190} INFO - [2026-09-10T03:10:06.048+0000] {dag.py:3239} INFO - Sync 1 DAGs
[2026-09-10T03:10:06.067+0000] {logging_mixin.py:190} INFO - [2026-09-10T03:10:06.067+0000] {dag.py:4180} INFO - Setting next_dagrun for 02_sql_transform to None, run_after=None
[2026-09-10T03:10:06.088+0000] {processor.py:208} INFO - Processing /opt/airflow/dags/02_sql_transform.py took 0.107 seconds
[2026-09-10T03:10:36.862+0000] {processor.py:186} INFO - Started process (PID=3132) to work on /opt/airflow/dags/02_sql_transform.py
[2026-09-10T03:10:36.863+0000] {processor.py:914} INFO - Processing file /opt/airflow/dags/02_sql_transform.py for tasks to queue
[2026-09-10T03:10:36.866+0000] {logging_mixin.py:190} INFO - [2026-09-10T03:10:36.865+0000] {dagbag.py:588} INFO - Filling up the DagBag from /opt/airflow/dags/02_sql_transform.py
[2026-09-10T03:10:36.876+0000] {processor.py:925} INFO - DAG(s) '02_sql_transform' retrieved from /opt/airflow/dags/02_sql_transform.py
[2026-09-10T03:10:36.916+0000] {logging_mixin.py:190} INFO - [2026-09-10T03:10:36.916+0000] {dag.py:3239} INFO - Sync 1 DAGs
[2026-09-10T03:10:36.932+0000] {logging_mixin.py:190} INFO - [2026-09-10T03:10:36.932+0000] {dag.py:4180} INFO - Setting next_dagrun for 02_sql_transform to None, run_after=None
[2026-09-10T03:10:36.951+0000] {processor.py:208} INFO - Processing /opt/airflow/dags/02_sql_transform.py took 0.098 seconds
[2026-09-10T03:11:07.718+0000] {processor.py:186} INFO - Started process (PID=3182) to work on /opt/airflow/dags/02_sql_transform.py
[2026-09-10T03:11:07.721+0000] {processor.py:914} INFO - Processing file /opt/airflow/dags/02_sql_transform.py for tasks to queue
[2026-09-10T03:11:07.724+0000] {logging_mixin.py:190} INFO - [2026-09-10T03:11:07.723+0000] {dagbag.py:588} INFO - Filling up the DagBag from /opt/airflow/dags/02_sql_transform.py
[2026-09-10T03:11:07.738+0000] {processor.py:925} INFO - DAG(s) '02_sql_transform' retrieved from /opt/airflow/dags/02_sql_transform.py
[2026-09-10T03:11:07.789+0000] {logging_mixin.py:190} INFO - [2026-09-10T03:11:07.789+0000] {dag.py:3239} INFO - Sync 1 DAGs
[2026-09-10T03:11:07.807+0000] {logging_mixin.py:190} INFO - [2026-09-10T03:11:07.807+0000] {dag.py:4180} INFO - Setting next_dagrun for 02_sql_transform to None, run_after=None
[2026-09-10T03:11:07.834+0000] {processor.py:208} INFO - Processing /opt/airflow/dags/02_sql_transform.py took 0.127 seconds
[2026-09-10T03:11:38.679+0000] {processor.py:186} INFO - Started process (PID=3232) to work on /opt/airflow/dags/02_sql_transform.py
[2026-09-10T03:11:38.680+0000] {processor.py:914} INFO - Processing file /opt/airflow/dags/02_sql_transform.py for tasks to queue
[2026-09-10T03:11:38.683+0000] {logging_mixin.py:190} INFO - [2026-09-10T03:11:38.683+0000] {dagbag.py:588} INFO - Filling up the DagBag from /opt/airflow/dags/02_sql_transform.py
[2026-09-10T03:11:38.695+0000] {processor.py:925} INFO - DAG(s) '02_sql_transform' retrieved from /opt/airflow/dags/02_sql_transform.py
[2026-09-10T03:11:38.730+0000] {logging_mixin.py:190} INFO - [2026-09-10T03:11:38.730+0000] {dag.py:3239} INFO - Sync 1 DAGs
[2026-09-10T03:11:38.746+0000] {logging_mixin.py:190} INFO - [2026-09-10T03:11:38.746+0000] {dag.py:4180} INFO - Setting next_dagrun for 02_sql_transform to None, run_after=None
[2026-09-10T03:11:38.767+0000] {processor.py:208} INFO - Processing /opt/airflow/dags/02_sql_transform.py took 0.097 seconds
[2026-09-10T03:12:09.602+0000] {processor.py:186} INFO - Started process (PID=3285) to work on /opt/airflow/dags/02_sql_transform.py
[2026-09-10T03:12:09.604+0000] {processor.py:914} INFO - Processing file /opt/airflow/dags/02_sql_transform.py for tasks to queue
[2026-09-10T03:12:09.611+0000] {logging_mixin.py:190} INFO - [2026-09-10T03:12:09.610+0000] {dagbag.py:588} INFO - Filling up the DagBag from /opt/airflow/dags/02_sql_transform.py
[2026-09-10T03:12:09.629+0000] {processor.py:925} INFO - DAG(s) '02_sql_transform' retrieved from /opt/airflow/dags/02_sql_transform.py
[2026-09-10T03:12:09.684+0000] {logging_mixin.py:190} INFO - [2026-09-10T03:12:09.684+0000] {dag.py:3239} INFO - Sync 1 DAGs
[2026-09-10T03:12:09.704+0000] {logging_mixin.py:190} INFO - [2026-09-10T03:12:09.704+0000] {dag.py:4180} INFO - Setting next_dagrun for 02_sql_transform to None, run_after=None
[2026-09-10T03:12:09.729+0000] {processor.py:208} INFO - Processing /opt/airflow/dags/02_sql_transform.py took 0.141 seconds
[2026-09-10T03:12:40.058+0000] {processor.py:186} INFO - Started process (PID=3344) to work on /opt/airflow/dags/02_sql_transform.py
[2026-09-10T03:12:40.059+0000] {processor.py:914} INFO - Processing file /opt/airflow/dags/02_sql_transform.py for tasks to queue
[2026-09-10T03:12:40.063+0000] {logging_mixin.py:190} INFO - [2026-09-10T03:12:40.062+0000] {dagbag.py:588} INFO - Filling up the DagBag from /opt/airflow/dags/02_sql_transform.py
[2026-09-10T03:12:40.080+0000] {processor.py:925} INFO - DAG(s) '02_sql_transform' retrieved from /opt/airflow/dags/02_sql_transform.py
[2026-09-10T03:12:40.128+0000] {logging_mixin.py:190} INFO - [2026-09-10T03:12:40.127+0000] {dag.py:3239} INFO - Sync 1 DAGs
[2026-09-10T03:12:40.153+0000] {logging_mixin.py:190} INFO - [2026-09-10T03:12:40.153+0000] {dag.py:4180} INFO - Setting next_dagrun for 02_sql_transform to None, run_after=None
[2026-09-10T03:12:40.177+0000] {processor.py:208} INFO - Processing /opt/airflow/dags/02_sql_transform.py took 0.127 seconds
[2026-09-10T03:13:10.877+0000] {processor.py:186} INFO - Started process (PID=3400) to work on /opt/airflow/dags/02_sql_transform.py
[2026-09-10T03:13:10.879+0000] {processor.py:914} INFO - Processing file /opt/airflow/dags/02_sql_transform.py for tasks to queue
[2026-09-10T03:13:10.883+0000] {logging_mixin.py:190} INFO - [2026-09-10T03:13:10.882+0000] {dagbag.py:588} INFO - Filling up the DagBag from /opt/airflow/dags/02_sql_transform.py
[2026-09-10T03:13:10.897+0000] {processor.py:925} INFO - DAG(s) '02_sql_transform' retrieved from /opt/airflow/dags/02_sql_transform.py
[2026-09-10T03:13:10.958+0000] {logging_mixin.py:190} INFO - [2026-09-10T03:13:10.957+0000] {dag.py:3239} INFO - Sync 1 DAGs
[2026-09-10T03:13:10.978+0000] {logging_mixin.py:190} INFO - [2026-09-10T03:13:10.977+0000] {dag.py:4180} INFO - Setting next_dagrun for 02_sql_transform to None, run_after=None
[2026-09-10T03:13:11.008+0000] {processor.py:208} INFO - Processing /opt/airflow/dags/02_sql_transform.py took 0.142 seconds
[2026-09-10T03:13:41.203+0000] {processor.py:186} INFO - Started process (PID=3450) to work on /opt/airflow/dags/02_sql_transform.py
[2026-09-10T03:13:41.204+0000] {processor.py:914} INFO - Processing file /opt/airflow/dags/02_sql_transform.py for tasks to queue
[2026-09-10T03:13:41.209+0000] {logging_mixin.py:190} INFO - [2026-09-10T03:13:41.208+0000] {dagbag.py:588} INFO - Filling up the DagBag from /opt/airflow/dags/02_sql_transform.py
[2026-09-10T03:13:41.221+0000] {processor.py:925} INFO - DAG(s) '02_sql_transform' retrieved from /opt/airflow/dags/02_sql_transform.py
[2026-09-10T03:13:41.276+0000] {logging_mixin.py:190} INFO - [2026-09-10T03:13:41.275+0000] {dag.py:3239} INFO - Sync 1 DAGs
[2026-09-10T03:13:41.305+0000] {logging_mixin.py:190} INFO - [2026-09-10T03:13:41.305+0000] {dag.py:4180} INFO - Setting next_dagrun for 02_sql_transform to None, run_after=None
[2026-09-10T03:13:41.329+0000] {processor.py:208} INFO - Processing /opt/airflow/dags/02_sql_transform.py took 0.136 seconds
[2026-09-10T03:14:11.495+0000] {processor.py:186} INFO - Started process (PID=3509) to work on /opt/airflow/dags/02_sql_transform.py
[2026-09-10T03:14:11.497+0000] {processor.py:914} INFO - Processing file /opt/airflow/dags/02_sql_transform.py for tasks to queue
[2026-09-10T03:14:11.503+0000] {logging_mixin.py:190} INFO - [2026-09-10T03:14:11.502+0000] {dagbag.py:588} INFO - Filling up the DagBag from /opt/airflow/dags/02_sql_transform.py
[2026-09-10T03:14:11.527+0000] {processor.py:925} INFO - DAG(s) '02_sql_transform' retrieved from /opt/airflow/dags/02_sql_transform.py
[2026-09-10T03:14:11.614+0000] {logging_mixin.py:190} INFO - [2026-09-10T03:14:11.613+0000] {dag.py:3239} INFO - Sync 1 DAGs
[2026-09-10T03:14:11.657+0000] {logging_mixin.py:190} INFO - [2026-09-10T03:14:11.656+0000] {dag.py:4180} INFO - Setting next_dagrun for 02_sql_transform to None, run_after=None
[2026-09-10T03:14:11.747+0000] {processor.py:208} INFO - Processing /opt/airflow/dags/02_sql_transform.py took 0.262 seconds
[2026-09-10T03:14:41.818+0000] {processor.py:186} INFO - Started process (PID=3561) to work on /opt/airflow/dags/02_sql_transform.py
[2026-09-10T03:14:41.821+0000] {processor.py:914} INFO - Processing file /opt/airflow/dags/02_sql_transform.py for tasks to queue
[2026-09-10T03:14:41.826+0000] {logging_mixin.py:190} INFO - [2026-09-10T03:14:41.826+0000] {dagbag.py:588} INFO - Filling up the DagBag from /opt/airflow/dags/02_sql_transform.py
[2026-09-10T03:14:41.850+0000] {processor.py:925} INFO - DAG(s) '02_sql_transform' retrieved from /opt/airflow/dags/02_sql_transform.py
[2026-09-10T03:14:41.916+0000] {logging_mixin.py:190} INFO - [2026-09-10T03:14:41.915+0000] {dag.py:3239} INFO - Sync 1 DAGs
[2026-09-10T03:14:41.943+0000] {logging_mixin.py:190} INFO - [2026-09-10T03:14:41.943+0000] {dag.py:4180} INFO - Setting next_dagrun for 02_sql_transform to None, run_after=None
[2026-09-10T03:14:41.979+0000] {processor.py:208} INFO - Processing /opt/airflow/dags/02_sql_transform.py took 0.172 seconds
[2026-09-10T03:15:12.218+0000] {processor.py:186} INFO - Started process (PID=3611) to work on /opt/airflow/dags/02_sql_transform.py
[2026-09-10T03:15:12.220+0000] {processor.py:914} INFO - Processing file /opt/airflow/dags/02_sql_transform.py for tasks to queue
[2026-09-10T03:15:12.222+0000] {logging_mixin.py:190} INFO - [2026-09-10T03:15:12.222+0000] {dagbag.py:588} INFO - Filling up the DagBag from /opt/airflow/dags/02_sql_transform.py
[2026-09-10T03:15:12.234+0000] {processor.py:925} INFO - DAG(s) '02_sql_transform' retrieved from /opt/airflow/dags/02_sql_transform.py
[2026-09-10T03:15:12.334+0000] {logging_mixin.py:190} INFO - [2026-09-10T03:15:12.333+0000] {dag.py:3239} INFO - Sync 1 DAGs
[2026-09-10T03:15:12.357+0000] {logging_mixin.py:190} INFO - [2026-09-10T03:15:12.357+0000] {dag.py:4180} INFO - Setting next_dagrun for 02_sql_transform to None, run_after=None
[2026-09-10T03:15:12.388+0000] {processor.py:208} INFO - Processing /opt/airflow/dags/02_sql_transform.py took 0.178 seconds
[2026-09-10T03:15:43.179+0000] {processor.py:186} INFO - Started process (PID=3661) to work on /opt/airflow/dags/02_sql_transform.py
[2026-09-10T03:15:43.180+0000] {processor.py:914} INFO - Processing file /opt/airflow/dags/02_sql_transform.py for tasks to queue
[2026-09-10T03:15:43.182+0000] {logging_mixin.py:190} INFO - [2026-09-10T03:15:43.182+0000] {dagbag.py:588} INFO - Filling up the DagBag from /opt/airflow/dags/02_sql_transform.py
[2026-09-10T03:15:43.190+0000] {processor.py:925} INFO - DAG(s) '02_sql_transform' retrieved from /opt/airflow/dags/02_sql_transform.py
[2026-09-10T03:15:43.224+0000] {logging_mixin.py:190} INFO - [2026-09-10T03:15:43.224+0000] {dag.py:3239} INFO - Sync 1 DAGs
[2026-09-10T03:15:43.239+0000] {logging_mixin.py:190} INFO - [2026-09-10T03:15:43.239+0000] {dag.py:4180} INFO - Setting next_dagrun for 02_sql_transform to None, run_after=None
[2026-09-10T03:15:43.264+0000] {processor.py:208} INFO - Processing /opt/airflow/dags/02_sql_transform.py took 0.091 seconds
[2026-09-10T03:16:14.211+0000] {processor.py:186} INFO - Started process (PID=3709) to work on /opt/airflow/dags/02_sql_transform.py
[2026-09-10T03:16:14.213+0000] {processor.py:914} INFO - Processing file /opt/airflow/dags/02_sql_transform.py for tasks to queue
[2026-09-10T03:16:14.216+0000] {logging_mixin.py:190} INFO - [2026-09-10T03:16:14.216+0000] {dagbag.py:588} INFO - Filling up the DagBag from /opt/airflow/dags/02_sql_transform.py
[2026-09-10T03:16:14.232+0000] {processor.py:925} INFO - DAG(s) '02_sql_transform' retrieved from /opt/airflow/dags/02_sql_transform.py
[2026-09-10T03:16:14.273+0000] {logging_mixin.py:190} INFO - [2026-09-10T03:16:14.273+0000] {dag.py:3239} INFO - Sync 1 DAGs
[2026-09-10T03:16:14.294+0000] {logging_mixin.py:190} INFO - [2026-09-10T03:16:14.294+0000] {dag.py:4180} INFO - Setting next_dagrun for 02_sql_transform to None, run_after=None
[2026-09-10T03:16:14.318+0000] {processor.py:208} INFO - Processing /opt/airflow/dags/02_sql_transform.py took 0.119 seconds
[2026-09-10T03:16:45.193+0000] {processor.py:186} INFO - Started process (PID=3759) to work on /opt/airflow/dags/02_sql_transform.py
[2026-09-10T03:16:45.194+0000] {processor.py:914} INFO - Processing file /opt/airflow/dags/02_sql_transform.py for tasks to queue
[2026-09-10T03:16:45.197+0000] {logging_mixin.py:190} INFO - [2026-09-10T03:16:45.196+0000] {dagbag.py:588} INFO - Filling up the DagBag from /opt/airflow/dags/02_sql_transform.py
[2026-09-10T03:16:45.207+0000] {processor.py:925} INFO - DAG(s) '02_sql_transform' retrieved from /opt/airflow/dags/02_sql_transform.py
[2026-09-10T03:16:45.246+0000] {logging_mixin.py:190} INFO - [2026-09-10T03:16:45.246+0000] {dag.py:3239} INFO - Sync 1 DAGs
[2026-09-10T03:16:45.263+0000] {logging_mixin.py:190} INFO - [2026-09-10T03:16:45.262+0000] {dag.py:4180} INFO - Setting next_dagrun for 02_sql_transform to None, run_after=None
[2026-09-10T03:16:45.282+0000] {processor.py:208} INFO - Processing /opt/airflow/dags/02_sql_transform.py took 0.097 seconds
[2026-09-10T03:17:16.182+0000] {processor.py:186} INFO - Started process (PID=3811) to work on /opt/airflow/dags/02_sql_transform.py
[2026-09-10T03:17:16.184+0000] {processor.py:914} INFO - Processing file /opt/airflow/dags/02_sql_transform.py for tasks to queue
[2026-09-10T03:17:16.186+0000] {logging_mixin.py:190} INFO - [2026-09-10T03:17:16.186+0000] {dagbag.py:588} INFO - Filling up the DagBag from /opt/airflow/dags/02_sql_transform.py
[2026-09-10T03:17:16.196+0000] {processor.py:925} INFO - DAG(s) '02_sql_transform' retrieved from /opt/airflow/dags/02_sql_transform.py
[2026-09-10T03:17:16.232+0000] {logging_mixin.py:190} INFO - [2026-09-10T03:17:16.232+0000] {dag.py:3239} INFO - Sync 1 DAGs
[2026-09-10T03:17:16.250+0000] {logging_mixin.py:190} INFO - [2026-09-10T03:17:16.250+0000] {dag.py:4180} INFO - Setting next_dagrun for 02_sql_transform to None, run_after=None
[2026-09-10T03:17:16.272+0000] {processor.py:208} INFO - Processing /opt/airflow/dags/02_sql_transform.py took 0.098 seconds
[2026-09-10T03:17:47.079+0000] {processor.py:186} INFO - Started process (PID=3859) to work on /opt/airflow/dags/02_sql_transform.py
[2026-09-10T03:17:47.080+0000] {processor.py:914} INFO - Processing file /opt/airflow/dags/02_sql_transform.py for tasks to queue
[2026-09-10T03:17:47.083+0000] {logging_mixin.py:190} INFO - [2026-09-10T03:17:47.083+0000] {dagbag.py:588} INFO - Filling up the DagBag from /opt/airflow/dags/02_sql_transform.py
[2026-09-10T03:17:47.094+0000] {processor.py:925} INFO - DAG(s) '02_sql_transform' retrieved from /opt/airflow/dags/02_sql_transform.py
[2026-09-10T03:17:47.130+0000] {logging_mixin.py:190} INFO - [2026-09-10T03:17:47.129+0000] {dag.py:3239} INFO - Sync 1 DAGs
[2026-09-10T03:17:47.146+0000] {logging_mixin.py:190} INFO - [2026-09-10T03:17:47.146+0000] {dag.py:4180} INFO - Setting next_dagrun for 02_sql_transform to None, run_after=None
[2026-09-10T03:17:47.168+0000] {processor.py:208} INFO - Processing /opt/airflow/dags/02_sql_transform.py took 0.096 seconds
[2026-09-10T03:18:18.010+0000] {processor.py:186} INFO - Started process (PID=3909) to work on /opt/airflow/dags/02_sql_transform.py
[2026-09-10T03:18:18.011+0000] {processor.py:914} INFO - Processing file /opt/airflow/dags/02_sql_transform.py for tasks to queue
[2026-09-10T03:18:18.016+0000] {logging_mixin.py:190} INFO - [2026-09-10T03:18:18.015+0000] {dagbag.py:588} INFO - Filling up the DagBag from /opt/airflow/dags/02_sql_transform.py
[2026-09-10T03:18:18.028+0000] {processor.py:925} INFO - DAG(s) '02_sql_transform' retrieved from /opt/airflow/dags/02_sql_transform.py
[2026-09-10T03:18:18.064+0000] {logging_mixin.py:190} INFO - [2026-09-10T03:18:18.064+0000] {dag.py:3239} INFO - Sync 1 DAGs
[2026-09-10T03:18:18.081+0000] {logging_mixin.py:190} INFO - [2026-09-10T03:18:18.081+0000] {dag.py:4180} INFO - Setting next_dagrun for 02_sql_transform to None, run_after=None
[2026-09-10T03:18:18.106+0000] {processor.py:208} INFO - Processing /opt/airflow/dags/02_sql_transform.py took 0.106 seconds
[2026-09-10T03:18:48.863+0000] {processor.py:186} INFO - Started process (PID=3959) to work on /opt/airflow/dags/02_sql_transform.py
[2026-09-10T03:18:48.864+0000] {processor.py:914} INFO - Processing file /opt/airflow/dags/02_sql_transform.py for tasks to queue
[2026-09-10T03:18:48.866+0000] {logging_mixin.py:190} INFO - [2026-09-10T03:18:48.866+0000] {dagbag.py:588} INFO - Filling up the DagBag from /opt/airflow/dags/02_sql_transform.py
[2026-09-10T03:18:48.875+0000] {processor.py:925} INFO - DAG(s) '02_sql_transform' retrieved from /opt/airflow/dags/02_sql_transform.py
[2026-09-10T03:18:48.912+0000] {logging_mixin.py:190} INFO - [2026-09-10T03:18:48.912+0000] {dag.py:3239} INFO - Sync 1 DAGs
[2026-09-10T03:18:48.929+0000] {logging_mixin.py:190} INFO - [2026-09-10T03:18:48.929+0000] {dag.py:4180} INFO - Setting next_dagrun for 02_sql_transform to None, run_after=None
[2026-09-10T03:18:48.950+0000] {processor.py:208} INFO - Processing /opt/airflow/dags/02_sql_transform.py took 0.093 seconds
[2026-09-10T03:19:19.689+0000] {processor.py:186} INFO - Started process (PID=4009) to work on /opt/airflow/dags/02_sql_transform.py
[2026-09-10T03:19:19.690+0000] {processor.py:914} INFO - Processing file /opt/airflow/dags/02_sql_transform.py for tasks to queue
[2026-09-10T03:19:19.693+0000] {logging_mixin.py:190} INFO - [2026-09-10T03:19:19.693+0000] {dagbag.py:588} INFO - Filling up the DagBag from /opt/airflow/dags/02_sql_transform.py
[2026-09-10T03:19:19.704+0000] {processor.py:925} INFO - DAG(s) '02_sql_transform' retrieved from /opt/airflow/dags/02_sql_transform.py
[2026-09-10T03:19:19.741+0000] {logging_mixin.py:190} INFO - [2026-09-10T03:19:19.741+0000] {dag.py:3239} INFO - Sync 1 DAGs
[2026-09-10T03:19:19.764+0000] {logging_mixin.py:190} INFO - [2026-09-10T03:19:19.764+0000] {dag.py:4180} INFO - Setting next_dagrun for 02_sql_transform to None, run_after=None
[2026-09-10T03:19:19.791+0000] {processor.py:208} INFO - Processing /opt/airflow/dags/02_sql_transform.py took 0.109 seconds
[2026-09-10T03:19:50.650+0000] {processor.py:186} INFO - Started process (PID=4059) to work on /opt/airflow/dags/02_sql_transform.py
[2026-09-10T03:19:50.651+0000] {processor.py:914} INFO - Processing file /opt/airflow/dags/02_sql_transform.py for tasks to queue
[2026-09-10T03:19:50.654+0000] {logging_mixin.py:190} INFO - [2026-09-10T03:19:50.653+0000] {dagbag.py:588} INFO - Filling up the DagBag from /opt/airflow/dags/02_sql_transform.py
[2026-09-10T03:19:50.663+0000] {processor.py:925} INFO - DAG(s) '02_sql_transform' retrieved from /opt/airflow/dags/02_sql_transform.py
[2026-09-10T03:19:50.699+0000] {logging_mixin.py:190} INFO - [2026-09-10T03:19:50.699+0000] {dag.py:3239} INFO - Sync 1 DAGs
[2026-09-10T03:19:50.715+0000] {logging_mixin.py:190} INFO - [2026-09-10T03:19:50.715+0000] {dag.py:4180} INFO - Setting next_dagrun for 02_sql_transform to None, run_after=None
[2026-09-10T03:19:50.738+0000] {processor.py:208} INFO - Processing /opt/airflow/dags/02_sql_transform.py took 0.097 seconds
[2026-09-10T03:20:21.443+0000] {processor.py:186} INFO - Started process (PID=4109) to work on /opt/airflow/dags/02_sql_transform.py
[2026-09-10T03:20:21.444+0000] {processor.py:914} INFO - Processing file /opt/airflow/dags/02_sql_transform.py for tasks to queue
[2026-09-10T03:20:21.447+0000] {logging_mixin.py:190} INFO - [2026-09-10T03:20:21.447+0000] {dagbag.py:588} INFO - Filling up the DagBag from /opt/airflow/dags/02_sql_transform.py
[2026-09-10T03:20:21.459+0000] {processor.py:925} INFO - DAG(s) '02_sql_transform' retrieved from /opt/airflow/dags/02_sql_transform.py
[2026-09-10T03:20:21.497+0000] {logging_mixin.py:190} INFO - [2026-09-10T03:20:21.497+0000] {dag.py:3239} INFO - Sync 1 DAGs
[2026-09-10T03:20:21.514+0000] {logging_mixin.py:190} INFO - [2026-09-10T03:20:21.514+0000] {dag.py:4180} INFO - Setting next_dagrun for 02_sql_transform to None, run_after=None
[2026-09-10T03:20:21.535+0000] {processor.py:208} INFO - Processing /opt/airflow/dags/02_sql_transform.py took 0.101 seconds
[2026-09-10T03:20:52.320+0000] {processor.py:186} INFO - Started process (PID=4159) to work on /opt/airflow/dags/02_sql_transform.py
[2026-09-10T03:20:52.321+0000] {processor.py:914} INFO - Processing file /opt/airflow/dags/02_sql_transform.py for tasks to queue
[2026-09-10T03:20:52.324+0000] {logging_mixin.py:190} INFO - [2026-09-10T03:20:52.324+0000] {dagbag.py:588} INFO - Filling up the DagBag from /opt/airflow/dags/02_sql_transform.py
[2026-09-10T03:20:52.336+0000] {processor.py:925} INFO - DAG(s) '02_sql_transform' retrieved from /opt/airflow/dags/02_sql_transform.py
[2026-09-10T03:20:52.373+0000] {logging_mixin.py:190} INFO - [2026-09-10T03:20:52.373+0000] {dag.py:3239} INFO - Sync 1 DAGs
[2026-09-10T03:20:52.389+0000] {logging_mixin.py:190} INFO - [2026-09-10T03:20:52.389+0000] {dag.py:4180} INFO - Setting next_dagrun for 02_sql_transform to None, run_after=None
[2026-09-10T03:20:52.411+0000] {processor.py:208} INFO - Processing /opt/airflow/dags/02_sql_transform.py took 0.099 seconds
[2026-09-10T03:21:23.190+0000] {processor.py:186} INFO - Started process (PID=4209) to work on /opt/airflow/dags/02_sql_transform.py
[2026-09-10T03:21:23.191+0000] {processor.py:914} INFO - Processing file /opt/airflow/dags/02_sql_transform.py for tasks to queue
[2026-09-10T03:21:23.194+0000] {logging_mixin.py:190} INFO - [2026-09-10T03:21:23.194+0000] {dagbag.py:588} INFO - Filling up the DagBag from /opt/airflow/dags/02_sql_transform.py
[2026-09-10T03:21:23.208+0000] {processor.py:925} INFO - DAG(s) '02_sql_transform' retrieved from /opt/airflow/dags/02_sql_transform.py
[2026-09-10T03:21:23.250+0000] {logging_mixin.py:190} INFO - [2026-09-10T03:21:23.249+0000] {dag.py:3239} INFO - Sync 1 DAGs
[2026-09-10T03:21:23.267+0000] {logging_mixin.py:190} INFO - [2026-09-10T03:21:23.267+0000] {dag.py:4180} INFO - Setting next_dagrun for 02_sql_transform to None, run_after=None
[2026-09-10T03:21:23.287+0000] {processor.py:208} INFO - Processing /opt/airflow/dags/02_sql_transform.py took 0.105 seconds
[2026-09-10T03:21:54.057+0000] {processor.py:186} INFO - Started process (PID=4259) to work on /opt/airflow/dags/02_sql_transform.py
[2026-09-10T03:21:54.058+0000] {processor.py:914} INFO - Processing file /opt/airflow/dags/02_sql_transform.py for tasks to queue
[2026-09-10T03:21:54.061+0000] {logging_mixin.py:190} INFO - [2026-09-10T03:21:54.061+0000] {dagbag.py:588} INFO - Filling up the DagBag from /opt/airflow/dags/02_sql_transform.py
[2026-09-10T03:21:54.072+0000] {processor.py:925} INFO - DAG(s) '02_sql_transform' retrieved from /opt/airflow/dags/02_sql_transform.py
[2026-09-10T03:21:54.111+0000] {logging_mixin.py:190} INFO - [2026-09-10T03:21:54.111+0000] {dag.py:3239} INFO - Sync 1 DAGs
[2026-09-10T03:21:54.128+0000] {logging_mixin.py:190} INFO - [2026-09-10T03:21:54.128+0000] {dag.py:4180} INFO - Setting next_dagrun for 02_sql_transform to None, run_after=None
[2026-09-10T03:21:54.148+0000] {processor.py:208} INFO - Processing /opt/airflow/dags/02_sql_transform.py took 0.099 seconds
[2026-09-10T03:22:24.887+0000] {processor.py:186} INFO - Started process (PID=4309) to work on /opt/airflow/dags/02_sql_transform.py
[2026-09-10T03:22:24.889+0000] {processor.py:914} INFO - Processing file /opt/airflow/dags/02_sql_transform.py for tasks to queue
[2026-09-10T03:22:24.892+0000] {logging_mixin.py:190} INFO - [2026-09-10T03:22:24.891+0000] {dagbag.py:588} INFO - Filling up the DagBag from /opt/airflow/dags/02_sql_transform.py
[2026-09-10T03:22:24.904+0000] {processor.py:925} INFO - DAG(s) '02_sql_transform' retrieved from /opt/airflow/dags/02_sql_transform.py
[2026-09-10T03:22:24.945+0000] {logging_mixin.py:190} INFO - [2026-09-10T03:22:24.945+0000] {dag.py:3239} INFO - Sync 1 DAGs
[2026-09-10T03:22:24.962+0000] {logging_mixin.py:190} INFO - [2026-09-10T03:22:24.962+0000] {dag.py:4180} INFO - Setting next_dagrun for 02_sql_transform to None, run_after=None
[2026-09-10T03:22:24.982+0000] {processor.py:208} INFO - Processing /opt/airflow/dags/02_sql_transform.py took 0.104 seconds
[2026-09-10T03:22:55.715+0000] {processor.py:186} INFO - Started process (PID=4359) to work on /opt/airflow/dags/02_sql_transform.py
[2026-09-10T03:22:55.716+0000] {processor.py:914} INFO - Processing file /opt/airflow/dags/02_sql_transform.py for tasks to queue
[2026-09-10T03:22:55.719+0000] {logging_mixin.py:190} INFO - [2026-09-10T03:22:55.719+0000] {dagbag.py:588} INFO - Filling up the DagBag from /opt/airflow/dags/02_sql_transform.py
[2026-09-10T03:22:55.731+0000] {processor.py:925} INFO - DAG(s) '02_sql_transform' retrieved from /opt/airflow/dags/02_sql_transform.py
[2026-09-10T03:22:55.768+0000] {logging_mixin.py:190} INFO - [2026-09-10T03:22:55.768+0000] {dag.py:3239} INFO - Sync 1 DAGs
[2026-09-10T03:22:55.785+0000] {logging_mixin.py:190} INFO - [2026-09-10T03:22:55.784+0000] {dag.py:4180} INFO - Setting next_dagrun for 02_sql_transform to None, run_after=None
[2026-09-10T03:22:55.805+0000] {processor.py:208} INFO - Processing /opt/airflow/dags/02_sql_transform.py took 0.098 seconds
[2026-09-10T03:23:26.641+0000] {processor.py:186} INFO - Started process (PID=4409) to work on /opt/airflow/dags/02_sql_transform.py
[2026-09-10T03:23:26.642+0000] {processor.py:914} INFO - Processing file /opt/airflow/dags/02_sql_transform.py for tasks to queue
[2026-09-10T03:23:26.645+0000] {logging_mixin.py:190} INFO - [2026-09-10T03:23:26.644+0000] {dagbag.py:588} INFO - Filling up the DagBag from /opt/airflow/dags/02_sql_transform.py
[2026-09-10T03:23:26.656+0000] {processor.py:925} INFO - DAG(s) '02_sql_transform' retrieved from /opt/airflow/dags/02_sql_transform.py
[2026-09-10T03:23:26.693+0000] {logging_mixin.py:190} INFO - [2026-09-10T03:23:26.693+0000] {dag.py:3239} INFO - Sync 1 DAGs
[2026-09-10T03:23:26.712+0000] {logging_mixin.py:190} INFO - [2026-09-10T03:23:26.712+0000] {dag.py:4180} INFO - Setting next_dagrun for 02_sql_transform to None, run_after=None
[2026-09-10T03:23:26.735+0000] {processor.py:208} INFO - Processing /opt/airflow/dags/02_sql_transform.py took 0.103 seconds
[2026-09-10T03:23:57.568+0000] {processor.py:186} INFO - Started process (PID=4459) to work on /opt/airflow/dags/02_sql_transform.py
[2026-09-10T03:23:57.569+0000] {processor.py:914} INFO - Processing file /opt/airflow/dags/02_sql_transform.py for tasks to queue
[2026-09-10T03:23:57.573+0000] {logging_mixin.py:190} INFO - [2026-09-10T03:23:57.572+0000] {dagbag.py:588} INFO - Filling up the DagBag from /opt/airflow/dags/02_sql_transform.py
[2026-09-10T03:23:57.584+0000] {processor.py:925} INFO - DAG(s) '02_sql_transform' retrieved from /opt/airflow/dags/02_sql_transform.py
[2026-09-10T03:23:57.629+0000] {logging_mixin.py:190} INFO - [2026-09-10T03:23:57.629+0000] {dag.py:3239} INFO - Sync 1 DAGs
[2026-09-10T03:23:57.651+0000] {logging_mixin.py:190} INFO - [2026-09-10T03:23:57.650+0000] {dag.py:4180} INFO - Setting next_dagrun for 02_sql_transform to None, run_after=None
[2026-09-10T03:23:57.682+0000] {processor.py:208} INFO - Processing /opt/airflow/dags/02_sql_transform.py took 0.122 seconds
[2026-09-10T03:24:28.361+0000] {processor.py:186} INFO - Started process (PID=4509) to work on /opt/airflow/dags/02_sql_transform.py
[2026-09-10T03:24:28.362+0000] {processor.py:914} INFO - Processing file /opt/airflow/dags/02_sql_transform.py for tasks to queue
[2026-09-10T03:24:28.365+0000] {logging_mixin.py:190} INFO - [2026-09-10T03:24:28.365+0000] {dagbag.py:588} INFO - Filling up the DagBag from /opt/airflow/dags/02_sql_transform.py
[2026-09-10T03:24:28.377+0000] {processor.py:925} INFO - DAG(s) '02_sql_transform' retrieved from /opt/airflow/dags/02_sql_transform.py
[2026-09-10T03:24:28.420+0000] {logging_mixin.py:190} INFO - [2026-09-10T03:24:28.420+0000] {dag.py:3239} INFO - Sync 1 DAGs
[2026-09-10T03:24:28.437+0000] {logging_mixin.py:190} INFO - [2026-09-10T03:24:28.436+0000] {dag.py:4180} INFO - Setting next_dagrun for 02_sql_transform to None, run_after=None
[2026-09-10T03:24:28.456+0000] {processor.py:208} INFO - Processing /opt/airflow/dags/02_sql_transform.py took 0.104 seconds
[2026-09-10T03:24:59.321+0000] {processor.py:186} INFO - Started process (PID=4559) to work on /opt/airflow/dags/02_sql_transform.py
[2026-09-10T03:24:59.323+0000] {processor.py:914} INFO - Processing file /opt/airflow/dags/02_sql_transform.py for tasks to queue
[2026-09-10T03:24:59.326+0000] {logging_mixin.py:190} INFO - [2026-09-10T03:24:59.325+0000] {dagbag.py:588} INFO - Filling up the DagBag from /opt/airflow/dags/02_sql_transform.py
[2026-09-10T03:24:59.337+0000] {processor.py:925} INFO - DAG(s) '02_sql_transform' retrieved from /opt/airflow/dags/02_sql_transform.py
[2026-09-10T03:24:59.382+0000] {logging_mixin.py:190} INFO - [2026-09-10T03:24:59.381+0000] {dag.py:3239} INFO - Sync 1 DAGs
[2026-09-10T03:24:59.401+0000] {logging_mixin.py:190} INFO - [2026-09-10T03:24:59.401+0000] {dag.py:4180} INFO - Setting next_dagrun for 02_sql_transform to None, run_after=None
[2026-09-10T03:24:59.424+0000] {processor.py:208} INFO - Processing /opt/airflow/dags/02_sql_transform.py took 0.112 seconds
[2026-09-10T03:25:30.478+0000] {processor.py:186} INFO - Started process (PID=4609) to work on /opt/airflow/dags/02_sql_transform.py
[2026-09-10T03:25:30.480+0000] {processor.py:914} INFO - Processing file /opt/airflow/dags/02_sql_transform.py for tasks to queue
[2026-09-10T03:25:30.485+0000] {logging_mixin.py:190} INFO - [2026-09-10T03:25:30.484+0000] {dagbag.py:588} INFO - Filling up the DagBag from /opt/airflow/dags/02_sql_transform.py
[2026-09-10T03:25:30.503+0000] {processor.py:925} INFO - DAG(s) '02_sql_transform' retrieved from /opt/airflow/dags/02_sql_transform.py
[2026-09-10T03:25:30.556+0000] {logging_mixin.py:190} INFO - [2026-09-10T03:25:30.555+0000] {dag.py:3239} INFO - Sync 1 DAGs
[2026-09-10T03:25:30.579+0000] {logging_mixin.py:190} INFO - [2026-09-10T03:25:30.579+0000] {dag.py:4180} INFO - Setting next_dagrun for 02_sql_transform to None, run_after=None
[2026-09-10T03:25:30.604+0000] {processor.py:208} INFO - Processing /opt/airflow/dags/02_sql_transform.py took 0.144 seconds
[2026-09-10T03:26:00.747+0000] {processor.py:186} INFO - Started process (PID=4659) to work on /opt/airflow/dags/02_sql_transform.py
[2026-09-10T03:26:00.749+0000] {processor.py:914} INFO - Processing file /opt/airflow/dags/02_sql_transform.py for tasks to queue
[2026-09-10T03:26:00.753+0000] {logging_mixin.py:190} INFO - [2026-09-10T03:26:00.752+0000] {dagbag.py:588} INFO - Filling up the DagBag from /opt/airflow/dags/02_sql_transform.py
[2026-09-10T03:26:00.764+0000] {processor.py:925} INFO - DAG(s) '02_sql_transform' retrieved from /opt/airflow/dags/02_sql_transform.py
[2026-09-10T03:26:00.812+0000] {logging_mixin.py:190} INFO - [2026-09-10T03:26:00.812+0000] {dag.py:3239} INFO - Sync 1 DAGs
[2026-09-10T03:26:00.842+0000] {logging_mixin.py:190} INFO - [2026-09-10T03:26:00.842+0000] {dag.py:4180} INFO - Setting next_dagrun for 02_sql_transform to None, run_after=None
[2026-09-10T03:26:00.871+0000] {processor.py:208} INFO - Processing /opt/airflow/dags/02_sql_transform.py took 0.134 seconds
[2026-09-10T03:26:31.814+0000] {processor.py:186} INFO - Started process (PID=4730) to work on /opt/airflow/dags/02_sql_transform.py
[2026-09-10T03:26:31.816+0000] {processor.py:914} INFO - Processing file /opt/airflow/dags/02_sql_transform.py for tasks to queue
[2026-09-10T03:26:31.819+0000] {logging_mixin.py:190} INFO - [2026-09-10T03:26:31.818+0000] {dagbag.py:588} INFO - Filling up the DagBag from /opt/airflow/dags/02_sql_transform.py
[2026-09-10T03:26:31.830+0000] {processor.py:925} INFO - DAG(s) '02_sql_transform' retrieved from /opt/airflow/dags/02_sql_transform.py
[2026-09-10T03:26:31.871+0000] {logging_mixin.py:190} INFO - [2026-09-10T03:26:31.871+0000] {dag.py:3239} INFO - Sync 1 DAGs
[2026-09-10T03:26:31.889+0000] {logging_mixin.py:190} INFO - [2026-09-10T03:26:31.889+0000] {dag.py:4180} INFO - Setting next_dagrun for 02_sql_transform to None, run_after=None
[2026-09-10T03:26:31.910+0000] {processor.py:208} INFO - Processing /opt/airflow/dags/02_sql_transform.py took 0.105 seconds
[2026-09-10T03:27:02.773+0000] {processor.py:186} INFO - Started process (PID=4780) to work on /opt/airflow/dags/02_sql_transform.py
[2026-09-10T03:27:02.774+0000] {processor.py:914} INFO - Processing file /opt/airflow/dags/02_sql_transform.py for tasks to queue
[2026-09-10T03:27:02.777+0000] {logging_mixin.py:190} INFO - [2026-09-10T03:27:02.777+0000] {dagbag.py:588} INFO - Filling up the DagBag from /opt/airflow/dags/02_sql_transform.py
[2026-09-10T03:27:02.792+0000] {processor.py:925} INFO - DAG(s) '02_sql_transform' retrieved from /opt/airflow/dags/02_sql_transform.py
[2026-09-10T03:27:02.839+0000] {logging_mixin.py:190} INFO - [2026-09-10T03:27:02.839+0000] {dag.py:3239} INFO - Sync 1 DAGs
[2026-09-10T03:27:02.859+0000] {logging_mixin.py:190} INFO - [2026-09-10T03:27:02.858+0000] {dag.py:4180} INFO - Setting next_dagrun for 02_sql_transform to None, run_after=None
[2026-09-10T03:27:02.890+0000] {processor.py:208} INFO - Processing /opt/airflow/dags/02_sql_transform.py took 0.129 seconds
[2026-09-10T03:27:33.560+0000] {processor.py:186} INFO - Started process (PID=4830) to work on /opt/airflow/dags/02_sql_transform.py
[2026-09-10T03:27:33.561+0000] {processor.py:914} INFO - Processing file /opt/airflow/dags/02_sql_transform.py for tasks to queue
[2026-09-10T03:27:33.564+0000] {logging_mixin.py:190} INFO - [2026-09-10T03:27:33.564+0000] {dagbag.py:588} INFO - Filling up the DagBag from /opt/airflow/dags/02_sql_transform.py
[2026-09-10T03:27:33.575+0000] {processor.py:925} INFO - DAG(s) '02_sql_transform' retrieved from /opt/airflow/dags/02_sql_transform.py
[2026-09-10T03:27:33.614+0000] {logging_mixin.py:190} INFO - [2026-09-10T03:27:33.614+0000] {dag.py:3239} INFO - Sync 1 DAGs
[2026-09-10T03:27:33.631+0000] {logging_mixin.py:190} INFO - [2026-09-10T03:27:33.631+0000] {dag.py:4180} INFO - Setting next_dagrun for 02_sql_transform to None, run_after=None
[2026-09-10T03:27:33.653+0000] {processor.py:208} INFO - Processing /opt/airflow/dags/02_sql_transform.py took 0.102 seconds
[2026-09-10T03:28:04.391+0000] {processor.py:186} INFO - Started process (PID=4880) to work on /opt/airflow/dags/02_sql_transform.py
[2026-09-10T03:28:04.391+0000] {processor.py:914} INFO - Processing file /opt/airflow/dags/02_sql_transform.py for tasks to queue
[2026-09-10T03:28:04.394+0000] {logging_mixin.py:190} INFO - [2026-09-10T03:28:04.394+0000] {dagbag.py:588} INFO - Filling up the DagBag from /opt/airflow/dags/02_sql_transform.py
[2026-09-10T03:28:04.406+0000] {processor.py:925} INFO - DAG(s) '02_sql_transform' retrieved from /opt/airflow/dags/02_sql_transform.py
[2026-09-10T03:28:04.449+0000] {logging_mixin.py:190} INFO - [2026-09-10T03:28:04.449+0000] {dag.py:3239} INFO - Sync 1 DAGs
[2026-09-10T03:28:04.468+0000] {logging_mixin.py:190} INFO - [2026-09-10T03:28:04.468+0000] {dag.py:4180} INFO - Setting next_dagrun for 02_sql_transform to None, run_after=None
[2026-09-10T03:28:04.490+0000] {processor.py:208} INFO - Processing /opt/airflow/dags/02_sql_transform.py took 0.108 seconds
[2026-09-10T03:28:35.202+0000] {processor.py:186} INFO - Started process (PID=4930) to work on /opt/airflow/dags/02_sql_transform.py
[2026-09-10T03:28:35.203+0000] {processor.py:914} INFO - Processing file /opt/airflow/dags/02_sql_transform.py for tasks to queue
[2026-09-10T03:28:35.207+0000] {logging_mixin.py:190} INFO - [2026-09-10T03:28:35.207+0000] {dagbag.py:588} INFO - Filling up the DagBag from /opt/airflow/dags/02_sql_transform.py
[2026-09-10T03:28:35.228+0000] {processor.py:925} INFO - DAG(s) '02_sql_transform' retrieved from /opt/airflow/dags/02_sql_transform.py
[2026-09-10T03:28:35.288+0000] {logging_mixin.py:190} INFO - [2026-09-10T03:28:35.287+0000] {dag.py:3239} INFO - Sync 1 DAGs
[2026-09-10T03:28:35.313+0000] {logging_mixin.py:190} INFO - [2026-09-10T03:28:35.313+0000] {dag.py:4180} INFO - Setting next_dagrun for 02_sql_transform to None, run_after=None
[2026-09-10T03:28:35.339+0000] {processor.py:208} INFO - Processing /opt/airflow/dags/02_sql_transform.py took 0.147 seconds
[2026-09-10T03:29:06.071+0000] {processor.py:186} INFO - Started process (PID=4980) to work on /opt/airflow/dags/02_sql_transform.py
[2026-09-10T03:29:06.072+0000] {processor.py:914} INFO - Processing file /opt/airflow/dags/02_sql_transform.py for tasks to queue
[2026-09-10T03:29:06.075+0000] {logging_mixin.py:190} INFO - [2026-09-10T03:29:06.075+0000] {dagbag.py:588} INFO - Filling up the DagBag from /opt/airflow/dags/02_sql_transform.py
[2026-09-10T03:29:06.087+0000] {processor.py:925} INFO - DAG(s) '02_sql_transform' retrieved from /opt/airflow/dags/02_sql_transform.py
[2026-09-10T03:29:06.129+0000] {logging_mixin.py:190} INFO - [2026-09-10T03:29:06.129+0000] {dag.py:3239} INFO - Sync 1 DAGs
[2026-09-10T03:29:06.148+0000] {logging_mixin.py:190} INFO - [2026-09-10T03:29:06.148+0000] {dag.py:4180} INFO - Setting next_dagrun for 02_sql_transform to None, run_after=None
[2026-09-10T03:29:06.172+0000] {processor.py:208} INFO - Processing /opt/airflow/dags/02_sql_transform.py took 0.112 seconds
[2026-09-10T03:29:36.884+0000] {processor.py:186} INFO - Started process (PID=5030) to work on /opt/airflow/dags/02_sql_transform.py
[2026-09-10T03:29:36.885+0000] {processor.py:914} INFO - Processing file /opt/airflow/dags/02_sql_transform.py for tasks to queue
[2026-09-10T03:29:36.889+0000] {logging_mixin.py:190} INFO - [2026-09-10T03:29:36.889+0000] {dagbag.py:588} INFO - Filling up the DagBag from /opt/airflow/dags/02_sql_transform.py
[2026-09-10T03:29:36.904+0000] {processor.py:925} INFO - DAG(s) '02_sql_transform' retrieved from /opt/airflow/dags/02_sql_transform.py
[2026-09-10T03:29:36.944+0000] {logging_mixin.py:190} INFO - [2026-09-10T03:29:36.943+0000] {dag.py:3239} INFO - Sync 1 DAGs
[2026-09-10T03:29:36.963+0000] {logging_mixin.py:190} INFO - [2026-09-10T03:29:36.963+0000] {dag.py:4180} INFO - Setting next_dagrun for 02_sql_transform to None, run_after=None
[2026-09-10T03:29:36.987+0000] {processor.py:208} INFO - Processing /opt/airflow/dags/02_sql_transform.py took 0.111 seconds
[2026-09-10T03:30:07.743+0000] {processor.py:186} INFO - Started process (PID=5080) to work on /opt/airflow/dags/02_sql_transform.py
[2026-09-10T03:30:07.744+0000] {processor.py:914} INFO - Processing file /opt/airflow/dags/02_sql_transform.py for tasks to queue
[2026-09-10T03:30:07.747+0000] {logging_mixin.py:190} INFO - [2026-09-10T03:30:07.747+0000] {dagbag.py:588} INFO - Filling up the DagBag from /opt/airflow/dags/02_sql_transform.py
[2026-09-10T03:30:07.757+0000] {processor.py:925} INFO - DAG(s) '02_sql_transform' retrieved from /opt/airflow/dags/02_sql_transform.py
[2026-09-10T03:30:07.817+0000] {logging_mixin.py:190} INFO - [2026-09-10T03:30:07.816+0000] {dag.py:3239} INFO - Sync 1 DAGs
[2026-09-10T03:30:07.837+0000] {logging_mixin.py:190} INFO - [2026-09-10T03:30:07.836+0000] {dag.py:4180} INFO - Setting next_dagrun for 02_sql_transform to None, run_after=None
[2026-09-10T03:30:07.859+0000] {processor.py:208} INFO - Processing /opt/airflow/dags/02_sql_transform.py took 0.131 seconds
[2026-09-10T03:30:38.232+0000] {processor.py:186} INFO - Started process (PID=5130) to work on /opt/airflow/dags/02_sql_transform.py
[2026-09-10T03:30:38.233+0000] {processor.py:914} INFO - Processing file /opt/airflow/dags/02_sql_transform.py for tasks to queue
[2026-09-10T03:30:38.237+0000] {logging_mixin.py:190} INFO - [2026-09-10T03:30:38.237+0000] {dagbag.py:588} INFO - Filling up the DagBag from /opt/airflow/dags/02_sql_transform.py
[2026-09-10T03:30:38.255+0000] {processor.py:925} INFO - DAG(s) '02_sql_transform' retrieved from /opt/airflow/dags/02_sql_transform.py
[2026-09-10T03:30:38.327+0000] {logging_mixin.py:190} INFO - [2026-09-10T03:30:38.327+0000] {dag.py:3239} INFO - Sync 1 DAGs
[2026-09-10T03:30:38.364+0000] {logging_mixin.py:190} INFO - [2026-09-10T03:30:38.363+0000] {dag.py:4180} INFO - Setting next_dagrun for 02_sql_transform to None, run_after=None
[2026-09-10T03:30:38.399+0000] {processor.py:208} INFO - Processing /opt/airflow/dags/02_sql_transform.py took 0.176 seconds
[2026-09-10T03:31:08.456+0000] {processor.py:186} INFO - Started process (PID=5180) to work on /opt/airflow/dags/02_sql_transform.py
[2026-09-10T03:31:08.457+0000] {processor.py:914} INFO - Processing file /opt/airflow/dags/02_sql_transform.py for tasks to queue
[2026-09-10T03:31:08.460+0000] {logging_mixin.py:190} INFO - [2026-09-10T03:31:08.459+0000] {dagbag.py:588} INFO - Filling up the DagBag from /opt/airflow/dags/02_sql_transform.py
[2026-09-10T03:31:08.476+0000] {processor.py:925} INFO - DAG(s) '02_sql_transform' retrieved from /opt/airflow/dags/02_sql_transform.py
[2026-09-10T03:31:08.516+0000] {logging_mixin.py:190} INFO - [2026-09-10T03:31:08.516+0000] {dag.py:3239} INFO - Sync 1 DAGs
[2026-09-10T03:31:08.533+0000] {logging_mixin.py:190} INFO - [2026-09-10T03:31:08.532+0000] {dag.py:4180} INFO - Setting next_dagrun for 02_sql_transform to None, run_after=None
[2026-09-10T03:31:08.552+0000] {processor.py:208} INFO - Processing /opt/airflow/dags/02_sql_transform.py took 0.103 seconds
[2026-09-10T03:31:38.756+0000] {processor.py:186} INFO - Started process (PID=5230) to work on /opt/airflow/dags/02_sql_transform.py
[2026-09-10T03:31:38.757+0000] {processor.py:914} INFO - Processing file /opt/airflow/dags/02_sql_transform.py for tasks to queue
[2026-09-10T03:31:38.760+0000] {logging_mixin.py:190} INFO - [2026-09-10T03:31:38.760+0000] {dagbag.py:588} INFO - Filling up the DagBag from /opt/airflow/dags/02_sql_transform.py
[2026-09-10T03:31:38.776+0000] {processor.py:925} INFO - DAG(s) '02_sql_transform' retrieved from /opt/airflow/dags/02_sql_transform.py
[2026-09-10T03:31:38.831+0000] {logging_mixin.py:190} INFO - [2026-09-10T03:31:38.830+0000] {dag.py:3239} INFO - Sync 1 DAGs
[2026-09-10T03:31:38.855+0000] {logging_mixin.py:190} INFO - [2026-09-10T03:31:38.854+0000] {dag.py:4180} INFO - Setting next_dagrun for 02_sql_transform to None, run_after=None
[2026-09-10T03:31:38.882+0000] {processor.py:208} INFO - Processing /opt/airflow/dags/02_sql_transform.py took 0.136 seconds
[2026-09-10T03:32:38.781+0000] {processor.py:186} INFO - Started process (PID=5382) to work on /opt/airflow/dags/02_sql_transform.py
[2026-09-10T03:32:38.825+0000] {processor.py:914} INFO - Processing file /opt/airflow/dags/02_sql_transform.py for tasks to queue
[2026-09-10T03:32:38.851+0000] {logging_mixin.py:190} INFO - [2026-09-10T03:32:38.830+0000] {dagbag.py:588} INFO - Filling up the DagBag from /opt/airflow/dags/02_sql_transform.py
[2026-09-10T03:32:39.405+0000] {processor.py:925} INFO - DAG(s) '02_sql_transform' retrieved from /opt/airflow/dags/02_sql_transform.py
[2026-09-10T03:32:40.418+0000] {logging_mixin.py:190} INFO - [2026-09-10T03:32:40.418+0000] {dag.py:3239} INFO - Sync 1 DAGs
[2026-09-10T03:32:40.439+0000] {logging_mixin.py:190} INFO - [2026-09-10T03:32:40.439+0000] {dag.py:4180} INFO - Setting next_dagrun for 02_sql_transform to None, run_after=None
[2026-09-10T03:32:40.685+0000] {processor.py:208} INFO - Processing /opt/airflow/dags/02_sql_transform.py took 2.032 seconds
[2026-09-10T03:34:05.615+0000] {processor.py:186} INFO - Started process (PID=5434) to work on /opt/airflow/dags/02_sql_transform.py
[2026-09-10T03:34:06.155+0000] {processor.py:914} INFO - Processing file /opt/airflow/dags/02_sql_transform.py for tasks to queue
[2026-09-10T03:34:06.254+0000] {logging_mixin.py:190} INFO - [2026-09-10T03:34:06.158+0000] {dagbag.py:588} INFO - Filling up the DagBag from /opt/airflow/dags/02_sql_transform.py
[2026-09-10T03:34:10.810+0000] {processor.py:925} INFO - DAG(s) '02_sql_transform' retrieved from /opt/airflow/dags/02_sql_transform.py
[2026-09-10T03:34:22.345+0000] {logging_mixin.py:190} INFO - [2026-09-10T03:34:20.650+0000] {dag.py:3239} INFO - Sync 1 DAGs
[2026-09-10T03:34:23.279+0000] {logging_mixin.py:190} INFO - [2026-09-10T03:34:23.279+0000] {dag.py:4180} INFO - Setting next_dagrun for 02_sql_transform to None, run_after=None
[2026-09-10T03:34:27.541+0000] {processor.py:208} INFO - Processing /opt/airflow/dags/02_sql_transform.py took 23.986 seconds
[2026-09-10T20:19:05.362+0000] {processor.py:186} INFO - Started process (PID=216) to work on /opt/airflow/dags/02_sql_transform.py
[2026-09-10T20:19:05.364+0000] {processor.py:914} INFO - Processing file /opt/airflow/dags/02_sql_transform.py for tasks to queue
[2026-09-10T20:19:05.366+0000] {logging_mixin.py:190} INFO - [2026-09-10T20:19:05.366+0000] {dagbag.py:588} INFO - Filling up the DagBag from /opt/airflow/dags/02_sql_transform.py
[2026-09-10T20:19:05.377+0000] {processor.py:925} INFO - DAG(s) '02_sql_transform' retrieved from /opt/airflow/dags/02_sql_transform.py
[2026-09-10T20:19:05.615+0000] {logging_mixin.py:190} INFO - [2026-09-10T20:19:05.615+0000] {override.py:1911} INFO - Created Permission View: can read on DAG:02_sql_transform
[2026-09-10T20:19:05.628+0000] {logging_mixin.py:190} INFO - [2026-09-10T20:19:05.628+0000] {override.py:1911} INFO - Created Permission View: can delete on DAG:02_sql_transform
[2026-09-10T20:19:05.636+0000] {logging_mixin.py:190} INFO - [2026-09-10T20:19:05.636+0000] {override.py:1911} INFO - Created Permission View: can edit on DAG:02_sql_transform
[2026-09-10T20:19:05.646+0000] {logging_mixin.py:190} INFO - [2026-09-10T20:19:05.646+0000] {override.py:1911} INFO - Created Permission View: can read on DAG Run:02_sql_transform
[2026-09-10T20:19:05.654+0000] {logging_mixin.py:190} INFO - [2026-09-10T20:19:05.654+0000] {override.py:1911} INFO - Created Permission View: menu access on DAG Run:02_sql_transform
[2026-09-10T20:19:05.662+0000] {logging_mixin.py:190} INFO - [2026-09-10T20:19:05.662+0000] {override.py:1911} INFO - Created Permission View: can delete on DAG Run:02_sql_transform
[2026-09-10T20:19:05.670+0000] {logging_mixin.py:190} INFO - [2026-09-10T20:19:05.669+0000] {override.py:1911} INFO - Created Permission View: can create on DAG Run:02_sql_transform
[2026-09-10T20:19:05.670+0000] {logging_mixin.py:190} INFO - [2026-09-10T20:19:05.670+0000] {dag.py:3239} INFO - Sync 1 DAGs
[2026-09-10T20:19:05.689+0000] {logging_mixin.py:190} INFO - [2026-09-10T20:19:05.689+0000] {dag.py:3262} INFO - Creating ORM DAG for 02_sql_transform
[2026-09-10T20:19:05.690+0000] {logging_mixin.py:190} INFO - [2026-09-10T20:19:05.689+0000] {dag.py:4180} INFO - Setting next_dagrun for 02_sql_transform to None, run_after=None
[2026-09-10T20:19:05.712+0000] {processor.py:208} INFO - Processing /opt/airflow/dags/02_sql_transform.py took 0.358 seconds
[2026-09-10T20:19:36.016+0000] {processor.py:186} INFO - Started process (PID=286) to work on /opt/airflow/dags/02_sql_transform.py
[2026-09-10T20:19:36.016+0000] {processor.py:914} INFO - Processing file /opt/airflow/dags/02_sql_transform.py for tasks to queue
[2026-09-10T20:19:36.018+0000] {logging_mixin.py:190} INFO - [2026-09-10T20:19:36.018+0000] {dagbag.py:588} INFO - Filling up the DagBag from /opt/airflow/dags/02_sql_transform.py
[2026-09-10T20:19:36.026+0000] {processor.py:925} INFO - DAG(s) '02_sql_transform' retrieved from /opt/airflow/dags/02_sql_transform.py
[2026-09-10T20:19:36.055+0000] {logging_mixin.py:190} INFO - [2026-09-10T20:19:36.054+0000] {dag.py:3239} INFO - Sync 1 DAGs
[2026-09-10T20:19:36.069+0000] {logging_mixin.py:190} INFO - [2026-09-10T20:19:36.068+0000] {dag.py:4180} INFO - Setting next_dagrun for 02_sql_transform to None, run_after=None
[2026-09-10T20:19:36.090+0000] {processor.py:208} INFO - Processing /opt/airflow/dags/02_sql_transform.py took 0.082 seconds
[2026-09-10T20:20:06.208+0000] {processor.py:186} INFO - Started process (PID=356) to work on /opt/airflow/dags/02_sql_transform.py
[2026-09-10T20:20:06.210+0000] {processor.py:914} INFO - Processing file /opt/airflow/dags/02_sql_transform.py for tasks to queue
[2026-09-10T20:20:06.213+0000] {logging_mixin.py:190} INFO - [2026-09-10T20:20:06.212+0000] {dagbag.py:588} INFO - Filling up the DagBag from /opt/airflow/dags/02_sql_transform.py
[2026-09-10T20:20:06.222+0000] {processor.py:925} INFO - DAG(s) '02_sql_transform' retrieved from /opt/airflow/dags/02_sql_transform.py
[2026-09-10T20:20:06.252+0000] {logging_mixin.py:190} INFO - [2026-09-10T20:20:06.252+0000] {dag.py:3239} INFO - Sync 1 DAGs
[2026-09-10T20:20:06.268+0000] {logging_mixin.py:190} INFO - [2026-09-10T20:20:06.268+0000] {dag.py:4180} INFO - Setting next_dagrun for 02_sql_transform to None, run_after=None
[2026-09-10T20:20:06.287+0000] {processor.py:208} INFO - Processing /opt/airflow/dags/02_sql_transform.py took 0.089 seconds
[2026-09-10T20:20:36.525+0000] {processor.py:186} INFO - Started process (PID=426) to work on /opt/airflow/dags/02_sql_transform.py
[2026-09-10T20:20:36.526+0000] {processor.py:914} INFO - Processing file /opt/airflow/dags/02_sql_transform.py for tasks to queue
[2026-09-10T20:20:36.529+0000] {logging_mixin.py:190} INFO - [2026-09-10T20:20:36.528+0000] {dagbag.py:588} INFO - Filling up the DagBag from /opt/airflow/dags/02_sql_transform.py
[2026-09-10T20:20:36.539+0000] {processor.py:925} INFO - DAG(s) '02_sql_transform' retrieved from /opt/airflow/dags/02_sql_transform.py
[2026-09-10T20:20:36.570+0000] {logging_mixin.py:190} INFO - [2026-09-10T20:20:36.570+0000] {dag.py:3239} INFO - Sync 1 DAGs
[2026-09-10T20:20:36.586+0000] {logging_mixin.py:190} INFO - [2026-09-10T20:20:36.586+0000] {dag.py:4180} INFO - Setting next_dagrun for 02_sql_transform to None, run_after=None
[2026-09-10T20:20:36.606+0000] {processor.py:208} INFO - Processing /opt/airflow/dags/02_sql_transform.py took 0.088 seconds
[2026-09-10T20:21:07.447+0000] {processor.py:186} INFO - Started process (PID=496) to work on /opt/airflow/dags/02_sql_transform.py
[2026-09-10T20:21:07.449+0000] {processor.py:914} INFO - Processing file /opt/airflow/dags/02_sql_transform.py for tasks to queue
[2026-09-10T20:21:07.454+0000] {logging_mixin.py:190} INFO - [2026-09-10T20:21:07.453+0000] {dagbag.py:588} INFO - Filling up the DagBag from /opt/airflow/dags/02_sql_transform.py
[2026-09-10T20:21:07.466+0000] {processor.py:925} INFO - DAG(s) '02_sql_transform' retrieved from /opt/airflow/dags/02_sql_transform.py
[2026-09-10T20:21:07.722+0000] {logging_mixin.py:190} INFO - [2026-09-10T20:21:07.722+0000] {dag.py:3239} INFO - Sync 1 DAGs
[2026-09-10T20:21:07.739+0000] {logging_mixin.py:190} INFO - [2026-09-10T20:21:07.738+0000] {dag.py:4180} INFO - Setting next_dagrun for 02_sql_transform to None, run_after=None
[2026-09-10T20:21:07.762+0000] {processor.py:208} INFO - Processing /opt/airflow/dags/02_sql_transform.py took 0.324 seconds
[2026-09-10T20:21:38.516+0000] {processor.py:186} INFO - Started process (PID=566) to work on /opt/airflow/dags/02_sql_transform.py
[2026-09-10T20:21:38.518+0000] {processor.py:914} INFO - Processing file /opt/airflow/dags/02_sql_transform.py for tasks to queue
[2026-09-10T20:21:38.523+0000] {logging_mixin.py:190} INFO - [2026-09-10T20:21:38.523+0000] {dagbag.py:588} INFO - Filling up the DagBag from /opt/airflow/dags/02_sql_transform.py
[2026-09-10T20:21:38.543+0000] {processor.py:925} INFO - DAG(s) '02_sql_transform' retrieved from /opt/airflow/dags/02_sql_transform.py
[2026-09-10T20:21:38.639+0000] {logging_mixin.py:190} INFO - [2026-09-10T20:21:38.639+0000] {dag.py:3239} INFO - Sync 1 DAGs
[2026-09-10T20:21:38.685+0000] {logging_mixin.py:190} INFO - [2026-09-10T20:21:38.684+0000] {dag.py:4180} INFO - Setting next_dagrun for 02_sql_transform to None, run_after=None
[2026-09-10T20:21:38.722+0000] {processor.py:208} INFO - Processing /opt/airflow/dags/02_sql_transform.py took 0.222 seconds
[2026-09-10T20:22:08.806+0000] {processor.py:186} INFO - Started process (PID=636) to work on /opt/airflow/dags/02_sql_transform.py
[2026-09-10T20:22:08.807+0000] {processor.py:914} INFO - Processing file /opt/airflow/dags/02_sql_transform.py for tasks to queue
[2026-09-10T20:22:08.810+0000] {logging_mixin.py:190} INFO - [2026-09-10T20:22:08.809+0000] {dagbag.py:588} INFO - Filling up the DagBag from /opt/airflow/dags/02_sql_transform.py
[2026-09-10T20:22:08.999+0000] {processor.py:925} INFO - DAG(s) '02_sql_transform' retrieved from /opt/airflow/dags/02_sql_transform.py
[2026-09-10T20:22:09.028+0000] {logging_mixin.py:190} INFO - [2026-09-10T20:22:09.028+0000] {dag.py:3239} INFO - Sync 1 DAGs
[2026-09-10T20:22:09.041+0000] {logging_mixin.py:190} INFO - [2026-09-10T20:22:09.040+0000] {dag.py:4180} INFO - Setting next_dagrun for 02_sql_transform to None, run_after=None
[2026-09-10T20:22:09.059+0000] {processor.py:208} INFO - Processing /opt/airflow/dags/02_sql_transform.py took 0.261 seconds
[2026-09-10T20:22:39.886+0000] {processor.py:186} INFO - Started process (PID=707) to work on /opt/airflow/dags/02_sql_transform.py
[2026-09-10T20:22:39.887+0000] {processor.py:914} INFO - Processing file /opt/airflow/dags/02_sql_transform.py for tasks to queue
[2026-09-10T20:22:39.891+0000] {logging_mixin.py:190} INFO - [2026-09-10T20:22:39.890+0000] {dagbag.py:588} INFO - Filling up the DagBag from /opt/airflow/dags/02_sql_transform.py
[2026-09-10T20:22:39.908+0000] {processor.py:925} INFO - DAG(s) '02_sql_transform' retrieved from /opt/airflow/dags/02_sql_transform.py
[2026-09-10T20:22:39.963+0000] {logging_mixin.py:190} INFO - [2026-09-10T20:22:39.963+0000] {dag.py:3239} INFO - Sync 1 DAGs
[2026-09-10T20:22:39.989+0000] {logging_mixin.py:190} INFO - [2026-09-10T20:22:39.989+0000] {dag.py:4180} INFO - Setting next_dagrun for 02_sql_transform to None, run_after=None
[2026-09-10T20:22:40.020+0000] {processor.py:208} INFO - Processing /opt/airflow/dags/02_sql_transform.py took 0.150 seconds
[2026-09-10T20:23:10.438+0000] {processor.py:186} INFO - Started process (PID=784) to work on /opt/airflow/dags/02_sql_transform.py
[2026-09-10T20:23:10.440+0000] {processor.py:914} INFO - Processing file /opt/airflow/dags/02_sql_transform.py for tasks to queue
[2026-09-10T20:23:10.443+0000] {logging_mixin.py:190} INFO - [2026-09-10T20:23:10.443+0000] {dagbag.py:588} INFO - Filling up the DagBag from /opt/airflow/dags/02_sql_transform.py
[2026-09-10T20:23:10.455+0000] {processor.py:925} INFO - DAG(s) '02_sql_transform' retrieved from /opt/airflow/dags/02_sql_transform.py
[2026-09-10T20:23:10.493+0000] {logging_mixin.py:190} INFO - [2026-09-10T20:23:10.493+0000] {dag.py:3239} INFO - Sync 1 DAGs
[2026-09-10T20:23:10.526+0000] {logging_mixin.py:190} INFO - [2026-09-10T20:23:10.526+0000] {dag.py:4180} INFO - Setting next_dagrun for 02_sql_transform to None, run_after=None
[2026-09-10T20:23:10.563+0000] {processor.py:208} INFO - Processing /opt/airflow/dags/02_sql_transform.py took 0.134 seconds
[2026-09-10T20:23:41.497+0000] {processor.py:186} INFO - Started process (PID=860) to work on /opt/airflow/dags/02_sql_transform.py
[2026-09-10T20:23:41.499+0000] {processor.py:914} INFO - Processing file /opt/airflow/dags/02_sql_transform.py for tasks to queue
[2026-09-10T20:23:41.503+0000] {logging_mixin.py:190} INFO - [2026-09-10T20:23:41.502+0000] {dagbag.py:588} INFO - Filling up the DagBag from /opt/airflow/dags/02_sql_transform.py
[2026-09-10T20:23:41.512+0000] {processor.py:925} INFO - DAG(s) '02_sql_transform' retrieved from /opt/airflow/dags/02_sql_transform.py
[2026-09-10T20:23:41.543+0000] {logging_mixin.py:190} INFO - [2026-09-10T20:23:41.542+0000] {dag.py:3239} INFO - Sync 1 DAGs
[2026-09-10T20:23:41.558+0000] {logging_mixin.py:190} INFO - [2026-09-10T20:23:41.558+0000] {dag.py:4180} INFO - Setting next_dagrun for 02_sql_transform to None, run_after=None
[2026-09-10T20:23:41.578+0000] {processor.py:208} INFO - Processing /opt/airflow/dags/02_sql_transform.py took 0.090 seconds
[2026-09-10T20:24:11.706+0000] {processor.py:186} INFO - Started process (PID=930) to work on /opt/airflow/dags/02_sql_transform.py
[2026-09-10T20:24:11.707+0000] {processor.py:914} INFO - Processing file /opt/airflow/dags/02_sql_transform.py for tasks to queue
[2026-09-10T20:24:11.710+0000] {logging_mixin.py:190} INFO - [2026-09-10T20:24:11.710+0000] {dagbag.py:588} INFO - Filling up the DagBag from /opt/airflow/dags/02_sql_transform.py
[2026-09-10T20:24:11.719+0000] {processor.py:925} INFO - DAG(s) '02_sql_transform' retrieved from /opt/airflow/dags/02_sql_transform.py
[2026-09-10T20:24:11.747+0000] {logging_mixin.py:190} INFO - [2026-09-10T20:24:11.747+0000] {dag.py:3239} INFO - Sync 1 DAGs
[2026-09-10T20:24:11.762+0000] {logging_mixin.py:190} INFO - [2026-09-10T20:24:11.762+0000] {dag.py:4180} INFO - Setting next_dagrun for 02_sql_transform to None, run_after=None
[2026-09-10T20:24:11.780+0000] {processor.py:208} INFO - Processing /opt/airflow/dags/02_sql_transform.py took 0.081 seconds
[2026-09-10T20:24:41.836+0000] {processor.py:186} INFO - Started process (PID=998) to work on /opt/airflow/dags/02_sql_transform.py
[2026-09-10T20:24:41.837+0000] {processor.py:914} INFO - Processing file /opt/airflow/dags/02_sql_transform.py for tasks to queue
[2026-09-10T20:24:41.840+0000] {logging_mixin.py:190} INFO - [2026-09-10T20:24:41.840+0000] {dagbag.py:588} INFO - Filling up the DagBag from /opt/airflow/dags/02_sql_transform.py
[2026-09-10T20:24:41.849+0000] {processor.py:925} INFO - DAG(s) '02_sql_transform' retrieved from /opt/airflow/dags/02_sql_transform.py
[2026-09-10T20:24:41.876+0000] {logging_mixin.py:190} INFO - [2026-09-10T20:24:41.876+0000] {dag.py:3239} INFO - Sync 1 DAGs
[2026-09-10T20:24:41.891+0000] {logging_mixin.py:190} INFO - [2026-09-10T20:24:41.890+0000] {dag.py:4180} INFO - Setting next_dagrun for 02_sql_transform to None, run_after=None
[2026-09-10T20:24:41.908+0000] {processor.py:208} INFO - Processing /opt/airflow/dags/02_sql_transform.py took 0.080 seconds
[2026-09-10T20:25:12.181+0000] {processor.py:186} INFO - Started process (PID=1070) to work on /opt/airflow/dags/02_sql_transform.py
[2026-09-10T20:25:12.182+0000] {processor.py:914} INFO - Processing file /opt/airflow/dags/02_sql_transform.py for tasks to queue
[2026-09-10T20:25:12.185+0000] {logging_mixin.py:190} INFO - [2026-09-10T20:25:12.184+0000] {dagbag.py:588} INFO - Filling up the DagBag from /opt/airflow/dags/02_sql_transform.py
[2026-09-10T20:25:12.195+0000] {processor.py:925} INFO - DAG(s) '02_sql_transform' retrieved from /opt/airflow/dags/02_sql_transform.py
[2026-09-10T20:25:12.245+0000] {logging_mixin.py:190} INFO - [2026-09-10T20:25:12.245+0000] {dag.py:3239} INFO - Sync 1 DAGs
[2026-09-10T20:25:12.265+0000] {logging_mixin.py:190} INFO - [2026-09-10T20:25:12.265+0000] {dag.py:4180} INFO - Setting next_dagrun for 02_sql_transform to None, run_after=None
[2026-09-10T20:25:12.290+0000] {processor.py:208} INFO - Processing /opt/airflow/dags/02_sql_transform.py took 0.118 seconds
[2026-09-10T20:25:42.336+0000] {processor.py:186} INFO - Started process (PID=1140) to work on /opt/airflow/dags/02_sql_transform.py
[2026-09-10T20:25:42.337+0000] {processor.py:914} INFO - Processing file /opt/airflow/dags/02_sql_transform.py for tasks to queue
[2026-09-10T20:25:42.339+0000] {logging_mixin.py:190} INFO - [2026-09-10T20:25:42.339+0000] {dagbag.py:588} INFO - Filling up the DagBag from /opt/airflow/dags/02_sql_transform.py
[2026-09-10T20:25:42.347+0000] {processor.py:925} INFO - DAG(s) '02_sql_transform' retrieved from /opt/airflow/dags/02_sql_transform.py
[2026-09-10T20:25:42.376+0000] {logging_mixin.py:190} INFO - [2026-09-10T20:25:42.376+0000] {dag.py:3239} INFO - Sync 1 DAGs
[2026-09-10T20:25:42.391+0000] {logging_mixin.py:190} INFO - [2026-09-10T20:25:42.391+0000] {dag.py:4180} INFO - Setting next_dagrun for 02_sql_transform to None, run_after=None
[2026-09-10T20:25:42.410+0000] {processor.py:208} INFO - Processing /opt/airflow/dags/02_sql_transform.py took 0.080 seconds
[2026-09-10T20:26:12.494+0000] {processor.py:186} INFO - Started process (PID=1210) to work on /opt/airflow/dags/02_sql_transform.py
[2026-09-10T20:26:12.496+0000] {processor.py:914} INFO - Processing file /opt/airflow/dags/02_sql_transform.py for tasks to queue
[2026-09-10T20:26:12.498+0000] {logging_mixin.py:190} INFO - [2026-09-10T20:26:12.498+0000] {dagbag.py:588} INFO - Filling up the DagBag from /opt/airflow/dags/02_sql_transform.py
[2026-09-10T20:26:12.507+0000] {processor.py:925} INFO - DAG(s) '02_sql_transform' retrieved from /opt/airflow/dags/02_sql_transform.py
[2026-09-10T20:26:12.536+0000] {logging_mixin.py:190} INFO - [2026-09-10T20:26:12.536+0000] {dag.py:3239} INFO - Sync 1 DAGs
[2026-09-10T20:26:12.551+0000] {logging_mixin.py:190} INFO - [2026-09-10T20:26:12.551+0000] {dag.py:4180} INFO - Setting next_dagrun for 02_sql_transform to None, run_after=None
[2026-09-10T20:26:12.569+0000] {processor.py:208} INFO - Processing /opt/airflow/dags/02_sql_transform.py took 0.082 seconds
[2026-09-10T20:26:42.634+0000] {processor.py:186} INFO - Started process (PID=1278) to work on /opt/airflow/dags/02_sql_transform.py
[2026-09-10T20:26:42.636+0000] {processor.py:914} INFO - Processing file /opt/airflow/dags/02_sql_transform.py for tasks to queue
[2026-09-10T20:26:42.638+0000] {logging_mixin.py:190} INFO - [2026-09-10T20:26:42.638+0000] {dagbag.py:588} INFO - Filling up the DagBag from /opt/airflow/dags/02_sql_transform.py
[2026-09-10T20:26:42.648+0000] {processor.py:925} INFO - DAG(s) '02_sql_transform' retrieved from /opt/airflow/dags/02_sql_transform.py
[2026-09-10T20:26:42.679+0000] {logging_mixin.py:190} INFO - [2026-09-10T20:26:42.679+0000] {dag.py:3239} INFO - Sync 1 DAGs
[2026-09-10T20:26:42.694+0000] {logging_mixin.py:190} INFO - [2026-09-10T20:26:42.694+0000] {dag.py:4180} INFO - Setting next_dagrun for 02_sql_transform to None, run_after=None
[2026-09-10T20:26:42.712+0000] {processor.py:208} INFO - Processing /opt/airflow/dags/02_sql_transform.py took 0.085 seconds
[2026-09-10T20:27:12.889+0000] {processor.py:186} INFO - Started process (PID=1350) to work on /opt/airflow/dags/02_sql_transform.py
[2026-09-10T20:27:12.890+0000] {processor.py:914} INFO - Processing file /opt/airflow/dags/02_sql_transform.py for tasks to queue
[2026-09-10T20:27:12.892+0000] {logging_mixin.py:190} INFO - [2026-09-10T20:27:12.892+0000] {dagbag.py:588} INFO - Filling up the DagBag from /opt/airflow/dags/02_sql_transform.py
[2026-09-10T20:27:12.900+0000] {processor.py:925} INFO - DAG(s) '02_sql_transform' retrieved from /opt/airflow/dags/02_sql_transform.py
[2026-09-10T20:27:12.931+0000] {logging_mixin.py:190} INFO - [2026-09-10T20:27:12.930+0000] {dag.py:3239} INFO - Sync 1 DAGs
[2026-09-10T20:27:12.949+0000] {logging_mixin.py:190} INFO - [2026-09-10T20:27:12.949+0000] {dag.py:4180} INFO - Setting next_dagrun for 02_sql_transform to None, run_after=None
[2026-09-10T20:27:12.968+0000] {processor.py:208} INFO - Processing /opt/airflow/dags/02_sql_transform.py took 0.085 seconds
[2026-09-10T20:27:43.141+0000] {processor.py:186} INFO - Started process (PID=1420) to work on /opt/airflow/dags/02_sql_transform.py
[2026-09-10T20:27:43.142+0000] {processor.py:914} INFO - Processing file /opt/airflow/dags/02_sql_transform.py for tasks to queue
[2026-09-10T20:27:43.145+0000] {logging_mixin.py:190} INFO - [2026-09-10T20:27:43.145+0000] {dagbag.py:588} INFO - Filling up the DagBag from /opt/airflow/dags/02_sql_transform.py
[2026-09-10T20:27:43.154+0000] {processor.py:925} INFO - DAG(s) '02_sql_transform' retrieved from /opt/airflow/dags/02_sql_transform.py
[2026-09-10T20:27:43.183+0000] {logging_mixin.py:190} INFO - [2026-09-10T20:27:43.182+0000] {dag.py:3239} INFO - Sync 1 DAGs
[2026-09-10T20:27:43.199+0000] {logging_mixin.py:190} INFO - [2026-09-10T20:27:43.198+0000] {dag.py:4180} INFO - Setting next_dagrun for 02_sql_transform to None, run_after=None
[2026-09-10T20:27:43.216+0000] {processor.py:208} INFO - Processing /opt/airflow/dags/02_sql_transform.py took 0.082 seconds
[2026-09-10T20:28:13.284+0000] {processor.py:186} INFO - Started process (PID=1490) to work on /opt/airflow/dags/02_sql_transform.py
[2026-09-10T20:28:13.285+0000] {processor.py:914} INFO - Processing file /opt/airflow/dags/02_sql_transform.py for tasks to queue
[2026-09-10T20:28:13.288+0000] {logging_mixin.py:190} INFO - [2026-09-10T20:28:13.288+0000] {dagbag.py:588} INFO - Filling up the DagBag from /opt/airflow/dags/02_sql_transform.py
[2026-09-10T20:28:13.297+0000] {processor.py:925} INFO - DAG(s) '02_sql_transform' retrieved from /opt/airflow/dags/02_sql_transform.py
[2026-09-10T20:28:13.326+0000] {logging_mixin.py:190} INFO - [2026-09-10T20:28:13.325+0000] {dag.py:3239} INFO - Sync 1 DAGs
[2026-09-10T20:28:13.341+0000] {logging_mixin.py:190} INFO - [2026-09-10T20:28:13.341+0000] {dag.py:4180} INFO - Setting next_dagrun for 02_sql_transform to None, run_after=None
[2026-09-10T20:28:13.359+0000] {processor.py:208} INFO - Processing /opt/airflow/dags/02_sql_transform.py took 0.083 seconds
[2026-09-10T20:28:44.384+0000] {processor.py:186} INFO - Started process (PID=1560) to work on /opt/airflow/dags/02_sql_transform.py
[2026-09-10T20:28:44.385+0000] {processor.py:914} INFO - Processing file /opt/airflow/dags/02_sql_transform.py for tasks to queue
[2026-09-10T20:28:44.388+0000] {logging_mixin.py:190} INFO - [2026-09-10T20:28:44.387+0000] {dagbag.py:588} INFO - Filling up the DagBag from /opt/airflow/dags/02_sql_transform.py
[2026-09-10T20:28:44.397+0000] {processor.py:925} INFO - DAG(s) '02_sql_transform' retrieved from /opt/airflow/dags/02_sql_transform.py
[2026-09-10T20:28:44.425+0000] {logging_mixin.py:190} INFO - [2026-09-10T20:28:44.425+0000] {dag.py:3239} INFO - Sync 1 DAGs
[2026-09-10T20:28:44.440+0000] {logging_mixin.py:190} INFO - [2026-09-10T20:28:44.439+0000] {dag.py:4180} INFO - Setting next_dagrun for 02_sql_transform to None, run_after=None
[2026-09-10T20:28:44.457+0000] {processor.py:208} INFO - Processing /opt/airflow/dags/02_sql_transform.py took 0.080 seconds
[2026-09-10T20:29:14.554+0000] {processor.py:186} INFO - Started process (PID=1630) to work on /opt/airflow/dags/02_sql_transform.py
[2026-09-10T20:29:14.555+0000] {processor.py:914} INFO - Processing file /opt/airflow/dags/02_sql_transform.py for tasks to queue
[2026-09-10T20:29:14.558+0000] {logging_mixin.py:190} INFO - [2026-09-10T20:29:14.557+0000] {dagbag.py:588} INFO - Filling up the DagBag from /opt/airflow/dags/02_sql_transform.py
[2026-09-10T20:29:14.565+0000] {processor.py:925} INFO - DAG(s) '02_sql_transform' retrieved from /opt/airflow/dags/02_sql_transform.py
[2026-09-10T20:29:14.592+0000] {logging_mixin.py:190} INFO - [2026-09-10T20:29:14.591+0000] {dag.py:3239} INFO - Sync 1 DAGs
[2026-09-10T20:29:14.606+0000] {logging_mixin.py:190} INFO - [2026-09-10T20:29:14.605+0000] {dag.py:4180} INFO - Setting next_dagrun for 02_sql_transform to None, run_after=None
[2026-09-10T20:29:14.622+0000] {processor.py:208} INFO - Processing /opt/airflow/dags/02_sql_transform.py took 0.074 seconds
[2026-09-10T20:29:44.711+0000] {processor.py:186} INFO - Started process (PID=1700) to work on /opt/airflow/dags/02_sql_transform.py
[2026-09-10T20:29:44.712+0000] {processor.py:914} INFO - Processing file /opt/airflow/dags/02_sql_transform.py for tasks to queue
[2026-09-10T20:29:44.715+0000] {logging_mixin.py:190} INFO - [2026-09-10T20:29:44.715+0000] {dagbag.py:588} INFO - Filling up the DagBag from /opt/airflow/dags/02_sql_transform.py
[2026-09-10T20:29:44.724+0000] {processor.py:925} INFO - DAG(s) '02_sql_transform' retrieved from /opt/airflow/dags/02_sql_transform.py
[2026-09-10T20:29:44.753+0000] {logging_mixin.py:190} INFO - [2026-09-10T20:29:44.753+0000] {dag.py:3239} INFO - Sync 1 DAGs
[2026-09-10T20:29:44.769+0000] {logging_mixin.py:190} INFO - [2026-09-10T20:29:44.768+0000] {dag.py:4180} INFO - Setting next_dagrun for 02_sql_transform to None, run_after=None
[2026-09-10T20:29:44.786+0000] {processor.py:208} INFO - Processing /opt/airflow/dags/02_sql_transform.py took 0.082 seconds
[2026-09-10T20:30:14.900+0000] {processor.py:186} INFO - Started process (PID=1770) to work on /opt/airflow/dags/02_sql_transform.py
[2026-09-10T20:30:14.902+0000] {processor.py:914} INFO - Processing file /opt/airflow/dags/02_sql_transform.py for tasks to queue
[2026-09-10T20:30:14.905+0000] {logging_mixin.py:190} INFO - [2026-09-10T20:30:14.904+0000] {dagbag.py:588} INFO - Filling up the DagBag from /opt/airflow/dags/02_sql_transform.py
[2026-09-10T20:30:14.914+0000] {processor.py:925} INFO - DAG(s) '02_sql_transform' retrieved from /opt/airflow/dags/02_sql_transform.py
[2026-09-10T20:30:14.942+0000] {logging_mixin.py:190} INFO - [2026-09-10T20:30:14.942+0000] {dag.py:3239} INFO - Sync 1 DAGs
[2026-09-10T20:30:14.957+0000] {logging_mixin.py:190} INFO - [2026-09-10T20:30:14.957+0000] {dag.py:4180} INFO - Setting next_dagrun for 02_sql_transform to None, run_after=None
[2026-09-10T20:30:14.974+0000] {processor.py:208} INFO - Processing /opt/airflow/dags/02_sql_transform.py took 0.082 seconds
[2026-09-10T20:30:45.067+0000] {processor.py:186} INFO - Started process (PID=1840) to work on /opt/airflow/dags/02_sql_transform.py
[2026-09-10T20:30:45.068+0000] {processor.py:914} INFO - Processing file /opt/airflow/dags/02_sql_transform.py for tasks to queue
[2026-09-10T20:30:45.070+0000] {logging_mixin.py:190} INFO - [2026-09-10T20:30:45.070+0000] {dagbag.py:588} INFO - Filling up the DagBag from /opt/airflow/dags/02_sql_transform.py
[2026-09-10T20:30:45.079+0000] {processor.py:925} INFO - DAG(s) '02_sql_transform' retrieved from /opt/airflow/dags/02_sql_transform.py
[2026-09-10T20:30:45.107+0000] {logging_mixin.py:190} INFO - [2026-09-10T20:30:45.107+0000] {dag.py:3239} INFO - Sync 1 DAGs
[2026-09-10T20:30:45.122+0000] {logging_mixin.py:190} INFO - [2026-09-10T20:30:45.121+0000] {dag.py:4180} INFO - Setting next_dagrun for 02_sql_transform to None, run_after=None
[2026-09-10T20:30:45.139+0000] {processor.py:208} INFO - Processing /opt/airflow/dags/02_sql_transform.py took 0.080 seconds
[2026-09-10T20:31:15.318+0000] {processor.py:186} INFO - Started process (PID=1910) to work on /opt/airflow/dags/02_sql_transform.py
[2026-09-10T20:31:15.319+0000] {processor.py:914} INFO - Processing file /opt/airflow/dags/02_sql_transform.py for tasks to queue
[2026-09-10T20:31:15.322+0000] {logging_mixin.py:190} INFO - [2026-09-10T20:31:15.321+0000] {dagbag.py:588} INFO - Filling up the DagBag from /opt/airflow/dags/02_sql_transform.py
[2026-09-10T20:31:15.331+0000] {processor.py:925} INFO - DAG(s) '02_sql_transform' retrieved from /opt/airflow/dags/02_sql_transform.py
[2026-09-10T20:31:15.360+0000] {logging_mixin.py:190} INFO - [2026-09-10T20:31:15.359+0000] {dag.py:3239} INFO - Sync 1 DAGs
[2026-09-10T20:31:15.375+0000] {logging_mixin.py:190} INFO - [2026-09-10T20:31:15.374+0000] {dag.py:4180} INFO - Setting next_dagrun for 02_sql_transform to None, run_after=None
[2026-09-10T20:31:15.392+0000] {processor.py:208} INFO - Processing /opt/airflow/dags/02_sql_transform.py took 0.082 seconds
[2026-09-10T20:31:45.574+0000] {processor.py:186} INFO - Started process (PID=1980) to work on /opt/airflow/dags/02_sql_transform.py
[2026-09-10T20:31:45.575+0000] {processor.py:914} INFO - Processing file /opt/airflow/dags/02_sql_transform.py for tasks to queue
[2026-09-10T20:31:45.578+0000] {logging_mixin.py:190} INFO - [2026-09-10T20:31:45.577+0000] {dagbag.py:588} INFO - Filling up the DagBag from /opt/airflow/dags/02_sql_transform.py
[2026-09-10T20:31:45.586+0000] {processor.py:925} INFO - DAG(s) '02_sql_transform' retrieved from /opt/airflow/dags/02_sql_transform.py
[2026-09-10T20:31:45.615+0000] {logging_mixin.py:190} INFO - [2026-09-10T20:31:45.615+0000] {dag.py:3239} INFO - Sync 1 DAGs
[2026-09-10T20:31:45.629+0000] {logging_mixin.py:190} INFO - [2026-09-10T20:31:45.629+0000] {dag.py:4180} INFO - Setting next_dagrun for 02_sql_transform to None, run_after=None
[2026-09-10T20:31:45.648+0000] {processor.py:208} INFO - Processing /opt/airflow/dags/02_sql_transform.py took 0.081 seconds
[2026-09-10T20:32:16.312+0000] {processor.py:186} INFO - Started process (PID=2050) to work on /opt/airflow/dags/02_sql_transform.py
[2026-09-10T20:32:16.315+0000] {processor.py:914} INFO - Processing file /opt/airflow/dags/02_sql_transform.py for tasks to queue
[2026-09-10T20:32:16.320+0000] {logging_mixin.py:190} INFO - [2026-09-10T20:32:16.319+0000] {dagbag.py:588} INFO - Filling up the DagBag from /opt/airflow/dags/02_sql_transform.py
[2026-09-10T20:32:16.355+0000] {processor.py:925} INFO - DAG(s) '02_sql_transform' retrieved from /opt/airflow/dags/02_sql_transform.py
[2026-09-10T20:32:16.410+0000] {logging_mixin.py:190} INFO - [2026-09-10T20:32:16.410+0000] {dag.py:3239} INFO - Sync 1 DAGs
[2026-09-10T20:32:16.449+0000] {logging_mixin.py:190} INFO - [2026-09-10T20:32:16.448+0000] {dag.py:4180} INFO - Setting next_dagrun for 02_sql_transform to None, run_after=None
[2026-09-10T20:32:16.471+0000] {processor.py:208} INFO - Processing /opt/airflow/dags/02_sql_transform.py took 0.171 seconds
[2026-09-10T20:32:46.543+0000] {processor.py:186} INFO - Started process (PID=2120) to work on /opt/airflow/dags/02_sql_transform.py
[2026-09-10T20:32:46.544+0000] {processor.py:914} INFO - Processing file /opt/airflow/dags/02_sql_transform.py for tasks to queue
[2026-09-10T20:32:46.548+0000] {logging_mixin.py:190} INFO - [2026-09-10T20:32:46.547+0000] {dagbag.py:588} INFO - Filling up the DagBag from /opt/airflow/dags/02_sql_transform.py
[2026-09-10T20:32:46.556+0000] {processor.py:925} INFO - DAG(s) '02_sql_transform' retrieved from /opt/airflow/dags/02_sql_transform.py
[2026-09-10T20:32:46.585+0000] {logging_mixin.py:190} INFO - [2026-09-10T20:32:46.585+0000] {dag.py:3239} INFO - Sync 1 DAGs
[2026-09-10T20:32:46.600+0000] {logging_mixin.py:190} INFO - [2026-09-10T20:32:46.600+0000] {dag.py:4180} INFO - Setting next_dagrun for 02_sql_transform to None, run_after=None
[2026-09-10T20:32:46.618+0000] {processor.py:208} INFO - Processing /opt/airflow/dags/02_sql_transform.py took 0.085 seconds
[2026-09-10T20:33:16.945+0000] {processor.py:186} INFO - Started process (PID=2190) to work on /opt/airflow/dags/02_sql_transform.py
[2026-09-10T20:33:16.946+0000] {processor.py:914} INFO - Processing file /opt/airflow/dags/02_sql_transform.py for tasks to queue
[2026-09-10T20:33:16.949+0000] {logging_mixin.py:190} INFO - [2026-09-10T20:33:16.949+0000] {dagbag.py:588} INFO - Filling up the DagBag from /opt/airflow/dags/02_sql_transform.py
[2026-09-10T20:33:16.959+0000] {processor.py:925} INFO - DAG(s) '02_sql_transform' retrieved from /opt/airflow/dags/02_sql_transform.py
[2026-09-10T20:33:16.992+0000] {logging_mixin.py:190} INFO - [2026-09-10T20:33:16.991+0000] {dag.py:3239} INFO - Sync 1 DAGs
[2026-09-10T20:33:17.009+0000] {logging_mixin.py:190} INFO - [2026-09-10T20:33:17.009+0000] {dag.py:4180} INFO - Setting next_dagrun for 02_sql_transform to None, run_after=None
[2026-09-10T20:33:17.034+0000] {processor.py:208} INFO - Processing /opt/airflow/dags/02_sql_transform.py took 0.098 seconds
[2026-09-10T20:33:47.204+0000] {processor.py:186} INFO - Started process (PID=2260) to work on /opt/airflow/dags/02_sql_transform.py
[2026-09-10T20:33:47.205+0000] {processor.py:914} INFO - Processing file /opt/airflow/dags/02_sql_transform.py for tasks to queue
[2026-09-10T20:33:47.207+0000] {logging_mixin.py:190} INFO - [2026-09-10T20:33:47.207+0000] {dagbag.py:588} INFO - Filling up the DagBag from /opt/airflow/dags/02_sql_transform.py
[2026-09-10T20:33:47.215+0000] {processor.py:925} INFO - DAG(s) '02_sql_transform' retrieved from /opt/airflow/dags/02_sql_transform.py
[2026-09-10T20:33:47.242+0000] {logging_mixin.py:190} INFO - [2026-09-10T20:33:47.242+0000] {dag.py:3239} INFO - Sync 1 DAGs
[2026-09-10T20:33:47.257+0000] {logging_mixin.py:190} INFO - [2026-09-10T20:33:47.257+0000] {dag.py:4180} INFO - Setting next_dagrun for 02_sql_transform to None, run_after=None
[2026-09-10T20:33:47.274+0000] {processor.py:208} INFO - Processing /opt/airflow/dags/02_sql_transform.py took 0.077 seconds
[2026-09-10T20:34:17.477+0000] {processor.py:186} INFO - Started process (PID=2330) to work on /opt/airflow/dags/02_sql_transform.py
[2026-09-10T20:34:17.478+0000] {processor.py:914} INFO - Processing file /opt/airflow/dags/02_sql_transform.py for tasks to queue
[2026-09-10T20:34:17.480+0000] {logging_mixin.py:190} INFO - [2026-09-10T20:34:17.480+0000] {dagbag.py:588} INFO - Filling up the DagBag from /opt/airflow/dags/02_sql_transform.py
[2026-09-10T20:34:17.490+0000] {processor.py:925} INFO - DAG(s) '02_sql_transform' retrieved from /opt/airflow/dags/02_sql_transform.py
[2026-09-10T20:34:17.527+0000] {logging_mixin.py:190} INFO - [2026-09-10T20:34:17.526+0000] {dag.py:3239} INFO - Sync 1 DAGs
[2026-09-10T20:34:17.552+0000] {logging_mixin.py:190} INFO - [2026-09-10T20:34:17.552+0000] {dag.py:4180} INFO - Setting next_dagrun for 02_sql_transform to None, run_after=None
[2026-09-10T20:34:17.574+0000] {processor.py:208} INFO - Processing /opt/airflow/dags/02_sql_transform.py took 0.105 seconds
[2026-09-10T20:34:47.610+0000] {processor.py:186} INFO - Started process (PID=2398) to work on /opt/airflow/dags/02_sql_transform.py
[2026-09-10T20:34:47.612+0000] {processor.py:914} INFO - Processing file /opt/airflow/dags/02_sql_transform.py for tasks to queue
[2026-09-10T20:34:47.614+0000] {logging_mixin.py:190} INFO - [2026-09-10T20:34:47.613+0000] {dagbag.py:588} INFO - Filling up the DagBag from /opt/airflow/dags/02_sql_transform.py
[2026-09-10T20:34:47.622+0000] {processor.py:925} INFO - DAG(s) '02_sql_transform' retrieved from /opt/airflow/dags/02_sql_transform.py
[2026-09-10T20:34:47.649+0000] {logging_mixin.py:190} INFO - [2026-09-10T20:34:47.649+0000] {dag.py:3239} INFO - Sync 1 DAGs
[2026-09-10T20:34:47.663+0000] {logging_mixin.py:190} INFO - [2026-09-10T20:34:47.663+0000] {dag.py:4180} INFO - Setting next_dagrun for 02_sql_transform to None, run_after=None
[2026-09-10T20:34:47.681+0000] {processor.py:208} INFO - Processing /opt/airflow/dags/02_sql_transform.py took 0.077 seconds
[2026-09-10T20:35:17.889+0000] {processor.py:186} INFO - Started process (PID=2470) to work on /opt/airflow/dags/02_sql_transform.py
[2026-09-10T20:35:17.890+0000] {processor.py:914} INFO - Processing file /opt/airflow/dags/02_sql_transform.py for tasks to queue
[2026-09-10T20:35:17.893+0000] {logging_mixin.py:190} INFO - [2026-09-10T20:35:17.892+0000] {dagbag.py:588} INFO - Filling up the DagBag from /opt/airflow/dags/02_sql_transform.py
[2026-09-10T20:35:17.902+0000] {processor.py:925} INFO - DAG(s) '02_sql_transform' retrieved from /opt/airflow/dags/02_sql_transform.py
[2026-09-10T20:35:17.933+0000] {logging_mixin.py:190} INFO - [2026-09-10T20:35:17.933+0000] {dag.py:3239} INFO - Sync 1 DAGs
[2026-09-10T20:35:17.950+0000] {logging_mixin.py:190} INFO - [2026-09-10T20:35:17.950+0000] {dag.py:4180} INFO - Setting next_dagrun for 02_sql_transform to None, run_after=None
[2026-09-10T20:35:17.970+0000] {processor.py:208} INFO - Processing /opt/airflow/dags/02_sql_transform.py took 0.089 seconds
[2026-09-10T20:35:48.266+0000] {processor.py:186} INFO - Started process (PID=2540) to work on /opt/airflow/dags/02_sql_transform.py
[2026-09-10T20:35:48.268+0000] {processor.py:914} INFO - Processing file /opt/airflow/dags/02_sql_transform.py for tasks to queue
[2026-09-10T20:35:48.273+0000] {logging_mixin.py:190} INFO - [2026-09-10T20:35:48.272+0000] {dagbag.py:588} INFO - Filling up the DagBag from /opt/airflow/dags/02_sql_transform.py
[2026-09-10T20:35:48.283+0000] {processor.py:925} INFO - DAG(s) '02_sql_transform' retrieved from /opt/airflow/dags/02_sql_transform.py
[2026-09-10T20:35:48.323+0000] {logging_mixin.py:190} INFO - [2026-09-10T20:35:48.323+0000] {dag.py:3239} INFO - Sync 1 DAGs
[2026-09-10T20:35:48.346+0000] {logging_mixin.py:190} INFO - [2026-09-10T20:35:48.346+0000] {dag.py:4180} INFO - Setting next_dagrun for 02_sql_transform to None, run_after=None
[2026-09-10T20:35:48.377+0000] {processor.py:208} INFO - Processing /opt/airflow/dags/02_sql_transform.py took 0.119 seconds
[2026-09-10T20:36:19.398+0000] {processor.py:186} INFO - Started process (PID=2610) to work on /opt/airflow/dags/02_sql_transform.py
[2026-09-10T20:36:19.399+0000] {processor.py:914} INFO - Processing file /opt/airflow/dags/02_sql_transform.py for tasks to queue
[2026-09-10T20:36:19.403+0000] {logging_mixin.py:190} INFO - [2026-09-10T20:36:19.402+0000] {dagbag.py:588} INFO - Filling up the DagBag from /opt/airflow/dags/02_sql_transform.py
[2026-09-10T20:36:19.413+0000] {processor.py:925} INFO - DAG(s) '02_sql_transform' retrieved from /opt/airflow/dags/02_sql_transform.py
[2026-09-10T20:36:19.445+0000] {logging_mixin.py:190} INFO - [2026-09-10T20:36:19.444+0000] {dag.py:3239} INFO - Sync 1 DAGs
[2026-09-10T20:36:19.460+0000] {logging_mixin.py:190} INFO - [2026-09-10T20:36:19.460+0000] {dag.py:4180} INFO - Setting next_dagrun for 02_sql_transform to None, run_after=None
[2026-09-10T20:36:19.479+0000] {processor.py:208} INFO - Processing /opt/airflow/dags/02_sql_transform.py took 0.090 seconds
[2026-09-10T20:36:49.605+0000] {processor.py:186} INFO - Started process (PID=2680) to work on /opt/airflow/dags/02_sql_transform.py
[2026-09-10T20:36:49.607+0000] {processor.py:914} INFO - Processing file /opt/airflow/dags/02_sql_transform.py for tasks to queue
[2026-09-10T20:36:49.611+0000] {logging_mixin.py:190} INFO - [2026-09-10T20:36:49.610+0000] {dagbag.py:588} INFO - Filling up the DagBag from /opt/airflow/dags/02_sql_transform.py
[2026-09-10T20:36:49.620+0000] {processor.py:925} INFO - DAG(s) '02_sql_transform' retrieved from /opt/airflow/dags/02_sql_transform.py
[2026-09-10T20:36:49.656+0000] {logging_mixin.py:190} INFO - [2026-09-10T20:36:49.655+0000] {dag.py:3239} INFO - Sync 1 DAGs
[2026-09-10T20:36:49.673+0000] {logging_mixin.py:190} INFO - [2026-09-10T20:36:49.673+0000] {dag.py:4180} INFO - Setting next_dagrun for 02_sql_transform to None, run_after=None
[2026-09-10T20:36:49.693+0000] {processor.py:208} INFO - Processing /opt/airflow/dags/02_sql_transform.py took 0.098 seconds
[2026-09-10T20:37:19.742+0000] {processor.py:186} INFO - Started process (PID=2750) to work on /opt/airflow/dags/02_sql_transform.py
[2026-09-10T20:37:19.744+0000] {processor.py:914} INFO - Processing file /opt/airflow/dags/02_sql_transform.py for tasks to queue
[2026-09-10T20:37:19.747+0000] {logging_mixin.py:190} INFO - [2026-09-10T20:37:19.746+0000] {dagbag.py:588} INFO - Filling up the DagBag from /opt/airflow/dags/02_sql_transform.py
[2026-09-10T20:37:19.756+0000] {processor.py:925} INFO - DAG(s) '02_sql_transform' retrieved from /opt/airflow/dags/02_sql_transform.py
[2026-09-10T20:37:19.785+0000] {logging_mixin.py:190} INFO - [2026-09-10T20:37:19.785+0000] {dag.py:3239} INFO - Sync 1 DAGs
[2026-09-10T20:37:19.799+0000] {logging_mixin.py:190} INFO - [2026-09-10T20:37:19.799+0000] {dag.py:4180} INFO - Setting next_dagrun for 02_sql_transform to None, run_after=None
[2026-09-10T20:37:19.820+0000] {processor.py:208} INFO - Processing /opt/airflow/dags/02_sql_transform.py took 0.087 seconds
[2026-09-10T20:37:49.884+0000] {processor.py:186} INFO - Started process (PID=2820) to work on /opt/airflow/dags/02_sql_transform.py
[2026-09-10T20:37:49.887+0000] {processor.py:914} INFO - Processing file /opt/airflow/dags/02_sql_transform.py for tasks to queue
[2026-09-10T20:37:49.890+0000] {logging_mixin.py:190} INFO - [2026-09-10T20:37:49.890+0000] {dagbag.py:588} INFO - Filling up the DagBag from /opt/airflow/dags/02_sql_transform.py
[2026-09-10T20:37:49.900+0000] {processor.py:925} INFO - DAG(s) '02_sql_transform' retrieved from /opt/airflow/dags/02_sql_transform.py
[2026-09-10T20:37:49.932+0000] {logging_mixin.py:190} INFO - [2026-09-10T20:37:49.932+0000] {dag.py:3239} INFO - Sync 1 DAGs
[2026-09-10T20:37:49.949+0000] {logging_mixin.py:190} INFO - [2026-09-10T20:37:49.948+0000] {dag.py:4180} INFO - Setting next_dagrun for 02_sql_transform to None, run_after=None
[2026-09-10T20:37:49.969+0000] {processor.py:208} INFO - Processing /opt/airflow/dags/02_sql_transform.py took 0.094 seconds
[2026-09-10T20:38:20.122+0000] {processor.py:186} INFO - Started process (PID=2890) to work on /opt/airflow/dags/02_sql_transform.py
[2026-09-10T20:38:20.123+0000] {processor.py:914} INFO - Processing file /opt/airflow/dags/02_sql_transform.py for tasks to queue
[2026-09-10T20:38:20.126+0000] {logging_mixin.py:190} INFO - [2026-09-10T20:38:20.126+0000] {dagbag.py:588} INFO - Filling up the DagBag from /opt/airflow/dags/02_sql_transform.py
[2026-09-10T20:38:20.136+0000] {processor.py:925} INFO - DAG(s) '02_sql_transform' retrieved from /opt/airflow/dags/02_sql_transform.py
[2026-09-10T20:38:20.170+0000] {logging_mixin.py:190} INFO - [2026-09-10T20:38:20.170+0000] {dag.py:3239} INFO - Sync 1 DAGs
[2026-09-10T20:38:20.188+0000] {logging_mixin.py:190} INFO - [2026-09-10T20:38:20.188+0000] {dag.py:4180} INFO - Setting next_dagrun for 02_sql_transform to None, run_after=None
[2026-09-10T20:38:20.214+0000] {processor.py:208} INFO - Processing /opt/airflow/dags/02_sql_transform.py took 0.103 seconds
[2026-09-10T20:38:50.358+0000] {processor.py:186} INFO - Started process (PID=2960) to work on /opt/airflow/dags/02_sql_transform.py
[2026-09-10T20:38:50.359+0000] {processor.py:914} INFO - Processing file /opt/airflow/dags/02_sql_transform.py for tasks to queue
[2026-09-10T20:38:50.363+0000] {logging_mixin.py:190} INFO - [2026-09-10T20:38:50.362+0000] {dagbag.py:588} INFO - Filling up the DagBag from /opt/airflow/dags/02_sql_transform.py
[2026-09-10T20:38:50.372+0000] {processor.py:925} INFO - DAG(s) '02_sql_transform' retrieved from /opt/airflow/dags/02_sql_transform.py
[2026-09-10T20:38:50.404+0000] {logging_mixin.py:190} INFO - [2026-09-10T20:38:50.403+0000] {dag.py:3239} INFO - Sync 1 DAGs
[2026-09-10T20:38:50.423+0000] {logging_mixin.py:190} INFO - [2026-09-10T20:38:50.423+0000] {dag.py:4180} INFO - Setting next_dagrun for 02_sql_transform to None, run_after=None
[2026-09-10T20:38:50.443+0000] {processor.py:208} INFO - Processing /opt/airflow/dags/02_sql_transform.py took 0.094 seconds
[2026-09-10T20:39:20.528+0000] {processor.py:186} INFO - Started process (PID=3030) to work on /opt/airflow/dags/02_sql_transform.py
[2026-09-10T20:39:20.529+0000] {processor.py:914} INFO - Processing file /opt/airflow/dags/02_sql_transform.py for tasks to queue
[2026-09-10T20:39:20.532+0000] {logging_mixin.py:190} INFO - [2026-09-10T20:39:20.532+0000] {dagbag.py:588} INFO - Filling up the DagBag from /opt/airflow/dags/02_sql_transform.py
[2026-09-10T20:39:20.543+0000] {processor.py:925} INFO - DAG(s) '02_sql_transform' retrieved from /opt/airflow/dags/02_sql_transform.py
[2026-09-10T20:39:20.574+0000] {logging_mixin.py:190} INFO - [2026-09-10T20:39:20.574+0000] {dag.py:3239} INFO - Sync 1 DAGs
[2026-09-10T20:39:20.591+0000] {logging_mixin.py:190} INFO - [2026-09-10T20:39:20.590+0000] {dag.py:4180} INFO - Setting next_dagrun for 02_sql_transform to None, run_after=None
[2026-09-10T20:39:20.612+0000] {processor.py:208} INFO - Processing /opt/airflow/dags/02_sql_transform.py took 0.094 seconds
[2026-09-10T20:39:50.861+0000] {processor.py:186} INFO - Started process (PID=3100) to work on /opt/airflow/dags/02_sql_transform.py
[2026-09-10T20:39:50.863+0000] {processor.py:914} INFO - Processing file /opt/airflow/dags/02_sql_transform.py for tasks to queue
[2026-09-10T20:39:50.867+0000] {logging_mixin.py:190} INFO - [2026-09-10T20:39:50.867+0000] {dagbag.py:588} INFO - Filling up the DagBag from /opt/airflow/dags/02_sql_transform.py
[2026-09-10T20:39:50.881+0000] {processor.py:925} INFO - DAG(s) '02_sql_transform' retrieved from /opt/airflow/dags/02_sql_transform.py
[2026-09-10T20:39:50.917+0000] {logging_mixin.py:190} INFO - [2026-09-10T20:39:50.917+0000] {dag.py:3239} INFO - Sync 1 DAGs
[2026-09-10T20:39:50.937+0000] {logging_mixin.py:190} INFO - [2026-09-10T20:39:50.937+0000] {dag.py:4180} INFO - Setting next_dagrun for 02_sql_transform to None, run_after=None
[2026-09-10T20:39:50.961+0000] {processor.py:208} INFO - Processing /opt/airflow/dags/02_sql_transform.py took 0.113 seconds
[2026-09-10T20:40:21.084+0000] {processor.py:186} INFO - Started process (PID=3170) to work on /opt/airflow/dags/02_sql_transform.py
[2026-09-10T20:40:21.085+0000] {processor.py:914} INFO - Processing file /opt/airflow/dags/02_sql_transform.py for tasks to queue
[2026-09-10T20:40:21.087+0000] {logging_mixin.py:190} INFO - [2026-09-10T20:40:21.087+0000] {dagbag.py:588} INFO - Filling up the DagBag from /opt/airflow/dags/02_sql_transform.py
[2026-09-10T20:40:21.098+0000] {processor.py:925} INFO - DAG(s) '02_sql_transform' retrieved from /opt/airflow/dags/02_sql_transform.py
[2026-09-10T20:40:21.133+0000] {logging_mixin.py:190} INFO - [2026-09-10T20:40:21.133+0000] {dag.py:3239} INFO - Sync 1 DAGs
[2026-09-10T20:40:21.151+0000] {logging_mixin.py:190} INFO - [2026-09-10T20:40:21.151+0000] {dag.py:4180} INFO - Setting next_dagrun for 02_sql_transform to None, run_after=None
[2026-09-10T20:40:21.176+0000] {processor.py:208} INFO - Processing /opt/airflow/dags/02_sql_transform.py took 0.101 seconds
[2026-09-10T20:40:51.337+0000] {processor.py:186} INFO - Started process (PID=3240) to work on /opt/airflow/dags/02_sql_transform.py
[2026-09-10T20:40:51.339+0000] {processor.py:914} INFO - Processing file /opt/airflow/dags/02_sql_transform.py for tasks to queue
[2026-09-10T20:40:51.342+0000] {logging_mixin.py:190} INFO - [2026-09-10T20:40:51.342+0000] {dagbag.py:588} INFO - Filling up the DagBag from /opt/airflow/dags/02_sql_transform.py
[2026-09-10T20:40:51.352+0000] {processor.py:925} INFO - DAG(s) '02_sql_transform' retrieved from /opt/airflow/dags/02_sql_transform.py
[2026-09-10T20:40:51.384+0000] {logging_mixin.py:190} INFO - [2026-09-10T20:40:51.384+0000] {dag.py:3239} INFO - Sync 1 DAGs
[2026-09-10T20:40:51.400+0000] {logging_mixin.py:190} INFO - [2026-09-10T20:40:51.400+0000] {dag.py:4180} INFO - Setting next_dagrun for 02_sql_transform to None, run_after=None
[2026-09-10T20:40:51.422+0000] {processor.py:208} INFO - Processing /opt/airflow/dags/02_sql_transform.py took 0.096 seconds
[2026-09-10T20:41:21.596+0000] {processor.py:186} INFO - Started process (PID=3310) to work on /opt/airflow/dags/02_sql_transform.py
[2026-09-10T20:41:21.597+0000] {processor.py:914} INFO - Processing file /opt/airflow/dags/02_sql_transform.py for tasks to queue
[2026-09-10T20:41:21.600+0000] {logging_mixin.py:190} INFO - [2026-09-10T20:41:21.600+0000] {dagbag.py:588} INFO - Filling up the DagBag from /opt/airflow/dags/02_sql_transform.py
[2026-09-10T20:41:21.610+0000] {processor.py:925} INFO - DAG(s) '02_sql_transform' retrieved from /opt/airflow/dags/02_sql_transform.py
[2026-09-10T20:41:21.642+0000] {logging_mixin.py:190} INFO - [2026-09-10T20:41:21.642+0000] {dag.py:3239} INFO - Sync 1 DAGs
[2026-09-10T20:41:21.658+0000] {logging_mixin.py:190} INFO - [2026-09-10T20:41:21.658+0000] {dag.py:4180} INFO - Setting next_dagrun for 02_sql_transform to None, run_after=None
[2026-09-10T20:41:21.679+0000] {processor.py:208} INFO - Processing /opt/airflow/dags/02_sql_transform.py took 0.092 seconds
[2026-09-10T20:41:52.580+0000] {processor.py:186} INFO - Started process (PID=3380) to work on /opt/airflow/dags/02_sql_transform.py
[2026-09-10T20:41:52.582+0000] {processor.py:914} INFO - Processing file /opt/airflow/dags/02_sql_transform.py for tasks to queue
[2026-09-10T20:41:52.585+0000] {logging_mixin.py:190} INFO - [2026-09-10T20:41:52.585+0000] {dagbag.py:588} INFO - Filling up the DagBag from /opt/airflow/dags/02_sql_transform.py
[2026-09-10T20:41:52.595+0000] {processor.py:925} INFO - DAG(s) '02_sql_transform' retrieved from /opt/airflow/dags/02_sql_transform.py
[2026-09-10T20:41:52.628+0000] {logging_mixin.py:190} INFO - [2026-09-10T20:41:52.628+0000] {dag.py:3239} INFO - Sync 1 DAGs
[2026-09-10T20:41:52.644+0000] {logging_mixin.py:190} INFO - [2026-09-10T20:41:52.644+0000] {dag.py:4180} INFO - Setting next_dagrun for 02_sql_transform to None, run_after=None
[2026-09-10T20:41:52.663+0000] {processor.py:208} INFO - Processing /opt/airflow/dags/02_sql_transform.py took 0.093 seconds
[2026-09-10T20:42:22.742+0000] {processor.py:186} INFO - Started process (PID=3450) to work on /opt/airflow/dags/02_sql_transform.py
[2026-09-10T20:42:22.744+0000] {processor.py:914} INFO - Processing file /opt/airflow/dags/02_sql_transform.py for tasks to queue
[2026-09-10T20:42:22.747+0000] {logging_mixin.py:190} INFO - [2026-09-10T20:42:22.747+0000] {dagbag.py:588} INFO - Filling up the DagBag from /opt/airflow/dags/02_sql_transform.py
[2026-09-10T20:42:22.758+0000] {processor.py:925} INFO - DAG(s) '02_sql_transform' retrieved from /opt/airflow/dags/02_sql_transform.py
[2026-09-10T20:42:22.791+0000] {logging_mixin.py:190} INFO - [2026-09-10T20:42:22.791+0000] {dag.py:3239} INFO - Sync 1 DAGs
[2026-09-10T20:42:22.806+0000] {logging_mixin.py:190} INFO - [2026-09-10T20:42:22.806+0000] {dag.py:4180} INFO - Setting next_dagrun for 02_sql_transform to None, run_after=None
[2026-09-10T20:42:22.826+0000] {processor.py:208} INFO - Processing /opt/airflow/dags/02_sql_transform.py took 0.100 seconds
[2026-09-10T20:42:52.984+0000] {processor.py:186} INFO - Started process (PID=3520) to work on /opt/airflow/dags/02_sql_transform.py
[2026-09-10T20:42:52.986+0000] {processor.py:914} INFO - Processing file /opt/airflow/dags/02_sql_transform.py for tasks to queue
[2026-09-10T20:42:52.989+0000] {logging_mixin.py:190} INFO - [2026-09-10T20:42:52.989+0000] {dagbag.py:588} INFO - Filling up the DagBag from /opt/airflow/dags/02_sql_transform.py
[2026-09-10T20:42:52.999+0000] {processor.py:925} INFO - DAG(s) '02_sql_transform' retrieved from /opt/airflow/dags/02_sql_transform.py
[2026-09-10T20:42:53.034+0000] {logging_mixin.py:190} INFO - [2026-09-10T20:42:53.034+0000] {dag.py:3239} INFO - Sync 1 DAGs
[2026-09-10T20:42:53.051+0000] {logging_mixin.py:190} INFO - [2026-09-10T20:42:53.051+0000] {dag.py:4180} INFO - Setting next_dagrun for 02_sql_transform to None, run_after=None
[2026-09-10T20:42:53.075+0000] {processor.py:208} INFO - Processing /opt/airflow/dags/02_sql_transform.py took 0.100 seconds
[2026-09-10T20:43:23.253+0000] {processor.py:186} INFO - Started process (PID=3590) to work on /opt/airflow/dags/02_sql_transform.py
[2026-09-10T20:43:23.255+0000] {processor.py:914} INFO - Processing file /opt/airflow/dags/02_sql_transform.py for tasks to queue
[2026-09-10T20:43:23.258+0000] {logging_mixin.py:190} INFO - [2026-09-10T20:43:23.258+0000] {dagbag.py:588} INFO - Filling up the DagBag from /opt/airflow/dags/02_sql_transform.py
[2026-09-10T20:43:23.268+0000] {processor.py:925} INFO - DAG(s) '02_sql_transform' retrieved from /opt/airflow/dags/02_sql_transform.py
[2026-09-10T20:43:23.300+0000] {logging_mixin.py:190} INFO - [2026-09-10T20:43:23.300+0000] {dag.py:3239} INFO - Sync 1 DAGs
[2026-09-10T20:43:23.316+0000] {logging_mixin.py:190} INFO - [2026-09-10T20:43:23.315+0000] {dag.py:4180} INFO - Setting next_dagrun for 02_sql_transform to None, run_after=None
[2026-09-10T20:43:23.339+0000] {processor.py:208} INFO - Processing /opt/airflow/dags/02_sql_transform.py took 0.096 seconds
[2026-09-10T20:43:53.407+0000] {processor.py:186} INFO - Started process (PID=3660) to work on /opt/airflow/dags/02_sql_transform.py
[2026-09-10T20:43:53.409+0000] {processor.py:914} INFO - Processing file /opt/airflow/dags/02_sql_transform.py for tasks to queue
[2026-09-10T20:43:53.413+0000] {logging_mixin.py:190} INFO - [2026-09-10T20:43:53.412+0000] {dagbag.py:588} INFO - Filling up the DagBag from /opt/airflow/dags/02_sql_transform.py
[2026-09-10T20:43:53.423+0000] {processor.py:925} INFO - DAG(s) '02_sql_transform' retrieved from /opt/airflow/dags/02_sql_transform.py
[2026-09-10T20:43:53.455+0000] {logging_mixin.py:190} INFO - [2026-09-10T20:43:53.455+0000] {dag.py:3239} INFO - Sync 1 DAGs
[2026-09-10T20:43:53.472+0000] {logging_mixin.py:190} INFO - [2026-09-10T20:43:53.472+0000] {dag.py:4180} INFO - Setting next_dagrun for 02_sql_transform to None, run_after=None
[2026-09-10T20:43:53.491+0000] {processor.py:208} INFO - Processing /opt/airflow/dags/02_sql_transform.py took 0.093 seconds
[2026-09-10T20:44:23.607+0000] {processor.py:186} INFO - Started process (PID=3730) to work on /opt/airflow/dags/02_sql_transform.py
[2026-09-10T20:44:23.609+0000] {processor.py:914} INFO - Processing file /opt/airflow/dags/02_sql_transform.py for tasks to queue
[2026-09-10T20:44:23.614+0000] {logging_mixin.py:190} INFO - [2026-09-10T20:44:23.614+0000] {dagbag.py:588} INFO - Filling up the DagBag from /opt/airflow/dags/02_sql_transform.py
[2026-09-10T20:44:23.628+0000] {processor.py:925} INFO - DAG(s) '02_sql_transform' retrieved from /opt/airflow/dags/02_sql_transform.py
[2026-09-10T20:44:23.661+0000] {logging_mixin.py:190} INFO - [2026-09-10T20:44:23.661+0000] {dag.py:3239} INFO - Sync 1 DAGs
[2026-09-10T20:44:23.678+0000] {logging_mixin.py:190} INFO - [2026-09-10T20:44:23.678+0000] {dag.py:4180} INFO - Setting next_dagrun for 02_sql_transform to None, run_after=None
[2026-09-10T20:44:23.698+0000] {processor.py:208} INFO - Processing /opt/airflow/dags/02_sql_transform.py took 0.101 seconds
[2026-09-10T20:44:54.664+0000] {processor.py:186} INFO - Started process (PID=3800) to work on /opt/airflow/dags/02_sql_transform.py
[2026-09-10T20:44:54.666+0000] {processor.py:914} INFO - Processing file /opt/airflow/dags/02_sql_transform.py for tasks to queue
[2026-09-10T20:44:54.671+0000] {logging_mixin.py:190} INFO - [2026-09-10T20:44:54.671+0000] {dagbag.py:588} INFO - Filling up the DagBag from /opt/airflow/dags/02_sql_transform.py
[2026-09-10T20:44:54.684+0000] {processor.py:925} INFO - DAG(s) '02_sql_transform' retrieved from /opt/airflow/dags/02_sql_transform.py
[2026-09-10T20:44:54.722+0000] {logging_mixin.py:190} INFO - [2026-09-10T20:44:54.722+0000] {dag.py:3239} INFO - Sync 1 DAGs
[2026-09-10T20:44:54.745+0000] {logging_mixin.py:190} INFO - [2026-09-10T20:44:54.745+0000] {dag.py:4180} INFO - Setting next_dagrun for 02_sql_transform to None, run_after=None
[2026-09-10T20:44:54.768+0000] {processor.py:208} INFO - Processing /opt/airflow/dags/02_sql_transform.py took 0.115 seconds
[2026-09-10T20:45:24.939+0000] {processor.py:186} INFO - Started process (PID=3870) to work on /opt/airflow/dags/02_sql_transform.py
[2026-09-10T20:45:24.941+0000] {processor.py:914} INFO - Processing file /opt/airflow/dags/02_sql_transform.py for tasks to queue
[2026-09-10T20:45:24.946+0000] {logging_mixin.py:190} INFO - [2026-09-10T20:45:24.945+0000] {dagbag.py:588} INFO - Filling up the DagBag from /opt/airflow/dags/02_sql_transform.py
[2026-09-10T20:45:24.961+0000] {processor.py:925} INFO - DAG(s) '02_sql_transform' retrieved from /opt/airflow/dags/02_sql_transform.py
[2026-09-10T20:45:24.997+0000] {logging_mixin.py:190} INFO - [2026-09-10T20:45:24.997+0000] {dag.py:3239} INFO - Sync 1 DAGs
[2026-09-10T20:45:25.018+0000] {logging_mixin.py:190} INFO - [2026-09-10T20:45:25.018+0000] {dag.py:4180} INFO - Setting next_dagrun for 02_sql_transform to None, run_after=None
[2026-09-10T20:45:25.043+0000] {processor.py:208} INFO - Processing /opt/airflow/dags/02_sql_transform.py took 0.113 seconds
[2026-09-10T20:45:55.161+0000] {processor.py:186} INFO - Started process (PID=3964) to work on /opt/airflow/dags/02_sql_transform.py
[2026-09-10T20:45:55.163+0000] {processor.py:914} INFO - Processing file /opt/airflow/dags/02_sql_transform.py for tasks to queue
[2026-09-10T20:45:55.165+0000] {logging_mixin.py:190} INFO - [2026-09-10T20:45:55.164+0000] {dagbag.py:588} INFO - Filling up the DagBag from /opt/airflow/dags/02_sql_transform.py
[2026-09-10T20:45:55.172+0000] {processor.py:925} INFO - DAG(s) '02_sql_transform' retrieved from /opt/airflow/dags/02_sql_transform.py
[2026-09-10T20:45:55.202+0000] {logging_mixin.py:190} INFO - [2026-09-10T20:45:55.202+0000] {dag.py:3239} INFO - Sync 1 DAGs
[2026-09-10T20:45:55.218+0000] {logging_mixin.py:190} INFO - [2026-09-10T20:45:55.218+0000] {dag.py:4180} INFO - Setting next_dagrun for 02_sql_transform to None, run_after=None
[2026-09-10T20:45:55.238+0000] {processor.py:208} INFO - Processing /opt/airflow/dags/02_sql_transform.py took 0.083 seconds
[2026-09-10T20:46:25.306+0000] {processor.py:186} INFO - Started process (PID=4034) to work on /opt/airflow/dags/02_sql_transform.py
[2026-09-10T20:46:25.307+0000] {processor.py:914} INFO - Processing file /opt/airflow/dags/02_sql_transform.py for tasks to queue
[2026-09-10T20:46:25.309+0000] {logging_mixin.py:190} INFO - [2026-09-10T20:46:25.309+0000] {dagbag.py:588} INFO - Filling up the DagBag from /opt/airflow/dags/02_sql_transform.py
[2026-09-10T20:46:25.319+0000] {processor.py:925} INFO - DAG(s) '02_sql_transform' retrieved from /opt/airflow/dags/02_sql_transform.py
[2026-09-10T20:46:25.350+0000] {logging_mixin.py:190} INFO - [2026-09-10T20:46:25.350+0000] {dag.py:3239} INFO - Sync 1 DAGs
[2026-09-10T20:46:25.366+0000] {logging_mixin.py:190} INFO - [2026-09-10T20:46:25.366+0000] {dag.py:4180} INFO - Setting next_dagrun for 02_sql_transform to None, run_after=None
[2026-09-10T20:46:25.385+0000] {processor.py:208} INFO - Processing /opt/airflow/dags/02_sql_transform.py took 0.089 seconds
[2026-09-10T20:46:55.441+0000] {processor.py:186} INFO - Started process (PID=4104) to work on /opt/airflow/dags/02_sql_transform.py
[2026-09-10T20:46:55.443+0000] {processor.py:914} INFO - Processing file /opt/airflow/dags/02_sql_transform.py for tasks to queue
[2026-09-10T20:46:55.446+0000] {logging_mixin.py:190} INFO - [2026-09-10T20:46:55.445+0000] {dagbag.py:588} INFO - Filling up the DagBag from /opt/airflow/dags/02_sql_transform.py
[2026-09-10T20:46:55.456+0000] {processor.py:925} INFO - DAG(s) '02_sql_transform' retrieved from /opt/airflow/dags/02_sql_transform.py
[2026-09-10T20:46:55.486+0000] {logging_mixin.py:190} INFO - [2026-09-10T20:46:55.486+0000] {dag.py:3239} INFO - Sync 1 DAGs
[2026-09-10T20:46:55.502+0000] {logging_mixin.py:190} INFO - [2026-09-10T20:46:55.502+0000] {dag.py:4180} INFO - Setting next_dagrun for 02_sql_transform to None, run_after=None
[2026-09-10T20:46:55.520+0000] {processor.py:208} INFO - Processing /opt/airflow/dags/02_sql_transform.py took 0.088 seconds
[2026-09-10T20:47:25.727+0000] {processor.py:186} INFO - Started process (PID=4174) to work on /opt/airflow/dags/02_sql_transform.py
[2026-09-10T20:47:25.729+0000] {processor.py:914} INFO - Processing file /opt/airflow/dags/02_sql_transform.py for tasks to queue
[2026-09-10T20:47:25.733+0000] {logging_mixin.py:190} INFO - [2026-09-10T20:47:25.732+0000] {dagbag.py:588} INFO - Filling up the DagBag from /opt/airflow/dags/02_sql_transform.py
[2026-09-10T20:47:25.746+0000] {processor.py:925} INFO - DAG(s) '02_sql_transform' retrieved from /opt/airflow/dags/02_sql_transform.py
[2026-09-10T20:47:25.777+0000] {logging_mixin.py:190} INFO - [2026-09-10T20:47:25.777+0000] {dag.py:3239} INFO - Sync 1 DAGs
[2026-09-10T20:47:25.793+0000] {logging_mixin.py:190} INFO - [2026-09-10T20:47:25.793+0000] {dag.py:4180} INFO - Setting next_dagrun for 02_sql_transform to None, run_after=None
[2026-09-10T20:47:25.812+0000] {processor.py:208} INFO - Processing /opt/airflow/dags/02_sql_transform.py took 0.095 seconds
[2026-09-10T20:47:55.903+0000] {processor.py:186} INFO - Started process (PID=4244) to work on /opt/airflow/dags/02_sql_transform.py
[2026-09-10T20:47:55.905+0000] {processor.py:914} INFO - Processing file /opt/airflow/dags/02_sql_transform.py for tasks to queue
[2026-09-10T20:47:55.908+0000] {logging_mixin.py:190} INFO - [2026-09-10T20:47:55.908+0000] {dagbag.py:588} INFO - Filling up the DagBag from /opt/airflow/dags/02_sql_transform.py
[2026-09-10T20:47:55.921+0000] {processor.py:925} INFO - DAG(s) '02_sql_transform' retrieved from /opt/airflow/dags/02_sql_transform.py
[2026-09-10T20:47:55.954+0000] {logging_mixin.py:190} INFO - [2026-09-10T20:47:55.954+0000] {dag.py:3239} INFO - Sync 1 DAGs
[2026-09-10T20:47:55.971+0000] {logging_mixin.py:190} INFO - [2026-09-10T20:47:55.970+0000] {dag.py:4180} INFO - Setting next_dagrun for 02_sql_transform to None, run_after=None
[2026-09-10T20:47:55.990+0000] {processor.py:208} INFO - Processing /opt/airflow/dags/02_sql_transform.py took 0.094 seconds
[2026-09-10T20:48:26.057+0000] {processor.py:186} INFO - Started process (PID=4314) to work on /opt/airflow/dags/02_sql_transform.py
[2026-09-10T20:48:26.058+0000] {processor.py:914} INFO - Processing file /opt/airflow/dags/02_sql_transform.py for tasks to queue
[2026-09-10T20:48:26.061+0000] {logging_mixin.py:190} INFO - [2026-09-10T20:48:26.060+0000] {dagbag.py:588} INFO - Filling up the DagBag from /opt/airflow/dags/02_sql_transform.py
[2026-09-10T20:48:26.072+0000] {processor.py:925} INFO - DAG(s) '02_sql_transform' retrieved from /opt/airflow/dags/02_sql_transform.py
[2026-09-10T20:48:26.104+0000] {logging_mixin.py:190} INFO - [2026-09-10T20:48:26.104+0000] {dag.py:3239} INFO - Sync 1 DAGs
[2026-09-10T20:48:26.128+0000] {logging_mixin.py:190} INFO - [2026-09-10T20:48:26.127+0000] {dag.py:4180} INFO - Setting next_dagrun for 02_sql_transform to None, run_after=None
[2026-09-10T20:48:26.152+0000] {processor.py:208} INFO - Processing /opt/airflow/dags/02_sql_transform.py took 0.104 seconds
[2026-09-10T20:48:56.230+0000] {processor.py:186} INFO - Started process (PID=4384) to work on /opt/airflow/dags/02_sql_transform.py
[2026-09-10T20:48:56.232+0000] {processor.py:914} INFO - Processing file /opt/airflow/dags/02_sql_transform.py for tasks to queue
[2026-09-10T20:48:56.235+0000] {logging_mixin.py:190} INFO - [2026-09-10T20:48:56.235+0000] {dagbag.py:588} INFO - Filling up the DagBag from /opt/airflow/dags/02_sql_transform.py
[2026-09-10T20:48:56.246+0000] {processor.py:925} INFO - DAG(s) '02_sql_transform' retrieved from /opt/airflow/dags/02_sql_transform.py
[2026-09-10T20:48:56.278+0000] {logging_mixin.py:190} INFO - [2026-09-10T20:48:56.277+0000] {dag.py:3239} INFO - Sync 1 DAGs
[2026-09-10T20:48:56.294+0000] {logging_mixin.py:190} INFO - [2026-09-10T20:48:56.294+0000] {dag.py:4180} INFO - Setting next_dagrun for 02_sql_transform to None, run_after=None
[2026-09-10T20:48:56.315+0000] {processor.py:208} INFO - Processing /opt/airflow/dags/02_sql_transform.py took 0.093 seconds
[2026-09-10T20:49:26.372+0000] {processor.py:186} INFO - Started process (PID=4454) to work on /opt/airflow/dags/02_sql_transform.py
[2026-09-10T20:49:26.373+0000] {processor.py:914} INFO - Processing file /opt/airflow/dags/02_sql_transform.py for tasks to queue
[2026-09-10T20:49:26.376+0000] {logging_mixin.py:190} INFO - [2026-09-10T20:49:26.376+0000] {dagbag.py:588} INFO - Filling up the DagBag from /opt/airflow/dags/02_sql_transform.py
[2026-09-10T20:49:26.389+0000] {processor.py:925} INFO - DAG(s) '02_sql_transform' retrieved from /opt/airflow/dags/02_sql_transform.py
[2026-09-10T20:49:26.423+0000] {logging_mixin.py:190} INFO - [2026-09-10T20:49:26.422+0000] {dag.py:3239} INFO - Sync 1 DAGs
[2026-09-10T20:49:26.439+0000] {logging_mixin.py:190} INFO - [2026-09-10T20:49:26.439+0000] {dag.py:4180} INFO - Setting next_dagrun for 02_sql_transform to None, run_after=None
[2026-09-10T20:49:26.457+0000] {processor.py:208} INFO - Processing /opt/airflow/dags/02_sql_transform.py took 0.095 seconds
[2026-09-10T20:49:56.741+0000] {processor.py:186} INFO - Started process (PID=4524) to work on /opt/airflow/dags/02_sql_transform.py
[2026-09-10T20:49:56.742+0000] {processor.py:914} INFO - Processing file /opt/airflow/dags/02_sql_transform.py for tasks to queue
[2026-09-10T20:49:56.745+0000] {logging_mixin.py:190} INFO - [2026-09-10T20:49:56.744+0000] {dagbag.py:588} INFO - Filling up the DagBag from /opt/airflow/dags/02_sql_transform.py
[2026-09-10T20:49:56.754+0000] {processor.py:925} INFO - DAG(s) '02_sql_transform' retrieved from /opt/airflow/dags/02_sql_transform.py
[2026-09-10T20:49:56.784+0000] {logging_mixin.py:190} INFO - [2026-09-10T20:49:56.784+0000] {dag.py:3239} INFO - Sync 1 DAGs
[2026-09-10T20:49:56.800+0000] {logging_mixin.py:190} INFO - [2026-09-10T20:49:56.800+0000] {dag.py:4180} INFO - Setting next_dagrun for 02_sql_transform to None, run_after=None
[2026-09-10T20:49:56.818+0000] {processor.py:208} INFO - Processing /opt/airflow/dags/02_sql_transform.py took 0.085 seconds
[2026-09-10T20:50:26.878+0000] {processor.py:186} INFO - Started process (PID=4594) to work on /opt/airflow/dags/02_sql_transform.py
[2026-09-10T20:50:26.879+0000] {processor.py:914} INFO - Processing file /opt/airflow/dags/02_sql_transform.py for tasks to queue
[2026-09-10T20:50:26.882+0000] {logging_mixin.py:190} INFO - [2026-09-10T20:50:26.881+0000] {dagbag.py:588} INFO - Filling up the DagBag from /opt/airflow/dags/02_sql_transform.py
[2026-09-10T20:50:26.892+0000] {processor.py:925} INFO - DAG(s) '02_sql_transform' retrieved from /opt/airflow/dags/02_sql_transform.py
[2026-09-10T20:50:26.921+0000] {logging_mixin.py:190} INFO - [2026-09-10T20:50:26.921+0000] {dag.py:3239} INFO - Sync 1 DAGs
[2026-09-10T20:50:26.937+0000] {logging_mixin.py:190} INFO - [2026-09-10T20:50:26.936+0000] {dag.py:4180} INFO - Setting next_dagrun for 02_sql_transform to None, run_after=None
[2026-09-10T20:50:26.956+0000] {processor.py:208} INFO - Processing /opt/airflow/dags/02_sql_transform.py took 0.086 seconds
[2026-09-10T20:50:57.018+0000] {processor.py:186} INFO - Started process (PID=4662) to work on /opt/airflow/dags/02_sql_transform.py
[2026-09-10T20:50:57.019+0000] {processor.py:914} INFO - Processing file /opt/airflow/dags/02_sql_transform.py for tasks to queue
[2026-09-10T20:50:57.022+0000] {logging_mixin.py:190} INFO - [2026-09-10T20:50:57.021+0000] {dagbag.py:588} INFO - Filling up the DagBag from /opt/airflow/dags/02_sql_transform.py
[2026-09-10T20:50:57.032+0000] {processor.py:925} INFO - DAG(s) '02_sql_transform' retrieved from /opt/airflow/dags/02_sql_transform.py
[2026-09-10T20:50:57.067+0000] {logging_mixin.py:190} INFO - [2026-09-10T20:50:57.067+0000] {dag.py:3239} INFO - Sync 1 DAGs
[2026-09-10T20:50:57.084+0000] {logging_mixin.py:190} INFO - [2026-09-10T20:50:57.083+0000] {dag.py:4180} INFO - Setting next_dagrun for 02_sql_transform to None, run_after=None
[2026-09-10T20:50:57.106+0000] {processor.py:208} INFO - Processing /opt/airflow/dags/02_sql_transform.py took 0.100 seconds
[2026-09-10T20:51:27.347+0000] {processor.py:186} INFO - Started process (PID=4734) to work on /opt/airflow/dags/02_sql_transform.py
[2026-09-10T20:51:27.348+0000] {processor.py:914} INFO - Processing file /opt/airflow/dags/02_sql_transform.py for tasks to queue
[2026-09-10T20:51:27.352+0000] {logging_mixin.py:190} INFO - [2026-09-10T20:51:27.351+0000] {dagbag.py:588} INFO - Filling up the DagBag from /opt/airflow/dags/02_sql_transform.py
[2026-09-10T20:51:27.367+0000] {processor.py:925} INFO - DAG(s) '02_sql_transform' retrieved from /opt/airflow/dags/02_sql_transform.py
[2026-09-10T20:51:27.403+0000] {logging_mixin.py:190} INFO - [2026-09-10T20:51:27.403+0000] {dag.py:3239} INFO - Sync 1 DAGs
[2026-09-10T20:51:27.425+0000] {logging_mixin.py:190} INFO - [2026-09-10T20:51:27.424+0000] {dag.py:4180} INFO - Setting next_dagrun for 02_sql_transform to None, run_after=None
[2026-09-10T20:51:27.446+0000] {processor.py:208} INFO - Processing /opt/airflow/dags/02_sql_transform.py took 0.110 seconds
[2026-09-10T20:51:57.569+0000] {processor.py:186} INFO - Started process (PID=4804) to work on /opt/airflow/dags/02_sql_transform.py
[2026-09-10T20:51:57.571+0000] {processor.py:914} INFO - Processing file /opt/airflow/dags/02_sql_transform.py for tasks to queue
[2026-09-10T20:51:57.574+0000] {logging_mixin.py:190} INFO - [2026-09-10T20:51:57.573+0000] {dagbag.py:588} INFO - Filling up the DagBag from /opt/airflow/dags/02_sql_transform.py
[2026-09-10T20:51:57.583+0000] {processor.py:925} INFO - DAG(s) '02_sql_transform' retrieved from /opt/airflow/dags/02_sql_transform.py
[2026-09-10T20:51:57.622+0000] {logging_mixin.py:190} INFO - [2026-09-10T20:51:57.622+0000] {dag.py:3239} INFO - Sync 1 DAGs
[2026-09-10T20:51:57.638+0000] {logging_mixin.py:190} INFO - [2026-09-10T20:51:57.638+0000] {dag.py:4180} INFO - Setting next_dagrun for 02_sql_transform to None, run_after=None
[2026-09-10T20:51:57.657+0000] {processor.py:208} INFO - Processing /opt/airflow/dags/02_sql_transform.py took 0.096 seconds
[2026-09-10T20:52:27.728+0000] {processor.py:186} INFO - Started process (PID=4874) to work on /opt/airflow/dags/02_sql_transform.py
[2026-09-10T20:52:27.729+0000] {processor.py:914} INFO - Processing file /opt/airflow/dags/02_sql_transform.py for tasks to queue
[2026-09-10T20:52:27.732+0000] {logging_mixin.py:190} INFO - [2026-09-10T20:52:27.732+0000] {dagbag.py:588} INFO - Filling up the DagBag from /opt/airflow/dags/02_sql_transform.py
[2026-09-10T20:52:27.745+0000] {processor.py:925} INFO - DAG(s) '02_sql_transform' retrieved from /opt/airflow/dags/02_sql_transform.py
[2026-09-10T20:52:27.778+0000] {logging_mixin.py:190} INFO - [2026-09-10T20:52:27.778+0000] {dag.py:3239} INFO - Sync 1 DAGs
[2026-09-10T20:52:27.799+0000] {logging_mixin.py:190} INFO - [2026-09-10T20:52:27.799+0000] {dag.py:4180} INFO - Setting next_dagrun for 02_sql_transform to None, run_after=None
[2026-09-10T20:52:27.819+0000] {processor.py:208} INFO - Processing /opt/airflow/dags/02_sql_transform.py took 0.102 seconds
[2026-09-10T20:52:57.865+0000] {processor.py:186} INFO - Started process (PID=4942) to work on /opt/airflow/dags/02_sql_transform.py
[2026-09-10T20:52:57.870+0000] {processor.py:914} INFO - Processing file /opt/airflow/dags/02_sql_transform.py for tasks to queue
[2026-09-10T20:52:57.872+0000] {logging_mixin.py:190} INFO - [2026-09-10T20:52:57.872+0000] {dagbag.py:588} INFO - Filling up the DagBag from /opt/airflow/dags/02_sql_transform.py
[2026-09-10T20:52:57.883+0000] {processor.py:925} INFO - DAG(s) '02_sql_transform' retrieved from /opt/airflow/dags/02_sql_transform.py
[2026-09-10T20:52:57.911+0000] {logging_mixin.py:190} INFO - [2026-09-10T20:52:57.911+0000] {dag.py:3239} INFO - Sync 1 DAGs
[2026-09-10T20:52:57.927+0000] {logging_mixin.py:190} INFO - [2026-09-10T20:52:57.927+0000] {dag.py:4180} INFO - Setting next_dagrun for 02_sql_transform to None, run_after=None
[2026-09-10T20:52:57.946+0000] {processor.py:208} INFO - Processing /opt/airflow/dags/02_sql_transform.py took 0.090 seconds
[2026-09-10T20:53:28.032+0000] {processor.py:186} INFO - Started process (PID=5012) to work on /opt/airflow/dags/02_sql_transform.py
[2026-09-10T20:53:28.033+0000] {processor.py:914} INFO - Processing file /opt/airflow/dags/02_sql_transform.py for tasks to queue
[2026-09-10T20:53:28.036+0000] {logging_mixin.py:190} INFO - [2026-09-10T20:53:28.036+0000] {dagbag.py:588} INFO - Filling up the DagBag from /opt/airflow/dags/02_sql_transform.py
[2026-09-10T20:53:28.047+0000] {processor.py:925} INFO - DAG(s) '02_sql_transform' retrieved from /opt/airflow/dags/02_sql_transform.py
[2026-09-10T20:53:28.078+0000] {logging_mixin.py:190} INFO - [2026-09-10T20:53:28.077+0000] {dag.py:3239} INFO - Sync 1 DAGs
[2026-09-10T20:53:28.094+0000] {logging_mixin.py:190} INFO - [2026-09-10T20:53:28.093+0000] {dag.py:4180} INFO - Setting next_dagrun for 02_sql_transform to None, run_after=None
[2026-09-10T20:53:28.112+0000] {processor.py:208} INFO - Processing /opt/airflow/dags/02_sql_transform.py took 0.088 seconds
[2026-09-10T20:53:58.279+0000] {processor.py:186} INFO - Started process (PID=5082) to work on /opt/airflow/dags/02_sql_transform.py
[2026-09-10T20:53:58.281+0000] {processor.py:914} INFO - Processing file /opt/airflow/dags/02_sql_transform.py for tasks to queue
[2026-09-10T20:53:58.284+0000] {logging_mixin.py:190} INFO - [2026-09-10T20:53:58.283+0000] {dagbag.py:588} INFO - Filling up the DagBag from /opt/airflow/dags/02_sql_transform.py
[2026-09-10T20:53:58.293+0000] {processor.py:925} INFO - DAG(s) '02_sql_transform' retrieved from /opt/airflow/dags/02_sql_transform.py
[2026-09-10T20:53:58.324+0000] {logging_mixin.py:190} INFO - [2026-09-10T20:53:58.323+0000] {dag.py:3239} INFO - Sync 1 DAGs
[2026-09-10T20:53:58.340+0000] {logging_mixin.py:190} INFO - [2026-09-10T20:53:58.340+0000] {dag.py:4180} INFO - Setting next_dagrun for 02_sql_transform to None, run_after=None
[2026-09-10T20:53:58.361+0000] {processor.py:208} INFO - Processing /opt/airflow/dags/02_sql_transform.py took 0.089 seconds
[2026-09-10T20:54:28.587+0000] {processor.py:186} INFO - Started process (PID=5152) to work on /opt/airflow/dags/02_sql_transform.py
[2026-09-10T20:54:28.588+0000] {processor.py:914} INFO - Processing file /opt/airflow/dags/02_sql_transform.py for tasks to queue
[2026-09-10T20:54:28.591+0000] {logging_mixin.py:190} INFO - [2026-09-10T20:54:28.591+0000] {dagbag.py:588} INFO - Filling up the DagBag from /opt/airflow/dags/02_sql_transform.py
[2026-09-10T20:54:28.604+0000] {processor.py:925} INFO - DAG(s) '02_sql_transform' retrieved from /opt/airflow/dags/02_sql_transform.py
[2026-09-10T20:54:28.633+0000] {logging_mixin.py:190} INFO - [2026-09-10T20:54:28.633+0000] {dag.py:3239} INFO - Sync 1 DAGs
[2026-09-10T20:54:28.650+0000] {logging_mixin.py:190} INFO - [2026-09-10T20:54:28.650+0000] {dag.py:4180} INFO - Setting next_dagrun for 02_sql_transform to None, run_after=None
[2026-09-10T20:54:28.670+0000] {processor.py:208} INFO - Processing /opt/airflow/dags/02_sql_transform.py took 0.094 seconds
[2026-09-10T20:54:58.736+0000] {processor.py:186} INFO - Started process (PID=5222) to work on /opt/airflow/dags/02_sql_transform.py
[2026-09-10T20:54:58.737+0000] {processor.py:914} INFO - Processing file /opt/airflow/dags/02_sql_transform.py for tasks to queue
[2026-09-10T20:54:58.741+0000] {logging_mixin.py:190} INFO - [2026-09-10T20:54:58.741+0000] {dagbag.py:588} INFO - Filling up the DagBag from /opt/airflow/dags/02_sql_transform.py
[2026-09-10T20:54:58.754+0000] {processor.py:925} INFO - DAG(s) '02_sql_transform' retrieved from /opt/airflow/dags/02_sql_transform.py
[2026-09-10T20:54:58.788+0000] {logging_mixin.py:190} INFO - [2026-09-10T20:54:58.788+0000] {dag.py:3239} INFO - Sync 1 DAGs
[2026-09-10T20:54:58.811+0000] {logging_mixin.py:190} INFO - [2026-09-10T20:54:58.810+0000] {dag.py:4180} INFO - Setting next_dagrun for 02_sql_transform to None, run_after=None
[2026-09-10T20:54:58.837+0000] {processor.py:208} INFO - Processing /opt/airflow/dags/02_sql_transform.py took 0.109 seconds
[2026-09-10T20:55:29.023+0000] {processor.py:186} INFO - Started process (PID=5292) to work on /opt/airflow/dags/02_sql_transform.py
[2026-09-10T20:55:29.024+0000] {processor.py:914} INFO - Processing file /opt/airflow/dags/02_sql_transform.py for tasks to queue
[2026-09-10T20:55:29.027+0000] {logging_mixin.py:190} INFO - [2026-09-10T20:55:29.027+0000] {dagbag.py:588} INFO - Filling up the DagBag from /opt/airflow/dags/02_sql_transform.py
[2026-09-10T20:55:29.037+0000] {processor.py:925} INFO - DAG(s) '02_sql_transform' retrieved from /opt/airflow/dags/02_sql_transform.py
[2026-09-10T20:55:29.067+0000] {logging_mixin.py:190} INFO - [2026-09-10T20:55:29.067+0000] {dag.py:3239} INFO - Sync 1 DAGs
[2026-09-10T20:55:29.083+0000] {logging_mixin.py:190} INFO - [2026-09-10T20:55:29.083+0000] {dag.py:4180} INFO - Setting next_dagrun for 02_sql_transform to None, run_after=None
[2026-09-10T20:55:29.102+0000] {processor.py:208} INFO - Processing /opt/airflow/dags/02_sql_transform.py took 0.089 seconds
[2026-09-10T20:55:59.289+0000] {processor.py:186} INFO - Started process (PID=5362) to work on /opt/airflow/dags/02_sql_transform.py
[2026-09-10T20:55:59.290+0000] {processor.py:914} INFO - Processing file /opt/airflow/dags/02_sql_transform.py for tasks to queue
[2026-09-10T20:55:59.293+0000] {logging_mixin.py:190} INFO - [2026-09-10T20:55:59.293+0000] {dagbag.py:588} INFO - Filling up the DagBag from /opt/airflow/dags/02_sql_transform.py
[2026-09-10T20:55:59.304+0000] {processor.py:925} INFO - DAG(s) '02_sql_transform' retrieved from /opt/airflow/dags/02_sql_transform.py
[2026-09-10T20:55:59.339+0000] {logging_mixin.py:190} INFO - [2026-09-10T20:55:59.338+0000] {dag.py:3239} INFO - Sync 1 DAGs
[2026-09-10T20:55:59.356+0000] {logging_mixin.py:190} INFO - [2026-09-10T20:55:59.355+0000] {dag.py:4180} INFO - Setting next_dagrun for 02_sql_transform to None, run_after=None
[2026-09-10T20:55:59.378+0000] {processor.py:208} INFO - Processing /opt/airflow/dags/02_sql_transform.py took 0.098 seconds
[2026-09-10T20:56:29.490+0000] {processor.py:186} INFO - Started process (PID=5432) to work on /opt/airflow/dags/02_sql_transform.py
[2026-09-10T20:56:29.491+0000] {processor.py:914} INFO - Processing file /opt/airflow/dags/02_sql_transform.py for tasks to queue
[2026-09-10T20:56:29.494+0000] {logging_mixin.py:190} INFO - [2026-09-10T20:56:29.494+0000] {dagbag.py:588} INFO - Filling up the DagBag from /opt/airflow/dags/02_sql_transform.py
[2026-09-10T20:56:29.505+0000] {processor.py:925} INFO - DAG(s) '02_sql_transform' retrieved from /opt/airflow/dags/02_sql_transform.py
[2026-09-10T20:56:29.535+0000] {logging_mixin.py:190} INFO - [2026-09-10T20:56:29.534+0000] {dag.py:3239} INFO - Sync 1 DAGs
[2026-09-10T20:56:29.551+0000] {logging_mixin.py:190} INFO - [2026-09-10T20:56:29.550+0000] {dag.py:4180} INFO - Setting next_dagrun for 02_sql_transform to None, run_after=None
[2026-09-10T20:56:29.572+0000] {processor.py:208} INFO - Processing /opt/airflow/dags/02_sql_transform.py took 0.093 seconds
[2026-09-10T20:56:59.703+0000] {processor.py:186} INFO - Started process (PID=5502) to work on /opt/airflow/dags/02_sql_transform.py
[2026-09-10T20:56:59.704+0000] {processor.py:914} INFO - Processing file /opt/airflow/dags/02_sql_transform.py for tasks to queue
[2026-09-10T20:56:59.707+0000] {logging_mixin.py:190} INFO - [2026-09-10T20:56:59.706+0000] {dagbag.py:588} INFO - Filling up the DagBag from /opt/airflow/dags/02_sql_transform.py
[2026-09-10T20:56:59.715+0000] {processor.py:925} INFO - DAG(s) '02_sql_transform' retrieved from /opt/airflow/dags/02_sql_transform.py
[2026-09-10T20:56:59.753+0000] {logging_mixin.py:190} INFO - [2026-09-10T20:56:59.753+0000] {dag.py:3239} INFO - Sync 1 DAGs
[2026-09-10T20:56:59.774+0000] {logging_mixin.py:190} INFO - [2026-09-10T20:56:59.774+0000] {dag.py:4180} INFO - Setting next_dagrun for 02_sql_transform to None, run_after=None
[2026-09-10T20:56:59.798+0000] {processor.py:208} INFO - Processing /opt/airflow/dags/02_sql_transform.py took 0.101 seconds
[2026-09-10T20:57:29.913+0000] {processor.py:186} INFO - Started process (PID=5572) to work on /opt/airflow/dags/02_sql_transform.py
[2026-09-10T20:57:29.913+0000] {processor.py:914} INFO - Processing file /opt/airflow/dags/02_sql_transform.py for tasks to queue
[2026-09-10T20:57:29.916+0000] {logging_mixin.py:190} INFO - [2026-09-10T20:57:29.916+0000] {dagbag.py:588} INFO - Filling up the DagBag from /opt/airflow/dags/02_sql_transform.py
[2026-09-10T20:57:29.926+0000] {processor.py:925} INFO - DAG(s) '02_sql_transform' retrieved from /opt/airflow/dags/02_sql_transform.py
[2026-09-10T20:57:29.958+0000] {logging_mixin.py:190} INFO - [2026-09-10T20:57:29.958+0000] {dag.py:3239} INFO - Sync 1 DAGs
[2026-09-10T20:57:29.975+0000] {logging_mixin.py:190} INFO - [2026-09-10T20:57:29.975+0000] {dag.py:4180} INFO - Setting next_dagrun for 02_sql_transform to None, run_after=None
[2026-09-10T20:57:29.994+0000] {processor.py:208} INFO - Processing /opt/airflow/dags/02_sql_transform.py took 0.090 seconds
[2026-09-10T20:58:00.374+0000] {processor.py:186} INFO - Started process (PID=5644) to work on /opt/airflow/dags/02_sql_transform.py
[2026-09-10T20:58:00.378+0000] {processor.py:914} INFO - Processing file /opt/airflow/dags/02_sql_transform.py for tasks to queue
[2026-09-10T20:58:00.382+0000] {logging_mixin.py:190} INFO - [2026-09-10T20:58:00.382+0000] {dagbag.py:588} INFO - Filling up the DagBag from /opt/airflow/dags/02_sql_transform.py
[2026-09-10T20:58:00.399+0000] {processor.py:925} INFO - DAG(s) '02_sql_transform' retrieved from /opt/airflow/dags/02_sql_transform.py
[2026-09-10T20:58:00.443+0000] {logging_mixin.py:190} INFO - [2026-09-10T20:58:00.442+0000] {dag.py:3239} INFO - Sync 1 DAGs
[2026-09-10T20:58:00.463+0000] {logging_mixin.py:190} INFO - [2026-09-10T20:58:00.462+0000] {dag.py:4180} INFO - Setting next_dagrun for 02_sql_transform to None, run_after=None
[2026-09-10T20:58:00.493+0000] {processor.py:208} INFO - Processing /opt/airflow/dags/02_sql_transform.py took 0.131 seconds
[2026-09-10T20:58:30.809+0000] {processor.py:186} INFO - Started process (PID=5712) to work on /opt/airflow/dags/02_sql_transform.py
[2026-09-10T20:58:30.810+0000] {processor.py:914} INFO - Processing file /opt/airflow/dags/02_sql_transform.py for tasks to queue
[2026-09-10T20:58:30.812+0000] {logging_mixin.py:190} INFO - [2026-09-10T20:58:30.812+0000] {dagbag.py:588} INFO - Filling up the DagBag from /opt/airflow/dags/02_sql_transform.py
[2026-09-10T20:58:30.823+0000] {processor.py:925} INFO - DAG(s) '02_sql_transform' retrieved from /opt/airflow/dags/02_sql_transform.py
[2026-09-10T20:58:30.872+0000] {logging_mixin.py:190} INFO - [2026-09-10T20:58:30.872+0000] {dag.py:3239} INFO - Sync 1 DAGs
[2026-09-10T20:58:30.892+0000] {logging_mixin.py:190} INFO - [2026-09-10T20:58:30.892+0000] {dag.py:4180} INFO - Setting next_dagrun for 02_sql_transform to None, run_after=None
[2026-09-10T20:58:30.924+0000] {processor.py:208} INFO - Processing /opt/airflow/dags/02_sql_transform.py took 0.127 seconds
[2026-09-10T20:59:01.357+0000] {processor.py:186} INFO - Started process (PID=5784) to work on /opt/airflow/dags/02_sql_transform.py
[2026-09-10T20:59:01.358+0000] {processor.py:914} INFO - Processing file /opt/airflow/dags/02_sql_transform.py for tasks to queue
[2026-09-10T20:59:01.360+0000] {logging_mixin.py:190} INFO - [2026-09-10T20:59:01.360+0000] {dagbag.py:588} INFO - Filling up the DagBag from /opt/airflow/dags/02_sql_transform.py
[2026-09-10T20:59:01.370+0000] {processor.py:925} INFO - DAG(s) '02_sql_transform' retrieved from /opt/airflow/dags/02_sql_transform.py
[2026-09-10T20:59:01.401+0000] {logging_mixin.py:190} INFO - [2026-09-10T20:59:01.401+0000] {dag.py:3239} INFO - Sync 1 DAGs
[2026-09-10T20:59:01.421+0000] {logging_mixin.py:190} INFO - [2026-09-10T20:59:01.421+0000] {dag.py:4180} INFO - Setting next_dagrun for 02_sql_transform to None, run_after=None
[2026-09-10T20:59:01.448+0000] {processor.py:208} INFO - Processing /opt/airflow/dags/02_sql_transform.py took 0.099 seconds
[2026-09-10T20:59:31.524+0000] {processor.py:186} INFO - Started process (PID=5852) to work on /opt/airflow/dags/02_sql_transform.py
[2026-09-10T20:59:31.525+0000] {processor.py:914} INFO - Processing file /opt/airflow/dags/02_sql_transform.py for tasks to queue
[2026-09-10T20:59:31.528+0000] {logging_mixin.py:190} INFO - [2026-09-10T20:59:31.527+0000] {dagbag.py:588} INFO - Filling up the DagBag from /opt/airflow/dags/02_sql_transform.py
[2026-09-10T20:59:31.538+0000] {processor.py:925} INFO - DAG(s) '02_sql_transform' retrieved from /opt/airflow/dags/02_sql_transform.py
[2026-09-10T20:59:31.566+0000] {logging_mixin.py:190} INFO - [2026-09-10T20:59:31.566+0000] {dag.py:3239} INFO - Sync 1 DAGs
[2026-09-10T20:59:31.582+0000] {logging_mixin.py:190} INFO - [2026-09-10T20:59:31.582+0000] {dag.py:4180} INFO - Setting next_dagrun for 02_sql_transform to None, run_after=None
[2026-09-10T20:59:31.599+0000] {processor.py:208} INFO - Processing /opt/airflow/dags/02_sql_transform.py took 0.083 seconds
[2026-09-10T21:00:01.817+0000] {processor.py:186} INFO - Started process (PID=5922) to work on /opt/airflow/dags/02_sql_transform.py
[2026-09-10T21:00:01.818+0000] {processor.py:914} INFO - Processing file /opt/airflow/dags/02_sql_transform.py for tasks to queue
[2026-09-10T21:00:01.823+0000] {logging_mixin.py:190} INFO - [2026-09-10T21:00:01.822+0000] {dagbag.py:588} INFO - Filling up the DagBag from /opt/airflow/dags/02_sql_transform.py
[2026-09-10T21:00:01.833+0000] {processor.py:925} INFO - DAG(s) '02_sql_transform' retrieved from /opt/airflow/dags/02_sql_transform.py
[2026-09-10T21:00:01.865+0000] {logging_mixin.py:190} INFO - [2026-09-10T21:00:01.864+0000] {dag.py:3239} INFO - Sync 1 DAGs
[2026-09-10T21:00:01.881+0000] {logging_mixin.py:190} INFO - [2026-09-10T21:00:01.881+0000] {dag.py:4180} INFO - Setting next_dagrun for 02_sql_transform to None, run_after=None
[2026-09-10T21:00:01.901+0000] {processor.py:208} INFO - Processing /opt/airflow/dags/02_sql_transform.py took 0.092 seconds
[2026-09-10T21:00:31.950+0000] {processor.py:186} INFO - Started process (PID=5993) to work on /opt/airflow/dags/02_sql_transform.py
[2026-09-10T21:00:31.951+0000] {processor.py:914} INFO - Processing file /opt/airflow/dags/02_sql_transform.py for tasks to queue
[2026-09-10T21:00:31.954+0000] {logging_mixin.py:190} INFO - [2026-09-10T21:00:31.954+0000] {dagbag.py:588} INFO - Filling up the DagBag from /opt/airflow/dags/02_sql_transform.py
[2026-09-10T21:00:31.963+0000] {processor.py:925} INFO - DAG(s) '02_sql_transform' retrieved from /opt/airflow/dags/02_sql_transform.py
[2026-09-10T21:00:31.992+0000] {logging_mixin.py:190} INFO - [2026-09-10T21:00:31.991+0000] {dag.py:3239} INFO - Sync 1 DAGs
[2026-09-10T21:00:32.009+0000] {logging_mixin.py:190} INFO - [2026-09-10T21:00:32.008+0000] {dag.py:4180} INFO - Setting next_dagrun for 02_sql_transform to None, run_after=None
[2026-09-10T21:00:32.029+0000] {processor.py:208} INFO - Processing /opt/airflow/dags/02_sql_transform.py took 0.087 seconds
[2026-09-10T21:01:02.228+0000] {processor.py:186} INFO - Started process (PID=6062) to work on /opt/airflow/dags/02_sql_transform.py
[2026-09-10T21:01:02.230+0000] {processor.py:914} INFO - Processing file /opt/airflow/dags/02_sql_transform.py for tasks to queue
[2026-09-10T21:01:02.233+0000] {logging_mixin.py:190} INFO - [2026-09-10T21:01:02.232+0000] {dagbag.py:588} INFO - Filling up the DagBag from /opt/airflow/dags/02_sql_transform.py
[2026-09-10T21:01:02.243+0000] {processor.py:925} INFO - DAG(s) '02_sql_transform' retrieved from /opt/airflow/dags/02_sql_transform.py
[2026-09-10T21:01:02.270+0000] {logging_mixin.py:190} INFO - [2026-09-10T21:01:02.270+0000] {dag.py:3239} INFO - Sync 1 DAGs
[2026-09-10T21:01:02.285+0000] {logging_mixin.py:190} INFO - [2026-09-10T21:01:02.285+0000] {dag.py:4180} INFO - Setting next_dagrun for 02_sql_transform to None, run_after=None
[2026-09-10T21:01:02.303+0000] {processor.py:208} INFO - Processing /opt/airflow/dags/02_sql_transform.py took 0.083 seconds
[2026-09-10T21:01:33.205+0000] {processor.py:186} INFO - Started process (PID=6132) to work on /opt/airflow/dags/02_sql_transform.py
[2026-09-10T21:01:33.206+0000] {processor.py:914} INFO - Processing file /opt/airflow/dags/02_sql_transform.py for tasks to queue
[2026-09-10T21:01:33.208+0000] {logging_mixin.py:190} INFO - [2026-09-10T21:01:33.208+0000] {dagbag.py:588} INFO - Filling up the DagBag from /opt/airflow/dags/02_sql_transform.py
[2026-09-10T21:01:33.218+0000] {processor.py:925} INFO - DAG(s) '02_sql_transform' retrieved from /opt/airflow/dags/02_sql_transform.py
[2026-09-10T21:01:33.250+0000] {logging_mixin.py:190} INFO - [2026-09-10T21:01:33.250+0000] {dag.py:3239} INFO - Sync 1 DAGs
[2026-09-10T21:01:33.267+0000] {logging_mixin.py:190} INFO - [2026-09-10T21:01:33.267+0000] {dag.py:4180} INFO - Setting next_dagrun for 02_sql_transform to None, run_after=None
[2026-09-10T21:01:33.285+0000] {processor.py:208} INFO - Processing /opt/airflow/dags/02_sql_transform.py took 0.089 seconds
[2026-09-10T21:02:04.336+0000] {processor.py:186} INFO - Started process (PID=6202) to work on /opt/airflow/dags/02_sql_transform.py
[2026-09-10T21:02:04.338+0000] {processor.py:914} INFO - Processing file /opt/airflow/dags/02_sql_transform.py for tasks to queue
[2026-09-10T21:02:04.341+0000] {logging_mixin.py:190} INFO - [2026-09-10T21:02:04.340+0000] {dagbag.py:588} INFO - Filling up the DagBag from /opt/airflow/dags/02_sql_transform.py
[2026-09-10T21:02:04.353+0000] {processor.py:925} INFO - DAG(s) '02_sql_transform' retrieved from /opt/airflow/dags/02_sql_transform.py
[2026-09-10T21:02:04.381+0000] {logging_mixin.py:190} INFO - [2026-09-10T21:02:04.381+0000] {dag.py:3239} INFO - Sync 1 DAGs
[2026-09-10T21:02:04.397+0000] {logging_mixin.py:190} INFO - [2026-09-10T21:02:04.396+0000] {dag.py:4180} INFO - Setting next_dagrun for 02_sql_transform to None, run_after=None
[2026-09-10T21:02:04.420+0000] {processor.py:208} INFO - Processing /opt/airflow/dags/02_sql_transform.py took 0.093 seconds
[2026-09-10T21:02:34.692+0000] {processor.py:186} INFO - Started process (PID=6272) to work on /opt/airflow/dags/02_sql_transform.py
[2026-09-10T21:02:34.693+0000] {processor.py:914} INFO - Processing file /opt/airflow/dags/02_sql_transform.py for tasks to queue
[2026-09-10T21:02:34.696+0000] {logging_mixin.py:190} INFO - [2026-09-10T21:02:34.696+0000] {dagbag.py:588} INFO - Filling up the DagBag from /opt/airflow/dags/02_sql_transform.py
[2026-09-10T21:02:34.706+0000] {processor.py:925} INFO - DAG(s) '02_sql_transform' retrieved from /opt/airflow/dags/02_sql_transform.py
[2026-09-10T21:02:34.742+0000] {logging_mixin.py:190} INFO - [2026-09-10T21:02:34.741+0000] {dag.py:3239} INFO - Sync 1 DAGs
[2026-09-10T21:02:34.761+0000] {logging_mixin.py:190} INFO - [2026-09-10T21:02:34.761+0000] {dag.py:4180} INFO - Setting next_dagrun for 02_sql_transform to None, run_after=None
[2026-09-10T21:02:34.782+0000] {processor.py:208} INFO - Processing /opt/airflow/dags/02_sql_transform.py took 0.098 seconds
[2026-09-10T21:03:05.007+0000] {processor.py:186} INFO - Started process (PID=6344) to work on /opt/airflow/dags/02_sql_transform.py
[2026-09-10T21:03:05.009+0000] {processor.py:914} INFO - Processing file /opt/airflow/dags/02_sql_transform.py for tasks to queue
[2026-09-10T21:03:05.014+0000] {logging_mixin.py:190} INFO - [2026-09-10T21:03:05.013+0000] {dagbag.py:588} INFO - Filling up the DagBag from /opt/airflow/dags/02_sql_transform.py
[2026-09-10T21:03:05.024+0000] {processor.py:925} INFO - DAG(s) '02_sql_transform' retrieved from /opt/airflow/dags/02_sql_transform.py
[2026-09-10T21:03:05.054+0000] {logging_mixin.py:190} INFO - [2026-09-10T21:03:05.053+0000] {dag.py:3239} INFO - Sync 1 DAGs
[2026-09-10T21:03:05.070+0000] {logging_mixin.py:190} INFO - [2026-09-10T21:03:05.069+0000] {dag.py:4180} INFO - Setting next_dagrun for 02_sql_transform to None, run_after=None
[2026-09-10T21:03:05.088+0000] {processor.py:208} INFO - Processing /opt/airflow/dags/02_sql_transform.py took 0.089 seconds
[2026-09-10T21:03:35.182+0000] {processor.py:186} INFO - Started process (PID=6412) to work on /opt/airflow/dags/02_sql_transform.py
[2026-09-10T21:03:35.184+0000] {processor.py:914} INFO - Processing file /opt/airflow/dags/02_sql_transform.py for tasks to queue
[2026-09-10T21:03:35.187+0000] {logging_mixin.py:190} INFO - [2026-09-10T21:03:35.187+0000] {dagbag.py:588} INFO - Filling up the DagBag from /opt/airflow/dags/02_sql_transform.py
[2026-09-10T21:03:35.197+0000] {processor.py:925} INFO - DAG(s) '02_sql_transform' retrieved from /opt/airflow/dags/02_sql_transform.py
[2026-09-10T21:03:35.228+0000] {logging_mixin.py:190} INFO - [2026-09-10T21:03:35.228+0000] {dag.py:3239} INFO - Sync 1 DAGs
[2026-09-10T21:03:35.246+0000] {logging_mixin.py:190} INFO - [2026-09-10T21:03:35.246+0000] {dag.py:4180} INFO - Setting next_dagrun for 02_sql_transform to None, run_after=None
[2026-09-10T21:03:35.269+0000] {processor.py:208} INFO - Processing /opt/airflow/dags/02_sql_transform.py took 0.097 seconds
[2026-09-10T21:04:05.470+0000] {processor.py:186} INFO - Started process (PID=6484) to work on /opt/airflow/dags/02_sql_transform.py
[2026-09-10T21:04:05.472+0000] {processor.py:914} INFO - Processing file /opt/airflow/dags/02_sql_transform.py for tasks to queue
[2026-09-10T21:04:05.475+0000] {logging_mixin.py:190} INFO - [2026-09-10T21:04:05.474+0000] {dagbag.py:588} INFO - Filling up the DagBag from /opt/airflow/dags/02_sql_transform.py
[2026-09-10T21:04:05.485+0000] {processor.py:925} INFO - DAG(s) '02_sql_transform' retrieved from /opt/airflow/dags/02_sql_transform.py
[2026-09-10T21:04:05.515+0000] {logging_mixin.py:190} INFO - [2026-09-10T21:04:05.515+0000] {dag.py:3239} INFO - Sync 1 DAGs
[2026-09-10T21:04:05.532+0000] {logging_mixin.py:190} INFO - [2026-09-10T21:04:05.532+0000] {dag.py:4180} INFO - Setting next_dagrun for 02_sql_transform to None, run_after=None
[2026-09-10T21:04:05.551+0000] {processor.py:208} INFO - Processing /opt/airflow/dags/02_sql_transform.py took 0.089 seconds
[2026-09-10T21:04:35.593+0000] {processor.py:186} INFO - Started process (PID=6552) to work on /opt/airflow/dags/02_sql_transform.py
[2026-09-10T21:04:35.594+0000] {processor.py:914} INFO - Processing file /opt/airflow/dags/02_sql_transform.py for tasks to queue
[2026-09-10T21:04:35.597+0000] {logging_mixin.py:190} INFO - [2026-09-10T21:04:35.597+0000] {dagbag.py:588} INFO - Filling up the DagBag from /opt/airflow/dags/02_sql_transform.py
[2026-09-10T21:04:35.608+0000] {processor.py:925} INFO - DAG(s) '02_sql_transform' retrieved from /opt/airflow/dags/02_sql_transform.py
[2026-09-10T21:04:35.647+0000] {logging_mixin.py:190} INFO - [2026-09-10T21:04:35.647+0000] {dag.py:3239} INFO - Sync 1 DAGs
[2026-09-10T21:04:35.663+0000] {logging_mixin.py:190} INFO - [2026-09-10T21:04:35.663+0000] {dag.py:4180} INFO - Setting next_dagrun for 02_sql_transform to None, run_after=None
[2026-09-10T21:04:35.682+0000] {processor.py:208} INFO - Processing /opt/airflow/dags/02_sql_transform.py took 0.098 seconds
[2026-09-10T21:05:05.800+0000] {processor.py:186} INFO - Started process (PID=6622) to work on /opt/airflow/dags/02_sql_transform.py
[2026-09-10T21:05:05.802+0000] {processor.py:914} INFO - Processing file /opt/airflow/dags/02_sql_transform.py for tasks to queue
[2026-09-10T21:05:05.805+0000] {logging_mixin.py:190} INFO - [2026-09-10T21:05:05.805+0000] {dagbag.py:588} INFO - Filling up the DagBag from /opt/airflow/dags/02_sql_transform.py
[2026-09-10T21:05:05.816+0000] {processor.py:925} INFO - DAG(s) '02_sql_transform' retrieved from /opt/airflow/dags/02_sql_transform.py
[2026-09-10T21:05:05.847+0000] {logging_mixin.py:190} INFO - [2026-09-10T21:05:05.847+0000] {dag.py:3239} INFO - Sync 1 DAGs
[2026-09-10T21:05:05.864+0000] {logging_mixin.py:190} INFO - [2026-09-10T21:05:05.863+0000] {dag.py:4180} INFO - Setting next_dagrun for 02_sql_transform to None, run_after=None
[2026-09-10T21:05:05.884+0000] {processor.py:208} INFO - Processing /opt/airflow/dags/02_sql_transform.py took 0.092 seconds
[2026-09-10T21:05:35.978+0000] {processor.py:186} INFO - Started process (PID=6692) to work on /opt/airflow/dags/02_sql_transform.py
[2026-09-10T21:05:35.979+0000] {processor.py:914} INFO - Processing file /opt/airflow/dags/02_sql_transform.py for tasks to queue
[2026-09-10T21:05:35.982+0000] {logging_mixin.py:190} INFO - [2026-09-10T21:05:35.981+0000] {dagbag.py:588} INFO - Filling up the DagBag from /opt/airflow/dags/02_sql_transform.py
[2026-09-10T21:05:35.992+0000] {processor.py:925} INFO - DAG(s) '02_sql_transform' retrieved from /opt/airflow/dags/02_sql_transform.py
[2026-09-10T21:05:36.035+0000] {logging_mixin.py:190} INFO - [2026-09-10T21:05:36.034+0000] {dag.py:3239} INFO - Sync 1 DAGs
[2026-09-10T21:05:36.052+0000] {logging_mixin.py:190} INFO - [2026-09-10T21:05:36.051+0000] {dag.py:4180} INFO - Setting next_dagrun for 02_sql_transform to None, run_after=None
[2026-09-10T21:05:36.070+0000] {processor.py:208} INFO - Processing /opt/airflow/dags/02_sql_transform.py took 0.101 seconds
[2026-09-10T21:06:06.189+0000] {processor.py:186} INFO - Started process (PID=6762) to work on /opt/airflow/dags/02_sql_transform.py
[2026-09-10T21:06:06.191+0000] {processor.py:914} INFO - Processing file /opt/airflow/dags/02_sql_transform.py for tasks to queue
[2026-09-10T21:06:06.194+0000] {logging_mixin.py:190} INFO - [2026-09-10T21:06:06.194+0000] {dagbag.py:588} INFO - Filling up the DagBag from /opt/airflow/dags/02_sql_transform.py
[2026-09-10T21:06:06.204+0000] {processor.py:925} INFO - DAG(s) '02_sql_transform' retrieved from /opt/airflow/dags/02_sql_transform.py
[2026-09-10T21:06:06.235+0000] {logging_mixin.py:190} INFO - [2026-09-10T21:06:06.234+0000] {dag.py:3239} INFO - Sync 1 DAGs
[2026-09-10T21:06:06.253+0000] {logging_mixin.py:190} INFO - [2026-09-10T21:06:06.253+0000] {dag.py:4180} INFO - Setting next_dagrun for 02_sql_transform to None, run_after=None
[2026-09-10T21:06:06.273+0000] {processor.py:208} INFO - Processing /opt/airflow/dags/02_sql_transform.py took 0.092 seconds
[2026-09-10T21:06:36.496+0000] {processor.py:186} INFO - Started process (PID=6832) to work on /opt/airflow/dags/02_sql_transform.py
[2026-09-10T21:06:36.497+0000] {processor.py:914} INFO - Processing file /opt/airflow/dags/02_sql_transform.py for tasks to queue
[2026-09-10T21:06:36.501+0000] {logging_mixin.py:190} INFO - [2026-09-10T21:06:36.500+0000] {dagbag.py:588} INFO - Filling up the DagBag from /opt/airflow/dags/02_sql_transform.py
[2026-09-10T21:06:36.511+0000] {processor.py:925} INFO - DAG(s) '02_sql_transform' retrieved from /opt/airflow/dags/02_sql_transform.py
[2026-09-10T21:06:36.556+0000] {logging_mixin.py:190} INFO - [2026-09-10T21:06:36.556+0000] {dag.py:3239} INFO - Sync 1 DAGs
[2026-09-10T21:06:36.576+0000] {logging_mixin.py:190} INFO - [2026-09-10T21:06:36.576+0000] {dag.py:4180} INFO - Setting next_dagrun for 02_sql_transform to None, run_after=None
[2026-09-10T21:06:36.605+0000] {processor.py:208} INFO - Processing /opt/airflow/dags/02_sql_transform.py took 0.119 seconds
[2026-09-10T21:07:06.769+0000] {processor.py:186} INFO - Started process (PID=6902) to work on /opt/airflow/dags/02_sql_transform.py
[2026-09-10T21:07:06.771+0000] {processor.py:914} INFO - Processing file /opt/airflow/dags/02_sql_transform.py for tasks to queue
[2026-09-10T21:07:06.774+0000] {logging_mixin.py:190} INFO - [2026-09-10T21:07:06.773+0000] {dagbag.py:588} INFO - Filling up the DagBag from /opt/airflow/dags/02_sql_transform.py
[2026-09-10T21:07:06.784+0000] {processor.py:925} INFO - DAG(s) '02_sql_transform' retrieved from /opt/airflow/dags/02_sql_transform.py
[2026-09-10T21:07:06.815+0000] {logging_mixin.py:190} INFO - [2026-09-10T21:07:06.815+0000] {dag.py:3239} INFO - Sync 1 DAGs
[2026-09-10T21:07:06.833+0000] {logging_mixin.py:190} INFO - [2026-09-10T21:07:06.833+0000] {dag.py:4180} INFO - Setting next_dagrun for 02_sql_transform to None, run_after=None
[2026-09-10T21:07:06.857+0000] {processor.py:208} INFO - Processing /opt/airflow/dags/02_sql_transform.py took 0.097 seconds
[2026-09-10T21:07:36.982+0000] {processor.py:186} INFO - Started process (PID=6972) to work on /opt/airflow/dags/02_sql_transform.py
[2026-09-10T21:07:36.983+0000] {processor.py:914} INFO - Processing file /opt/airflow/dags/02_sql_transform.py for tasks to queue
[2026-09-10T21:07:36.986+0000] {logging_mixin.py:190} INFO - [2026-09-10T21:07:36.986+0000] {dagbag.py:588} INFO - Filling up the DagBag from /opt/airflow/dags/02_sql_transform.py
[2026-09-10T21:07:36.996+0000] {processor.py:925} INFO - DAG(s) '02_sql_transform' retrieved from /opt/airflow/dags/02_sql_transform.py
[2026-09-10T21:07:37.029+0000] {logging_mixin.py:190} INFO - [2026-09-10T21:07:37.029+0000] {dag.py:3239} INFO - Sync 1 DAGs
[2026-09-10T21:07:37.047+0000] {logging_mixin.py:190} INFO - [2026-09-10T21:07:37.047+0000] {dag.py:4180} INFO - Setting next_dagrun for 02_sql_transform to None, run_after=None
[2026-09-10T21:07:37.067+0000] {processor.py:208} INFO - Processing /opt/airflow/dags/02_sql_transform.py took 0.093 seconds
[2026-09-10T21:08:07.122+0000] {processor.py:186} INFO - Started process (PID=7044) to work on /opt/airflow/dags/02_sql_transform.py
[2026-09-10T21:08:07.124+0000] {processor.py:914} INFO - Processing file /opt/airflow/dags/02_sql_transform.py for tasks to queue
[2026-09-10T21:08:07.127+0000] {logging_mixin.py:190} INFO - [2026-09-10T21:08:07.126+0000] {dagbag.py:588} INFO - Filling up the DagBag from /opt/airflow/dags/02_sql_transform.py
[2026-09-10T21:08:07.139+0000] {processor.py:925} INFO - DAG(s) '02_sql_transform' retrieved from /opt/airflow/dags/02_sql_transform.py
[2026-09-10T21:08:07.168+0000] {logging_mixin.py:190} INFO - [2026-09-10T21:08:07.168+0000] {dag.py:3239} INFO - Sync 1 DAGs
[2026-09-10T21:08:07.184+0000] {logging_mixin.py:190} INFO - [2026-09-10T21:08:07.184+0000] {dag.py:4180} INFO - Setting next_dagrun for 02_sql_transform to None, run_after=None
[2026-09-10T21:08:07.202+0000] {processor.py:208} INFO - Processing /opt/airflow/dags/02_sql_transform.py took 0.089 seconds
[2026-09-10T21:08:37.433+0000] {processor.py:186} INFO - Started process (PID=7112) to work on /opt/airflow/dags/02_sql_transform.py
[2026-09-10T21:08:37.433+0000] {processor.py:914} INFO - Processing file /opt/airflow/dags/02_sql_transform.py for tasks to queue
[2026-09-10T21:08:37.437+0000] {logging_mixin.py:190} INFO - [2026-09-10T21:08:37.437+0000] {dagbag.py:588} INFO - Filling up the DagBag from /opt/airflow/dags/02_sql_transform.py
[2026-09-10T21:08:37.447+0000] {processor.py:925} INFO - DAG(s) '02_sql_transform' retrieved from /opt/airflow/dags/02_sql_transform.py
[2026-09-10T21:08:37.477+0000] {logging_mixin.py:190} INFO - [2026-09-10T21:08:37.477+0000] {dag.py:3239} INFO - Sync 1 DAGs
[2026-09-10T21:08:37.494+0000] {logging_mixin.py:190} INFO - [2026-09-10T21:08:37.494+0000] {dag.py:4180} INFO - Setting next_dagrun for 02_sql_transform to None, run_after=None
[2026-09-10T21:08:37.516+0000] {processor.py:208} INFO - Processing /opt/airflow/dags/02_sql_transform.py took 0.091 seconds
[2026-09-10T21:09:08.693+0000] {processor.py:186} INFO - Started process (PID=7184) to work on /opt/airflow/dags/02_sql_transform.py
[2026-09-10T21:09:08.701+0000] {processor.py:914} INFO - Processing file /opt/airflow/dags/02_sql_transform.py for tasks to queue
[2026-09-10T21:09:08.705+0000] {logging_mixin.py:190} INFO - [2026-09-10T21:09:08.704+0000] {dagbag.py:588} INFO - Filling up the DagBag from /opt/airflow/dags/02_sql_transform.py
[2026-09-10T21:09:08.722+0000] {processor.py:925} INFO - DAG(s) '02_sql_transform' retrieved from /opt/airflow/dags/02_sql_transform.py
[2026-09-10T21:09:08.759+0000] {logging_mixin.py:190} INFO - [2026-09-10T21:09:08.758+0000] {dag.py:3239} INFO - Sync 1 DAGs
[2026-09-10T21:09:08.779+0000] {logging_mixin.py:190} INFO - [2026-09-10T21:09:08.779+0000] {dag.py:4180} INFO - Setting next_dagrun for 02_sql_transform to None, run_after=None
[2026-09-10T21:09:08.803+0000] {processor.py:208} INFO - Processing /opt/airflow/dags/02_sql_transform.py took 0.124 seconds
[2026-09-10T21:09:38.904+0000] {processor.py:186} INFO - Started process (PID=7254) to work on /opt/airflow/dags/02_sql_transform.py
[2026-09-10T21:09:38.905+0000] {processor.py:914} INFO - Processing file /opt/airflow/dags/02_sql_transform.py for tasks to queue
[2026-09-10T21:09:38.908+0000] {logging_mixin.py:190} INFO - [2026-09-10T21:09:38.907+0000] {dagbag.py:588} INFO - Filling up the DagBag from /opt/airflow/dags/02_sql_transform.py
[2026-09-10T21:09:38.918+0000] {processor.py:925} INFO - DAG(s) '02_sql_transform' retrieved from /opt/airflow/dags/02_sql_transform.py
[2026-09-10T21:09:38.949+0000] {logging_mixin.py:190} INFO - [2026-09-10T21:09:38.949+0000] {dag.py:3239} INFO - Sync 1 DAGs
[2026-09-10T21:09:38.966+0000] {logging_mixin.py:190} INFO - [2026-09-10T21:09:38.966+0000] {dag.py:4180} INFO - Setting next_dagrun for 02_sql_transform to None, run_after=None
[2026-09-10T21:09:38.985+0000] {processor.py:208} INFO - Processing /opt/airflow/dags/02_sql_transform.py took 0.090 seconds
[2026-09-10T21:10:09.113+0000] {processor.py:186} INFO - Started process (PID=7322) to work on /opt/airflow/dags/02_sql_transform.py
[2026-09-10T21:10:09.114+0000] {processor.py:914} INFO - Processing file /opt/airflow/dags/02_sql_transform.py for tasks to queue
[2026-09-10T21:10:09.117+0000] {logging_mixin.py:190} INFO - [2026-09-10T21:10:09.117+0000] {dagbag.py:588} INFO - Filling up the DagBag from /opt/airflow/dags/02_sql_transform.py
[2026-09-10T21:10:09.133+0000] {processor.py:925} INFO - DAG(s) '02_sql_transform' retrieved from /opt/airflow/dags/02_sql_transform.py
[2026-09-10T21:10:09.165+0000] {logging_mixin.py:190} INFO - [2026-09-10T21:10:09.165+0000] {dag.py:3239} INFO - Sync 1 DAGs
[2026-09-10T21:10:09.185+0000] {logging_mixin.py:190} INFO - [2026-09-10T21:10:09.184+0000] {dag.py:4180} INFO - Setting next_dagrun for 02_sql_transform to None, run_after=None
[2026-09-10T21:10:09.207+0000] {processor.py:208} INFO - Processing /opt/airflow/dags/02_sql_transform.py took 0.103 seconds
[2026-09-10T21:10:39.252+0000] {processor.py:186} INFO - Started process (PID=7392) to work on /opt/airflow/dags/02_sql_transform.py
[2026-09-10T21:10:39.252+0000] {processor.py:914} INFO - Processing file /opt/airflow/dags/02_sql_transform.py for tasks to queue
[2026-09-10T21:10:39.255+0000] {logging_mixin.py:190} INFO - [2026-09-10T21:10:39.254+0000] {dagbag.py:588} INFO - Filling up the DagBag from /opt/airflow/dags/02_sql_transform.py
[2026-09-10T21:10:39.264+0000] {processor.py:925} INFO - DAG(s) '02_sql_transform' retrieved from /opt/airflow/dags/02_sql_transform.py
[2026-09-10T21:10:39.292+0000] {logging_mixin.py:190} INFO - [2026-09-10T21:10:39.291+0000] {dag.py:3239} INFO - Sync 1 DAGs
[2026-09-10T21:10:39.307+0000] {logging_mixin.py:190} INFO - [2026-09-10T21:10:39.307+0000] {dag.py:4180} INFO - Setting next_dagrun for 02_sql_transform to None, run_after=None
[2026-09-10T21:10:39.325+0000] {processor.py:208} INFO - Processing /opt/airflow/dags/02_sql_transform.py took 0.081 seconds
[2026-09-10T21:11:09.435+0000] {processor.py:186} INFO - Started process (PID=7462) to work on /opt/airflow/dags/02_sql_transform.py
[2026-09-10T21:11:09.436+0000] {processor.py:914} INFO - Processing file /opt/airflow/dags/02_sql_transform.py for tasks to queue
[2026-09-10T21:11:09.439+0000] {logging_mixin.py:190} INFO - [2026-09-10T21:11:09.439+0000] {dagbag.py:588} INFO - Filling up the DagBag from /opt/airflow/dags/02_sql_transform.py
[2026-09-10T21:11:09.450+0000] {processor.py:925} INFO - DAG(s) '02_sql_transform' retrieved from /opt/airflow/dags/02_sql_transform.py
[2026-09-10T21:11:09.480+0000] {logging_mixin.py:190} INFO - [2026-09-10T21:11:09.479+0000] {dag.py:3239} INFO - Sync 1 DAGs
[2026-09-10T21:11:09.496+0000] {logging_mixin.py:190} INFO - [2026-09-10T21:11:09.495+0000] {dag.py:4180} INFO - Setting next_dagrun for 02_sql_transform to None, run_after=None
[2026-09-10T21:11:09.514+0000] {processor.py:208} INFO - Processing /opt/airflow/dags/02_sql_transform.py took 0.087 seconds
[2026-09-10T21:11:39.674+0000] {processor.py:186} INFO - Started process (PID=7532) to work on /opt/airflow/dags/02_sql_transform.py
[2026-09-10T21:11:39.675+0000] {processor.py:914} INFO - Processing file /opt/airflow/dags/02_sql_transform.py for tasks to queue
[2026-09-10T21:11:39.678+0000] {logging_mixin.py:190} INFO - [2026-09-10T21:11:39.677+0000] {dagbag.py:588} INFO - Filling up the DagBag from /opt/airflow/dags/02_sql_transform.py
[2026-09-10T21:11:39.688+0000] {processor.py:925} INFO - DAG(s) '02_sql_transform' retrieved from /opt/airflow/dags/02_sql_transform.py
[2026-09-10T21:11:39.723+0000] {logging_mixin.py:190} INFO - [2026-09-10T21:11:39.723+0000] {dag.py:3239} INFO - Sync 1 DAGs
[2026-09-10T21:11:39.739+0000] {logging_mixin.py:190} INFO - [2026-09-10T21:11:39.739+0000] {dag.py:4180} INFO - Setting next_dagrun for 02_sql_transform to None, run_after=None
[2026-09-10T21:11:39.757+0000] {processor.py:208} INFO - Processing /opt/airflow/dags/02_sql_transform.py took 0.091 seconds
[2026-09-10T21:12:10.678+0000] {processor.py:186} INFO - Started process (PID=7602) to work on /opt/airflow/dags/02_sql_transform.py
[2026-09-10T21:12:10.679+0000] {processor.py:914} INFO - Processing file /opt/airflow/dags/02_sql_transform.py for tasks to queue
[2026-09-10T21:12:10.683+0000] {logging_mixin.py:190} INFO - [2026-09-10T21:12:10.682+0000] {dagbag.py:588} INFO - Filling up the DagBag from /opt/airflow/dags/02_sql_transform.py
[2026-09-10T21:12:10.694+0000] {processor.py:925} INFO - DAG(s) '02_sql_transform' retrieved from /opt/airflow/dags/02_sql_transform.py
[2026-09-10T21:12:10.724+0000] {logging_mixin.py:190} INFO - [2026-09-10T21:12:10.723+0000] {dag.py:3239} INFO - Sync 1 DAGs
[2026-09-10T21:12:10.740+0000] {logging_mixin.py:190} INFO - [2026-09-10T21:12:10.740+0000] {dag.py:4180} INFO - Setting next_dagrun for 02_sql_transform to None, run_after=None
[2026-09-10T21:12:10.759+0000] {processor.py:208} INFO - Processing /opt/airflow/dags/02_sql_transform.py took 0.090 seconds
[2026-09-10T21:12:42.866+0000] {processor.py:186} INFO - Started process (PID=7674) to work on /opt/airflow/dags/02_sql_transform.py
[2026-09-10T21:12:42.867+0000] {processor.py:914} INFO - Processing file /opt/airflow/dags/02_sql_transform.py for tasks to queue
[2026-09-10T21:12:42.870+0000] {logging_mixin.py:190} INFO - [2026-09-10T21:12:42.870+0000] {dagbag.py:588} INFO - Filling up the DagBag from /opt/airflow/dags/02_sql_transform.py
[2026-09-10T21:12:42.880+0000] {processor.py:925} INFO - DAG(s) '02_sql_transform' retrieved from /opt/airflow/dags/02_sql_transform.py
[2026-09-10T21:12:42.909+0000] {logging_mixin.py:190} INFO - [2026-09-10T21:12:42.909+0000] {dag.py:3239} INFO - Sync 1 DAGs
[2026-09-10T21:12:42.925+0000] {logging_mixin.py:190} INFO - [2026-09-10T21:12:42.925+0000] {dag.py:4180} INFO - Setting next_dagrun for 02_sql_transform to None, run_after=None
[2026-09-10T21:12:42.943+0000] {processor.py:208} INFO - Processing /opt/airflow/dags/02_sql_transform.py took 0.085 seconds
[2026-09-10T21:13:13.115+0000] {processor.py:186} INFO - Started process (PID=7744) to work on /opt/airflow/dags/02_sql_transform.py
[2026-09-10T21:13:13.115+0000] {processor.py:914} INFO - Processing file /opt/airflow/dags/02_sql_transform.py for tasks to queue
[2026-09-10T21:13:13.118+0000] {logging_mixin.py:190} INFO - [2026-09-10T21:13:13.118+0000] {dagbag.py:588} INFO - Filling up the DagBag from /opt/airflow/dags/02_sql_transform.py
[2026-09-10T21:13:13.129+0000] {processor.py:925} INFO - DAG(s) '02_sql_transform' retrieved from /opt/airflow/dags/02_sql_transform.py
[2026-09-10T21:13:13.159+0000] {logging_mixin.py:190} INFO - [2026-09-10T21:13:13.159+0000] {dag.py:3239} INFO - Sync 1 DAGs
[2026-09-10T21:13:13.176+0000] {logging_mixin.py:190} INFO - [2026-09-10T21:13:13.176+0000] {dag.py:4180} INFO - Setting next_dagrun for 02_sql_transform to None, run_after=None
[2026-09-10T21:13:13.196+0000] {processor.py:208} INFO - Processing /opt/airflow/dags/02_sql_transform.py took 0.090 seconds
[2026-09-10T21:13:43.981+0000] {processor.py:186} INFO - Started process (PID=7814) to work on /opt/airflow/dags/02_sql_transform.py
[2026-09-10T21:13:43.983+0000] {processor.py:914} INFO - Processing file /opt/airflow/dags/02_sql_transform.py for tasks to queue
[2026-09-10T21:13:43.985+0000] {logging_mixin.py:190} INFO - [2026-09-10T21:13:43.985+0000] {dagbag.py:588} INFO - Filling up the DagBag from /opt/airflow/dags/02_sql_transform.py
[2026-09-10T21:13:43.996+0000] {processor.py:925} INFO - DAG(s) '02_sql_transform' retrieved from /opt/airflow/dags/02_sql_transform.py
[2026-09-10T21:13:44.027+0000] {logging_mixin.py:190} INFO - [2026-09-10T21:13:44.027+0000] {dag.py:3239} INFO - Sync 1 DAGs
[2026-09-10T21:13:44.043+0000] {logging_mixin.py:190} INFO - [2026-09-10T21:13:44.043+0000] {dag.py:4180} INFO - Setting next_dagrun for 02_sql_transform to None, run_after=None
[2026-09-10T21:13:44.061+0000] {processor.py:208} INFO - Processing /opt/airflow/dags/02_sql_transform.py took 0.088 seconds
[2026-09-10T21:14:14.748+0000] {processor.py:186} INFO - Started process (PID=7882) to work on /opt/airflow/dags/02_sql_transform.py
[2026-09-10T21:14:14.749+0000] {processor.py:914} INFO - Processing file /opt/airflow/dags/02_sql_transform.py for tasks to queue
[2026-09-10T21:14:14.754+0000] {logging_mixin.py:190} INFO - [2026-09-10T21:14:14.753+0000] {dagbag.py:588} INFO - Filling up the DagBag from /opt/airflow/dags/02_sql_transform.py
[2026-09-10T21:14:14.776+0000] {processor.py:925} INFO - DAG(s) '02_sql_transform' retrieved from /opt/airflow/dags/02_sql_transform.py
[2026-09-10T21:14:14.836+0000] {logging_mixin.py:190} INFO - [2026-09-10T21:14:14.836+0000] {dag.py:3239} INFO - Sync 1 DAGs
[2026-09-10T21:14:15.161+0000] {logging_mixin.py:190} INFO - [2026-09-10T21:14:15.161+0000] {dag.py:4180} INFO - Setting next_dagrun for 02_sql_transform to None, run_after=None
[2026-09-10T21:14:15.188+0000] {processor.py:208} INFO - Processing /opt/airflow/dags/02_sql_transform.py took 0.454 seconds
[2026-09-10T21:14:45.606+0000] {processor.py:186} INFO - Started process (PID=7954) to work on /opt/airflow/dags/02_sql_transform.py
[2026-09-10T21:14:45.607+0000] {processor.py:914} INFO - Processing file /opt/airflow/dags/02_sql_transform.py for tasks to queue
[2026-09-10T21:14:45.609+0000] {logging_mixin.py:190} INFO - [2026-09-10T21:14:45.609+0000] {dagbag.py:588} INFO - Filling up the DagBag from /opt/airflow/dags/02_sql_transform.py
[2026-09-10T21:14:45.619+0000] {processor.py:925} INFO - DAG(s) '02_sql_transform' retrieved from /opt/airflow/dags/02_sql_transform.py
[2026-09-10T21:14:45.648+0000] {logging_mixin.py:190} INFO - [2026-09-10T21:14:45.648+0000] {dag.py:3239} INFO - Sync 1 DAGs
[2026-09-10T21:14:45.664+0000] {logging_mixin.py:190} INFO - [2026-09-10T21:14:45.663+0000] {dag.py:4180} INFO - Setting next_dagrun for 02_sql_transform to None, run_after=None
[2026-09-10T21:14:45.683+0000] {processor.py:208} INFO - Processing /opt/airflow/dags/02_sql_transform.py took 0.084 seconds
[2026-09-10T21:15:16.437+0000] {processor.py:186} INFO - Started process (PID=8024) to work on /opt/airflow/dags/02_sql_transform.py
[2026-09-10T21:15:16.438+0000] {processor.py:914} INFO - Processing file /opt/airflow/dags/02_sql_transform.py for tasks to queue
[2026-09-10T21:15:16.442+0000] {logging_mixin.py:190} INFO - [2026-09-10T21:15:16.441+0000] {dagbag.py:588} INFO - Filling up the DagBag from /opt/airflow/dags/02_sql_transform.py
[2026-09-10T21:15:16.453+0000] {processor.py:925} INFO - DAG(s) '02_sql_transform' retrieved from /opt/airflow/dags/02_sql_transform.py
[2026-09-10T21:15:16.495+0000] {logging_mixin.py:190} INFO - [2026-09-10T21:15:16.495+0000] {dag.py:3239} INFO - Sync 1 DAGs
[2026-09-10T21:15:16.517+0000] {logging_mixin.py:190} INFO - [2026-09-10T21:15:16.517+0000] {dag.py:4180} INFO - Setting next_dagrun for 02_sql_transform to None, run_after=None
[2026-09-10T21:15:16.539+0000] {processor.py:208} INFO - Processing /opt/airflow/dags/02_sql_transform.py took 0.114 seconds
[2026-09-10T21:15:46.626+0000] {processor.py:186} INFO - Started process (PID=8094) to work on /opt/airflow/dags/02_sql_transform.py
[2026-09-10T21:15:46.627+0000] {processor.py:914} INFO - Processing file /opt/airflow/dags/02_sql_transform.py for tasks to queue
[2026-09-10T21:15:46.631+0000] {logging_mixin.py:190} INFO - [2026-09-10T21:15:46.630+0000] {dagbag.py:588} INFO - Filling up the DagBag from /opt/airflow/dags/02_sql_transform.py
[2026-09-10T21:15:46.641+0000] {processor.py:925} INFO - DAG(s) '02_sql_transform' retrieved from /opt/airflow/dags/02_sql_transform.py
[2026-09-10T21:15:46.671+0000] {logging_mixin.py:190} INFO - [2026-09-10T21:15:46.671+0000] {dag.py:3239} INFO - Sync 1 DAGs
[2026-09-10T21:15:46.688+0000] {logging_mixin.py:190} INFO - [2026-09-10T21:15:46.688+0000] {dag.py:4180} INFO - Setting next_dagrun for 02_sql_transform to None, run_after=None
[2026-09-10T21:15:46.711+0000] {processor.py:208} INFO - Processing /opt/airflow/dags/02_sql_transform.py took 0.094 seconds
[2026-09-10T21:16:16.797+0000] {processor.py:186} INFO - Started process (PID=8164) to work on /opt/airflow/dags/02_sql_transform.py
[2026-09-10T21:16:16.798+0000] {processor.py:914} INFO - Processing file /opt/airflow/dags/02_sql_transform.py for tasks to queue
[2026-09-10T21:16:16.801+0000] {logging_mixin.py:190} INFO - [2026-09-10T21:16:16.800+0000] {dagbag.py:588} INFO - Filling up the DagBag from /opt/airflow/dags/02_sql_transform.py
[2026-09-10T21:16:16.810+0000] {processor.py:925} INFO - DAG(s) '02_sql_transform' retrieved from /opt/airflow/dags/02_sql_transform.py
[2026-09-10T21:16:16.837+0000] {logging_mixin.py:190} INFO - [2026-09-10T21:16:16.836+0000] {dag.py:3239} INFO - Sync 1 DAGs
[2026-09-10T21:16:16.851+0000] {logging_mixin.py:190} INFO - [2026-09-10T21:16:16.851+0000] {dag.py:4180} INFO - Setting next_dagrun for 02_sql_transform to None, run_after=None
[2026-09-10T21:16:16.870+0000] {processor.py:208} INFO - Processing /opt/airflow/dags/02_sql_transform.py took 0.081 seconds
[2026-09-10T21:16:47.030+0000] {processor.py:186} INFO - Started process (PID=8234) to work on /opt/airflow/dags/02_sql_transform.py
[2026-09-10T21:16:47.031+0000] {processor.py:914} INFO - Processing file /opt/airflow/dags/02_sql_transform.py for tasks to queue
[2026-09-10T21:16:47.033+0000] {logging_mixin.py:190} INFO - [2026-09-10T21:16:47.033+0000] {dagbag.py:588} INFO - Filling up the DagBag from /opt/airflow/dags/02_sql_transform.py
[2026-09-10T21:16:47.042+0000] {processor.py:925} INFO - DAG(s) '02_sql_transform' retrieved from /opt/airflow/dags/02_sql_transform.py
[2026-09-10T21:16:47.071+0000] {logging_mixin.py:190} INFO - [2026-09-10T21:16:47.070+0000] {dag.py:3239} INFO - Sync 1 DAGs
[2026-09-10T21:16:47.085+0000] {logging_mixin.py:190} INFO - [2026-09-10T21:16:47.085+0000] {dag.py:4180} INFO - Setting next_dagrun for 02_sql_transform to None, run_after=None
[2026-09-10T21:16:47.103+0000] {processor.py:208} INFO - Processing /opt/airflow/dags/02_sql_transform.py took 0.081 seconds
[2026-09-10T21:17:17.202+0000] {processor.py:186} INFO - Started process (PID=8304) to work on /opt/airflow/dags/02_sql_transform.py
[2026-09-10T21:17:17.203+0000] {processor.py:914} INFO - Processing file /opt/airflow/dags/02_sql_transform.py for tasks to queue
[2026-09-10T21:17:17.206+0000] {logging_mixin.py:190} INFO - [2026-09-10T21:17:17.206+0000] {dagbag.py:588} INFO - Filling up the DagBag from /opt/airflow/dags/02_sql_transform.py
[2026-09-10T21:17:17.218+0000] {processor.py:925} INFO - DAG(s) '02_sql_transform' retrieved from /opt/airflow/dags/02_sql_transform.py
[2026-09-10T21:17:17.247+0000] {logging_mixin.py:190} INFO - [2026-09-10T21:17:17.247+0000] {dag.py:3239} INFO - Sync 1 DAGs
[2026-09-10T21:17:17.261+0000] {logging_mixin.py:190} INFO - [2026-09-10T21:17:17.261+0000] {dag.py:4180} INFO - Setting next_dagrun for 02_sql_transform to None, run_after=None
[2026-09-10T21:17:17.279+0000] {processor.py:208} INFO - Processing /opt/airflow/dags/02_sql_transform.py took 0.085 seconds
[2026-09-10T21:17:47.380+0000] {processor.py:186} INFO - Started process (PID=8374) to work on /opt/airflow/dags/02_sql_transform.py
[2026-09-10T21:17:47.381+0000] {processor.py:914} INFO - Processing file /opt/airflow/dags/02_sql_transform.py for tasks to queue
[2026-09-10T21:17:47.384+0000] {logging_mixin.py:190} INFO - [2026-09-10T21:17:47.384+0000] {dagbag.py:588} INFO - Filling up the DagBag from /opt/airflow/dags/02_sql_transform.py
[2026-09-10T21:17:47.393+0000] {processor.py:925} INFO - DAG(s) '02_sql_transform' retrieved from /opt/airflow/dags/02_sql_transform.py
[2026-09-10T21:17:47.428+0000] {logging_mixin.py:190} INFO - [2026-09-10T21:17:47.428+0000] {dag.py:3239} INFO - Sync 1 DAGs
[2026-09-10T21:17:47.443+0000] {logging_mixin.py:190} INFO - [2026-09-10T21:17:47.443+0000] {dag.py:4180} INFO - Setting next_dagrun for 02_sql_transform to None, run_after=None
[2026-09-10T21:17:47.461+0000] {processor.py:208} INFO - Processing /opt/airflow/dags/02_sql_transform.py took 0.088 seconds
[2026-09-10T21:18:17.579+0000] {processor.py:186} INFO - Started process (PID=8444) to work on /opt/airflow/dags/02_sql_transform.py
[2026-09-10T21:18:17.581+0000] {processor.py:914} INFO - Processing file /opt/airflow/dags/02_sql_transform.py for tasks to queue
[2026-09-10T21:18:17.584+0000] {logging_mixin.py:190} INFO - [2026-09-10T21:18:17.584+0000] {dagbag.py:588} INFO - Filling up the DagBag from /opt/airflow/dags/02_sql_transform.py
[2026-09-10T21:18:17.595+0000] {processor.py:925} INFO - DAG(s) '02_sql_transform' retrieved from /opt/airflow/dags/02_sql_transform.py
[2026-09-10T21:18:17.626+0000] {logging_mixin.py:190} INFO - [2026-09-10T21:18:17.625+0000] {dag.py:3239} INFO - Sync 1 DAGs
[2026-09-10T21:18:17.640+0000] {logging_mixin.py:190} INFO - [2026-09-10T21:18:17.640+0000] {dag.py:4180} INFO - Setting next_dagrun for 02_sql_transform to None, run_after=None
[2026-09-10T21:18:17.657+0000] {processor.py:208} INFO - Processing /opt/airflow/dags/02_sql_transform.py took 0.086 seconds
[2026-09-10T21:18:47.729+0000] {processor.py:186} INFO - Started process (PID=8514) to work on /opt/airflow/dags/02_sql_transform.py
[2026-09-10T21:18:47.730+0000] {processor.py:914} INFO - Processing file /opt/airflow/dags/02_sql_transform.py for tasks to queue
[2026-09-10T21:18:47.732+0000] {logging_mixin.py:190} INFO - [2026-09-10T21:18:47.731+0000] {dagbag.py:588} INFO - Filling up the DagBag from /opt/airflow/dags/02_sql_transform.py
[2026-09-10T21:18:47.739+0000] {processor.py:925} INFO - DAG(s) '02_sql_transform' retrieved from /opt/airflow/dags/02_sql_transform.py
[2026-09-10T21:18:47.768+0000] {logging_mixin.py:190} INFO - [2026-09-10T21:18:47.767+0000] {dag.py:3239} INFO - Sync 1 DAGs
[2026-09-10T21:18:47.782+0000] {logging_mixin.py:190} INFO - [2026-09-10T21:18:47.782+0000] {dag.py:4180} INFO - Setting next_dagrun for 02_sql_transform to None, run_after=None
[2026-09-10T21:18:47.800+0000] {processor.py:208} INFO - Processing /opt/airflow/dags/02_sql_transform.py took 0.077 seconds
[2026-09-10T21:19:17.927+0000] {processor.py:186} INFO - Started process (PID=8584) to work on /opt/airflow/dags/02_sql_transform.py
[2026-09-10T21:19:17.928+0000] {processor.py:914} INFO - Processing file /opt/airflow/dags/02_sql_transform.py for tasks to queue
[2026-09-10T21:19:17.931+0000] {logging_mixin.py:190} INFO - [2026-09-10T21:19:17.931+0000] {dagbag.py:588} INFO - Filling up the DagBag from /opt/airflow/dags/02_sql_transform.py
[2026-09-10T21:19:17.942+0000] {processor.py:925} INFO - DAG(s) '02_sql_transform' retrieved from /opt/airflow/dags/02_sql_transform.py
[2026-09-10T21:19:17.972+0000] {logging_mixin.py:190} INFO - [2026-09-10T21:19:17.972+0000] {dag.py:3239} INFO - Sync 1 DAGs
[2026-09-10T21:19:17.988+0000] {logging_mixin.py:190} INFO - [2026-09-10T21:19:17.988+0000] {dag.py:4180} INFO - Setting next_dagrun for 02_sql_transform to None, run_after=None
[2026-09-10T21:19:18.010+0000] {processor.py:208} INFO - Processing /opt/airflow/dags/02_sql_transform.py took 0.092 seconds
[2026-09-10T21:19:48.127+0000] {processor.py:186} INFO - Started process (PID=8654) to work on /opt/airflow/dags/02_sql_transform.py
[2026-09-10T21:19:48.128+0000] {processor.py:914} INFO - Processing file /opt/airflow/dags/02_sql_transform.py for tasks to queue
[2026-09-10T21:19:48.130+0000] {logging_mixin.py:190} INFO - [2026-09-10T21:19:48.130+0000] {dagbag.py:588} INFO - Filling up the DagBag from /opt/airflow/dags/02_sql_transform.py
[2026-09-10T21:19:48.141+0000] {processor.py:925} INFO - DAG(s) '02_sql_transform' retrieved from /opt/airflow/dags/02_sql_transform.py
[2026-09-10T21:19:48.180+0000] {logging_mixin.py:190} INFO - [2026-09-10T21:19:48.179+0000] {dag.py:3239} INFO - Sync 1 DAGs
[2026-09-10T21:19:48.199+0000] {logging_mixin.py:190} INFO - [2026-09-10T21:19:48.199+0000] {dag.py:4180} INFO - Setting next_dagrun for 02_sql_transform to None, run_after=None
[2026-09-10T21:19:48.224+0000] {processor.py:208} INFO - Processing /opt/airflow/dags/02_sql_transform.py took 0.106 seconds
[2026-09-10T21:20:18.432+0000] {processor.py:186} INFO - Started process (PID=8724) to work on /opt/airflow/dags/02_sql_transform.py
[2026-09-10T21:20:18.433+0000] {processor.py:914} INFO - Processing file /opt/airflow/dags/02_sql_transform.py for tasks to queue
[2026-09-10T21:20:18.437+0000] {logging_mixin.py:190} INFO - [2026-09-10T21:20:18.436+0000] {dagbag.py:588} INFO - Filling up the DagBag from /opt/airflow/dags/02_sql_transform.py
[2026-09-10T21:20:18.447+0000] {processor.py:925} INFO - DAG(s) '02_sql_transform' retrieved from /opt/airflow/dags/02_sql_transform.py
[2026-09-10T21:20:18.482+0000] {logging_mixin.py:190} INFO - [2026-09-10T21:20:18.482+0000] {dag.py:3239} INFO - Sync 1 DAGs
[2026-09-10T21:20:18.500+0000] {logging_mixin.py:190} INFO - [2026-09-10T21:20:18.500+0000] {dag.py:4180} INFO - Setting next_dagrun for 02_sql_transform to None, run_after=None
[2026-09-10T21:20:18.524+0000] {processor.py:208} INFO - Processing /opt/airflow/dags/02_sql_transform.py took 0.099 seconds
[2026-09-10T21:20:48.585+0000] {processor.py:186} INFO - Started process (PID=8793) to work on /opt/airflow/dags/02_sql_transform.py
[2026-09-10T21:20:48.585+0000] {processor.py:914} INFO - Processing file /opt/airflow/dags/02_sql_transform.py for tasks to queue
[2026-09-10T21:20:48.588+0000] {logging_mixin.py:190} INFO - [2026-09-10T21:20:48.588+0000] {dagbag.py:588} INFO - Filling up the DagBag from /opt/airflow/dags/02_sql_transform.py
[2026-09-10T21:20:48.598+0000] {processor.py:925} INFO - DAG(s) '02_sql_transform' retrieved from /opt/airflow/dags/02_sql_transform.py
[2026-09-10T21:20:48.630+0000] {logging_mixin.py:190} INFO - [2026-09-10T21:20:48.630+0000] {dag.py:3239} INFO - Sync 1 DAGs
[2026-09-10T21:20:48.651+0000] {logging_mixin.py:190} INFO - [2026-09-10T21:20:48.651+0000] {dag.py:4180} INFO - Setting next_dagrun for 02_sql_transform to None, run_after=None
[2026-09-10T21:20:48.673+0000] {processor.py:208} INFO - Processing /opt/airflow/dags/02_sql_transform.py took 0.097 seconds
[2026-09-10T21:21:18.716+0000] {processor.py:186} INFO - Started process (PID=8863) to work on /opt/airflow/dags/02_sql_transform.py
[2026-09-10T21:21:18.717+0000] {processor.py:914} INFO - Processing file /opt/airflow/dags/02_sql_transform.py for tasks to queue
[2026-09-10T21:21:18.720+0000] {logging_mixin.py:190} INFO - [2026-09-10T21:21:18.719+0000] {dagbag.py:588} INFO - Filling up the DagBag from /opt/airflow/dags/02_sql_transform.py
[2026-09-10T21:21:18.729+0000] {processor.py:925} INFO - DAG(s) '02_sql_transform' retrieved from /opt/airflow/dags/02_sql_transform.py
[2026-09-10T21:21:18.760+0000] {logging_mixin.py:190} INFO - [2026-09-10T21:21:18.759+0000] {dag.py:3239} INFO - Sync 1 DAGs
[2026-09-10T21:21:18.777+0000] {logging_mixin.py:190} INFO - [2026-09-10T21:21:18.777+0000] {dag.py:4180} INFO - Setting next_dagrun for 02_sql_transform to None, run_after=None
[2026-09-10T21:21:18.798+0000] {processor.py:208} INFO - Processing /opt/airflow/dags/02_sql_transform.py took 0.091 seconds
[2026-09-10T21:21:48.929+0000] {processor.py:186} INFO - Started process (PID=8934) to work on /opt/airflow/dags/02_sql_transform.py
[2026-09-10T21:21:48.931+0000] {processor.py:914} INFO - Processing file /opt/airflow/dags/02_sql_transform.py for tasks to queue
[2026-09-10T21:21:48.933+0000] {logging_mixin.py:190} INFO - [2026-09-10T21:21:48.933+0000] {dagbag.py:588} INFO - Filling up the DagBag from /opt/airflow/dags/02_sql_transform.py
[2026-09-10T21:21:48.942+0000] {processor.py:925} INFO - DAG(s) '02_sql_transform' retrieved from /opt/airflow/dags/02_sql_transform.py
[2026-09-10T21:21:48.969+0000] {logging_mixin.py:190} INFO - [2026-09-10T21:21:48.969+0000] {dag.py:3239} INFO - Sync 1 DAGs
[2026-09-10T21:21:48.984+0000] {logging_mixin.py:190} INFO - [2026-09-10T21:21:48.984+0000] {dag.py:4180} INFO - Setting next_dagrun for 02_sql_transform to None, run_after=None
[2026-09-10T21:21:49.002+0000] {processor.py:208} INFO - Processing /opt/airflow/dags/02_sql_transform.py took 0.080 seconds
[2026-09-10T21:22:19.079+0000] {processor.py:186} INFO - Started process (PID=9004) to work on /opt/airflow/dags/02_sql_transform.py
[2026-09-10T21:22:19.080+0000] {processor.py:914} INFO - Processing file /opt/airflow/dags/02_sql_transform.py for tasks to queue
[2026-09-10T21:22:19.082+0000] {logging_mixin.py:190} INFO - [2026-09-10T21:22:19.082+0000] {dagbag.py:588} INFO - Filling up the DagBag from /opt/airflow/dags/02_sql_transform.py
[2026-09-10T21:22:19.091+0000] {processor.py:925} INFO - DAG(s) '02_sql_transform' retrieved from /opt/airflow/dags/02_sql_transform.py
[2026-09-10T21:22:19.119+0000] {logging_mixin.py:190} INFO - [2026-09-10T21:22:19.119+0000] {dag.py:3239} INFO - Sync 1 DAGs
[2026-09-10T21:22:19.135+0000] {logging_mixin.py:190} INFO - [2026-09-10T21:22:19.134+0000] {dag.py:4180} INFO - Setting next_dagrun for 02_sql_transform to None, run_after=None
[2026-09-10T21:22:19.152+0000] {processor.py:208} INFO - Processing /opt/airflow/dags/02_sql_transform.py took 0.080 seconds
[2026-09-10T21:22:49.358+0000] {processor.py:186} INFO - Started process (PID=9074) to work on /opt/airflow/dags/02_sql_transform.py
[2026-09-10T21:22:49.359+0000] {processor.py:914} INFO - Processing file /opt/airflow/dags/02_sql_transform.py for tasks to queue
[2026-09-10T21:22:49.362+0000] {logging_mixin.py:190} INFO - [2026-09-10T21:22:49.361+0000] {dagbag.py:588} INFO - Filling up the DagBag from /opt/airflow/dags/02_sql_transform.py
[2026-09-10T21:22:49.370+0000] {processor.py:925} INFO - DAG(s) '02_sql_transform' retrieved from /opt/airflow/dags/02_sql_transform.py
[2026-09-10T21:22:49.397+0000] {logging_mixin.py:190} INFO - [2026-09-10T21:22:49.397+0000] {dag.py:3239} INFO - Sync 1 DAGs
[2026-09-10T21:22:49.412+0000] {logging_mixin.py:190} INFO - [2026-09-10T21:22:49.411+0000] {dag.py:4180} INFO - Setting next_dagrun for 02_sql_transform to None, run_after=None
[2026-09-10T21:22:49.430+0000] {processor.py:208} INFO - Processing /opt/airflow/dags/02_sql_transform.py took 0.079 seconds
[2026-09-10T21:23:19.583+0000] {processor.py:186} INFO - Started process (PID=9144) to work on /opt/airflow/dags/02_sql_transform.py
[2026-09-10T21:23:19.584+0000] {processor.py:914} INFO - Processing file /opt/airflow/dags/02_sql_transform.py for tasks to queue
[2026-09-10T21:23:19.587+0000] {logging_mixin.py:190} INFO - [2026-09-10T21:23:19.586+0000] {dagbag.py:588} INFO - Filling up the DagBag from /opt/airflow/dags/02_sql_transform.py
[2026-09-10T21:23:19.596+0000] {processor.py:925} INFO - DAG(s) '02_sql_transform' retrieved from /opt/airflow/dags/02_sql_transform.py
[2026-09-10T21:23:19.624+0000] {logging_mixin.py:190} INFO - [2026-09-10T21:23:19.624+0000] {dag.py:3239} INFO - Sync 1 DAGs
[2026-09-10T21:23:19.639+0000] {logging_mixin.py:190} INFO - [2026-09-10T21:23:19.639+0000] {dag.py:4180} INFO - Setting next_dagrun for 02_sql_transform to None, run_after=None
[2026-09-10T21:23:19.656+0000] {processor.py:208} INFO - Processing /opt/airflow/dags/02_sql_transform.py took 0.081 seconds
[2026-09-10T21:23:49.815+0000] {processor.py:186} INFO - Started process (PID=9214) to work on /opt/airflow/dags/02_sql_transform.py
[2026-09-10T21:23:49.817+0000] {processor.py:914} INFO - Processing file /opt/airflow/dags/02_sql_transform.py for tasks to queue
[2026-09-10T21:23:49.819+0000] {logging_mixin.py:190} INFO - [2026-09-10T21:23:49.819+0000] {dagbag.py:588} INFO - Filling up the DagBag from /opt/airflow/dags/02_sql_transform.py
[2026-09-10T21:23:49.828+0000] {processor.py:925} INFO - DAG(s) '02_sql_transform' retrieved from /opt/airflow/dags/02_sql_transform.py
[2026-09-10T21:23:49.855+0000] {logging_mixin.py:190} INFO - [2026-09-10T21:23:49.855+0000] {dag.py:3239} INFO - Sync 1 DAGs
[2026-09-10T21:23:49.869+0000] {logging_mixin.py:190} INFO - [2026-09-10T21:23:49.869+0000] {dag.py:4180} INFO - Setting next_dagrun for 02_sql_transform to None, run_after=None
[2026-09-10T21:23:49.886+0000] {processor.py:208} INFO - Processing /opt/airflow/dags/02_sql_transform.py took 0.078 seconds
[2026-09-10T21:24:20.014+0000] {processor.py:186} INFO - Started process (PID=9284) to work on /opt/airflow/dags/02_sql_transform.py
[2026-09-10T21:24:20.016+0000] {processor.py:914} INFO - Processing file /opt/airflow/dags/02_sql_transform.py for tasks to queue
[2026-09-10T21:24:20.019+0000] {logging_mixin.py:190} INFO - [2026-09-10T21:24:20.018+0000] {dagbag.py:588} INFO - Filling up the DagBag from /opt/airflow/dags/02_sql_transform.py
[2026-09-10T21:24:20.029+0000] {processor.py:925} INFO - DAG(s) '02_sql_transform' retrieved from /opt/airflow/dags/02_sql_transform.py
[2026-09-10T21:24:20.061+0000] {logging_mixin.py:190} INFO - [2026-09-10T21:24:20.061+0000] {dag.py:3239} INFO - Sync 1 DAGs
[2026-09-10T21:24:20.081+0000] {logging_mixin.py:190} INFO - [2026-09-10T21:24:20.081+0000] {dag.py:4180} INFO - Setting next_dagrun for 02_sql_transform to None, run_after=None
[2026-09-10T21:24:20.101+0000] {processor.py:208} INFO - Processing /opt/airflow/dags/02_sql_transform.py took 0.100 seconds
[2026-09-10T21:24:50.264+0000] {processor.py:186} INFO - Started process (PID=9354) to work on /opt/airflow/dags/02_sql_transform.py
[2026-09-10T21:24:50.265+0000] {processor.py:914} INFO - Processing file /opt/airflow/dags/02_sql_transform.py for tasks to queue
[2026-09-10T21:24:50.268+0000] {logging_mixin.py:190} INFO - [2026-09-10T21:24:50.267+0000] {dagbag.py:588} INFO - Filling up the DagBag from /opt/airflow/dags/02_sql_transform.py
[2026-09-10T21:24:50.277+0000] {processor.py:925} INFO - DAG(s) '02_sql_transform' retrieved from /opt/airflow/dags/02_sql_transform.py
[2026-09-10T21:24:50.306+0000] {logging_mixin.py:190} INFO - [2026-09-10T21:24:50.306+0000] {dag.py:3239} INFO - Sync 1 DAGs
[2026-09-10T21:24:50.321+0000] {logging_mixin.py:190} INFO - [2026-09-10T21:24:50.321+0000] {dag.py:4180} INFO - Setting next_dagrun for 02_sql_transform to None, run_after=None
[2026-09-10T21:24:50.339+0000] {processor.py:208} INFO - Processing /opt/airflow/dags/02_sql_transform.py took 0.082 seconds
[2026-09-10T21:25:20.473+0000] {processor.py:186} INFO - Started process (PID=9424) to work on /opt/airflow/dags/02_sql_transform.py
[2026-09-10T21:25:20.474+0000] {processor.py:914} INFO - Processing file /opt/airflow/dags/02_sql_transform.py for tasks to queue
[2026-09-10T21:25:20.476+0000] {logging_mixin.py:190} INFO - [2026-09-10T21:25:20.476+0000] {dagbag.py:588} INFO - Filling up the DagBag from /opt/airflow/dags/02_sql_transform.py
[2026-09-10T21:25:20.486+0000] {processor.py:925} INFO - DAG(s) '02_sql_transform' retrieved from /opt/airflow/dags/02_sql_transform.py
[2026-09-10T21:25:20.514+0000] {logging_mixin.py:190} INFO - [2026-09-10T21:25:20.514+0000] {dag.py:3239} INFO - Sync 1 DAGs
[2026-09-10T21:25:20.529+0000] {logging_mixin.py:190} INFO - [2026-09-10T21:25:20.529+0000] {dag.py:4180} INFO - Setting next_dagrun for 02_sql_transform to None, run_after=None
[2026-09-10T21:25:20.547+0000] {processor.py:208} INFO - Processing /opt/airflow/dags/02_sql_transform.py took 0.082 seconds
[2026-09-10T21:25:50.655+0000] {processor.py:186} INFO - Started process (PID=9494) to work on /opt/airflow/dags/02_sql_transform.py
[2026-09-10T21:25:50.656+0000] {processor.py:914} INFO - Processing file /opt/airflow/dags/02_sql_transform.py for tasks to queue
[2026-09-10T21:25:50.658+0000] {logging_mixin.py:190} INFO - [2026-09-10T21:25:50.657+0000] {dagbag.py:588} INFO - Filling up the DagBag from /opt/airflow/dags/02_sql_transform.py
[2026-09-10T21:25:50.665+0000] {processor.py:925} INFO - DAG(s) '02_sql_transform' retrieved from /opt/airflow/dags/02_sql_transform.py
[2026-09-10T21:25:50.692+0000] {logging_mixin.py:190} INFO - [2026-09-10T21:25:50.691+0000] {dag.py:3239} INFO - Sync 1 DAGs
[2026-09-10T21:25:50.706+0000] {logging_mixin.py:190} INFO - [2026-09-10T21:25:50.706+0000] {dag.py:4180} INFO - Setting next_dagrun for 02_sql_transform to None, run_after=None
[2026-09-10T21:25:50.724+0000] {processor.py:208} INFO - Processing /opt/airflow/dags/02_sql_transform.py took 0.075 seconds
[2026-09-10T21:26:20.794+0000] {processor.py:186} INFO - Started process (PID=9564) to work on /opt/airflow/dags/02_sql_transform.py
[2026-09-10T21:26:20.797+0000] {processor.py:914} INFO - Processing file /opt/airflow/dags/02_sql_transform.py for tasks to queue
[2026-09-10T21:26:20.800+0000] {logging_mixin.py:190} INFO - [2026-09-10T21:26:20.800+0000] {dagbag.py:588} INFO - Filling up the DagBag from /opt/airflow/dags/02_sql_transform.py
[2026-09-10T21:26:20.809+0000] {processor.py:925} INFO - DAG(s) '02_sql_transform' retrieved from /opt/airflow/dags/02_sql_transform.py
[2026-09-10T21:26:20.838+0000] {logging_mixin.py:190} INFO - [2026-09-10T21:26:20.837+0000] {dag.py:3239} INFO - Sync 1 DAGs
[2026-09-10T21:26:20.852+0000] {logging_mixin.py:190} INFO - [2026-09-10T21:26:20.852+0000] {dag.py:4180} INFO - Setting next_dagrun for 02_sql_transform to None, run_after=None
[2026-09-10T21:26:20.870+0000] {processor.py:208} INFO - Processing /opt/airflow/dags/02_sql_transform.py took 0.084 seconds
[2026-09-10T21:26:50.966+0000] {processor.py:186} INFO - Started process (PID=9634) to work on /opt/airflow/dags/02_sql_transform.py
[2026-09-10T21:26:50.967+0000] {processor.py:914} INFO - Processing file /opt/airflow/dags/02_sql_transform.py for tasks to queue
[2026-09-10T21:26:50.969+0000] {logging_mixin.py:190} INFO - [2026-09-10T21:26:50.969+0000] {dagbag.py:588} INFO - Filling up the DagBag from /opt/airflow/dags/02_sql_transform.py
[2026-09-10T21:26:50.977+0000] {processor.py:925} INFO - DAG(s) '02_sql_transform' retrieved from /opt/airflow/dags/02_sql_transform.py
[2026-09-10T21:26:51.006+0000] {logging_mixin.py:190} INFO - [2026-09-10T21:26:51.006+0000] {dag.py:3239} INFO - Sync 1 DAGs
[2026-09-10T21:26:51.023+0000] {logging_mixin.py:190} INFO - [2026-09-10T21:26:51.023+0000] {dag.py:4180} INFO - Setting next_dagrun for 02_sql_transform to None, run_after=None
[2026-09-10T21:26:51.041+0000] {processor.py:208} INFO - Processing /opt/airflow/dags/02_sql_transform.py took 0.080 seconds
[2026-09-10T21:27:21.385+0000] {processor.py:186} INFO - Started process (PID=9702) to work on /opt/airflow/dags/02_sql_transform.py
[2026-09-10T21:27:21.386+0000] {processor.py:914} INFO - Processing file /opt/airflow/dags/02_sql_transform.py for tasks to queue
[2026-09-10T21:27:21.392+0000] {logging_mixin.py:190} INFO - [2026-09-10T21:27:21.391+0000] {dagbag.py:588} INFO - Filling up the DagBag from /opt/airflow/dags/02_sql_transform.py
[2026-09-10T21:27:21.403+0000] {processor.py:925} INFO - DAG(s) '02_sql_transform' retrieved from /opt/airflow/dags/02_sql_transform.py
[2026-09-10T21:27:21.437+0000] {logging_mixin.py:190} INFO - [2026-09-10T21:27:21.437+0000] {dag.py:3239} INFO - Sync 1 DAGs
[2026-09-10T21:27:21.463+0000] {logging_mixin.py:190} INFO - [2026-09-10T21:27:21.463+0000] {dag.py:4180} INFO - Setting next_dagrun for 02_sql_transform to None, run_after=None
[2026-09-10T21:27:21.489+0000] {processor.py:208} INFO - Processing /opt/airflow/dags/02_sql_transform.py took 0.119 seconds
[2026-09-10T21:27:51.697+0000] {processor.py:186} INFO - Started process (PID=9774) to work on /opt/airflow/dags/02_sql_transform.py
[2026-09-10T21:27:51.698+0000] {processor.py:914} INFO - Processing file /opt/airflow/dags/02_sql_transform.py for tasks to queue
[2026-09-10T21:27:51.700+0000] {logging_mixin.py:190} INFO - [2026-09-10T21:27:51.700+0000] {dagbag.py:588} INFO - Filling up the DagBag from /opt/airflow/dags/02_sql_transform.py
[2026-09-10T21:27:51.710+0000] {processor.py:925} INFO - DAG(s) '02_sql_transform' retrieved from /opt/airflow/dags/02_sql_transform.py
[2026-09-10T21:27:51.740+0000] {logging_mixin.py:190} INFO - [2026-09-10T21:27:51.740+0000] {dag.py:3239} INFO - Sync 1 DAGs
[2026-09-10T21:27:51.767+0000] {logging_mixin.py:190} INFO - [2026-09-10T21:27:51.767+0000] {dag.py:4180} INFO - Setting next_dagrun for 02_sql_transform to None, run_after=None
[2026-09-10T21:27:51.792+0000] {processor.py:208} INFO - Processing /opt/airflow/dags/02_sql_transform.py took 0.103 seconds
[2026-09-10T21:28:22.811+0000] {processor.py:186} INFO - Started process (PID=9844) to work on /opt/airflow/dags/02_sql_transform.py
[2026-09-10T21:28:22.812+0000] {processor.py:914} INFO - Processing file /opt/airflow/dags/02_sql_transform.py for tasks to queue
[2026-09-10T21:28:22.815+0000] {logging_mixin.py:190} INFO - [2026-09-10T21:28:22.814+0000] {dagbag.py:588} INFO - Filling up the DagBag from /opt/airflow/dags/02_sql_transform.py
[2026-09-10T21:28:22.824+0000] {processor.py:925} INFO - DAG(s) '02_sql_transform' retrieved from /opt/airflow/dags/02_sql_transform.py
[2026-09-10T21:28:22.852+0000] {logging_mixin.py:190} INFO - [2026-09-10T21:28:22.852+0000] {dag.py:3239} INFO - Sync 1 DAGs
[2026-09-10T21:28:22.868+0000] {logging_mixin.py:190} INFO - [2026-09-10T21:28:22.868+0000] {dag.py:4180} INFO - Setting next_dagrun for 02_sql_transform to None, run_after=None
[2026-09-10T21:28:22.887+0000] {processor.py:208} INFO - Processing /opt/airflow/dags/02_sql_transform.py took 0.085 seconds
[2026-09-10T21:28:53.000+0000] {processor.py:186} INFO - Started process (PID=9914) to work on /opt/airflow/dags/02_sql_transform.py
[2026-09-10T21:28:53.001+0000] {processor.py:914} INFO - Processing file /opt/airflow/dags/02_sql_transform.py for tasks to queue
[2026-09-10T21:28:53.004+0000] {logging_mixin.py:190} INFO - [2026-09-10T21:28:53.004+0000] {dagbag.py:588} INFO - Filling up the DagBag from /opt/airflow/dags/02_sql_transform.py
[2026-09-10T21:28:53.017+0000] {processor.py:925} INFO - DAG(s) '02_sql_transform' retrieved from /opt/airflow/dags/02_sql_transform.py
[2026-09-10T21:28:53.047+0000] {logging_mixin.py:190} INFO - [2026-09-10T21:28:53.047+0000] {dag.py:3239} INFO - Sync 1 DAGs
[2026-09-10T21:28:53.064+0000] {logging_mixin.py:190} INFO - [2026-09-10T21:28:53.064+0000] {dag.py:4180} INFO - Setting next_dagrun for 02_sql_transform to None, run_after=None
[2026-09-10T21:28:53.084+0000] {processor.py:208} INFO - Processing /opt/airflow/dags/02_sql_transform.py took 0.093 seconds
[2026-09-10T21:29:23.300+0000] {processor.py:186} INFO - Started process (PID=9984) to work on /opt/airflow/dags/02_sql_transform.py
[2026-09-10T21:29:23.302+0000] {processor.py:914} INFO - Processing file /opt/airflow/dags/02_sql_transform.py for tasks to queue
[2026-09-10T21:29:23.305+0000] {logging_mixin.py:190} INFO - [2026-09-10T21:29:23.304+0000] {dagbag.py:588} INFO - Filling up the DagBag from /opt/airflow/dags/02_sql_transform.py
[2026-09-10T21:29:23.315+0000] {processor.py:925} INFO - DAG(s) '02_sql_transform' retrieved from /opt/airflow/dags/02_sql_transform.py
[2026-09-10T21:29:23.346+0000] {logging_mixin.py:190} INFO - [2026-09-10T21:29:23.346+0000] {dag.py:3239} INFO - Sync 1 DAGs
[2026-09-10T21:29:23.363+0000] {logging_mixin.py:190} INFO - [2026-09-10T21:29:23.363+0000] {dag.py:4180} INFO - Setting next_dagrun for 02_sql_transform to None, run_after=None
[2026-09-10T21:29:23.389+0000] {processor.py:208} INFO - Processing /opt/airflow/dags/02_sql_transform.py took 0.098 seconds
[2026-09-10T21:29:53.521+0000] {processor.py:186} INFO - Started process (PID=10054) to work on /opt/airflow/dags/02_sql_transform.py
[2026-09-10T21:29:53.522+0000] {processor.py:914} INFO - Processing file /opt/airflow/dags/02_sql_transform.py for tasks to queue
[2026-09-10T21:29:53.525+0000] {logging_mixin.py:190} INFO - [2026-09-10T21:29:53.525+0000] {dagbag.py:588} INFO - Filling up the DagBag from /opt/airflow/dags/02_sql_transform.py
[2026-09-10T21:29:53.535+0000] {processor.py:925} INFO - DAG(s) '02_sql_transform' retrieved from /opt/airflow/dags/02_sql_transform.py
[2026-09-10T21:29:53.566+0000] {logging_mixin.py:190} INFO - [2026-09-10T21:29:53.566+0000] {dag.py:3239} INFO - Sync 1 DAGs
[2026-09-10T21:29:53.584+0000] {logging_mixin.py:190} INFO - [2026-09-10T21:29:53.583+0000] {dag.py:4180} INFO - Setting next_dagrun for 02_sql_transform to None, run_after=None
[2026-09-10T21:29:53.605+0000] {processor.py:208} INFO - Processing /opt/airflow/dags/02_sql_transform.py took 0.093 seconds
[2026-09-10T21:30:23.839+0000] {processor.py:186} INFO - Started process (PID=10124) to work on /opt/airflow/dags/02_sql_transform.py
[2026-09-10T21:30:23.841+0000] {processor.py:914} INFO - Processing file /opt/airflow/dags/02_sql_transform.py for tasks to queue
[2026-09-10T21:30:23.843+0000] {logging_mixin.py:190} INFO - [2026-09-10T21:30:23.843+0000] {dagbag.py:588} INFO - Filling up the DagBag from /opt/airflow/dags/02_sql_transform.py
[2026-09-10T21:30:23.852+0000] {processor.py:925} INFO - DAG(s) '02_sql_transform' retrieved from /opt/airflow/dags/02_sql_transform.py
[2026-09-10T21:30:23.881+0000] {logging_mixin.py:190} INFO - [2026-09-10T21:30:23.881+0000] {dag.py:3239} INFO - Sync 1 DAGs
[2026-09-10T21:30:23.896+0000] {logging_mixin.py:190} INFO - [2026-09-10T21:30:23.895+0000] {dag.py:4180} INFO - Setting next_dagrun for 02_sql_transform to None, run_after=None
[2026-09-10T21:30:23.914+0000] {processor.py:208} INFO - Processing /opt/airflow/dags/02_sql_transform.py took 0.083 seconds
[2026-09-10T21:30:54.066+0000] {processor.py:186} INFO - Started process (PID=10194) to work on /opt/airflow/dags/02_sql_transform.py
[2026-09-10T21:30:54.067+0000] {processor.py:914} INFO - Processing file /opt/airflow/dags/02_sql_transform.py for tasks to queue
[2026-09-10T21:30:54.071+0000] {logging_mixin.py:190} INFO - [2026-09-10T21:30:54.071+0000] {dagbag.py:588} INFO - Filling up the DagBag from /opt/airflow/dags/02_sql_transform.py
[2026-09-10T21:30:54.081+0000] {processor.py:925} INFO - DAG(s) '02_sql_transform' retrieved from /opt/airflow/dags/02_sql_transform.py
[2026-09-10T21:30:54.112+0000] {logging_mixin.py:190} INFO - [2026-09-10T21:30:54.112+0000] {dag.py:3239} INFO - Sync 1 DAGs
[2026-09-10T21:30:54.129+0000] {logging_mixin.py:190} INFO - [2026-09-10T21:30:54.129+0000] {dag.py:4180} INFO - Setting next_dagrun for 02_sql_transform to None, run_after=None
[2026-09-10T21:30:54.151+0000] {processor.py:208} INFO - Processing /opt/airflow/dags/02_sql_transform.py took 0.092 seconds
[2026-09-10T21:31:24.293+0000] {processor.py:186} INFO - Started process (PID=10264) to work on /opt/airflow/dags/02_sql_transform.py
[2026-09-10T21:31:24.295+0000] {processor.py:914} INFO - Processing file /opt/airflow/dags/02_sql_transform.py for tasks to queue
[2026-09-10T21:31:24.299+0000] {logging_mixin.py:190} INFO - [2026-09-10T21:31:24.298+0000] {dagbag.py:588} INFO - Filling up the DagBag from /opt/airflow/dags/02_sql_transform.py
[2026-09-10T21:31:24.311+0000] {processor.py:925} INFO - DAG(s) '02_sql_transform' retrieved from /opt/airflow/dags/02_sql_transform.py
[2026-09-10T21:31:24.351+0000] {logging_mixin.py:190} INFO - [2026-09-10T21:31:24.351+0000] {dag.py:3239} INFO - Sync 1 DAGs
[2026-09-10T21:31:24.373+0000] {logging_mixin.py:190} INFO - [2026-09-10T21:31:24.373+0000] {dag.py:4180} INFO - Setting next_dagrun for 02_sql_transform to None, run_after=None
[2026-09-10T21:31:24.391+0000] {processor.py:208} INFO - Processing /opt/airflow/dags/02_sql_transform.py took 0.109 seconds
[2026-09-10T21:31:54.445+0000] {processor.py:186} INFO - Started process (PID=10334) to work on /opt/airflow/dags/02_sql_transform.py
[2026-09-10T21:31:54.446+0000] {processor.py:914} INFO - Processing file /opt/airflow/dags/02_sql_transform.py for tasks to queue
[2026-09-10T21:31:54.448+0000] {logging_mixin.py:190} INFO - [2026-09-10T21:31:54.448+0000] {dagbag.py:588} INFO - Filling up the DagBag from /opt/airflow/dags/02_sql_transform.py
[2026-09-10T21:31:54.457+0000] {processor.py:925} INFO - DAG(s) '02_sql_transform' retrieved from /opt/airflow/dags/02_sql_transform.py
[2026-09-10T21:31:54.484+0000] {logging_mixin.py:190} INFO - [2026-09-10T21:31:54.484+0000] {dag.py:3239} INFO - Sync 1 DAGs
[2026-09-10T21:31:54.500+0000] {logging_mixin.py:190} INFO - [2026-09-10T21:31:54.499+0000] {dag.py:4180} INFO - Setting next_dagrun for 02_sql_transform to None, run_after=None
[2026-09-10T21:31:54.517+0000] {processor.py:208} INFO - Processing /opt/airflow/dags/02_sql_transform.py took 0.080 seconds
[2026-09-10T21:32:24.712+0000] {processor.py:186} INFO - Started process (PID=10404) to work on /opt/airflow/dags/02_sql_transform.py
[2026-09-10T21:32:24.714+0000] {processor.py:914} INFO - Processing file /opt/airflow/dags/02_sql_transform.py for tasks to queue
[2026-09-10T21:32:24.716+0000] {logging_mixin.py:190} INFO - [2026-09-10T21:32:24.716+0000] {dagbag.py:588} INFO - Filling up the DagBag from /opt/airflow/dags/02_sql_transform.py
[2026-09-10T21:32:24.725+0000] {processor.py:925} INFO - DAG(s) '02_sql_transform' retrieved from /opt/airflow/dags/02_sql_transform.py
[2026-09-10T21:32:24.754+0000] {logging_mixin.py:190} INFO - [2026-09-10T21:32:24.753+0000] {dag.py:3239} INFO - Sync 1 DAGs
[2026-09-10T21:32:24.768+0000] {logging_mixin.py:190} INFO - [2026-09-10T21:32:24.768+0000] {dag.py:4180} INFO - Setting next_dagrun for 02_sql_transform to None, run_after=None
[2026-09-10T21:32:24.786+0000] {processor.py:208} INFO - Processing /opt/airflow/dags/02_sql_transform.py took 0.081 seconds
[2026-09-10T21:32:54.992+0000] {processor.py:186} INFO - Started process (PID=10474) to work on /opt/airflow/dags/02_sql_transform.py
[2026-09-10T21:32:54.993+0000] {processor.py:914} INFO - Processing file /opt/airflow/dags/02_sql_transform.py for tasks to queue
[2026-09-10T21:32:54.995+0000] {logging_mixin.py:190} INFO - [2026-09-10T21:32:54.995+0000] {dagbag.py:588} INFO - Filling up the DagBag from /opt/airflow/dags/02_sql_transform.py
[2026-09-10T21:32:55.004+0000] {processor.py:925} INFO - DAG(s) '02_sql_transform' retrieved from /opt/airflow/dags/02_sql_transform.py
[2026-09-10T21:32:55.037+0000] {logging_mixin.py:190} INFO - [2026-09-10T21:32:55.036+0000] {dag.py:3239} INFO - Sync 1 DAGs
[2026-09-10T21:32:55.051+0000] {logging_mixin.py:190} INFO - [2026-09-10T21:32:55.051+0000] {dag.py:4180} INFO - Setting next_dagrun for 02_sql_transform to None, run_after=None
[2026-09-10T21:32:55.070+0000] {processor.py:208} INFO - Processing /opt/airflow/dags/02_sql_transform.py took 0.084 seconds
[2026-09-10T21:33:25.135+0000] {processor.py:186} INFO - Started process (PID=10542) to work on /opt/airflow/dags/02_sql_transform.py
[2026-09-10T21:33:25.137+0000] {processor.py:914} INFO - Processing file /opt/airflow/dags/02_sql_transform.py for tasks to queue
[2026-09-10T21:33:25.140+0000] {logging_mixin.py:190} INFO - [2026-09-10T21:33:25.140+0000] {dagbag.py:588} INFO - Filling up the DagBag from /opt/airflow/dags/02_sql_transform.py
[2026-09-10T21:33:25.149+0000] {processor.py:925} INFO - DAG(s) '02_sql_transform' retrieved from /opt/airflow/dags/02_sql_transform.py
[2026-09-10T21:33:25.182+0000] {logging_mixin.py:190} INFO - [2026-09-10T21:33:25.181+0000] {dag.py:3239} INFO - Sync 1 DAGs
[2026-09-10T21:33:25.198+0000] {logging_mixin.py:190} INFO - [2026-09-10T21:33:25.198+0000] {dag.py:4180} INFO - Setting next_dagrun for 02_sql_transform to None, run_after=None
[2026-09-10T21:33:25.217+0000] {processor.py:208} INFO - Processing /opt/airflow/dags/02_sql_transform.py took 0.090 seconds
[2026-09-10T21:33:55.275+0000] {processor.py:186} INFO - Started process (PID=10612) to work on /opt/airflow/dags/02_sql_transform.py
[2026-09-10T21:33:55.276+0000] {processor.py:914} INFO - Processing file /opt/airflow/dags/02_sql_transform.py for tasks to queue
[2026-09-10T21:33:55.279+0000] {logging_mixin.py:190} INFO - [2026-09-10T21:33:55.278+0000] {dagbag.py:588} INFO - Filling up the DagBag from /opt/airflow/dags/02_sql_transform.py
[2026-09-10T21:33:55.288+0000] {processor.py:925} INFO - DAG(s) '02_sql_transform' retrieved from /opt/airflow/dags/02_sql_transform.py
[2026-09-10T21:33:55.323+0000] {logging_mixin.py:190} INFO - [2026-09-10T21:33:55.323+0000] {dag.py:3239} INFO - Sync 1 DAGs
[2026-09-10T21:33:55.340+0000] {logging_mixin.py:190} INFO - [2026-09-10T21:33:55.340+0000] {dag.py:4180} INFO - Setting next_dagrun for 02_sql_transform to None, run_after=None
[2026-09-10T21:33:55.359+0000] {processor.py:208} INFO - Processing /opt/airflow/dags/02_sql_transform.py took 0.093 seconds
[2026-09-10T21:34:25.456+0000] {processor.py:186} INFO - Started process (PID=10682) to work on /opt/airflow/dags/02_sql_transform.py
[2026-09-10T21:34:25.457+0000] {processor.py:914} INFO - Processing file /opt/airflow/dags/02_sql_transform.py for tasks to queue
[2026-09-10T21:34:25.460+0000] {logging_mixin.py:190} INFO - [2026-09-10T21:34:25.460+0000] {dagbag.py:588} INFO - Filling up the DagBag from /opt/airflow/dags/02_sql_transform.py
[2026-09-10T21:34:25.469+0000] {processor.py:925} INFO - DAG(s) '02_sql_transform' retrieved from /opt/airflow/dags/02_sql_transform.py
[2026-09-10T21:34:25.500+0000] {logging_mixin.py:190} INFO - [2026-09-10T21:34:25.500+0000] {dag.py:3239} INFO - Sync 1 DAGs
[2026-09-10T21:34:25.518+0000] {logging_mixin.py:190} INFO - [2026-09-10T21:34:25.518+0000] {dag.py:4180} INFO - Setting next_dagrun for 02_sql_transform to None, run_after=None
[2026-09-10T21:34:25.538+0000] {processor.py:208} INFO - Processing /opt/airflow/dags/02_sql_transform.py took 0.090 seconds
[2026-09-10T21:34:55.623+0000] {processor.py:186} INFO - Started process (PID=10752) to work on /opt/airflow/dags/02_sql_transform.py
[2026-09-10T21:34:55.624+0000] {processor.py:914} INFO - Processing file /opt/airflow/dags/02_sql_transform.py for tasks to queue
[2026-09-10T21:34:55.627+0000] {logging_mixin.py:190} INFO - [2026-09-10T21:34:55.627+0000] {dagbag.py:588} INFO - Filling up the DagBag from /opt/airflow/dags/02_sql_transform.py
[2026-09-10T21:34:55.637+0000] {processor.py:925} INFO - DAG(s) '02_sql_transform' retrieved from /opt/airflow/dags/02_sql_transform.py
[2026-09-10T21:34:55.667+0000] {logging_mixin.py:190} INFO - [2026-09-10T21:34:55.667+0000] {dag.py:3239} INFO - Sync 1 DAGs
[2026-09-10T21:34:55.684+0000] {logging_mixin.py:190} INFO - [2026-09-10T21:34:55.684+0000] {dag.py:4180} INFO - Setting next_dagrun for 02_sql_transform to None, run_after=None
[2026-09-10T21:34:55.705+0000] {processor.py:208} INFO - Processing /opt/airflow/dags/02_sql_transform.py took 0.089 seconds
[2026-09-10T21:35:26.224+0000] {processor.py:186} INFO - Started process (PID=10822) to work on /opt/airflow/dags/02_sql_transform.py
[2026-09-10T21:35:26.225+0000] {processor.py:914} INFO - Processing file /opt/airflow/dags/02_sql_transform.py for tasks to queue
[2026-09-10T21:35:26.228+0000] {logging_mixin.py:190} INFO - [2026-09-10T21:35:26.227+0000] {dagbag.py:588} INFO - Filling up the DagBag from /opt/airflow/dags/02_sql_transform.py
[2026-09-10T21:35:26.240+0000] {processor.py:925} INFO - DAG(s) '02_sql_transform' retrieved from /opt/airflow/dags/02_sql_transform.py
[2026-09-10T21:35:26.294+0000] {logging_mixin.py:190} INFO - [2026-09-10T21:35:26.294+0000] {dag.py:3239} INFO - Sync 1 DAGs
[2026-09-10T21:35:26.322+0000] {logging_mixin.py:190} INFO - [2026-09-10T21:35:26.321+0000] {dag.py:4180} INFO - Setting next_dagrun for 02_sql_transform to None, run_after=None
[2026-09-10T21:35:26.354+0000] {processor.py:208} INFO - Processing /opt/airflow/dags/02_sql_transform.py took 0.142 seconds
[2026-09-10T21:35:56.548+0000] {processor.py:186} INFO - Started process (PID=10894) to work on /opt/airflow/dags/02_sql_transform.py
[2026-09-10T21:35:56.549+0000] {processor.py:914} INFO - Processing file /opt/airflow/dags/02_sql_transform.py for tasks to queue
[2026-09-10T21:35:56.551+0000] {logging_mixin.py:190} INFO - [2026-09-10T21:35:56.551+0000] {dagbag.py:588} INFO - Filling up the DagBag from /opt/airflow/dags/02_sql_transform.py
[2026-09-10T21:35:56.560+0000] {processor.py:925} INFO - DAG(s) '02_sql_transform' retrieved from /opt/airflow/dags/02_sql_transform.py
[2026-09-10T21:35:56.591+0000] {logging_mixin.py:190} INFO - [2026-09-10T21:35:56.590+0000] {dag.py:3239} INFO - Sync 1 DAGs
[2026-09-10T21:35:56.607+0000] {logging_mixin.py:190} INFO - [2026-09-10T21:35:56.607+0000] {dag.py:4180} INFO - Setting next_dagrun for 02_sql_transform to None, run_after=None
[2026-09-10T21:35:56.626+0000] {processor.py:208} INFO - Processing /opt/airflow/dags/02_sql_transform.py took 0.087 seconds
[2026-09-10T21:36:26.749+0000] {processor.py:186} INFO - Started process (PID=10964) to work on /opt/airflow/dags/02_sql_transform.py
[2026-09-10T21:36:26.751+0000] {processor.py:914} INFO - Processing file /opt/airflow/dags/02_sql_transform.py for tasks to queue
[2026-09-10T21:36:26.753+0000] {logging_mixin.py:190} INFO - [2026-09-10T21:36:26.753+0000] {dagbag.py:588} INFO - Filling up the DagBag from /opt/airflow/dags/02_sql_transform.py
[2026-09-10T21:36:26.765+0000] {processor.py:925} INFO - DAG(s) '02_sql_transform' retrieved from /opt/airflow/dags/02_sql_transform.py
[2026-09-10T21:36:26.801+0000] {logging_mixin.py:190} INFO - [2026-09-10T21:36:26.801+0000] {dag.py:3239} INFO - Sync 1 DAGs
[2026-09-10T21:36:26.823+0000] {logging_mixin.py:190} INFO - [2026-09-10T21:36:26.823+0000] {dag.py:4180} INFO - Setting next_dagrun for 02_sql_transform to None, run_after=None
[2026-09-10T21:36:26.846+0000] {processor.py:208} INFO - Processing /opt/airflow/dags/02_sql_transform.py took 0.103 seconds
[2026-09-10T21:36:57.043+0000] {processor.py:186} INFO - Started process (PID=11034) to work on /opt/airflow/dags/02_sql_transform.py
[2026-09-10T21:36:57.045+0000] {processor.py:914} INFO - Processing file /opt/airflow/dags/02_sql_transform.py for tasks to queue
[2026-09-10T21:36:57.047+0000] {logging_mixin.py:190} INFO - [2026-09-10T21:36:57.047+0000] {dagbag.py:588} INFO - Filling up the DagBag from /opt/airflow/dags/02_sql_transform.py
[2026-09-10T21:36:57.057+0000] {processor.py:925} INFO - DAG(s) '02_sql_transform' retrieved from /opt/airflow/dags/02_sql_transform.py
[2026-09-10T21:36:57.086+0000] {logging_mixin.py:190} INFO - [2026-09-10T21:36:57.086+0000] {dag.py:3239} INFO - Sync 1 DAGs
[2026-09-10T21:36:57.101+0000] {logging_mixin.py:190} INFO - [2026-09-10T21:36:57.101+0000] {dag.py:4180} INFO - Setting next_dagrun for 02_sql_transform to None, run_after=None
[2026-09-10T21:36:57.119+0000] {processor.py:208} INFO - Processing /opt/airflow/dags/02_sql_transform.py took 0.083 seconds
[2026-09-10T21:37:27.197+0000] {processor.py:186} INFO - Started process (PID=11104) to work on /opt/airflow/dags/02_sql_transform.py
[2026-09-10T21:37:27.198+0000] {processor.py:914} INFO - Processing file /opt/airflow/dags/02_sql_transform.py for tasks to queue
[2026-09-10T21:37:27.201+0000] {logging_mixin.py:190} INFO - [2026-09-10T21:37:27.200+0000] {dagbag.py:588} INFO - Filling up the DagBag from /opt/airflow/dags/02_sql_transform.py
[2026-09-10T21:37:27.210+0000] {processor.py:925} INFO - DAG(s) '02_sql_transform' retrieved from /opt/airflow/dags/02_sql_transform.py
[2026-09-10T21:37:27.237+0000] {logging_mixin.py:190} INFO - [2026-09-10T21:37:27.237+0000] {dag.py:3239} INFO - Sync 1 DAGs
[2026-09-10T21:37:27.252+0000] {logging_mixin.py:190} INFO - [2026-09-10T21:37:27.252+0000] {dag.py:4180} INFO - Setting next_dagrun for 02_sql_transform to None, run_after=None
[2026-09-10T21:37:27.274+0000] {processor.py:208} INFO - Processing /opt/airflow/dags/02_sql_transform.py took 0.084 seconds
[2026-09-10T21:37:57.507+0000] {processor.py:186} INFO - Started process (PID=11174) to work on /opt/airflow/dags/02_sql_transform.py
[2026-09-10T21:37:57.509+0000] {processor.py:914} INFO - Processing file /opt/airflow/dags/02_sql_transform.py for tasks to queue
[2026-09-10T21:37:57.512+0000] {logging_mixin.py:190} INFO - [2026-09-10T21:37:57.511+0000] {dagbag.py:588} INFO - Filling up the DagBag from /opt/airflow/dags/02_sql_transform.py
[2026-09-10T21:37:57.521+0000] {processor.py:925} INFO - DAG(s) '02_sql_transform' retrieved from /opt/airflow/dags/02_sql_transform.py
[2026-09-10T21:37:57.550+0000] {logging_mixin.py:190} INFO - [2026-09-10T21:37:57.549+0000] {dag.py:3239} INFO - Sync 1 DAGs
[2026-09-10T21:37:57.564+0000] {logging_mixin.py:190} INFO - [2026-09-10T21:37:57.564+0000] {dag.py:4180} INFO - Setting next_dagrun for 02_sql_transform to None, run_after=None
[2026-09-10T21:37:57.582+0000] {processor.py:208} INFO - Processing /opt/airflow/dags/02_sql_transform.py took 0.082 seconds
[2026-09-10T21:38:27.729+0000] {processor.py:186} INFO - Started process (PID=11244) to work on /opt/airflow/dags/02_sql_transform.py
[2026-09-10T21:38:27.730+0000] {processor.py:914} INFO - Processing file /opt/airflow/dags/02_sql_transform.py for tasks to queue
[2026-09-10T21:38:27.733+0000] {logging_mixin.py:190} INFO - [2026-09-10T21:38:27.732+0000] {dagbag.py:588} INFO - Filling up the DagBag from /opt/airflow/dags/02_sql_transform.py
[2026-09-10T21:38:27.742+0000] {processor.py:925} INFO - DAG(s) '02_sql_transform' retrieved from /opt/airflow/dags/02_sql_transform.py
[2026-09-10T21:38:27.773+0000] {logging_mixin.py:190} INFO - [2026-09-10T21:38:27.772+0000] {dag.py:3239} INFO - Sync 1 DAGs
[2026-09-10T21:38:27.789+0000] {logging_mixin.py:190} INFO - [2026-09-10T21:38:27.788+0000] {dag.py:4180} INFO - Setting next_dagrun for 02_sql_transform to None, run_after=None
[2026-09-10T21:38:27.809+0000] {processor.py:208} INFO - Processing /opt/airflow/dags/02_sql_transform.py took 0.088 seconds
[2026-09-10T21:38:57.856+0000] {processor.py:186} INFO - Started process (PID=11312) to work on /opt/airflow/dags/02_sql_transform.py
[2026-09-10T21:38:57.857+0000] {processor.py:914} INFO - Processing file /opt/airflow/dags/02_sql_transform.py for tasks to queue
[2026-09-10T21:38:57.861+0000] {logging_mixin.py:190} INFO - [2026-09-10T21:38:57.860+0000] {dagbag.py:588} INFO - Filling up the DagBag from /opt/airflow/dags/02_sql_transform.py
[2026-09-10T21:38:57.872+0000] {processor.py:925} INFO - DAG(s) '02_sql_transform' retrieved from /opt/airflow/dags/02_sql_transform.py
[2026-09-10T21:38:57.902+0000] {logging_mixin.py:190} INFO - [2026-09-10T21:38:57.902+0000] {dag.py:3239} INFO - Sync 1 DAGs
[2026-09-10T21:38:57.918+0000] {logging_mixin.py:190} INFO - [2026-09-10T21:38:57.917+0000] {dag.py:4180} INFO - Setting next_dagrun for 02_sql_transform to None, run_after=None
[2026-09-10T21:38:57.937+0000] {processor.py:208} INFO - Processing /opt/airflow/dags/02_sql_transform.py took 0.090 seconds
[2026-09-10T21:39:28.179+0000] {processor.py:186} INFO - Started process (PID=11384) to work on /opt/airflow/dags/02_sql_transform.py
[2026-09-10T21:39:28.180+0000] {processor.py:914} INFO - Processing file /opt/airflow/dags/02_sql_transform.py for tasks to queue
[2026-09-10T21:39:28.182+0000] {logging_mixin.py:190} INFO - [2026-09-10T21:39:28.182+0000] {dagbag.py:588} INFO - Filling up the DagBag from /opt/airflow/dags/02_sql_transform.py
[2026-09-10T21:39:28.191+0000] {processor.py:925} INFO - DAG(s) '02_sql_transform' retrieved from /opt/airflow/dags/02_sql_transform.py
[2026-09-10T21:39:28.219+0000] {logging_mixin.py:190} INFO - [2026-09-10T21:39:28.219+0000] {dag.py:3239} INFO - Sync 1 DAGs
[2026-09-10T21:39:28.235+0000] {logging_mixin.py:190} INFO - [2026-09-10T21:39:28.234+0000] {dag.py:4180} INFO - Setting next_dagrun for 02_sql_transform to None, run_after=None
[2026-09-10T21:39:28.252+0000] {processor.py:208} INFO - Processing /opt/airflow/dags/02_sql_transform.py took 0.081 seconds
[2026-09-10T21:39:58.359+0000] {processor.py:186} INFO - Started process (PID=11454) to work on /opt/airflow/dags/02_sql_transform.py
[2026-09-10T21:39:58.360+0000] {processor.py:914} INFO - Processing file /opt/airflow/dags/02_sql_transform.py for tasks to queue
[2026-09-10T21:39:58.363+0000] {logging_mixin.py:190} INFO - [2026-09-10T21:39:58.362+0000] {dagbag.py:588} INFO - Filling up the DagBag from /opt/airflow/dags/02_sql_transform.py
[2026-09-10T21:39:58.372+0000] {processor.py:925} INFO - DAG(s) '02_sql_transform' retrieved from /opt/airflow/dags/02_sql_transform.py
[2026-09-10T21:39:58.399+0000] {logging_mixin.py:190} INFO - [2026-09-10T21:39:58.399+0000] {dag.py:3239} INFO - Sync 1 DAGs
[2026-09-10T21:39:58.413+0000] {logging_mixin.py:190} INFO - [2026-09-10T21:39:58.413+0000] {dag.py:4180} INFO - Setting next_dagrun for 02_sql_transform to None, run_after=None
[2026-09-10T21:39:58.431+0000] {processor.py:208} INFO - Processing /opt/airflow/dags/02_sql_transform.py took 0.080 seconds
[2026-09-10T21:40:28.638+0000] {processor.py:186} INFO - Started process (PID=11524) to work on /opt/airflow/dags/02_sql_transform.py
[2026-09-10T21:40:28.639+0000] {processor.py:914} INFO - Processing file /opt/airflow/dags/02_sql_transform.py for tasks to queue
[2026-09-10T21:40:28.642+0000] {logging_mixin.py:190} INFO - [2026-09-10T21:40:28.641+0000] {dagbag.py:588} INFO - Filling up the DagBag from /opt/airflow/dags/02_sql_transform.py
[2026-09-10T21:40:28.652+0000] {processor.py:925} INFO - DAG(s) '02_sql_transform' retrieved from /opt/airflow/dags/02_sql_transform.py
[2026-09-10T21:40:28.683+0000] {logging_mixin.py:190} INFO - [2026-09-10T21:40:28.683+0000] {dag.py:3239} INFO - Sync 1 DAGs
[2026-09-10T21:40:28.699+0000] {logging_mixin.py:190} INFO - [2026-09-10T21:40:28.699+0000] {dag.py:4180} INFO - Setting next_dagrun for 02_sql_transform to None, run_after=None
[2026-09-10T21:40:28.719+0000] {processor.py:208} INFO - Processing /opt/airflow/dags/02_sql_transform.py took 0.088 seconds
[2026-09-10T21:40:58.842+0000] {processor.py:186} INFO - Started process (PID=11594) to work on /opt/airflow/dags/02_sql_transform.py
[2026-09-10T21:40:58.844+0000] {processor.py:914} INFO - Processing file /opt/airflow/dags/02_sql_transform.py for tasks to queue
[2026-09-10T21:40:58.846+0000] {logging_mixin.py:190} INFO - [2026-09-10T21:40:58.846+0000] {dagbag.py:588} INFO - Filling up the DagBag from /opt/airflow/dags/02_sql_transform.py
[2026-09-10T21:40:58.856+0000] {processor.py:925} INFO - DAG(s) '02_sql_transform' retrieved from /opt/airflow/dags/02_sql_transform.py
[2026-09-10T21:40:58.886+0000] {logging_mixin.py:190} INFO - [2026-09-10T21:40:58.886+0000] {dag.py:3239} INFO - Sync 1 DAGs
[2026-09-10T21:40:58.901+0000] {logging_mixin.py:190} INFO - [2026-09-10T21:40:58.901+0000] {dag.py:4180} INFO - Setting next_dagrun for 02_sql_transform to None, run_after=None
[2026-09-10T21:40:58.919+0000] {processor.py:208} INFO - Processing /opt/airflow/dags/02_sql_transform.py took 0.085 seconds
[2026-09-10T21:41:29.075+0000] {processor.py:186} INFO - Started process (PID=11664) to work on /opt/airflow/dags/02_sql_transform.py
[2026-09-10T21:41:29.076+0000] {processor.py:914} INFO - Processing file /opt/airflow/dags/02_sql_transform.py for tasks to queue
[2026-09-10T21:41:29.079+0000] {logging_mixin.py:190} INFO - [2026-09-10T21:41:29.078+0000] {dagbag.py:588} INFO - Filling up the DagBag from /opt/airflow/dags/02_sql_transform.py
[2026-09-10T21:41:29.088+0000] {processor.py:925} INFO - DAG(s) '02_sql_transform' retrieved from /opt/airflow/dags/02_sql_transform.py
[2026-09-10T21:41:29.117+0000] {logging_mixin.py:190} INFO - [2026-09-10T21:41:29.116+0000] {dag.py:3239} INFO - Sync 1 DAGs
[2026-09-10T21:41:29.131+0000] {logging_mixin.py:190} INFO - [2026-09-10T21:41:29.131+0000] {dag.py:4180} INFO - Setting next_dagrun for 02_sql_transform to None, run_after=None
[2026-09-10T21:41:29.149+0000] {processor.py:208} INFO - Processing /opt/airflow/dags/02_sql_transform.py took 0.081 seconds
[2026-09-10T21:41:59.289+0000] {processor.py:186} INFO - Started process (PID=11734) to work on /opt/airflow/dags/02_sql_transform.py
[2026-09-10T21:41:59.291+0000] {processor.py:914} INFO - Processing file /opt/airflow/dags/02_sql_transform.py for tasks to queue
[2026-09-10T21:41:59.293+0000] {logging_mixin.py:190} INFO - [2026-09-10T21:41:59.293+0000] {dagbag.py:588} INFO - Filling up the DagBag from /opt/airflow/dags/02_sql_transform.py
[2026-09-10T21:41:59.302+0000] {processor.py:925} INFO - DAG(s) '02_sql_transform' retrieved from /opt/airflow/dags/02_sql_transform.py
[2026-09-10T21:41:59.336+0000] {logging_mixin.py:190} INFO - [2026-09-10T21:41:59.335+0000] {dag.py:3239} INFO - Sync 1 DAGs
[2026-09-10T21:41:59.351+0000] {logging_mixin.py:190} INFO - [2026-09-10T21:41:59.351+0000] {dag.py:4180} INFO - Setting next_dagrun for 02_sql_transform to None, run_after=None
[2026-09-10T21:41:59.369+0000] {processor.py:208} INFO - Processing /opt/airflow/dags/02_sql_transform.py took 0.088 seconds
[2026-09-10T21:42:29.569+0000] {processor.py:186} INFO - Started process (PID=11804) to work on /opt/airflow/dags/02_sql_transform.py
[2026-09-10T21:42:29.572+0000] {processor.py:914} INFO - Processing file /opt/airflow/dags/02_sql_transform.py for tasks to queue
[2026-09-10T21:42:29.577+0000] {logging_mixin.py:190} INFO - [2026-09-10T21:42:29.576+0000] {dagbag.py:588} INFO - Filling up the DagBag from /opt/airflow/dags/02_sql_transform.py
[2026-09-10T21:42:29.590+0000] {processor.py:925} INFO - DAG(s) '02_sql_transform' retrieved from /opt/airflow/dags/02_sql_transform.py
[2026-09-10T21:42:29.624+0000] {logging_mixin.py:190} INFO - [2026-09-10T21:42:29.624+0000] {dag.py:3239} INFO - Sync 1 DAGs
[2026-09-10T21:42:29.642+0000] {logging_mixin.py:190} INFO - [2026-09-10T21:42:29.642+0000] {dag.py:4180} INFO - Setting next_dagrun for 02_sql_transform to None, run_after=None
[2026-09-10T21:42:29.664+0000] {processor.py:208} INFO - Processing /opt/airflow/dags/02_sql_transform.py took 0.103 seconds
[2026-09-10T21:42:59.763+0000] {processor.py:186} INFO - Started process (PID=11874) to work on /opt/airflow/dags/02_sql_transform.py
[2026-09-10T21:42:59.764+0000] {processor.py:914} INFO - Processing file /opt/airflow/dags/02_sql_transform.py for tasks to queue
[2026-09-10T21:42:59.767+0000] {logging_mixin.py:190} INFO - [2026-09-10T21:42:59.766+0000] {dagbag.py:588} INFO - Filling up the DagBag from /opt/airflow/dags/02_sql_transform.py
[2026-09-10T21:42:59.776+0000] {processor.py:925} INFO - DAG(s) '02_sql_transform' retrieved from /opt/airflow/dags/02_sql_transform.py
[2026-09-10T21:42:59.805+0000] {logging_mixin.py:190} INFO - [2026-09-10T21:42:59.805+0000] {dag.py:3239} INFO - Sync 1 DAGs
[2026-09-10T21:42:59.820+0000] {logging_mixin.py:190} INFO - [2026-09-10T21:42:59.819+0000] {dag.py:4180} INFO - Setting next_dagrun for 02_sql_transform to None, run_after=None
[2026-09-10T21:42:59.838+0000] {processor.py:208} INFO - Processing /opt/airflow/dags/02_sql_transform.py took 0.084 seconds
[2026-09-10T21:43:30.102+0000] {processor.py:186} INFO - Started process (PID=11944) to work on /opt/airflow/dags/02_sql_transform.py
[2026-09-10T21:43:30.103+0000] {processor.py:914} INFO - Processing file /opt/airflow/dags/02_sql_transform.py for tasks to queue
[2026-09-10T21:43:30.106+0000] {logging_mixin.py:190} INFO - [2026-09-10T21:43:30.105+0000] {dagbag.py:588} INFO - Filling up the DagBag from /opt/airflow/dags/02_sql_transform.py
[2026-09-10T21:43:30.116+0000] {processor.py:925} INFO - DAG(s) '02_sql_transform' retrieved from /opt/airflow/dags/02_sql_transform.py
[2026-09-10T21:43:30.147+0000] {logging_mixin.py:190} INFO - [2026-09-10T21:43:30.147+0000] {dag.py:3239} INFO - Sync 1 DAGs
[2026-09-10T21:43:30.164+0000] {logging_mixin.py:190} INFO - [2026-09-10T21:43:30.163+0000] {dag.py:4180} INFO - Setting next_dagrun for 02_sql_transform to None, run_after=None
[2026-09-10T21:43:30.184+0000] {processor.py:208} INFO - Processing /opt/airflow/dags/02_sql_transform.py took 0.090 seconds
[2026-09-10T21:44:00.265+0000] {processor.py:186} INFO - Started process (PID=12014) to work on /opt/airflow/dags/02_sql_transform.py
[2026-09-10T21:44:00.266+0000] {processor.py:914} INFO - Processing file /opt/airflow/dags/02_sql_transform.py for tasks to queue
[2026-09-10T21:44:00.269+0000] {logging_mixin.py:190} INFO - [2026-09-10T21:44:00.269+0000] {dagbag.py:588} INFO - Filling up the DagBag from /opt/airflow/dags/02_sql_transform.py
[2026-09-10T21:44:00.281+0000] {processor.py:925} INFO - DAG(s) '02_sql_transform' retrieved from /opt/airflow/dags/02_sql_transform.py
[2026-09-10T21:44:00.318+0000] {logging_mixin.py:190} INFO - [2026-09-10T21:44:00.317+0000] {dag.py:3239} INFO - Sync 1 DAGs
[2026-09-10T21:44:00.333+0000] {logging_mixin.py:190} INFO - [2026-09-10T21:44:00.333+0000] {dag.py:4180} INFO - Setting next_dagrun for 02_sql_transform to None, run_after=None
[2026-09-10T21:44:00.351+0000] {processor.py:208} INFO - Processing /opt/airflow/dags/02_sql_transform.py took 0.095 seconds
[2026-09-10T21:44:30.581+0000] {processor.py:186} INFO - Started process (PID=12084) to work on /opt/airflow/dags/02_sql_transform.py
[2026-09-10T21:44:30.583+0000] {processor.py:914} INFO - Processing file /opt/airflow/dags/02_sql_transform.py for tasks to queue
[2026-09-10T21:44:30.586+0000] {logging_mixin.py:190} INFO - [2026-09-10T21:44:30.585+0000] {dagbag.py:588} INFO - Filling up the DagBag from /opt/airflow/dags/02_sql_transform.py
[2026-09-10T21:44:30.595+0000] {processor.py:925} INFO - DAG(s) '02_sql_transform' retrieved from /opt/airflow/dags/02_sql_transform.py
[2026-09-10T21:44:30.624+0000] {logging_mixin.py:190} INFO - [2026-09-10T21:44:30.624+0000] {dag.py:3239} INFO - Sync 1 DAGs
[2026-09-10T21:44:30.641+0000] {logging_mixin.py:190} INFO - [2026-09-10T21:44:30.640+0000] {dag.py:4180} INFO - Setting next_dagrun for 02_sql_transform to None, run_after=None
[2026-09-10T21:44:30.660+0000] {processor.py:208} INFO - Processing /opt/airflow/dags/02_sql_transform.py took 0.087 seconds
[2026-09-10T21:45:00.786+0000] {processor.py:186} INFO - Started process (PID=12154) to work on /opt/airflow/dags/02_sql_transform.py
[2026-09-10T21:45:00.787+0000] {processor.py:914} INFO - Processing file /opt/airflow/dags/02_sql_transform.py for tasks to queue
[2026-09-10T21:45:00.789+0000] {logging_mixin.py:190} INFO - [2026-09-10T21:45:00.789+0000] {dagbag.py:588} INFO - Filling up the DagBag from /opt/airflow/dags/02_sql_transform.py
[2026-09-10T21:45:00.799+0000] {processor.py:925} INFO - DAG(s) '02_sql_transform' retrieved from /opt/airflow/dags/02_sql_transform.py
[2026-09-10T21:45:00.830+0000] {logging_mixin.py:190} INFO - [2026-09-10T21:45:00.830+0000] {dag.py:3239} INFO - Sync 1 DAGs
[2026-09-10T21:45:00.850+0000] {logging_mixin.py:190} INFO - [2026-09-10T21:45:00.850+0000] {dag.py:4180} INFO - Setting next_dagrun for 02_sql_transform to None, run_after=None
[2026-09-10T21:45:00.870+0000] {processor.py:208} INFO - Processing /opt/airflow/dags/02_sql_transform.py took 0.095 seconds
[2026-09-10T21:45:31.306+0000] {processor.py:186} INFO - Started process (PID=12224) to work on /opt/airflow/dags/02_sql_transform.py
[2026-09-10T21:45:31.309+0000] {processor.py:914} INFO - Processing file /opt/airflow/dags/02_sql_transform.py for tasks to queue
[2026-09-10T21:45:31.312+0000] {logging_mixin.py:190} INFO - [2026-09-10T21:45:31.312+0000] {dagbag.py:588} INFO - Filling up the DagBag from /opt/airflow/dags/02_sql_transform.py
[2026-09-10T21:45:31.330+0000] {processor.py:925} INFO - DAG(s) '02_sql_transform' retrieved from /opt/airflow/dags/02_sql_transform.py
[2026-09-10T21:45:31.381+0000] {logging_mixin.py:190} INFO - [2026-09-10T21:45:31.380+0000] {dag.py:3239} INFO - Sync 1 DAGs
[2026-09-10T21:45:31.407+0000] {logging_mixin.py:190} INFO - [2026-09-10T21:45:31.407+0000] {dag.py:4180} INFO - Setting next_dagrun for 02_sql_transform to None, run_after=None
[2026-09-10T21:45:31.446+0000] {processor.py:208} INFO - Processing /opt/airflow/dags/02_sql_transform.py took 0.155 seconds
[2026-09-10T21:46:01.859+0000] {processor.py:186} INFO - Started process (PID=12294) to work on /opt/airflow/dags/02_sql_transform.py
[2026-09-10T21:46:01.860+0000] {processor.py:914} INFO - Processing file /opt/airflow/dags/02_sql_transform.py for tasks to queue
[2026-09-10T21:46:01.863+0000] {logging_mixin.py:190} INFO - [2026-09-10T21:46:01.863+0000] {dagbag.py:588} INFO - Filling up the DagBag from /opt/airflow/dags/02_sql_transform.py
[2026-09-10T21:46:01.874+0000] {processor.py:925} INFO - DAG(s) '02_sql_transform' retrieved from /opt/airflow/dags/02_sql_transform.py
[2026-09-10T21:46:01.907+0000] {logging_mixin.py:190} INFO - [2026-09-10T21:46:01.907+0000] {dag.py:3239} INFO - Sync 1 DAGs
[2026-09-10T21:46:01.925+0000] {logging_mixin.py:190} INFO - [2026-09-10T21:46:01.924+0000] {dag.py:4180} INFO - Setting next_dagrun for 02_sql_transform to None, run_after=None
[2026-09-10T21:46:01.944+0000] {processor.py:208} INFO - Processing /opt/airflow/dags/02_sql_transform.py took 0.094 seconds
[2026-09-10T21:46:32.078+0000] {processor.py:186} INFO - Started process (PID=12364) to work on /opt/airflow/dags/02_sql_transform.py
[2026-09-10T21:46:32.079+0000] {processor.py:914} INFO - Processing file /opt/airflow/dags/02_sql_transform.py for tasks to queue
[2026-09-10T21:46:32.082+0000] {logging_mixin.py:190} INFO - [2026-09-10T21:46:32.082+0000] {dagbag.py:588} INFO - Filling up the DagBag from /opt/airflow/dags/02_sql_transform.py
[2026-09-10T21:46:32.091+0000] {processor.py:925} INFO - DAG(s) '02_sql_transform' retrieved from /opt/airflow/dags/02_sql_transform.py
[2026-09-10T21:46:32.122+0000] {logging_mixin.py:190} INFO - [2026-09-10T21:46:32.121+0000] {dag.py:3239} INFO - Sync 1 DAGs
[2026-09-10T21:46:32.140+0000] {logging_mixin.py:190} INFO - [2026-09-10T21:46:32.140+0000] {dag.py:4180} INFO - Setting next_dagrun for 02_sql_transform to None, run_after=None
[2026-09-10T21:46:32.160+0000] {processor.py:208} INFO - Processing /opt/airflow/dags/02_sql_transform.py took 0.090 seconds
[2026-09-10T21:47:02.371+0000] {processor.py:186} INFO - Started process (PID=12434) to work on /opt/airflow/dags/02_sql_transform.py
[2026-09-10T21:47:02.371+0000] {processor.py:914} INFO - Processing file /opt/airflow/dags/02_sql_transform.py for tasks to queue
[2026-09-10T21:47:02.374+0000] {logging_mixin.py:190} INFO - [2026-09-10T21:47:02.374+0000] {dagbag.py:588} INFO - Filling up the DagBag from /opt/airflow/dags/02_sql_transform.py
[2026-09-10T21:47:02.383+0000] {processor.py:925} INFO - DAG(s) '02_sql_transform' retrieved from /opt/airflow/dags/02_sql_transform.py
[2026-09-10T21:47:02.411+0000] {logging_mixin.py:190} INFO - [2026-09-10T21:47:02.411+0000] {dag.py:3239} INFO - Sync 1 DAGs
[2026-09-10T21:47:02.427+0000] {logging_mixin.py:190} INFO - [2026-09-10T21:47:02.427+0000] {dag.py:4180} INFO - Setting next_dagrun for 02_sql_transform to None, run_after=None
[2026-09-10T21:47:02.445+0000] {processor.py:208} INFO - Processing /opt/airflow/dags/02_sql_transform.py took 0.082 seconds
[2026-09-10T21:47:32.521+0000] {processor.py:186} INFO - Started process (PID=12502) to work on /opt/airflow/dags/02_sql_transform.py
[2026-09-10T21:47:32.523+0000] {processor.py:914} INFO - Processing file /opt/airflow/dags/02_sql_transform.py for tasks to queue
[2026-09-10T21:47:32.527+0000] {logging_mixin.py:190} INFO - [2026-09-10T21:47:32.526+0000] {dagbag.py:588} INFO - Filling up the DagBag from /opt/airflow/dags/02_sql_transform.py
[2026-09-10T21:47:32.537+0000] {processor.py:925} INFO - DAG(s) '02_sql_transform' retrieved from /opt/airflow/dags/02_sql_transform.py
[2026-09-10T21:47:32.569+0000] {logging_mixin.py:190} INFO - [2026-09-10T21:47:32.569+0000] {dag.py:3239} INFO - Sync 1 DAGs
[2026-09-10T21:47:32.585+0000] {logging_mixin.py:190} INFO - [2026-09-10T21:47:32.584+0000] {dag.py:4180} INFO - Setting next_dagrun for 02_sql_transform to None, run_after=None
[2026-09-10T21:47:32.604+0000] {processor.py:208} INFO - Processing /opt/airflow/dags/02_sql_transform.py took 0.092 seconds
[2026-09-10T21:48:02.746+0000] {processor.py:186} INFO - Started process (PID=12574) to work on /opt/airflow/dags/02_sql_transform.py
[2026-09-10T21:48:02.747+0000] {processor.py:914} INFO - Processing file /opt/airflow/dags/02_sql_transform.py for tasks to queue
[2026-09-10T21:48:02.750+0000] {logging_mixin.py:190} INFO - [2026-09-10T21:48:02.749+0000] {dagbag.py:588} INFO - Filling up the DagBag from /opt/airflow/dags/02_sql_transform.py
[2026-09-10T21:48:02.757+0000] {processor.py:925} INFO - DAG(s) '02_sql_transform' retrieved from /opt/airflow/dags/02_sql_transform.py
[2026-09-10T21:48:02.794+0000] {logging_mixin.py:190} INFO - [2026-09-10T21:48:02.794+0000] {dag.py:3239} INFO - Sync 1 DAGs
[2026-09-10T21:48:02.810+0000] {logging_mixin.py:190} INFO - [2026-09-10T21:48:02.810+0000] {dag.py:4180} INFO - Setting next_dagrun for 02_sql_transform to None, run_after=None
[2026-09-10T21:48:02.831+0000] {processor.py:208} INFO - Processing /opt/airflow/dags/02_sql_transform.py took 0.091 seconds
[2026-09-10T21:48:33.072+0000] {processor.py:186} INFO - Started process (PID=12644) to work on /opt/airflow/dags/02_sql_transform.py
[2026-09-10T21:48:33.073+0000] {processor.py:914} INFO - Processing file /opt/airflow/dags/02_sql_transform.py for tasks to queue
[2026-09-10T21:48:33.077+0000] {logging_mixin.py:190} INFO - [2026-09-10T21:48:33.077+0000] {dagbag.py:588} INFO - Filling up the DagBag from /opt/airflow/dags/02_sql_transform.py
[2026-09-10T21:48:33.095+0000] {processor.py:925} INFO - DAG(s) '02_sql_transform' retrieved from /opt/airflow/dags/02_sql_transform.py
[2026-09-10T21:48:33.133+0000] {logging_mixin.py:190} INFO - [2026-09-10T21:48:33.133+0000] {dag.py:3239} INFO - Sync 1 DAGs
[2026-09-10T21:48:33.155+0000] {logging_mixin.py:190} INFO - [2026-09-10T21:48:33.155+0000] {dag.py:4180} INFO - Setting next_dagrun for 02_sql_transform to None, run_after=None
[2026-09-10T21:48:33.178+0000] {processor.py:208} INFO - Processing /opt/airflow/dags/02_sql_transform.py took 0.116 seconds
[2026-09-10T21:49:03.425+0000] {processor.py:186} INFO - Started process (PID=12714) to work on /opt/airflow/dags/02_sql_transform.py
[2026-09-10T21:49:03.426+0000] {processor.py:914} INFO - Processing file /opt/airflow/dags/02_sql_transform.py for tasks to queue
[2026-09-10T21:49:03.428+0000] {logging_mixin.py:190} INFO - [2026-09-10T21:49:03.428+0000] {dagbag.py:588} INFO - Filling up the DagBag from /opt/airflow/dags/02_sql_transform.py
[2026-09-10T21:49:03.437+0000] {processor.py:925} INFO - DAG(s) '02_sql_transform' retrieved from /opt/airflow/dags/02_sql_transform.py
[2026-09-10T21:49:03.466+0000] {logging_mixin.py:190} INFO - [2026-09-10T21:49:03.466+0000] {dag.py:3239} INFO - Sync 1 DAGs
[2026-09-10T21:49:03.481+0000] {logging_mixin.py:190} INFO - [2026-09-10T21:49:03.480+0000] {dag.py:4180} INFO - Setting next_dagrun for 02_sql_transform to None, run_after=None
[2026-09-10T21:49:03.498+0000] {processor.py:208} INFO - Processing /opt/airflow/dags/02_sql_transform.py took 0.081 seconds
[2026-09-10T21:49:33.826+0000] {processor.py:186} INFO - Started process (PID=12784) to work on /opt/airflow/dags/02_sql_transform.py
[2026-09-10T21:49:33.828+0000] {processor.py:914} INFO - Processing file /opt/airflow/dags/02_sql_transform.py for tasks to queue
[2026-09-10T21:49:33.830+0000] {logging_mixin.py:190} INFO - [2026-09-10T21:49:33.830+0000] {dagbag.py:588} INFO - Filling up the DagBag from /opt/airflow/dags/02_sql_transform.py
[2026-09-10T21:49:33.839+0000] {processor.py:925} INFO - DAG(s) '02_sql_transform' retrieved from /opt/airflow/dags/02_sql_transform.py
[2026-09-10T21:49:33.868+0000] {logging_mixin.py:190} INFO - [2026-09-10T21:49:33.867+0000] {dag.py:3239} INFO - Sync 1 DAGs
[2026-09-10T21:49:33.882+0000] {logging_mixin.py:190} INFO - [2026-09-10T21:49:33.882+0000] {dag.py:4180} INFO - Setting next_dagrun for 02_sql_transform to None, run_after=None
[2026-09-10T21:49:33.901+0000] {processor.py:208} INFO - Processing /opt/airflow/dags/02_sql_transform.py took 0.082 seconds
[2026-09-10T21:50:04.130+0000] {processor.py:186} INFO - Started process (PID=12854) to work on /opt/airflow/dags/02_sql_transform.py
[2026-09-10T21:50:04.131+0000] {processor.py:914} INFO - Processing file /opt/airflow/dags/02_sql_transform.py for tasks to queue
[2026-09-10T21:50:04.133+0000] {logging_mixin.py:190} INFO - [2026-09-10T21:50:04.133+0000] {dagbag.py:588} INFO - Filling up the DagBag from /opt/airflow/dags/02_sql_transform.py
[2026-09-10T21:50:04.143+0000] {processor.py:925} INFO - DAG(s) '02_sql_transform' retrieved from /opt/airflow/dags/02_sql_transform.py
[2026-09-10T21:50:04.173+0000] {logging_mixin.py:190} INFO - [2026-09-10T21:50:04.172+0000] {dag.py:3239} INFO - Sync 1 DAGs
[2026-09-10T21:50:04.188+0000] {logging_mixin.py:190} INFO - [2026-09-10T21:50:04.188+0000] {dag.py:4180} INFO - Setting next_dagrun for 02_sql_transform to None, run_after=None
[2026-09-10T21:50:04.207+0000] {processor.py:208} INFO - Processing /opt/airflow/dags/02_sql_transform.py took 0.084 seconds
[2026-09-10T21:50:34.588+0000] {processor.py:186} INFO - Started process (PID=12924) to work on /opt/airflow/dags/02_sql_transform.py
[2026-09-10T21:50:34.590+0000] {processor.py:914} INFO - Processing file /opt/airflow/dags/02_sql_transform.py for tasks to queue
[2026-09-10T21:50:34.594+0000] {logging_mixin.py:190} INFO - [2026-09-10T21:50:34.593+0000] {dagbag.py:588} INFO - Filling up the DagBag from /opt/airflow/dags/02_sql_transform.py
[2026-09-10T21:50:34.607+0000] {processor.py:925} INFO - DAG(s) '02_sql_transform' retrieved from /opt/airflow/dags/02_sql_transform.py
[2026-09-10T21:50:34.638+0000] {logging_mixin.py:190} INFO - [2026-09-10T21:50:34.638+0000] {dag.py:3239} INFO - Sync 1 DAGs
[2026-09-10T21:50:34.654+0000] {logging_mixin.py:190} INFO - [2026-09-10T21:50:34.654+0000] {dag.py:4180} INFO - Setting next_dagrun for 02_sql_transform to None, run_after=None
[2026-09-10T21:50:34.671+0000] {processor.py:208} INFO - Processing /opt/airflow/dags/02_sql_transform.py took 0.094 seconds
[2026-09-10T21:51:04.875+0000] {processor.py:186} INFO - Started process (PID=12994) to work on /opt/airflow/dags/02_sql_transform.py
[2026-09-10T21:51:04.876+0000] {processor.py:914} INFO - Processing file /opt/airflow/dags/02_sql_transform.py for tasks to queue
[2026-09-10T21:51:04.880+0000] {logging_mixin.py:190} INFO - [2026-09-10T21:51:04.880+0000] {dagbag.py:588} INFO - Filling up the DagBag from /opt/airflow/dags/02_sql_transform.py
[2026-09-10T21:51:04.892+0000] {processor.py:925} INFO - DAG(s) '02_sql_transform' retrieved from /opt/airflow/dags/02_sql_transform.py
[2026-09-10T21:51:04.920+0000] {logging_mixin.py:190} INFO - [2026-09-10T21:51:04.920+0000] {dag.py:3239} INFO - Sync 1 DAGs
[2026-09-10T21:51:04.936+0000] {logging_mixin.py:190} INFO - [2026-09-10T21:51:04.935+0000] {dag.py:4180} INFO - Setting next_dagrun for 02_sql_transform to None, run_after=None
[2026-09-10T21:51:04.954+0000] {processor.py:208} INFO - Processing /opt/airflow/dags/02_sql_transform.py took 0.088 seconds
[2026-09-10T21:51:35.036+0000] {processor.py:186} INFO - Started process (PID=13064) to work on /opt/airflow/dags/02_sql_transform.py
[2026-09-10T21:51:35.038+0000] {processor.py:914} INFO - Processing file /opt/airflow/dags/02_sql_transform.py for tasks to queue
[2026-09-10T21:51:35.040+0000] {logging_mixin.py:190} INFO - [2026-09-10T21:51:35.039+0000] {dagbag.py:588} INFO - Filling up the DagBag from /opt/airflow/dags/02_sql_transform.py
[2026-09-10T21:51:35.047+0000] {processor.py:925} INFO - DAG(s) '02_sql_transform' retrieved from /opt/airflow/dags/02_sql_transform.py
[2026-09-10T21:51:35.078+0000] {logging_mixin.py:190} INFO - [2026-09-10T21:51:35.078+0000] {dag.py:3239} INFO - Sync 1 DAGs
[2026-09-10T21:51:35.095+0000] {logging_mixin.py:190} INFO - [2026-09-10T21:51:35.095+0000] {dag.py:4180} INFO - Setting next_dagrun for 02_sql_transform to None, run_after=None
[2026-09-10T21:51:35.114+0000] {processor.py:208} INFO - Processing /opt/airflow/dags/02_sql_transform.py took 0.084 seconds
[2026-09-10T21:52:05.285+0000] {processor.py:186} INFO - Started process (PID=13134) to work on /opt/airflow/dags/02_sql_transform.py
[2026-09-10T21:52:05.287+0000] {processor.py:914} INFO - Processing file /opt/airflow/dags/02_sql_transform.py for tasks to queue
[2026-09-10T21:52:05.292+0000] {logging_mixin.py:190} INFO - [2026-09-10T21:52:05.291+0000] {dagbag.py:588} INFO - Filling up the DagBag from /opt/airflow/dags/02_sql_transform.py
[2026-09-10T21:52:05.304+0000] {processor.py:925} INFO - DAG(s) '02_sql_transform' retrieved from /opt/airflow/dags/02_sql_transform.py
[2026-09-10T21:52:05.341+0000] {logging_mixin.py:190} INFO - [2026-09-10T21:52:05.341+0000] {dag.py:3239} INFO - Sync 1 DAGs
[2026-09-10T21:52:05.360+0000] {logging_mixin.py:190} INFO - [2026-09-10T21:52:05.359+0000] {dag.py:4180} INFO - Setting next_dagrun for 02_sql_transform to None, run_after=None
[2026-09-10T21:52:05.381+0000] {processor.py:208} INFO - Processing /opt/airflow/dags/02_sql_transform.py took 0.106 seconds
[2026-09-10T21:52:35.426+0000] {processor.py:186} INFO - Started process (PID=13204) to work on /opt/airflow/dags/02_sql_transform.py
[2026-09-10T21:52:35.427+0000] {processor.py:914} INFO - Processing file /opt/airflow/dags/02_sql_transform.py for tasks to queue
[2026-09-10T21:52:35.431+0000] {logging_mixin.py:190} INFO - [2026-09-10T21:52:35.430+0000] {dagbag.py:588} INFO - Filling up the DagBag from /opt/airflow/dags/02_sql_transform.py
[2026-09-10T21:52:35.447+0000] {processor.py:925} INFO - DAG(s) '02_sql_transform' retrieved from /opt/airflow/dags/02_sql_transform.py
[2026-09-10T21:52:35.480+0000] {logging_mixin.py:190} INFO - [2026-09-10T21:52:35.480+0000] {dag.py:3239} INFO - Sync 1 DAGs
[2026-09-10T21:52:35.498+0000] {logging_mixin.py:190} INFO - [2026-09-10T21:52:35.498+0000] {dag.py:4180} INFO - Setting next_dagrun for 02_sql_transform to None, run_after=None
[2026-09-10T21:52:35.520+0000] {processor.py:208} INFO - Processing /opt/airflow/dags/02_sql_transform.py took 0.104 seconds
[2026-09-10T21:53:05.616+0000] {processor.py:186} INFO - Started process (PID=13274) to work on /opt/airflow/dags/02_sql_transform.py
[2026-09-10T21:53:05.617+0000] {processor.py:914} INFO - Processing file /opt/airflow/dags/02_sql_transform.py for tasks to queue
[2026-09-10T21:53:05.620+0000] {logging_mixin.py:190} INFO - [2026-09-10T21:53:05.619+0000] {dagbag.py:588} INFO - Filling up the DagBag from /opt/airflow/dags/02_sql_transform.py
[2026-09-10T21:53:05.629+0000] {processor.py:925} INFO - DAG(s) '02_sql_transform' retrieved from /opt/airflow/dags/02_sql_transform.py
[2026-09-10T21:53:05.669+0000] {logging_mixin.py:190} INFO - [2026-09-10T21:53:05.669+0000] {dag.py:3239} INFO - Sync 1 DAGs
[2026-09-10T21:53:05.689+0000] {logging_mixin.py:190} INFO - [2026-09-10T21:53:05.689+0000] {dag.py:4180} INFO - Setting next_dagrun for 02_sql_transform to None, run_after=None
[2026-09-10T21:53:05.708+0000] {processor.py:208} INFO - Processing /opt/airflow/dags/02_sql_transform.py took 0.100 seconds
[2026-09-10T21:53:35.881+0000] {processor.py:186} INFO - Started process (PID=13344) to work on /opt/airflow/dags/02_sql_transform.py
[2026-09-10T21:53:35.884+0000] {processor.py:914} INFO - Processing file /opt/airflow/dags/02_sql_transform.py for tasks to queue
[2026-09-10T21:53:35.887+0000] {logging_mixin.py:190} INFO - [2026-09-10T21:53:35.886+0000] {dagbag.py:588} INFO - Filling up the DagBag from /opt/airflow/dags/02_sql_transform.py
[2026-09-10T21:53:35.897+0000] {processor.py:925} INFO - DAG(s) '02_sql_transform' retrieved from /opt/airflow/dags/02_sql_transform.py
[2026-09-10T21:53:35.939+0000] {logging_mixin.py:190} INFO - [2026-09-10T21:53:35.939+0000] {dag.py:3239} INFO - Sync 1 DAGs
[2026-09-10T21:53:35.958+0000] {logging_mixin.py:190} INFO - [2026-09-10T21:53:35.957+0000] {dag.py:4180} INFO - Setting next_dagrun for 02_sql_transform to None, run_after=None
[2026-09-10T21:53:35.981+0000] {processor.py:208} INFO - Processing /opt/airflow/dags/02_sql_transform.py took 0.108 seconds
[2026-09-10T21:54:06.151+0000] {processor.py:186} INFO - Started process (PID=13414) to work on /opt/airflow/dags/02_sql_transform.py
[2026-09-10T21:54:06.154+0000] {processor.py:914} INFO - Processing file /opt/airflow/dags/02_sql_transform.py for tasks to queue
[2026-09-10T21:54:06.157+0000] {logging_mixin.py:190} INFO - [2026-09-10T21:54:06.157+0000] {dagbag.py:588} INFO - Filling up the DagBag from /opt/airflow/dags/02_sql_transform.py
[2026-09-10T21:54:06.172+0000] {processor.py:925} INFO - DAG(s) '02_sql_transform' retrieved from /opt/airflow/dags/02_sql_transform.py
[2026-09-10T21:54:06.208+0000] {logging_mixin.py:190} INFO - [2026-09-10T21:54:06.208+0000] {dag.py:3239} INFO - Sync 1 DAGs
[2026-09-10T21:54:06.225+0000] {logging_mixin.py:190} INFO - [2026-09-10T21:54:06.225+0000] {dag.py:4180} INFO - Setting next_dagrun for 02_sql_transform to None, run_after=None
[2026-09-10T21:54:06.252+0000] {processor.py:208} INFO - Processing /opt/airflow/dags/02_sql_transform.py took 0.115 seconds
[2026-09-10T21:54:36.379+0000] {processor.py:186} INFO - Started process (PID=13484) to work on /opt/airflow/dags/02_sql_transform.py
[2026-09-10T21:54:36.380+0000] {processor.py:914} INFO - Processing file /opt/airflow/dags/02_sql_transform.py for tasks to queue
[2026-09-10T21:54:36.383+0000] {logging_mixin.py:190} INFO - [2026-09-10T21:54:36.382+0000] {dagbag.py:588} INFO - Filling up the DagBag from /opt/airflow/dags/02_sql_transform.py
[2026-09-10T21:54:36.393+0000] {processor.py:925} INFO - DAG(s) '02_sql_transform' retrieved from /opt/airflow/dags/02_sql_transform.py
[2026-09-10T21:54:36.426+0000] {logging_mixin.py:190} INFO - [2026-09-10T21:54:36.426+0000] {dag.py:3239} INFO - Sync 1 DAGs
[2026-09-10T21:54:36.441+0000] {logging_mixin.py:190} INFO - [2026-09-10T21:54:36.441+0000] {dag.py:4180} INFO - Setting next_dagrun for 02_sql_transform to None, run_after=None
[2026-09-10T21:54:36.459+0000] {processor.py:208} INFO - Processing /opt/airflow/dags/02_sql_transform.py took 0.089 seconds
[2026-09-10T21:55:06.652+0000] {processor.py:186} INFO - Started process (PID=13552) to work on /opt/airflow/dags/02_sql_transform.py
[2026-09-10T21:55:06.653+0000] {processor.py:914} INFO - Processing file /opt/airflow/dags/02_sql_transform.py for tasks to queue
[2026-09-10T21:55:06.657+0000] {logging_mixin.py:190} INFO - [2026-09-10T21:55:06.656+0000] {dagbag.py:588} INFO - Filling up the DagBag from /opt/airflow/dags/02_sql_transform.py
[2026-09-10T21:55:06.669+0000] {processor.py:925} INFO - DAG(s) '02_sql_transform' retrieved from /opt/airflow/dags/02_sql_transform.py
[2026-09-10T21:55:06.706+0000] {logging_mixin.py:190} INFO - [2026-09-10T21:55:06.706+0000] {dag.py:3239} INFO - Sync 1 DAGs
[2026-09-10T21:55:06.727+0000] {logging_mixin.py:190} INFO - [2026-09-10T21:55:06.726+0000] {dag.py:4180} INFO - Setting next_dagrun for 02_sql_transform to None, run_after=None
[2026-09-10T21:55:06.755+0000] {processor.py:208} INFO - Processing /opt/airflow/dags/02_sql_transform.py took 0.115 seconds
[2026-09-10T21:55:36.879+0000] {processor.py:186} INFO - Started process (PID=13622) to work on /opt/airflow/dags/02_sql_transform.py
[2026-09-10T21:55:36.881+0000] {processor.py:914} INFO - Processing file /opt/airflow/dags/02_sql_transform.py for tasks to queue
[2026-09-10T21:55:36.886+0000] {logging_mixin.py:190} INFO - [2026-09-10T21:55:36.885+0000] {dagbag.py:588} INFO - Filling up the DagBag from /opt/airflow/dags/02_sql_transform.py
[2026-09-10T21:55:36.901+0000] {processor.py:925} INFO - DAG(s) '02_sql_transform' retrieved from /opt/airflow/dags/02_sql_transform.py
[2026-09-10T21:55:36.937+0000] {logging_mixin.py:190} INFO - [2026-09-10T21:55:36.937+0000] {dag.py:3239} INFO - Sync 1 DAGs
[2026-09-10T21:55:36.959+0000] {logging_mixin.py:190} INFO - [2026-09-10T21:55:36.958+0000] {dag.py:4180} INFO - Setting next_dagrun for 02_sql_transform to None, run_after=None
[2026-09-10T21:55:36.982+0000] {processor.py:208} INFO - Processing /opt/airflow/dags/02_sql_transform.py took 0.114 seconds
[2026-09-10T21:56:07.127+0000] {processor.py:186} INFO - Started process (PID=13692) to work on /opt/airflow/dags/02_sql_transform.py
[2026-09-10T21:56:07.128+0000] {processor.py:914} INFO - Processing file /opt/airflow/dags/02_sql_transform.py for tasks to queue
[2026-09-10T21:56:07.131+0000] {logging_mixin.py:190} INFO - [2026-09-10T21:56:07.131+0000] {dagbag.py:588} INFO - Filling up the DagBag from /opt/airflow/dags/02_sql_transform.py
[2026-09-10T21:56:07.143+0000] {processor.py:925} INFO - DAG(s) '02_sql_transform' retrieved from /opt/airflow/dags/02_sql_transform.py
[2026-09-10T21:56:07.191+0000] {logging_mixin.py:190} INFO - [2026-09-10T21:56:07.191+0000] {dag.py:3239} INFO - Sync 1 DAGs
[2026-09-10T21:56:07.211+0000] {logging_mixin.py:190} INFO - [2026-09-10T21:56:07.211+0000] {dag.py:4180} INFO - Setting next_dagrun for 02_sql_transform to None, run_after=None
[2026-09-10T21:56:07.234+0000] {processor.py:208} INFO - Processing /opt/airflow/dags/02_sql_transform.py took 0.117 seconds
[2026-09-10T21:56:37.382+0000] {processor.py:186} INFO - Started process (PID=13762) to work on /opt/airflow/dags/02_sql_transform.py
[2026-09-10T21:56:37.383+0000] {processor.py:914} INFO - Processing file /opt/airflow/dags/02_sql_transform.py for tasks to queue
[2026-09-10T21:56:37.388+0000] {logging_mixin.py:190} INFO - [2026-09-10T21:56:37.387+0000] {dagbag.py:588} INFO - Filling up the DagBag from /opt/airflow/dags/02_sql_transform.py
[2026-09-10T21:56:37.405+0000] {processor.py:925} INFO - DAG(s) '02_sql_transform' retrieved from /opt/airflow/dags/02_sql_transform.py
[2026-09-10T21:56:37.451+0000] {logging_mixin.py:190} INFO - [2026-09-10T21:56:37.451+0000] {dag.py:3239} INFO - Sync 1 DAGs
[2026-09-10T21:56:37.470+0000] {logging_mixin.py:190} INFO - [2026-09-10T21:56:37.470+0000] {dag.py:4180} INFO - Setting next_dagrun for 02_sql_transform to None, run_after=None
[2026-09-10T21:56:37.494+0000] {processor.py:208} INFO - Processing /opt/airflow/dags/02_sql_transform.py took 0.124 seconds
[2026-09-10T21:57:08.417+0000] {processor.py:186} INFO - Started process (PID=13834) to work on /opt/airflow/dags/02_sql_transform.py
[2026-09-10T21:57:08.419+0000] {processor.py:914} INFO - Processing file /opt/airflow/dags/02_sql_transform.py for tasks to queue
[2026-09-10T21:57:08.424+0000] {logging_mixin.py:190} INFO - [2026-09-10T21:57:08.424+0000] {dagbag.py:588} INFO - Filling up the DagBag from /opt/airflow/dags/02_sql_transform.py
[2026-09-10T21:57:08.435+0000] {processor.py:925} INFO - DAG(s) '02_sql_transform' retrieved from /opt/airflow/dags/02_sql_transform.py
[2026-09-10T21:57:08.464+0000] {logging_mixin.py:190} INFO - [2026-09-10T21:57:08.464+0000] {dag.py:3239} INFO - Sync 1 DAGs
[2026-09-10T21:57:08.480+0000] {logging_mixin.py:190} INFO - [2026-09-10T21:57:08.479+0000] {dag.py:4180} INFO - Setting next_dagrun for 02_sql_transform to None, run_after=None
[2026-09-10T21:57:08.497+0000] {processor.py:208} INFO - Processing /opt/airflow/dags/02_sql_transform.py took 0.093 seconds
[2026-09-10T21:57:38.610+0000] {processor.py:186} INFO - Started process (PID=13904) to work on /opt/airflow/dags/02_sql_transform.py
[2026-09-10T21:57:38.611+0000] {processor.py:914} INFO - Processing file /opt/airflow/dags/02_sql_transform.py for tasks to queue
[2026-09-10T21:57:38.614+0000] {logging_mixin.py:190} INFO - [2026-09-10T21:57:38.613+0000] {dagbag.py:588} INFO - Filling up the DagBag from /opt/airflow/dags/02_sql_transform.py
[2026-09-10T21:57:38.623+0000] {processor.py:925} INFO - DAG(s) '02_sql_transform' retrieved from /opt/airflow/dags/02_sql_transform.py
[2026-09-10T21:57:38.657+0000] {logging_mixin.py:190} INFO - [2026-09-10T21:57:38.657+0000] {dag.py:3239} INFO - Sync 1 DAGs
[2026-09-10T21:57:38.676+0000] {logging_mixin.py:190} INFO - [2026-09-10T21:57:38.675+0000] {dag.py:4180} INFO - Setting next_dagrun for 02_sql_transform to None, run_after=None
[2026-09-10T21:57:38.697+0000] {processor.py:208} INFO - Processing /opt/airflow/dags/02_sql_transform.py took 0.095 seconds
[2026-09-10T21:58:08.832+0000] {processor.py:186} INFO - Started process (PID=13974) to work on /opt/airflow/dags/02_sql_transform.py
[2026-09-10T21:58:08.833+0000] {processor.py:914} INFO - Processing file /opt/airflow/dags/02_sql_transform.py for tasks to queue
[2026-09-10T21:58:08.836+0000] {logging_mixin.py:190} INFO - [2026-09-10T21:58:08.836+0000] {dagbag.py:588} INFO - Filling up the DagBag from /opt/airflow/dags/02_sql_transform.py
[2026-09-10T21:58:08.846+0000] {processor.py:925} INFO - DAG(s) '02_sql_transform' retrieved from /opt/airflow/dags/02_sql_transform.py
[2026-09-10T21:58:08.878+0000] {logging_mixin.py:190} INFO - [2026-09-10T21:58:08.878+0000] {dag.py:3239} INFO - Sync 1 DAGs
[2026-09-10T21:58:08.896+0000] {logging_mixin.py:190} INFO - [2026-09-10T21:58:08.896+0000] {dag.py:4180} INFO - Setting next_dagrun for 02_sql_transform to None, run_after=None
[2026-09-10T21:58:08.914+0000] {processor.py:208} INFO - Processing /opt/airflow/dags/02_sql_transform.py took 0.092 seconds
[2026-09-10T21:58:39.120+0000] {processor.py:186} INFO - Started process (PID=14044) to work on /opt/airflow/dags/02_sql_transform.py
[2026-09-10T21:58:39.121+0000] {processor.py:914} INFO - Processing file /opt/airflow/dags/02_sql_transform.py for tasks to queue
[2026-09-10T21:58:39.124+0000] {logging_mixin.py:190} INFO - [2026-09-10T21:58:39.123+0000] {dagbag.py:588} INFO - Filling up the DagBag from /opt/airflow/dags/02_sql_transform.py
[2026-09-10T21:58:39.133+0000] {processor.py:925} INFO - DAG(s) '02_sql_transform' retrieved from /opt/airflow/dags/02_sql_transform.py
[2026-09-10T21:58:39.164+0000] {logging_mixin.py:190} INFO - [2026-09-10T21:58:39.164+0000] {dag.py:3239} INFO - Sync 1 DAGs
[2026-09-10T21:58:39.180+0000] {logging_mixin.py:190} INFO - [2026-09-10T21:58:39.180+0000] {dag.py:4180} INFO - Setting next_dagrun for 02_sql_transform to None, run_after=None
[2026-09-10T21:58:39.201+0000] {processor.py:208} INFO - Processing /opt/airflow/dags/02_sql_transform.py took 0.091 seconds
[2026-09-10T21:59:10.156+0000] {processor.py:186} INFO - Started process (PID=14112) to work on /opt/airflow/dags/02_sql_transform.py
[2026-09-10T21:59:10.158+0000] {processor.py:914} INFO - Processing file /opt/airflow/dags/02_sql_transform.py for tasks to queue
[2026-09-10T21:59:10.161+0000] {logging_mixin.py:190} INFO - [2026-09-10T21:59:10.161+0000] {dagbag.py:588} INFO - Filling up the DagBag from /opt/airflow/dags/02_sql_transform.py
[2026-09-10T21:59:10.178+0000] {processor.py:925} INFO - DAG(s) '02_sql_transform' retrieved from /opt/airflow/dags/02_sql_transform.py
[2026-09-10T21:59:10.216+0000] {logging_mixin.py:190} INFO - [2026-09-10T21:59:10.216+0000] {dag.py:3239} INFO - Sync 1 DAGs
[2026-09-10T21:59:10.238+0000] {logging_mixin.py:190} INFO - [2026-09-10T21:59:10.238+0000] {dag.py:4180} INFO - Setting next_dagrun for 02_sql_transform to None, run_after=None
[2026-09-10T21:59:10.262+0000] {processor.py:208} INFO - Processing /opt/airflow/dags/02_sql_transform.py took 0.116 seconds
[2026-09-10T21:59:41.126+0000] {processor.py:186} INFO - Started process (PID=14184) to work on /opt/airflow/dags/02_sql_transform.py
[2026-09-10T21:59:41.126+0000] {processor.py:914} INFO - Processing file /opt/airflow/dags/02_sql_transform.py for tasks to queue
[2026-09-10T21:59:41.129+0000] {logging_mixin.py:190} INFO - [2026-09-10T21:59:41.129+0000] {dagbag.py:588} INFO - Filling up the DagBag from /opt/airflow/dags/02_sql_transform.py
[2026-09-10T21:59:41.142+0000] {processor.py:925} INFO - DAG(s) '02_sql_transform' retrieved from /opt/airflow/dags/02_sql_transform.py
[2026-09-10T21:59:41.174+0000] {logging_mixin.py:190} INFO - [2026-09-10T21:59:41.174+0000] {dag.py:3239} INFO - Sync 1 DAGs
[2026-09-10T21:59:41.192+0000] {logging_mixin.py:190} INFO - [2026-09-10T21:59:41.192+0000] {dag.py:4180} INFO - Setting next_dagrun for 02_sql_transform to None, run_after=None
[2026-09-10T21:59:41.211+0000] {processor.py:208} INFO - Processing /opt/airflow/dags/02_sql_transform.py took 0.093 seconds
[2026-09-10T22:00:11.373+0000] {processor.py:186} INFO - Started process (PID=14254) to work on /opt/airflow/dags/02_sql_transform.py
[2026-09-10T22:00:11.375+0000] {processor.py:914} INFO - Processing file /opt/airflow/dags/02_sql_transform.py for tasks to queue
[2026-09-10T22:00:11.378+0000] {logging_mixin.py:190} INFO - [2026-09-10T22:00:11.378+0000] {dagbag.py:588} INFO - Filling up the DagBag from /opt/airflow/dags/02_sql_transform.py
[2026-09-10T22:00:11.391+0000] {processor.py:925} INFO - DAG(s) '02_sql_transform' retrieved from /opt/airflow/dags/02_sql_transform.py
[2026-09-10T22:00:11.424+0000] {logging_mixin.py:190} INFO - [2026-09-10T22:00:11.423+0000] {dag.py:3239} INFO - Sync 1 DAGs
[2026-09-10T22:00:11.442+0000] {logging_mixin.py:190} INFO - [2026-09-10T22:00:11.442+0000] {dag.py:4180} INFO - Setting next_dagrun for 02_sql_transform to None, run_after=None
[2026-09-10T22:00:11.464+0000] {processor.py:208} INFO - Processing /opt/airflow/dags/02_sql_transform.py took 0.100 seconds
[2026-09-10T22:00:41.559+0000] {processor.py:186} INFO - Started process (PID=14324) to work on /opt/airflow/dags/02_sql_transform.py
[2026-09-10T22:00:41.560+0000] {processor.py:914} INFO - Processing file /opt/airflow/dags/02_sql_transform.py for tasks to queue
[2026-09-10T22:00:41.564+0000] {logging_mixin.py:190} INFO - [2026-09-10T22:00:41.563+0000] {dagbag.py:588} INFO - Filling up the DagBag from /opt/airflow/dags/02_sql_transform.py
[2026-09-10T22:00:41.576+0000] {processor.py:925} INFO - DAG(s) '02_sql_transform' retrieved from /opt/airflow/dags/02_sql_transform.py
[2026-09-10T22:00:41.612+0000] {logging_mixin.py:190} INFO - [2026-09-10T22:00:41.612+0000] {dag.py:3239} INFO - Sync 1 DAGs
[2026-09-10T22:00:41.629+0000] {logging_mixin.py:190} INFO - [2026-09-10T22:00:41.629+0000] {dag.py:4180} INFO - Setting next_dagrun for 02_sql_transform to None, run_after=None
[2026-09-10T22:00:41.654+0000] {processor.py:208} INFO - Processing /opt/airflow/dags/02_sql_transform.py took 0.104 seconds
