[2026-09-10T02:40:44.056+0000] {processor.py:186} INFO - Started process (PID=166) to work on /opt/airflow/dags/03_parallel.py
[2026-09-10T02:40:44.058+0000] {processor.py:914} INFO - Processing file /opt/airflow/dags/03_parallel.py for tasks to queue
[2026-09-10T02:40:44.063+0000] {logging_mixin.py:190} INFO - [2026-09-10T02:40:44.062+0000] {dagbag.py:588} INFO - Filling up the DagBag from /opt/airflow/dags/03_parallel.py
[2026-09-10T02:40:44.083+0000] {processor.py:925} INFO - DAG(s) '03_parallel' retrieved from /opt/airflow/dags/03_parallel.py
[2026-09-10T02:40:44.489+0000] {logging_mixin.py:190} INFO - [2026-09-10T02:40:44.488+0000] {override.py:1911} INFO - Created Permission View: can edit on DAG:03_parallel
[2026-09-10T02:40:44.507+0000] {logging_mixin.py:190} INFO - [2026-09-10T02:40:44.506+0000] {override.py:1911} INFO - Created Permission View: can delete on DAG:03_parallel
[2026-09-10T02:40:44.528+0000] {logging_mixin.py:190} INFO - [2026-09-10T02:40:44.527+0000] {override.py:1911} INFO - Created Permission View: can read on DAG:03_parallel
[2026-09-10T02:40:44.541+0000] {logging_mixin.py:190} INFO - [2026-09-10T02:40:44.541+0000] {override.py:1911} INFO - Created Permission View: can create on DAG Run:03_parallel
[2026-09-10T02:40:44.552+0000] {logging_mixin.py:190} INFO - [2026-09-10T02:40:44.552+0000] {override.py:1911} INFO - Created Permission View: menu access on DAG Run:03_parallel
[2026-09-10T02:40:44.560+0000] {logging_mixin.py:190} INFO - [2026-09-10T02:40:44.559+0000] {override.py:1911} INFO - Created Permission View: can delete on DAG Run:03_parallel
[2026-09-10T02:40:44.571+0000] {logging_mixin.py:190} INFO - [2026-09-10T02:40:44.571+0000] {override.py:1911} INFO - Created Permission View: can read on DAG Run:03_parallel
[2026-09-10T02:40:44.572+0000] {logging_mixin.py:190} INFO - [2026-09-10T02:40:44.572+0000] {dag.py:3239} INFO - Sync 1 DAGs
[2026-09-10T02:40:44.595+0000] {logging_mixin.py:190} INFO - [2026-09-10T02:40:44.595+0000] {dag.py:3262} INFO - Creating ORM DAG for 03_parallel
[2026-09-10T02:40:44.597+0000] {logging_mixin.py:190} INFO - [2026-09-10T02:40:44.596+0000] {dag.py:4180} INFO - Setting next_dagrun for 03_parallel to None, run_after=None
[2026-09-10T02:40:44.626+0000] {processor.py:208} INFO - Processing /opt/airflow/dags/03_parallel.py took 0.583 seconds
[2026-09-10T02:41:15.351+0000] {processor.py:186} INFO - Started process (PID=216) to work on /opt/airflow/dags/03_parallel.py
[2026-09-10T02:41:15.353+0000] {processor.py:914} INFO - Processing file /opt/airflow/dags/03_parallel.py for tasks to queue
[2026-09-10T02:41:15.355+0000] {logging_mixin.py:190} INFO - [2026-09-10T02:41:15.355+0000] {dagbag.py:588} INFO - Filling up the DagBag from /opt/airflow/dags/03_parallel.py
[2026-09-10T02:41:15.371+0000] {processor.py:925} INFO - DAG(s) '03_parallel' retrieved from /opt/airflow/dags/03_parallel.py
[2026-09-10T02:41:15.426+0000] {logging_mixin.py:190} INFO - [2026-09-10T02:41:15.425+0000] {dag.py:3239} INFO - Sync 1 DAGs
[2026-09-10T02:41:15.457+0000] {logging_mixin.py:190} INFO - [2026-09-10T02:41:15.457+0000] {dag.py:4180} INFO - Setting next_dagrun for 03_parallel to None, run_after=None
[2026-09-10T02:41:15.484+0000] {processor.py:208} INFO - Processing /opt/airflow/dags/03_parallel.py took 0.141 seconds
[2026-09-10T02:41:46.371+0000] {processor.py:186} INFO - Started process (PID=266) to work on /opt/airflow/dags/03_parallel.py
[2026-09-10T02:41:46.372+0000] {processor.py:914} INFO - Processing file /opt/airflow/dags/03_parallel.py for tasks to queue
[2026-09-10T02:41:46.374+0000] {logging_mixin.py:190} INFO - [2026-09-10T02:41:46.374+0000] {dagbag.py:588} INFO - Filling up the DagBag from /opt/airflow/dags/03_parallel.py
[2026-09-10T02:41:46.383+0000] {processor.py:925} INFO - DAG(s) '03_parallel' retrieved from /opt/airflow/dags/03_parallel.py
[2026-09-10T02:41:46.414+0000] {logging_mixin.py:190} INFO - [2026-09-10T02:41:46.414+0000] {dag.py:3239} INFO - Sync 1 DAGs
[2026-09-10T02:41:46.428+0000] {logging_mixin.py:190} INFO - [2026-09-10T02:41:46.428+0000] {dag.py:4180} INFO - Setting next_dagrun for 03_parallel to None, run_after=None
[2026-09-10T02:41:46.447+0000] {processor.py:208} INFO - Processing /opt/airflow/dags/03_parallel.py took 0.082 seconds
[2026-09-10T02:42:17.204+0000] {processor.py:186} INFO - Started process (PID=316) to work on /opt/airflow/dags/03_parallel.py
[2026-09-10T02:42:17.206+0000] {processor.py:914} INFO - Processing file /opt/airflow/dags/03_parallel.py for tasks to queue
[2026-09-10T02:42:17.209+0000] {logging_mixin.py:190} INFO - [2026-09-10T02:42:17.208+0000] {dagbag.py:588} INFO - Filling up the DagBag from /opt/airflow/dags/03_parallel.py
[2026-09-10T02:42:17.222+0000] {processor.py:925} INFO - DAG(s) '03_parallel' retrieved from /opt/airflow/dags/03_parallel.py
[2026-09-10T02:42:17.308+0000] {logging_mixin.py:190} INFO - [2026-09-10T02:42:17.307+0000] {dag.py:3239} INFO - Sync 1 DAGs
[2026-09-10T02:42:17.350+0000] {logging_mixin.py:190} INFO - [2026-09-10T02:42:17.349+0000] {dag.py:4180} INFO - Setting next_dagrun for 03_parallel to None, run_after=None
[2026-09-10T02:42:17.393+0000] {processor.py:208} INFO - Processing /opt/airflow/dags/03_parallel.py took 0.207 seconds
[2026-09-10T02:42:47.521+0000] {processor.py:186} INFO - Started process (PID=366) to work on /opt/airflow/dags/03_parallel.py
[2026-09-10T02:42:47.523+0000] {processor.py:914} INFO - Processing file /opt/airflow/dags/03_parallel.py for tasks to queue
[2026-09-10T02:42:47.525+0000] {logging_mixin.py:190} INFO - [2026-09-10T02:42:47.525+0000] {dagbag.py:588} INFO - Filling up the DagBag from /opt/airflow/dags/03_parallel.py
[2026-09-10T02:42:47.540+0000] {processor.py:925} INFO - DAG(s) '03_parallel' retrieved from /opt/airflow/dags/03_parallel.py
[2026-09-10T02:42:47.588+0000] {logging_mixin.py:190} INFO - [2026-09-10T02:42:47.588+0000] {dag.py:3239} INFO - Sync 1 DAGs
[2026-09-10T02:42:47.608+0000] {logging_mixin.py:190} INFO - [2026-09-10T02:42:47.607+0000] {dag.py:4180} INFO - Setting next_dagrun for 03_parallel to None, run_after=None
[2026-09-10T02:42:47.634+0000] {processor.py:208} INFO - Processing /opt/airflow/dags/03_parallel.py took 0.126 seconds
[2026-09-10T02:43:17.768+0000] {processor.py:186} INFO - Started process (PID=419) to work on /opt/airflow/dags/03_parallel.py
[2026-09-10T02:43:17.770+0000] {processor.py:914} INFO - Processing file /opt/airflow/dags/03_parallel.py for tasks to queue
[2026-09-10T02:43:17.775+0000] {logging_mixin.py:190} INFO - [2026-09-10T02:43:17.774+0000] {dagbag.py:588} INFO - Filling up the DagBag from /opt/airflow/dags/03_parallel.py
[2026-09-10T02:43:17.789+0000] {processor.py:925} INFO - DAG(s) '03_parallel' retrieved from /opt/airflow/dags/03_parallel.py
[2026-09-10T02:43:17.853+0000] {logging_mixin.py:190} INFO - [2026-09-10T02:43:17.852+0000] {dag.py:3239} INFO - Sync 1 DAGs
[2026-09-10T02:43:17.914+0000] {logging_mixin.py:190} INFO - [2026-09-10T02:43:17.914+0000] {dag.py:4180} INFO - Setting next_dagrun for 03_parallel to None, run_after=None
[2026-09-10T02:43:18.617+0000] {processor.py:208} INFO - Processing /opt/airflow/dags/03_parallel.py took 0.863 seconds
[2026-09-10T02:43:49.458+0000] {processor.py:186} INFO - Started process (PID=469) to work on /opt/airflow/dags/03_parallel.py
[2026-09-10T02:43:49.461+0000] {processor.py:914} INFO - Processing file /opt/airflow/dags/03_parallel.py for tasks to queue
[2026-09-10T02:43:49.465+0000] {logging_mixin.py:190} INFO - [2026-09-10T02:43:49.464+0000] {dagbag.py:588} INFO - Filling up the DagBag from /opt/airflow/dags/03_parallel.py
[2026-09-10T02:43:49.497+0000] {processor.py:925} INFO - DAG(s) '03_parallel' retrieved from /opt/airflow/dags/03_parallel.py
[2026-09-10T02:43:49.588+0000] {logging_mixin.py:190} INFO - [2026-09-10T02:43:49.587+0000] {dag.py:3239} INFO - Sync 1 DAGs
[2026-09-10T02:43:49.620+0000] {logging_mixin.py:190} INFO - [2026-09-10T02:43:49.620+0000] {dag.py:4180} INFO - Setting next_dagrun for 03_parallel to None, run_after=None
[2026-09-10T02:43:49.649+0000] {processor.py:208} INFO - Processing /opt/airflow/dags/03_parallel.py took 0.206 seconds
[2026-09-10T02:44:20.039+0000] {processor.py:186} INFO - Started process (PID=519) to work on /opt/airflow/dags/03_parallel.py
[2026-09-10T02:44:20.042+0000] {processor.py:914} INFO - Processing file /opt/airflow/dags/03_parallel.py for tasks to queue
[2026-09-10T02:44:20.046+0000] {logging_mixin.py:190} INFO - [2026-09-10T02:44:20.045+0000] {dagbag.py:588} INFO - Filling up the DagBag from /opt/airflow/dags/03_parallel.py
[2026-09-10T02:44:20.057+0000] {processor.py:925} INFO - DAG(s) '03_parallel' retrieved from /opt/airflow/dags/03_parallel.py
[2026-09-10T02:44:20.094+0000] {logging_mixin.py:190} INFO - [2026-09-10T02:44:20.094+0000] {dag.py:3239} INFO - Sync 1 DAGs
[2026-09-10T02:44:20.113+0000] {logging_mixin.py:190} INFO - [2026-09-10T02:44:20.113+0000] {dag.py:4180} INFO - Setting next_dagrun for 03_parallel to None, run_after=None
[2026-09-10T02:44:20.826+0000] {processor.py:208} INFO - Processing /opt/airflow/dags/03_parallel.py took 0.807 seconds
[2026-09-10T02:44:51.004+0000] {processor.py:186} INFO - Started process (PID=569) to work on /opt/airflow/dags/03_parallel.py
[2026-09-10T02:44:51.005+0000] {processor.py:914} INFO - Processing file /opt/airflow/dags/03_parallel.py for tasks to queue
[2026-09-10T02:44:51.009+0000] {logging_mixin.py:190} INFO - [2026-09-10T02:44:51.009+0000] {dagbag.py:588} INFO - Filling up the DagBag from /opt/airflow/dags/03_parallel.py
[2026-09-10T02:44:51.024+0000] {processor.py:925} INFO - DAG(s) '03_parallel' retrieved from /opt/airflow/dags/03_parallel.py
[2026-09-10T02:44:51.069+0000] {logging_mixin.py:190} INFO - [2026-09-10T02:44:51.069+0000] {dag.py:3239} INFO - Sync 1 DAGs
[2026-09-10T02:44:51.087+0000] {logging_mixin.py:190} INFO - [2026-09-10T02:44:51.087+0000] {dag.py:4180} INFO - Setting next_dagrun for 03_parallel to None, run_after=None
[2026-09-10T02:44:51.106+0000] {processor.py:208} INFO - Processing /opt/airflow/dags/03_parallel.py took 0.113 seconds
[2026-09-10T02:45:22.033+0000] {processor.py:186} INFO - Started process (PID=619) to work on /opt/airflow/dags/03_parallel.py
[2026-09-10T02:45:22.034+0000] {processor.py:914} INFO - Processing file /opt/airflow/dags/03_parallel.py for tasks to queue
[2026-09-10T02:45:22.036+0000] {logging_mixin.py:190} INFO - [2026-09-10T02:45:22.036+0000] {dagbag.py:588} INFO - Filling up the DagBag from /opt/airflow/dags/03_parallel.py
[2026-09-10T02:45:22.044+0000] {processor.py:925} INFO - DAG(s) '03_parallel' retrieved from /opt/airflow/dags/03_parallel.py
[2026-09-10T02:45:22.081+0000] {logging_mixin.py:190} INFO - [2026-09-10T02:45:22.081+0000] {dag.py:3239} INFO - Sync 1 DAGs
[2026-09-10T02:45:22.103+0000] {logging_mixin.py:190} INFO - [2026-09-10T02:45:22.103+0000] {dag.py:4180} INFO - Setting next_dagrun for 03_parallel to None, run_after=None
[2026-09-10T02:45:22.305+0000] {processor.py:208} INFO - Processing /opt/airflow/dags/03_parallel.py took 0.280 seconds
[2026-09-10T02:45:52.792+0000] {processor.py:186} INFO - Started process (PID=669) to work on /opt/airflow/dags/03_parallel.py
[2026-09-10T02:45:52.792+0000] {processor.py:914} INFO - Processing file /opt/airflow/dags/03_parallel.py for tasks to queue
[2026-09-10T02:45:52.794+0000] {logging_mixin.py:190} INFO - [2026-09-10T02:45:52.794+0000] {dagbag.py:588} INFO - Filling up the DagBag from /opt/airflow/dags/03_parallel.py
[2026-09-10T02:45:52.803+0000] {processor.py:925} INFO - DAG(s) '03_parallel' retrieved from /opt/airflow/dags/03_parallel.py
[2026-09-10T02:45:52.840+0000] {logging_mixin.py:190} INFO - [2026-09-10T02:45:52.840+0000] {dag.py:3239} INFO - Sync 1 DAGs
[2026-09-10T02:45:52.856+0000] {logging_mixin.py:190} INFO - [2026-09-10T02:45:52.856+0000] {dag.py:4180} INFO - Setting next_dagrun for 03_parallel to None, run_after=None
[2026-09-10T02:45:52.877+0000] {processor.py:208} INFO - Processing /opt/airflow/dags/03_parallel.py took 0.092 seconds
[2026-09-10T02:46:23.748+0000] {processor.py:186} INFO - Started process (PID=719) to work on /opt/airflow/dags/03_parallel.py
[2026-09-10T02:46:23.750+0000] {processor.py:914} INFO - Processing file /opt/airflow/dags/03_parallel.py for tasks to queue
[2026-09-10T02:46:23.752+0000] {logging_mixin.py:190} INFO - [2026-09-10T02:46:23.752+0000] {dagbag.py:588} INFO - Filling up the DagBag from /opt/airflow/dags/03_parallel.py
[2026-09-10T02:46:23.764+0000] {processor.py:925} INFO - DAG(s) '03_parallel' retrieved from /opt/airflow/dags/03_parallel.py
[2026-09-10T02:46:23.806+0000] {logging_mixin.py:190} INFO - [2026-09-10T02:46:23.805+0000] {dag.py:3239} INFO - Sync 1 DAGs
[2026-09-10T02:46:23.829+0000] {logging_mixin.py:190} INFO - [2026-09-10T02:46:23.829+0000] {dag.py:4180} INFO - Setting next_dagrun for 03_parallel to None, run_after=None
[2026-09-10T02:46:24.221+0000] {processor.py:208} INFO - Processing /opt/airflow/dags/03_parallel.py took 0.482 seconds
[2026-09-10T02:46:54.727+0000] {processor.py:186} INFO - Started process (PID=769) to work on /opt/airflow/dags/03_parallel.py
[2026-09-10T02:46:54.728+0000] {processor.py:914} INFO - Processing file /opt/airflow/dags/03_parallel.py for tasks to queue
[2026-09-10T02:46:54.730+0000] {logging_mixin.py:190} INFO - [2026-09-10T02:46:54.730+0000] {dagbag.py:588} INFO - Filling up the DagBag from /opt/airflow/dags/03_parallel.py
[2026-09-10T02:46:54.742+0000] {processor.py:925} INFO - DAG(s) '03_parallel' retrieved from /opt/airflow/dags/03_parallel.py
[2026-09-10T02:46:54.781+0000] {logging_mixin.py:190} INFO - [2026-09-10T02:46:54.781+0000] {dag.py:3239} INFO - Sync 1 DAGs
[2026-09-10T02:46:54.799+0000] {logging_mixin.py:190} INFO - [2026-09-10T02:46:54.799+0000] {dag.py:4180} INFO - Setting next_dagrun for 03_parallel to None, run_after=None
[2026-09-10T02:46:54.819+0000] {processor.py:208} INFO - Processing /opt/airflow/dags/03_parallel.py took 0.101 seconds
[2026-09-10T02:47:25.644+0000] {processor.py:186} INFO - Started process (PID=819) to work on /opt/airflow/dags/03_parallel.py
[2026-09-10T02:47:25.646+0000] {processor.py:914} INFO - Processing file /opt/airflow/dags/03_parallel.py for tasks to queue
[2026-09-10T02:47:25.649+0000] {logging_mixin.py:190} INFO - [2026-09-10T02:47:25.649+0000] {dagbag.py:588} INFO - Filling up the DagBag from /opt/airflow/dags/03_parallel.py
[2026-09-10T02:47:25.660+0000] {processor.py:925} INFO - DAG(s) '03_parallel' retrieved from /opt/airflow/dags/03_parallel.py
[2026-09-10T02:47:25.702+0000] {logging_mixin.py:190} INFO - [2026-09-10T02:47:25.701+0000] {dag.py:3239} INFO - Sync 1 DAGs
[2026-09-10T02:47:25.721+0000] {logging_mixin.py:190} INFO - [2026-09-10T02:47:25.721+0000] {dag.py:4180} INFO - Setting next_dagrun for 03_parallel to None, run_after=None
[2026-09-10T02:47:25.932+0000] {processor.py:208} INFO - Processing /opt/airflow/dags/03_parallel.py took 0.296 seconds
[2026-09-10T02:47:56.183+0000] {processor.py:186} INFO - Started process (PID=869) to work on /opt/airflow/dags/03_parallel.py
[2026-09-10T02:47:56.184+0000] {processor.py:914} INFO - Processing file /opt/airflow/dags/03_parallel.py for tasks to queue
[2026-09-10T02:47:56.187+0000] {logging_mixin.py:190} INFO - [2026-09-10T02:47:56.186+0000] {dagbag.py:588} INFO - Filling up the DagBag from /opt/airflow/dags/03_parallel.py
[2026-09-10T02:47:56.197+0000] {processor.py:925} INFO - DAG(s) '03_parallel' retrieved from /opt/airflow/dags/03_parallel.py
[2026-09-10T02:47:56.233+0000] {logging_mixin.py:190} INFO - [2026-09-10T02:47:56.232+0000] {dag.py:3239} INFO - Sync 1 DAGs
[2026-09-10T02:47:56.253+0000] {logging_mixin.py:190} INFO - [2026-09-10T02:47:56.251+0000] {dag.py:4180} INFO - Setting next_dagrun for 03_parallel to None, run_after=None
[2026-09-10T02:47:56.276+0000] {processor.py:208} INFO - Processing /opt/airflow/dags/03_parallel.py took 0.101 seconds
[2026-09-10T02:48:26.487+0000] {processor.py:186} INFO - Started process (PID=916) to work on /opt/airflow/dags/03_parallel.py
[2026-09-10T02:48:26.490+0000] {processor.py:914} INFO - Processing file /opt/airflow/dags/03_parallel.py for tasks to queue
[2026-09-10T02:48:26.520+0000] {logging_mixin.py:190} INFO - [2026-09-10T02:48:26.516+0000] {dagbag.py:588} INFO - Filling up the DagBag from /opt/airflow/dags/03_parallel.py
[2026-09-10T02:48:26.663+0000] {processor.py:925} INFO - DAG(s) '03_parallel' retrieved from /opt/airflow/dags/03_parallel.py
[2026-09-10T02:48:26.798+0000] {logging_mixin.py:190} INFO - [2026-09-10T02:48:26.797+0000] {dag.py:3239} INFO - Sync 1 DAGs
[2026-09-10T02:48:26.890+0000] {logging_mixin.py:190} INFO - [2026-09-10T02:48:26.890+0000] {dag.py:4180} INFO - Setting next_dagrun for 03_parallel to None, run_after=None
[2026-09-10T02:48:27.884+0000] {processor.py:208} INFO - Processing /opt/airflow/dags/03_parallel.py took 1.509 seconds
[2026-09-10T02:48:58.005+0000] {processor.py:186} INFO - Started process (PID=969) to work on /opt/airflow/dags/03_parallel.py
[2026-09-10T02:48:58.007+0000] {processor.py:914} INFO - Processing file /opt/airflow/dags/03_parallel.py for tasks to queue
[2026-09-10T02:48:58.011+0000] {logging_mixin.py:190} INFO - [2026-09-10T02:48:58.010+0000] {dagbag.py:588} INFO - Filling up the DagBag from /opt/airflow/dags/03_parallel.py
[2026-09-10T02:48:58.020+0000] {processor.py:925} INFO - DAG(s) '03_parallel' retrieved from /opt/airflow/dags/03_parallel.py
[2026-09-10T02:48:58.058+0000] {logging_mixin.py:190} INFO - [2026-09-10T02:48:58.057+0000] {dag.py:3239} INFO - Sync 1 DAGs
[2026-09-10T02:48:58.075+0000] {logging_mixin.py:190} INFO - [2026-09-10T02:48:58.074+0000] {dag.py:4180} INFO - Setting next_dagrun for 03_parallel to None, run_after=None
[2026-09-10T02:48:58.096+0000] {processor.py:208} INFO - Processing /opt/airflow/dags/03_parallel.py took 0.098 seconds
[2026-09-10T02:49:28.887+0000] {processor.py:186} INFO - Started process (PID=1019) to work on /opt/airflow/dags/03_parallel.py
[2026-09-10T02:49:28.888+0000] {processor.py:914} INFO - Processing file /opt/airflow/dags/03_parallel.py for tasks to queue
[2026-09-10T02:49:28.891+0000] {logging_mixin.py:190} INFO - [2026-09-10T02:49:28.891+0000] {dagbag.py:588} INFO - Filling up the DagBag from /opt/airflow/dags/03_parallel.py
[2026-09-10T02:49:28.903+0000] {processor.py:925} INFO - DAG(s) '03_parallel' retrieved from /opt/airflow/dags/03_parallel.py
[2026-09-10T02:49:28.943+0000] {logging_mixin.py:190} INFO - [2026-09-10T02:49:28.943+0000] {dag.py:3239} INFO - Sync 1 DAGs
[2026-09-10T02:49:28.961+0000] {logging_mixin.py:190} INFO - [2026-09-10T02:49:28.961+0000] {dag.py:4180} INFO - Setting next_dagrun for 03_parallel to None, run_after=None
[2026-09-10T02:49:29.381+0000] {processor.py:208} INFO - Processing /opt/airflow/dags/03_parallel.py took 0.502 seconds
[2026-09-10T02:49:59.987+0000] {processor.py:186} INFO - Started process (PID=1069) to work on /opt/airflow/dags/03_parallel.py
[2026-09-10T02:49:59.989+0000] {processor.py:914} INFO - Processing file /opt/airflow/dags/03_parallel.py for tasks to queue
[2026-09-10T02:49:59.993+0000] {logging_mixin.py:190} INFO - [2026-09-10T02:49:59.993+0000] {dagbag.py:588} INFO - Filling up the DagBag from /opt/airflow/dags/03_parallel.py
[2026-09-10T02:50:00.012+0000] {processor.py:925} INFO - DAG(s) '03_parallel' retrieved from /opt/airflow/dags/03_parallel.py
[2026-09-10T02:50:00.066+0000] {logging_mixin.py:190} INFO - [2026-09-10T02:50:00.065+0000] {dag.py:3239} INFO - Sync 1 DAGs
[2026-09-10T02:50:00.089+0000] {logging_mixin.py:190} INFO - [2026-09-10T02:50:00.089+0000] {dag.py:4180} INFO - Setting next_dagrun for 03_parallel to None, run_after=None
[2026-09-10T02:50:00.123+0000] {processor.py:208} INFO - Processing /opt/airflow/dags/03_parallel.py took 0.147 seconds
[2026-09-10T02:50:30.921+0000] {processor.py:186} INFO - Started process (PID=1119) to work on /opt/airflow/dags/03_parallel.py
[2026-09-10T02:50:30.923+0000] {processor.py:914} INFO - Processing file /opt/airflow/dags/03_parallel.py for tasks to queue
[2026-09-10T02:50:30.926+0000] {logging_mixin.py:190} INFO - [2026-09-10T02:50:30.925+0000] {dagbag.py:588} INFO - Filling up the DagBag from /opt/airflow/dags/03_parallel.py
[2026-09-10T02:50:30.937+0000] {processor.py:925} INFO - DAG(s) '03_parallel' retrieved from /opt/airflow/dags/03_parallel.py
[2026-09-10T02:50:30.982+0000] {logging_mixin.py:190} INFO - [2026-09-10T02:50:30.982+0000] {dag.py:3239} INFO - Sync 1 DAGs
[2026-09-10T02:50:31.001+0000] {logging_mixin.py:190} INFO - [2026-09-10T02:50:31.001+0000] {dag.py:4180} INFO - Setting next_dagrun for 03_parallel to None, run_after=None
[2026-09-10T02:50:31.241+0000] {processor.py:208} INFO - Processing /opt/airflow/dags/03_parallel.py took 0.328 seconds
[2026-09-10T02:51:01.630+0000] {processor.py:186} INFO - Started process (PID=1169) to work on /opt/airflow/dags/03_parallel.py
[2026-09-10T02:51:01.632+0000] {processor.py:914} INFO - Processing file /opt/airflow/dags/03_parallel.py for tasks to queue
[2026-09-10T02:51:01.636+0000] {logging_mixin.py:190} INFO - [2026-09-10T02:51:01.635+0000] {dagbag.py:588} INFO - Filling up the DagBag from /opt/airflow/dags/03_parallel.py
[2026-09-10T02:51:01.651+0000] {processor.py:925} INFO - DAG(s) '03_parallel' retrieved from /opt/airflow/dags/03_parallel.py
[2026-09-10T02:51:01.703+0000] {logging_mixin.py:190} INFO - [2026-09-10T02:51:01.702+0000] {dag.py:3239} INFO - Sync 1 DAGs
[2026-09-10T02:51:01.734+0000] {logging_mixin.py:190} INFO - [2026-09-10T02:51:01.734+0000] {dag.py:4180} INFO - Setting next_dagrun for 03_parallel to None, run_after=None
[2026-09-10T02:51:01.757+0000] {processor.py:208} INFO - Processing /opt/airflow/dags/03_parallel.py took 0.139 seconds
[2026-09-10T02:51:32.491+0000] {processor.py:186} INFO - Started process (PID=1219) to work on /opt/airflow/dags/03_parallel.py
[2026-09-10T02:51:32.492+0000] {processor.py:914} INFO - Processing file /opt/airflow/dags/03_parallel.py for tasks to queue
[2026-09-10T02:51:32.504+0000] {logging_mixin.py:190} INFO - [2026-09-10T02:51:32.503+0000] {dagbag.py:588} INFO - Filling up the DagBag from /opt/airflow/dags/03_parallel.py
[2026-09-10T02:51:32.529+0000] {processor.py:925} INFO - DAG(s) '03_parallel' retrieved from /opt/airflow/dags/03_parallel.py
[2026-09-10T02:51:32.629+0000] {logging_mixin.py:190} INFO - [2026-09-10T02:51:32.629+0000] {dag.py:3239} INFO - Sync 1 DAGs
[2026-09-10T02:51:32.681+0000] {logging_mixin.py:190} INFO - [2026-09-10T02:51:32.680+0000] {dag.py:4180} INFO - Setting next_dagrun for 03_parallel to None, run_after=None
[2026-09-10T02:51:33.935+0000] {processor.py:208} INFO - Processing /opt/airflow/dags/03_parallel.py took 1.471 seconds
[2026-09-10T02:52:04.220+0000] {processor.py:186} INFO - Started process (PID=1272) to work on /opt/airflow/dags/03_parallel.py
[2026-09-10T02:52:04.223+0000] {processor.py:914} INFO - Processing file /opt/airflow/dags/03_parallel.py for tasks to queue
[2026-09-10T02:52:04.229+0000] {logging_mixin.py:190} INFO - [2026-09-10T02:52:04.228+0000] {dagbag.py:588} INFO - Filling up the DagBag from /opt/airflow/dags/03_parallel.py
[2026-09-10T02:52:04.257+0000] {processor.py:925} INFO - DAG(s) '03_parallel' retrieved from /opt/airflow/dags/03_parallel.py
[2026-09-10T02:52:04.313+0000] {logging_mixin.py:190} INFO - [2026-09-10T02:52:04.313+0000] {dag.py:3239} INFO - Sync 1 DAGs
[2026-09-10T02:52:04.337+0000] {logging_mixin.py:190} INFO - [2026-09-10T02:52:04.336+0000] {dag.py:4180} INFO - Setting next_dagrun for 03_parallel to None, run_after=None
[2026-09-10T02:52:04.370+0000] {processor.py:208} INFO - Processing /opt/airflow/dags/03_parallel.py took 0.174 seconds
[2026-09-10T02:52:34.660+0000] {processor.py:186} INFO - Started process (PID=1328) to work on /opt/airflow/dags/03_parallel.py
[2026-09-10T02:52:34.661+0000] {processor.py:914} INFO - Processing file /opt/airflow/dags/03_parallel.py for tasks to queue
[2026-09-10T02:52:34.665+0000] {logging_mixin.py:190} INFO - [2026-09-10T02:52:34.665+0000] {dagbag.py:588} INFO - Filling up the DagBag from /opt/airflow/dags/03_parallel.py
[2026-09-10T02:52:34.680+0000] {processor.py:925} INFO - DAG(s) '03_parallel' retrieved from /opt/airflow/dags/03_parallel.py
[2026-09-10T02:52:34.720+0000] {logging_mixin.py:190} INFO - [2026-09-10T02:52:34.720+0000] {dag.py:3239} INFO - Sync 1 DAGs
[2026-09-10T02:52:34.737+0000] {logging_mixin.py:190} INFO - [2026-09-10T02:52:34.737+0000] {dag.py:4180} INFO - Setting next_dagrun for 03_parallel to None, run_after=None
[2026-09-10T02:52:35.640+0000] {processor.py:208} INFO - Processing /opt/airflow/dags/03_parallel.py took 0.991 seconds
[2026-09-10T02:53:05.954+0000] {processor.py:186} INFO - Started process (PID=1378) to work on /opt/airflow/dags/03_parallel.py
[2026-09-10T02:53:05.956+0000] {processor.py:914} INFO - Processing file /opt/airflow/dags/03_parallel.py for tasks to queue
[2026-09-10T02:53:05.959+0000] {logging_mixin.py:190} INFO - [2026-09-10T02:53:05.958+0000] {dagbag.py:588} INFO - Filling up the DagBag from /opt/airflow/dags/03_parallel.py
[2026-09-10T02:53:05.971+0000] {processor.py:925} INFO - DAG(s) '03_parallel' retrieved from /opt/airflow/dags/03_parallel.py
[2026-09-10T02:53:06.018+0000] {logging_mixin.py:190} INFO - [2026-09-10T02:53:06.017+0000] {dag.py:3239} INFO - Sync 1 DAGs
[2026-09-10T02:53:06.035+0000] {logging_mixin.py:190} INFO - [2026-09-10T02:53:06.035+0000] {dag.py:4180} INFO - Setting next_dagrun for 03_parallel to None, run_after=None
[2026-09-10T02:53:06.056+0000] {processor.py:208} INFO - Processing /opt/airflow/dags/03_parallel.py took 0.111 seconds
[2026-09-10T02:53:36.854+0000] {processor.py:186} INFO - Started process (PID=1428) to work on /opt/airflow/dags/03_parallel.py
[2026-09-10T02:53:36.855+0000] {processor.py:914} INFO - Processing file /opt/airflow/dags/03_parallel.py for tasks to queue
[2026-09-10T02:53:36.859+0000] {logging_mixin.py:190} INFO - [2026-09-10T02:53:36.858+0000] {dagbag.py:588} INFO - Filling up the DagBag from /opt/airflow/dags/03_parallel.py
[2026-09-10T02:53:36.872+0000] {processor.py:925} INFO - DAG(s) '03_parallel' retrieved from /opt/airflow/dags/03_parallel.py
[2026-09-10T02:53:36.918+0000] {logging_mixin.py:190} INFO - [2026-09-10T02:53:36.918+0000] {dag.py:3239} INFO - Sync 1 DAGs
[2026-09-10T02:53:36.937+0000] {logging_mixin.py:190} INFO - [2026-09-10T02:53:36.936+0000] {dag.py:4180} INFO - Setting next_dagrun for 03_parallel to None, run_after=None
[2026-09-10T02:53:37.161+0000] {processor.py:208} INFO - Processing /opt/airflow/dags/03_parallel.py took 0.319 seconds
[2026-09-10T02:54:08.178+0000] {processor.py:186} INFO - Started process (PID=1478) to work on /opt/airflow/dags/03_parallel.py
[2026-09-10T02:54:08.180+0000] {processor.py:914} INFO - Processing file /opt/airflow/dags/03_parallel.py for tasks to queue
[2026-09-10T02:54:08.183+0000] {logging_mixin.py:190} INFO - [2026-09-10T02:54:08.182+0000] {dagbag.py:588} INFO - Filling up the DagBag from /opt/airflow/dags/03_parallel.py
[2026-09-10T02:54:08.202+0000] {processor.py:925} INFO - DAG(s) '03_parallel' retrieved from /opt/airflow/dags/03_parallel.py
[2026-09-10T02:54:08.242+0000] {logging_mixin.py:190} INFO - [2026-09-10T02:54:08.242+0000] {dag.py:3239} INFO - Sync 1 DAGs
[2026-09-10T02:54:08.260+0000] {logging_mixin.py:190} INFO - [2026-09-10T02:54:08.260+0000] {dag.py:4180} INFO - Setting next_dagrun for 03_parallel to None, run_after=None
[2026-09-10T02:54:08.283+0000] {processor.py:208} INFO - Processing /opt/airflow/dags/03_parallel.py took 0.114 seconds
[2026-09-10T02:54:38.611+0000] {processor.py:186} INFO - Started process (PID=1530) to work on /opt/airflow/dags/03_parallel.py
[2026-09-10T02:54:38.612+0000] {processor.py:914} INFO - Processing file /opt/airflow/dags/03_parallel.py for tasks to queue
[2026-09-10T02:54:38.615+0000] {logging_mixin.py:190} INFO - [2026-09-10T02:54:38.615+0000] {dagbag.py:588} INFO - Filling up the DagBag from /opt/airflow/dags/03_parallel.py
[2026-09-10T02:54:38.625+0000] {processor.py:925} INFO - DAG(s) '03_parallel' retrieved from /opt/airflow/dags/03_parallel.py
[2026-09-10T02:54:38.662+0000] {logging_mixin.py:190} INFO - [2026-09-10T02:54:38.662+0000] {dag.py:3239} INFO - Sync 1 DAGs
[2026-09-10T02:54:38.684+0000] {logging_mixin.py:190} INFO - [2026-09-10T02:54:38.684+0000] {dag.py:4180} INFO - Setting next_dagrun for 03_parallel to None, run_after=None
[2026-09-10T02:54:38.876+0000] {processor.py:208} INFO - Processing /opt/airflow/dags/03_parallel.py took 0.273 seconds
[2026-09-10T02:55:09.237+0000] {processor.py:186} INFO - Started process (PID=1578) to work on /opt/airflow/dags/03_parallel.py
[2026-09-10T02:55:09.238+0000] {processor.py:914} INFO - Processing file /opt/airflow/dags/03_parallel.py for tasks to queue
[2026-09-10T02:55:09.241+0000] {logging_mixin.py:190} INFO - [2026-09-10T02:55:09.241+0000] {dagbag.py:588} INFO - Filling up the DagBag from /opt/airflow/dags/03_parallel.py
[2026-09-10T02:55:09.445+0000] {processor.py:925} INFO - DAG(s) '03_parallel' retrieved from /opt/airflow/dags/03_parallel.py
[2026-09-10T02:55:09.477+0000] {logging_mixin.py:190} INFO - [2026-09-10T02:55:09.477+0000] {dag.py:3239} INFO - Sync 1 DAGs
[2026-09-10T02:55:09.491+0000] {logging_mixin.py:190} INFO - [2026-09-10T02:55:09.490+0000] {dag.py:4180} INFO - Setting next_dagrun for 03_parallel to None, run_after=None
[2026-09-10T02:55:09.509+0000] {processor.py:208} INFO - Processing /opt/airflow/dags/03_parallel.py took 0.280 seconds
[2026-09-10T02:55:40.541+0000] {processor.py:186} INFO - Started process (PID=1628) to work on /opt/airflow/dags/03_parallel.py
[2026-09-10T02:55:40.542+0000] {processor.py:914} INFO - Processing file /opt/airflow/dags/03_parallel.py for tasks to queue
[2026-09-10T02:55:40.545+0000] {logging_mixin.py:190} INFO - [2026-09-10T02:55:40.544+0000] {dagbag.py:588} INFO - Filling up the DagBag from /opt/airflow/dags/03_parallel.py
[2026-09-10T02:55:40.557+0000] {processor.py:925} INFO - DAG(s) '03_parallel' retrieved from /opt/airflow/dags/03_parallel.py
[2026-09-10T02:55:40.597+0000] {logging_mixin.py:190} INFO - [2026-09-10T02:55:40.597+0000] {dag.py:3239} INFO - Sync 1 DAGs
[2026-09-10T02:55:40.616+0000] {logging_mixin.py:190} INFO - [2026-09-10T02:55:40.616+0000] {dag.py:4180} INFO - Setting next_dagrun for 03_parallel to None, run_after=None
[2026-09-10T02:55:40.637+0000] {processor.py:208} INFO - Processing /opt/airflow/dags/03_parallel.py took 0.109 seconds
[2026-09-10T02:56:11.533+0000] {processor.py:186} INFO - Started process (PID=1678) to work on /opt/airflow/dags/03_parallel.py
[2026-09-10T02:56:11.535+0000] {processor.py:914} INFO - Processing file /opt/airflow/dags/03_parallel.py for tasks to queue
[2026-09-10T02:56:11.538+0000] {logging_mixin.py:190} INFO - [2026-09-10T02:56:11.537+0000] {dagbag.py:588} INFO - Filling up the DagBag from /opt/airflow/dags/03_parallel.py
[2026-09-10T02:56:11.548+0000] {processor.py:925} INFO - DAG(s) '03_parallel' retrieved from /opt/airflow/dags/03_parallel.py
[2026-09-10T02:56:11.592+0000] {logging_mixin.py:190} INFO - [2026-09-10T02:56:11.591+0000] {dag.py:3239} INFO - Sync 1 DAGs
[2026-09-10T02:56:11.609+0000] {logging_mixin.py:190} INFO - [2026-09-10T02:56:11.608+0000] {dag.py:4180} INFO - Setting next_dagrun for 03_parallel to None, run_after=None
[2026-09-10T02:56:11.629+0000] {processor.py:208} INFO - Processing /opt/airflow/dags/03_parallel.py took 0.104 seconds
[2026-09-10T02:56:42.460+0000] {processor.py:186} INFO - Started process (PID=1728) to work on /opt/airflow/dags/03_parallel.py
[2026-09-10T02:56:42.461+0000] {processor.py:914} INFO - Processing file /opt/airflow/dags/03_parallel.py for tasks to queue
[2026-09-10T02:56:42.465+0000] {logging_mixin.py:190} INFO - [2026-09-10T02:56:42.464+0000] {dagbag.py:588} INFO - Filling up the DagBag from /opt/airflow/dags/03_parallel.py
[2026-09-10T02:56:42.477+0000] {processor.py:925} INFO - DAG(s) '03_parallel' retrieved from /opt/airflow/dags/03_parallel.py
[2026-09-10T02:56:42.521+0000] {logging_mixin.py:190} INFO - [2026-09-10T02:56:42.521+0000] {dag.py:3239} INFO - Sync 1 DAGs
[2026-09-10T02:56:42.544+0000] {logging_mixin.py:190} INFO - [2026-09-10T02:56:42.544+0000] {dag.py:4180} INFO - Setting next_dagrun for 03_parallel to None, run_after=None
[2026-09-10T02:56:42.564+0000] {processor.py:208} INFO - Processing /opt/airflow/dags/03_parallel.py took 0.112 seconds
[2026-09-10T02:57:13.268+0000] {processor.py:186} INFO - Started process (PID=1778) to work on /opt/airflow/dags/03_parallel.py
[2026-09-10T02:57:13.270+0000] {processor.py:914} INFO - Processing file /opt/airflow/dags/03_parallel.py for tasks to queue
[2026-09-10T02:57:13.274+0000] {logging_mixin.py:190} INFO - [2026-09-10T02:57:13.273+0000] {dagbag.py:588} INFO - Filling up the DagBag from /opt/airflow/dags/03_parallel.py
[2026-09-10T02:57:13.285+0000] {processor.py:925} INFO - DAG(s) '03_parallel' retrieved from /opt/airflow/dags/03_parallel.py
[2026-09-10T02:57:13.328+0000] {logging_mixin.py:190} INFO - [2026-09-10T02:57:13.328+0000] {dag.py:3239} INFO - Sync 1 DAGs
[2026-09-10T02:57:13.347+0000] {logging_mixin.py:190} INFO - [2026-09-10T02:57:13.346+0000] {dag.py:4180} INFO - Setting next_dagrun for 03_parallel to None, run_after=None
[2026-09-10T02:57:13.366+0000] {processor.py:208} INFO - Processing /opt/airflow/dags/03_parallel.py took 0.107 seconds
[2026-09-10T02:57:44.217+0000] {processor.py:186} INFO - Started process (PID=1828) to work on /opt/airflow/dags/03_parallel.py
[2026-09-10T02:57:44.218+0000] {processor.py:914} INFO - Processing file /opt/airflow/dags/03_parallel.py for tasks to queue
[2026-09-10T02:57:44.220+0000] {logging_mixin.py:190} INFO - [2026-09-10T02:57:44.220+0000] {dagbag.py:588} INFO - Filling up the DagBag from /opt/airflow/dags/03_parallel.py
[2026-09-10T02:57:44.230+0000] {processor.py:925} INFO - DAG(s) '03_parallel' retrieved from /opt/airflow/dags/03_parallel.py
[2026-09-10T02:57:44.270+0000] {logging_mixin.py:190} INFO - [2026-09-10T02:57:44.270+0000] {dag.py:3239} INFO - Sync 1 DAGs
[2026-09-10T02:57:44.287+0000] {logging_mixin.py:190} INFO - [2026-09-10T02:57:44.287+0000] {dag.py:4180} INFO - Setting next_dagrun for 03_parallel to None, run_after=None
[2026-09-10T02:57:44.313+0000] {processor.py:208} INFO - Processing /opt/airflow/dags/03_parallel.py took 0.104 seconds
[2026-09-10T02:58:15.146+0000] {processor.py:186} INFO - Started process (PID=1878) to work on /opt/airflow/dags/03_parallel.py
[2026-09-10T02:58:15.151+0000] {processor.py:914} INFO - Processing file /opt/airflow/dags/03_parallel.py for tasks to queue
[2026-09-10T02:58:15.156+0000] {logging_mixin.py:190} INFO - [2026-09-10T02:58:15.155+0000] {dagbag.py:588} INFO - Filling up the DagBag from /opt/airflow/dags/03_parallel.py
[2026-09-10T02:58:15.173+0000] {processor.py:925} INFO - DAG(s) '03_parallel' retrieved from /opt/airflow/dags/03_parallel.py
[2026-09-10T02:58:15.226+0000] {logging_mixin.py:190} INFO - [2026-09-10T02:58:15.226+0000] {dag.py:3239} INFO - Sync 1 DAGs
[2026-09-10T02:58:15.248+0000] {logging_mixin.py:190} INFO - [2026-09-10T02:58:15.248+0000] {dag.py:4180} INFO - Setting next_dagrun for 03_parallel to None, run_after=None
[2026-09-10T02:58:15.272+0000] {processor.py:208} INFO - Processing /opt/airflow/dags/03_parallel.py took 0.136 seconds
[2026-09-10T02:58:46.319+0000] {processor.py:186} INFO - Started process (PID=1928) to work on /opt/airflow/dags/03_parallel.py
[2026-09-10T02:58:46.320+0000] {processor.py:914} INFO - Processing file /opt/airflow/dags/03_parallel.py for tasks to queue
[2026-09-10T02:58:46.322+0000] {logging_mixin.py:190} INFO - [2026-09-10T02:58:46.322+0000] {dagbag.py:588} INFO - Filling up the DagBag from /opt/airflow/dags/03_parallel.py
[2026-09-10T02:58:46.332+0000] {processor.py:925} INFO - DAG(s) '03_parallel' retrieved from /opt/airflow/dags/03_parallel.py
[2026-09-10T02:58:46.370+0000] {logging_mixin.py:190} INFO - [2026-09-10T02:58:46.370+0000] {dag.py:3239} INFO - Sync 1 DAGs
[2026-09-10T02:58:46.386+0000] {logging_mixin.py:190} INFO - [2026-09-10T02:58:46.386+0000] {dag.py:4180} INFO - Setting next_dagrun for 03_parallel to None, run_after=None
[2026-09-10T02:58:46.408+0000] {processor.py:208} INFO - Processing /opt/airflow/dags/03_parallel.py took 0.097 seconds
[2026-09-10T02:59:17.243+0000] {processor.py:186} INFO - Started process (PID=1978) to work on /opt/airflow/dags/03_parallel.py
[2026-09-10T02:59:17.245+0000] {processor.py:914} INFO - Processing file /opt/airflow/dags/03_parallel.py for tasks to queue
[2026-09-10T02:59:17.247+0000] {logging_mixin.py:190} INFO - [2026-09-10T02:59:17.247+0000] {dagbag.py:588} INFO - Filling up the DagBag from /opt/airflow/dags/03_parallel.py
[2026-09-10T02:59:17.257+0000] {processor.py:925} INFO - DAG(s) '03_parallel' retrieved from /opt/airflow/dags/03_parallel.py
[2026-09-10T02:59:17.292+0000] {logging_mixin.py:190} INFO - [2026-09-10T02:59:17.292+0000] {dag.py:3239} INFO - Sync 1 DAGs
[2026-09-10T02:59:17.307+0000] {logging_mixin.py:190} INFO - [2026-09-10T02:59:17.306+0000] {dag.py:4180} INFO - Setting next_dagrun for 03_parallel to None, run_after=None
[2026-09-10T02:59:17.327+0000] {processor.py:208} INFO - Processing /opt/airflow/dags/03_parallel.py took 0.091 seconds
[2026-09-10T02:59:48.155+0000] {processor.py:186} INFO - Started process (PID=2028) to work on /opt/airflow/dags/03_parallel.py
[2026-09-10T02:59:48.156+0000] {processor.py:914} INFO - Processing file /opt/airflow/dags/03_parallel.py for tasks to queue
[2026-09-10T02:59:48.158+0000] {logging_mixin.py:190} INFO - [2026-09-10T02:59:48.158+0000] {dagbag.py:588} INFO - Filling up the DagBag from /opt/airflow/dags/03_parallel.py
[2026-09-10T02:59:48.167+0000] {processor.py:925} INFO - DAG(s) '03_parallel' retrieved from /opt/airflow/dags/03_parallel.py
[2026-09-10T02:59:48.204+0000] {logging_mixin.py:190} INFO - [2026-09-10T02:59:48.203+0000] {dag.py:3239} INFO - Sync 1 DAGs
[2026-09-10T02:59:48.222+0000] {logging_mixin.py:190} INFO - [2026-09-10T02:59:48.222+0000] {dag.py:4180} INFO - Setting next_dagrun for 03_parallel to None, run_after=None
[2026-09-10T02:59:48.247+0000] {processor.py:208} INFO - Processing /opt/airflow/dags/03_parallel.py took 0.099 seconds
[2026-09-10T03:00:19.049+0000] {processor.py:186} INFO - Started process (PID=2078) to work on /opt/airflow/dags/03_parallel.py
[2026-09-10T03:00:19.051+0000] {processor.py:914} INFO - Processing file /opt/airflow/dags/03_parallel.py for tasks to queue
[2026-09-10T03:00:19.054+0000] {logging_mixin.py:190} INFO - [2026-09-10T03:00:19.054+0000] {dagbag.py:588} INFO - Filling up the DagBag from /opt/airflow/dags/03_parallel.py
[2026-09-10T03:00:19.066+0000] {processor.py:925} INFO - DAG(s) '03_parallel' retrieved from /opt/airflow/dags/03_parallel.py
[2026-09-10T03:00:19.104+0000] {logging_mixin.py:190} INFO - [2026-09-10T03:00:19.103+0000] {dag.py:3239} INFO - Sync 1 DAGs
[2026-09-10T03:00:19.119+0000] {logging_mixin.py:190} INFO - [2026-09-10T03:00:19.119+0000] {dag.py:4180} INFO - Setting next_dagrun for 03_parallel to None, run_after=None
[2026-09-10T03:00:19.137+0000] {processor.py:208} INFO - Processing /opt/airflow/dags/03_parallel.py took 0.098 seconds
[2026-09-10T03:00:49.843+0000] {processor.py:186} INFO - Started process (PID=2128) to work on /opt/airflow/dags/03_parallel.py
[2026-09-10T03:00:49.844+0000] {processor.py:914} INFO - Processing file /opt/airflow/dags/03_parallel.py for tasks to queue
[2026-09-10T03:00:49.848+0000] {logging_mixin.py:190} INFO - [2026-09-10T03:00:49.847+0000] {dagbag.py:588} INFO - Filling up the DagBag from /opt/airflow/dags/03_parallel.py
[2026-09-10T03:00:49.860+0000] {processor.py:925} INFO - DAG(s) '03_parallel' retrieved from /opt/airflow/dags/03_parallel.py
[2026-09-10T03:00:49.916+0000] {logging_mixin.py:190} INFO - [2026-09-10T03:00:49.916+0000] {dag.py:3239} INFO - Sync 1 DAGs
[2026-09-10T03:00:49.933+0000] {logging_mixin.py:190} INFO - [2026-09-10T03:00:49.932+0000] {dag.py:4180} INFO - Setting next_dagrun for 03_parallel to None, run_after=None
[2026-09-10T03:00:49.953+0000] {processor.py:208} INFO - Processing /opt/airflow/dags/03_parallel.py took 0.122 seconds
[2026-09-10T03:01:20.811+0000] {processor.py:186} INFO - Started process (PID=2178) to work on /opt/airflow/dags/03_parallel.py
[2026-09-10T03:01:20.812+0000] {processor.py:914} INFO - Processing file /opt/airflow/dags/03_parallel.py for tasks to queue
[2026-09-10T03:01:20.815+0000] {logging_mixin.py:190} INFO - [2026-09-10T03:01:20.815+0000] {dagbag.py:588} INFO - Filling up the DagBag from /opt/airflow/dags/03_parallel.py
[2026-09-10T03:01:20.826+0000] {processor.py:925} INFO - DAG(s) '03_parallel' retrieved from /opt/airflow/dags/03_parallel.py
[2026-09-10T03:01:20.864+0000] {logging_mixin.py:190} INFO - [2026-09-10T03:01:20.864+0000] {dag.py:3239} INFO - Sync 1 DAGs
[2026-09-10T03:01:20.882+0000] {logging_mixin.py:190} INFO - [2026-09-10T03:01:20.881+0000] {dag.py:4180} INFO - Setting next_dagrun for 03_parallel to None, run_after=None
[2026-09-10T03:01:20.907+0000] {processor.py:208} INFO - Processing /opt/airflow/dags/03_parallel.py took 0.102 seconds
[2026-09-10T03:01:51.845+0000] {processor.py:186} INFO - Started process (PID=2228) to work on /opt/airflow/dags/03_parallel.py
[2026-09-10T03:01:51.846+0000] {processor.py:914} INFO - Processing file /opt/airflow/dags/03_parallel.py for tasks to queue
[2026-09-10T03:01:51.850+0000] {logging_mixin.py:190} INFO - [2026-09-10T03:01:51.850+0000] {dagbag.py:588} INFO - Filling up the DagBag from /opt/airflow/dags/03_parallel.py
[2026-09-10T03:01:51.864+0000] {processor.py:925} INFO - DAG(s) '03_parallel' retrieved from /opt/airflow/dags/03_parallel.py
[2026-09-10T03:01:51.911+0000] {logging_mixin.py:190} INFO - [2026-09-10T03:01:51.910+0000] {dag.py:3239} INFO - Sync 1 DAGs
[2026-09-10T03:01:51.930+0000] {logging_mixin.py:190} INFO - [2026-09-10T03:01:51.930+0000] {dag.py:4180} INFO - Setting next_dagrun for 03_parallel to None, run_after=None
[2026-09-10T03:01:51.957+0000] {processor.py:208} INFO - Processing /opt/airflow/dags/03_parallel.py took 0.122 seconds
[2026-09-10T03:02:22.671+0000] {processor.py:186} INFO - Started process (PID=2278) to work on /opt/airflow/dags/03_parallel.py
[2026-09-10T03:02:22.673+0000] {processor.py:914} INFO - Processing file /opt/airflow/dags/03_parallel.py for tasks to queue
[2026-09-10T03:02:22.679+0000] {logging_mixin.py:190} INFO - [2026-09-10T03:02:22.678+0000] {dagbag.py:588} INFO - Filling up the DagBag from /opt/airflow/dags/03_parallel.py
[2026-09-10T03:02:22.699+0000] {processor.py:925} INFO - DAG(s) '03_parallel' retrieved from /opt/airflow/dags/03_parallel.py
[2026-09-10T03:02:22.750+0000] {logging_mixin.py:190} INFO - [2026-09-10T03:02:22.750+0000] {dag.py:3239} INFO - Sync 1 DAGs
[2026-09-10T03:02:22.773+0000] {logging_mixin.py:190} INFO - [2026-09-10T03:02:22.773+0000] {dag.py:4180} INFO - Setting next_dagrun for 03_parallel to None, run_after=None
[2026-09-10T03:02:22.804+0000] {processor.py:208} INFO - Processing /opt/airflow/dags/03_parallel.py took 0.144 seconds
[2026-09-10T03:02:53.737+0000] {processor.py:186} INFO - Started process (PID=2328) to work on /opt/airflow/dags/03_parallel.py
[2026-09-10T03:02:53.738+0000] {processor.py:914} INFO - Processing file /opt/airflow/dags/03_parallel.py for tasks to queue
[2026-09-10T03:02:53.741+0000] {logging_mixin.py:190} INFO - [2026-09-10T03:02:53.740+0000] {dagbag.py:588} INFO - Filling up the DagBag from /opt/airflow/dags/03_parallel.py
[2026-09-10T03:02:53.751+0000] {processor.py:925} INFO - DAG(s) '03_parallel' retrieved from /opt/airflow/dags/03_parallel.py
[2026-09-10T03:02:53.788+0000] {logging_mixin.py:190} INFO - [2026-09-10T03:02:53.788+0000] {dag.py:3239} INFO - Sync 1 DAGs
[2026-09-10T03:02:53.804+0000] {logging_mixin.py:190} INFO - [2026-09-10T03:02:53.804+0000] {dag.py:4180} INFO - Setting next_dagrun for 03_parallel to None, run_after=None
[2026-09-10T03:02:53.824+0000] {processor.py:208} INFO - Processing /opt/airflow/dags/03_parallel.py took 0.096 seconds
[2026-09-10T03:03:24.685+0000] {processor.py:186} INFO - Started process (PID=2378) to work on /opt/airflow/dags/03_parallel.py
[2026-09-10T03:03:24.686+0000] {processor.py:914} INFO - Processing file /opt/airflow/dags/03_parallel.py for tasks to queue
[2026-09-10T03:03:24.690+0000] {logging_mixin.py:190} INFO - [2026-09-10T03:03:24.689+0000] {dagbag.py:588} INFO - Filling up the DagBag from /opt/airflow/dags/03_parallel.py
[2026-09-10T03:03:24.701+0000] {processor.py:925} INFO - DAG(s) '03_parallel' retrieved from /opt/airflow/dags/03_parallel.py
[2026-09-10T03:03:24.744+0000] {logging_mixin.py:190} INFO - [2026-09-10T03:03:24.743+0000] {dag.py:3239} INFO - Sync 1 DAGs
[2026-09-10T03:03:24.760+0000] {logging_mixin.py:190} INFO - [2026-09-10T03:03:24.760+0000] {dag.py:4180} INFO - Setting next_dagrun for 03_parallel to None, run_after=None
[2026-09-10T03:03:24.781+0000] {processor.py:208} INFO - Processing /opt/airflow/dags/03_parallel.py took 0.104 seconds
[2026-09-10T03:03:55.520+0000] {processor.py:186} INFO - Started process (PID=2428) to work on /opt/airflow/dags/03_parallel.py
[2026-09-10T03:03:55.522+0000] {processor.py:914} INFO - Processing file /opt/airflow/dags/03_parallel.py for tasks to queue
[2026-09-10T03:03:55.524+0000] {logging_mixin.py:190} INFO - [2026-09-10T03:03:55.524+0000] {dagbag.py:588} INFO - Filling up the DagBag from /opt/airflow/dags/03_parallel.py
[2026-09-10T03:03:55.536+0000] {processor.py:925} INFO - DAG(s) '03_parallel' retrieved from /opt/airflow/dags/03_parallel.py
[2026-09-10T03:03:55.574+0000] {logging_mixin.py:190} INFO - [2026-09-10T03:03:55.574+0000] {dag.py:3239} INFO - Sync 1 DAGs
[2026-09-10T03:03:55.597+0000] {logging_mixin.py:190} INFO - [2026-09-10T03:03:55.596+0000] {dag.py:4180} INFO - Setting next_dagrun for 03_parallel to None, run_after=None
[2026-09-10T03:03:55.621+0000] {processor.py:208} INFO - Processing /opt/airflow/dags/03_parallel.py took 0.109 seconds
[2026-09-10T03:04:26.416+0000] {processor.py:186} INFO - Started process (PID=2478) to work on /opt/airflow/dags/03_parallel.py
[2026-09-10T03:04:26.418+0000] {processor.py:914} INFO - Processing file /opt/airflow/dags/03_parallel.py for tasks to queue
[2026-09-10T03:04:26.422+0000] {logging_mixin.py:190} INFO - [2026-09-10T03:04:26.422+0000] {dagbag.py:588} INFO - Filling up the DagBag from /opt/airflow/dags/03_parallel.py
[2026-09-10T03:04:26.438+0000] {processor.py:925} INFO - DAG(s) '03_parallel' retrieved from /opt/airflow/dags/03_parallel.py
[2026-09-10T03:04:26.482+0000] {logging_mixin.py:190} INFO - [2026-09-10T03:04:26.482+0000] {dag.py:3239} INFO - Sync 1 DAGs
[2026-09-10T03:04:26.501+0000] {logging_mixin.py:190} INFO - [2026-09-10T03:04:26.500+0000] {dag.py:4180} INFO - Setting next_dagrun for 03_parallel to None, run_after=None
[2026-09-10T03:04:26.528+0000] {processor.py:208} INFO - Processing /opt/airflow/dags/03_parallel.py took 0.126 seconds
[2026-09-10T03:04:56.612+0000] {processor.py:186} INFO - Started process (PID=2528) to work on /opt/airflow/dags/03_parallel.py
[2026-09-10T03:04:56.614+0000] {processor.py:914} INFO - Processing file /opt/airflow/dags/03_parallel.py for tasks to queue
[2026-09-10T03:04:56.617+0000] {logging_mixin.py:190} INFO - [2026-09-10T03:04:56.616+0000] {dagbag.py:588} INFO - Filling up the DagBag from /opt/airflow/dags/03_parallel.py
[2026-09-10T03:04:56.628+0000] {processor.py:925} INFO - DAG(s) '03_parallel' retrieved from /opt/airflow/dags/03_parallel.py
[2026-09-10T03:04:56.671+0000] {logging_mixin.py:190} INFO - [2026-09-10T03:04:56.670+0000] {dag.py:3239} INFO - Sync 1 DAGs
[2026-09-10T03:04:56.692+0000] {logging_mixin.py:190} INFO - [2026-09-10T03:04:56.692+0000] {dag.py:4180} INFO - Setting next_dagrun for 03_parallel to None, run_after=None
[2026-09-10T03:04:56.716+0000] {processor.py:208} INFO - Processing /opt/airflow/dags/03_parallel.py took 0.112 seconds
[2026-09-10T03:05:27.627+0000] {processor.py:186} INFO - Started process (PID=2578) to work on /opt/airflow/dags/03_parallel.py
[2026-09-10T03:05:27.628+0000] {processor.py:914} INFO - Processing file /opt/airflow/dags/03_parallel.py for tasks to queue
[2026-09-10T03:05:27.630+0000] {logging_mixin.py:190} INFO - [2026-09-10T03:05:27.630+0000] {dagbag.py:588} INFO - Filling up the DagBag from /opt/airflow/dags/03_parallel.py
[2026-09-10T03:05:27.639+0000] {processor.py:925} INFO - DAG(s) '03_parallel' retrieved from /opt/airflow/dags/03_parallel.py
[2026-09-10T03:05:27.675+0000] {logging_mixin.py:190} INFO - [2026-09-10T03:05:27.675+0000] {dag.py:3239} INFO - Sync 1 DAGs
[2026-09-10T03:05:27.691+0000] {logging_mixin.py:190} INFO - [2026-09-10T03:05:27.690+0000] {dag.py:4180} INFO - Setting next_dagrun for 03_parallel to None, run_after=None
[2026-09-10T03:05:27.714+0000] {processor.py:208} INFO - Processing /opt/airflow/dags/03_parallel.py took 0.093 seconds
[2026-09-10T03:05:58.546+0000] {processor.py:186} INFO - Started process (PID=2628) to work on /opt/airflow/dags/03_parallel.py
[2026-09-10T03:05:58.548+0000] {processor.py:914} INFO - Processing file /opt/airflow/dags/03_parallel.py for tasks to queue
[2026-09-10T03:05:58.551+0000] {logging_mixin.py:190} INFO - [2026-09-10T03:05:58.551+0000] {dagbag.py:588} INFO - Filling up the DagBag from /opt/airflow/dags/03_parallel.py
[2026-09-10T03:05:58.562+0000] {processor.py:925} INFO - DAG(s) '03_parallel' retrieved from /opt/airflow/dags/03_parallel.py
[2026-09-10T03:05:58.606+0000] {logging_mixin.py:190} INFO - [2026-09-10T03:05:58.606+0000] {dag.py:3239} INFO - Sync 1 DAGs
[2026-09-10T03:05:58.624+0000] {logging_mixin.py:190} INFO - [2026-09-10T03:05:58.623+0000] {dag.py:4180} INFO - Setting next_dagrun for 03_parallel to None, run_after=None
[2026-09-10T03:05:58.643+0000] {processor.py:208} INFO - Processing /opt/airflow/dags/03_parallel.py took 0.105 seconds
[2026-09-10T03:06:28.792+0000] {processor.py:186} INFO - Started process (PID=2678) to work on /opt/airflow/dags/03_parallel.py
[2026-09-10T03:06:28.793+0000] {processor.py:914} INFO - Processing file /opt/airflow/dags/03_parallel.py for tasks to queue
[2026-09-10T03:06:28.796+0000] {logging_mixin.py:190} INFO - [2026-09-10T03:06:28.796+0000] {dagbag.py:588} INFO - Filling up the DagBag from /opt/airflow/dags/03_parallel.py
[2026-09-10T03:06:28.808+0000] {processor.py:925} INFO - DAG(s) '03_parallel' retrieved from /opt/airflow/dags/03_parallel.py
[2026-09-10T03:06:28.846+0000] {logging_mixin.py:190} INFO - [2026-09-10T03:06:28.846+0000] {dag.py:3239} INFO - Sync 1 DAGs
[2026-09-10T03:06:28.865+0000] {logging_mixin.py:190} INFO - [2026-09-10T03:06:28.865+0000] {dag.py:4180} INFO - Setting next_dagrun for 03_parallel to None, run_after=None
[2026-09-10T03:06:28.886+0000] {processor.py:208} INFO - Processing /opt/airflow/dags/03_parallel.py took 0.103 seconds
[2026-09-10T03:06:59.609+0000] {processor.py:186} INFO - Started process (PID=2728) to work on /opt/airflow/dags/03_parallel.py
[2026-09-10T03:06:59.611+0000] {processor.py:914} INFO - Processing file /opt/airflow/dags/03_parallel.py for tasks to queue
[2026-09-10T03:06:59.616+0000] {logging_mixin.py:190} INFO - [2026-09-10T03:06:59.615+0000] {dagbag.py:588} INFO - Filling up the DagBag from /opt/airflow/dags/03_parallel.py
[2026-09-10T03:06:59.632+0000] {processor.py:925} INFO - DAG(s) '03_parallel' retrieved from /opt/airflow/dags/03_parallel.py
[2026-09-10T03:06:59.682+0000] {logging_mixin.py:190} INFO - [2026-09-10T03:06:59.682+0000] {dag.py:3239} INFO - Sync 1 DAGs
[2026-09-10T03:06:59.707+0000] {logging_mixin.py:190} INFO - [2026-09-10T03:06:59.706+0000] {dag.py:4180} INFO - Setting next_dagrun for 03_parallel to None, run_after=None
[2026-09-10T03:06:59.737+0000] {processor.py:208} INFO - Processing /opt/airflow/dags/03_parallel.py took 0.137 seconds
[2026-09-10T03:07:30.538+0000] {processor.py:186} INFO - Started process (PID=2778) to work on /opt/airflow/dags/03_parallel.py
[2026-09-10T03:07:30.539+0000] {processor.py:914} INFO - Processing file /opt/airflow/dags/03_parallel.py for tasks to queue
[2026-09-10T03:07:30.543+0000] {logging_mixin.py:190} INFO - [2026-09-10T03:07:30.543+0000] {dagbag.py:588} INFO - Filling up the DagBag from /opt/airflow/dags/03_parallel.py
[2026-09-10T03:07:30.560+0000] {processor.py:925} INFO - DAG(s) '03_parallel' retrieved from /opt/airflow/dags/03_parallel.py
[2026-09-10T03:07:30.618+0000] {logging_mixin.py:190} INFO - [2026-09-10T03:07:30.617+0000] {dag.py:3239} INFO - Sync 1 DAGs
[2026-09-10T03:07:30.641+0000] {logging_mixin.py:190} INFO - [2026-09-10T03:07:30.641+0000] {dag.py:4180} INFO - Setting next_dagrun for 03_parallel to None, run_after=None
[2026-09-10T03:07:30.679+0000] {processor.py:208} INFO - Processing /opt/airflow/dags/03_parallel.py took 0.154 seconds
[2026-09-10T03:08:01.655+0000] {processor.py:186} INFO - Started process (PID=2843) to work on /opt/airflow/dags/03_parallel.py
[2026-09-10T03:08:01.656+0000] {processor.py:914} INFO - Processing file /opt/airflow/dags/03_parallel.py for tasks to queue
[2026-09-10T03:08:01.659+0000] {logging_mixin.py:190} INFO - [2026-09-10T03:08:01.658+0000] {dagbag.py:588} INFO - Filling up the DagBag from /opt/airflow/dags/03_parallel.py
[2026-09-10T03:08:01.670+0000] {processor.py:925} INFO - DAG(s) '03_parallel' retrieved from /opt/airflow/dags/03_parallel.py
[2026-09-10T03:08:01.707+0000] {logging_mixin.py:190} INFO - [2026-09-10T03:08:01.707+0000] {dag.py:3239} INFO - Sync 1 DAGs
[2026-09-10T03:08:01.723+0000] {logging_mixin.py:190} INFO - [2026-09-10T03:08:01.723+0000] {dag.py:4180} INFO - Setting next_dagrun for 03_parallel to None, run_after=None
[2026-09-10T03:08:01.743+0000] {processor.py:208} INFO - Processing /opt/airflow/dags/03_parallel.py took 0.098 seconds
[2026-09-10T03:08:32.415+0000] {processor.py:186} INFO - Started process (PID=2893) to work on /opt/airflow/dags/03_parallel.py
[2026-09-10T03:08:32.416+0000] {processor.py:914} INFO - Processing file /opt/airflow/dags/03_parallel.py for tasks to queue
[2026-09-10T03:08:32.420+0000] {logging_mixin.py:190} INFO - [2026-09-10T03:08:32.419+0000] {dagbag.py:588} INFO - Filling up the DagBag from /opt/airflow/dags/03_parallel.py
[2026-09-10T03:08:32.432+0000] {processor.py:925} INFO - DAG(s) '03_parallel' retrieved from /opt/airflow/dags/03_parallel.py
[2026-09-10T03:08:32.469+0000] {logging_mixin.py:190} INFO - [2026-09-10T03:08:32.468+0000] {dag.py:3239} INFO - Sync 1 DAGs
[2026-09-10T03:08:32.485+0000] {logging_mixin.py:190} INFO - [2026-09-10T03:08:32.485+0000] {dag.py:4180} INFO - Setting next_dagrun for 03_parallel to None, run_after=None
[2026-09-10T03:08:32.505+0000] {processor.py:208} INFO - Processing /opt/airflow/dags/03_parallel.py took 0.100 seconds
[2026-09-10T03:09:03.373+0000] {processor.py:186} INFO - Started process (PID=2943) to work on /opt/airflow/dags/03_parallel.py
[2026-09-10T03:09:03.374+0000] {processor.py:914} INFO - Processing file /opt/airflow/dags/03_parallel.py for tasks to queue
[2026-09-10T03:09:03.381+0000] {logging_mixin.py:190} INFO - [2026-09-10T03:09:03.380+0000] {dagbag.py:588} INFO - Filling up the DagBag from /opt/airflow/dags/03_parallel.py
[2026-09-10T03:09:03.400+0000] {processor.py:925} INFO - DAG(s) '03_parallel' retrieved from /opt/airflow/dags/03_parallel.py
[2026-09-10T03:09:03.448+0000] {logging_mixin.py:190} INFO - [2026-09-10T03:09:03.448+0000] {dag.py:3239} INFO - Sync 1 DAGs
[2026-09-10T03:09:03.468+0000] {logging_mixin.py:190} INFO - [2026-09-10T03:09:03.468+0000] {dag.py:4180} INFO - Setting next_dagrun for 03_parallel to None, run_after=None
[2026-09-10T03:09:03.503+0000] {processor.py:208} INFO - Processing /opt/airflow/dags/03_parallel.py took 0.137 seconds
[2026-09-10T03:09:33.657+0000] {processor.py:186} INFO - Started process (PID=3002) to work on /opt/airflow/dags/03_parallel.py
[2026-09-10T03:09:33.658+0000] {processor.py:914} INFO - Processing file /opt/airflow/dags/03_parallel.py for tasks to queue
[2026-09-10T03:09:33.662+0000] {logging_mixin.py:190} INFO - [2026-09-10T03:09:33.661+0000] {dagbag.py:588} INFO - Filling up the DagBag from /opt/airflow/dags/03_parallel.py
[2026-09-10T03:09:33.673+0000] {processor.py:925} INFO - DAG(s) '03_parallel' retrieved from /opt/airflow/dags/03_parallel.py
[2026-09-10T03:09:33.713+0000] {logging_mixin.py:190} INFO - [2026-09-10T03:09:33.712+0000] {dag.py:3239} INFO - Sync 1 DAGs
[2026-09-10T03:09:33.729+0000] {logging_mixin.py:190} INFO - [2026-09-10T03:09:33.729+0000] {dag.py:4180} INFO - Setting next_dagrun for 03_parallel to None, run_after=None
[2026-09-10T03:09:33.750+0000] {processor.py:208} INFO - Processing /opt/airflow/dags/03_parallel.py took 0.103 seconds
[2026-09-10T03:10:04.574+0000] {processor.py:186} INFO - Started process (PID=3052) to work on /opt/airflow/dags/03_parallel.py
[2026-09-10T03:10:04.575+0000] {processor.py:914} INFO - Processing file /opt/airflow/dags/03_parallel.py for tasks to queue
[2026-09-10T03:10:04.579+0000] {logging_mixin.py:190} INFO - [2026-09-10T03:10:04.578+0000] {dagbag.py:588} INFO - Filling up the DagBag from /opt/airflow/dags/03_parallel.py
[2026-09-10T03:10:04.590+0000] {processor.py:925} INFO - DAG(s) '03_parallel' retrieved from /opt/airflow/dags/03_parallel.py
[2026-09-10T03:10:04.627+0000] {logging_mixin.py:190} INFO - [2026-09-10T03:10:04.627+0000] {dag.py:3239} INFO - Sync 1 DAGs
[2026-09-10T03:10:04.644+0000] {logging_mixin.py:190} INFO - [2026-09-10T03:10:04.644+0000] {dag.py:4180} INFO - Setting next_dagrun for 03_parallel to None, run_after=None
[2026-09-10T03:10:04.666+0000] {processor.py:208} INFO - Processing /opt/airflow/dags/03_parallel.py took 0.101 seconds
[2026-09-10T03:10:35.440+0000] {processor.py:186} INFO - Started process (PID=3102) to work on /opt/airflow/dags/03_parallel.py
[2026-09-10T03:10:35.441+0000] {processor.py:914} INFO - Processing file /opt/airflow/dags/03_parallel.py for tasks to queue
[2026-09-10T03:10:35.445+0000] {logging_mixin.py:190} INFO - [2026-09-10T03:10:35.445+0000] {dagbag.py:588} INFO - Filling up the DagBag from /opt/airflow/dags/03_parallel.py
[2026-09-10T03:10:35.458+0000] {processor.py:925} INFO - DAG(s) '03_parallel' retrieved from /opt/airflow/dags/03_parallel.py
[2026-09-10T03:10:35.495+0000] {logging_mixin.py:190} INFO - [2026-09-10T03:10:35.495+0000] {dag.py:3239} INFO - Sync 1 DAGs
[2026-09-10T03:10:35.511+0000] {logging_mixin.py:190} INFO - [2026-09-10T03:10:35.511+0000] {dag.py:4180} INFO - Setting next_dagrun for 03_parallel to None, run_after=None
[2026-09-10T03:10:35.531+0000] {processor.py:208} INFO - Processing /opt/airflow/dags/03_parallel.py took 0.099 seconds
[2026-09-10T03:11:06.298+0000] {processor.py:186} INFO - Started process (PID=3152) to work on /opt/airflow/dags/03_parallel.py
[2026-09-10T03:11:06.300+0000] {processor.py:914} INFO - Processing file /opt/airflow/dags/03_parallel.py for tasks to queue
[2026-09-10T03:11:06.304+0000] {logging_mixin.py:190} INFO - [2026-09-10T03:11:06.303+0000] {dagbag.py:588} INFO - Filling up the DagBag from /opt/airflow/dags/03_parallel.py
[2026-09-10T03:11:06.315+0000] {processor.py:925} INFO - DAG(s) '03_parallel' retrieved from /opt/airflow/dags/03_parallel.py
[2026-09-10T03:11:06.358+0000] {logging_mixin.py:190} INFO - [2026-09-10T03:11:06.358+0000] {dag.py:3239} INFO - Sync 1 DAGs
[2026-09-10T03:11:06.374+0000] {logging_mixin.py:190} INFO - [2026-09-10T03:11:06.374+0000] {dag.py:4180} INFO - Setting next_dagrun for 03_parallel to None, run_after=None
[2026-09-10T03:11:06.393+0000] {processor.py:208} INFO - Processing /opt/airflow/dags/03_parallel.py took 0.104 seconds
[2026-09-10T03:11:37.261+0000] {processor.py:186} INFO - Started process (PID=3202) to work on /opt/airflow/dags/03_parallel.py
[2026-09-10T03:11:37.262+0000] {processor.py:914} INFO - Processing file /opt/airflow/dags/03_parallel.py for tasks to queue
[2026-09-10T03:11:37.266+0000] {logging_mixin.py:190} INFO - [2026-09-10T03:11:37.266+0000] {dagbag.py:588} INFO - Filling up the DagBag from /opt/airflow/dags/03_parallel.py
[2026-09-10T03:11:37.281+0000] {processor.py:925} INFO - DAG(s) '03_parallel' retrieved from /opt/airflow/dags/03_parallel.py
[2026-09-10T03:11:37.338+0000] {logging_mixin.py:190} INFO - [2026-09-10T03:11:37.338+0000] {dag.py:3239} INFO - Sync 1 DAGs
[2026-09-10T03:11:37.359+0000] {logging_mixin.py:190} INFO - [2026-09-10T03:11:37.359+0000] {dag.py:4180} INFO - Setting next_dagrun for 03_parallel to None, run_after=None
[2026-09-10T03:11:37.381+0000] {processor.py:208} INFO - Processing /opt/airflow/dags/03_parallel.py took 0.131 seconds
[2026-09-10T03:12:08.093+0000] {processor.py:186} INFO - Started process (PID=3252) to work on /opt/airflow/dags/03_parallel.py
[2026-09-10T03:12:08.096+0000] {processor.py:914} INFO - Processing file /opt/airflow/dags/03_parallel.py for tasks to queue
[2026-09-10T03:12:08.101+0000] {logging_mixin.py:190} INFO - [2026-09-10T03:12:08.100+0000] {dagbag.py:588} INFO - Filling up the DagBag from /opt/airflow/dags/03_parallel.py
[2026-09-10T03:12:08.117+0000] {processor.py:925} INFO - DAG(s) '03_parallel' retrieved from /opt/airflow/dags/03_parallel.py
[2026-09-10T03:12:08.159+0000] {logging_mixin.py:190} INFO - [2026-09-10T03:12:08.159+0000] {dag.py:3239} INFO - Sync 1 DAGs
[2026-09-10T03:12:08.179+0000] {logging_mixin.py:190} INFO - [2026-09-10T03:12:08.179+0000] {dag.py:4180} INFO - Setting next_dagrun for 03_parallel to None, run_after=None
[2026-09-10T03:12:08.204+0000] {processor.py:208} INFO - Processing /opt/airflow/dags/03_parallel.py took 0.124 seconds
[2026-09-10T03:12:38.474+0000] {processor.py:186} INFO - Started process (PID=3314) to work on /opt/airflow/dags/03_parallel.py
[2026-09-10T03:12:38.475+0000] {processor.py:914} INFO - Processing file /opt/airflow/dags/03_parallel.py for tasks to queue
[2026-09-10T03:12:38.478+0000] {logging_mixin.py:190} INFO - [2026-09-10T03:12:38.477+0000] {dagbag.py:588} INFO - Filling up the DagBag from /opt/airflow/dags/03_parallel.py
[2026-09-10T03:12:38.491+0000] {processor.py:925} INFO - DAG(s) '03_parallel' retrieved from /opt/airflow/dags/03_parallel.py
[2026-09-10T03:12:38.532+0000] {logging_mixin.py:190} INFO - [2026-09-10T03:12:38.532+0000] {dag.py:3239} INFO - Sync 1 DAGs
[2026-09-10T03:12:38.549+0000] {logging_mixin.py:190} INFO - [2026-09-10T03:12:38.549+0000] {dag.py:4180} INFO - Setting next_dagrun for 03_parallel to None, run_after=None
[2026-09-10T03:12:38.569+0000] {processor.py:208} INFO - Processing /opt/airflow/dags/03_parallel.py took 0.106 seconds
[2026-09-10T03:13:09.464+0000] {processor.py:186} INFO - Started process (PID=3370) to work on /opt/airflow/dags/03_parallel.py
[2026-09-10T03:13:09.465+0000] {processor.py:914} INFO - Processing file /opt/airflow/dags/03_parallel.py for tasks to queue
[2026-09-10T03:13:09.469+0000] {logging_mixin.py:190} INFO - [2026-09-10T03:13:09.468+0000] {dagbag.py:588} INFO - Filling up the DagBag from /opt/airflow/dags/03_parallel.py
[2026-09-10T03:13:09.479+0000] {processor.py:925} INFO - DAG(s) '03_parallel' retrieved from /opt/airflow/dags/03_parallel.py
[2026-09-10T03:13:09.517+0000] {logging_mixin.py:190} INFO - [2026-09-10T03:13:09.516+0000] {dag.py:3239} INFO - Sync 1 DAGs
[2026-09-10T03:13:09.533+0000] {logging_mixin.py:190} INFO - [2026-09-10T03:13:09.533+0000] {dag.py:4180} INFO - Setting next_dagrun for 03_parallel to None, run_after=None
[2026-09-10T03:13:09.552+0000] {processor.py:208} INFO - Processing /opt/airflow/dags/03_parallel.py took 0.096 seconds
[2026-09-10T03:13:40.528+0000] {processor.py:186} INFO - Started process (PID=3420) to work on /opt/airflow/dags/03_parallel.py
[2026-09-10T03:13:40.529+0000] {processor.py:914} INFO - Processing file /opt/airflow/dags/03_parallel.py for tasks to queue
[2026-09-10T03:13:40.532+0000] {logging_mixin.py:190} INFO - [2026-09-10T03:13:40.532+0000] {dagbag.py:588} INFO - Filling up the DagBag from /opt/airflow/dags/03_parallel.py
[2026-09-10T03:13:40.543+0000] {processor.py:925} INFO - DAG(s) '03_parallel' retrieved from /opt/airflow/dags/03_parallel.py
[2026-09-10T03:13:40.579+0000] {logging_mixin.py:190} INFO - [2026-09-10T03:13:40.579+0000] {dag.py:3239} INFO - Sync 1 DAGs
[2026-09-10T03:13:40.596+0000] {logging_mixin.py:190} INFO - [2026-09-10T03:13:40.596+0000] {dag.py:4180} INFO - Setting next_dagrun for 03_parallel to None, run_after=None
[2026-09-10T03:13:40.624+0000] {processor.py:208} INFO - Processing /opt/airflow/dags/03_parallel.py took 0.104 seconds
[2026-09-10T03:14:10.783+0000] {processor.py:186} INFO - Started process (PID=3479) to work on /opt/airflow/dags/03_parallel.py
[2026-09-10T03:14:10.785+0000] {processor.py:914} INFO - Processing file /opt/airflow/dags/03_parallel.py for tasks to queue
[2026-09-10T03:14:10.793+0000] {logging_mixin.py:190} INFO - [2026-09-10T03:14:10.791+0000] {dagbag.py:588} INFO - Filling up the DagBag from /opt/airflow/dags/03_parallel.py
[2026-09-10T03:14:10.822+0000] {processor.py:925} INFO - DAG(s) '03_parallel' retrieved from /opt/airflow/dags/03_parallel.py
[2026-09-10T03:14:10.904+0000] {logging_mixin.py:190} INFO - [2026-09-10T03:14:10.903+0000] {dag.py:3239} INFO - Sync 1 DAGs
[2026-09-10T03:14:10.928+0000] {logging_mixin.py:190} INFO - [2026-09-10T03:14:10.928+0000] {dag.py:4180} INFO - Setting next_dagrun for 03_parallel to None, run_after=None
[2026-09-10T03:14:10.971+0000] {processor.py:208} INFO - Processing /opt/airflow/dags/03_parallel.py took 0.206 seconds
[2026-09-10T03:14:41.065+0000] {processor.py:186} INFO - Started process (PID=3529) to work on /opt/airflow/dags/03_parallel.py
[2026-09-10T03:14:41.066+0000] {processor.py:914} INFO - Processing file /opt/airflow/dags/03_parallel.py for tasks to queue
[2026-09-10T03:14:41.072+0000] {logging_mixin.py:190} INFO - [2026-09-10T03:14:41.071+0000] {dagbag.py:588} INFO - Filling up the DagBag from /opt/airflow/dags/03_parallel.py
[2026-09-10T03:14:41.087+0000] {processor.py:925} INFO - DAG(s) '03_parallel' retrieved from /opt/airflow/dags/03_parallel.py
[2026-09-10T03:14:41.155+0000] {logging_mixin.py:190} INFO - [2026-09-10T03:14:41.155+0000] {dag.py:3239} INFO - Sync 1 DAGs
[2026-09-10T03:14:41.178+0000] {logging_mixin.py:190} INFO - [2026-09-10T03:14:41.178+0000] {dag.py:4180} INFO - Setting next_dagrun for 03_parallel to None, run_after=None
[2026-09-10T03:14:41.198+0000] {processor.py:208} INFO - Processing /opt/airflow/dags/03_parallel.py took 0.142 seconds
[2026-09-10T03:15:11.466+0000] {processor.py:186} INFO - Started process (PID=3579) to work on /opt/airflow/dags/03_parallel.py
[2026-09-10T03:15:11.467+0000] {processor.py:914} INFO - Processing file /opt/airflow/dags/03_parallel.py for tasks to queue
[2026-09-10T03:15:11.470+0000] {logging_mixin.py:190} INFO - [2026-09-10T03:15:11.470+0000] {dagbag.py:588} INFO - Filling up the DagBag from /opt/airflow/dags/03_parallel.py
[2026-09-10T03:15:11.487+0000] {processor.py:925} INFO - DAG(s) '03_parallel' retrieved from /opt/airflow/dags/03_parallel.py
[2026-09-10T03:15:11.552+0000] {logging_mixin.py:190} INFO - [2026-09-10T03:15:11.551+0000] {dag.py:3239} INFO - Sync 1 DAGs
[2026-09-10T03:15:11.574+0000] {logging_mixin.py:190} INFO - [2026-09-10T03:15:11.573+0000] {dag.py:4180} INFO - Setting next_dagrun for 03_parallel to None, run_after=None
[2026-09-10T03:15:11.604+0000] {processor.py:208} INFO - Processing /opt/airflow/dags/03_parallel.py took 0.150 seconds
[2026-09-10T03:15:42.575+0000] {processor.py:186} INFO - Started process (PID=3629) to work on /opt/airflow/dags/03_parallel.py
[2026-09-10T03:15:42.577+0000] {processor.py:914} INFO - Processing file /opt/airflow/dags/03_parallel.py for tasks to queue
[2026-09-10T03:15:42.579+0000] {logging_mixin.py:190} INFO - [2026-09-10T03:15:42.579+0000] {dagbag.py:588} INFO - Filling up the DagBag from /opt/airflow/dags/03_parallel.py
[2026-09-10T03:15:42.593+0000] {processor.py:925} INFO - DAG(s) '03_parallel' retrieved from /opt/airflow/dags/03_parallel.py
[2026-09-10T03:15:42.633+0000] {logging_mixin.py:190} INFO - [2026-09-10T03:15:42.632+0000] {dag.py:3239} INFO - Sync 1 DAGs
[2026-09-10T03:15:42.651+0000] {logging_mixin.py:190} INFO - [2026-09-10T03:15:42.651+0000] {dag.py:4180} INFO - Setting next_dagrun for 03_parallel to None, run_after=None
[2026-09-10T03:15:42.674+0000] {processor.py:208} INFO - Processing /opt/airflow/dags/03_parallel.py took 0.106 seconds
[2026-09-10T03:16:13.586+0000] {processor.py:186} INFO - Started process (PID=3679) to work on /opt/airflow/dags/03_parallel.py
[2026-09-10T03:16:13.587+0000] {processor.py:914} INFO - Processing file /opt/airflow/dags/03_parallel.py for tasks to queue
[2026-09-10T03:16:13.590+0000] {logging_mixin.py:190} INFO - [2026-09-10T03:16:13.590+0000] {dagbag.py:588} INFO - Filling up the DagBag from /opt/airflow/dags/03_parallel.py
[2026-09-10T03:16:13.600+0000] {processor.py:925} INFO - DAG(s) '03_parallel' retrieved from /opt/airflow/dags/03_parallel.py
[2026-09-10T03:16:13.638+0000] {logging_mixin.py:190} INFO - [2026-09-10T03:16:13.638+0000] {dag.py:3239} INFO - Sync 1 DAGs
[2026-09-10T03:16:13.655+0000] {logging_mixin.py:190} INFO - [2026-09-10T03:16:13.655+0000] {dag.py:4180} INFO - Setting next_dagrun for 03_parallel to None, run_after=None
[2026-09-10T03:16:13.676+0000] {processor.py:208} INFO - Processing /opt/airflow/dags/03_parallel.py took 0.098 seconds
[2026-09-10T03:16:43.769+0000] {processor.py:186} INFO - Started process (PID=3729) to work on /opt/airflow/dags/03_parallel.py
[2026-09-10T03:16:43.770+0000] {processor.py:914} INFO - Processing file /opt/airflow/dags/03_parallel.py for tasks to queue
[2026-09-10T03:16:43.773+0000] {logging_mixin.py:190} INFO - [2026-09-10T03:16:43.772+0000] {dagbag.py:588} INFO - Filling up the DagBag from /opt/airflow/dags/03_parallel.py
[2026-09-10T03:16:43.786+0000] {processor.py:925} INFO - DAG(s) '03_parallel' retrieved from /opt/airflow/dags/03_parallel.py
[2026-09-10T03:16:43.825+0000] {logging_mixin.py:190} INFO - [2026-09-10T03:16:43.825+0000] {dag.py:3239} INFO - Sync 1 DAGs
[2026-09-10T03:16:43.841+0000] {logging_mixin.py:190} INFO - [2026-09-10T03:16:43.841+0000] {dag.py:4180} INFO - Setting next_dagrun for 03_parallel to None, run_after=None
[2026-09-10T03:16:43.860+0000] {processor.py:208} INFO - Processing /opt/airflow/dags/03_parallel.py took 0.099 seconds
[2026-09-10T03:17:14.739+0000] {processor.py:186} INFO - Started process (PID=3779) to work on /opt/airflow/dags/03_parallel.py
[2026-09-10T03:17:14.741+0000] {processor.py:914} INFO - Processing file /opt/airflow/dags/03_parallel.py for tasks to queue
[2026-09-10T03:17:14.744+0000] {logging_mixin.py:190} INFO - [2026-09-10T03:17:14.744+0000] {dagbag.py:588} INFO - Filling up the DagBag from /opt/airflow/dags/03_parallel.py
[2026-09-10T03:17:14.755+0000] {processor.py:925} INFO - DAG(s) '03_parallel' retrieved from /opt/airflow/dags/03_parallel.py
[2026-09-10T03:17:14.795+0000] {logging_mixin.py:190} INFO - [2026-09-10T03:17:14.794+0000] {dag.py:3239} INFO - Sync 1 DAGs
[2026-09-10T03:17:14.815+0000] {logging_mixin.py:190} INFO - [2026-09-10T03:17:14.814+0000] {dag.py:4180} INFO - Setting next_dagrun for 03_parallel to None, run_after=None
[2026-09-10T03:17:14.841+0000] {processor.py:208} INFO - Processing /opt/airflow/dags/03_parallel.py took 0.109 seconds
[2026-09-10T03:17:45.654+0000] {processor.py:186} INFO - Started process (PID=3829) to work on /opt/airflow/dags/03_parallel.py
[2026-09-10T03:17:45.654+0000] {processor.py:914} INFO - Processing file /opt/airflow/dags/03_parallel.py for tasks to queue
[2026-09-10T03:17:45.657+0000] {logging_mixin.py:190} INFO - [2026-09-10T03:17:45.656+0000] {dagbag.py:588} INFO - Filling up the DagBag from /opt/airflow/dags/03_parallel.py
[2026-09-10T03:17:45.667+0000] {processor.py:925} INFO - DAG(s) '03_parallel' retrieved from /opt/airflow/dags/03_parallel.py
[2026-09-10T03:17:45.709+0000] {logging_mixin.py:190} INFO - [2026-09-10T03:17:45.709+0000] {dag.py:3239} INFO - Sync 1 DAGs
[2026-09-10T03:17:45.727+0000] {logging_mixin.py:190} INFO - [2026-09-10T03:17:45.727+0000] {dag.py:4180} INFO - Setting next_dagrun for 03_parallel to None, run_after=None
[2026-09-10T03:17:45.748+0000] {processor.py:208} INFO - Processing /opt/airflow/dags/03_parallel.py took 0.103 seconds
[2026-09-10T03:18:16.604+0000] {processor.py:186} INFO - Started process (PID=3879) to work on /opt/airflow/dags/03_parallel.py
[2026-09-10T03:18:16.605+0000] {processor.py:914} INFO - Processing file /opt/airflow/dags/03_parallel.py for tasks to queue
[2026-09-10T03:18:16.608+0000] {logging_mixin.py:190} INFO - [2026-09-10T03:18:16.607+0000] {dagbag.py:588} INFO - Filling up the DagBag from /opt/airflow/dags/03_parallel.py
[2026-09-10T03:18:16.617+0000] {processor.py:925} INFO - DAG(s) '03_parallel' retrieved from /opt/airflow/dags/03_parallel.py
[2026-09-10T03:18:16.653+0000] {logging_mixin.py:190} INFO - [2026-09-10T03:18:16.653+0000] {dag.py:3239} INFO - Sync 1 DAGs
[2026-09-10T03:18:16.669+0000] {logging_mixin.py:190} INFO - [2026-09-10T03:18:16.669+0000] {dag.py:4180} INFO - Setting next_dagrun for 03_parallel to None, run_after=None
[2026-09-10T03:18:16.691+0000] {processor.py:208} INFO - Processing /opt/airflow/dags/03_parallel.py took 0.094 seconds
[2026-09-10T03:18:47.473+0000] {processor.py:186} INFO - Started process (PID=3929) to work on /opt/airflow/dags/03_parallel.py
[2026-09-10T03:18:47.474+0000] {processor.py:914} INFO - Processing file /opt/airflow/dags/03_parallel.py for tasks to queue
[2026-09-10T03:18:47.478+0000] {logging_mixin.py:190} INFO - [2026-09-10T03:18:47.477+0000] {dagbag.py:588} INFO - Filling up the DagBag from /opt/airflow/dags/03_parallel.py
[2026-09-10T03:18:47.490+0000] {processor.py:925} INFO - DAG(s) '03_parallel' retrieved from /opt/airflow/dags/03_parallel.py
[2026-09-10T03:18:47.529+0000] {logging_mixin.py:190} INFO - [2026-09-10T03:18:47.528+0000] {dag.py:3239} INFO - Sync 1 DAGs
[2026-09-10T03:18:47.547+0000] {logging_mixin.py:190} INFO - [2026-09-10T03:18:47.547+0000] {dag.py:4180} INFO - Setting next_dagrun for 03_parallel to None, run_after=None
[2026-09-10T03:18:47.567+0000] {processor.py:208} INFO - Processing /opt/airflow/dags/03_parallel.py took 0.106 seconds
[2026-09-10T03:19:18.217+0000] {processor.py:186} INFO - Started process (PID=3979) to work on /opt/airflow/dags/03_parallel.py
[2026-09-10T03:19:18.219+0000] {processor.py:914} INFO - Processing file /opt/airflow/dags/03_parallel.py for tasks to queue
[2026-09-10T03:19:18.222+0000] {logging_mixin.py:190} INFO - [2026-09-10T03:19:18.222+0000] {dagbag.py:588} INFO - Filling up the DagBag from /opt/airflow/dags/03_parallel.py
[2026-09-10T03:19:18.235+0000] {processor.py:925} INFO - DAG(s) '03_parallel' retrieved from /opt/airflow/dags/03_parallel.py
[2026-09-10T03:19:18.278+0000] {logging_mixin.py:190} INFO - [2026-09-10T03:19:18.277+0000] {dag.py:3239} INFO - Sync 1 DAGs
[2026-09-10T03:19:18.294+0000] {logging_mixin.py:190} INFO - [2026-09-10T03:19:18.294+0000] {dag.py:4180} INFO - Setting next_dagrun for 03_parallel to None, run_after=None
[2026-09-10T03:19:18.318+0000] {processor.py:208} INFO - Processing /opt/airflow/dags/03_parallel.py took 0.112 seconds
[2026-09-10T03:19:49.134+0000] {processor.py:186} INFO - Started process (PID=4029) to work on /opt/airflow/dags/03_parallel.py
[2026-09-10T03:19:49.136+0000] {processor.py:914} INFO - Processing file /opt/airflow/dags/03_parallel.py for tasks to queue
[2026-09-10T03:19:49.142+0000] {logging_mixin.py:190} INFO - [2026-09-10T03:19:49.141+0000] {dagbag.py:588} INFO - Filling up the DagBag from /opt/airflow/dags/03_parallel.py
[2026-09-10T03:19:49.167+0000] {processor.py:925} INFO - DAG(s) '03_parallel' retrieved from /opt/airflow/dags/03_parallel.py
[2026-09-10T03:19:49.276+0000] {logging_mixin.py:190} INFO - [2026-09-10T03:19:49.275+0000] {dag.py:3239} INFO - Sync 1 DAGs
[2026-09-10T03:19:49.304+0000] {logging_mixin.py:190} INFO - [2026-09-10T03:19:49.304+0000] {dag.py:4180} INFO - Setting next_dagrun for 03_parallel to None, run_after=None
[2026-09-10T03:19:49.334+0000] {processor.py:208} INFO - Processing /opt/airflow/dags/03_parallel.py took 0.225 seconds
[2026-09-10T03:20:20.007+0000] {processor.py:186} INFO - Started process (PID=4079) to work on /opt/airflow/dags/03_parallel.py
[2026-09-10T03:20:20.009+0000] {processor.py:914} INFO - Processing file /opt/airflow/dags/03_parallel.py for tasks to queue
[2026-09-10T03:20:20.013+0000] {logging_mixin.py:190} INFO - [2026-09-10T03:20:20.012+0000] {dagbag.py:588} INFO - Filling up the DagBag from /opt/airflow/dags/03_parallel.py
[2026-09-10T03:20:20.026+0000] {processor.py:925} INFO - DAG(s) '03_parallel' retrieved from /opt/airflow/dags/03_parallel.py
[2026-09-10T03:20:20.070+0000] {logging_mixin.py:190} INFO - [2026-09-10T03:20:20.070+0000] {dag.py:3239} INFO - Sync 1 DAGs
[2026-09-10T03:20:20.090+0000] {logging_mixin.py:190} INFO - [2026-09-10T03:20:20.090+0000] {dag.py:4180} INFO - Setting next_dagrun for 03_parallel to None, run_after=None
[2026-09-10T03:20:20.110+0000] {processor.py:208} INFO - Processing /opt/airflow/dags/03_parallel.py took 0.113 seconds
[2026-09-10T03:20:50.897+0000] {processor.py:186} INFO - Started process (PID=4129) to work on /opt/airflow/dags/03_parallel.py
[2026-09-10T03:20:50.898+0000] {processor.py:914} INFO - Processing file /opt/airflow/dags/03_parallel.py for tasks to queue
[2026-09-10T03:20:50.900+0000] {logging_mixin.py:190} INFO - [2026-09-10T03:20:50.900+0000] {dagbag.py:588} INFO - Filling up the DagBag from /opt/airflow/dags/03_parallel.py
[2026-09-10T03:20:50.911+0000] {processor.py:925} INFO - DAG(s) '03_parallel' retrieved from /opt/airflow/dags/03_parallel.py
[2026-09-10T03:20:50.952+0000] {logging_mixin.py:190} INFO - [2026-09-10T03:20:50.952+0000] {dag.py:3239} INFO - Sync 1 DAGs
[2026-09-10T03:20:50.970+0000] {logging_mixin.py:190} INFO - [2026-09-10T03:20:50.969+0000] {dag.py:4180} INFO - Setting next_dagrun for 03_parallel to None, run_after=None
[2026-09-10T03:20:50.992+0000] {processor.py:208} INFO - Processing /opt/airflow/dags/03_parallel.py took 0.103 seconds
[2026-09-10T03:21:21.724+0000] {processor.py:186} INFO - Started process (PID=4179) to work on /opt/airflow/dags/03_parallel.py
[2026-09-10T03:21:21.726+0000] {processor.py:914} INFO - Processing file /opt/airflow/dags/03_parallel.py for tasks to queue
[2026-09-10T03:21:21.728+0000] {logging_mixin.py:190} INFO - [2026-09-10T03:21:21.728+0000] {dagbag.py:588} INFO - Filling up the DagBag from /opt/airflow/dags/03_parallel.py
[2026-09-10T03:21:21.757+0000] {processor.py:925} INFO - DAG(s) '03_parallel' retrieved from /opt/airflow/dags/03_parallel.py
[2026-09-10T03:21:21.801+0000] {logging_mixin.py:190} INFO - [2026-09-10T03:21:21.800+0000] {dag.py:3239} INFO - Sync 1 DAGs
[2026-09-10T03:21:21.819+0000] {logging_mixin.py:190} INFO - [2026-09-10T03:21:21.819+0000] {dag.py:4180} INFO - Setting next_dagrun for 03_parallel to None, run_after=None
[2026-09-10T03:21:21.843+0000] {processor.py:208} INFO - Processing /opt/airflow/dags/03_parallel.py took 0.127 seconds
[2026-09-10T03:21:52.638+0000] {processor.py:186} INFO - Started process (PID=4229) to work on /opt/airflow/dags/03_parallel.py
[2026-09-10T03:21:52.640+0000] {processor.py:914} INFO - Processing file /opt/airflow/dags/03_parallel.py for tasks to queue
[2026-09-10T03:21:52.644+0000] {logging_mixin.py:190} INFO - [2026-09-10T03:21:52.644+0000] {dagbag.py:588} INFO - Filling up the DagBag from /opt/airflow/dags/03_parallel.py
[2026-09-10T03:21:52.656+0000] {processor.py:925} INFO - DAG(s) '03_parallel' retrieved from /opt/airflow/dags/03_parallel.py
[2026-09-10T03:21:52.697+0000] {logging_mixin.py:190} INFO - [2026-09-10T03:21:52.697+0000] {dag.py:3239} INFO - Sync 1 DAGs
[2026-09-10T03:21:52.714+0000] {logging_mixin.py:190} INFO - [2026-09-10T03:21:52.714+0000] {dag.py:4180} INFO - Setting next_dagrun for 03_parallel to None, run_after=None
[2026-09-10T03:21:52.733+0000] {processor.py:208} INFO - Processing /opt/airflow/dags/03_parallel.py took 0.102 seconds
[2026-09-10T03:22:23.432+0000] {processor.py:186} INFO - Started process (PID=4279) to work on /opt/airflow/dags/03_parallel.py
[2026-09-10T03:22:23.434+0000] {processor.py:914} INFO - Processing file /opt/airflow/dags/03_parallel.py for tasks to queue
[2026-09-10T03:22:23.438+0000] {logging_mixin.py:190} INFO - [2026-09-10T03:22:23.437+0000] {dagbag.py:588} INFO - Filling up the DagBag from /opt/airflow/dags/03_parallel.py
[2026-09-10T03:22:23.449+0000] {processor.py:925} INFO - DAG(s) '03_parallel' retrieved from /opt/airflow/dags/03_parallel.py
[2026-09-10T03:22:23.487+0000] {logging_mixin.py:190} INFO - [2026-09-10T03:22:23.487+0000] {dag.py:3239} INFO - Sync 1 DAGs
[2026-09-10T03:22:23.504+0000] {logging_mixin.py:190} INFO - [2026-09-10T03:22:23.504+0000] {dag.py:4180} INFO - Setting next_dagrun for 03_parallel to None, run_after=None
[2026-09-10T03:22:23.524+0000] {processor.py:208} INFO - Processing /opt/airflow/dags/03_parallel.py took 0.101 seconds
[2026-09-10T03:22:54.269+0000] {processor.py:186} INFO - Started process (PID=4329) to work on /opt/airflow/dags/03_parallel.py
[2026-09-10T03:22:54.270+0000] {processor.py:914} INFO - Processing file /opt/airflow/dags/03_parallel.py for tasks to queue
[2026-09-10T03:22:54.273+0000] {logging_mixin.py:190} INFO - [2026-09-10T03:22:54.272+0000] {dagbag.py:588} INFO - Filling up the DagBag from /opt/airflow/dags/03_parallel.py
[2026-09-10T03:22:54.285+0000] {processor.py:925} INFO - DAG(s) '03_parallel' retrieved from /opt/airflow/dags/03_parallel.py
[2026-09-10T03:22:54.333+0000] {logging_mixin.py:190} INFO - [2026-09-10T03:22:54.333+0000] {dag.py:3239} INFO - Sync 1 DAGs
[2026-09-10T03:22:54.350+0000] {logging_mixin.py:190} INFO - [2026-09-10T03:22:54.349+0000] {dag.py:4180} INFO - Setting next_dagrun for 03_parallel to None, run_after=None
[2026-09-10T03:22:54.370+0000] {processor.py:208} INFO - Processing /opt/airflow/dags/03_parallel.py took 0.108 seconds
[2026-09-10T03:23:25.209+0000] {processor.py:186} INFO - Started process (PID=4379) to work on /opt/airflow/dags/03_parallel.py
[2026-09-10T03:23:25.210+0000] {processor.py:914} INFO - Processing file /opt/airflow/dags/03_parallel.py for tasks to queue
[2026-09-10T03:23:25.213+0000] {logging_mixin.py:190} INFO - [2026-09-10T03:23:25.213+0000] {dagbag.py:588} INFO - Filling up the DagBag from /opt/airflow/dags/03_parallel.py
[2026-09-10T03:23:25.225+0000] {processor.py:925} INFO - DAG(s) '03_parallel' retrieved from /opt/airflow/dags/03_parallel.py
[2026-09-10T03:23:25.261+0000] {logging_mixin.py:190} INFO - [2026-09-10T03:23:25.261+0000] {dag.py:3239} INFO - Sync 1 DAGs
[2026-09-10T03:23:25.277+0000] {logging_mixin.py:190} INFO - [2026-09-10T03:23:25.277+0000] {dag.py:4180} INFO - Setting next_dagrun for 03_parallel to None, run_after=None
[2026-09-10T03:23:25.304+0000] {processor.py:208} INFO - Processing /opt/airflow/dags/03_parallel.py took 0.109 seconds
[2026-09-10T03:23:56.088+0000] {processor.py:186} INFO - Started process (PID=4429) to work on /opt/airflow/dags/03_parallel.py
[2026-09-10T03:23:56.089+0000] {processor.py:914} INFO - Processing file /opt/airflow/dags/03_parallel.py for tasks to queue
[2026-09-10T03:23:56.093+0000] {logging_mixin.py:190} INFO - [2026-09-10T03:23:56.092+0000] {dagbag.py:588} INFO - Filling up the DagBag from /opt/airflow/dags/03_parallel.py
[2026-09-10T03:23:56.108+0000] {processor.py:925} INFO - DAG(s) '03_parallel' retrieved from /opt/airflow/dags/03_parallel.py
[2026-09-10T03:23:56.159+0000] {logging_mixin.py:190} INFO - [2026-09-10T03:23:56.159+0000] {dag.py:3239} INFO - Sync 1 DAGs
[2026-09-10T03:23:56.179+0000] {logging_mixin.py:190} INFO - [2026-09-10T03:23:56.179+0000] {dag.py:4180} INFO - Setting next_dagrun for 03_parallel to None, run_after=None
[2026-09-10T03:23:56.204+0000] {processor.py:208} INFO - Processing /opt/airflow/dags/03_parallel.py took 0.126 seconds
[2026-09-10T03:24:26.946+0000] {processor.py:186} INFO - Started process (PID=4479) to work on /opt/airflow/dags/03_parallel.py
[2026-09-10T03:24:26.948+0000] {processor.py:914} INFO - Processing file /opt/airflow/dags/03_parallel.py for tasks to queue
[2026-09-10T03:24:26.951+0000] {logging_mixin.py:190} INFO - [2026-09-10T03:24:26.950+0000] {dagbag.py:588} INFO - Filling up the DagBag from /opt/airflow/dags/03_parallel.py
[2026-09-10T03:24:26.966+0000] {processor.py:925} INFO - DAG(s) '03_parallel' retrieved from /opt/airflow/dags/03_parallel.py
[2026-09-10T03:24:27.006+0000] {logging_mixin.py:190} INFO - [2026-09-10T03:24:27.006+0000] {dag.py:3239} INFO - Sync 1 DAGs
[2026-09-10T03:24:27.024+0000] {logging_mixin.py:190} INFO - [2026-09-10T03:24:27.024+0000] {dag.py:4180} INFO - Setting next_dagrun for 03_parallel to None, run_after=None
[2026-09-10T03:24:27.043+0000] {processor.py:208} INFO - Processing /opt/airflow/dags/03_parallel.py took 0.106 seconds
[2026-09-10T03:24:57.898+0000] {processor.py:186} INFO - Started process (PID=4529) to work on /opt/airflow/dags/03_parallel.py
[2026-09-10T03:24:57.899+0000] {processor.py:914} INFO - Processing file /opt/airflow/dags/03_parallel.py for tasks to queue
[2026-09-10T03:24:57.902+0000] {logging_mixin.py:190} INFO - [2026-09-10T03:24:57.902+0000] {dagbag.py:588} INFO - Filling up the DagBag from /opt/airflow/dags/03_parallel.py
[2026-09-10T03:24:57.916+0000] {processor.py:925} INFO - DAG(s) '03_parallel' retrieved from /opt/airflow/dags/03_parallel.py
[2026-09-10T03:24:57.958+0000] {logging_mixin.py:190} INFO - [2026-09-10T03:24:57.958+0000] {dag.py:3239} INFO - Sync 1 DAGs
[2026-09-10T03:24:57.976+0000] {logging_mixin.py:190} INFO - [2026-09-10T03:24:57.975+0000] {dag.py:4180} INFO - Setting next_dagrun for 03_parallel to None, run_after=None
[2026-09-10T03:24:57.996+0000] {processor.py:208} INFO - Processing /opt/airflow/dags/03_parallel.py took 0.109 seconds
[2026-09-10T03:25:28.867+0000] {processor.py:186} INFO - Started process (PID=4579) to work on /opt/airflow/dags/03_parallel.py
[2026-09-10T03:25:28.868+0000] {processor.py:914} INFO - Processing file /opt/airflow/dags/03_parallel.py for tasks to queue
[2026-09-10T03:25:28.871+0000] {logging_mixin.py:190} INFO - [2026-09-10T03:25:28.871+0000] {dagbag.py:588} INFO - Filling up the DagBag from /opt/airflow/dags/03_parallel.py
[2026-09-10T03:25:28.883+0000] {processor.py:925} INFO - DAG(s) '03_parallel' retrieved from /opt/airflow/dags/03_parallel.py
[2026-09-10T03:25:28.933+0000] {logging_mixin.py:190} INFO - [2026-09-10T03:25:28.933+0000] {dag.py:3239} INFO - Sync 1 DAGs
[2026-09-10T03:25:28.952+0000] {logging_mixin.py:190} INFO - [2026-09-10T03:25:28.952+0000] {dag.py:4180} INFO - Setting next_dagrun for 03_parallel to None, run_after=None
[2026-09-10T03:25:28.972+0000] {processor.py:208} INFO - Processing /opt/airflow/dags/03_parallel.py took 0.116 seconds
[2026-09-10T03:25:59.036+0000] {processor.py:186} INFO - Started process (PID=4629) to work on /opt/airflow/dags/03_parallel.py
[2026-09-10T03:25:59.037+0000] {processor.py:914} INFO - Processing file /opt/airflow/dags/03_parallel.py for tasks to queue
[2026-09-10T03:25:59.040+0000] {logging_mixin.py:190} INFO - [2026-09-10T03:25:59.040+0000] {dagbag.py:588} INFO - Filling up the DagBag from /opt/airflow/dags/03_parallel.py
[2026-09-10T03:25:59.053+0000] {processor.py:925} INFO - DAG(s) '03_parallel' retrieved from /opt/airflow/dags/03_parallel.py
[2026-09-10T03:25:59.095+0000] {logging_mixin.py:190} INFO - [2026-09-10T03:25:59.095+0000] {dag.py:3239} INFO - Sync 1 DAGs
[2026-09-10T03:25:59.114+0000] {logging_mixin.py:190} INFO - [2026-09-10T03:25:59.113+0000] {dag.py:4180} INFO - Setting next_dagrun for 03_parallel to None, run_after=None
[2026-09-10T03:25:59.135+0000] {processor.py:208} INFO - Processing /opt/airflow/dags/03_parallel.py took 0.107 seconds
[2026-09-10T03:26:29.401+0000] {processor.py:186} INFO - Started process (PID=4698) to work on /opt/airflow/dags/03_parallel.py
[2026-09-10T03:26:29.404+0000] {processor.py:914} INFO - Processing file /opt/airflow/dags/03_parallel.py for tasks to queue
[2026-09-10T03:26:29.422+0000] {logging_mixin.py:190} INFO - [2026-09-10T03:26:29.421+0000] {dagbag.py:588} INFO - Filling up the DagBag from /opt/airflow/dags/03_parallel.py
[2026-09-10T03:26:29.452+0000] {processor.py:925} INFO - DAG(s) '03_parallel' retrieved from /opt/airflow/dags/03_parallel.py
[2026-09-10T03:26:29.503+0000] {logging_mixin.py:190} INFO - [2026-09-10T03:26:29.502+0000] {dag.py:3239} INFO - Sync 1 DAGs
[2026-09-10T03:26:29.522+0000] {logging_mixin.py:190} INFO - [2026-09-10T03:26:29.521+0000] {dag.py:4180} INFO - Setting next_dagrun for 03_parallel to None, run_after=None
[2026-09-10T03:26:29.543+0000] {processor.py:208} INFO - Processing /opt/airflow/dags/03_parallel.py took 0.193 seconds
[2026-09-10T03:27:00.281+0000] {processor.py:186} INFO - Started process (PID=4750) to work on /opt/airflow/dags/03_parallel.py
[2026-09-10T03:27:00.283+0000] {processor.py:914} INFO - Processing file /opt/airflow/dags/03_parallel.py for tasks to queue
[2026-09-10T03:27:00.288+0000] {logging_mixin.py:190} INFO - [2026-09-10T03:27:00.287+0000] {dagbag.py:588} INFO - Filling up the DagBag from /opt/airflow/dags/03_parallel.py
[2026-09-10T03:27:00.303+0000] {processor.py:925} INFO - DAG(s) '03_parallel' retrieved from /opt/airflow/dags/03_parallel.py
[2026-09-10T03:27:00.358+0000] {logging_mixin.py:190} INFO - [2026-09-10T03:27:00.358+0000] {dag.py:3239} INFO - Sync 1 DAGs
[2026-09-10T03:27:00.378+0000] {logging_mixin.py:190} INFO - [2026-09-10T03:27:00.378+0000] {dag.py:4180} INFO - Setting next_dagrun for 03_parallel to None, run_after=None
[2026-09-10T03:27:00.411+0000] {processor.py:208} INFO - Processing /opt/airflow/dags/03_parallel.py took 0.140 seconds
[2026-09-10T03:27:31.247+0000] {processor.py:186} INFO - Started process (PID=4800) to work on /opt/airflow/dags/03_parallel.py
[2026-09-10T03:27:31.249+0000] {processor.py:914} INFO - Processing file /opt/airflow/dags/03_parallel.py for tasks to queue
[2026-09-10T03:27:31.252+0000] {logging_mixin.py:190} INFO - [2026-09-10T03:27:31.251+0000] {dagbag.py:588} INFO - Filling up the DagBag from /opt/airflow/dags/03_parallel.py
[2026-09-10T03:27:31.264+0000] {processor.py:925} INFO - DAG(s) '03_parallel' retrieved from /opt/airflow/dags/03_parallel.py
[2026-09-10T03:27:31.303+0000] {logging_mixin.py:190} INFO - [2026-09-10T03:27:31.303+0000] {dag.py:3239} INFO - Sync 1 DAGs
[2026-09-10T03:27:31.321+0000] {logging_mixin.py:190} INFO - [2026-09-10T03:27:31.321+0000] {dag.py:4180} INFO - Setting next_dagrun for 03_parallel to None, run_after=None
[2026-09-10T03:27:31.341+0000] {processor.py:208} INFO - Processing /opt/airflow/dags/03_parallel.py took 0.104 seconds
[2026-09-10T03:28:02.050+0000] {processor.py:186} INFO - Started process (PID=4850) to work on /opt/airflow/dags/03_parallel.py
[2026-09-10T03:28:02.051+0000] {processor.py:914} INFO - Processing file /opt/airflow/dags/03_parallel.py for tasks to queue
[2026-09-10T03:28:02.054+0000] {logging_mixin.py:190} INFO - [2026-09-10T03:28:02.054+0000] {dagbag.py:588} INFO - Filling up the DagBag from /opt/airflow/dags/03_parallel.py
[2026-09-10T03:28:02.067+0000] {processor.py:925} INFO - DAG(s) '03_parallel' retrieved from /opt/airflow/dags/03_parallel.py
[2026-09-10T03:28:02.111+0000] {logging_mixin.py:190} INFO - [2026-09-10T03:28:02.110+0000] {dag.py:3239} INFO - Sync 1 DAGs
[2026-09-10T03:28:02.129+0000] {logging_mixin.py:190} INFO - [2026-09-10T03:28:02.129+0000] {dag.py:4180} INFO - Setting next_dagrun for 03_parallel to None, run_after=None
[2026-09-10T03:28:02.158+0000] {processor.py:208} INFO - Processing /opt/airflow/dags/03_parallel.py took 0.117 seconds
[2026-09-10T03:28:32.886+0000] {processor.py:186} INFO - Started process (PID=4900) to work on /opt/airflow/dags/03_parallel.py
[2026-09-10T03:28:32.888+0000] {processor.py:914} INFO - Processing file /opt/airflow/dags/03_parallel.py for tasks to queue
[2026-09-10T03:28:32.891+0000] {logging_mixin.py:190} INFO - [2026-09-10T03:28:32.890+0000] {dagbag.py:588} INFO - Filling up the DagBag from /opt/airflow/dags/03_parallel.py
[2026-09-10T03:28:32.904+0000] {processor.py:925} INFO - DAG(s) '03_parallel' retrieved from /opt/airflow/dags/03_parallel.py
[2026-09-10T03:28:32.942+0000] {logging_mixin.py:190} INFO - [2026-09-10T03:28:32.942+0000] {dag.py:3239} INFO - Sync 1 DAGs
[2026-09-10T03:28:32.959+0000] {logging_mixin.py:190} INFO - [2026-09-10T03:28:32.959+0000] {dag.py:4180} INFO - Setting next_dagrun for 03_parallel to None, run_after=None
[2026-09-10T03:28:32.979+0000] {processor.py:208} INFO - Processing /opt/airflow/dags/03_parallel.py took 0.103 seconds
[2026-09-10T03:29:03.723+0000] {processor.py:186} INFO - Started process (PID=4950) to work on /opt/airflow/dags/03_parallel.py
[2026-09-10T03:29:03.724+0000] {processor.py:914} INFO - Processing file /opt/airflow/dags/03_parallel.py for tasks to queue
[2026-09-10T03:29:03.727+0000] {logging_mixin.py:190} INFO - [2026-09-10T03:29:03.727+0000] {dagbag.py:588} INFO - Filling up the DagBag from /opt/airflow/dags/03_parallel.py
[2026-09-10T03:29:03.739+0000] {processor.py:925} INFO - DAG(s) '03_parallel' retrieved from /opt/airflow/dags/03_parallel.py
[2026-09-10T03:29:03.784+0000] {logging_mixin.py:190} INFO - [2026-09-10T03:29:03.784+0000] {dag.py:3239} INFO - Sync 1 DAGs
[2026-09-10T03:29:03.804+0000] {logging_mixin.py:190} INFO - [2026-09-10T03:29:03.804+0000] {dag.py:4180} INFO - Setting next_dagrun for 03_parallel to None, run_after=None
[2026-09-10T03:29:03.825+0000] {processor.py:208} INFO - Processing /opt/airflow/dags/03_parallel.py took 0.111 seconds
[2026-09-10T03:29:34.538+0000] {processor.py:186} INFO - Started process (PID=5000) to work on /opt/airflow/dags/03_parallel.py
[2026-09-10T03:29:34.539+0000] {processor.py:914} INFO - Processing file /opt/airflow/dags/03_parallel.py for tasks to queue
[2026-09-10T03:29:34.542+0000] {logging_mixin.py:190} INFO - [2026-09-10T03:29:34.542+0000] {dagbag.py:588} INFO - Filling up the DagBag from /opt/airflow/dags/03_parallel.py
[2026-09-10T03:29:34.553+0000] {processor.py:925} INFO - DAG(s) '03_parallel' retrieved from /opt/airflow/dags/03_parallel.py
[2026-09-10T03:29:34.601+0000] {logging_mixin.py:190} INFO - [2026-09-10T03:29:34.601+0000] {dag.py:3239} INFO - Sync 1 DAGs
[2026-09-10T03:29:34.621+0000] {logging_mixin.py:190} INFO - [2026-09-10T03:29:34.620+0000] {dag.py:4180} INFO - Setting next_dagrun for 03_parallel to None, run_after=None
[2026-09-10T03:29:34.641+0000] {processor.py:208} INFO - Processing /opt/airflow/dags/03_parallel.py took 0.111 seconds
[2026-09-10T03:30:05.368+0000] {processor.py:186} INFO - Started process (PID=5050) to work on /opt/airflow/dags/03_parallel.py
[2026-09-10T03:30:05.369+0000] {processor.py:914} INFO - Processing file /opt/airflow/dags/03_parallel.py for tasks to queue
[2026-09-10T03:30:05.374+0000] {logging_mixin.py:190} INFO - [2026-09-10T03:30:05.373+0000] {dagbag.py:588} INFO - Filling up the DagBag from /opt/airflow/dags/03_parallel.py
[2026-09-10T03:30:05.384+0000] {processor.py:925} INFO - DAG(s) '03_parallel' retrieved from /opt/airflow/dags/03_parallel.py
[2026-09-10T03:30:05.440+0000] {logging_mixin.py:190} INFO - [2026-09-10T03:30:05.440+0000] {dag.py:3239} INFO - Sync 1 DAGs
[2026-09-10T03:30:05.467+0000] {logging_mixin.py:190} INFO - [2026-09-10T03:30:05.466+0000] {dag.py:4180} INFO - Setting next_dagrun for 03_parallel to None, run_after=None
[2026-09-10T03:30:05.497+0000] {processor.py:208} INFO - Processing /opt/airflow/dags/03_parallel.py took 0.137 seconds
[2026-09-10T03:30:36.371+0000] {processor.py:186} INFO - Started process (PID=5099) to work on /opt/airflow/dags/03_parallel.py
[2026-09-10T03:30:36.387+0000] {processor.py:914} INFO - Processing file /opt/airflow/dags/03_parallel.py for tasks to queue
[2026-09-10T03:30:36.398+0000] {logging_mixin.py:190} INFO - [2026-09-10T03:30:36.392+0000] {dagbag.py:588} INFO - Filling up the DagBag from /opt/airflow/dags/03_parallel.py
[2026-09-10T03:30:36.486+0000] {processor.py:925} INFO - DAG(s) '03_parallel' retrieved from /opt/airflow/dags/03_parallel.py
[2026-09-10T03:30:36.575+0000] {logging_mixin.py:190} INFO - [2026-09-10T03:30:36.574+0000] {dag.py:3239} INFO - Sync 1 DAGs
[2026-09-10T03:30:36.611+0000] {logging_mixin.py:190} INFO - [2026-09-10T03:30:36.610+0000] {dag.py:4180} INFO - Setting next_dagrun for 03_parallel to None, run_after=None
[2026-09-10T03:30:36.651+0000] {processor.py:208} INFO - Processing /opt/airflow/dags/03_parallel.py took 0.328 seconds
[2026-09-10T03:31:06.814+0000] {processor.py:186} INFO - Started process (PID=5150) to work on /opt/airflow/dags/03_parallel.py
[2026-09-10T03:31:06.816+0000] {processor.py:914} INFO - Processing file /opt/airflow/dags/03_parallel.py for tasks to queue
[2026-09-10T03:31:06.821+0000] {logging_mixin.py:190} INFO - [2026-09-10T03:31:06.820+0000] {dagbag.py:588} INFO - Filling up the DagBag from /opt/airflow/dags/03_parallel.py
[2026-09-10T03:31:06.838+0000] {processor.py:925} INFO - DAG(s) '03_parallel' retrieved from /opt/airflow/dags/03_parallel.py
[2026-09-10T03:31:07.015+0000] {logging_mixin.py:190} INFO - [2026-09-10T03:31:07.014+0000] {dag.py:3239} INFO - Sync 1 DAGs
[2026-09-10T03:31:07.043+0000] {logging_mixin.py:190} INFO - [2026-09-10T03:31:07.042+0000] {dag.py:4180} INFO - Setting next_dagrun for 03_parallel to None, run_after=None
[2026-09-10T03:31:07.068+0000] {processor.py:208} INFO - Processing /opt/airflow/dags/03_parallel.py took 0.267 seconds
[2026-09-10T03:31:37.868+0000] {processor.py:186} INFO - Started process (PID=5200) to work on /opt/airflow/dags/03_parallel.py
[2026-09-10T03:31:37.870+0000] {processor.py:914} INFO - Processing file /opt/airflow/dags/03_parallel.py for tasks to queue
[2026-09-10T03:31:37.874+0000] {logging_mixin.py:190} INFO - [2026-09-10T03:31:37.873+0000] {dagbag.py:588} INFO - Filling up the DagBag from /opt/airflow/dags/03_parallel.py
[2026-09-10T03:31:37.890+0000] {processor.py:925} INFO - DAG(s) '03_parallel' retrieved from /opt/airflow/dags/03_parallel.py
[2026-09-10T03:31:37.977+0000] {logging_mixin.py:190} INFO - [2026-09-10T03:31:37.976+0000] {dag.py:3239} INFO - Sync 1 DAGs
[2026-09-10T03:31:37.997+0000] {logging_mixin.py:190} INFO - [2026-09-10T03:31:37.997+0000] {dag.py:4180} INFO - Setting next_dagrun for 03_parallel to None, run_after=None
[2026-09-10T03:31:38.035+0000] {processor.py:208} INFO - Processing /opt/airflow/dags/03_parallel.py took 0.179 seconds
[2026-09-10T03:32:10.572+0000] {processor.py:186} INFO - Started process (PID=5350) to work on /opt/airflow/dags/03_parallel.py
[2026-09-10T03:32:10.626+0000] {processor.py:914} INFO - Processing file /opt/airflow/dags/03_parallel.py for tasks to queue
[2026-09-10T03:32:10.638+0000] {logging_mixin.py:190} INFO - [2026-09-10T03:32:10.636+0000] {dagbag.py:588} INFO - Filling up the DagBag from /opt/airflow/dags/03_parallel.py
[2026-09-10T03:32:11.374+0000] {processor.py:925} INFO - DAG(s) '03_parallel' retrieved from /opt/airflow/dags/03_parallel.py
[2026-09-10T03:32:17.346+0000] {logging_mixin.py:190} INFO - [2026-09-10T03:32:16.965+0000] {dag.py:3239} INFO - Sync 1 DAGs
[2026-09-10T03:32:18.857+0000] {logging_mixin.py:190} INFO - [2026-09-10T03:32:18.856+0000] {dag.py:4180} INFO - Setting next_dagrun for 03_parallel to None, run_after=None
[2026-09-10T03:32:21.427+0000] {processor.py:208} INFO - Processing /opt/airflow/dags/03_parallel.py took 11.436 seconds
[2026-09-10T03:32:56.808+0000] {processor.py:186} INFO - Started process (PID=5403) to work on /opt/airflow/dags/03_parallel.py
[2026-09-10T03:32:57.606+0000] {processor.py:914} INFO - Processing file /opt/airflow/dags/03_parallel.py for tasks to queue
[2026-09-10T03:32:57.647+0000] {logging_mixin.py:190} INFO - [2026-09-10T03:32:57.609+0000] {dagbag.py:588} INFO - Filling up the DagBag from /opt/airflow/dags/03_parallel.py
[2026-09-10T03:33:01.330+0000] {processor.py:925} INFO - DAG(s) '03_parallel' retrieved from /opt/airflow/dags/03_parallel.py
[2026-09-10T03:33:19.590+0000] {logging_mixin.py:190} INFO - [2026-09-10T03:33:18.079+0000] {dag.py:3239} INFO - Sync 1 DAGs
[2026-09-10T03:33:21.634+0000] {logging_mixin.py:190} INFO - [2026-09-10T03:33:20.998+0000] {dag.py:4180} INFO - Setting next_dagrun for 03_parallel to None, run_after=None
[2026-09-10T03:33:23.832+0000] {processor.py:208} INFO - Processing /opt/airflow/dags/03_parallel.py took 28.392 seconds
[2026-09-10T20:19:04.004+0000] {processor.py:186} INFO - Started process (PID=186) to work on /opt/airflow/dags/03_parallel.py
[2026-09-10T20:19:04.006+0000] {processor.py:914} INFO - Processing file /opt/airflow/dags/03_parallel.py for tasks to queue
[2026-09-10T20:19:04.013+0000] {logging_mixin.py:190} INFO - [2026-09-10T20:19:04.012+0000] {dagbag.py:588} INFO - Filling up the DagBag from /opt/airflow/dags/03_parallel.py
[2026-09-10T20:19:04.037+0000] {processor.py:925} INFO - DAG(s) '03_parallel' retrieved from /opt/airflow/dags/03_parallel.py
[2026-09-10T20:19:04.275+0000] {logging_mixin.py:190} INFO - [2026-09-10T20:19:04.274+0000] {override.py:1911} INFO - Created Permission View: can read on DAG:03_parallel
[2026-09-10T20:19:04.288+0000] {logging_mixin.py:190} INFO - [2026-09-10T20:19:04.288+0000] {override.py:1911} INFO - Created Permission View: can delete on DAG:03_parallel
[2026-09-10T20:19:04.305+0000] {logging_mixin.py:190} INFO - [2026-09-10T20:19:04.305+0000] {override.py:1911} INFO - Created Permission View: can edit on DAG:03_parallel
[2026-09-10T20:19:04.317+0000] {logging_mixin.py:190} INFO - [2026-09-10T20:19:04.316+0000] {override.py:1911} INFO - Created Permission View: can read on DAG Run:03_parallel
[2026-09-10T20:19:04.325+0000] {logging_mixin.py:190} INFO - [2026-09-10T20:19:04.324+0000] {override.py:1911} INFO - Created Permission View: menu access on DAG Run:03_parallel
[2026-09-10T20:19:04.335+0000] {logging_mixin.py:190} INFO - [2026-09-10T20:19:04.334+0000] {override.py:1911} INFO - Created Permission View: can delete on DAG Run:03_parallel
[2026-09-10T20:19:04.342+0000] {logging_mixin.py:190} INFO - [2026-09-10T20:19:04.341+0000] {override.py:1911} INFO - Created Permission View: can create on DAG Run:03_parallel
[2026-09-10T20:19:04.342+0000] {logging_mixin.py:190} INFO - [2026-09-10T20:19:04.342+0000] {dag.py:3239} INFO - Sync 1 DAGs
[2026-09-10T20:19:04.360+0000] {logging_mixin.py:190} INFO - [2026-09-10T20:19:04.360+0000] {dag.py:3262} INFO - Creating ORM DAG for 03_parallel
[2026-09-10T20:19:04.361+0000] {logging_mixin.py:190} INFO - [2026-09-10T20:19:04.361+0000] {dag.py:4180} INFO - Setting next_dagrun for 03_parallel to None, run_after=None
[2026-09-10T20:19:04.381+0000] {processor.py:208} INFO - Processing /opt/airflow/dags/03_parallel.py took 0.385 seconds
[2026-09-10T20:19:34.612+0000] {processor.py:186} INFO - Started process (PID=258) to work on /opt/airflow/dags/03_parallel.py
[2026-09-10T20:19:34.614+0000] {processor.py:914} INFO - Processing file /opt/airflow/dags/03_parallel.py for tasks to queue
[2026-09-10T20:19:34.617+0000] {logging_mixin.py:190} INFO - [2026-09-10T20:19:34.616+0000] {dagbag.py:588} INFO - Filling up the DagBag from /opt/airflow/dags/03_parallel.py
[2026-09-10T20:19:34.632+0000] {processor.py:925} INFO - DAG(s) '03_parallel' retrieved from /opt/airflow/dags/03_parallel.py
[2026-09-10T20:19:34.672+0000] {logging_mixin.py:190} INFO - [2026-09-10T20:19:34.672+0000] {dag.py:3239} INFO - Sync 1 DAGs
[2026-09-10T20:19:34.691+0000] {logging_mixin.py:190} INFO - [2026-09-10T20:19:34.691+0000] {dag.py:4180} INFO - Setting next_dagrun for 03_parallel to None, run_after=None
[2026-09-10T20:19:34.717+0000] {processor.py:208} INFO - Processing /opt/airflow/dags/03_parallel.py took 0.114 seconds
[2026-09-10T20:20:04.820+0000] {processor.py:186} INFO - Started process (PID=328) to work on /opt/airflow/dags/03_parallel.py
[2026-09-10T20:20:04.822+0000] {processor.py:914} INFO - Processing file /opt/airflow/dags/03_parallel.py for tasks to queue
[2026-09-10T20:20:04.824+0000] {logging_mixin.py:190} INFO - [2026-09-10T20:20:04.824+0000] {dagbag.py:588} INFO - Filling up the DagBag from /opt/airflow/dags/03_parallel.py
[2026-09-10T20:20:04.833+0000] {processor.py:925} INFO - DAG(s) '03_parallel' retrieved from /opt/airflow/dags/03_parallel.py
[2026-09-10T20:20:04.863+0000] {logging_mixin.py:190} INFO - [2026-09-10T20:20:04.863+0000] {dag.py:3239} INFO - Sync 1 DAGs
[2026-09-10T20:20:04.877+0000] {logging_mixin.py:190} INFO - [2026-09-10T20:20:04.877+0000] {dag.py:4180} INFO - Setting next_dagrun for 03_parallel to None, run_after=None
[2026-09-10T20:20:04.894+0000] {processor.py:208} INFO - Processing /opt/airflow/dags/03_parallel.py took 0.081 seconds
[2026-09-10T20:20:35.131+0000] {processor.py:186} INFO - Started process (PID=398) to work on /opt/airflow/dags/03_parallel.py
[2026-09-10T20:20:35.132+0000] {processor.py:914} INFO - Processing file /opt/airflow/dags/03_parallel.py for tasks to queue
[2026-09-10T20:20:35.135+0000] {logging_mixin.py:190} INFO - [2026-09-10T20:20:35.135+0000] {dagbag.py:588} INFO - Filling up the DagBag from /opt/airflow/dags/03_parallel.py
[2026-09-10T20:20:35.149+0000] {processor.py:925} INFO - DAG(s) '03_parallel' retrieved from /opt/airflow/dags/03_parallel.py
[2026-09-10T20:20:35.186+0000] {logging_mixin.py:190} INFO - [2026-09-10T20:20:35.186+0000] {dag.py:3239} INFO - Sync 1 DAGs
[2026-09-10T20:20:35.204+0000] {logging_mixin.py:190} INFO - [2026-09-10T20:20:35.204+0000] {dag.py:4180} INFO - Setting next_dagrun for 03_parallel to None, run_after=None
[2026-09-10T20:20:35.226+0000] {processor.py:208} INFO - Processing /opt/airflow/dags/03_parallel.py took 0.105 seconds
[2026-09-10T20:21:05.533+0000] {processor.py:186} INFO - Started process (PID=466) to work on /opt/airflow/dags/03_parallel.py
[2026-09-10T20:21:05.535+0000] {processor.py:914} INFO - Processing file /opt/airflow/dags/03_parallel.py for tasks to queue
[2026-09-10T20:21:05.539+0000] {logging_mixin.py:190} INFO - [2026-09-10T20:21:05.538+0000] {dagbag.py:588} INFO - Filling up the DagBag from /opt/airflow/dags/03_parallel.py
[2026-09-10T20:21:05.551+0000] {processor.py:925} INFO - DAG(s) '03_parallel' retrieved from /opt/airflow/dags/03_parallel.py
[2026-09-10T20:21:05.591+0000] {logging_mixin.py:190} INFO - [2026-09-10T20:21:05.591+0000] {dag.py:3239} INFO - Sync 1 DAGs
[2026-09-10T20:21:05.612+0000] {logging_mixin.py:190} INFO - [2026-09-10T20:21:05.612+0000] {dag.py:4180} INFO - Setting next_dagrun for 03_parallel to None, run_after=None
[2026-09-10T20:21:05.644+0000] {processor.py:208} INFO - Processing /opt/airflow/dags/03_parallel.py took 0.123 seconds
[2026-09-10T20:21:35.824+0000] {processor.py:186} INFO - Started process (PID=536) to work on /opt/airflow/dags/03_parallel.py
[2026-09-10T20:21:35.826+0000] {processor.py:914} INFO - Processing file /opt/airflow/dags/03_parallel.py for tasks to queue
[2026-09-10T20:21:35.835+0000] {logging_mixin.py:190} INFO - [2026-09-10T20:21:35.833+0000] {dagbag.py:588} INFO - Filling up the DagBag from /opt/airflow/dags/03_parallel.py
[2026-09-10T20:21:35.855+0000] {processor.py:925} INFO - DAG(s) '03_parallel' retrieved from /opt/airflow/dags/03_parallel.py
[2026-09-10T20:21:35.915+0000] {logging_mixin.py:190} INFO - [2026-09-10T20:21:35.914+0000] {dag.py:3239} INFO - Sync 1 DAGs
[2026-09-10T20:21:35.956+0000] {logging_mixin.py:190} INFO - [2026-09-10T20:21:35.956+0000] {dag.py:4180} INFO - Setting next_dagrun for 03_parallel to None, run_after=None
[2026-09-10T20:21:35.993+0000] {processor.py:208} INFO - Processing /opt/airflow/dags/03_parallel.py took 0.184 seconds
[2026-09-10T20:22:06.910+0000] {processor.py:186} INFO - Started process (PID=608) to work on /opt/airflow/dags/03_parallel.py
[2026-09-10T20:22:06.912+0000] {processor.py:914} INFO - Processing file /opt/airflow/dags/03_parallel.py for tasks to queue
[2026-09-10T20:22:06.915+0000] {logging_mixin.py:190} INFO - [2026-09-10T20:22:06.914+0000] {dagbag.py:588} INFO - Filling up the DagBag from /opt/airflow/dags/03_parallel.py
[2026-09-10T20:22:06.925+0000] {processor.py:925} INFO - DAG(s) '03_parallel' retrieved from /opt/airflow/dags/03_parallel.py
[2026-09-10T20:22:06.957+0000] {logging_mixin.py:190} INFO - [2026-09-10T20:22:06.957+0000] {dag.py:3239} INFO - Sync 1 DAGs
[2026-09-10T20:22:07.161+0000] {logging_mixin.py:190} INFO - [2026-09-10T20:22:07.161+0000] {dag.py:4180} INFO - Setting next_dagrun for 03_parallel to None, run_after=None
[2026-09-10T20:22:07.177+0000] {processor.py:208} INFO - Processing /opt/airflow/dags/03_parallel.py took 0.274 seconds
[2026-09-10T20:22:37.408+0000] {processor.py:186} INFO - Started process (PID=678) to work on /opt/airflow/dags/03_parallel.py
[2026-09-10T20:22:37.410+0000] {processor.py:914} INFO - Processing file /opt/airflow/dags/03_parallel.py for tasks to queue
[2026-09-10T20:22:37.413+0000] {logging_mixin.py:190} INFO - [2026-09-10T20:22:37.412+0000] {dagbag.py:588} INFO - Filling up the DagBag from /opt/airflow/dags/03_parallel.py
[2026-09-10T20:22:37.425+0000] {processor.py:925} INFO - DAG(s) '03_parallel' retrieved from /opt/airflow/dags/03_parallel.py
[2026-09-10T20:22:37.463+0000] {logging_mixin.py:190} INFO - [2026-09-10T20:22:37.463+0000] {dag.py:3239} INFO - Sync 1 DAGs
[2026-09-10T20:22:37.481+0000] {logging_mixin.py:190} INFO - [2026-09-10T20:22:37.481+0000] {dag.py:4180} INFO - Setting next_dagrun for 03_parallel to None, run_after=None
[2026-09-10T20:22:37.502+0000] {processor.py:208} INFO - Processing /opt/airflow/dags/03_parallel.py took 0.105 seconds
[2026-09-10T20:23:08.036+0000] {processor.py:186} INFO - Started process (PID=748) to work on /opt/airflow/dags/03_parallel.py
[2026-09-10T20:23:08.037+0000] {processor.py:914} INFO - Processing file /opt/airflow/dags/03_parallel.py for tasks to queue
[2026-09-10T20:23:08.041+0000] {logging_mixin.py:190} INFO - [2026-09-10T20:23:08.040+0000] {dagbag.py:588} INFO - Filling up the DagBag from /opt/airflow/dags/03_parallel.py
[2026-09-10T20:23:08.058+0000] {processor.py:925} INFO - DAG(s) '03_parallel' retrieved from /opt/airflow/dags/03_parallel.py
[2026-09-10T20:23:08.132+0000] {logging_mixin.py:190} INFO - [2026-09-10T20:23:08.132+0000] {dag.py:3239} INFO - Sync 1 DAGs
[2026-09-10T20:23:08.163+0000] {logging_mixin.py:190} INFO - [2026-09-10T20:23:08.163+0000] {dag.py:4180} INFO - Setting next_dagrun for 03_parallel to None, run_after=None
[2026-09-10T20:23:08.202+0000] {processor.py:208} INFO - Processing /opt/airflow/dags/03_parallel.py took 0.178 seconds
[2026-09-10T20:23:39.092+0000] {processor.py:186} INFO - Started process (PID=830) to work on /opt/airflow/dags/03_parallel.py
[2026-09-10T20:23:39.094+0000] {processor.py:914} INFO - Processing file /opt/airflow/dags/03_parallel.py for tasks to queue
[2026-09-10T20:23:39.097+0000] {logging_mixin.py:190} INFO - [2026-09-10T20:23:39.096+0000] {dagbag.py:588} INFO - Filling up the DagBag from /opt/airflow/dags/03_parallel.py
[2026-09-10T20:23:39.106+0000] {processor.py:925} INFO - DAG(s) '03_parallel' retrieved from /opt/airflow/dags/03_parallel.py
[2026-09-10T20:23:39.140+0000] {logging_mixin.py:190} INFO - [2026-09-10T20:23:39.140+0000] {dag.py:3239} INFO - Sync 1 DAGs
[2026-09-10T20:23:39.156+0000] {logging_mixin.py:190} INFO - [2026-09-10T20:23:39.156+0000] {dag.py:4180} INFO - Setting next_dagrun for 03_parallel to None, run_after=None
[2026-09-10T20:23:39.180+0000] {processor.py:208} INFO - Processing /opt/airflow/dags/03_parallel.py took 0.100 seconds
[2026-09-10T20:24:09.303+0000] {processor.py:186} INFO - Started process (PID=900) to work on /opt/airflow/dags/03_parallel.py
[2026-09-10T20:24:09.304+0000] {processor.py:914} INFO - Processing file /opt/airflow/dags/03_parallel.py for tasks to queue
[2026-09-10T20:24:09.307+0000] {logging_mixin.py:190} INFO - [2026-09-10T20:24:09.307+0000] {dagbag.py:588} INFO - Filling up the DagBag from /opt/airflow/dags/03_parallel.py
[2026-09-10T20:24:09.321+0000] {processor.py:925} INFO - DAG(s) '03_parallel' retrieved from /opt/airflow/dags/03_parallel.py
[2026-09-10T20:24:09.355+0000] {logging_mixin.py:190} INFO - [2026-09-10T20:24:09.355+0000] {dag.py:3239} INFO - Sync 1 DAGs
[2026-09-10T20:24:09.371+0000] {logging_mixin.py:190} INFO - [2026-09-10T20:24:09.371+0000] {dag.py:4180} INFO - Setting next_dagrun for 03_parallel to None, run_after=None
[2026-09-10T20:24:09.391+0000] {processor.py:208} INFO - Processing /opt/airflow/dags/03_parallel.py took 0.095 seconds
[2026-09-10T20:24:39.432+0000] {processor.py:186} INFO - Started process (PID=970) to work on /opt/airflow/dags/03_parallel.py
[2026-09-10T20:24:39.434+0000] {processor.py:914} INFO - Processing file /opt/airflow/dags/03_parallel.py for tasks to queue
[2026-09-10T20:24:39.437+0000] {logging_mixin.py:190} INFO - [2026-09-10T20:24:39.436+0000] {dagbag.py:588} INFO - Filling up the DagBag from /opt/airflow/dags/03_parallel.py
[2026-09-10T20:24:39.446+0000] {processor.py:925} INFO - DAG(s) '03_parallel' retrieved from /opt/airflow/dags/03_parallel.py
[2026-09-10T20:24:39.476+0000] {logging_mixin.py:190} INFO - [2026-09-10T20:24:39.475+0000] {dag.py:3239} INFO - Sync 1 DAGs
[2026-09-10T20:24:39.490+0000] {logging_mixin.py:190} INFO - [2026-09-10T20:24:39.489+0000] {dag.py:4180} INFO - Setting next_dagrun for 03_parallel to None, run_after=None
[2026-09-10T20:24:39.511+0000] {processor.py:208} INFO - Processing /opt/airflow/dags/03_parallel.py took 0.086 seconds
[2026-09-10T20:25:09.585+0000] {processor.py:186} INFO - Started process (PID=1038) to work on /opt/airflow/dags/03_parallel.py
[2026-09-10T20:25:09.587+0000] {processor.py:914} INFO - Processing file /opt/airflow/dags/03_parallel.py for tasks to queue
[2026-09-10T20:25:09.590+0000] {logging_mixin.py:190} INFO - [2026-09-10T20:25:09.590+0000] {dagbag.py:588} INFO - Filling up the DagBag from /opt/airflow/dags/03_parallel.py
[2026-09-10T20:25:09.605+0000] {processor.py:925} INFO - DAG(s) '03_parallel' retrieved from /opt/airflow/dags/03_parallel.py
[2026-09-10T20:25:09.667+0000] {logging_mixin.py:190} INFO - [2026-09-10T20:25:09.667+0000] {dag.py:3239} INFO - Sync 1 DAGs
[2026-09-10T20:25:09.686+0000] {logging_mixin.py:190} INFO - [2026-09-10T20:25:09.686+0000] {dag.py:4180} INFO - Setting next_dagrun for 03_parallel to None, run_after=None
[2026-09-10T20:25:09.706+0000] {processor.py:208} INFO - Processing /opt/airflow/dags/03_parallel.py took 0.132 seconds
[2026-09-10T20:25:39.953+0000] {processor.py:186} INFO - Started process (PID=1110) to work on /opt/airflow/dags/03_parallel.py
[2026-09-10T20:25:39.954+0000] {processor.py:914} INFO - Processing file /opt/airflow/dags/03_parallel.py for tasks to queue
[2026-09-10T20:25:39.957+0000] {logging_mixin.py:190} INFO - [2026-09-10T20:25:39.957+0000] {dagbag.py:588} INFO - Filling up the DagBag from /opt/airflow/dags/03_parallel.py
[2026-09-10T20:25:39.966+0000] {processor.py:925} INFO - DAG(s) '03_parallel' retrieved from /opt/airflow/dags/03_parallel.py
[2026-09-10T20:25:39.995+0000] {logging_mixin.py:190} INFO - [2026-09-10T20:25:39.995+0000] {dag.py:3239} INFO - Sync 1 DAGs
[2026-09-10T20:25:40.013+0000] {logging_mixin.py:190} INFO - [2026-09-10T20:25:40.013+0000] {dag.py:4180} INFO - Setting next_dagrun for 03_parallel to None, run_after=None
[2026-09-10T20:25:40.031+0000] {processor.py:208} INFO - Processing /opt/airflow/dags/03_parallel.py took 0.085 seconds
[2026-09-10T20:26:10.101+0000] {processor.py:186} INFO - Started process (PID=1180) to work on /opt/airflow/dags/03_parallel.py
[2026-09-10T20:26:10.102+0000] {processor.py:914} INFO - Processing file /opt/airflow/dags/03_parallel.py for tasks to queue
[2026-09-10T20:26:10.104+0000] {logging_mixin.py:190} INFO - [2026-09-10T20:26:10.104+0000] {dagbag.py:588} INFO - Filling up the DagBag from /opt/airflow/dags/03_parallel.py
[2026-09-10T20:26:10.114+0000] {processor.py:925} INFO - DAG(s) '03_parallel' retrieved from /opt/airflow/dags/03_parallel.py
[2026-09-10T20:26:10.143+0000] {logging_mixin.py:190} INFO - [2026-09-10T20:26:10.143+0000] {dag.py:3239} INFO - Sync 1 DAGs
[2026-09-10T20:26:10.159+0000] {logging_mixin.py:190} INFO - [2026-09-10T20:26:10.159+0000] {dag.py:4180} INFO - Setting next_dagrun for 03_parallel to None, run_after=None
[2026-09-10T20:26:10.180+0000] {processor.py:208} INFO - Processing /opt/airflow/dags/03_parallel.py took 0.087 seconds
[2026-09-10T20:26:40.223+0000] {processor.py:186} INFO - Started process (PID=1248) to work on /opt/airflow/dags/03_parallel.py
[2026-09-10T20:26:40.224+0000] {processor.py:914} INFO - Processing file /opt/airflow/dags/03_parallel.py for tasks to queue
[2026-09-10T20:26:40.227+0000] {logging_mixin.py:190} INFO - [2026-09-10T20:26:40.226+0000] {dagbag.py:588} INFO - Filling up the DagBag from /opt/airflow/dags/03_parallel.py
[2026-09-10T20:26:40.237+0000] {processor.py:925} INFO - DAG(s) '03_parallel' retrieved from /opt/airflow/dags/03_parallel.py
[2026-09-10T20:26:40.268+0000] {logging_mixin.py:190} INFO - [2026-09-10T20:26:40.267+0000] {dag.py:3239} INFO - Sync 1 DAGs
[2026-09-10T20:26:40.283+0000] {logging_mixin.py:190} INFO - [2026-09-10T20:26:40.283+0000] {dag.py:4180} INFO - Setting next_dagrun for 03_parallel to None, run_after=None
[2026-09-10T20:26:40.301+0000] {processor.py:208} INFO - Processing /opt/airflow/dags/03_parallel.py took 0.086 seconds
[2026-09-10T20:27:10.447+0000] {processor.py:186} INFO - Started process (PID=1318) to work on /opt/airflow/dags/03_parallel.py
[2026-09-10T20:27:10.448+0000] {processor.py:914} INFO - Processing file /opt/airflow/dags/03_parallel.py for tasks to queue
[2026-09-10T20:27:10.451+0000] {logging_mixin.py:190} INFO - [2026-09-10T20:27:10.451+0000] {dagbag.py:588} INFO - Filling up the DagBag from /opt/airflow/dags/03_parallel.py
[2026-09-10T20:27:10.462+0000] {processor.py:925} INFO - DAG(s) '03_parallel' retrieved from /opt/airflow/dags/03_parallel.py
[2026-09-10T20:27:10.507+0000] {logging_mixin.py:190} INFO - [2026-09-10T20:27:10.507+0000] {dag.py:3239} INFO - Sync 1 DAGs
[2026-09-10T20:27:10.539+0000] {logging_mixin.py:190} INFO - [2026-09-10T20:27:10.538+0000] {dag.py:4180} INFO - Setting next_dagrun for 03_parallel to None, run_after=None
[2026-09-10T20:27:10.579+0000] {processor.py:208} INFO - Processing /opt/airflow/dags/03_parallel.py took 0.141 seconds
[2026-09-10T20:27:41.622+0000] {processor.py:186} INFO - Started process (PID=1388) to work on /opt/airflow/dags/03_parallel.py
[2026-09-10T20:27:41.623+0000] {processor.py:914} INFO - Processing file /opt/airflow/dags/03_parallel.py for tasks to queue
[2026-09-10T20:27:41.625+0000] {logging_mixin.py:190} INFO - [2026-09-10T20:27:41.625+0000] {dagbag.py:588} INFO - Filling up the DagBag from /opt/airflow/dags/03_parallel.py
[2026-09-10T20:27:41.634+0000] {processor.py:925} INFO - DAG(s) '03_parallel' retrieved from /opt/airflow/dags/03_parallel.py
[2026-09-10T20:27:41.668+0000] {logging_mixin.py:190} INFO - [2026-09-10T20:27:41.668+0000] {dag.py:3239} INFO - Sync 1 DAGs
[2026-09-10T20:27:41.682+0000] {logging_mixin.py:190} INFO - [2026-09-10T20:27:41.682+0000] {dag.py:4180} INFO - Setting next_dagrun for 03_parallel to None, run_after=None
[2026-09-10T20:27:41.702+0000] {processor.py:208} INFO - Processing /opt/airflow/dags/03_parallel.py took 0.087 seconds
[2026-09-10T20:28:11.767+0000] {processor.py:186} INFO - Started process (PID=1455) to work on /opt/airflow/dags/03_parallel.py
[2026-09-10T20:28:11.768+0000] {processor.py:914} INFO - Processing file /opt/airflow/dags/03_parallel.py for tasks to queue
[2026-09-10T20:28:11.771+0000] {logging_mixin.py:190} INFO - [2026-09-10T20:28:11.771+0000] {dagbag.py:588} INFO - Filling up the DagBag from /opt/airflow/dags/03_parallel.py
[2026-09-10T20:28:11.782+0000] {processor.py:925} INFO - DAG(s) '03_parallel' retrieved from /opt/airflow/dags/03_parallel.py
[2026-09-10T20:28:11.811+0000] {logging_mixin.py:190} INFO - [2026-09-10T20:28:11.811+0000] {dag.py:3239} INFO - Sync 1 DAGs
[2026-09-10T20:28:11.826+0000] {logging_mixin.py:190} INFO - [2026-09-10T20:28:11.826+0000] {dag.py:4180} INFO - Setting next_dagrun for 03_parallel to None, run_after=None
[2026-09-10T20:28:11.846+0000] {processor.py:208} INFO - Processing /opt/airflow/dags/03_parallel.py took 0.092 seconds
[2026-09-10T20:28:42.873+0000] {processor.py:186} INFO - Started process (PID=1528) to work on /opt/airflow/dags/03_parallel.py
[2026-09-10T20:28:42.874+0000] {processor.py:914} INFO - Processing file /opt/airflow/dags/03_parallel.py for tasks to queue
[2026-09-10T20:28:42.877+0000] {logging_mixin.py:190} INFO - [2026-09-10T20:28:42.876+0000] {dagbag.py:588} INFO - Filling up the DagBag from /opt/airflow/dags/03_parallel.py
[2026-09-10T20:28:42.886+0000] {processor.py:925} INFO - DAG(s) '03_parallel' retrieved from /opt/airflow/dags/03_parallel.py
[2026-09-10T20:28:42.915+0000] {logging_mixin.py:190} INFO - [2026-09-10T20:28:42.915+0000] {dag.py:3239} INFO - Sync 1 DAGs
[2026-09-10T20:28:42.932+0000] {logging_mixin.py:190} INFO - [2026-09-10T20:28:42.932+0000] {dag.py:4180} INFO - Setting next_dagrun for 03_parallel to None, run_after=None
[2026-09-10T20:28:42.952+0000] {processor.py:208} INFO - Processing /opt/airflow/dags/03_parallel.py took 0.086 seconds
[2026-09-10T20:29:13.049+0000] {processor.py:186} INFO - Started process (PID=1598) to work on /opt/airflow/dags/03_parallel.py
[2026-09-10T20:29:13.050+0000] {processor.py:914} INFO - Processing file /opt/airflow/dags/03_parallel.py for tasks to queue
[2026-09-10T20:29:13.053+0000] {logging_mixin.py:190} INFO - [2026-09-10T20:29:13.053+0000] {dagbag.py:588} INFO - Filling up the DagBag from /opt/airflow/dags/03_parallel.py
[2026-09-10T20:29:13.063+0000] {processor.py:925} INFO - DAG(s) '03_parallel' retrieved from /opt/airflow/dags/03_parallel.py
[2026-09-10T20:29:13.098+0000] {logging_mixin.py:190} INFO - [2026-09-10T20:29:13.097+0000] {dag.py:3239} INFO - Sync 1 DAGs
[2026-09-10T20:29:13.114+0000] {logging_mixin.py:190} INFO - [2026-09-10T20:29:13.114+0000] {dag.py:4180} INFO - Setting next_dagrun for 03_parallel to None, run_after=None
[2026-09-10T20:29:13.134+0000] {processor.py:208} INFO - Processing /opt/airflow/dags/03_parallel.py took 0.096 seconds
[2026-09-10T20:29:43.218+0000] {processor.py:186} INFO - Started process (PID=1668) to work on /opt/airflow/dags/03_parallel.py
[2026-09-10T20:29:43.220+0000] {processor.py:914} INFO - Processing file /opt/airflow/dags/03_parallel.py for tasks to queue
[2026-09-10T20:29:43.223+0000] {logging_mixin.py:190} INFO - [2026-09-10T20:29:43.222+0000] {dagbag.py:588} INFO - Filling up the DagBag from /opt/airflow/dags/03_parallel.py
[2026-09-10T20:29:43.233+0000] {processor.py:925} INFO - DAG(s) '03_parallel' retrieved from /opt/airflow/dags/03_parallel.py
[2026-09-10T20:29:43.265+0000] {logging_mixin.py:190} INFO - [2026-09-10T20:29:43.264+0000] {dag.py:3239} INFO - Sync 1 DAGs
[2026-09-10T20:29:43.280+0000] {logging_mixin.py:190} INFO - [2026-09-10T20:29:43.280+0000] {dag.py:4180} INFO - Setting next_dagrun for 03_parallel to None, run_after=None
[2026-09-10T20:29:43.300+0000] {processor.py:208} INFO - Processing /opt/airflow/dags/03_parallel.py took 0.090 seconds
[2026-09-10T20:30:13.420+0000] {processor.py:186} INFO - Started process (PID=1738) to work on /opt/airflow/dags/03_parallel.py
[2026-09-10T20:30:13.421+0000] {processor.py:914} INFO - Processing file /opt/airflow/dags/03_parallel.py for tasks to queue
[2026-09-10T20:30:13.423+0000] {logging_mixin.py:190} INFO - [2026-09-10T20:30:13.423+0000] {dagbag.py:588} INFO - Filling up the DagBag from /opt/airflow/dags/03_parallel.py
[2026-09-10T20:30:13.432+0000] {processor.py:925} INFO - DAG(s) '03_parallel' retrieved from /opt/airflow/dags/03_parallel.py
[2026-09-10T20:30:13.462+0000] {logging_mixin.py:190} INFO - [2026-09-10T20:30:13.462+0000] {dag.py:3239} INFO - Sync 1 DAGs
[2026-09-10T20:30:13.478+0000] {logging_mixin.py:190} INFO - [2026-09-10T20:30:13.478+0000] {dag.py:4180} INFO - Setting next_dagrun for 03_parallel to None, run_after=None
[2026-09-10T20:30:13.497+0000] {processor.py:208} INFO - Processing /opt/airflow/dags/03_parallel.py took 0.083 seconds
[2026-09-10T20:30:43.676+0000] {processor.py:186} INFO - Started process (PID=1810) to work on /opt/airflow/dags/03_parallel.py
[2026-09-10T20:30:43.678+0000] {processor.py:914} INFO - Processing file /opt/airflow/dags/03_parallel.py for tasks to queue
[2026-09-10T20:30:43.680+0000] {logging_mixin.py:190} INFO - [2026-09-10T20:30:43.680+0000] {dagbag.py:588} INFO - Filling up the DagBag from /opt/airflow/dags/03_parallel.py
[2026-09-10T20:30:43.690+0000] {processor.py:925} INFO - DAG(s) '03_parallel' retrieved from /opt/airflow/dags/03_parallel.py
[2026-09-10T20:30:43.718+0000] {logging_mixin.py:190} INFO - [2026-09-10T20:30:43.718+0000] {dag.py:3239} INFO - Sync 1 DAGs
[2026-09-10T20:30:43.733+0000] {logging_mixin.py:190} INFO - [2026-09-10T20:30:43.732+0000] {dag.py:4180} INFO - Setting next_dagrun for 03_parallel to None, run_after=None
[2026-09-10T20:30:43.750+0000] {processor.py:208} INFO - Processing /opt/airflow/dags/03_parallel.py took 0.081 seconds
[2026-09-10T20:31:13.947+0000] {processor.py:186} INFO - Started process (PID=1880) to work on /opt/airflow/dags/03_parallel.py
[2026-09-10T20:31:13.948+0000] {processor.py:914} INFO - Processing file /opt/airflow/dags/03_parallel.py for tasks to queue
[2026-09-10T20:31:13.950+0000] {logging_mixin.py:190} INFO - [2026-09-10T20:31:13.950+0000] {dagbag.py:588} INFO - Filling up the DagBag from /opt/airflow/dags/03_parallel.py
[2026-09-10T20:31:13.960+0000] {processor.py:925} INFO - DAG(s) '03_parallel' retrieved from /opt/airflow/dags/03_parallel.py
[2026-09-10T20:31:13.991+0000] {logging_mixin.py:190} INFO - [2026-09-10T20:31:13.991+0000] {dag.py:3239} INFO - Sync 1 DAGs
[2026-09-10T20:31:14.008+0000] {logging_mixin.py:190} INFO - [2026-09-10T20:31:14.008+0000] {dag.py:4180} INFO - Setting next_dagrun for 03_parallel to None, run_after=None
[2026-09-10T20:31:14.031+0000] {processor.py:208} INFO - Processing /opt/airflow/dags/03_parallel.py took 0.092 seconds
[2026-09-10T20:31:44.138+0000] {processor.py:186} INFO - Started process (PID=1950) to work on /opt/airflow/dags/03_parallel.py
[2026-09-10T20:31:44.140+0000] {processor.py:914} INFO - Processing file /opt/airflow/dags/03_parallel.py for tasks to queue
[2026-09-10T20:31:44.144+0000] {logging_mixin.py:190} INFO - [2026-09-10T20:31:44.144+0000] {dagbag.py:588} INFO - Filling up the DagBag from /opt/airflow/dags/03_parallel.py
[2026-09-10T20:31:44.159+0000] {processor.py:925} INFO - DAG(s) '03_parallel' retrieved from /opt/airflow/dags/03_parallel.py
[2026-09-10T20:31:44.202+0000] {logging_mixin.py:190} INFO - [2026-09-10T20:31:44.202+0000] {dag.py:3239} INFO - Sync 1 DAGs
[2026-09-10T20:31:44.233+0000] {logging_mixin.py:190} INFO - [2026-09-10T20:31:44.233+0000] {dag.py:4180} INFO - Setting next_dagrun for 03_parallel to None, run_after=None
[2026-09-10T20:31:44.256+0000] {processor.py:208} INFO - Processing /opt/airflow/dags/03_parallel.py took 0.129 seconds
[2026-09-10T20:32:14.622+0000] {processor.py:186} INFO - Started process (PID=2020) to work on /opt/airflow/dags/03_parallel.py
[2026-09-10T20:32:14.623+0000] {processor.py:914} INFO - Processing file /opt/airflow/dags/03_parallel.py for tasks to queue
[2026-09-10T20:32:14.628+0000] {logging_mixin.py:190} INFO - [2026-09-10T20:32:14.627+0000] {dagbag.py:588} INFO - Filling up the DagBag from /opt/airflow/dags/03_parallel.py
[2026-09-10T20:32:14.644+0000] {processor.py:925} INFO - DAG(s) '03_parallel' retrieved from /opt/airflow/dags/03_parallel.py
[2026-09-10T20:32:14.731+0000] {logging_mixin.py:190} INFO - [2026-09-10T20:32:14.730+0000] {dag.py:3239} INFO - Sync 1 DAGs
[2026-09-10T20:32:14.772+0000] {logging_mixin.py:190} INFO - [2026-09-10T20:32:14.771+0000] {dag.py:4180} INFO - Setting next_dagrun for 03_parallel to None, run_after=None
[2026-09-10T20:32:14.812+0000] {processor.py:208} INFO - Processing /opt/airflow/dags/03_parallel.py took 0.205 seconds
[2026-09-10T20:32:45.129+0000] {processor.py:186} INFO - Started process (PID=2090) to work on /opt/airflow/dags/03_parallel.py
[2026-09-10T20:32:45.130+0000] {processor.py:914} INFO - Processing file /opt/airflow/dags/03_parallel.py for tasks to queue
[2026-09-10T20:32:45.133+0000] {logging_mixin.py:190} INFO - [2026-09-10T20:32:45.133+0000] {dagbag.py:588} INFO - Filling up the DagBag from /opt/airflow/dags/03_parallel.py
[2026-09-10T20:32:45.143+0000] {processor.py:925} INFO - DAG(s) '03_parallel' retrieved from /opt/airflow/dags/03_parallel.py
[2026-09-10T20:32:45.173+0000] {logging_mixin.py:190} INFO - [2026-09-10T20:32:45.173+0000] {dag.py:3239} INFO - Sync 1 DAGs
[2026-09-10T20:32:45.187+0000] {logging_mixin.py:190} INFO - [2026-09-10T20:32:45.187+0000] {dag.py:4180} INFO - Setting next_dagrun for 03_parallel to None, run_after=None
[2026-09-10T20:32:45.205+0000] {processor.py:208} INFO - Processing /opt/airflow/dags/03_parallel.py took 0.084 seconds
[2026-09-10T20:33:15.342+0000] {processor.py:186} INFO - Started process (PID=2158) to work on /opt/airflow/dags/03_parallel.py
[2026-09-10T20:33:15.343+0000] {processor.py:914} INFO - Processing file /opt/airflow/dags/03_parallel.py for tasks to queue
[2026-09-10T20:33:15.346+0000] {logging_mixin.py:190} INFO - [2026-09-10T20:33:15.345+0000] {dagbag.py:588} INFO - Filling up the DagBag from /opt/airflow/dags/03_parallel.py
[2026-09-10T20:33:15.357+0000] {processor.py:925} INFO - DAG(s) '03_parallel' retrieved from /opt/airflow/dags/03_parallel.py
[2026-09-10T20:33:15.391+0000] {logging_mixin.py:190} INFO - [2026-09-10T20:33:15.391+0000] {dag.py:3239} INFO - Sync 1 DAGs
[2026-09-10T20:33:15.408+0000] {logging_mixin.py:190} INFO - [2026-09-10T20:33:15.408+0000] {dag.py:4180} INFO - Setting next_dagrun for 03_parallel to None, run_after=None
[2026-09-10T20:33:15.427+0000] {processor.py:208} INFO - Processing /opt/airflow/dags/03_parallel.py took 0.093 seconds
[2026-09-10T20:33:45.817+0000] {processor.py:186} INFO - Started process (PID=2230) to work on /opt/airflow/dags/03_parallel.py
[2026-09-10T20:33:45.819+0000] {processor.py:914} INFO - Processing file /opt/airflow/dags/03_parallel.py for tasks to queue
[2026-09-10T20:33:45.821+0000] {logging_mixin.py:190} INFO - [2026-09-10T20:33:45.821+0000] {dagbag.py:588} INFO - Filling up the DagBag from /opt/airflow/dags/03_parallel.py
[2026-09-10T20:33:45.830+0000] {processor.py:925} INFO - DAG(s) '03_parallel' retrieved from /opt/airflow/dags/03_parallel.py
[2026-09-10T20:33:45.860+0000] {logging_mixin.py:190} INFO - [2026-09-10T20:33:45.860+0000] {dag.py:3239} INFO - Sync 1 DAGs
[2026-09-10T20:33:45.877+0000] {logging_mixin.py:190} INFO - [2026-09-10T20:33:45.877+0000] {dag.py:4180} INFO - Setting next_dagrun for 03_parallel to None, run_after=None
[2026-09-10T20:33:45.896+0000] {processor.py:208} INFO - Processing /opt/airflow/dags/03_parallel.py took 0.086 seconds
[2026-09-10T20:34:16.081+0000] {processor.py:186} INFO - Started process (PID=2300) to work on /opt/airflow/dags/03_parallel.py
[2026-09-10T20:34:16.082+0000] {processor.py:914} INFO - Processing file /opt/airflow/dags/03_parallel.py for tasks to queue
[2026-09-10T20:34:16.085+0000] {logging_mixin.py:190} INFO - [2026-09-10T20:34:16.084+0000] {dagbag.py:588} INFO - Filling up the DagBag from /opt/airflow/dags/03_parallel.py
[2026-09-10T20:34:16.092+0000] {processor.py:925} INFO - DAG(s) '03_parallel' retrieved from /opt/airflow/dags/03_parallel.py
[2026-09-10T20:34:16.125+0000] {logging_mixin.py:190} INFO - [2026-09-10T20:34:16.125+0000] {dag.py:3239} INFO - Sync 1 DAGs
[2026-09-10T20:34:16.144+0000] {logging_mixin.py:190} INFO - [2026-09-10T20:34:16.144+0000] {dag.py:4180} INFO - Setting next_dagrun for 03_parallel to None, run_after=None
[2026-09-10T20:34:16.163+0000] {processor.py:208} INFO - Processing /opt/airflow/dags/03_parallel.py took 0.088 seconds
[2026-09-10T20:34:46.237+0000] {processor.py:186} INFO - Started process (PID=2370) to work on /opt/airflow/dags/03_parallel.py
[2026-09-10T20:34:46.239+0000] {processor.py:914} INFO - Processing file /opt/airflow/dags/03_parallel.py for tasks to queue
[2026-09-10T20:34:46.241+0000] {logging_mixin.py:190} INFO - [2026-09-10T20:34:46.241+0000] {dagbag.py:588} INFO - Filling up the DagBag from /opt/airflow/dags/03_parallel.py
[2026-09-10T20:34:46.251+0000] {processor.py:925} INFO - DAG(s) '03_parallel' retrieved from /opt/airflow/dags/03_parallel.py
[2026-09-10T20:34:46.283+0000] {logging_mixin.py:190} INFO - [2026-09-10T20:34:46.283+0000] {dag.py:3239} INFO - Sync 1 DAGs
[2026-09-10T20:34:46.299+0000] {logging_mixin.py:190} INFO - [2026-09-10T20:34:46.299+0000] {dag.py:4180} INFO - Setting next_dagrun for 03_parallel to None, run_after=None
[2026-09-10T20:34:46.319+0000] {processor.py:208} INFO - Processing /opt/airflow/dags/03_parallel.py took 0.089 seconds
[2026-09-10T20:35:16.503+0000] {processor.py:186} INFO - Started process (PID=2440) to work on /opt/airflow/dags/03_parallel.py
[2026-09-10T20:35:16.504+0000] {processor.py:914} INFO - Processing file /opt/airflow/dags/03_parallel.py for tasks to queue
[2026-09-10T20:35:16.507+0000] {logging_mixin.py:190} INFO - [2026-09-10T20:35:16.506+0000] {dagbag.py:588} INFO - Filling up the DagBag from /opt/airflow/dags/03_parallel.py
[2026-09-10T20:35:16.516+0000] {processor.py:925} INFO - DAG(s) '03_parallel' retrieved from /opt/airflow/dags/03_parallel.py
[2026-09-10T20:35:16.555+0000] {logging_mixin.py:190} INFO - [2026-09-10T20:35:16.555+0000] {dag.py:3239} INFO - Sync 1 DAGs
[2026-09-10T20:35:16.574+0000] {logging_mixin.py:190} INFO - [2026-09-10T20:35:16.573+0000] {dag.py:4180} INFO - Setting next_dagrun for 03_parallel to None, run_after=None
[2026-09-10T20:35:16.593+0000] {processor.py:208} INFO - Processing /opt/airflow/dags/03_parallel.py took 0.098 seconds
[2026-09-10T20:35:46.851+0000] {processor.py:186} INFO - Started process (PID=2510) to work on /opt/airflow/dags/03_parallel.py
[2026-09-10T20:35:46.853+0000] {processor.py:914} INFO - Processing file /opt/airflow/dags/03_parallel.py for tasks to queue
[2026-09-10T20:35:46.857+0000] {logging_mixin.py:190} INFO - [2026-09-10T20:35:46.856+0000] {dagbag.py:588} INFO - Filling up the DagBag from /opt/airflow/dags/03_parallel.py
[2026-09-10T20:35:46.866+0000] {processor.py:925} INFO - DAG(s) '03_parallel' retrieved from /opt/airflow/dags/03_parallel.py
[2026-09-10T20:35:46.900+0000] {logging_mixin.py:190} INFO - [2026-09-10T20:35:46.900+0000] {dag.py:3239} INFO - Sync 1 DAGs
[2026-09-10T20:35:46.916+0000] {logging_mixin.py:190} INFO - [2026-09-10T20:35:46.916+0000] {dag.py:4180} INFO - Setting next_dagrun for 03_parallel to None, run_after=None
[2026-09-10T20:35:46.936+0000] {processor.py:208} INFO - Processing /opt/airflow/dags/03_parallel.py took 0.092 seconds
[2026-09-10T20:36:17.013+0000] {processor.py:186} INFO - Started process (PID=2580) to work on /opt/airflow/dags/03_parallel.py
[2026-09-10T20:36:17.014+0000] {processor.py:914} INFO - Processing file /opt/airflow/dags/03_parallel.py for tasks to queue
[2026-09-10T20:36:17.017+0000] {logging_mixin.py:190} INFO - [2026-09-10T20:36:17.016+0000] {dagbag.py:588} INFO - Filling up the DagBag from /opt/airflow/dags/03_parallel.py
[2026-09-10T20:36:17.026+0000] {processor.py:925} INFO - DAG(s) '03_parallel' retrieved from /opt/airflow/dags/03_parallel.py
[2026-09-10T20:36:17.055+0000] {logging_mixin.py:190} INFO - [2026-09-10T20:36:17.055+0000] {dag.py:3239} INFO - Sync 1 DAGs
[2026-09-10T20:36:17.071+0000] {logging_mixin.py:190} INFO - [2026-09-10T20:36:17.071+0000] {dag.py:4180} INFO - Setting next_dagrun for 03_parallel to None, run_after=None
[2026-09-10T20:36:17.089+0000] {processor.py:208} INFO - Processing /opt/airflow/dags/03_parallel.py took 0.086 seconds
[2026-09-10T20:36:48.112+0000] {processor.py:186} INFO - Started process (PID=2650) to work on /opt/airflow/dags/03_parallel.py
[2026-09-10T20:36:48.114+0000] {processor.py:914} INFO - Processing file /opt/airflow/dags/03_parallel.py for tasks to queue
[2026-09-10T20:36:48.117+0000] {logging_mixin.py:190} INFO - [2026-09-10T20:36:48.116+0000] {dagbag.py:588} INFO - Filling up the DagBag from /opt/airflow/dags/03_parallel.py
[2026-09-10T20:36:48.127+0000] {processor.py:925} INFO - DAG(s) '03_parallel' retrieved from /opt/airflow/dags/03_parallel.py
[2026-09-10T20:36:48.162+0000] {logging_mixin.py:190} INFO - [2026-09-10T20:36:48.162+0000] {dag.py:3239} INFO - Sync 1 DAGs
[2026-09-10T20:36:48.177+0000] {logging_mixin.py:190} INFO - [2026-09-10T20:36:48.177+0000] {dag.py:4180} INFO - Setting next_dagrun for 03_parallel to None, run_after=None
[2026-09-10T20:36:48.196+0000] {processor.py:208} INFO - Processing /opt/airflow/dags/03_parallel.py took 0.091 seconds
[2026-09-10T20:37:18.368+0000] {processor.py:186} INFO - Started process (PID=2720) to work on /opt/airflow/dags/03_parallel.py
[2026-09-10T20:37:18.369+0000] {processor.py:914} INFO - Processing file /opt/airflow/dags/03_parallel.py for tasks to queue
[2026-09-10T20:37:18.372+0000] {logging_mixin.py:190} INFO - [2026-09-10T20:37:18.372+0000] {dagbag.py:588} INFO - Filling up the DagBag from /opt/airflow/dags/03_parallel.py
[2026-09-10T20:37:18.381+0000] {processor.py:925} INFO - DAG(s) '03_parallel' retrieved from /opt/airflow/dags/03_parallel.py
[2026-09-10T20:37:18.413+0000] {logging_mixin.py:190} INFO - [2026-09-10T20:37:18.412+0000] {dag.py:3239} INFO - Sync 1 DAGs
[2026-09-10T20:37:18.428+0000] {logging_mixin.py:190} INFO - [2026-09-10T20:37:18.428+0000] {dag.py:4180} INFO - Setting next_dagrun for 03_parallel to None, run_after=None
[2026-09-10T20:37:18.448+0000] {processor.py:208} INFO - Processing /opt/airflow/dags/03_parallel.py took 0.088 seconds
[2026-09-10T20:37:48.501+0000] {processor.py:186} INFO - Started process (PID=2790) to work on /opt/airflow/dags/03_parallel.py
[2026-09-10T20:37:48.502+0000] {processor.py:914} INFO - Processing file /opt/airflow/dags/03_parallel.py for tasks to queue
[2026-09-10T20:37:48.505+0000] {logging_mixin.py:190} INFO - [2026-09-10T20:37:48.505+0000] {dagbag.py:588} INFO - Filling up the DagBag from /opt/airflow/dags/03_parallel.py
[2026-09-10T20:37:48.516+0000] {processor.py:925} INFO - DAG(s) '03_parallel' retrieved from /opt/airflow/dags/03_parallel.py
[2026-09-10T20:37:48.547+0000] {logging_mixin.py:190} INFO - [2026-09-10T20:37:48.547+0000] {dag.py:3239} INFO - Sync 1 DAGs
[2026-09-10T20:37:48.563+0000] {logging_mixin.py:190} INFO - [2026-09-10T20:37:48.563+0000] {dag.py:4180} INFO - Setting next_dagrun for 03_parallel to None, run_after=None
[2026-09-10T20:37:48.581+0000] {processor.py:208} INFO - Processing /opt/airflow/dags/03_parallel.py took 0.088 seconds
[2026-09-10T20:38:18.687+0000] {processor.py:186} INFO - Started process (PID=2860) to work on /opt/airflow/dags/03_parallel.py
[2026-09-10T20:38:18.688+0000] {processor.py:914} INFO - Processing file /opt/airflow/dags/03_parallel.py for tasks to queue
[2026-09-10T20:38:18.692+0000] {logging_mixin.py:190} INFO - [2026-09-10T20:38:18.691+0000] {dagbag.py:588} INFO - Filling up the DagBag from /opt/airflow/dags/03_parallel.py
[2026-09-10T20:38:18.706+0000] {processor.py:925} INFO - DAG(s) '03_parallel' retrieved from /opt/airflow/dags/03_parallel.py
[2026-09-10T20:38:18.741+0000] {logging_mixin.py:190} INFO - [2026-09-10T20:38:18.741+0000] {dag.py:3239} INFO - Sync 1 DAGs
[2026-09-10T20:38:18.757+0000] {logging_mixin.py:190} INFO - [2026-09-10T20:38:18.757+0000] {dag.py:4180} INFO - Setting next_dagrun for 03_parallel to None, run_after=None
[2026-09-10T20:38:18.774+0000] {processor.py:208} INFO - Processing /opt/airflow/dags/03_parallel.py took 0.096 seconds
[2026-09-10T20:38:48.830+0000] {processor.py:186} INFO - Started process (PID=2928) to work on /opt/airflow/dags/03_parallel.py
[2026-09-10T20:38:48.832+0000] {processor.py:914} INFO - Processing file /opt/airflow/dags/03_parallel.py for tasks to queue
[2026-09-10T20:38:48.835+0000] {logging_mixin.py:190} INFO - [2026-09-10T20:38:48.835+0000] {dagbag.py:588} INFO - Filling up the DagBag from /opt/airflow/dags/03_parallel.py
[2026-09-10T20:38:48.846+0000] {processor.py:925} INFO - DAG(s) '03_parallel' retrieved from /opt/airflow/dags/03_parallel.py
[2026-09-10T20:38:48.878+0000] {logging_mixin.py:190} INFO - [2026-09-10T20:38:48.878+0000] {dag.py:3239} INFO - Sync 1 DAGs
[2026-09-10T20:38:48.894+0000] {logging_mixin.py:190} INFO - [2026-09-10T20:38:48.894+0000] {dag.py:4180} INFO - Setting next_dagrun for 03_parallel to None, run_after=None
[2026-09-10T20:38:48.912+0000] {processor.py:208} INFO - Processing /opt/airflow/dags/03_parallel.py took 0.091 seconds
[2026-09-10T20:39:19.138+0000] {processor.py:186} INFO - Started process (PID=3000) to work on /opt/airflow/dags/03_parallel.py
[2026-09-10T20:39:19.139+0000] {processor.py:914} INFO - Processing file /opt/airflow/dags/03_parallel.py for tasks to queue
[2026-09-10T20:39:19.142+0000] {logging_mixin.py:190} INFO - [2026-09-10T20:39:19.141+0000] {dagbag.py:588} INFO - Filling up the DagBag from /opt/airflow/dags/03_parallel.py
[2026-09-10T20:39:19.152+0000] {processor.py:925} INFO - DAG(s) '03_parallel' retrieved from /opt/airflow/dags/03_parallel.py
[2026-09-10T20:39:19.183+0000] {logging_mixin.py:190} INFO - [2026-09-10T20:39:19.183+0000] {dag.py:3239} INFO - Sync 1 DAGs
[2026-09-10T20:39:19.200+0000] {logging_mixin.py:190} INFO - [2026-09-10T20:39:19.200+0000] {dag.py:4180} INFO - Setting next_dagrun for 03_parallel to None, run_after=None
[2026-09-10T20:39:19.228+0000] {processor.py:208} INFO - Processing /opt/airflow/dags/03_parallel.py took 0.098 seconds
[2026-09-10T20:39:49.344+0000] {processor.py:186} INFO - Started process (PID=3070) to work on /opt/airflow/dags/03_parallel.py
[2026-09-10T20:39:49.347+0000] {processor.py:914} INFO - Processing file /opt/airflow/dags/03_parallel.py for tasks to queue
[2026-09-10T20:39:49.350+0000] {logging_mixin.py:190} INFO - [2026-09-10T20:39:49.350+0000] {dagbag.py:588} INFO - Filling up the DagBag from /opt/airflow/dags/03_parallel.py
[2026-09-10T20:39:49.363+0000] {processor.py:925} INFO - DAG(s) '03_parallel' retrieved from /opt/airflow/dags/03_parallel.py
[2026-09-10T20:39:49.402+0000] {logging_mixin.py:190} INFO - [2026-09-10T20:39:49.402+0000] {dag.py:3239} INFO - Sync 1 DAGs
[2026-09-10T20:39:49.423+0000] {logging_mixin.py:190} INFO - [2026-09-10T20:39:49.423+0000] {dag.py:4180} INFO - Setting next_dagrun for 03_parallel to None, run_after=None
[2026-09-10T20:39:49.447+0000] {processor.py:208} INFO - Processing /opt/airflow/dags/03_parallel.py took 0.112 seconds
[2026-09-10T20:40:19.516+0000] {processor.py:186} INFO - Started process (PID=3138) to work on /opt/airflow/dags/03_parallel.py
[2026-09-10T20:40:19.517+0000] {processor.py:914} INFO - Processing file /opt/airflow/dags/03_parallel.py for tasks to queue
[2026-09-10T20:40:19.520+0000] {logging_mixin.py:190} INFO - [2026-09-10T20:40:19.520+0000] {dagbag.py:588} INFO - Filling up the DagBag from /opt/airflow/dags/03_parallel.py
[2026-09-10T20:40:19.533+0000] {processor.py:925} INFO - DAG(s) '03_parallel' retrieved from /opt/airflow/dags/03_parallel.py
[2026-09-10T20:40:19.574+0000] {logging_mixin.py:190} INFO - [2026-09-10T20:40:19.573+0000] {dag.py:3239} INFO - Sync 1 DAGs
[2026-09-10T20:40:19.594+0000] {logging_mixin.py:190} INFO - [2026-09-10T20:40:19.594+0000] {dag.py:4180} INFO - Setting next_dagrun for 03_parallel to None, run_after=None
[2026-09-10T20:40:19.621+0000] {processor.py:208} INFO - Processing /opt/airflow/dags/03_parallel.py took 0.116 seconds
[2026-09-10T20:40:49.825+0000] {processor.py:186} INFO - Started process (PID=3210) to work on /opt/airflow/dags/03_parallel.py
[2026-09-10T20:40:49.827+0000] {processor.py:914} INFO - Processing file /opt/airflow/dags/03_parallel.py for tasks to queue
[2026-09-10T20:40:49.830+0000] {logging_mixin.py:190} INFO - [2026-09-10T20:40:49.829+0000] {dagbag.py:588} INFO - Filling up the DagBag from /opt/airflow/dags/03_parallel.py
[2026-09-10T20:40:49.840+0000] {processor.py:925} INFO - DAG(s) '03_parallel' retrieved from /opt/airflow/dags/03_parallel.py
[2026-09-10T20:40:49.873+0000] {logging_mixin.py:190} INFO - [2026-09-10T20:40:49.872+0000] {dag.py:3239} INFO - Sync 1 DAGs
[2026-09-10T20:40:49.893+0000] {logging_mixin.py:190} INFO - [2026-09-10T20:40:49.892+0000] {dag.py:4180} INFO - Setting next_dagrun for 03_parallel to None, run_after=None
[2026-09-10T20:40:49.911+0000] {processor.py:208} INFO - Processing /opt/airflow/dags/03_parallel.py took 0.093 seconds
[2026-09-10T20:41:20.128+0000] {processor.py:186} INFO - Started process (PID=3280) to work on /opt/airflow/dags/03_parallel.py
[2026-09-10T20:41:20.129+0000] {processor.py:914} INFO - Processing file /opt/airflow/dags/03_parallel.py for tasks to queue
[2026-09-10T20:41:20.132+0000] {logging_mixin.py:190} INFO - [2026-09-10T20:41:20.132+0000] {dagbag.py:588} INFO - Filling up the DagBag from /opt/airflow/dags/03_parallel.py
[2026-09-10T20:41:20.189+0000] {processor.py:925} INFO - DAG(s) '03_parallel' retrieved from /opt/airflow/dags/03_parallel.py
[2026-09-10T20:41:20.253+0000] {logging_mixin.py:190} INFO - [2026-09-10T20:41:20.253+0000] {dag.py:3239} INFO - Sync 1 DAGs
[2026-09-10T20:41:20.275+0000] {logging_mixin.py:190} INFO - [2026-09-10T20:41:20.275+0000] {dag.py:4180} INFO - Setting next_dagrun for 03_parallel to None, run_after=None
[2026-09-10T20:41:20.298+0000] {processor.py:208} INFO - Processing /opt/airflow/dags/03_parallel.py took 0.183 seconds
[2026-09-10T20:41:51.202+0000] {processor.py:186} INFO - Started process (PID=3350) to work on /opt/airflow/dags/03_parallel.py
[2026-09-10T20:41:51.204+0000] {processor.py:914} INFO - Processing file /opt/airflow/dags/03_parallel.py for tasks to queue
[2026-09-10T20:41:51.207+0000] {logging_mixin.py:190} INFO - [2026-09-10T20:41:51.207+0000] {dagbag.py:588} INFO - Filling up the DagBag from /opt/airflow/dags/03_parallel.py
[2026-09-10T20:41:51.217+0000] {processor.py:925} INFO - DAG(s) '03_parallel' retrieved from /opt/airflow/dags/03_parallel.py
[2026-09-10T20:41:51.250+0000] {logging_mixin.py:190} INFO - [2026-09-10T20:41:51.250+0000] {dag.py:3239} INFO - Sync 1 DAGs
[2026-09-10T20:41:51.265+0000] {logging_mixin.py:190} INFO - [2026-09-10T20:41:51.265+0000] {dag.py:4180} INFO - Setting next_dagrun for 03_parallel to None, run_after=None
[2026-09-10T20:41:51.284+0000] {processor.py:208} INFO - Processing /opt/airflow/dags/03_parallel.py took 0.090 seconds
[2026-09-10T20:42:21.338+0000] {processor.py:186} INFO - Started process (PID=3420) to work on /opt/airflow/dags/03_parallel.py
[2026-09-10T20:42:21.339+0000] {processor.py:914} INFO - Processing file /opt/airflow/dags/03_parallel.py for tasks to queue
[2026-09-10T20:42:21.341+0000] {logging_mixin.py:190} INFO - [2026-09-10T20:42:21.341+0000] {dagbag.py:588} INFO - Filling up the DagBag from /opt/airflow/dags/03_parallel.py
[2026-09-10T20:42:21.351+0000] {processor.py:925} INFO - DAG(s) '03_parallel' retrieved from /opt/airflow/dags/03_parallel.py
[2026-09-10T20:42:21.384+0000] {logging_mixin.py:190} INFO - [2026-09-10T20:42:21.384+0000] {dag.py:3239} INFO - Sync 1 DAGs
[2026-09-10T20:42:21.401+0000] {logging_mixin.py:190} INFO - [2026-09-10T20:42:21.400+0000] {dag.py:4180} INFO - Setting next_dagrun for 03_parallel to None, run_after=None
[2026-09-10T20:42:21.420+0000] {processor.py:208} INFO - Processing /opt/airflow/dags/03_parallel.py took 0.090 seconds
[2026-09-10T20:42:51.486+0000] {processor.py:186} INFO - Started process (PID=3490) to work on /opt/airflow/dags/03_parallel.py
[2026-09-10T20:42:51.487+0000] {processor.py:914} INFO - Processing file /opt/airflow/dags/03_parallel.py for tasks to queue
[2026-09-10T20:42:51.490+0000] {logging_mixin.py:190} INFO - [2026-09-10T20:42:51.490+0000] {dagbag.py:588} INFO - Filling up the DagBag from /opt/airflow/dags/03_parallel.py
[2026-09-10T20:42:51.500+0000] {processor.py:925} INFO - DAG(s) '03_parallel' retrieved from /opt/airflow/dags/03_parallel.py
[2026-09-10T20:42:51.529+0000] {logging_mixin.py:190} INFO - [2026-09-10T20:42:51.528+0000] {dag.py:3239} INFO - Sync 1 DAGs
[2026-09-10T20:42:51.544+0000] {logging_mixin.py:190} INFO - [2026-09-10T20:42:51.544+0000] {dag.py:4180} INFO - Setting next_dagrun for 03_parallel to None, run_after=None
[2026-09-10T20:42:51.561+0000] {processor.py:208} INFO - Processing /opt/airflow/dags/03_parallel.py took 0.083 seconds
[2026-09-10T20:43:21.755+0000] {processor.py:186} INFO - Started process (PID=3560) to work on /opt/airflow/dags/03_parallel.py
[2026-09-10T20:43:21.757+0000] {processor.py:914} INFO - Processing file /opt/airflow/dags/03_parallel.py for tasks to queue
[2026-09-10T20:43:21.760+0000] {logging_mixin.py:190} INFO - [2026-09-10T20:43:21.760+0000] {dagbag.py:588} INFO - Filling up the DagBag from /opt/airflow/dags/03_parallel.py
[2026-09-10T20:43:21.770+0000] {processor.py:925} INFO - DAG(s) '03_parallel' retrieved from /opt/airflow/dags/03_parallel.py
[2026-09-10T20:43:21.821+0000] {logging_mixin.py:190} INFO - [2026-09-10T20:43:21.820+0000] {dag.py:3239} INFO - Sync 1 DAGs
[2026-09-10T20:43:21.838+0000] {logging_mixin.py:190} INFO - [2026-09-10T20:43:21.838+0000] {dag.py:4180} INFO - Setting next_dagrun for 03_parallel to None, run_after=None
[2026-09-10T20:43:21.856+0000] {processor.py:208} INFO - Processing /opt/airflow/dags/03_parallel.py took 0.110 seconds
[2026-09-10T20:43:52.001+0000] {processor.py:186} INFO - Started process (PID=3630) to work on /opt/airflow/dags/03_parallel.py
[2026-09-10T20:43:52.002+0000] {processor.py:914} INFO - Processing file /opt/airflow/dags/03_parallel.py for tasks to queue
[2026-09-10T20:43:52.004+0000] {logging_mixin.py:190} INFO - [2026-09-10T20:43:52.004+0000] {dagbag.py:588} INFO - Filling up the DagBag from /opt/airflow/dags/03_parallel.py
[2026-09-10T20:43:52.016+0000] {processor.py:925} INFO - DAG(s) '03_parallel' retrieved from /opt/airflow/dags/03_parallel.py
[2026-09-10T20:43:52.055+0000] {logging_mixin.py:190} INFO - [2026-09-10T20:43:52.055+0000] {dag.py:3239} INFO - Sync 1 DAGs
[2026-09-10T20:43:52.077+0000] {logging_mixin.py:190} INFO - [2026-09-10T20:43:52.077+0000] {dag.py:4180} INFO - Setting next_dagrun for 03_parallel to None, run_after=None
[2026-09-10T20:43:52.117+0000] {processor.py:208} INFO - Processing /opt/airflow/dags/03_parallel.py took 0.124 seconds
[2026-09-10T20:44:22.198+0000] {processor.py:186} INFO - Started process (PID=3700) to work on /opt/airflow/dags/03_parallel.py
[2026-09-10T20:44:22.199+0000] {processor.py:914} INFO - Processing file /opt/airflow/dags/03_parallel.py for tasks to queue
[2026-09-10T20:44:22.202+0000] {logging_mixin.py:190} INFO - [2026-09-10T20:44:22.202+0000] {dagbag.py:588} INFO - Filling up the DagBag from /opt/airflow/dags/03_parallel.py
[2026-09-10T20:44:22.213+0000] {processor.py:925} INFO - DAG(s) '03_parallel' retrieved from /opt/airflow/dags/03_parallel.py
[2026-09-10T20:44:22.249+0000] {logging_mixin.py:190} INFO - [2026-09-10T20:44:22.249+0000] {dag.py:3239} INFO - Sync 1 DAGs
[2026-09-10T20:44:22.265+0000] {logging_mixin.py:190} INFO - [2026-09-10T20:44:22.265+0000] {dag.py:4180} INFO - Setting next_dagrun for 03_parallel to None, run_after=None
[2026-09-10T20:44:22.286+0000] {processor.py:208} INFO - Processing /opt/airflow/dags/03_parallel.py took 0.097 seconds
[2026-09-10T20:44:53.232+0000] {processor.py:186} INFO - Started process (PID=3770) to work on /opt/airflow/dags/03_parallel.py
[2026-09-10T20:44:53.234+0000] {processor.py:914} INFO - Processing file /opt/airflow/dags/03_parallel.py for tasks to queue
[2026-09-10T20:44:53.237+0000] {logging_mixin.py:190} INFO - [2026-09-10T20:44:53.237+0000] {dagbag.py:588} INFO - Filling up the DagBag from /opt/airflow/dags/03_parallel.py
[2026-09-10T20:44:53.251+0000] {processor.py:925} INFO - DAG(s) '03_parallel' retrieved from /opt/airflow/dags/03_parallel.py
[2026-09-10T20:44:53.290+0000] {logging_mixin.py:190} INFO - [2026-09-10T20:44:53.290+0000] {dag.py:3239} INFO - Sync 1 DAGs
[2026-09-10T20:44:53.313+0000] {logging_mixin.py:190} INFO - [2026-09-10T20:44:53.313+0000] {dag.py:4180} INFO - Setting next_dagrun for 03_parallel to None, run_after=None
[2026-09-10T20:44:53.337+0000] {processor.py:208} INFO - Processing /opt/airflow/dags/03_parallel.py took 0.117 seconds
[2026-09-10T20:45:23.522+0000] {processor.py:186} INFO - Started process (PID=3840) to work on /opt/airflow/dags/03_parallel.py
[2026-09-10T20:45:23.524+0000] {processor.py:914} INFO - Processing file /opt/airflow/dags/03_parallel.py for tasks to queue
[2026-09-10T20:45:23.527+0000] {logging_mixin.py:190} INFO - [2026-09-10T20:45:23.527+0000] {dagbag.py:588} INFO - Filling up the DagBag from /opt/airflow/dags/03_parallel.py
[2026-09-10T20:45:23.537+0000] {processor.py:925} INFO - DAG(s) '03_parallel' retrieved from /opt/airflow/dags/03_parallel.py
[2026-09-10T20:45:23.569+0000] {logging_mixin.py:190} INFO - [2026-09-10T20:45:23.569+0000] {dag.py:3239} INFO - Sync 1 DAGs
[2026-09-10T20:45:23.585+0000] {logging_mixin.py:190} INFO - [2026-09-10T20:45:23.585+0000] {dag.py:4180} INFO - Setting next_dagrun for 03_parallel to None, run_after=None
[2026-09-10T20:45:23.603+0000] {processor.py:208} INFO - Processing /opt/airflow/dags/03_parallel.py took 0.092 seconds
[2026-09-10T20:45:53.690+0000] {processor.py:186} INFO - Started process (PID=3934) to work on /opt/airflow/dags/03_parallel.py
[2026-09-10T20:45:53.691+0000] {processor.py:914} INFO - Processing file /opt/airflow/dags/03_parallel.py for tasks to queue
[2026-09-10T20:45:53.693+0000] {logging_mixin.py:190} INFO - [2026-09-10T20:45:53.693+0000] {dagbag.py:588} INFO - Filling up the DagBag from /opt/airflow/dags/03_parallel.py
[2026-09-10T20:45:53.703+0000] {processor.py:925} INFO - DAG(s) '03_parallel' retrieved from /opt/airflow/dags/03_parallel.py
[2026-09-10T20:45:53.734+0000] {logging_mixin.py:190} INFO - [2026-09-10T20:45:53.734+0000] {dag.py:3239} INFO - Sync 1 DAGs
[2026-09-10T20:45:53.750+0000] {logging_mixin.py:190} INFO - [2026-09-10T20:45:53.750+0000] {dag.py:4180} INFO - Setting next_dagrun for 03_parallel to None, run_after=None
[2026-09-10T20:45:53.769+0000] {processor.py:208} INFO - Processing /opt/airflow/dags/03_parallel.py took 0.087 seconds
[2026-09-10T20:46:23.831+0000] {processor.py:186} INFO - Started process (PID=4004) to work on /opt/airflow/dags/03_parallel.py
[2026-09-10T20:46:23.833+0000] {processor.py:914} INFO - Processing file /opt/airflow/dags/03_parallel.py for tasks to queue
[2026-09-10T20:46:23.835+0000] {logging_mixin.py:190} INFO - [2026-09-10T20:46:23.835+0000] {dagbag.py:588} INFO - Filling up the DagBag from /opt/airflow/dags/03_parallel.py
[2026-09-10T20:46:23.843+0000] {processor.py:925} INFO - DAG(s) '03_parallel' retrieved from /opt/airflow/dags/03_parallel.py
[2026-09-10T20:46:23.876+0000] {logging_mixin.py:190} INFO - [2026-09-10T20:46:23.876+0000] {dag.py:3239} INFO - Sync 1 DAGs
[2026-09-10T20:46:23.892+0000] {logging_mixin.py:190} INFO - [2026-09-10T20:46:23.892+0000] {dag.py:4180} INFO - Setting next_dagrun for 03_parallel to None, run_after=None
[2026-09-10T20:46:23.913+0000] {processor.py:208} INFO - Processing /opt/airflow/dags/03_parallel.py took 0.088 seconds
[2026-09-10T20:46:54.032+0000] {processor.py:186} INFO - Started process (PID=4074) to work on /opt/airflow/dags/03_parallel.py
[2026-09-10T20:46:54.032+0000] {processor.py:914} INFO - Processing file /opt/airflow/dags/03_parallel.py for tasks to queue
[2026-09-10T20:46:54.035+0000] {logging_mixin.py:190} INFO - [2026-09-10T20:46:54.034+0000] {dagbag.py:588} INFO - Filling up the DagBag from /opt/airflow/dags/03_parallel.py
[2026-09-10T20:46:54.044+0000] {processor.py:925} INFO - DAG(s) '03_parallel' retrieved from /opt/airflow/dags/03_parallel.py
[2026-09-10T20:46:54.074+0000] {logging_mixin.py:190} INFO - [2026-09-10T20:46:54.074+0000] {dag.py:3239} INFO - Sync 1 DAGs
[2026-09-10T20:46:54.091+0000] {logging_mixin.py:190} INFO - [2026-09-10T20:46:54.090+0000] {dag.py:4180} INFO - Setting next_dagrun for 03_parallel to None, run_after=None
[2026-09-10T20:46:54.110+0000] {processor.py:208} INFO - Processing /opt/airflow/dags/03_parallel.py took 0.086 seconds
[2026-09-10T20:47:24.255+0000] {processor.py:186} INFO - Started process (PID=4144) to work on /opt/airflow/dags/03_parallel.py
[2026-09-10T20:47:24.256+0000] {processor.py:914} INFO - Processing file /opt/airflow/dags/03_parallel.py for tasks to queue
[2026-09-10T20:47:24.259+0000] {logging_mixin.py:190} INFO - [2026-09-10T20:47:24.259+0000] {dagbag.py:588} INFO - Filling up the DagBag from /opt/airflow/dags/03_parallel.py
[2026-09-10T20:47:24.269+0000] {processor.py:925} INFO - DAG(s) '03_parallel' retrieved from /opt/airflow/dags/03_parallel.py
[2026-09-10T20:47:24.300+0000] {logging_mixin.py:190} INFO - [2026-09-10T20:47:24.300+0000] {dag.py:3239} INFO - Sync 1 DAGs
[2026-09-10T20:47:24.315+0000] {logging_mixin.py:190} INFO - [2026-09-10T20:47:24.315+0000] {dag.py:4180} INFO - Setting next_dagrun for 03_parallel to None, run_after=None
[2026-09-10T20:47:24.332+0000] {processor.py:208} INFO - Processing /opt/airflow/dags/03_parallel.py took 0.085 seconds
[2026-09-10T20:47:54.429+0000] {processor.py:186} INFO - Started process (PID=4214) to work on /opt/airflow/dags/03_parallel.py
[2026-09-10T20:47:54.430+0000] {processor.py:914} INFO - Processing file /opt/airflow/dags/03_parallel.py for tasks to queue
[2026-09-10T20:47:54.432+0000] {logging_mixin.py:190} INFO - [2026-09-10T20:47:54.432+0000] {dagbag.py:588} INFO - Filling up the DagBag from /opt/airflow/dags/03_parallel.py
[2026-09-10T20:47:54.442+0000] {processor.py:925} INFO - DAG(s) '03_parallel' retrieved from /opt/airflow/dags/03_parallel.py
[2026-09-10T20:47:54.471+0000] {logging_mixin.py:190} INFO - [2026-09-10T20:47:54.471+0000] {dag.py:3239} INFO - Sync 1 DAGs
[2026-09-10T20:47:54.485+0000] {logging_mixin.py:190} INFO - [2026-09-10T20:47:54.485+0000] {dag.py:4180} INFO - Setting next_dagrun for 03_parallel to None, run_after=None
[2026-09-10T20:47:54.503+0000] {processor.py:208} INFO - Processing /opt/airflow/dags/03_parallel.py took 0.082 seconds
[2026-09-10T20:48:24.689+0000] {processor.py:186} INFO - Started process (PID=4284) to work on /opt/airflow/dags/03_parallel.py
[2026-09-10T20:48:24.690+0000] {processor.py:914} INFO - Processing file /opt/airflow/dags/03_parallel.py for tasks to queue
[2026-09-10T20:48:24.693+0000] {logging_mixin.py:190} INFO - [2026-09-10T20:48:24.693+0000] {dagbag.py:588} INFO - Filling up the DagBag from /opt/airflow/dags/03_parallel.py
[2026-09-10T20:48:24.702+0000] {processor.py:925} INFO - DAG(s) '03_parallel' retrieved from /opt/airflow/dags/03_parallel.py
[2026-09-10T20:48:24.732+0000] {logging_mixin.py:190} INFO - [2026-09-10T20:48:24.732+0000] {dag.py:3239} INFO - Sync 1 DAGs
[2026-09-10T20:48:24.748+0000] {logging_mixin.py:190} INFO - [2026-09-10T20:48:24.748+0000] {dag.py:4180} INFO - Setting next_dagrun for 03_parallel to None, run_after=None
[2026-09-10T20:48:24.768+0000] {processor.py:208} INFO - Processing /opt/airflow/dags/03_parallel.py took 0.087 seconds
[2026-09-10T20:48:54.885+0000] {processor.py:186} INFO - Started process (PID=4354) to work on /opt/airflow/dags/03_parallel.py
[2026-09-10T20:48:54.886+0000] {processor.py:914} INFO - Processing file /opt/airflow/dags/03_parallel.py for tasks to queue
[2026-09-10T20:48:54.889+0000] {logging_mixin.py:190} INFO - [2026-09-10T20:48:54.888+0000] {dagbag.py:588} INFO - Filling up the DagBag from /opt/airflow/dags/03_parallel.py
[2026-09-10T20:48:54.898+0000] {processor.py:925} INFO - DAG(s) '03_parallel' retrieved from /opt/airflow/dags/03_parallel.py
[2026-09-10T20:48:54.930+0000] {logging_mixin.py:190} INFO - [2026-09-10T20:48:54.930+0000] {dag.py:3239} INFO - Sync 1 DAGs
[2026-09-10T20:48:54.946+0000] {logging_mixin.py:190} INFO - [2026-09-10T20:48:54.946+0000] {dag.py:4180} INFO - Setting next_dagrun for 03_parallel to None, run_after=None
[2026-09-10T20:48:54.965+0000] {processor.py:208} INFO - Processing /opt/airflow/dags/03_parallel.py took 0.087 seconds
[2026-09-10T20:49:25.919+0000] {processor.py:186} INFO - Started process (PID=4422) to work on /opt/airflow/dags/03_parallel.py
[2026-09-10T20:49:25.920+0000] {processor.py:914} INFO - Processing file /opt/airflow/dags/03_parallel.py for tasks to queue
[2026-09-10T20:49:25.923+0000] {logging_mixin.py:190} INFO - [2026-09-10T20:49:25.922+0000] {dagbag.py:588} INFO - Filling up the DagBag from /opt/airflow/dags/03_parallel.py
[2026-09-10T20:49:25.932+0000] {processor.py:925} INFO - DAG(s) '03_parallel' retrieved from /opt/airflow/dags/03_parallel.py
[2026-09-10T20:49:25.964+0000] {logging_mixin.py:190} INFO - [2026-09-10T20:49:25.964+0000] {dag.py:3239} INFO - Sync 1 DAGs
[2026-09-10T20:49:25.981+0000] {logging_mixin.py:190} INFO - [2026-09-10T20:49:25.981+0000] {dag.py:4180} INFO - Setting next_dagrun for 03_parallel to None, run_after=None
[2026-09-10T20:49:26.000+0000] {processor.py:208} INFO - Processing /opt/airflow/dags/03_parallel.py took 0.089 seconds
[2026-09-10T20:49:56.277+0000] {processor.py:186} INFO - Started process (PID=4494) to work on /opt/airflow/dags/03_parallel.py
[2026-09-10T20:49:56.278+0000] {processor.py:914} INFO - Processing file /opt/airflow/dags/03_parallel.py for tasks to queue
[2026-09-10T20:49:56.280+0000] {logging_mixin.py:190} INFO - [2026-09-10T20:49:56.280+0000] {dagbag.py:588} INFO - Filling up the DagBag from /opt/airflow/dags/03_parallel.py
[2026-09-10T20:49:56.290+0000] {processor.py:925} INFO - DAG(s) '03_parallel' retrieved from /opt/airflow/dags/03_parallel.py
[2026-09-10T20:49:56.319+0000] {logging_mixin.py:190} INFO - [2026-09-10T20:49:56.319+0000] {dag.py:3239} INFO - Sync 1 DAGs
[2026-09-10T20:49:56.333+0000] {logging_mixin.py:190} INFO - [2026-09-10T20:49:56.333+0000] {dag.py:4180} INFO - Setting next_dagrun for 03_parallel to None, run_after=None
[2026-09-10T20:49:56.350+0000] {processor.py:208} INFO - Processing /opt/airflow/dags/03_parallel.py took 0.081 seconds
[2026-09-10T20:50:26.414+0000] {processor.py:186} INFO - Started process (PID=4562) to work on /opt/airflow/dags/03_parallel.py
[2026-09-10T20:50:26.416+0000] {processor.py:914} INFO - Processing file /opt/airflow/dags/03_parallel.py for tasks to queue
[2026-09-10T20:50:26.418+0000] {logging_mixin.py:190} INFO - [2026-09-10T20:50:26.418+0000] {dagbag.py:588} INFO - Filling up the DagBag from /opt/airflow/dags/03_parallel.py
[2026-09-10T20:50:26.429+0000] {processor.py:925} INFO - DAG(s) '03_parallel' retrieved from /opt/airflow/dags/03_parallel.py
[2026-09-10T20:50:26.459+0000] {logging_mixin.py:190} INFO - [2026-09-10T20:50:26.459+0000] {dag.py:3239} INFO - Sync 1 DAGs
[2026-09-10T20:50:26.475+0000] {logging_mixin.py:190} INFO - [2026-09-10T20:50:26.475+0000] {dag.py:4180} INFO - Setting next_dagrun for 03_parallel to None, run_after=None
[2026-09-10T20:50:26.493+0000] {processor.py:208} INFO - Processing /opt/airflow/dags/03_parallel.py took 0.087 seconds
[2026-09-10T20:50:56.567+0000] {processor.py:186} INFO - Started process (PID=4632) to work on /opt/airflow/dags/03_parallel.py
[2026-09-10T20:50:56.568+0000] {processor.py:914} INFO - Processing file /opt/airflow/dags/03_parallel.py for tasks to queue
[2026-09-10T20:50:56.570+0000] {logging_mixin.py:190} INFO - [2026-09-10T20:50:56.570+0000] {dagbag.py:588} INFO - Filling up the DagBag from /opt/airflow/dags/03_parallel.py
[2026-09-10T20:50:56.581+0000] {processor.py:925} INFO - DAG(s) '03_parallel' retrieved from /opt/airflow/dags/03_parallel.py
[2026-09-10T20:50:56.613+0000] {logging_mixin.py:190} INFO - [2026-09-10T20:50:56.613+0000] {dag.py:3239} INFO - Sync 1 DAGs
[2026-09-10T20:50:56.633+0000] {logging_mixin.py:190} INFO - [2026-09-10T20:50:56.632+0000] {dag.py:4180} INFO - Setting next_dagrun for 03_parallel to None, run_after=None
[2026-09-10T20:50:56.652+0000] {processor.py:208} INFO - Processing /opt/airflow/dags/03_parallel.py took 0.094 seconds
[2026-09-10T20:51:26.853+0000] {processor.py:186} INFO - Started process (PID=4704) to work on /opt/airflow/dags/03_parallel.py
[2026-09-10T20:51:26.855+0000] {processor.py:914} INFO - Processing file /opt/airflow/dags/03_parallel.py for tasks to queue
[2026-09-10T20:51:26.857+0000] {logging_mixin.py:190} INFO - [2026-09-10T20:51:26.857+0000] {dagbag.py:588} INFO - Filling up the DagBag from /opt/airflow/dags/03_parallel.py
[2026-09-10T20:51:26.864+0000] {processor.py:925} INFO - DAG(s) '03_parallel' retrieved from /opt/airflow/dags/03_parallel.py
[2026-09-10T20:51:26.895+0000] {logging_mixin.py:190} INFO - [2026-09-10T20:51:26.895+0000] {dag.py:3239} INFO - Sync 1 DAGs
[2026-09-10T20:51:26.909+0000] {logging_mixin.py:190} INFO - [2026-09-10T20:51:26.909+0000] {dag.py:4180} INFO - Setting next_dagrun for 03_parallel to None, run_after=None
[2026-09-10T20:51:26.927+0000] {processor.py:208} INFO - Processing /opt/airflow/dags/03_parallel.py took 0.080 seconds
[2026-09-10T20:51:57.094+0000] {processor.py:186} INFO - Started process (PID=4774) to work on /opt/airflow/dags/03_parallel.py
[2026-09-10T20:51:57.095+0000] {processor.py:914} INFO - Processing file /opt/airflow/dags/03_parallel.py for tasks to queue
[2026-09-10T20:51:57.097+0000] {logging_mixin.py:190} INFO - [2026-09-10T20:51:57.097+0000] {dagbag.py:588} INFO - Filling up the DagBag from /opt/airflow/dags/03_parallel.py
[2026-09-10T20:51:57.107+0000] {processor.py:925} INFO - DAG(s) '03_parallel' retrieved from /opt/airflow/dags/03_parallel.py
[2026-09-10T20:51:57.137+0000] {logging_mixin.py:190} INFO - [2026-09-10T20:51:57.137+0000] {dag.py:3239} INFO - Sync 1 DAGs
[2026-09-10T20:51:57.157+0000] {logging_mixin.py:190} INFO - [2026-09-10T20:51:57.157+0000] {dag.py:4180} INFO - Setting next_dagrun for 03_parallel to None, run_after=None
[2026-09-10T20:51:57.176+0000] {processor.py:208} INFO - Processing /opt/airflow/dags/03_parallel.py took 0.090 seconds
[2026-09-10T20:52:27.269+0000] {processor.py:186} INFO - Started process (PID=4844) to work on /opt/airflow/dags/03_parallel.py
[2026-09-10T20:52:27.271+0000] {processor.py:914} INFO - Processing file /opt/airflow/dags/03_parallel.py for tasks to queue
[2026-09-10T20:52:27.274+0000] {logging_mixin.py:190} INFO - [2026-09-10T20:52:27.273+0000] {dagbag.py:588} INFO - Filling up the DagBag from /opt/airflow/dags/03_parallel.py
[2026-09-10T20:52:27.284+0000] {processor.py:925} INFO - DAG(s) '03_parallel' retrieved from /opt/airflow/dags/03_parallel.py
[2026-09-10T20:52:27.316+0000] {logging_mixin.py:190} INFO - [2026-09-10T20:52:27.316+0000] {dag.py:3239} INFO - Sync 1 DAGs
[2026-09-10T20:52:27.335+0000] {logging_mixin.py:190} INFO - [2026-09-10T20:52:27.335+0000] {dag.py:4180} INFO - Setting next_dagrun for 03_parallel to None, run_after=None
[2026-09-10T20:52:27.355+0000] {processor.py:208} INFO - Processing /opt/airflow/dags/03_parallel.py took 0.094 seconds
[2026-09-10T20:52:57.501+0000] {processor.py:186} INFO - Started process (PID=4914) to work on /opt/airflow/dags/03_parallel.py
[2026-09-10T20:52:57.502+0000] {processor.py:914} INFO - Processing file /opt/airflow/dags/03_parallel.py for tasks to queue
[2026-09-10T20:52:57.505+0000] {logging_mixin.py:190} INFO - [2026-09-10T20:52:57.504+0000] {dagbag.py:588} INFO - Filling up the DagBag from /opt/airflow/dags/03_parallel.py
[2026-09-10T20:52:57.517+0000] {processor.py:925} INFO - DAG(s) '03_parallel' retrieved from /opt/airflow/dags/03_parallel.py
[2026-09-10T20:52:57.549+0000] {logging_mixin.py:190} INFO - [2026-09-10T20:52:57.549+0000] {dag.py:3239} INFO - Sync 1 DAGs
[2026-09-10T20:52:57.566+0000] {logging_mixin.py:190} INFO - [2026-09-10T20:52:57.565+0000] {dag.py:4180} INFO - Setting next_dagrun for 03_parallel to None, run_after=None
[2026-09-10T20:52:57.585+0000] {processor.py:208} INFO - Processing /opt/airflow/dags/03_parallel.py took 0.091 seconds
[2026-09-10T20:53:27.659+0000] {processor.py:186} INFO - Started process (PID=4984) to work on /opt/airflow/dags/03_parallel.py
[2026-09-10T20:53:27.660+0000] {processor.py:914} INFO - Processing file /opt/airflow/dags/03_parallel.py for tasks to queue
[2026-09-10T20:53:27.663+0000] {logging_mixin.py:190} INFO - [2026-09-10T20:53:27.663+0000] {dagbag.py:588} INFO - Filling up the DagBag from /opt/airflow/dags/03_parallel.py
[2026-09-10T20:53:27.672+0000] {processor.py:925} INFO - DAG(s) '03_parallel' retrieved from /opt/airflow/dags/03_parallel.py
[2026-09-10T20:53:27.703+0000] {logging_mixin.py:190} INFO - [2026-09-10T20:53:27.703+0000] {dag.py:3239} INFO - Sync 1 DAGs
[2026-09-10T20:53:27.719+0000] {logging_mixin.py:190} INFO - [2026-09-10T20:53:27.718+0000] {dag.py:4180} INFO - Setting next_dagrun for 03_parallel to None, run_after=None
[2026-09-10T20:53:27.738+0000] {processor.py:208} INFO - Processing /opt/airflow/dags/03_parallel.py took 0.090 seconds
[2026-09-10T20:53:57.900+0000] {processor.py:186} INFO - Started process (PID=5054) to work on /opt/airflow/dags/03_parallel.py
[2026-09-10T20:53:57.901+0000] {processor.py:914} INFO - Processing file /opt/airflow/dags/03_parallel.py for tasks to queue
[2026-09-10T20:53:57.904+0000] {logging_mixin.py:190} INFO - [2026-09-10T20:53:57.903+0000] {dagbag.py:588} INFO - Filling up the DagBag from /opt/airflow/dags/03_parallel.py
[2026-09-10T20:53:57.918+0000] {processor.py:925} INFO - DAG(s) '03_parallel' retrieved from /opt/airflow/dags/03_parallel.py
[2026-09-10T20:53:57.950+0000] {logging_mixin.py:190} INFO - [2026-09-10T20:53:57.950+0000] {dag.py:3239} INFO - Sync 1 DAGs
[2026-09-10T20:53:57.967+0000] {logging_mixin.py:190} INFO - [2026-09-10T20:53:57.967+0000] {dag.py:4180} INFO - Setting next_dagrun for 03_parallel to None, run_after=None
[2026-09-10T20:53:57.988+0000] {processor.py:208} INFO - Processing /opt/airflow/dags/03_parallel.py took 0.097 seconds
[2026-09-10T20:54:28.220+0000] {processor.py:186} INFO - Started process (PID=5124) to work on /opt/airflow/dags/03_parallel.py
[2026-09-10T20:54:28.221+0000] {processor.py:914} INFO - Processing file /opt/airflow/dags/03_parallel.py for tasks to queue
[2026-09-10T20:54:28.224+0000] {logging_mixin.py:190} INFO - [2026-09-10T20:54:28.223+0000] {dagbag.py:588} INFO - Filling up the DagBag from /opt/airflow/dags/03_parallel.py
[2026-09-10T20:54:28.233+0000] {processor.py:925} INFO - DAG(s) '03_parallel' retrieved from /opt/airflow/dags/03_parallel.py
[2026-09-10T20:54:28.267+0000] {logging_mixin.py:190} INFO - [2026-09-10T20:54:28.267+0000] {dag.py:3239} INFO - Sync 1 DAGs
[2026-09-10T20:54:28.284+0000] {logging_mixin.py:190} INFO - [2026-09-10T20:54:28.284+0000] {dag.py:4180} INFO - Setting next_dagrun for 03_parallel to None, run_after=None
[2026-09-10T20:54:28.304+0000] {processor.py:208} INFO - Processing /opt/airflow/dags/03_parallel.py took 0.094 seconds
[2026-09-10T20:54:58.367+0000] {processor.py:186} INFO - Started process (PID=5194) to work on /opt/airflow/dags/03_parallel.py
[2026-09-10T20:54:58.368+0000] {processor.py:914} INFO - Processing file /opt/airflow/dags/03_parallel.py for tasks to queue
[2026-09-10T20:54:58.371+0000] {logging_mixin.py:190} INFO - [2026-09-10T20:54:58.370+0000] {dagbag.py:588} INFO - Filling up the DagBag from /opt/airflow/dags/03_parallel.py
[2026-09-10T20:54:58.381+0000] {processor.py:925} INFO - DAG(s) '03_parallel' retrieved from /opt/airflow/dags/03_parallel.py
[2026-09-10T20:54:58.422+0000] {logging_mixin.py:190} INFO - [2026-09-10T20:54:58.422+0000] {dag.py:3239} INFO - Sync 1 DAGs
[2026-09-10T20:54:58.438+0000] {logging_mixin.py:190} INFO - [2026-09-10T20:54:58.438+0000] {dag.py:4180} INFO - Setting next_dagrun for 03_parallel to None, run_after=None
[2026-09-10T20:54:58.458+0000] {processor.py:208} INFO - Processing /opt/airflow/dags/03_parallel.py took 0.099 seconds
[2026-09-10T20:55:28.635+0000] {processor.py:186} INFO - Started process (PID=5264) to work on /opt/airflow/dags/03_parallel.py
[2026-09-10T20:55:28.637+0000] {processor.py:914} INFO - Processing file /opt/airflow/dags/03_parallel.py for tasks to queue
[2026-09-10T20:55:28.639+0000] {logging_mixin.py:190} INFO - [2026-09-10T20:55:28.639+0000] {dagbag.py:588} INFO - Filling up the DagBag from /opt/airflow/dags/03_parallel.py
[2026-09-10T20:55:28.650+0000] {processor.py:925} INFO - DAG(s) '03_parallel' retrieved from /opt/airflow/dags/03_parallel.py
[2026-09-10T20:55:28.682+0000] {logging_mixin.py:190} INFO - [2026-09-10T20:55:28.682+0000] {dag.py:3239} INFO - Sync 1 DAGs
[2026-09-10T20:55:28.698+0000] {logging_mixin.py:190} INFO - [2026-09-10T20:55:28.698+0000] {dag.py:4180} INFO - Setting next_dagrun for 03_parallel to None, run_after=None
[2026-09-10T20:55:28.717+0000] {processor.py:208} INFO - Processing /opt/airflow/dags/03_parallel.py took 0.090 seconds
[2026-09-10T20:55:58.777+0000] {processor.py:186} INFO - Started process (PID=5334) to work on /opt/airflow/dags/03_parallel.py
[2026-09-10T20:55:58.777+0000] {processor.py:914} INFO - Processing file /opt/airflow/dags/03_parallel.py for tasks to queue
[2026-09-10T20:55:58.780+0000] {logging_mixin.py:190} INFO - [2026-09-10T20:55:58.780+0000] {dagbag.py:588} INFO - Filling up the DagBag from /opt/airflow/dags/03_parallel.py
[2026-09-10T20:55:58.789+0000] {processor.py:925} INFO - DAG(s) '03_parallel' retrieved from /opt/airflow/dags/03_parallel.py
[2026-09-10T20:55:58.822+0000] {logging_mixin.py:190} INFO - [2026-09-10T20:55:58.822+0000] {dag.py:3239} INFO - Sync 1 DAGs
[2026-09-10T20:55:58.837+0000] {logging_mixin.py:190} INFO - [2026-09-10T20:55:58.837+0000] {dag.py:4180} INFO - Setting next_dagrun for 03_parallel to None, run_after=None
[2026-09-10T20:55:58.857+0000] {processor.py:208} INFO - Processing /opt/airflow/dags/03_parallel.py took 0.088 seconds
[2026-09-10T20:56:29.125+0000] {processor.py:186} INFO - Started process (PID=5404) to work on /opt/airflow/dags/03_parallel.py
[2026-09-10T20:56:29.126+0000] {processor.py:914} INFO - Processing file /opt/airflow/dags/03_parallel.py for tasks to queue
[2026-09-10T20:56:29.129+0000] {logging_mixin.py:190} INFO - [2026-09-10T20:56:29.129+0000] {dagbag.py:588} INFO - Filling up the DagBag from /opt/airflow/dags/03_parallel.py
[2026-09-10T20:56:29.138+0000] {processor.py:925} INFO - DAG(s) '03_parallel' retrieved from /opt/airflow/dags/03_parallel.py
[2026-09-10T20:56:29.170+0000] {logging_mixin.py:190} INFO - [2026-09-10T20:56:29.170+0000] {dag.py:3239} INFO - Sync 1 DAGs
[2026-09-10T20:56:29.186+0000] {logging_mixin.py:190} INFO - [2026-09-10T20:56:29.186+0000] {dag.py:4180} INFO - Setting next_dagrun for 03_parallel to None, run_after=None
[2026-09-10T20:56:29.206+0000] {processor.py:208} INFO - Processing /opt/airflow/dags/03_parallel.py took 0.089 seconds
[2026-09-10T20:56:59.356+0000] {processor.py:186} INFO - Started process (PID=5474) to work on /opt/airflow/dags/03_parallel.py
[2026-09-10T20:56:59.357+0000] {processor.py:914} INFO - Processing file /opt/airflow/dags/03_parallel.py for tasks to queue
[2026-09-10T20:56:59.360+0000] {logging_mixin.py:190} INFO - [2026-09-10T20:56:59.360+0000] {dagbag.py:588} INFO - Filling up the DagBag from /opt/airflow/dags/03_parallel.py
[2026-09-10T20:56:59.374+0000] {processor.py:925} INFO - DAG(s) '03_parallel' retrieved from /opt/airflow/dags/03_parallel.py
[2026-09-10T20:56:59.405+0000] {logging_mixin.py:190} INFO - [2026-09-10T20:56:59.405+0000] {dag.py:3239} INFO - Sync 1 DAGs
[2026-09-10T20:56:59.423+0000] {logging_mixin.py:190} INFO - [2026-09-10T20:56:59.422+0000] {dag.py:4180} INFO - Setting next_dagrun for 03_parallel to None, run_after=None
[2026-09-10T20:56:59.442+0000] {processor.py:208} INFO - Processing /opt/airflow/dags/03_parallel.py took 0.094 seconds
[2026-09-10T20:57:29.552+0000] {processor.py:186} INFO - Started process (PID=5544) to work on /opt/airflow/dags/03_parallel.py
[2026-09-10T20:57:29.553+0000] {processor.py:914} INFO - Processing file /opt/airflow/dags/03_parallel.py for tasks to queue
[2026-09-10T20:57:29.556+0000] {logging_mixin.py:190} INFO - [2026-09-10T20:57:29.556+0000] {dagbag.py:588} INFO - Filling up the DagBag from /opt/airflow/dags/03_parallel.py
[2026-09-10T20:57:29.567+0000] {processor.py:925} INFO - DAG(s) '03_parallel' retrieved from /opt/airflow/dags/03_parallel.py
[2026-09-10T20:57:29.602+0000] {logging_mixin.py:190} INFO - [2026-09-10T20:57:29.602+0000] {dag.py:3239} INFO - Sync 1 DAGs
[2026-09-10T20:57:29.618+0000] {logging_mixin.py:190} INFO - [2026-09-10T20:57:29.618+0000] {dag.py:4180} INFO - Setting next_dagrun for 03_parallel to None, run_after=None
[2026-09-10T20:57:29.638+0000] {processor.py:208} INFO - Processing /opt/airflow/dags/03_parallel.py took 0.094 seconds
[2026-09-10T20:57:59.727+0000] {processor.py:186} INFO - Started process (PID=5614) to work on /opt/airflow/dags/03_parallel.py
[2026-09-10T20:57:59.728+0000] {processor.py:914} INFO - Processing file /opt/airflow/dags/03_parallel.py for tasks to queue
[2026-09-10T20:57:59.730+0000] {logging_mixin.py:190} INFO - [2026-09-10T20:57:59.730+0000] {dagbag.py:588} INFO - Filling up the DagBag from /opt/airflow/dags/03_parallel.py
[2026-09-10T20:57:59.742+0000] {processor.py:925} INFO - DAG(s) '03_parallel' retrieved from /opt/airflow/dags/03_parallel.py
[2026-09-10T20:57:59.772+0000] {logging_mixin.py:190} INFO - [2026-09-10T20:57:59.772+0000] {dag.py:3239} INFO - Sync 1 DAGs
[2026-09-10T20:57:59.788+0000] {logging_mixin.py:190} INFO - [2026-09-10T20:57:59.787+0000] {dag.py:4180} INFO - Setting next_dagrun for 03_parallel to None, run_after=None
[2026-09-10T20:57:59.808+0000] {processor.py:208} INFO - Processing /opt/airflow/dags/03_parallel.py took 0.089 seconds
[2026-09-10T20:58:30.172+0000] {processor.py:186} INFO - Started process (PID=5684) to work on /opt/airflow/dags/03_parallel.py
[2026-09-10T20:58:30.173+0000] {processor.py:914} INFO - Processing file /opt/airflow/dags/03_parallel.py for tasks to queue
[2026-09-10T20:58:30.177+0000] {logging_mixin.py:190} INFO - [2026-09-10T20:58:30.176+0000] {dagbag.py:588} INFO - Filling up the DagBag from /opt/airflow/dags/03_parallel.py
[2026-09-10T20:58:30.188+0000] {processor.py:925} INFO - DAG(s) '03_parallel' retrieved from /opt/airflow/dags/03_parallel.py
[2026-09-10T20:58:30.218+0000] {logging_mixin.py:190} INFO - [2026-09-10T20:58:30.218+0000] {dag.py:3239} INFO - Sync 1 DAGs
[2026-09-10T20:58:30.234+0000] {logging_mixin.py:190} INFO - [2026-09-10T20:58:30.234+0000] {dag.py:4180} INFO - Setting next_dagrun for 03_parallel to None, run_after=None
[2026-09-10T20:58:30.253+0000] {processor.py:208} INFO - Processing /opt/airflow/dags/03_parallel.py took 0.092 seconds
[2026-09-10T20:59:00.779+0000] {processor.py:186} INFO - Started process (PID=5754) to work on /opt/airflow/dags/03_parallel.py
[2026-09-10T20:59:00.780+0000] {processor.py:914} INFO - Processing file /opt/airflow/dags/03_parallel.py for tasks to queue
[2026-09-10T20:59:00.783+0000] {logging_mixin.py:190} INFO - [2026-09-10T20:59:00.783+0000] {dagbag.py:588} INFO - Filling up the DagBag from /opt/airflow/dags/03_parallel.py
[2026-09-10T20:59:00.793+0000] {processor.py:925} INFO - DAG(s) '03_parallel' retrieved from /opt/airflow/dags/03_parallel.py
[2026-09-10T20:59:00.826+0000] {logging_mixin.py:190} INFO - [2026-09-10T20:59:00.826+0000] {dag.py:3239} INFO - Sync 1 DAGs
[2026-09-10T20:59:00.847+0000] {logging_mixin.py:190} INFO - [2026-09-10T20:59:00.847+0000] {dag.py:4180} INFO - Setting next_dagrun for 03_parallel to None, run_after=None
[2026-09-10T20:59:00.880+0000] {processor.py:208} INFO - Processing /opt/airflow/dags/03_parallel.py took 0.110 seconds
[2026-09-10T20:59:31.148+0000] {processor.py:186} INFO - Started process (PID=5824) to work on /opt/airflow/dags/03_parallel.py
[2026-09-10T20:59:31.150+0000] {processor.py:914} INFO - Processing file /opt/airflow/dags/03_parallel.py for tasks to queue
[2026-09-10T20:59:31.153+0000] {logging_mixin.py:190} INFO - [2026-09-10T20:59:31.152+0000] {dagbag.py:588} INFO - Filling up the DagBag from /opt/airflow/dags/03_parallel.py
[2026-09-10T20:59:31.163+0000] {processor.py:925} INFO - DAG(s) '03_parallel' retrieved from /opt/airflow/dags/03_parallel.py
[2026-09-10T20:59:31.196+0000] {logging_mixin.py:190} INFO - [2026-09-10T20:59:31.195+0000] {dag.py:3239} INFO - Sync 1 DAGs
[2026-09-10T20:59:31.218+0000] {logging_mixin.py:190} INFO - [2026-09-10T20:59:31.217+0000] {dag.py:4180} INFO - Setting next_dagrun for 03_parallel to None, run_after=None
[2026-09-10T20:59:31.237+0000] {processor.py:208} INFO - Processing /opt/airflow/dags/03_parallel.py took 0.097 seconds
[2026-09-10T21:00:01.405+0000] {processor.py:186} INFO - Started process (PID=5894) to work on /opt/airflow/dags/03_parallel.py
[2026-09-10T21:00:01.407+0000] {processor.py:914} INFO - Processing file /opt/airflow/dags/03_parallel.py for tasks to queue
[2026-09-10T21:00:01.410+0000] {logging_mixin.py:190} INFO - [2026-09-10T21:00:01.410+0000] {dagbag.py:588} INFO - Filling up the DagBag from /opt/airflow/dags/03_parallel.py
[2026-09-10T21:00:01.420+0000] {processor.py:925} INFO - DAG(s) '03_parallel' retrieved from /opt/airflow/dags/03_parallel.py
[2026-09-10T21:00:01.460+0000] {logging_mixin.py:190} INFO - [2026-09-10T21:00:01.460+0000] {dag.py:3239} INFO - Sync 1 DAGs
[2026-09-10T21:00:01.478+0000] {logging_mixin.py:190} INFO - [2026-09-10T21:00:01.477+0000] {dag.py:4180} INFO - Setting next_dagrun for 03_parallel to None, run_after=None
[2026-09-10T21:00:01.499+0000] {processor.py:208} INFO - Processing /opt/airflow/dags/03_parallel.py took 0.105 seconds
[2026-09-10T21:00:31.578+0000] {processor.py:186} INFO - Started process (PID=5964) to work on /opt/airflow/dags/03_parallel.py
[2026-09-10T21:00:31.580+0000] {processor.py:914} INFO - Processing file /opt/airflow/dags/03_parallel.py for tasks to queue
[2026-09-10T21:00:31.582+0000] {logging_mixin.py:190} INFO - [2026-09-10T21:00:31.582+0000] {dagbag.py:588} INFO - Filling up the DagBag from /opt/airflow/dags/03_parallel.py
[2026-09-10T21:00:31.592+0000] {processor.py:925} INFO - DAG(s) '03_parallel' retrieved from /opt/airflow/dags/03_parallel.py
[2026-09-10T21:00:31.625+0000] {logging_mixin.py:190} INFO - [2026-09-10T21:00:31.624+0000] {dag.py:3239} INFO - Sync 1 DAGs
[2026-09-10T21:00:31.642+0000] {logging_mixin.py:190} INFO - [2026-09-10T21:00:31.641+0000] {dag.py:4180} INFO - Setting next_dagrun for 03_parallel to None, run_after=None
[2026-09-10T21:00:31.662+0000] {processor.py:208} INFO - Processing /opt/airflow/dags/03_parallel.py took 0.092 seconds
[2026-09-10T21:01:01.851+0000] {processor.py:186} INFO - Started process (PID=6034) to work on /opt/airflow/dags/03_parallel.py
[2026-09-10T21:01:01.852+0000] {processor.py:914} INFO - Processing file /opt/airflow/dags/03_parallel.py for tasks to queue
[2026-09-10T21:01:01.857+0000] {logging_mixin.py:190} INFO - [2026-09-10T21:01:01.856+0000] {dagbag.py:588} INFO - Filling up the DagBag from /opt/airflow/dags/03_parallel.py
[2026-09-10T21:01:01.873+0000] {processor.py:925} INFO - DAG(s) '03_parallel' retrieved from /opt/airflow/dags/03_parallel.py
[2026-09-10T21:01:01.913+0000] {logging_mixin.py:190} INFO - [2026-09-10T21:01:01.912+0000] {dag.py:3239} INFO - Sync 1 DAGs
[2026-09-10T21:01:01.930+0000] {logging_mixin.py:190} INFO - [2026-09-10T21:01:01.929+0000] {dag.py:4180} INFO - Setting next_dagrun for 03_parallel to None, run_after=None
[2026-09-10T21:01:01.950+0000] {processor.py:208} INFO - Processing /opt/airflow/dags/03_parallel.py took 0.110 seconds
[2026-09-10T21:01:32.828+0000] {processor.py:186} INFO - Started process (PID=6102) to work on /opt/airflow/dags/03_parallel.py
[2026-09-10T21:01:32.829+0000] {processor.py:914} INFO - Processing file /opt/airflow/dags/03_parallel.py for tasks to queue
[2026-09-10T21:01:32.833+0000] {logging_mixin.py:190} INFO - [2026-09-10T21:01:32.832+0000] {dagbag.py:588} INFO - Filling up the DagBag from /opt/airflow/dags/03_parallel.py
[2026-09-10T21:01:32.844+0000] {processor.py:925} INFO - DAG(s) '03_parallel' retrieved from /opt/airflow/dags/03_parallel.py
[2026-09-10T21:01:32.875+0000] {logging_mixin.py:190} INFO - [2026-09-10T21:01:32.875+0000] {dag.py:3239} INFO - Sync 1 DAGs
[2026-09-10T21:01:32.891+0000] {logging_mixin.py:190} INFO - [2026-09-10T21:01:32.891+0000] {dag.py:4180} INFO - Setting next_dagrun for 03_parallel to None, run_after=None
[2026-09-10T21:01:32.909+0000] {processor.py:208} INFO - Processing /opt/airflow/dags/03_parallel.py took 0.091 seconds
[2026-09-10T21:02:03.969+0000] {processor.py:186} INFO - Started process (PID=6174) to work on /opt/airflow/dags/03_parallel.py
[2026-09-10T21:02:03.970+0000] {processor.py:914} INFO - Processing file /opt/airflow/dags/03_parallel.py for tasks to queue
[2026-09-10T21:02:03.973+0000] {logging_mixin.py:190} INFO - [2026-09-10T21:02:03.973+0000] {dagbag.py:588} INFO - Filling up the DagBag from /opt/airflow/dags/03_parallel.py
[2026-09-10T21:02:03.983+0000] {processor.py:925} INFO - DAG(s) '03_parallel' retrieved from /opt/airflow/dags/03_parallel.py
[2026-09-10T21:02:04.019+0000] {logging_mixin.py:190} INFO - [2026-09-10T21:02:04.018+0000] {dag.py:3239} INFO - Sync 1 DAGs
[2026-09-10T21:02:04.035+0000] {logging_mixin.py:190} INFO - [2026-09-10T21:02:04.035+0000] {dag.py:4180} INFO - Setting next_dagrun for 03_parallel to None, run_after=None
[2026-09-10T21:02:04.056+0000] {processor.py:208} INFO - Processing /opt/airflow/dags/03_parallel.py took 0.095 seconds
[2026-09-10T21:02:34.265+0000] {processor.py:186} INFO - Started process (PID=6242) to work on /opt/airflow/dags/03_parallel.py
[2026-09-10T21:02:34.266+0000] {processor.py:914} INFO - Processing file /opt/airflow/dags/03_parallel.py for tasks to queue
[2026-09-10T21:02:34.270+0000] {logging_mixin.py:190} INFO - [2026-09-10T21:02:34.270+0000] {dagbag.py:588} INFO - Filling up the DagBag from /opt/airflow/dags/03_parallel.py
[2026-09-10T21:02:34.288+0000] {processor.py:925} INFO - DAG(s) '03_parallel' retrieved from /opt/airflow/dags/03_parallel.py
[2026-09-10T21:02:34.324+0000] {logging_mixin.py:190} INFO - [2026-09-10T21:02:34.323+0000] {dag.py:3239} INFO - Sync 1 DAGs
[2026-09-10T21:02:34.340+0000] {logging_mixin.py:190} INFO - [2026-09-10T21:02:34.340+0000] {dag.py:4180} INFO - Setting next_dagrun for 03_parallel to None, run_after=None
[2026-09-10T21:02:34.359+0000] {processor.py:208} INFO - Processing /opt/airflow/dags/03_parallel.py took 0.103 seconds
[2026-09-10T21:03:04.528+0000] {processor.py:186} INFO - Started process (PID=6314) to work on /opt/airflow/dags/03_parallel.py
[2026-09-10T21:03:04.528+0000] {processor.py:914} INFO - Processing file /opt/airflow/dags/03_parallel.py for tasks to queue
[2026-09-10T21:03:04.530+0000] {logging_mixin.py:190} INFO - [2026-09-10T21:03:04.530+0000] {dagbag.py:588} INFO - Filling up the DagBag from /opt/airflow/dags/03_parallel.py
[2026-09-10T21:03:04.539+0000] {processor.py:925} INFO - DAG(s) '03_parallel' retrieved from /opt/airflow/dags/03_parallel.py
[2026-09-10T21:03:04.571+0000] {logging_mixin.py:190} INFO - [2026-09-10T21:03:04.570+0000] {dag.py:3239} INFO - Sync 1 DAGs
[2026-09-10T21:03:04.587+0000] {logging_mixin.py:190} INFO - [2026-09-10T21:03:04.586+0000] {dag.py:4180} INFO - Setting next_dagrun for 03_parallel to None, run_after=None
[2026-09-10T21:03:04.606+0000] {processor.py:208} INFO - Processing /opt/airflow/dags/03_parallel.py took 0.085 seconds
[2026-09-10T21:03:34.812+0000] {processor.py:186} INFO - Started process (PID=6384) to work on /opt/airflow/dags/03_parallel.py
[2026-09-10T21:03:34.815+0000] {processor.py:914} INFO - Processing file /opt/airflow/dags/03_parallel.py for tasks to queue
[2026-09-10T21:03:34.819+0000] {logging_mixin.py:190} INFO - [2026-09-10T21:03:34.818+0000] {dagbag.py:588} INFO - Filling up the DagBag from /opt/airflow/dags/03_parallel.py
[2026-09-10T21:03:34.833+0000] {processor.py:925} INFO - DAG(s) '03_parallel' retrieved from /opt/airflow/dags/03_parallel.py
[2026-09-10T21:03:34.866+0000] {logging_mixin.py:190} INFO - [2026-09-10T21:03:34.865+0000] {dag.py:3239} INFO - Sync 1 DAGs
[2026-09-10T21:03:34.885+0000] {logging_mixin.py:190} INFO - [2026-09-10T21:03:34.885+0000] {dag.py:4180} INFO - Setting next_dagrun for 03_parallel to None, run_after=None
[2026-09-10T21:03:34.904+0000] {processor.py:208} INFO - Processing /opt/airflow/dags/03_parallel.py took 0.103 seconds
[2026-09-10T21:04:04.981+0000] {processor.py:186} INFO - Started process (PID=6454) to work on /opt/airflow/dags/03_parallel.py
[2026-09-10T21:04:04.983+0000] {processor.py:914} INFO - Processing file /opt/airflow/dags/03_parallel.py for tasks to queue
[2026-09-10T21:04:04.986+0000] {logging_mixin.py:190} INFO - [2026-09-10T21:04:04.986+0000] {dagbag.py:588} INFO - Filling up the DagBag from /opt/airflow/dags/03_parallel.py
[2026-09-10T21:04:04.997+0000] {processor.py:925} INFO - DAG(s) '03_parallel' retrieved from /opt/airflow/dags/03_parallel.py
[2026-09-10T21:04:05.038+0000] {logging_mixin.py:190} INFO - [2026-09-10T21:04:05.038+0000] {dag.py:3239} INFO - Sync 1 DAGs
[2026-09-10T21:04:05.056+0000] {logging_mixin.py:190} INFO - [2026-09-10T21:04:05.055+0000] {dag.py:4180} INFO - Setting next_dagrun for 03_parallel to None, run_after=None
[2026-09-10T21:04:05.076+0000] {processor.py:208} INFO - Processing /opt/airflow/dags/03_parallel.py took 0.103 seconds
[2026-09-10T21:04:35.216+0000] {processor.py:186} INFO - Started process (PID=6524) to work on /opt/airflow/dags/03_parallel.py
[2026-09-10T21:04:35.217+0000] {processor.py:914} INFO - Processing file /opt/airflow/dags/03_parallel.py for tasks to queue
[2026-09-10T21:04:35.220+0000] {logging_mixin.py:190} INFO - [2026-09-10T21:04:35.220+0000] {dagbag.py:588} INFO - Filling up the DagBag from /opt/airflow/dags/03_parallel.py
[2026-09-10T21:04:35.230+0000] {processor.py:925} INFO - DAG(s) '03_parallel' retrieved from /opt/airflow/dags/03_parallel.py
[2026-09-10T21:04:35.263+0000] {logging_mixin.py:190} INFO - [2026-09-10T21:04:35.263+0000] {dag.py:3239} INFO - Sync 1 DAGs
[2026-09-10T21:04:35.282+0000] {logging_mixin.py:190} INFO - [2026-09-10T21:04:35.282+0000] {dag.py:4180} INFO - Setting next_dagrun for 03_parallel to None, run_after=None
[2026-09-10T21:04:35.302+0000] {processor.py:208} INFO - Processing /opt/airflow/dags/03_parallel.py took 0.094 seconds
[2026-09-10T21:05:05.425+0000] {processor.py:186} INFO - Started process (PID=6594) to work on /opt/airflow/dags/03_parallel.py
[2026-09-10T21:05:05.426+0000] {processor.py:914} INFO - Processing file /opt/airflow/dags/03_parallel.py for tasks to queue
[2026-09-10T21:05:05.429+0000] {logging_mixin.py:190} INFO - [2026-09-10T21:05:05.429+0000] {dagbag.py:588} INFO - Filling up the DagBag from /opt/airflow/dags/03_parallel.py
[2026-09-10T21:05:05.440+0000] {processor.py:925} INFO - DAG(s) '03_parallel' retrieved from /opt/airflow/dags/03_parallel.py
[2026-09-10T21:05:05.472+0000] {logging_mixin.py:190} INFO - [2026-09-10T21:05:05.472+0000] {dag.py:3239} INFO - Sync 1 DAGs
[2026-09-10T21:05:05.493+0000] {logging_mixin.py:190} INFO - [2026-09-10T21:05:05.493+0000] {dag.py:4180} INFO - Setting next_dagrun for 03_parallel to None, run_after=None
[2026-09-10T21:05:05.514+0000] {processor.py:208} INFO - Processing /opt/airflow/dags/03_parallel.py took 0.097 seconds
[2026-09-10T21:05:35.604+0000] {processor.py:186} INFO - Started process (PID=6664) to work on /opt/airflow/dags/03_parallel.py
[2026-09-10T21:05:35.606+0000] {processor.py:914} INFO - Processing file /opt/airflow/dags/03_parallel.py for tasks to queue
[2026-09-10T21:05:35.609+0000] {logging_mixin.py:190} INFO - [2026-09-10T21:05:35.608+0000] {dagbag.py:588} INFO - Filling up the DagBag from /opt/airflow/dags/03_parallel.py
[2026-09-10T21:05:35.620+0000] {processor.py:925} INFO - DAG(s) '03_parallel' retrieved from /opt/airflow/dags/03_parallel.py
[2026-09-10T21:05:35.653+0000] {logging_mixin.py:190} INFO - [2026-09-10T21:05:35.653+0000] {dag.py:3239} INFO - Sync 1 DAGs
[2026-09-10T21:05:35.674+0000] {logging_mixin.py:190} INFO - [2026-09-10T21:05:35.673+0000] {dag.py:4180} INFO - Setting next_dagrun for 03_parallel to None, run_after=None
[2026-09-10T21:05:35.698+0000] {processor.py:208} INFO - Processing /opt/airflow/dags/03_parallel.py took 0.102 seconds
[2026-09-10T21:06:05.824+0000] {processor.py:186} INFO - Started process (PID=6734) to work on /opt/airflow/dags/03_parallel.py
[2026-09-10T21:06:05.825+0000] {processor.py:914} INFO - Processing file /opt/airflow/dags/03_parallel.py for tasks to queue
[2026-09-10T21:06:05.828+0000] {logging_mixin.py:190} INFO - [2026-09-10T21:06:05.827+0000] {dagbag.py:588} INFO - Filling up the DagBag from /opt/airflow/dags/03_parallel.py
[2026-09-10T21:06:05.837+0000] {processor.py:925} INFO - DAG(s) '03_parallel' retrieved from /opt/airflow/dags/03_parallel.py
[2026-09-10T21:06:05.870+0000] {logging_mixin.py:190} INFO - [2026-09-10T21:06:05.869+0000] {dag.py:3239} INFO - Sync 1 DAGs
[2026-09-10T21:06:05.887+0000] {logging_mixin.py:190} INFO - [2026-09-10T21:06:05.887+0000] {dag.py:4180} INFO - Setting next_dagrun for 03_parallel to None, run_after=None
[2026-09-10T21:06:05.909+0000] {processor.py:208} INFO - Processing /opt/airflow/dags/03_parallel.py took 0.093 seconds
[2026-09-10T21:06:36.110+0000] {processor.py:186} INFO - Started process (PID=6804) to work on /opt/airflow/dags/03_parallel.py
[2026-09-10T21:06:36.112+0000] {processor.py:914} INFO - Processing file /opt/airflow/dags/03_parallel.py for tasks to queue
[2026-09-10T21:06:36.115+0000] {logging_mixin.py:190} INFO - [2026-09-10T21:06:36.114+0000] {dagbag.py:588} INFO - Filling up the DagBag from /opt/airflow/dags/03_parallel.py
[2026-09-10T21:06:36.124+0000] {processor.py:925} INFO - DAG(s) '03_parallel' retrieved from /opt/airflow/dags/03_parallel.py
[2026-09-10T21:06:36.156+0000] {logging_mixin.py:190} INFO - [2026-09-10T21:06:36.156+0000] {dag.py:3239} INFO - Sync 1 DAGs
[2026-09-10T21:06:36.172+0000] {logging_mixin.py:190} INFO - [2026-09-10T21:06:36.172+0000] {dag.py:4180} INFO - Setting next_dagrun for 03_parallel to None, run_after=None
[2026-09-10T21:06:36.192+0000] {processor.py:208} INFO - Processing /opt/airflow/dags/03_parallel.py took 0.090 seconds
[2026-09-10T21:07:06.405+0000] {processor.py:186} INFO - Started process (PID=6874) to work on /opt/airflow/dags/03_parallel.py
[2026-09-10T21:07:06.406+0000] {processor.py:914} INFO - Processing file /opt/airflow/dags/03_parallel.py for tasks to queue
[2026-09-10T21:07:06.409+0000] {logging_mixin.py:190} INFO - [2026-09-10T21:07:06.409+0000] {dagbag.py:588} INFO - Filling up the DagBag from /opt/airflow/dags/03_parallel.py
[2026-09-10T21:07:06.419+0000] {processor.py:925} INFO - DAG(s) '03_parallel' retrieved from /opt/airflow/dags/03_parallel.py
[2026-09-10T21:07:06.451+0000] {logging_mixin.py:190} INFO - [2026-09-10T21:07:06.450+0000] {dag.py:3239} INFO - Sync 1 DAGs
[2026-09-10T21:07:06.467+0000] {logging_mixin.py:190} INFO - [2026-09-10T21:07:06.467+0000] {dag.py:4180} INFO - Setting next_dagrun for 03_parallel to None, run_after=None
[2026-09-10T21:07:06.487+0000] {processor.py:208} INFO - Processing /opt/airflow/dags/03_parallel.py took 0.091 seconds
[2026-09-10T21:07:36.569+0000] {processor.py:186} INFO - Started process (PID=6944) to work on /opt/airflow/dags/03_parallel.py
[2026-09-10T21:07:36.571+0000] {processor.py:914} INFO - Processing file /opt/airflow/dags/03_parallel.py for tasks to queue
[2026-09-10T21:07:36.574+0000] {logging_mixin.py:190} INFO - [2026-09-10T21:07:36.573+0000] {dagbag.py:588} INFO - Filling up the DagBag from /opt/airflow/dags/03_parallel.py
[2026-09-10T21:07:36.585+0000] {processor.py:925} INFO - DAG(s) '03_parallel' retrieved from /opt/airflow/dags/03_parallel.py
[2026-09-10T21:07:36.619+0000] {logging_mixin.py:190} INFO - [2026-09-10T21:07:36.619+0000] {dag.py:3239} INFO - Sync 1 DAGs
[2026-09-10T21:07:36.638+0000] {logging_mixin.py:190} INFO - [2026-09-10T21:07:36.638+0000] {dag.py:4180} INFO - Setting next_dagrun for 03_parallel to None, run_after=None
[2026-09-10T21:07:36.660+0000] {processor.py:208} INFO - Processing /opt/airflow/dags/03_parallel.py took 0.099 seconds
[2026-09-10T21:08:06.750+0000] {processor.py:186} INFO - Started process (PID=7014) to work on /opt/airflow/dags/03_parallel.py
[2026-09-10T21:08:06.751+0000] {processor.py:914} INFO - Processing file /opt/airflow/dags/03_parallel.py for tasks to queue
[2026-09-10T21:08:06.754+0000] {logging_mixin.py:190} INFO - [2026-09-10T21:08:06.753+0000] {dagbag.py:588} INFO - Filling up the DagBag from /opt/airflow/dags/03_parallel.py
[2026-09-10T21:08:06.768+0000] {processor.py:925} INFO - DAG(s) '03_parallel' retrieved from /opt/airflow/dags/03_parallel.py
[2026-09-10T21:08:06.802+0000] {logging_mixin.py:190} INFO - [2026-09-10T21:08:06.802+0000] {dag.py:3239} INFO - Sync 1 DAGs
[2026-09-10T21:08:06.819+0000] {logging_mixin.py:190} INFO - [2026-09-10T21:08:06.819+0000] {dag.py:4180} INFO - Setting next_dagrun for 03_parallel to None, run_after=None
[2026-09-10T21:08:06.839+0000] {processor.py:208} INFO - Processing /opt/airflow/dags/03_parallel.py took 0.097 seconds
[2026-09-10T21:08:37.040+0000] {processor.py:186} INFO - Started process (PID=7084) to work on /opt/airflow/dags/03_parallel.py
[2026-09-10T21:08:37.042+0000] {processor.py:914} INFO - Processing file /opt/airflow/dags/03_parallel.py for tasks to queue
[2026-09-10T21:08:37.046+0000] {logging_mixin.py:190} INFO - [2026-09-10T21:08:37.046+0000] {dagbag.py:588} INFO - Filling up the DagBag from /opt/airflow/dags/03_parallel.py
[2026-09-10T21:08:37.059+0000] {processor.py:925} INFO - DAG(s) '03_parallel' retrieved from /opt/airflow/dags/03_parallel.py
[2026-09-10T21:08:37.099+0000] {logging_mixin.py:190} INFO - [2026-09-10T21:08:37.099+0000] {dag.py:3239} INFO - Sync 1 DAGs
[2026-09-10T21:08:37.119+0000] {logging_mixin.py:190} INFO - [2026-09-10T21:08:37.118+0000] {dag.py:4180} INFO - Setting next_dagrun for 03_parallel to None, run_after=None
[2026-09-10T21:08:37.146+0000] {processor.py:208} INFO - Processing /opt/airflow/dags/03_parallel.py took 0.115 seconds
[2026-09-10T21:09:08.135+0000] {processor.py:186} INFO - Started process (PID=7154) to work on /opt/airflow/dags/03_parallel.py
[2026-09-10T21:09:08.138+0000] {processor.py:914} INFO - Processing file /opt/airflow/dags/03_parallel.py for tasks to queue
[2026-09-10T21:09:08.143+0000] {logging_mixin.py:190} INFO - [2026-09-10T21:09:08.143+0000] {dagbag.py:588} INFO - Filling up the DagBag from /opt/airflow/dags/03_parallel.py
[2026-09-10T21:09:08.159+0000] {processor.py:925} INFO - DAG(s) '03_parallel' retrieved from /opt/airflow/dags/03_parallel.py
[2026-09-10T21:09:08.195+0000] {logging_mixin.py:190} INFO - [2026-09-10T21:09:08.194+0000] {dag.py:3239} INFO - Sync 1 DAGs
[2026-09-10T21:09:08.221+0000] {logging_mixin.py:190} INFO - [2026-09-10T21:09:08.221+0000] {dag.py:4180} INFO - Setting next_dagrun for 03_parallel to None, run_after=None
[2026-09-10T21:09:08.245+0000] {processor.py:208} INFO - Processing /opt/airflow/dags/03_parallel.py took 0.121 seconds
[2026-09-10T21:09:38.315+0000] {processor.py:186} INFO - Started process (PID=7224) to work on /opt/airflow/dags/03_parallel.py
[2026-09-10T21:09:38.316+0000] {processor.py:914} INFO - Processing file /opt/airflow/dags/03_parallel.py for tasks to queue
[2026-09-10T21:09:38.319+0000] {logging_mixin.py:190} INFO - [2026-09-10T21:09:38.318+0000] {dagbag.py:588} INFO - Filling up the DagBag from /opt/airflow/dags/03_parallel.py
[2026-09-10T21:09:38.329+0000] {processor.py:925} INFO - DAG(s) '03_parallel' retrieved from /opt/airflow/dags/03_parallel.py
[2026-09-10T21:09:38.360+0000] {logging_mixin.py:190} INFO - [2026-09-10T21:09:38.360+0000] {dag.py:3239} INFO - Sync 1 DAGs
[2026-09-10T21:09:38.377+0000] {logging_mixin.py:190} INFO - [2026-09-10T21:09:38.377+0000] {dag.py:4180} INFO - Setting next_dagrun for 03_parallel to None, run_after=None
[2026-09-10T21:09:38.397+0000] {processor.py:208} INFO - Processing /opt/airflow/dags/03_parallel.py took 0.092 seconds
[2026-09-10T21:10:08.682+0000] {processor.py:186} INFO - Started process (PID=7294) to work on /opt/airflow/dags/03_parallel.py
[2026-09-10T21:10:08.684+0000] {processor.py:914} INFO - Processing file /opt/airflow/dags/03_parallel.py for tasks to queue
[2026-09-10T21:10:08.687+0000] {logging_mixin.py:190} INFO - [2026-09-10T21:10:08.687+0000] {dagbag.py:588} INFO - Filling up the DagBag from /opt/airflow/dags/03_parallel.py
[2026-09-10T21:10:08.703+0000] {processor.py:925} INFO - DAG(s) '03_parallel' retrieved from /opt/airflow/dags/03_parallel.py
[2026-09-10T21:10:08.743+0000] {logging_mixin.py:190} INFO - [2026-09-10T21:10:08.743+0000] {dag.py:3239} INFO - Sync 1 DAGs
[2026-09-10T21:10:08.765+0000] {logging_mixin.py:190} INFO - [2026-09-10T21:10:08.765+0000] {dag.py:4180} INFO - Setting next_dagrun for 03_parallel to None, run_after=None
[2026-09-10T21:10:08.787+0000] {processor.py:208} INFO - Processing /opt/airflow/dags/03_parallel.py took 0.115 seconds
[2026-09-10T21:10:38.841+0000] {processor.py:186} INFO - Started process (PID=7364) to work on /opt/airflow/dags/03_parallel.py
[2026-09-10T21:10:38.842+0000] {processor.py:914} INFO - Processing file /opt/airflow/dags/03_parallel.py for tasks to queue
[2026-09-10T21:10:38.846+0000] {logging_mixin.py:190} INFO - [2026-09-10T21:10:38.846+0000] {dagbag.py:588} INFO - Filling up the DagBag from /opt/airflow/dags/03_parallel.py
[2026-09-10T21:10:38.861+0000] {processor.py:925} INFO - DAG(s) '03_parallel' retrieved from /opt/airflow/dags/03_parallel.py
[2026-09-10T21:10:38.897+0000] {logging_mixin.py:190} INFO - [2026-09-10T21:10:38.896+0000] {dag.py:3239} INFO - Sync 1 DAGs
[2026-09-10T21:10:38.914+0000] {logging_mixin.py:190} INFO - [2026-09-10T21:10:38.913+0000] {dag.py:4180} INFO - Setting next_dagrun for 03_parallel to None, run_after=None
[2026-09-10T21:10:38.936+0000] {processor.py:208} INFO - Processing /opt/airflow/dags/03_parallel.py took 0.103 seconds
[2026-09-10T21:11:09.061+0000] {processor.py:186} INFO - Started process (PID=7434) to work on /opt/airflow/dags/03_parallel.py
[2026-09-10T21:11:09.063+0000] {processor.py:914} INFO - Processing file /opt/airflow/dags/03_parallel.py for tasks to queue
[2026-09-10T21:11:09.070+0000] {logging_mixin.py:190} INFO - [2026-09-10T21:11:09.069+0000] {dagbag.py:588} INFO - Filling up the DagBag from /opt/airflow/dags/03_parallel.py
[2026-09-10T21:11:09.085+0000] {processor.py:925} INFO - DAG(s) '03_parallel' retrieved from /opt/airflow/dags/03_parallel.py
[2026-09-10T21:11:09.122+0000] {logging_mixin.py:190} INFO - [2026-09-10T21:11:09.122+0000] {dag.py:3239} INFO - Sync 1 DAGs
[2026-09-10T21:11:09.140+0000] {logging_mixin.py:190} INFO - [2026-09-10T21:11:09.139+0000] {dag.py:4180} INFO - Setting next_dagrun for 03_parallel to None, run_after=None
[2026-09-10T21:11:09.161+0000] {processor.py:208} INFO - Processing /opt/airflow/dags/03_parallel.py took 0.108 seconds
[2026-09-10T21:11:39.316+0000] {processor.py:186} INFO - Started process (PID=7504) to work on /opt/airflow/dags/03_parallel.py
[2026-09-10T21:11:39.317+0000] {processor.py:914} INFO - Processing file /opt/airflow/dags/03_parallel.py for tasks to queue
[2026-09-10T21:11:39.320+0000] {logging_mixin.py:190} INFO - [2026-09-10T21:11:39.319+0000] {dagbag.py:588} INFO - Filling up the DagBag from /opt/airflow/dags/03_parallel.py
[2026-09-10T21:11:39.330+0000] {processor.py:925} INFO - DAG(s) '03_parallel' retrieved from /opt/airflow/dags/03_parallel.py
[2026-09-10T21:11:39.362+0000] {logging_mixin.py:190} INFO - [2026-09-10T21:11:39.362+0000] {dag.py:3239} INFO - Sync 1 DAGs
[2026-09-10T21:11:39.379+0000] {logging_mixin.py:190} INFO - [2026-09-10T21:11:39.378+0000] {dag.py:4180} INFO - Setting next_dagrun for 03_parallel to None, run_after=None
[2026-09-10T21:11:39.400+0000] {processor.py:208} INFO - Processing /opt/airflow/dags/03_parallel.py took 0.093 seconds
[2026-09-10T21:12:10.321+0000] {processor.py:186} INFO - Started process (PID=7574) to work on /opt/airflow/dags/03_parallel.py
[2026-09-10T21:12:10.323+0000] {processor.py:914} INFO - Processing file /opt/airflow/dags/03_parallel.py for tasks to queue
[2026-09-10T21:12:10.326+0000] {logging_mixin.py:190} INFO - [2026-09-10T21:12:10.326+0000] {dagbag.py:588} INFO - Filling up the DagBag from /opt/airflow/dags/03_parallel.py
[2026-09-10T21:12:10.337+0000] {processor.py:925} INFO - DAG(s) '03_parallel' retrieved from /opt/airflow/dags/03_parallel.py
[2026-09-10T21:12:10.369+0000] {logging_mixin.py:190} INFO - [2026-09-10T21:12:10.369+0000] {dag.py:3239} INFO - Sync 1 DAGs
[2026-09-10T21:12:10.387+0000] {logging_mixin.py:190} INFO - [2026-09-10T21:12:10.387+0000] {dag.py:4180} INFO - Setting next_dagrun for 03_parallel to None, run_after=None
[2026-09-10T21:12:10.408+0000] {processor.py:208} INFO - Processing /opt/airflow/dags/03_parallel.py took 0.099 seconds
[2026-09-10T21:12:40.478+0000] {processor.py:186} INFO - Started process (PID=7644) to work on /opt/airflow/dags/03_parallel.py
[2026-09-10T21:12:40.479+0000] {processor.py:914} INFO - Processing file /opt/airflow/dags/03_parallel.py for tasks to queue
[2026-09-10T21:12:40.482+0000] {logging_mixin.py:190} INFO - [2026-09-10T21:12:40.482+0000] {dagbag.py:588} INFO - Filling up the DagBag from /opt/airflow/dags/03_parallel.py
[2026-09-10T21:12:40.493+0000] {processor.py:925} INFO - DAG(s) '03_parallel' retrieved from /opt/airflow/dags/03_parallel.py
[2026-09-10T21:12:40.526+0000] {logging_mixin.py:190} INFO - [2026-09-10T21:12:40.526+0000] {dag.py:3239} INFO - Sync 1 DAGs
[2026-09-10T21:12:40.546+0000] {logging_mixin.py:190} INFO - [2026-09-10T21:12:40.546+0000] {dag.py:4180} INFO - Setting next_dagrun for 03_parallel to None, run_after=None
[2026-09-10T21:12:40.566+0000] {processor.py:208} INFO - Processing /opt/airflow/dags/03_parallel.py took 0.095 seconds
[2026-09-10T21:13:10.708+0000] {processor.py:186} INFO - Started process (PID=7714) to work on /opt/airflow/dags/03_parallel.py
[2026-09-10T21:13:10.710+0000] {processor.py:914} INFO - Processing file /opt/airflow/dags/03_parallel.py for tasks to queue
[2026-09-10T21:13:10.713+0000] {logging_mixin.py:190} INFO - [2026-09-10T21:13:10.713+0000] {dagbag.py:588} INFO - Filling up the DagBag from /opt/airflow/dags/03_parallel.py
[2026-09-10T21:13:10.723+0000] {processor.py:925} INFO - DAG(s) '03_parallel' retrieved from /opt/airflow/dags/03_parallel.py
[2026-09-10T21:13:10.756+0000] {logging_mixin.py:190} INFO - [2026-09-10T21:13:10.755+0000] {dag.py:3239} INFO - Sync 1 DAGs
[2026-09-10T21:13:10.773+0000] {logging_mixin.py:190} INFO - [2026-09-10T21:13:10.773+0000] {dag.py:4180} INFO - Setting next_dagrun for 03_parallel to None, run_after=None
[2026-09-10T21:13:10.793+0000] {processor.py:208} INFO - Processing /opt/airflow/dags/03_parallel.py took 0.093 seconds
[2026-09-10T21:13:41.495+0000] {processor.py:186} INFO - Started process (PID=7784) to work on /opt/airflow/dags/03_parallel.py
[2026-09-10T21:13:41.496+0000] {processor.py:914} INFO - Processing file /opt/airflow/dags/03_parallel.py for tasks to queue
[2026-09-10T21:13:41.499+0000] {logging_mixin.py:190} INFO - [2026-09-10T21:13:41.499+0000] {dagbag.py:588} INFO - Filling up the DagBag from /opt/airflow/dags/03_parallel.py
[2026-09-10T21:13:41.511+0000] {processor.py:925} INFO - DAG(s) '03_parallel' retrieved from /opt/airflow/dags/03_parallel.py
[2026-09-10T21:13:41.545+0000] {logging_mixin.py:190} INFO - [2026-09-10T21:13:41.545+0000] {dag.py:3239} INFO - Sync 1 DAGs
[2026-09-10T21:13:41.751+0000] {logging_mixin.py:190} INFO - [2026-09-10T21:13:41.751+0000] {dag.py:4180} INFO - Setting next_dagrun for 03_parallel to None, run_after=None
[2026-09-10T21:13:41.768+0000] {processor.py:208} INFO - Processing /opt/airflow/dags/03_parallel.py took 0.281 seconds
[2026-09-10T21:14:11.866+0000] {processor.py:186} INFO - Started process (PID=7852) to work on /opt/airflow/dags/03_parallel.py
[2026-09-10T21:14:11.868+0000] {processor.py:914} INFO - Processing file /opt/airflow/dags/03_parallel.py for tasks to queue
[2026-09-10T21:14:11.871+0000] {logging_mixin.py:190} INFO - [2026-09-10T21:14:11.871+0000] {dagbag.py:588} INFO - Filling up the DagBag from /opt/airflow/dags/03_parallel.py
[2026-09-10T21:14:11.882+0000] {processor.py:925} INFO - DAG(s) '03_parallel' retrieved from /opt/airflow/dags/03_parallel.py
[2026-09-10T21:14:11.914+0000] {logging_mixin.py:190} INFO - [2026-09-10T21:14:11.914+0000] {dag.py:3239} INFO - Sync 1 DAGs
[2026-09-10T21:14:11.933+0000] {logging_mixin.py:190} INFO - [2026-09-10T21:14:11.932+0000] {dag.py:4180} INFO - Setting next_dagrun for 03_parallel to None, run_after=None
[2026-09-10T21:14:11.955+0000] {processor.py:208} INFO - Processing /opt/airflow/dags/03_parallel.py took 0.096 seconds
[2026-09-10T21:14:42.189+0000] {processor.py:186} INFO - Started process (PID=7924) to work on /opt/airflow/dags/03_parallel.py
[2026-09-10T21:14:42.190+0000] {processor.py:914} INFO - Processing file /opt/airflow/dags/03_parallel.py for tasks to queue
[2026-09-10T21:14:42.193+0000] {logging_mixin.py:190} INFO - [2026-09-10T21:14:42.193+0000] {dagbag.py:588} INFO - Filling up the DagBag from /opt/airflow/dags/03_parallel.py
[2026-09-10T21:14:42.202+0000] {processor.py:925} INFO - DAG(s) '03_parallel' retrieved from /opt/airflow/dags/03_parallel.py
[2026-09-10T21:14:42.232+0000] {logging_mixin.py:190} INFO - [2026-09-10T21:14:42.232+0000] {dag.py:3239} INFO - Sync 1 DAGs
[2026-09-10T21:14:42.247+0000] {logging_mixin.py:190} INFO - [2026-09-10T21:14:42.247+0000] {dag.py:4180} INFO - Setting next_dagrun for 03_parallel to None, run_after=None
[2026-09-10T21:14:42.264+0000] {processor.py:208} INFO - Processing /opt/airflow/dags/03_parallel.py took 0.083 seconds
[2026-09-10T21:15:13.083+0000] {processor.py:186} INFO - Started process (PID=7992) to work on /opt/airflow/dags/03_parallel.py
[2026-09-10T21:15:13.085+0000] {processor.py:914} INFO - Processing file /opt/airflow/dags/03_parallel.py for tasks to queue
[2026-09-10T21:15:13.095+0000] {logging_mixin.py:190} INFO - [2026-09-10T21:15:13.094+0000] {dagbag.py:588} INFO - Filling up the DagBag from /opt/airflow/dags/03_parallel.py
[2026-09-10T21:15:13.121+0000] {processor.py:925} INFO - DAG(s) '03_parallel' retrieved from /opt/airflow/dags/03_parallel.py
[2026-09-10T21:15:13.207+0000] {logging_mixin.py:190} INFO - [2026-09-10T21:15:13.207+0000] {dag.py:3239} INFO - Sync 1 DAGs
[2026-09-10T21:15:13.617+0000] {logging_mixin.py:190} INFO - [2026-09-10T21:15:13.616+0000] {dag.py:4180} INFO - Setting next_dagrun for 03_parallel to None, run_after=None
[2026-09-10T21:15:13.650+0000] {processor.py:208} INFO - Processing /opt/airflow/dags/03_parallel.py took 0.590 seconds
[2026-09-10T21:15:44.166+0000] {processor.py:186} INFO - Started process (PID=8062) to work on /opt/airflow/dags/03_parallel.py
[2026-09-10T21:15:44.167+0000] {processor.py:914} INFO - Processing file /opt/airflow/dags/03_parallel.py for tasks to queue
[2026-09-10T21:15:44.170+0000] {logging_mixin.py:190} INFO - [2026-09-10T21:15:44.170+0000] {dagbag.py:588} INFO - Filling up the DagBag from /opt/airflow/dags/03_parallel.py
[2026-09-10T21:15:44.180+0000] {processor.py:925} INFO - DAG(s) '03_parallel' retrieved from /opt/airflow/dags/03_parallel.py
[2026-09-10T21:15:44.217+0000] {logging_mixin.py:190} INFO - [2026-09-10T21:15:44.216+0000] {dag.py:3239} INFO - Sync 1 DAGs
[2026-09-10T21:15:44.243+0000] {logging_mixin.py:190} INFO - [2026-09-10T21:15:44.242+0000] {dag.py:4180} INFO - Setting next_dagrun for 03_parallel to None, run_after=None
[2026-09-10T21:15:44.265+0000] {processor.py:208} INFO - Processing /opt/airflow/dags/03_parallel.py took 0.108 seconds
[2026-09-10T21:16:14.405+0000] {processor.py:186} INFO - Started process (PID=8132) to work on /opt/airflow/dags/03_parallel.py
[2026-09-10T21:16:14.407+0000] {processor.py:914} INFO - Processing file /opt/airflow/dags/03_parallel.py for tasks to queue
[2026-09-10T21:16:14.410+0000] {logging_mixin.py:190} INFO - [2026-09-10T21:16:14.409+0000] {dagbag.py:588} INFO - Filling up the DagBag from /opt/airflow/dags/03_parallel.py
[2026-09-10T21:16:14.421+0000] {processor.py:925} INFO - DAG(s) '03_parallel' retrieved from /opt/airflow/dags/03_parallel.py
[2026-09-10T21:16:14.457+0000] {logging_mixin.py:190} INFO - [2026-09-10T21:16:14.457+0000] {dag.py:3239} INFO - Sync 1 DAGs
[2026-09-10T21:16:14.474+0000] {logging_mixin.py:190} INFO - [2026-09-10T21:16:14.474+0000] {dag.py:4180} INFO - Setting next_dagrun for 03_parallel to None, run_after=None
[2026-09-10T21:16:14.493+0000] {processor.py:208} INFO - Processing /opt/airflow/dags/03_parallel.py took 0.097 seconds
[2026-09-10T21:16:44.537+0000] {processor.py:186} INFO - Started process (PID=8202) to work on /opt/airflow/dags/03_parallel.py
[2026-09-10T21:16:44.538+0000] {processor.py:914} INFO - Processing file /opt/airflow/dags/03_parallel.py for tasks to queue
[2026-09-10T21:16:44.541+0000] {logging_mixin.py:190} INFO - [2026-09-10T21:16:44.540+0000] {dagbag.py:588} INFO - Filling up the DagBag from /opt/airflow/dags/03_parallel.py
[2026-09-10T21:16:44.551+0000] {processor.py:925} INFO - DAG(s) '03_parallel' retrieved from /opt/airflow/dags/03_parallel.py
[2026-09-10T21:16:44.583+0000] {logging_mixin.py:190} INFO - [2026-09-10T21:16:44.583+0000] {dag.py:3239} INFO - Sync 1 DAGs
[2026-09-10T21:16:44.600+0000] {logging_mixin.py:190} INFO - [2026-09-10T21:16:44.599+0000] {dag.py:4180} INFO - Setting next_dagrun for 03_parallel to None, run_after=None
[2026-09-10T21:16:44.619+0000] {processor.py:208} INFO - Processing /opt/airflow/dags/03_parallel.py took 0.090 seconds
[2026-09-10T21:17:14.711+0000] {processor.py:186} INFO - Started process (PID=8272) to work on /opt/airflow/dags/03_parallel.py
[2026-09-10T21:17:14.712+0000] {processor.py:914} INFO - Processing file /opt/airflow/dags/03_parallel.py for tasks to queue
[2026-09-10T21:17:14.715+0000] {logging_mixin.py:190} INFO - [2026-09-10T21:17:14.714+0000] {dagbag.py:588} INFO - Filling up the DagBag from /opt/airflow/dags/03_parallel.py
[2026-09-10T21:17:14.724+0000] {processor.py:925} INFO - DAG(s) '03_parallel' retrieved from /opt/airflow/dags/03_parallel.py
[2026-09-10T21:17:14.755+0000] {logging_mixin.py:190} INFO - [2026-09-10T21:17:14.754+0000] {dag.py:3239} INFO - Sync 1 DAGs
[2026-09-10T21:17:14.770+0000] {logging_mixin.py:190} INFO - [2026-09-10T21:17:14.770+0000] {dag.py:4180} INFO - Setting next_dagrun for 03_parallel to None, run_after=None
[2026-09-10T21:17:14.790+0000] {processor.py:208} INFO - Processing /opt/airflow/dags/03_parallel.py took 0.089 seconds
[2026-09-10T21:17:44.907+0000] {processor.py:186} INFO - Started process (PID=8342) to work on /opt/airflow/dags/03_parallel.py
[2026-09-10T21:17:44.909+0000] {processor.py:914} INFO - Processing file /opt/airflow/dags/03_parallel.py for tasks to queue
[2026-09-10T21:17:44.911+0000] {logging_mixin.py:190} INFO - [2026-09-10T21:17:44.910+0000] {dagbag.py:588} INFO - Filling up the DagBag from /opt/airflow/dags/03_parallel.py
[2026-09-10T21:17:44.919+0000] {processor.py:925} INFO - DAG(s) '03_parallel' retrieved from /opt/airflow/dags/03_parallel.py
[2026-09-10T21:17:44.947+0000] {logging_mixin.py:190} INFO - [2026-09-10T21:17:44.947+0000] {dag.py:3239} INFO - Sync 1 DAGs
[2026-09-10T21:17:44.962+0000] {logging_mixin.py:190} INFO - [2026-09-10T21:17:44.962+0000] {dag.py:4180} INFO - Setting next_dagrun for 03_parallel to None, run_after=None
[2026-09-10T21:17:44.981+0000] {processor.py:208} INFO - Processing /opt/airflow/dags/03_parallel.py took 0.080 seconds
[2026-09-10T21:18:15.121+0000] {processor.py:186} INFO - Started process (PID=8412) to work on /opt/airflow/dags/03_parallel.py
[2026-09-10T21:18:15.122+0000] {processor.py:914} INFO - Processing file /opt/airflow/dags/03_parallel.py for tasks to queue
[2026-09-10T21:18:15.125+0000] {logging_mixin.py:190} INFO - [2026-09-10T21:18:15.125+0000] {dagbag.py:588} INFO - Filling up the DagBag from /opt/airflow/dags/03_parallel.py
[2026-09-10T21:18:15.134+0000] {processor.py:925} INFO - DAG(s) '03_parallel' retrieved from /opt/airflow/dags/03_parallel.py
[2026-09-10T21:18:15.165+0000] {logging_mixin.py:190} INFO - [2026-09-10T21:18:15.165+0000] {dag.py:3239} INFO - Sync 1 DAGs
[2026-09-10T21:18:15.181+0000] {logging_mixin.py:190} INFO - [2026-09-10T21:18:15.181+0000] {dag.py:4180} INFO - Setting next_dagrun for 03_parallel to None, run_after=None
[2026-09-10T21:18:15.202+0000] {processor.py:208} INFO - Processing /opt/airflow/dags/03_parallel.py took 0.089 seconds
[2026-09-10T21:18:45.343+0000] {processor.py:186} INFO - Started process (PID=8482) to work on /opt/airflow/dags/03_parallel.py
[2026-09-10T21:18:45.344+0000] {processor.py:914} INFO - Processing file /opt/airflow/dags/03_parallel.py for tasks to queue
[2026-09-10T21:18:45.347+0000] {logging_mixin.py:190} INFO - [2026-09-10T21:18:45.346+0000] {dagbag.py:588} INFO - Filling up the DagBag from /opt/airflow/dags/03_parallel.py
[2026-09-10T21:18:45.355+0000] {processor.py:925} INFO - DAG(s) '03_parallel' retrieved from /opt/airflow/dags/03_parallel.py
[2026-09-10T21:18:45.386+0000] {logging_mixin.py:190} INFO - [2026-09-10T21:18:45.386+0000] {dag.py:3239} INFO - Sync 1 DAGs
[2026-09-10T21:18:45.403+0000] {logging_mixin.py:190} INFO - [2026-09-10T21:18:45.402+0000] {dag.py:4180} INFO - Setting next_dagrun for 03_parallel to None, run_after=None
[2026-09-10T21:18:45.426+0000] {processor.py:208} INFO - Processing /opt/airflow/dags/03_parallel.py took 0.091 seconds
[2026-09-10T21:19:16.428+0000] {processor.py:186} INFO - Started process (PID=8552) to work on /opt/airflow/dags/03_parallel.py
[2026-09-10T21:19:16.429+0000] {processor.py:914} INFO - Processing file /opt/airflow/dags/03_parallel.py for tasks to queue
[2026-09-10T21:19:16.431+0000] {logging_mixin.py:190} INFO - [2026-09-10T21:19:16.431+0000] {dagbag.py:588} INFO - Filling up the DagBag from /opt/airflow/dags/03_parallel.py
[2026-09-10T21:19:16.440+0000] {processor.py:925} INFO - DAG(s) '03_parallel' retrieved from /opt/airflow/dags/03_parallel.py
[2026-09-10T21:19:16.469+0000] {logging_mixin.py:190} INFO - [2026-09-10T21:19:16.469+0000] {dag.py:3239} INFO - Sync 1 DAGs
[2026-09-10T21:19:16.485+0000] {logging_mixin.py:190} INFO - [2026-09-10T21:19:16.484+0000] {dag.py:4180} INFO - Setting next_dagrun for 03_parallel to None, run_after=None
[2026-09-10T21:19:16.504+0000] {processor.py:208} INFO - Processing /opt/airflow/dags/03_parallel.py took 0.084 seconds
[2026-09-10T21:19:46.662+0000] {processor.py:186} INFO - Started process (PID=8622) to work on /opt/airflow/dags/03_parallel.py
[2026-09-10T21:19:46.663+0000] {processor.py:914} INFO - Processing file /opt/airflow/dags/03_parallel.py for tasks to queue
[2026-09-10T21:19:46.667+0000] {logging_mixin.py:190} INFO - [2026-09-10T21:19:46.667+0000] {dagbag.py:588} INFO - Filling up the DagBag from /opt/airflow/dags/03_parallel.py
[2026-09-10T21:19:46.681+0000] {processor.py:925} INFO - DAG(s) '03_parallel' retrieved from /opt/airflow/dags/03_parallel.py
[2026-09-10T21:19:46.719+0000] {logging_mixin.py:190} INFO - [2026-09-10T21:19:46.718+0000] {dag.py:3239} INFO - Sync 1 DAGs
[2026-09-10T21:19:46.751+0000] {logging_mixin.py:190} INFO - [2026-09-10T21:19:46.751+0000] {dag.py:4180} INFO - Setting next_dagrun for 03_parallel to None, run_after=None
[2026-09-10T21:19:46.776+0000] {processor.py:208} INFO - Processing /opt/airflow/dags/03_parallel.py took 0.124 seconds
[2026-09-10T21:20:16.876+0000] {processor.py:186} INFO - Started process (PID=8692) to work on /opt/airflow/dags/03_parallel.py
[2026-09-10T21:20:16.876+0000] {processor.py:914} INFO - Processing file /opt/airflow/dags/03_parallel.py for tasks to queue
[2026-09-10T21:20:16.878+0000] {logging_mixin.py:190} INFO - [2026-09-10T21:20:16.878+0000] {dagbag.py:588} INFO - Filling up the DagBag from /opt/airflow/dags/03_parallel.py
[2026-09-10T21:20:16.889+0000] {processor.py:925} INFO - DAG(s) '03_parallel' retrieved from /opt/airflow/dags/03_parallel.py
[2026-09-10T21:20:16.924+0000] {logging_mixin.py:190} INFO - [2026-09-10T21:20:16.924+0000] {dag.py:3239} INFO - Sync 1 DAGs
[2026-09-10T21:20:16.944+0000] {logging_mixin.py:190} INFO - [2026-09-10T21:20:16.944+0000] {dag.py:4180} INFO - Setting next_dagrun for 03_parallel to None, run_after=None
[2026-09-10T21:20:16.967+0000] {processor.py:208} INFO - Processing /opt/airflow/dags/03_parallel.py took 0.101 seconds
[2026-09-10T21:20:47.087+0000] {processor.py:186} INFO - Started process (PID=8762) to work on /opt/airflow/dags/03_parallel.py
[2026-09-10T21:20:47.088+0000] {processor.py:914} INFO - Processing file /opt/airflow/dags/03_parallel.py for tasks to queue
[2026-09-10T21:20:47.091+0000] {logging_mixin.py:190} INFO - [2026-09-10T21:20:47.090+0000] {dagbag.py:588} INFO - Filling up the DagBag from /opt/airflow/dags/03_parallel.py
[2026-09-10T21:20:47.101+0000] {processor.py:925} INFO - DAG(s) '03_parallel' retrieved from /opt/airflow/dags/03_parallel.py
[2026-09-10T21:20:47.132+0000] {logging_mixin.py:190} INFO - [2026-09-10T21:20:47.132+0000] {dag.py:3239} INFO - Sync 1 DAGs
[2026-09-10T21:20:47.149+0000] {logging_mixin.py:190} INFO - [2026-09-10T21:20:47.149+0000] {dag.py:4180} INFO - Setting next_dagrun for 03_parallel to None, run_after=None
[2026-09-10T21:20:47.167+0000] {processor.py:208} INFO - Processing /opt/airflow/dags/03_parallel.py took 0.089 seconds
[2026-09-10T21:21:17.229+0000] {processor.py:186} INFO - Started process (PID=8832) to work on /opt/airflow/dags/03_parallel.py
[2026-09-10T21:21:17.230+0000] {processor.py:914} INFO - Processing file /opt/airflow/dags/03_parallel.py for tasks to queue
[2026-09-10T21:21:17.234+0000] {logging_mixin.py:190} INFO - [2026-09-10T21:21:17.233+0000] {dagbag.py:588} INFO - Filling up the DagBag from /opt/airflow/dags/03_parallel.py
[2026-09-10T21:21:17.246+0000] {processor.py:925} INFO - DAG(s) '03_parallel' retrieved from /opt/airflow/dags/03_parallel.py
[2026-09-10T21:21:17.282+0000] {logging_mixin.py:190} INFO - [2026-09-10T21:21:17.282+0000] {dag.py:3239} INFO - Sync 1 DAGs
[2026-09-10T21:21:17.298+0000] {logging_mixin.py:190} INFO - [2026-09-10T21:21:17.298+0000] {dag.py:4180} INFO - Setting next_dagrun for 03_parallel to None, run_after=None
[2026-09-10T21:21:17.317+0000] {processor.py:208} INFO - Processing /opt/airflow/dags/03_parallel.py took 0.096 seconds
[2026-09-10T21:21:47.417+0000] {processor.py:186} INFO - Started process (PID=8902) to work on /opt/airflow/dags/03_parallel.py
[2026-09-10T21:21:47.418+0000] {processor.py:914} INFO - Processing file /opt/airflow/dags/03_parallel.py for tasks to queue
[2026-09-10T21:21:47.420+0000] {logging_mixin.py:190} INFO - [2026-09-10T21:21:47.420+0000] {dagbag.py:588} INFO - Filling up the DagBag from /opt/airflow/dags/03_parallel.py
[2026-09-10T21:21:47.428+0000] {processor.py:925} INFO - DAG(s) '03_parallel' retrieved from /opt/airflow/dags/03_parallel.py
[2026-09-10T21:21:47.461+0000] {logging_mixin.py:190} INFO - [2026-09-10T21:21:47.460+0000] {dag.py:3239} INFO - Sync 1 DAGs
[2026-09-10T21:21:47.479+0000] {logging_mixin.py:190} INFO - [2026-09-10T21:21:47.479+0000] {dag.py:4180} INFO - Setting next_dagrun for 03_parallel to None, run_after=None
[2026-09-10T21:21:47.504+0000] {processor.py:208} INFO - Processing /opt/airflow/dags/03_parallel.py took 0.094 seconds
[2026-09-10T21:22:17.593+0000] {processor.py:186} INFO - Started process (PID=8972) to work on /opt/airflow/dags/03_parallel.py
[2026-09-10T21:22:17.594+0000] {processor.py:914} INFO - Processing file /opt/airflow/dags/03_parallel.py for tasks to queue
[2026-09-10T21:22:17.597+0000] {logging_mixin.py:190} INFO - [2026-09-10T21:22:17.597+0000] {dagbag.py:588} INFO - Filling up the DagBag from /opt/airflow/dags/03_parallel.py
[2026-09-10T21:22:17.608+0000] {processor.py:925} INFO - DAG(s) '03_parallel' retrieved from /opt/airflow/dags/03_parallel.py
[2026-09-10T21:22:17.643+0000] {logging_mixin.py:190} INFO - [2026-09-10T21:22:17.642+0000] {dag.py:3239} INFO - Sync 1 DAGs
[2026-09-10T21:22:17.659+0000] {logging_mixin.py:190} INFO - [2026-09-10T21:22:17.658+0000] {dag.py:4180} INFO - Setting next_dagrun for 03_parallel to None, run_after=None
[2026-09-10T21:22:17.679+0000] {processor.py:208} INFO - Processing /opt/airflow/dags/03_parallel.py took 0.094 seconds
[2026-09-10T21:22:47.850+0000] {processor.py:186} INFO - Started process (PID=9042) to work on /opt/airflow/dags/03_parallel.py
[2026-09-10T21:22:47.852+0000] {processor.py:914} INFO - Processing file /opt/airflow/dags/03_parallel.py for tasks to queue
[2026-09-10T21:22:47.854+0000] {logging_mixin.py:190} INFO - [2026-09-10T21:22:47.854+0000] {dagbag.py:588} INFO - Filling up the DagBag from /opt/airflow/dags/03_parallel.py
[2026-09-10T21:22:47.865+0000] {processor.py:925} INFO - DAG(s) '03_parallel' retrieved from /opt/airflow/dags/03_parallel.py
[2026-09-10T21:22:47.895+0000] {logging_mixin.py:190} INFO - [2026-09-10T21:22:47.895+0000] {dag.py:3239} INFO - Sync 1 DAGs
[2026-09-10T21:22:47.912+0000] {logging_mixin.py:190} INFO - [2026-09-10T21:22:47.912+0000] {dag.py:4180} INFO - Setting next_dagrun for 03_parallel to None, run_after=None
[2026-09-10T21:22:47.932+0000] {processor.py:208} INFO - Processing /opt/airflow/dags/03_parallel.py took 0.090 seconds
[2026-09-10T21:23:18.095+0000] {processor.py:186} INFO - Started process (PID=9112) to work on /opt/airflow/dags/03_parallel.py
[2026-09-10T21:23:18.096+0000] {processor.py:914} INFO - Processing file /opt/airflow/dags/03_parallel.py for tasks to queue
[2026-09-10T21:23:18.100+0000] {logging_mixin.py:190} INFO - [2026-09-10T21:23:18.099+0000] {dagbag.py:588} INFO - Filling up the DagBag from /opt/airflow/dags/03_parallel.py
[2026-09-10T21:23:18.112+0000] {processor.py:925} INFO - DAG(s) '03_parallel' retrieved from /opt/airflow/dags/03_parallel.py
[2026-09-10T21:23:18.141+0000] {logging_mixin.py:190} INFO - [2026-09-10T21:23:18.141+0000] {dag.py:3239} INFO - Sync 1 DAGs
[2026-09-10T21:23:18.157+0000] {logging_mixin.py:190} INFO - [2026-09-10T21:23:18.157+0000] {dag.py:4180} INFO - Setting next_dagrun for 03_parallel to None, run_after=None
[2026-09-10T21:23:18.178+0000] {processor.py:208} INFO - Processing /opt/airflow/dags/03_parallel.py took 0.089 seconds
[2026-09-10T21:23:48.330+0000] {processor.py:186} INFO - Started process (PID=9182) to work on /opt/airflow/dags/03_parallel.py
[2026-09-10T21:23:48.331+0000] {processor.py:914} INFO - Processing file /opt/airflow/dags/03_parallel.py for tasks to queue
[2026-09-10T21:23:48.334+0000] {logging_mixin.py:190} INFO - [2026-09-10T21:23:48.334+0000] {dagbag.py:588} INFO - Filling up the DagBag from /opt/airflow/dags/03_parallel.py
[2026-09-10T21:23:48.344+0000] {processor.py:925} INFO - DAG(s) '03_parallel' retrieved from /opt/airflow/dags/03_parallel.py
[2026-09-10T21:23:48.377+0000] {logging_mixin.py:190} INFO - [2026-09-10T21:23:48.377+0000] {dag.py:3239} INFO - Sync 1 DAGs
[2026-09-10T21:23:48.394+0000] {logging_mixin.py:190} INFO - [2026-09-10T21:23:48.394+0000] {dag.py:4180} INFO - Setting next_dagrun for 03_parallel to None, run_after=None
[2026-09-10T21:23:48.414+0000] {processor.py:208} INFO - Processing /opt/airflow/dags/03_parallel.py took 0.092 seconds
[2026-09-10T21:24:18.499+0000] {processor.py:186} INFO - Started process (PID=9252) to work on /opt/airflow/dags/03_parallel.py
[2026-09-10T21:24:18.500+0000] {processor.py:914} INFO - Processing file /opt/airflow/dags/03_parallel.py for tasks to queue
[2026-09-10T21:24:18.503+0000] {logging_mixin.py:190} INFO - [2026-09-10T21:24:18.503+0000] {dagbag.py:588} INFO - Filling up the DagBag from /opt/airflow/dags/03_parallel.py
[2026-09-10T21:24:18.513+0000] {processor.py:925} INFO - DAG(s) '03_parallel' retrieved from /opt/airflow/dags/03_parallel.py
[2026-09-10T21:24:18.543+0000] {logging_mixin.py:190} INFO - [2026-09-10T21:24:18.542+0000] {dag.py:3239} INFO - Sync 1 DAGs
[2026-09-10T21:24:18.559+0000] {logging_mixin.py:190} INFO - [2026-09-10T21:24:18.558+0000] {dag.py:4180} INFO - Setting next_dagrun for 03_parallel to None, run_after=None
[2026-09-10T21:24:18.578+0000] {processor.py:208} INFO - Processing /opt/airflow/dags/03_parallel.py took 0.088 seconds
[2026-09-10T21:24:48.785+0000] {processor.py:186} INFO - Started process (PID=9322) to work on /opt/airflow/dags/03_parallel.py
[2026-09-10T21:24:48.786+0000] {processor.py:914} INFO - Processing file /opt/airflow/dags/03_parallel.py for tasks to queue
[2026-09-10T21:24:48.789+0000] {logging_mixin.py:190} INFO - [2026-09-10T21:24:48.789+0000] {dagbag.py:588} INFO - Filling up the DagBag from /opt/airflow/dags/03_parallel.py
[2026-09-10T21:24:48.800+0000] {processor.py:925} INFO - DAG(s) '03_parallel' retrieved from /opt/airflow/dags/03_parallel.py
[2026-09-10T21:24:48.830+0000] {logging_mixin.py:190} INFO - [2026-09-10T21:24:48.830+0000] {dag.py:3239} INFO - Sync 1 DAGs
[2026-09-10T21:24:48.846+0000] {logging_mixin.py:190} INFO - [2026-09-10T21:24:48.846+0000] {dag.py:4180} INFO - Setting next_dagrun for 03_parallel to None, run_after=None
[2026-09-10T21:24:48.867+0000] {processor.py:208} INFO - Processing /opt/airflow/dags/03_parallel.py took 0.090 seconds
[2026-09-10T21:25:18.941+0000] {processor.py:186} INFO - Started process (PID=9392) to work on /opt/airflow/dags/03_parallel.py
[2026-09-10T21:25:18.944+0000] {processor.py:914} INFO - Processing file /opt/airflow/dags/03_parallel.py for tasks to queue
[2026-09-10T21:25:18.948+0000] {logging_mixin.py:190} INFO - [2026-09-10T21:25:18.948+0000] {dagbag.py:588} INFO - Filling up the DagBag from /opt/airflow/dags/03_parallel.py
[2026-09-10T21:25:18.968+0000] {processor.py:925} INFO - DAG(s) '03_parallel' retrieved from /opt/airflow/dags/03_parallel.py
[2026-09-10T21:25:19.009+0000] {logging_mixin.py:190} INFO - [2026-09-10T21:25:19.009+0000] {dag.py:3239} INFO - Sync 1 DAGs
[2026-09-10T21:25:19.033+0000] {logging_mixin.py:190} INFO - [2026-09-10T21:25:19.033+0000] {dag.py:4180} INFO - Setting next_dagrun for 03_parallel to None, run_after=None
[2026-09-10T21:25:19.054+0000] {processor.py:208} INFO - Processing /opt/airflow/dags/03_parallel.py took 0.123 seconds
[2026-09-10T21:25:49.186+0000] {processor.py:186} INFO - Started process (PID=9462) to work on /opt/airflow/dags/03_parallel.py
[2026-09-10T21:25:49.187+0000] {processor.py:914} INFO - Processing file /opt/airflow/dags/03_parallel.py for tasks to queue
[2026-09-10T21:25:49.189+0000] {logging_mixin.py:190} INFO - [2026-09-10T21:25:49.189+0000] {dagbag.py:588} INFO - Filling up the DagBag from /opt/airflow/dags/03_parallel.py
[2026-09-10T21:25:49.197+0000] {processor.py:925} INFO - DAG(s) '03_parallel' retrieved from /opt/airflow/dags/03_parallel.py
[2026-09-10T21:25:49.228+0000] {logging_mixin.py:190} INFO - [2026-09-10T21:25:49.227+0000] {dag.py:3239} INFO - Sync 1 DAGs
[2026-09-10T21:25:49.243+0000] {logging_mixin.py:190} INFO - [2026-09-10T21:25:49.243+0000] {dag.py:4180} INFO - Setting next_dagrun for 03_parallel to None, run_after=None
[2026-09-10T21:25:49.262+0000] {processor.py:208} INFO - Processing /opt/airflow/dags/03_parallel.py took 0.083 seconds
[2026-09-10T21:26:19.396+0000] {processor.py:186} INFO - Started process (PID=9532) to work on /opt/airflow/dags/03_parallel.py
[2026-09-10T21:26:19.397+0000] {processor.py:914} INFO - Processing file /opt/airflow/dags/03_parallel.py for tasks to queue
[2026-09-10T21:26:19.399+0000] {logging_mixin.py:190} INFO - [2026-09-10T21:26:19.399+0000] {dagbag.py:588} INFO - Filling up the DagBag from /opt/airflow/dags/03_parallel.py
[2026-09-10T21:26:19.410+0000] {processor.py:925} INFO - DAG(s) '03_parallel' retrieved from /opt/airflow/dags/03_parallel.py
[2026-09-10T21:26:19.443+0000] {logging_mixin.py:190} INFO - [2026-09-10T21:26:19.443+0000] {dag.py:3239} INFO - Sync 1 DAGs
[2026-09-10T21:26:19.460+0000] {logging_mixin.py:190} INFO - [2026-09-10T21:26:19.459+0000] {dag.py:4180} INFO - Setting next_dagrun for 03_parallel to None, run_after=None
[2026-09-10T21:26:19.478+0000] {processor.py:208} INFO - Processing /opt/airflow/dags/03_parallel.py took 0.091 seconds
[2026-09-10T21:26:49.540+0000] {processor.py:186} INFO - Started process (PID=9602) to work on /opt/airflow/dags/03_parallel.py
[2026-09-10T21:26:49.542+0000] {processor.py:914} INFO - Processing file /opt/airflow/dags/03_parallel.py for tasks to queue
[2026-09-10T21:26:49.544+0000] {logging_mixin.py:190} INFO - [2026-09-10T21:26:49.544+0000] {dagbag.py:588} INFO - Filling up the DagBag from /opt/airflow/dags/03_parallel.py
[2026-09-10T21:26:49.555+0000] {processor.py:925} INFO - DAG(s) '03_parallel' retrieved from /opt/airflow/dags/03_parallel.py
[2026-09-10T21:26:49.585+0000] {logging_mixin.py:190} INFO - [2026-09-10T21:26:49.585+0000] {dag.py:3239} INFO - Sync 1 DAGs
[2026-09-10T21:26:49.600+0000] {logging_mixin.py:190} INFO - [2026-09-10T21:26:49.600+0000] {dag.py:4180} INFO - Setting next_dagrun for 03_parallel to None, run_after=None
[2026-09-10T21:26:49.619+0000] {processor.py:208} INFO - Processing /opt/airflow/dags/03_parallel.py took 0.088 seconds
[2026-09-10T21:27:19.762+0000] {processor.py:186} INFO - Started process (PID=9672) to work on /opt/airflow/dags/03_parallel.py
[2026-09-10T21:27:19.763+0000] {processor.py:914} INFO - Processing file /opt/airflow/dags/03_parallel.py for tasks to queue
[2026-09-10T21:27:19.767+0000] {logging_mixin.py:190} INFO - [2026-09-10T21:27:19.767+0000] {dagbag.py:588} INFO - Filling up the DagBag from /opt/airflow/dags/03_parallel.py
[2026-09-10T21:27:19.786+0000] {processor.py:925} INFO - DAG(s) '03_parallel' retrieved from /opt/airflow/dags/03_parallel.py
[2026-09-10T21:27:19.851+0000] {logging_mixin.py:190} INFO - [2026-09-10T21:27:19.850+0000] {dag.py:3239} INFO - Sync 1 DAGs
[2026-09-10T21:27:19.881+0000] {logging_mixin.py:190} INFO - [2026-09-10T21:27:19.881+0000] {dag.py:4180} INFO - Setting next_dagrun for 03_parallel to None, run_after=None
[2026-09-10T21:27:19.929+0000] {processor.py:208} INFO - Processing /opt/airflow/dags/03_parallel.py took 0.178 seconds
[2026-09-10T21:27:50.134+0000] {processor.py:186} INFO - Started process (PID=9742) to work on /opt/airflow/dags/03_parallel.py
[2026-09-10T21:27:50.135+0000] {processor.py:914} INFO - Processing file /opt/airflow/dags/03_parallel.py for tasks to queue
[2026-09-10T21:27:50.137+0000] {logging_mixin.py:190} INFO - [2026-09-10T21:27:50.137+0000] {dagbag.py:588} INFO - Filling up the DagBag from /opt/airflow/dags/03_parallel.py
[2026-09-10T21:27:50.147+0000] {processor.py:925} INFO - DAG(s) '03_parallel' retrieved from /opt/airflow/dags/03_parallel.py
[2026-09-10T21:27:50.181+0000] {logging_mixin.py:190} INFO - [2026-09-10T21:27:50.181+0000] {dag.py:3239} INFO - Sync 1 DAGs
[2026-09-10T21:27:50.201+0000] {logging_mixin.py:190} INFO - [2026-09-10T21:27:50.201+0000] {dag.py:4180} INFO - Setting next_dagrun for 03_parallel to None, run_after=None
[2026-09-10T21:27:50.223+0000] {processor.py:208} INFO - Processing /opt/airflow/dags/03_parallel.py took 0.100 seconds
[2026-09-10T21:28:20.284+0000] {processor.py:186} INFO - Started process (PID=9812) to work on /opt/airflow/dags/03_parallel.py
[2026-09-10T21:28:20.285+0000] {processor.py:914} INFO - Processing file /opt/airflow/dags/03_parallel.py for tasks to queue
[2026-09-10T21:28:20.288+0000] {logging_mixin.py:190} INFO - [2026-09-10T21:28:20.288+0000] {dagbag.py:588} INFO - Filling up the DagBag from /opt/airflow/dags/03_parallel.py
[2026-09-10T21:28:20.299+0000] {processor.py:925} INFO - DAG(s) '03_parallel' retrieved from /opt/airflow/dags/03_parallel.py
[2026-09-10T21:28:20.336+0000] {logging_mixin.py:190} INFO - [2026-09-10T21:28:20.336+0000] {dag.py:3239} INFO - Sync 1 DAGs
[2026-09-10T21:28:20.353+0000] {logging_mixin.py:190} INFO - [2026-09-10T21:28:20.353+0000] {dag.py:4180} INFO - Setting next_dagrun for 03_parallel to None, run_after=None
[2026-09-10T21:28:20.372+0000] {processor.py:208} INFO - Processing /opt/airflow/dags/03_parallel.py took 0.097 seconds
[2026-09-10T21:28:50.481+0000] {processor.py:186} INFO - Started process (PID=9882) to work on /opt/airflow/dags/03_parallel.py
[2026-09-10T21:28:50.483+0000] {processor.py:914} INFO - Processing file /opt/airflow/dags/03_parallel.py for tasks to queue
[2026-09-10T21:28:50.486+0000] {logging_mixin.py:190} INFO - [2026-09-10T21:28:50.486+0000] {dagbag.py:588} INFO - Filling up the DagBag from /opt/airflow/dags/03_parallel.py
[2026-09-10T21:28:50.498+0000] {processor.py:925} INFO - DAG(s) '03_parallel' retrieved from /opt/airflow/dags/03_parallel.py
[2026-09-10T21:28:50.532+0000] {logging_mixin.py:190} INFO - [2026-09-10T21:28:50.531+0000] {dag.py:3239} INFO - Sync 1 DAGs
[2026-09-10T21:28:50.550+0000] {logging_mixin.py:190} INFO - [2026-09-10T21:28:50.550+0000] {dag.py:4180} INFO - Setting next_dagrun for 03_parallel to None, run_after=None
[2026-09-10T21:28:50.570+0000] {processor.py:208} INFO - Processing /opt/airflow/dags/03_parallel.py took 0.098 seconds
[2026-09-10T21:29:20.772+0000] {processor.py:186} INFO - Started process (PID=9952) to work on /opt/airflow/dags/03_parallel.py
[2026-09-10T21:29:20.773+0000] {processor.py:914} INFO - Processing file /opt/airflow/dags/03_parallel.py for tasks to queue
[2026-09-10T21:29:20.779+0000] {logging_mixin.py:190} INFO - [2026-09-10T21:29:20.779+0000] {dagbag.py:588} INFO - Filling up the DagBag from /opt/airflow/dags/03_parallel.py
[2026-09-10T21:29:20.787+0000] {processor.py:925} INFO - DAG(s) '03_parallel' retrieved from /opt/airflow/dags/03_parallel.py
[2026-09-10T21:29:20.820+0000] {logging_mixin.py:190} INFO - [2026-09-10T21:29:20.820+0000] {dag.py:3239} INFO - Sync 1 DAGs
[2026-09-10T21:29:20.837+0000] {logging_mixin.py:190} INFO - [2026-09-10T21:29:20.837+0000] {dag.py:4180} INFO - Setting next_dagrun for 03_parallel to None, run_after=None
[2026-09-10T21:29:20.857+0000] {processor.py:208} INFO - Processing /opt/airflow/dags/03_parallel.py took 0.091 seconds
[2026-09-10T21:29:50.976+0000] {processor.py:186} INFO - Started process (PID=10022) to work on /opt/airflow/dags/03_parallel.py
[2026-09-10T21:29:50.977+0000] {processor.py:914} INFO - Processing file /opt/airflow/dags/03_parallel.py for tasks to queue
[2026-09-10T21:29:50.981+0000] {logging_mixin.py:190} INFO - [2026-09-10T21:29:50.980+0000] {dagbag.py:588} INFO - Filling up the DagBag from /opt/airflow/dags/03_parallel.py
[2026-09-10T21:29:50.997+0000] {processor.py:925} INFO - DAG(s) '03_parallel' retrieved from /opt/airflow/dags/03_parallel.py
[2026-09-10T21:29:51.049+0000] {logging_mixin.py:190} INFO - [2026-09-10T21:29:51.049+0000] {dag.py:3239} INFO - Sync 1 DAGs
[2026-09-10T21:29:51.075+0000] {logging_mixin.py:190} INFO - [2026-09-10T21:29:51.074+0000] {dag.py:4180} INFO - Setting next_dagrun for 03_parallel to None, run_after=None
[2026-09-10T21:29:51.101+0000] {processor.py:208} INFO - Processing /opt/airflow/dags/03_parallel.py took 0.137 seconds
[2026-09-10T21:30:21.305+0000] {processor.py:186} INFO - Started process (PID=10092) to work on /opt/airflow/dags/03_parallel.py
[2026-09-10T21:30:21.306+0000] {processor.py:914} INFO - Processing file /opt/airflow/dags/03_parallel.py for tasks to queue
[2026-09-10T21:30:21.309+0000] {logging_mixin.py:190} INFO - [2026-09-10T21:30:21.309+0000] {dagbag.py:588} INFO - Filling up the DagBag from /opt/airflow/dags/03_parallel.py
[2026-09-10T21:30:21.321+0000] {processor.py:925} INFO - DAG(s) '03_parallel' retrieved from /opt/airflow/dags/03_parallel.py
[2026-09-10T21:30:21.355+0000] {logging_mixin.py:190} INFO - [2026-09-10T21:30:21.354+0000] {dag.py:3239} INFO - Sync 1 DAGs
[2026-09-10T21:30:21.373+0000] {logging_mixin.py:190} INFO - [2026-09-10T21:30:21.373+0000] {dag.py:4180} INFO - Setting next_dagrun for 03_parallel to None, run_after=None
[2026-09-10T21:30:21.394+0000] {processor.py:208} INFO - Processing /opt/airflow/dags/03_parallel.py took 0.098 seconds
[2026-09-10T21:30:51.514+0000] {processor.py:186} INFO - Started process (PID=10162) to work on /opt/airflow/dags/03_parallel.py
[2026-09-10T21:30:51.516+0000] {processor.py:914} INFO - Processing file /opt/airflow/dags/03_parallel.py for tasks to queue
[2026-09-10T21:30:51.520+0000] {logging_mixin.py:190} INFO - [2026-09-10T21:30:51.519+0000] {dagbag.py:588} INFO - Filling up the DagBag from /opt/airflow/dags/03_parallel.py
[2026-09-10T21:30:51.537+0000] {processor.py:925} INFO - DAG(s) '03_parallel' retrieved from /opt/airflow/dags/03_parallel.py
[2026-09-10T21:30:51.577+0000] {logging_mixin.py:190} INFO - [2026-09-10T21:30:51.577+0000] {dag.py:3239} INFO - Sync 1 DAGs
[2026-09-10T21:30:51.598+0000] {logging_mixin.py:190} INFO - [2026-09-10T21:30:51.597+0000] {dag.py:4180} INFO - Setting next_dagrun for 03_parallel to None, run_after=None
[2026-09-10T21:30:51.620+0000] {processor.py:208} INFO - Processing /opt/airflow/dags/03_parallel.py took 0.119 seconds
[2026-09-10T21:31:21.741+0000] {processor.py:186} INFO - Started process (PID=10232) to work on /opt/airflow/dags/03_parallel.py
[2026-09-10T21:31:21.742+0000] {processor.py:914} INFO - Processing file /opt/airflow/dags/03_parallel.py for tasks to queue
[2026-09-10T21:31:21.744+0000] {logging_mixin.py:190} INFO - [2026-09-10T21:31:21.743+0000] {dagbag.py:588} INFO - Filling up the DagBag from /opt/airflow/dags/03_parallel.py
[2026-09-10T21:31:21.752+0000] {processor.py:925} INFO - DAG(s) '03_parallel' retrieved from /opt/airflow/dags/03_parallel.py
[2026-09-10T21:31:21.781+0000] {logging_mixin.py:190} INFO - [2026-09-10T21:31:21.781+0000] {dag.py:3239} INFO - Sync 1 DAGs
[2026-09-10T21:31:21.797+0000] {logging_mixin.py:190} INFO - [2026-09-10T21:31:21.796+0000] {dag.py:4180} INFO - Setting next_dagrun for 03_parallel to None, run_after=None
[2026-09-10T21:31:21.815+0000] {processor.py:208} INFO - Processing /opt/airflow/dags/03_parallel.py took 0.081 seconds
[2026-09-10T21:31:52.028+0000] {processor.py:186} INFO - Started process (PID=10302) to work on /opt/airflow/dags/03_parallel.py
[2026-09-10T21:31:52.029+0000] {processor.py:914} INFO - Processing file /opt/airflow/dags/03_parallel.py for tasks to queue
[2026-09-10T21:31:52.032+0000] {logging_mixin.py:190} INFO - [2026-09-10T21:31:52.032+0000] {dagbag.py:588} INFO - Filling up the DagBag from /opt/airflow/dags/03_parallel.py
[2026-09-10T21:31:52.042+0000] {processor.py:925} INFO - DAG(s) '03_parallel' retrieved from /opt/airflow/dags/03_parallel.py
[2026-09-10T21:31:52.076+0000] {logging_mixin.py:190} INFO - [2026-09-10T21:31:52.076+0000] {dag.py:3239} INFO - Sync 1 DAGs
[2026-09-10T21:31:52.092+0000] {logging_mixin.py:190} INFO - [2026-09-10T21:31:52.092+0000] {dag.py:4180} INFO - Setting next_dagrun for 03_parallel to None, run_after=None
[2026-09-10T21:31:52.111+0000] {processor.py:208} INFO - Processing /opt/airflow/dags/03_parallel.py took 0.090 seconds
[2026-09-10T21:32:22.238+0000] {processor.py:186} INFO - Started process (PID=10372) to work on /opt/airflow/dags/03_parallel.py
[2026-09-10T21:32:22.239+0000] {processor.py:914} INFO - Processing file /opt/airflow/dags/03_parallel.py for tasks to queue
[2026-09-10T21:32:22.244+0000] {logging_mixin.py:190} INFO - [2026-09-10T21:32:22.243+0000] {dagbag.py:588} INFO - Filling up the DagBag from /opt/airflow/dags/03_parallel.py
[2026-09-10T21:32:22.256+0000] {processor.py:925} INFO - DAG(s) '03_parallel' retrieved from /opt/airflow/dags/03_parallel.py
[2026-09-10T21:32:22.291+0000] {logging_mixin.py:190} INFO - [2026-09-10T21:32:22.291+0000] {dag.py:3239} INFO - Sync 1 DAGs
[2026-09-10T21:32:22.309+0000] {logging_mixin.py:190} INFO - [2026-09-10T21:32:22.308+0000] {dag.py:4180} INFO - Setting next_dagrun for 03_parallel to None, run_after=None
[2026-09-10T21:32:22.329+0000] {processor.py:208} INFO - Processing /opt/airflow/dags/03_parallel.py took 0.101 seconds
[2026-09-10T21:32:52.487+0000] {processor.py:186} INFO - Started process (PID=10442) to work on /opt/airflow/dags/03_parallel.py
[2026-09-10T21:32:52.488+0000] {processor.py:914} INFO - Processing file /opt/airflow/dags/03_parallel.py for tasks to queue
[2026-09-10T21:32:52.491+0000] {logging_mixin.py:190} INFO - [2026-09-10T21:32:52.490+0000] {dagbag.py:588} INFO - Filling up the DagBag from /opt/airflow/dags/03_parallel.py
[2026-09-10T21:32:52.500+0000] {processor.py:925} INFO - DAG(s) '03_parallel' retrieved from /opt/airflow/dags/03_parallel.py
[2026-09-10T21:32:52.535+0000] {logging_mixin.py:190} INFO - [2026-09-10T21:32:52.535+0000] {dag.py:3239} INFO - Sync 1 DAGs
[2026-09-10T21:32:52.554+0000] {logging_mixin.py:190} INFO - [2026-09-10T21:32:52.553+0000] {dag.py:4180} INFO - Setting next_dagrun for 03_parallel to None, run_after=None
[2026-09-10T21:32:52.573+0000] {processor.py:208} INFO - Processing /opt/airflow/dags/03_parallel.py took 0.098 seconds
[2026-09-10T21:33:22.627+0000] {processor.py:186} INFO - Started process (PID=10512) to work on /opt/airflow/dags/03_parallel.py
[2026-09-10T21:33:22.629+0000] {processor.py:914} INFO - Processing file /opt/airflow/dags/03_parallel.py for tasks to queue
[2026-09-10T21:33:22.632+0000] {logging_mixin.py:190} INFO - [2026-09-10T21:33:22.632+0000] {dagbag.py:588} INFO - Filling up the DagBag from /opt/airflow/dags/03_parallel.py
[2026-09-10T21:33:22.643+0000] {processor.py:925} INFO - DAG(s) '03_parallel' retrieved from /opt/airflow/dags/03_parallel.py
[2026-09-10T21:33:22.689+0000] {logging_mixin.py:190} INFO - [2026-09-10T21:33:22.689+0000] {dag.py:3239} INFO - Sync 1 DAGs
[2026-09-10T21:33:22.706+0000] {logging_mixin.py:190} INFO - [2026-09-10T21:33:22.706+0000] {dag.py:4180} INFO - Setting next_dagrun for 03_parallel to None, run_after=None
[2026-09-10T21:33:22.726+0000] {processor.py:208} INFO - Processing /opt/airflow/dags/03_parallel.py took 0.110 seconds
[2026-09-10T21:33:52.793+0000] {processor.py:186} INFO - Started process (PID=10582) to work on /opt/airflow/dags/03_parallel.py
[2026-09-10T21:33:52.795+0000] {processor.py:914} INFO - Processing file /opt/airflow/dags/03_parallel.py for tasks to queue
[2026-09-10T21:33:52.798+0000] {logging_mixin.py:190} INFO - [2026-09-10T21:33:52.797+0000] {dagbag.py:588} INFO - Filling up the DagBag from /opt/airflow/dags/03_parallel.py
[2026-09-10T21:33:52.809+0000] {processor.py:925} INFO - DAG(s) '03_parallel' retrieved from /opt/airflow/dags/03_parallel.py
[2026-09-10T21:33:52.841+0000] {logging_mixin.py:190} INFO - [2026-09-10T21:33:52.840+0000] {dag.py:3239} INFO - Sync 1 DAGs
[2026-09-10T21:33:52.857+0000] {logging_mixin.py:190} INFO - [2026-09-10T21:33:52.857+0000] {dag.py:4180} INFO - Setting next_dagrun for 03_parallel to None, run_after=None
[2026-09-10T21:33:52.875+0000] {processor.py:208} INFO - Processing /opt/airflow/dags/03_parallel.py took 0.090 seconds
[2026-09-10T21:34:23.047+0000] {processor.py:186} INFO - Started process (PID=10654) to work on /opt/airflow/dags/03_parallel.py
[2026-09-10T21:34:23.048+0000] {processor.py:914} INFO - Processing file /opt/airflow/dags/03_parallel.py for tasks to queue
[2026-09-10T21:34:23.051+0000] {logging_mixin.py:190} INFO - [2026-09-10T21:34:23.050+0000] {dagbag.py:588} INFO - Filling up the DagBag from /opt/airflow/dags/03_parallel.py
[2026-09-10T21:34:23.061+0000] {processor.py:925} INFO - DAG(s) '03_parallel' retrieved from /opt/airflow/dags/03_parallel.py
[2026-09-10T21:34:23.091+0000] {logging_mixin.py:190} INFO - [2026-09-10T21:34:23.091+0000] {dag.py:3239} INFO - Sync 1 DAGs
[2026-09-10T21:34:23.108+0000] {logging_mixin.py:190} INFO - [2026-09-10T21:34:23.108+0000] {dag.py:4180} INFO - Setting next_dagrun for 03_parallel to None, run_after=None
[2026-09-10T21:34:23.128+0000] {processor.py:208} INFO - Processing /opt/airflow/dags/03_parallel.py took 0.091 seconds
[2026-09-10T21:34:53.230+0000] {processor.py:186} INFO - Started process (PID=10722) to work on /opt/airflow/dags/03_parallel.py
[2026-09-10T21:34:53.231+0000] {processor.py:914} INFO - Processing file /opt/airflow/dags/03_parallel.py for tasks to queue
[2026-09-10T21:34:53.234+0000] {logging_mixin.py:190} INFO - [2026-09-10T21:34:53.234+0000] {dagbag.py:588} INFO - Filling up the DagBag from /opt/airflow/dags/03_parallel.py
[2026-09-10T21:34:53.244+0000] {processor.py:925} INFO - DAG(s) '03_parallel' retrieved from /opt/airflow/dags/03_parallel.py
[2026-09-10T21:34:53.276+0000] {logging_mixin.py:190} INFO - [2026-09-10T21:34:53.276+0000] {dag.py:3239} INFO - Sync 1 DAGs
[2026-09-10T21:34:53.292+0000] {logging_mixin.py:190} INFO - [2026-09-10T21:34:53.292+0000] {dag.py:4180} INFO - Setting next_dagrun for 03_parallel to None, run_after=None
[2026-09-10T21:34:53.312+0000] {processor.py:208} INFO - Processing /opt/airflow/dags/03_parallel.py took 0.089 seconds
[2026-09-10T21:35:23.562+0000] {processor.py:186} INFO - Started process (PID=10792) to work on /opt/airflow/dags/03_parallel.py
[2026-09-10T21:35:23.563+0000] {processor.py:914} INFO - Processing file /opt/airflow/dags/03_parallel.py for tasks to queue
[2026-09-10T21:35:23.566+0000] {logging_mixin.py:190} INFO - [2026-09-10T21:35:23.566+0000] {dagbag.py:588} INFO - Filling up the DagBag from /opt/airflow/dags/03_parallel.py
[2026-09-10T21:35:23.581+0000] {processor.py:925} INFO - DAG(s) '03_parallel' retrieved from /opt/airflow/dags/03_parallel.py
[2026-09-10T21:35:23.651+0000] {logging_mixin.py:190} INFO - [2026-09-10T21:35:23.650+0000] {dag.py:3239} INFO - Sync 1 DAGs
[2026-09-10T21:35:23.689+0000] {logging_mixin.py:190} INFO - [2026-09-10T21:35:23.689+0000] {dag.py:4180} INFO - Setting next_dagrun for 03_parallel to None, run_after=None
[2026-09-10T21:35:23.748+0000] {processor.py:208} INFO - Processing /opt/airflow/dags/03_parallel.py took 0.201 seconds
[2026-09-10T21:35:54.113+0000] {processor.py:186} INFO - Started process (PID=10864) to work on /opt/airflow/dags/03_parallel.py
[2026-09-10T21:35:54.114+0000] {processor.py:914} INFO - Processing file /opt/airflow/dags/03_parallel.py for tasks to queue
[2026-09-10T21:35:54.117+0000] {logging_mixin.py:190} INFO - [2026-09-10T21:35:54.116+0000] {dagbag.py:588} INFO - Filling up the DagBag from /opt/airflow/dags/03_parallel.py
[2026-09-10T21:35:54.126+0000] {processor.py:925} INFO - DAG(s) '03_parallel' retrieved from /opt/airflow/dags/03_parallel.py
[2026-09-10T21:35:54.156+0000] {logging_mixin.py:190} INFO - [2026-09-10T21:35:54.156+0000] {dag.py:3239} INFO - Sync 1 DAGs
[2026-09-10T21:35:54.171+0000] {logging_mixin.py:190} INFO - [2026-09-10T21:35:54.171+0000] {dag.py:4180} INFO - Setting next_dagrun for 03_parallel to None, run_after=None
[2026-09-10T21:35:54.189+0000] {processor.py:208} INFO - Processing /opt/airflow/dags/03_parallel.py took 0.083 seconds
[2026-09-10T21:36:24.337+0000] {processor.py:186} INFO - Started process (PID=10934) to work on /opt/airflow/dags/03_parallel.py
[2026-09-10T21:36:24.338+0000] {processor.py:914} INFO - Processing file /opt/airflow/dags/03_parallel.py for tasks to queue
[2026-09-10T21:36:24.341+0000] {logging_mixin.py:190} INFO - [2026-09-10T21:36:24.341+0000] {dagbag.py:588} INFO - Filling up the DagBag from /opt/airflow/dags/03_parallel.py
[2026-09-10T21:36:24.351+0000] {processor.py:925} INFO - DAG(s) '03_parallel' retrieved from /opt/airflow/dags/03_parallel.py
[2026-09-10T21:36:24.380+0000] {logging_mixin.py:190} INFO - [2026-09-10T21:36:24.380+0000] {dag.py:3239} INFO - Sync 1 DAGs
[2026-09-10T21:36:24.395+0000] {logging_mixin.py:190} INFO - [2026-09-10T21:36:24.395+0000] {dag.py:4180} INFO - Setting next_dagrun for 03_parallel to None, run_after=None
[2026-09-10T21:36:24.413+0000] {processor.py:208} INFO - Processing /opt/airflow/dags/03_parallel.py took 0.083 seconds
[2026-09-10T21:36:54.607+0000] {processor.py:186} INFO - Started process (PID=11002) to work on /opt/airflow/dags/03_parallel.py
[2026-09-10T21:36:54.608+0000] {processor.py:914} INFO - Processing file /opt/airflow/dags/03_parallel.py for tasks to queue
[2026-09-10T21:36:54.611+0000] {logging_mixin.py:190} INFO - [2026-09-10T21:36:54.611+0000] {dagbag.py:588} INFO - Filling up the DagBag from /opt/airflow/dags/03_parallel.py
[2026-09-10T21:36:54.621+0000] {processor.py:925} INFO - DAG(s) '03_parallel' retrieved from /opt/airflow/dags/03_parallel.py
[2026-09-10T21:36:54.655+0000] {logging_mixin.py:190} INFO - [2026-09-10T21:36:54.655+0000] {dag.py:3239} INFO - Sync 1 DAGs
[2026-09-10T21:36:54.672+0000] {logging_mixin.py:190} INFO - [2026-09-10T21:36:54.671+0000] {dag.py:4180} INFO - Setting next_dagrun for 03_parallel to None, run_after=None
[2026-09-10T21:36:54.691+0000] {processor.py:208} INFO - Processing /opt/airflow/dags/03_parallel.py took 0.092 seconds
[2026-09-10T21:37:24.904+0000] {processor.py:186} INFO - Started process (PID=11074) to work on /opt/airflow/dags/03_parallel.py
[2026-09-10T21:37:24.905+0000] {processor.py:914} INFO - Processing file /opt/airflow/dags/03_parallel.py for tasks to queue
[2026-09-10T21:37:24.907+0000] {logging_mixin.py:190} INFO - [2026-09-10T21:37:24.907+0000] {dagbag.py:588} INFO - Filling up the DagBag from /opt/airflow/dags/03_parallel.py
[2026-09-10T21:37:24.916+0000] {processor.py:925} INFO - DAG(s) '03_parallel' retrieved from /opt/airflow/dags/03_parallel.py
[2026-09-10T21:37:24.963+0000] {logging_mixin.py:190} INFO - [2026-09-10T21:37:24.963+0000] {dag.py:3239} INFO - Sync 1 DAGs
[2026-09-10T21:37:24.978+0000] {logging_mixin.py:190} INFO - [2026-09-10T21:37:24.978+0000] {dag.py:4180} INFO - Setting next_dagrun for 03_parallel to None, run_after=None
[2026-09-10T21:37:25.002+0000] {processor.py:208} INFO - Processing /opt/airflow/dags/03_parallel.py took 0.105 seconds
[2026-09-10T21:37:55.097+0000] {processor.py:186} INFO - Started process (PID=11144) to work on /opt/airflow/dags/03_parallel.py
[2026-09-10T21:37:55.098+0000] {processor.py:914} INFO - Processing file /opt/airflow/dags/03_parallel.py for tasks to queue
[2026-09-10T21:37:55.101+0000] {logging_mixin.py:190} INFO - [2026-09-10T21:37:55.100+0000] {dagbag.py:588} INFO - Filling up the DagBag from /opt/airflow/dags/03_parallel.py
[2026-09-10T21:37:55.110+0000] {processor.py:925} INFO - DAG(s) '03_parallel' retrieved from /opt/airflow/dags/03_parallel.py
[2026-09-10T21:37:55.139+0000] {logging_mixin.py:190} INFO - [2026-09-10T21:37:55.139+0000] {dag.py:3239} INFO - Sync 1 DAGs
[2026-09-10T21:37:55.154+0000] {logging_mixin.py:190} INFO - [2026-09-10T21:37:55.154+0000] {dag.py:4180} INFO - Setting next_dagrun for 03_parallel to None, run_after=None
[2026-09-10T21:37:55.172+0000] {processor.py:208} INFO - Processing /opt/airflow/dags/03_parallel.py took 0.084 seconds
[2026-09-10T21:38:25.360+0000] {processor.py:186} INFO - Started process (PID=11214) to work on /opt/airflow/dags/03_parallel.py
[2026-09-10T21:38:25.361+0000] {processor.py:914} INFO - Processing file /opt/airflow/dags/03_parallel.py for tasks to queue
[2026-09-10T21:38:25.364+0000] {logging_mixin.py:190} INFO - [2026-09-10T21:38:25.364+0000] {dagbag.py:588} INFO - Filling up the DagBag from /opt/airflow/dags/03_parallel.py
[2026-09-10T21:38:25.373+0000] {processor.py:925} INFO - DAG(s) '03_parallel' retrieved from /opt/airflow/dags/03_parallel.py
[2026-09-10T21:38:25.402+0000] {logging_mixin.py:190} INFO - [2026-09-10T21:38:25.401+0000] {dag.py:3239} INFO - Sync 1 DAGs
[2026-09-10T21:38:25.416+0000] {logging_mixin.py:190} INFO - [2026-09-10T21:38:25.416+0000] {dag.py:4180} INFO - Setting next_dagrun for 03_parallel to None, run_after=None
[2026-09-10T21:38:25.433+0000] {processor.py:208} INFO - Processing /opt/airflow/dags/03_parallel.py took 0.080 seconds
[2026-09-10T21:38:55.530+0000] {processor.py:186} INFO - Started process (PID=11284) to work on /opt/airflow/dags/03_parallel.py
[2026-09-10T21:38:55.531+0000] {processor.py:914} INFO - Processing file /opt/airflow/dags/03_parallel.py for tasks to queue
[2026-09-10T21:38:55.534+0000] {logging_mixin.py:190} INFO - [2026-09-10T21:38:55.534+0000] {dagbag.py:588} INFO - Filling up the DagBag from /opt/airflow/dags/03_parallel.py
[2026-09-10T21:38:55.545+0000] {processor.py:925} INFO - DAG(s) '03_parallel' retrieved from /opt/airflow/dags/03_parallel.py
[2026-09-10T21:38:55.588+0000] {logging_mixin.py:190} INFO - [2026-09-10T21:38:55.588+0000] {dag.py:3239} INFO - Sync 1 DAGs
[2026-09-10T21:38:55.607+0000] {logging_mixin.py:190} INFO - [2026-09-10T21:38:55.607+0000] {dag.py:4180} INFO - Setting next_dagrun for 03_parallel to None, run_after=None
[2026-09-10T21:38:55.630+0000] {processor.py:208} INFO - Processing /opt/airflow/dags/03_parallel.py took 0.110 seconds
[2026-09-10T21:39:25.743+0000] {processor.py:186} INFO - Started process (PID=11354) to work on /opt/airflow/dags/03_parallel.py
[2026-09-10T21:39:25.744+0000] {processor.py:914} INFO - Processing file /opt/airflow/dags/03_parallel.py for tasks to queue
[2026-09-10T21:39:25.748+0000] {logging_mixin.py:190} INFO - [2026-09-10T21:39:25.747+0000] {dagbag.py:588} INFO - Filling up the DagBag from /opt/airflow/dags/03_parallel.py
[2026-09-10T21:39:25.757+0000] {processor.py:925} INFO - DAG(s) '03_parallel' retrieved from /opt/airflow/dags/03_parallel.py
[2026-09-10T21:39:25.786+0000] {logging_mixin.py:190} INFO - [2026-09-10T21:39:25.786+0000] {dag.py:3239} INFO - Sync 1 DAGs
[2026-09-10T21:39:25.801+0000] {logging_mixin.py:190} INFO - [2026-09-10T21:39:25.801+0000] {dag.py:4180} INFO - Setting next_dagrun for 03_parallel to None, run_after=None
[2026-09-10T21:39:25.819+0000] {processor.py:208} INFO - Processing /opt/airflow/dags/03_parallel.py took 0.083 seconds
[2026-09-10T21:39:55.943+0000] {processor.py:186} INFO - Started process (PID=11422) to work on /opt/airflow/dags/03_parallel.py
[2026-09-10T21:39:55.945+0000] {processor.py:914} INFO - Processing file /opt/airflow/dags/03_parallel.py for tasks to queue
[2026-09-10T21:39:55.947+0000] {logging_mixin.py:190} INFO - [2026-09-10T21:39:55.947+0000] {dagbag.py:588} INFO - Filling up the DagBag from /opt/airflow/dags/03_parallel.py
[2026-09-10T21:39:55.958+0000] {processor.py:925} INFO - DAG(s) '03_parallel' retrieved from /opt/airflow/dags/03_parallel.py
[2026-09-10T21:39:55.993+0000] {logging_mixin.py:190} INFO - [2026-09-10T21:39:55.993+0000] {dag.py:3239} INFO - Sync 1 DAGs
[2026-09-10T21:39:56.011+0000] {logging_mixin.py:190} INFO - [2026-09-10T21:39:56.010+0000] {dag.py:4180} INFO - Setting next_dagrun for 03_parallel to None, run_after=None
[2026-09-10T21:39:56.036+0000] {processor.py:208} INFO - Processing /opt/airflow/dags/03_parallel.py took 0.101 seconds
[2026-09-10T21:40:26.244+0000] {processor.py:186} INFO - Started process (PID=11492) to work on /opt/airflow/dags/03_parallel.py
[2026-09-10T21:40:26.245+0000] {processor.py:914} INFO - Processing file /opt/airflow/dags/03_parallel.py for tasks to queue
[2026-09-10T21:40:26.248+0000] {logging_mixin.py:190} INFO - [2026-09-10T21:40:26.248+0000] {dagbag.py:588} INFO - Filling up the DagBag from /opt/airflow/dags/03_parallel.py
[2026-09-10T21:40:26.258+0000] {processor.py:925} INFO - DAG(s) '03_parallel' retrieved from /opt/airflow/dags/03_parallel.py
[2026-09-10T21:40:26.289+0000] {logging_mixin.py:190} INFO - [2026-09-10T21:40:26.289+0000] {dag.py:3239} INFO - Sync 1 DAGs
[2026-09-10T21:40:26.304+0000] {logging_mixin.py:190} INFO - [2026-09-10T21:40:26.304+0000] {dag.py:4180} INFO - Setting next_dagrun for 03_parallel to None, run_after=None
[2026-09-10T21:40:26.324+0000] {processor.py:208} INFO - Processing /opt/airflow/dags/03_parallel.py took 0.088 seconds
[2026-09-10T21:40:56.425+0000] {processor.py:186} INFO - Started process (PID=11562) to work on /opt/airflow/dags/03_parallel.py
[2026-09-10T21:40:56.427+0000] {processor.py:914} INFO - Processing file /opt/airflow/dags/03_parallel.py for tasks to queue
[2026-09-10T21:40:56.431+0000] {logging_mixin.py:190} INFO - [2026-09-10T21:40:56.430+0000] {dagbag.py:588} INFO - Filling up the DagBag from /opt/airflow/dags/03_parallel.py
[2026-09-10T21:40:56.444+0000] {processor.py:925} INFO - DAG(s) '03_parallel' retrieved from /opt/airflow/dags/03_parallel.py
[2026-09-10T21:40:56.477+0000] {logging_mixin.py:190} INFO - [2026-09-10T21:40:56.476+0000] {dag.py:3239} INFO - Sync 1 DAGs
[2026-09-10T21:40:56.493+0000] {logging_mixin.py:190} INFO - [2026-09-10T21:40:56.493+0000] {dag.py:4180} INFO - Setting next_dagrun for 03_parallel to None, run_after=None
[2026-09-10T21:40:56.513+0000] {processor.py:208} INFO - Processing /opt/airflow/dags/03_parallel.py took 0.097 seconds
[2026-09-10T21:41:26.596+0000] {processor.py:186} INFO - Started process (PID=11632) to work on /opt/airflow/dags/03_parallel.py
[2026-09-10T21:41:26.597+0000] {processor.py:914} INFO - Processing file /opt/airflow/dags/03_parallel.py for tasks to queue
[2026-09-10T21:41:26.600+0000] {logging_mixin.py:190} INFO - [2026-09-10T21:41:26.599+0000] {dagbag.py:588} INFO - Filling up the DagBag from /opt/airflow/dags/03_parallel.py
[2026-09-10T21:41:26.610+0000] {processor.py:925} INFO - DAG(s) '03_parallel' retrieved from /opt/airflow/dags/03_parallel.py
[2026-09-10T21:41:26.640+0000] {logging_mixin.py:190} INFO - [2026-09-10T21:41:26.640+0000] {dag.py:3239} INFO - Sync 1 DAGs
[2026-09-10T21:41:26.658+0000] {logging_mixin.py:190} INFO - [2026-09-10T21:41:26.658+0000] {dag.py:4180} INFO - Setting next_dagrun for 03_parallel to None, run_after=None
[2026-09-10T21:41:26.680+0000] {processor.py:208} INFO - Processing /opt/airflow/dags/03_parallel.py took 0.092 seconds
[2026-09-10T21:41:56.800+0000] {processor.py:186} INFO - Started process (PID=11702) to work on /opt/airflow/dags/03_parallel.py
[2026-09-10T21:41:56.802+0000] {processor.py:914} INFO - Processing file /opt/airflow/dags/03_parallel.py for tasks to queue
[2026-09-10T21:41:56.804+0000] {logging_mixin.py:190} INFO - [2026-09-10T21:41:56.804+0000] {dagbag.py:588} INFO - Filling up the DagBag from /opt/airflow/dags/03_parallel.py
[2026-09-10T21:41:56.816+0000] {processor.py:925} INFO - DAG(s) '03_parallel' retrieved from /opt/airflow/dags/03_parallel.py
[2026-09-10T21:41:56.849+0000] {logging_mixin.py:190} INFO - [2026-09-10T21:41:56.849+0000] {dag.py:3239} INFO - Sync 1 DAGs
[2026-09-10T21:41:56.867+0000] {logging_mixin.py:190} INFO - [2026-09-10T21:41:56.867+0000] {dag.py:4180} INFO - Setting next_dagrun for 03_parallel to None, run_after=None
[2026-09-10T21:41:56.886+0000] {processor.py:208} INFO - Processing /opt/airflow/dags/03_parallel.py took 0.094 seconds
[2026-09-10T21:42:27.139+0000] {processor.py:186} INFO - Started process (PID=11772) to work on /opt/airflow/dags/03_parallel.py
[2026-09-10T21:42:27.140+0000] {processor.py:914} INFO - Processing file /opt/airflow/dags/03_parallel.py for tasks to queue
[2026-09-10T21:42:27.144+0000] {logging_mixin.py:190} INFO - [2026-09-10T21:42:27.143+0000] {dagbag.py:588} INFO - Filling up the DagBag from /opt/airflow/dags/03_parallel.py
[2026-09-10T21:42:27.157+0000] {processor.py:925} INFO - DAG(s) '03_parallel' retrieved from /opt/airflow/dags/03_parallel.py
[2026-09-10T21:42:27.191+0000] {logging_mixin.py:190} INFO - [2026-09-10T21:42:27.191+0000] {dag.py:3239} INFO - Sync 1 DAGs
[2026-09-10T21:42:27.209+0000] {logging_mixin.py:190} INFO - [2026-09-10T21:42:27.208+0000] {dag.py:4180} INFO - Setting next_dagrun for 03_parallel to None, run_after=None
[2026-09-10T21:42:27.228+0000] {processor.py:208} INFO - Processing /opt/airflow/dags/03_parallel.py took 0.097 seconds
[2026-09-10T21:42:58.344+0000] {processor.py:186} INFO - Started process (PID=11842) to work on /opt/airflow/dags/03_parallel.py
[2026-09-10T21:42:58.346+0000] {processor.py:914} INFO - Processing file /opt/airflow/dags/03_parallel.py for tasks to queue
[2026-09-10T21:42:58.349+0000] {logging_mixin.py:190} INFO - [2026-09-10T21:42:58.349+0000] {dagbag.py:588} INFO - Filling up the DagBag from /opt/airflow/dags/03_parallel.py
[2026-09-10T21:42:58.363+0000] {processor.py:925} INFO - DAG(s) '03_parallel' retrieved from /opt/airflow/dags/03_parallel.py
[2026-09-10T21:42:58.400+0000] {logging_mixin.py:190} INFO - [2026-09-10T21:42:58.400+0000] {dag.py:3239} INFO - Sync 1 DAGs
[2026-09-10T21:42:58.414+0000] {logging_mixin.py:190} INFO - [2026-09-10T21:42:58.414+0000] {dag.py:4180} INFO - Setting next_dagrun for 03_parallel to None, run_after=None
[2026-09-10T21:42:58.444+0000] {processor.py:208} INFO - Processing /opt/airflow/dags/03_parallel.py took 0.110 seconds
[2026-09-10T21:43:28.598+0000] {processor.py:186} INFO - Started process (PID=11914) to work on /opt/airflow/dags/03_parallel.py
[2026-09-10T21:43:28.599+0000] {processor.py:914} INFO - Processing file /opt/airflow/dags/03_parallel.py for tasks to queue
[2026-09-10T21:43:28.602+0000] {logging_mixin.py:190} INFO - [2026-09-10T21:43:28.601+0000] {dagbag.py:588} INFO - Filling up the DagBag from /opt/airflow/dags/03_parallel.py
[2026-09-10T21:43:28.611+0000] {processor.py:925} INFO - DAG(s) '03_parallel' retrieved from /opt/airflow/dags/03_parallel.py
[2026-09-10T21:43:28.639+0000] {logging_mixin.py:190} INFO - [2026-09-10T21:43:28.639+0000] {dag.py:3239} INFO - Sync 1 DAGs
[2026-09-10T21:43:28.654+0000] {logging_mixin.py:190} INFO - [2026-09-10T21:43:28.654+0000] {dag.py:4180} INFO - Setting next_dagrun for 03_parallel to None, run_after=None
[2026-09-10T21:43:28.672+0000] {processor.py:208} INFO - Processing /opt/airflow/dags/03_parallel.py took 0.081 seconds
[2026-09-10T21:43:58.786+0000] {processor.py:186} INFO - Started process (PID=11982) to work on /opt/airflow/dags/03_parallel.py
[2026-09-10T21:43:58.788+0000] {processor.py:914} INFO - Processing file /opt/airflow/dags/03_parallel.py for tasks to queue
[2026-09-10T21:43:58.791+0000] {logging_mixin.py:190} INFO - [2026-09-10T21:43:58.790+0000] {dagbag.py:588} INFO - Filling up the DagBag from /opt/airflow/dags/03_parallel.py
[2026-09-10T21:43:58.801+0000] {processor.py:925} INFO - DAG(s) '03_parallel' retrieved from /opt/airflow/dags/03_parallel.py
[2026-09-10T21:43:58.832+0000] {logging_mixin.py:190} INFO - [2026-09-10T21:43:58.831+0000] {dag.py:3239} INFO - Sync 1 DAGs
[2026-09-10T21:43:58.847+0000] {logging_mixin.py:190} INFO - [2026-09-10T21:43:58.847+0000] {dag.py:4180} INFO - Setting next_dagrun for 03_parallel to None, run_after=None
[2026-09-10T21:43:58.866+0000] {processor.py:208} INFO - Processing /opt/airflow/dags/03_parallel.py took 0.088 seconds
[2026-09-10T21:44:29.093+0000] {processor.py:186} INFO - Started process (PID=12052) to work on /opt/airflow/dags/03_parallel.py
[2026-09-10T21:44:29.094+0000] {processor.py:914} INFO - Processing file /opt/airflow/dags/03_parallel.py for tasks to queue
[2026-09-10T21:44:29.098+0000] {logging_mixin.py:190} INFO - [2026-09-10T21:44:29.097+0000] {dagbag.py:588} INFO - Filling up the DagBag from /opt/airflow/dags/03_parallel.py
[2026-09-10T21:44:29.109+0000] {processor.py:925} INFO - DAG(s) '03_parallel' retrieved from /opt/airflow/dags/03_parallel.py
[2026-09-10T21:44:29.144+0000] {logging_mixin.py:190} INFO - [2026-09-10T21:44:29.144+0000] {dag.py:3239} INFO - Sync 1 DAGs
[2026-09-10T21:44:29.160+0000] {logging_mixin.py:190} INFO - [2026-09-10T21:44:29.159+0000] {dag.py:4180} INFO - Setting next_dagrun for 03_parallel to None, run_after=None
[2026-09-10T21:44:29.179+0000] {processor.py:208} INFO - Processing /opt/airflow/dags/03_parallel.py took 0.095 seconds
[2026-09-10T21:44:59.406+0000] {processor.py:186} INFO - Started process (PID=12124) to work on /opt/airflow/dags/03_parallel.py
[2026-09-10T21:44:59.408+0000] {processor.py:914} INFO - Processing file /opt/airflow/dags/03_parallel.py for tasks to queue
[2026-09-10T21:44:59.410+0000] {logging_mixin.py:190} INFO - [2026-09-10T21:44:59.410+0000] {dagbag.py:588} INFO - Filling up the DagBag from /opt/airflow/dags/03_parallel.py
[2026-09-10T21:44:59.420+0000] {processor.py:925} INFO - DAG(s) '03_parallel' retrieved from /opt/airflow/dags/03_parallel.py
[2026-09-10T21:44:59.449+0000] {logging_mixin.py:190} INFO - [2026-09-10T21:44:59.449+0000] {dag.py:3239} INFO - Sync 1 DAGs
[2026-09-10T21:44:59.464+0000] {logging_mixin.py:190} INFO - [2026-09-10T21:44:59.464+0000] {dag.py:4180} INFO - Setting next_dagrun for 03_parallel to None, run_after=None
[2026-09-10T21:44:59.482+0000] {processor.py:208} INFO - Processing /opt/airflow/dags/03_parallel.py took 0.084 seconds
[2026-09-10T21:45:29.606+0000] {processor.py:186} INFO - Started process (PID=12192) to work on /opt/airflow/dags/03_parallel.py
[2026-09-10T21:45:29.607+0000] {processor.py:914} INFO - Processing file /opt/airflow/dags/03_parallel.py for tasks to queue
[2026-09-10T21:45:29.611+0000] {logging_mixin.py:190} INFO - [2026-09-10T21:45:29.610+0000] {dagbag.py:588} INFO - Filling up the DagBag from /opt/airflow/dags/03_parallel.py
[2026-09-10T21:45:29.625+0000] {processor.py:925} INFO - DAG(s) '03_parallel' retrieved from /opt/airflow/dags/03_parallel.py
[2026-09-10T21:45:29.668+0000] {logging_mixin.py:190} INFO - [2026-09-10T21:45:29.668+0000] {dag.py:3239} INFO - Sync 1 DAGs
[2026-09-10T21:45:29.689+0000] {logging_mixin.py:190} INFO - [2026-09-10T21:45:29.689+0000] {dag.py:4180} INFO - Setting next_dagrun for 03_parallel to None, run_after=None
[2026-09-10T21:45:29.720+0000] {processor.py:208} INFO - Processing /opt/airflow/dags/03_parallel.py took 0.121 seconds
[2026-09-10T21:46:00.325+0000] {processor.py:186} INFO - Started process (PID=12264) to work on /opt/airflow/dags/03_parallel.py
[2026-09-10T21:46:00.326+0000] {processor.py:914} INFO - Processing file /opt/airflow/dags/03_parallel.py for tasks to queue
[2026-09-10T21:46:00.329+0000] {logging_mixin.py:190} INFO - [2026-09-10T21:46:00.329+0000] {dagbag.py:588} INFO - Filling up the DagBag from /opt/airflow/dags/03_parallel.py
[2026-09-10T21:46:00.338+0000] {processor.py:925} INFO - DAG(s) '03_parallel' retrieved from /opt/airflow/dags/03_parallel.py
[2026-09-10T21:46:00.367+0000] {logging_mixin.py:190} INFO - [2026-09-10T21:46:00.367+0000] {dag.py:3239} INFO - Sync 1 DAGs
[2026-09-10T21:46:00.382+0000] {logging_mixin.py:190} INFO - [2026-09-10T21:46:00.382+0000] {dag.py:4180} INFO - Setting next_dagrun for 03_parallel to None, run_after=None
[2026-09-10T21:46:00.400+0000] {processor.py:208} INFO - Processing /opt/airflow/dags/03_parallel.py took 0.083 seconds
[2026-09-10T21:46:30.673+0000] {processor.py:186} INFO - Started process (PID=12334) to work on /opt/airflow/dags/03_parallel.py
[2026-09-10T21:46:30.674+0000] {processor.py:914} INFO - Processing file /opt/airflow/dags/03_parallel.py for tasks to queue
[2026-09-10T21:46:30.676+0000] {logging_mixin.py:190} INFO - [2026-09-10T21:46:30.676+0000] {dagbag.py:588} INFO - Filling up the DagBag from /opt/airflow/dags/03_parallel.py
[2026-09-10T21:46:30.686+0000] {processor.py:925} INFO - DAG(s) '03_parallel' retrieved from /opt/airflow/dags/03_parallel.py
[2026-09-10T21:46:30.714+0000] {logging_mixin.py:190} INFO - [2026-09-10T21:46:30.714+0000] {dag.py:3239} INFO - Sync 1 DAGs
[2026-09-10T21:46:30.728+0000] {logging_mixin.py:190} INFO - [2026-09-10T21:46:30.728+0000] {dag.py:4180} INFO - Setting next_dagrun for 03_parallel to None, run_after=None
[2026-09-10T21:46:30.746+0000] {processor.py:208} INFO - Processing /opt/airflow/dags/03_parallel.py took 0.081 seconds
[2026-09-10T21:47:00.940+0000] {processor.py:186} INFO - Started process (PID=12404) to work on /opt/airflow/dags/03_parallel.py
[2026-09-10T21:47:00.942+0000] {processor.py:914} INFO - Processing file /opt/airflow/dags/03_parallel.py for tasks to queue
[2026-09-10T21:47:00.945+0000] {logging_mixin.py:190} INFO - [2026-09-10T21:47:00.944+0000] {dagbag.py:588} INFO - Filling up the DagBag from /opt/airflow/dags/03_parallel.py
[2026-09-10T21:47:00.956+0000] {processor.py:925} INFO - DAG(s) '03_parallel' retrieved from /opt/airflow/dags/03_parallel.py
[2026-09-10T21:47:00.988+0000] {logging_mixin.py:190} INFO - [2026-09-10T21:47:00.988+0000] {dag.py:3239} INFO - Sync 1 DAGs
[2026-09-10T21:47:01.005+0000] {logging_mixin.py:190} INFO - [2026-09-10T21:47:01.004+0000] {dag.py:4180} INFO - Setting next_dagrun for 03_parallel to None, run_after=None
[2026-09-10T21:47:01.026+0000] {processor.py:208} INFO - Processing /opt/airflow/dags/03_parallel.py took 0.094 seconds
[2026-09-10T21:47:31.120+0000] {processor.py:186} INFO - Started process (PID=12474) to work on /opt/airflow/dags/03_parallel.py
[2026-09-10T21:47:31.121+0000] {processor.py:914} INFO - Processing file /opt/airflow/dags/03_parallel.py for tasks to queue
[2026-09-10T21:47:31.123+0000] {logging_mixin.py:190} INFO - [2026-09-10T21:47:31.123+0000] {dagbag.py:588} INFO - Filling up the DagBag from /opt/airflow/dags/03_parallel.py
[2026-09-10T21:47:31.133+0000] {processor.py:925} INFO - DAG(s) '03_parallel' retrieved from /opt/airflow/dags/03_parallel.py
[2026-09-10T21:47:31.162+0000] {logging_mixin.py:190} INFO - [2026-09-10T21:47:31.162+0000] {dag.py:3239} INFO - Sync 1 DAGs
[2026-09-10T21:47:31.177+0000] {logging_mixin.py:190} INFO - [2026-09-10T21:47:31.177+0000] {dag.py:4180} INFO - Setting next_dagrun for 03_parallel to None, run_after=None
[2026-09-10T21:47:31.195+0000] {processor.py:208} INFO - Processing /opt/airflow/dags/03_parallel.py took 0.083 seconds
[2026-09-10T21:48:01.327+0000] {processor.py:186} INFO - Started process (PID=12544) to work on /opt/airflow/dags/03_parallel.py
[2026-09-10T21:48:01.328+0000] {processor.py:914} INFO - Processing file /opt/airflow/dags/03_parallel.py for tasks to queue
[2026-09-10T21:48:01.332+0000] {logging_mixin.py:190} INFO - [2026-09-10T21:48:01.332+0000] {dagbag.py:588} INFO - Filling up the DagBag from /opt/airflow/dags/03_parallel.py
[2026-09-10T21:48:01.342+0000] {processor.py:925} INFO - DAG(s) '03_parallel' retrieved from /opt/airflow/dags/03_parallel.py
[2026-09-10T21:48:01.375+0000] {logging_mixin.py:190} INFO - [2026-09-10T21:48:01.374+0000] {dag.py:3239} INFO - Sync 1 DAGs
[2026-09-10T21:48:01.391+0000] {logging_mixin.py:190} INFO - [2026-09-10T21:48:01.391+0000] {dag.py:4180} INFO - Setting next_dagrun for 03_parallel to None, run_after=None
[2026-09-10T21:48:01.412+0000] {processor.py:208} INFO - Processing /opt/airflow/dags/03_parallel.py took 0.092 seconds
[2026-09-10T21:48:31.563+0000] {processor.py:186} INFO - Started process (PID=12614) to work on /opt/airflow/dags/03_parallel.py
[2026-09-10T21:48:31.564+0000] {processor.py:914} INFO - Processing file /opt/airflow/dags/03_parallel.py for tasks to queue
[2026-09-10T21:48:31.567+0000] {logging_mixin.py:190} INFO - [2026-09-10T21:48:31.566+0000] {dagbag.py:588} INFO - Filling up the DagBag from /opt/airflow/dags/03_parallel.py
[2026-09-10T21:48:31.579+0000] {processor.py:925} INFO - DAG(s) '03_parallel' retrieved from /opt/airflow/dags/03_parallel.py
[2026-09-10T21:48:31.616+0000] {logging_mixin.py:190} INFO - [2026-09-10T21:48:31.616+0000] {dag.py:3239} INFO - Sync 1 DAGs
[2026-09-10T21:48:31.635+0000] {logging_mixin.py:190} INFO - [2026-09-10T21:48:31.635+0000] {dag.py:4180} INFO - Setting next_dagrun for 03_parallel to None, run_after=None
[2026-09-10T21:48:31.658+0000] {processor.py:208} INFO - Processing /opt/airflow/dags/03_parallel.py took 0.106 seconds
[2026-09-10T21:49:02.045+0000] {processor.py:186} INFO - Started process (PID=12684) to work on /opt/airflow/dags/03_parallel.py
[2026-09-10T21:49:02.047+0000] {processor.py:914} INFO - Processing file /opt/airflow/dags/03_parallel.py for tasks to queue
[2026-09-10T21:49:02.049+0000] {logging_mixin.py:190} INFO - [2026-09-10T21:49:02.049+0000] {dagbag.py:588} INFO - Filling up the DagBag from /opt/airflow/dags/03_parallel.py
[2026-09-10T21:49:02.059+0000] {processor.py:925} INFO - DAG(s) '03_parallel' retrieved from /opt/airflow/dags/03_parallel.py
[2026-09-10T21:49:02.091+0000] {logging_mixin.py:190} INFO - [2026-09-10T21:49:02.090+0000] {dag.py:3239} INFO - Sync 1 DAGs
[2026-09-10T21:49:02.107+0000] {logging_mixin.py:190} INFO - [2026-09-10T21:49:02.107+0000] {dag.py:4180} INFO - Setting next_dagrun for 03_parallel to None, run_after=None
[2026-09-10T21:49:02.128+0000] {processor.py:208} INFO - Processing /opt/airflow/dags/03_parallel.py took 0.092 seconds
[2026-09-10T21:49:32.318+0000] {processor.py:186} INFO - Started process (PID=12754) to work on /opt/airflow/dags/03_parallel.py
[2026-09-10T21:49:32.319+0000] {processor.py:914} INFO - Processing file /opt/airflow/dags/03_parallel.py for tasks to queue
[2026-09-10T21:49:32.322+0000] {logging_mixin.py:190} INFO - [2026-09-10T21:49:32.321+0000] {dagbag.py:588} INFO - Filling up the DagBag from /opt/airflow/dags/03_parallel.py
[2026-09-10T21:49:32.331+0000] {processor.py:925} INFO - DAG(s) '03_parallel' retrieved from /opt/airflow/dags/03_parallel.py
[2026-09-10T21:49:32.364+0000] {logging_mixin.py:190} INFO - [2026-09-10T21:49:32.364+0000] {dag.py:3239} INFO - Sync 1 DAGs
[2026-09-10T21:49:32.379+0000] {logging_mixin.py:190} INFO - [2026-09-10T21:49:32.378+0000] {dag.py:4180} INFO - Setting next_dagrun for 03_parallel to None, run_after=None
[2026-09-10T21:49:32.396+0000] {processor.py:208} INFO - Processing /opt/airflow/dags/03_parallel.py took 0.087 seconds
[2026-09-10T21:50:02.740+0000] {processor.py:186} INFO - Started process (PID=12824) to work on /opt/airflow/dags/03_parallel.py
[2026-09-10T21:50:02.742+0000] {processor.py:914} INFO - Processing file /opt/airflow/dags/03_parallel.py for tasks to queue
[2026-09-10T21:50:02.745+0000] {logging_mixin.py:190} INFO - [2026-09-10T21:50:02.744+0000] {dagbag.py:588} INFO - Filling up the DagBag from /opt/airflow/dags/03_parallel.py
[2026-09-10T21:50:02.755+0000] {processor.py:925} INFO - DAG(s) '03_parallel' retrieved from /opt/airflow/dags/03_parallel.py
[2026-09-10T21:50:02.787+0000] {logging_mixin.py:190} INFO - [2026-09-10T21:50:02.787+0000] {dag.py:3239} INFO - Sync 1 DAGs
[2026-09-10T21:50:02.803+0000] {logging_mixin.py:190} INFO - [2026-09-10T21:50:02.803+0000] {dag.py:4180} INFO - Setting next_dagrun for 03_parallel to None, run_after=None
[2026-09-10T21:50:02.823+0000] {processor.py:208} INFO - Processing /opt/airflow/dags/03_parallel.py took 0.091 seconds
[2026-09-10T21:50:33.101+0000] {processor.py:186} INFO - Started process (PID=12892) to work on /opt/airflow/dags/03_parallel.py
[2026-09-10T21:50:33.102+0000] {processor.py:914} INFO - Processing file /opt/airflow/dags/03_parallel.py for tasks to queue
[2026-09-10T21:50:33.105+0000] {logging_mixin.py:190} INFO - [2026-09-10T21:50:33.105+0000] {dagbag.py:588} INFO - Filling up the DagBag from /opt/airflow/dags/03_parallel.py
[2026-09-10T21:50:33.115+0000] {processor.py:925} INFO - DAG(s) '03_parallel' retrieved from /opt/airflow/dags/03_parallel.py
[2026-09-10T21:50:33.147+0000] {logging_mixin.py:190} INFO - [2026-09-10T21:50:33.147+0000] {dag.py:3239} INFO - Sync 1 DAGs
[2026-09-10T21:50:33.163+0000] {logging_mixin.py:190} INFO - [2026-09-10T21:50:33.163+0000] {dag.py:4180} INFO - Setting next_dagrun for 03_parallel to None, run_after=None
[2026-09-10T21:50:33.183+0000] {processor.py:208} INFO - Processing /opt/airflow/dags/03_parallel.py took 0.090 seconds
[2026-09-10T21:51:03.457+0000] {processor.py:186} INFO - Started process (PID=12964) to work on /opt/airflow/dags/03_parallel.py
[2026-09-10T21:51:03.458+0000] {processor.py:914} INFO - Processing file /opt/airflow/dags/03_parallel.py for tasks to queue
[2026-09-10T21:51:03.461+0000] {logging_mixin.py:190} INFO - [2026-09-10T21:51:03.461+0000] {dagbag.py:588} INFO - Filling up the DagBag from /opt/airflow/dags/03_parallel.py
[2026-09-10T21:51:03.472+0000] {processor.py:925} INFO - DAG(s) '03_parallel' retrieved from /opt/airflow/dags/03_parallel.py
[2026-09-10T21:51:03.502+0000] {logging_mixin.py:190} INFO - [2026-09-10T21:51:03.502+0000] {dag.py:3239} INFO - Sync 1 DAGs
[2026-09-10T21:51:03.517+0000] {logging_mixin.py:190} INFO - [2026-09-10T21:51:03.517+0000] {dag.py:4180} INFO - Setting next_dagrun for 03_parallel to None, run_after=None
[2026-09-10T21:51:03.536+0000] {processor.py:208} INFO - Processing /opt/airflow/dags/03_parallel.py took 0.088 seconds
[2026-09-10T21:51:33.587+0000] {processor.py:186} INFO - Started process (PID=13032) to work on /opt/airflow/dags/03_parallel.py
[2026-09-10T21:51:33.588+0000] {processor.py:914} INFO - Processing file /opt/airflow/dags/03_parallel.py for tasks to queue
[2026-09-10T21:51:33.591+0000] {logging_mixin.py:190} INFO - [2026-09-10T21:51:33.590+0000] {dagbag.py:588} INFO - Filling up the DagBag from /opt/airflow/dags/03_parallel.py
[2026-09-10T21:51:33.601+0000] {processor.py:925} INFO - DAG(s) '03_parallel' retrieved from /opt/airflow/dags/03_parallel.py
[2026-09-10T21:51:33.633+0000] {logging_mixin.py:190} INFO - [2026-09-10T21:51:33.632+0000] {dag.py:3239} INFO - Sync 1 DAGs
[2026-09-10T21:51:33.649+0000] {logging_mixin.py:190} INFO - [2026-09-10T21:51:33.648+0000] {dag.py:4180} INFO - Setting next_dagrun for 03_parallel to None, run_after=None
[2026-09-10T21:51:33.667+0000] {processor.py:208} INFO - Processing /opt/airflow/dags/03_parallel.py took 0.088 seconds
[2026-09-10T21:52:03.741+0000] {processor.py:186} INFO - Started process (PID=13102) to work on /opt/airflow/dags/03_parallel.py
[2026-09-10T21:52:03.742+0000] {processor.py:914} INFO - Processing file /opt/airflow/dags/03_parallel.py for tasks to queue
[2026-09-10T21:52:03.745+0000] {logging_mixin.py:190} INFO - [2026-09-10T21:52:03.745+0000] {dagbag.py:588} INFO - Filling up the DagBag from /opt/airflow/dags/03_parallel.py
[2026-09-10T21:52:03.757+0000] {processor.py:925} INFO - DAG(s) '03_parallel' retrieved from /opt/airflow/dags/03_parallel.py
[2026-09-10T21:52:03.798+0000] {logging_mixin.py:190} INFO - [2026-09-10T21:52:03.798+0000] {dag.py:3239} INFO - Sync 1 DAGs
[2026-09-10T21:52:03.819+0000] {logging_mixin.py:190} INFO - [2026-09-10T21:52:03.819+0000] {dag.py:4180} INFO - Setting next_dagrun for 03_parallel to None, run_after=None
[2026-09-10T21:52:03.844+0000] {processor.py:208} INFO - Processing /opt/airflow/dags/03_parallel.py took 0.116 seconds
[2026-09-10T21:52:33.937+0000] {processor.py:186} INFO - Started process (PID=13172) to work on /opt/airflow/dags/03_parallel.py
[2026-09-10T21:52:33.939+0000] {processor.py:914} INFO - Processing file /opt/airflow/dags/03_parallel.py for tasks to queue
[2026-09-10T21:52:33.942+0000] {logging_mixin.py:190} INFO - [2026-09-10T21:52:33.942+0000] {dagbag.py:588} INFO - Filling up the DagBag from /opt/airflow/dags/03_parallel.py
[2026-09-10T21:52:33.954+0000] {processor.py:925} INFO - DAG(s) '03_parallel' retrieved from /opt/airflow/dags/03_parallel.py
[2026-09-10T21:52:33.989+0000] {logging_mixin.py:190} INFO - [2026-09-10T21:52:33.988+0000] {dag.py:3239} INFO - Sync 1 DAGs
[2026-09-10T21:52:34.012+0000] {logging_mixin.py:190} INFO - [2026-09-10T21:52:34.011+0000] {dag.py:4180} INFO - Setting next_dagrun for 03_parallel to None, run_after=None
[2026-09-10T21:52:34.032+0000] {processor.py:208} INFO - Processing /opt/airflow/dags/03_parallel.py took 0.108 seconds
[2026-09-10T21:53:04.198+0000] {processor.py:186} INFO - Started process (PID=13244) to work on /opt/airflow/dags/03_parallel.py
[2026-09-10T21:53:04.199+0000] {processor.py:914} INFO - Processing file /opt/airflow/dags/03_parallel.py for tasks to queue
[2026-09-10T21:53:04.202+0000] {logging_mixin.py:190} INFO - [2026-09-10T21:53:04.201+0000] {dagbag.py:588} INFO - Filling up the DagBag from /opt/airflow/dags/03_parallel.py
[2026-09-10T21:53:04.212+0000] {processor.py:925} INFO - DAG(s) '03_parallel' retrieved from /opt/airflow/dags/03_parallel.py
[2026-09-10T21:53:04.243+0000] {logging_mixin.py:190} INFO - [2026-09-10T21:53:04.242+0000] {dag.py:3239} INFO - Sync 1 DAGs
[2026-09-10T21:53:04.258+0000] {logging_mixin.py:190} INFO - [2026-09-10T21:53:04.258+0000] {dag.py:4180} INFO - Setting next_dagrun for 03_parallel to None, run_after=None
[2026-09-10T21:53:04.276+0000] {processor.py:208} INFO - Processing /opt/airflow/dags/03_parallel.py took 0.087 seconds
[2026-09-10T21:53:34.428+0000] {processor.py:186} INFO - Started process (PID=13314) to work on /opt/airflow/dags/03_parallel.py
[2026-09-10T21:53:34.430+0000] {processor.py:914} INFO - Processing file /opt/airflow/dags/03_parallel.py for tasks to queue
[2026-09-10T21:53:34.433+0000] {logging_mixin.py:190} INFO - [2026-09-10T21:53:34.432+0000] {dagbag.py:588} INFO - Filling up the DagBag from /opt/airflow/dags/03_parallel.py
[2026-09-10T21:53:34.448+0000] {processor.py:925} INFO - DAG(s) '03_parallel' retrieved from /opt/airflow/dags/03_parallel.py
[2026-09-10T21:53:34.492+0000] {logging_mixin.py:190} INFO - [2026-09-10T21:53:34.491+0000] {dag.py:3239} INFO - Sync 1 DAGs
[2026-09-10T21:53:34.514+0000] {logging_mixin.py:190} INFO - [2026-09-10T21:53:34.514+0000] {dag.py:4180} INFO - Setting next_dagrun for 03_parallel to None, run_after=None
[2026-09-10T21:53:34.540+0000] {processor.py:208} INFO - Processing /opt/airflow/dags/03_parallel.py took 0.122 seconds
[2026-09-10T21:54:04.601+0000] {processor.py:186} INFO - Started process (PID=13382) to work on /opt/airflow/dags/03_parallel.py
[2026-09-10T21:54:04.602+0000] {processor.py:914} INFO - Processing file /opt/airflow/dags/03_parallel.py for tasks to queue
[2026-09-10T21:54:04.605+0000] {logging_mixin.py:190} INFO - [2026-09-10T21:54:04.605+0000] {dagbag.py:588} INFO - Filling up the DagBag from /opt/airflow/dags/03_parallel.py
[2026-09-10T21:54:04.614+0000] {processor.py:925} INFO - DAG(s) '03_parallel' retrieved from /opt/airflow/dags/03_parallel.py
[2026-09-10T21:54:04.657+0000] {logging_mixin.py:190} INFO - [2026-09-10T21:54:04.657+0000] {dag.py:3239} INFO - Sync 1 DAGs
[2026-09-10T21:54:04.678+0000] {logging_mixin.py:190} INFO - [2026-09-10T21:54:04.677+0000] {dag.py:4180} INFO - Setting next_dagrun for 03_parallel to None, run_after=None
[2026-09-10T21:54:04.704+0000] {processor.py:208} INFO - Processing /opt/airflow/dags/03_parallel.py took 0.110 seconds
[2026-09-10T21:54:34.906+0000] {processor.py:186} INFO - Started process (PID=13454) to work on /opt/airflow/dags/03_parallel.py
[2026-09-10T21:54:34.907+0000] {processor.py:914} INFO - Processing file /opt/airflow/dags/03_parallel.py for tasks to queue
[2026-09-10T21:54:34.910+0000] {logging_mixin.py:190} INFO - [2026-09-10T21:54:34.909+0000] {dagbag.py:588} INFO - Filling up the DagBag from /opt/airflow/dags/03_parallel.py
[2026-09-10T21:54:34.920+0000] {processor.py:925} INFO - DAG(s) '03_parallel' retrieved from /opt/airflow/dags/03_parallel.py
[2026-09-10T21:54:34.957+0000] {logging_mixin.py:190} INFO - [2026-09-10T21:54:34.957+0000] {dag.py:3239} INFO - Sync 1 DAGs
[2026-09-10T21:54:34.972+0000] {logging_mixin.py:190} INFO - [2026-09-10T21:54:34.972+0000] {dag.py:4180} INFO - Setting next_dagrun for 03_parallel to None, run_after=None
[2026-09-10T21:54:34.991+0000] {processor.py:208} INFO - Processing /opt/airflow/dags/03_parallel.py took 0.092 seconds
[2026-09-10T21:55:05.251+0000] {processor.py:186} INFO - Started process (PID=13524) to work on /opt/airflow/dags/03_parallel.py
[2026-09-10T21:55:05.252+0000] {processor.py:914} INFO - Processing file /opt/airflow/dags/03_parallel.py for tasks to queue
[2026-09-10T21:55:05.256+0000] {logging_mixin.py:190} INFO - [2026-09-10T21:55:05.255+0000] {dagbag.py:588} INFO - Filling up the DagBag from /opt/airflow/dags/03_parallel.py
[2026-09-10T21:55:05.267+0000] {processor.py:925} INFO - DAG(s) '03_parallel' retrieved from /opt/airflow/dags/03_parallel.py
[2026-09-10T21:55:05.320+0000] {logging_mixin.py:190} INFO - [2026-09-10T21:55:05.320+0000] {dag.py:3239} INFO - Sync 1 DAGs
[2026-09-10T21:55:05.341+0000] {logging_mixin.py:190} INFO - [2026-09-10T21:55:05.341+0000] {dag.py:4180} INFO - Setting next_dagrun for 03_parallel to None, run_after=None
[2026-09-10T21:55:05.369+0000] {processor.py:208} INFO - Processing /opt/airflow/dags/03_parallel.py took 0.126 seconds
[2026-09-10T21:55:35.453+0000] {processor.py:186} INFO - Started process (PID=13594) to work on /opt/airflow/dags/03_parallel.py
[2026-09-10T21:55:35.455+0000] {processor.py:914} INFO - Processing file /opt/airflow/dags/03_parallel.py for tasks to queue
[2026-09-10T21:55:35.458+0000] {logging_mixin.py:190} INFO - [2026-09-10T21:55:35.457+0000] {dagbag.py:588} INFO - Filling up the DagBag from /opt/airflow/dags/03_parallel.py
[2026-09-10T21:55:35.468+0000] {processor.py:925} INFO - DAG(s) '03_parallel' retrieved from /opt/airflow/dags/03_parallel.py
[2026-09-10T21:55:35.504+0000] {logging_mixin.py:190} INFO - [2026-09-10T21:55:35.504+0000] {dag.py:3239} INFO - Sync 1 DAGs
[2026-09-10T21:55:35.519+0000] {logging_mixin.py:190} INFO - [2026-09-10T21:55:35.519+0000] {dag.py:4180} INFO - Setting next_dagrun for 03_parallel to None, run_after=None
[2026-09-10T21:55:35.536+0000] {processor.py:208} INFO - Processing /opt/airflow/dags/03_parallel.py took 0.093 seconds
[2026-09-10T21:56:05.706+0000] {processor.py:186} INFO - Started process (PID=13664) to work on /opt/airflow/dags/03_parallel.py
[2026-09-10T21:56:05.708+0000] {processor.py:914} INFO - Processing file /opt/airflow/dags/03_parallel.py for tasks to queue
[2026-09-10T21:56:05.711+0000] {logging_mixin.py:190} INFO - [2026-09-10T21:56:05.710+0000] {dagbag.py:588} INFO - Filling up the DagBag from /opt/airflow/dags/03_parallel.py
[2026-09-10T21:56:05.722+0000] {processor.py:925} INFO - DAG(s) '03_parallel' retrieved from /opt/airflow/dags/03_parallel.py
[2026-09-10T21:56:05.753+0000] {logging_mixin.py:190} INFO - [2026-09-10T21:56:05.753+0000] {dag.py:3239} INFO - Sync 1 DAGs
[2026-09-10T21:56:05.770+0000] {logging_mixin.py:190} INFO - [2026-09-10T21:56:05.770+0000] {dag.py:4180} INFO - Setting next_dagrun for 03_parallel to None, run_after=None
[2026-09-10T21:56:05.790+0000] {processor.py:208} INFO - Processing /opt/airflow/dags/03_parallel.py took 0.096 seconds
[2026-09-10T21:56:35.948+0000] {processor.py:186} INFO - Started process (PID=13734) to work on /opt/airflow/dags/03_parallel.py
[2026-09-10T21:56:35.949+0000] {processor.py:914} INFO - Processing file /opt/airflow/dags/03_parallel.py for tasks to queue
[2026-09-10T21:56:35.952+0000] {logging_mixin.py:190} INFO - [2026-09-10T21:56:35.952+0000] {dagbag.py:588} INFO - Filling up the DagBag from /opt/airflow/dags/03_parallel.py
[2026-09-10T21:56:35.964+0000] {processor.py:925} INFO - DAG(s) '03_parallel' retrieved from /opt/airflow/dags/03_parallel.py
[2026-09-10T21:56:35.995+0000] {logging_mixin.py:190} INFO - [2026-09-10T21:56:35.995+0000] {dag.py:3239} INFO - Sync 1 DAGs
[2026-09-10T21:56:36.012+0000] {logging_mixin.py:190} INFO - [2026-09-10T21:56:36.012+0000] {dag.py:4180} INFO - Setting next_dagrun for 03_parallel to None, run_after=None
[2026-09-10T21:56:36.033+0000] {processor.py:208} INFO - Processing /opt/airflow/dags/03_parallel.py took 0.094 seconds
[2026-09-10T21:57:06.971+0000] {processor.py:186} INFO - Started process (PID=13804) to work on /opt/airflow/dags/03_parallel.py
[2026-09-10T21:57:06.972+0000] {processor.py:914} INFO - Processing file /opt/airflow/dags/03_parallel.py for tasks to queue
[2026-09-10T21:57:06.975+0000] {logging_mixin.py:190} INFO - [2026-09-10T21:57:06.974+0000] {dagbag.py:588} INFO - Filling up the DagBag from /opt/airflow/dags/03_parallel.py
[2026-09-10T21:57:06.986+0000] {processor.py:925} INFO - DAG(s) '03_parallel' retrieved from /opt/airflow/dags/03_parallel.py
[2026-09-10T21:57:07.024+0000] {logging_mixin.py:190} INFO - [2026-09-10T21:57:07.023+0000] {dag.py:3239} INFO - Sync 1 DAGs
[2026-09-10T21:57:07.044+0000] {logging_mixin.py:190} INFO - [2026-09-10T21:57:07.044+0000] {dag.py:4180} INFO - Setting next_dagrun for 03_parallel to None, run_after=None
[2026-09-10T21:57:07.065+0000] {processor.py:208} INFO - Processing /opt/airflow/dags/03_parallel.py took 0.104 seconds
[2026-09-10T21:57:37.177+0000] {processor.py:186} INFO - Started process (PID=13874) to work on /opt/airflow/dags/03_parallel.py
[2026-09-10T21:57:37.179+0000] {processor.py:914} INFO - Processing file /opt/airflow/dags/03_parallel.py for tasks to queue
[2026-09-10T21:57:37.182+0000] {logging_mixin.py:190} INFO - [2026-09-10T21:57:37.182+0000] {dagbag.py:588} INFO - Filling up the DagBag from /opt/airflow/dags/03_parallel.py
[2026-09-10T21:57:37.194+0000] {processor.py:925} INFO - DAG(s) '03_parallel' retrieved from /opt/airflow/dags/03_parallel.py
[2026-09-10T21:57:37.233+0000] {logging_mixin.py:190} INFO - [2026-09-10T21:57:37.233+0000] {dag.py:3239} INFO - Sync 1 DAGs
[2026-09-10T21:57:37.258+0000] {logging_mixin.py:190} INFO - [2026-09-10T21:57:37.258+0000] {dag.py:4180} INFO - Setting next_dagrun for 03_parallel to None, run_after=None
[2026-09-10T21:57:37.281+0000] {processor.py:208} INFO - Processing /opt/airflow/dags/03_parallel.py took 0.114 seconds
[2026-09-10T21:58:07.387+0000] {processor.py:186} INFO - Started process (PID=13944) to work on /opt/airflow/dags/03_parallel.py
[2026-09-10T21:58:07.388+0000] {processor.py:914} INFO - Processing file /opt/airflow/dags/03_parallel.py for tasks to queue
[2026-09-10T21:58:07.391+0000] {logging_mixin.py:190} INFO - [2026-09-10T21:58:07.390+0000] {dagbag.py:588} INFO - Filling up the DagBag from /opt/airflow/dags/03_parallel.py
[2026-09-10T21:58:07.401+0000] {processor.py:925} INFO - DAG(s) '03_parallel' retrieved from /opt/airflow/dags/03_parallel.py
[2026-09-10T21:58:07.432+0000] {logging_mixin.py:190} INFO - [2026-09-10T21:58:07.431+0000] {dag.py:3239} INFO - Sync 1 DAGs
[2026-09-10T21:58:07.448+0000] {logging_mixin.py:190} INFO - [2026-09-10T21:58:07.448+0000] {dag.py:4180} INFO - Setting next_dagrun for 03_parallel to None, run_after=None
[2026-09-10T21:58:07.467+0000] {processor.py:208} INFO - Processing /opt/airflow/dags/03_parallel.py took 0.087 seconds
[2026-09-10T21:58:37.638+0000] {processor.py:186} INFO - Started process (PID=14014) to work on /opt/airflow/dags/03_parallel.py
[2026-09-10T21:58:37.640+0000] {processor.py:914} INFO - Processing file /opt/airflow/dags/03_parallel.py for tasks to queue
[2026-09-10T21:58:37.643+0000] {logging_mixin.py:190} INFO - [2026-09-10T21:58:37.642+0000] {dagbag.py:588} INFO - Filling up the DagBag from /opt/airflow/dags/03_parallel.py
[2026-09-10T21:58:37.654+0000] {processor.py:925} INFO - DAG(s) '03_parallel' retrieved from /opt/airflow/dags/03_parallel.py
[2026-09-10T21:58:37.683+0000] {logging_mixin.py:190} INFO - [2026-09-10T21:58:37.682+0000] {dag.py:3239} INFO - Sync 1 DAGs
[2026-09-10T21:58:37.697+0000] {logging_mixin.py:190} INFO - [2026-09-10T21:58:37.697+0000] {dag.py:4180} INFO - Setting next_dagrun for 03_parallel to None, run_after=None
[2026-09-10T21:58:37.716+0000] {processor.py:208} INFO - Processing /opt/airflow/dags/03_parallel.py took 0.086 seconds
[2026-09-10T21:59:07.825+0000] {processor.py:186} INFO - Started process (PID=14084) to work on /opt/airflow/dags/03_parallel.py
[2026-09-10T21:59:07.826+0000] {processor.py:914} INFO - Processing file /opt/airflow/dags/03_parallel.py for tasks to queue
[2026-09-10T21:59:07.829+0000] {logging_mixin.py:190} INFO - [2026-09-10T21:59:07.829+0000] {dagbag.py:588} INFO - Filling up the DagBag from /opt/airflow/dags/03_parallel.py
[2026-09-10T21:59:07.841+0000] {processor.py:925} INFO - DAG(s) '03_parallel' retrieved from /opt/airflow/dags/03_parallel.py
[2026-09-10T21:59:07.879+0000] {logging_mixin.py:190} INFO - [2026-09-10T21:59:07.879+0000] {dag.py:3239} INFO - Sync 1 DAGs
[2026-09-10T21:59:07.897+0000] {logging_mixin.py:190} INFO - [2026-09-10T21:59:07.897+0000] {dag.py:4180} INFO - Setting next_dagrun for 03_parallel to None, run_after=None
[2026-09-10T21:59:07.917+0000] {processor.py:208} INFO - Processing /opt/airflow/dags/03_parallel.py took 0.101 seconds
[2026-09-10T21:59:38.804+0000] {processor.py:186} INFO - Started process (PID=14154) to work on /opt/airflow/dags/03_parallel.py
[2026-09-10T21:59:38.806+0000] {processor.py:914} INFO - Processing file /opt/airflow/dags/03_parallel.py for tasks to queue
[2026-09-10T21:59:38.809+0000] {logging_mixin.py:190} INFO - [2026-09-10T21:59:38.808+0000] {dagbag.py:588} INFO - Filling up the DagBag from /opt/airflow/dags/03_parallel.py
[2026-09-10T21:59:38.819+0000] {processor.py:925} INFO - DAG(s) '03_parallel' retrieved from /opt/airflow/dags/03_parallel.py
[2026-09-10T21:59:38.850+0000] {logging_mixin.py:190} INFO - [2026-09-10T21:59:38.849+0000] {dag.py:3239} INFO - Sync 1 DAGs
[2026-09-10T21:59:38.870+0000] {logging_mixin.py:190} INFO - [2026-09-10T21:59:38.870+0000] {dag.py:4180} INFO - Setting next_dagrun for 03_parallel to None, run_after=None
[2026-09-10T21:59:38.890+0000] {processor.py:208} INFO - Processing /opt/airflow/dags/03_parallel.py took 0.099 seconds
[2026-09-10T22:00:08.939+0000] {processor.py:186} INFO - Started process (PID=14222) to work on /opt/airflow/dags/03_parallel.py
[2026-09-10T22:00:08.940+0000] {processor.py:914} INFO - Processing file /opt/airflow/dags/03_parallel.py for tasks to queue
[2026-09-10T22:00:08.943+0000] {logging_mixin.py:190} INFO - [2026-09-10T22:00:08.943+0000] {dagbag.py:588} INFO - Filling up the DagBag from /opt/airflow/dags/03_parallel.py
[2026-09-10T22:00:08.954+0000] {processor.py:925} INFO - DAG(s) '03_parallel' retrieved from /opt/airflow/dags/03_parallel.py
[2026-09-10T22:00:08.993+0000] {logging_mixin.py:190} INFO - [2026-09-10T22:00:08.992+0000] {dag.py:3239} INFO - Sync 1 DAGs
[2026-09-10T22:00:09.014+0000] {logging_mixin.py:190} INFO - [2026-09-10T22:00:09.014+0000] {dag.py:4180} INFO - Setting next_dagrun for 03_parallel to None, run_after=None
[2026-09-10T22:00:09.037+0000] {processor.py:208} INFO - Processing /opt/airflow/dags/03_parallel.py took 0.106 seconds
[2026-09-10T22:00:39.131+0000] {processor.py:186} INFO - Started process (PID=14292) to work on /opt/airflow/dags/03_parallel.py
[2026-09-10T22:00:39.133+0000] {processor.py:914} INFO - Processing file /opt/airflow/dags/03_parallel.py for tasks to queue
[2026-09-10T22:00:39.138+0000] {logging_mixin.py:190} INFO - [2026-09-10T22:00:39.137+0000] {dagbag.py:588} INFO - Filling up the DagBag from /opt/airflow/dags/03_parallel.py
[2026-09-10T22:00:39.152+0000] {processor.py:925} INFO - DAG(s) '03_parallel' retrieved from /opt/airflow/dags/03_parallel.py
[2026-09-10T22:00:39.191+0000] {logging_mixin.py:190} INFO - [2026-09-10T22:00:39.191+0000] {dag.py:3239} INFO - Sync 1 DAGs
[2026-09-10T22:00:39.215+0000] {logging_mixin.py:190} INFO - [2026-09-10T22:00:39.214+0000] {dag.py:4180} INFO - Setting next_dagrun for 03_parallel to None, run_after=None
[2026-09-10T22:00:39.235+0000] {processor.py:208} INFO - Processing /opt/airflow/dags/03_parallel.py took 0.116 seconds
