[2026-09-10T02:40:45.785+0000] {processor.py:186} INFO - Started process (PID=186) to work on /opt/airflow/dags/05_sensor.py
[2026-09-10T02:40:45.786+0000] {processor.py:914} INFO - Processing file /opt/airflow/dags/05_sensor.py for tasks to queue
[2026-09-10T02:40:45.790+0000] {logging_mixin.py:190} INFO - [2026-09-10T02:40:45.789+0000] {dagbag.py:588} INFO - Filling up the DagBag from /opt/airflow/dags/05_sensor.py
[2026-09-10T02:40:45.805+0000] {processor.py:925} INFO - DAG(s) '05_sensor' retrieved from /opt/airflow/dags/05_sensor.py
[2026-09-10T02:40:46.526+0000] {logging_mixin.py:190} INFO - [2026-09-10T02:40:46.525+0000] {override.py:1911} INFO - Created Permission View: can edit on DAG:05_sensor
[2026-09-10T02:40:46.544+0000] {logging_mixin.py:190} INFO - [2026-09-10T02:40:46.543+0000] {override.py:1911} INFO - Created Permission View: can delete on DAG:05_sensor
[2026-09-10T02:40:46.555+0000] {logging_mixin.py:190} INFO - [2026-09-10T02:40:46.555+0000] {override.py:1911} INFO - Created Permission View: can read on DAG:05_sensor
[2026-09-10T02:40:46.565+0000] {logging_mixin.py:190} INFO - [2026-09-10T02:40:46.564+0000] {override.py:1911} INFO - Created Permission View: can create on DAG Run:05_sensor
[2026-09-10T02:40:46.578+0000] {logging_mixin.py:190} INFO - [2026-09-10T02:40:46.578+0000] {override.py:1911} INFO - Created Permission View: menu access on DAG Run:05_sensor
[2026-09-10T02:40:46.604+0000] {logging_mixin.py:190} INFO - [2026-09-10T02:40:46.602+0000] {override.py:1911} INFO - Created Permission View: can delete on DAG Run:05_sensor
[2026-09-10T02:40:46.882+0000] {logging_mixin.py:190} INFO - [2026-09-10T02:40:46.882+0000] {override.py:1911} INFO - Created Permission View: can read on DAG Run:05_sensor
[2026-09-10T02:40:46.883+0000] {logging_mixin.py:190} INFO - [2026-09-10T02:40:46.883+0000] {dag.py:3239} INFO - Sync 1 DAGs
[2026-09-10T02:40:46.948+0000] {logging_mixin.py:190} INFO - [2026-09-10T02:40:46.947+0000] {dag.py:3262} INFO - Creating ORM DAG for 05_sensor
[2026-09-10T02:40:46.949+0000] {logging_mixin.py:190} INFO - [2026-09-10T02:40:46.949+0000] {dag.py:4180} INFO - Setting next_dagrun for 05_sensor to None, run_after=None
[2026-09-10T02:40:47.073+0000] {processor.py:208} INFO - Processing /opt/airflow/dags/05_sensor.py took 1.299 seconds
[2026-09-10T02:41:17.678+0000] {processor.py:186} INFO - Started process (PID=238) to work on /opt/airflow/dags/05_sensor.py
[2026-09-10T02:41:17.679+0000] {processor.py:914} INFO - Processing file /opt/airflow/dags/05_sensor.py for tasks to queue
[2026-09-10T02:41:17.683+0000] {logging_mixin.py:190} INFO - [2026-09-10T02:41:17.682+0000] {dagbag.py:588} INFO - Filling up the DagBag from /opt/airflow/dags/05_sensor.py
[2026-09-10T02:41:17.698+0000] {processor.py:925} INFO - DAG(s) '05_sensor' retrieved from /opt/airflow/dags/05_sensor.py
[2026-09-10T02:41:17.743+0000] {logging_mixin.py:190} INFO - [2026-09-10T02:41:17.743+0000] {dag.py:3239} INFO - Sync 1 DAGs
[2026-09-10T02:41:17.762+0000] {logging_mixin.py:190} INFO - [2026-09-10T02:41:17.761+0000] {dag.py:4180} INFO - Setting next_dagrun for 05_sensor to None, run_after=None
[2026-09-10T02:41:17.789+0000] {processor.py:208} INFO - Processing /opt/airflow/dags/05_sensor.py took 0.121 seconds
[2026-09-10T02:41:48.655+0000] {processor.py:186} INFO - Started process (PID=288) to work on /opt/airflow/dags/05_sensor.py
[2026-09-10T02:41:48.656+0000] {processor.py:914} INFO - Processing file /opt/airflow/dags/05_sensor.py for tasks to queue
[2026-09-10T02:41:48.659+0000] {logging_mixin.py:190} INFO - [2026-09-10T02:41:48.658+0000] {dagbag.py:588} INFO - Filling up the DagBag from /opt/airflow/dags/05_sensor.py
[2026-09-10T02:41:48.669+0000] {processor.py:925} INFO - DAG(s) '05_sensor' retrieved from /opt/airflow/dags/05_sensor.py
[2026-09-10T02:41:48.701+0000] {logging_mixin.py:190} INFO - [2026-09-10T02:41:48.701+0000] {dag.py:3239} INFO - Sync 1 DAGs
[2026-09-10T02:41:48.715+0000] {logging_mixin.py:190} INFO - [2026-09-10T02:41:48.715+0000] {dag.py:4180} INFO - Setting next_dagrun for 05_sensor to None, run_after=None
[2026-09-10T02:41:48.734+0000] {processor.py:208} INFO - Processing /opt/airflow/dags/05_sensor.py took 0.087 seconds
[2026-09-10T02:42:19.021+0000] {processor.py:186} INFO - Started process (PID=338) to work on /opt/airflow/dags/05_sensor.py
[2026-09-10T02:42:19.024+0000] {processor.py:914} INFO - Processing file /opt/airflow/dags/05_sensor.py for tasks to queue
[2026-09-10T02:42:19.028+0000] {logging_mixin.py:190} INFO - [2026-09-10T02:42:19.027+0000] {dagbag.py:588} INFO - Filling up the DagBag from /opt/airflow/dags/05_sensor.py
[2026-09-10T02:42:19.042+0000] {processor.py:925} INFO - DAG(s) '05_sensor' retrieved from /opt/airflow/dags/05_sensor.py
[2026-09-10T02:42:19.088+0000] {logging_mixin.py:190} INFO - [2026-09-10T02:42:19.088+0000] {dag.py:3239} INFO - Sync 1 DAGs
[2026-09-10T02:42:19.103+0000] {logging_mixin.py:190} INFO - [2026-09-10T02:42:19.103+0000] {dag.py:4180} INFO - Setting next_dagrun for 05_sensor to None, run_after=None
[2026-09-10T02:42:19.121+0000] {processor.py:208} INFO - Processing /opt/airflow/dags/05_sensor.py took 0.119 seconds
[2026-09-10T02:42:49.976+0000] {processor.py:186} INFO - Started process (PID=388) to work on /opt/airflow/dags/05_sensor.py
[2026-09-10T02:42:49.977+0000] {processor.py:914} INFO - Processing file /opt/airflow/dags/05_sensor.py for tasks to queue
[2026-09-10T02:42:49.980+0000] {logging_mixin.py:190} INFO - [2026-09-10T02:42:49.979+0000] {dagbag.py:588} INFO - Filling up the DagBag from /opt/airflow/dags/05_sensor.py
[2026-09-10T02:42:49.999+0000] {processor.py:925} INFO - DAG(s) '05_sensor' retrieved from /opt/airflow/dags/05_sensor.py
[2026-09-10T02:42:50.046+0000] {logging_mixin.py:190} INFO - [2026-09-10T02:42:50.045+0000] {dag.py:3239} INFO - Sync 1 DAGs
[2026-09-10T02:42:50.066+0000] {logging_mixin.py:190} INFO - [2026-09-10T02:42:50.066+0000] {dag.py:4180} INFO - Setting next_dagrun for 05_sensor to None, run_after=None
[2026-09-10T02:42:50.096+0000] {processor.py:208} INFO - Processing /opt/airflow/dags/05_sensor.py took 0.130 seconds
[2026-09-10T02:43:20.870+0000] {processor.py:186} INFO - Started process (PID=441) to work on /opt/airflow/dags/05_sensor.py
[2026-09-10T02:43:20.871+0000] {processor.py:914} INFO - Processing file /opt/airflow/dags/05_sensor.py for tasks to queue
[2026-09-10T02:43:20.876+0000] {logging_mixin.py:190} INFO - [2026-09-10T02:43:20.874+0000] {dagbag.py:588} INFO - Filling up the DagBag from /opt/airflow/dags/05_sensor.py
[2026-09-10T02:43:20.894+0000] {processor.py:925} INFO - DAG(s) '05_sensor' retrieved from /opt/airflow/dags/05_sensor.py
[2026-09-10T02:43:20.975+0000] {logging_mixin.py:190} INFO - [2026-09-10T02:43:20.975+0000] {dag.py:3239} INFO - Sync 1 DAGs
[2026-09-10T02:43:21.011+0000] {logging_mixin.py:190} INFO - [2026-09-10T02:43:21.011+0000] {dag.py:4180} INFO - Setting next_dagrun for 05_sensor to None, run_after=None
[2026-09-10T02:43:21.043+0000] {processor.py:208} INFO - Processing /opt/airflow/dags/05_sensor.py took 0.182 seconds
[2026-09-10T02:43:51.324+0000] {processor.py:186} INFO - Started process (PID=491) to work on /opt/airflow/dags/05_sensor.py
[2026-09-10T02:43:51.325+0000] {processor.py:914} INFO - Processing file /opt/airflow/dags/05_sensor.py for tasks to queue
[2026-09-10T02:43:51.328+0000] {logging_mixin.py:190} INFO - [2026-09-10T02:43:51.327+0000] {dagbag.py:588} INFO - Filling up the DagBag from /opt/airflow/dags/05_sensor.py
[2026-09-10T02:43:51.342+0000] {processor.py:925} INFO - DAG(s) '05_sensor' retrieved from /opt/airflow/dags/05_sensor.py
[2026-09-10T02:43:51.380+0000] {logging_mixin.py:190} INFO - [2026-09-10T02:43:51.380+0000] {dag.py:3239} INFO - Sync 1 DAGs
[2026-09-10T02:43:51.400+0000] {logging_mixin.py:190} INFO - [2026-09-10T02:43:51.400+0000] {dag.py:4180} INFO - Setting next_dagrun for 05_sensor to None, run_after=None
[2026-09-10T02:43:51.425+0000] {processor.py:208} INFO - Processing /opt/airflow/dags/05_sensor.py took 0.112 seconds
[2026-09-10T02:44:22.379+0000] {processor.py:186} INFO - Started process (PID=541) to work on /opt/airflow/dags/05_sensor.py
[2026-09-10T02:44:22.381+0000] {processor.py:914} INFO - Processing file /opt/airflow/dags/05_sensor.py for tasks to queue
[2026-09-10T02:44:22.383+0000] {logging_mixin.py:190} INFO - [2026-09-10T02:44:22.383+0000] {dagbag.py:588} INFO - Filling up the DagBag from /opt/airflow/dags/05_sensor.py
[2026-09-10T02:44:22.392+0000] {processor.py:925} INFO - DAG(s) '05_sensor' retrieved from /opt/airflow/dags/05_sensor.py
[2026-09-10T02:44:22.427+0000] {logging_mixin.py:190} INFO - [2026-09-10T02:44:22.427+0000] {dag.py:3239} INFO - Sync 1 DAGs
[2026-09-10T02:44:22.443+0000] {logging_mixin.py:190} INFO - [2026-09-10T02:44:22.442+0000] {dag.py:4180} INFO - Setting next_dagrun for 05_sensor to None, run_after=None
[2026-09-10T02:44:22.461+0000] {processor.py:208} INFO - Processing /opt/airflow/dags/05_sensor.py took 0.089 seconds
[2026-09-10T02:44:53.290+0000] {processor.py:186} INFO - Started process (PID=591) to work on /opt/airflow/dags/05_sensor.py
[2026-09-10T02:44:53.292+0000] {processor.py:914} INFO - Processing file /opt/airflow/dags/05_sensor.py for tasks to queue
[2026-09-10T02:44:53.294+0000] {logging_mixin.py:190} INFO - [2026-09-10T02:44:53.294+0000] {dagbag.py:588} INFO - Filling up the DagBag from /opt/airflow/dags/05_sensor.py
[2026-09-10T02:44:53.304+0000] {processor.py:925} INFO - DAG(s) '05_sensor' retrieved from /opt/airflow/dags/05_sensor.py
[2026-09-10T02:44:53.342+0000] {logging_mixin.py:190} INFO - [2026-09-10T02:44:53.342+0000] {dag.py:3239} INFO - Sync 1 DAGs
[2026-09-10T02:44:53.357+0000] {logging_mixin.py:190} INFO - [2026-09-10T02:44:53.357+0000] {dag.py:4180} INFO - Setting next_dagrun for 05_sensor to None, run_after=None
[2026-09-10T02:44:53.380+0000] {processor.py:208} INFO - Processing /opt/airflow/dags/05_sensor.py took 0.097 seconds
[2026-09-10T02:45:23.938+0000] {processor.py:186} INFO - Started process (PID=641) to work on /opt/airflow/dags/05_sensor.py
[2026-09-10T02:45:23.939+0000] {processor.py:914} INFO - Processing file /opt/airflow/dags/05_sensor.py for tasks to queue
[2026-09-10T02:45:23.941+0000] {logging_mixin.py:190} INFO - [2026-09-10T02:45:23.941+0000] {dagbag.py:588} INFO - Filling up the DagBag from /opt/airflow/dags/05_sensor.py
[2026-09-10T02:45:23.951+0000] {processor.py:925} INFO - DAG(s) '05_sensor' retrieved from /opt/airflow/dags/05_sensor.py
[2026-09-10T02:45:23.986+0000] {logging_mixin.py:190} INFO - [2026-09-10T02:45:23.986+0000] {dag.py:3239} INFO - Sync 1 DAGs
[2026-09-10T02:45:24.169+0000] {logging_mixin.py:190} INFO - [2026-09-10T02:45:24.169+0000] {dag.py:4180} INFO - Setting next_dagrun for 05_sensor to None, run_after=None
[2026-09-10T02:45:24.186+0000] {processor.py:208} INFO - Processing /opt/airflow/dags/05_sensor.py took 0.256 seconds
[2026-09-10T02:45:55.170+0000] {processor.py:186} INFO - Started process (PID=691) to work on /opt/airflow/dags/05_sensor.py
[2026-09-10T02:45:55.172+0000] {processor.py:914} INFO - Processing file /opt/airflow/dags/05_sensor.py for tasks to queue
[2026-09-10T02:45:55.174+0000] {logging_mixin.py:190} INFO - [2026-09-10T02:45:55.174+0000] {dagbag.py:588} INFO - Filling up the DagBag from /opt/airflow/dags/05_sensor.py
[2026-09-10T02:45:55.185+0000] {processor.py:925} INFO - DAG(s) '05_sensor' retrieved from /opt/airflow/dags/05_sensor.py
[2026-09-10T02:45:55.220+0000] {logging_mixin.py:190} INFO - [2026-09-10T02:45:55.220+0000] {dag.py:3239} INFO - Sync 1 DAGs
[2026-09-10T02:45:55.235+0000] {logging_mixin.py:190} INFO - [2026-09-10T02:45:55.235+0000] {dag.py:4180} INFO - Setting next_dagrun for 05_sensor to None, run_after=None
[2026-09-10T02:45:55.254+0000] {processor.py:208} INFO - Processing /opt/airflow/dags/05_sensor.py took 0.093 seconds
[2026-09-10T02:46:25.852+0000] {processor.py:186} INFO - Started process (PID=741) to work on /opt/airflow/dags/05_sensor.py
[2026-09-10T02:46:25.853+0000] {processor.py:914} INFO - Processing file /opt/airflow/dags/05_sensor.py for tasks to queue
[2026-09-10T02:46:25.855+0000] {logging_mixin.py:190} INFO - [2026-09-10T02:46:25.855+0000] {dagbag.py:588} INFO - Filling up the DagBag from /opt/airflow/dags/05_sensor.py
[2026-09-10T02:46:25.866+0000] {processor.py:925} INFO - DAG(s) '05_sensor' retrieved from /opt/airflow/dags/05_sensor.py
[2026-09-10T02:46:25.904+0000] {logging_mixin.py:190} INFO - [2026-09-10T02:46:25.903+0000] {dag.py:3239} INFO - Sync 1 DAGs
[2026-09-10T02:46:26.079+0000] {logging_mixin.py:190} INFO - [2026-09-10T02:46:26.079+0000] {dag.py:4180} INFO - Setting next_dagrun for 05_sensor to None, run_after=None
[2026-09-10T02:46:26.096+0000] {processor.py:208} INFO - Processing /opt/airflow/dags/05_sensor.py took 0.253 seconds
[2026-09-10T02:46:57.107+0000] {processor.py:186} INFO - Started process (PID=791) to work on /opt/airflow/dags/05_sensor.py
[2026-09-10T02:46:57.109+0000] {processor.py:914} INFO - Processing file /opt/airflow/dags/05_sensor.py for tasks to queue
[2026-09-10T02:46:57.112+0000] {logging_mixin.py:190} INFO - [2026-09-10T02:46:57.112+0000] {dagbag.py:588} INFO - Filling up the DagBag from /opt/airflow/dags/05_sensor.py
[2026-09-10T02:46:57.123+0000] {processor.py:925} INFO - DAG(s) '05_sensor' retrieved from /opt/airflow/dags/05_sensor.py
[2026-09-10T02:46:57.158+0000] {logging_mixin.py:190} INFO - [2026-09-10T02:46:57.158+0000] {dag.py:3239} INFO - Sync 1 DAGs
[2026-09-10T02:46:57.177+0000] {logging_mixin.py:190} INFO - [2026-09-10T02:46:57.177+0000] {dag.py:4180} INFO - Setting next_dagrun for 05_sensor to None, run_after=None
[2026-09-10T02:46:57.199+0000] {processor.py:208} INFO - Processing /opt/airflow/dags/05_sensor.py took 0.100 seconds
[2026-09-10T02:47:27.332+0000] {processor.py:186} INFO - Started process (PID=841) to work on /opt/airflow/dags/05_sensor.py
[2026-09-10T02:47:27.333+0000] {processor.py:914} INFO - Processing file /opt/airflow/dags/05_sensor.py for tasks to queue
[2026-09-10T02:47:27.338+0000] {logging_mixin.py:190} INFO - [2026-09-10T02:47:27.337+0000] {dagbag.py:588} INFO - Filling up the DagBag from /opt/airflow/dags/05_sensor.py
[2026-09-10T02:47:27.349+0000] {processor.py:925} INFO - DAG(s) '05_sensor' retrieved from /opt/airflow/dags/05_sensor.py
[2026-09-10T02:47:27.389+0000] {logging_mixin.py:190} INFO - [2026-09-10T02:47:27.389+0000] {dag.py:3239} INFO - Sync 1 DAGs
[2026-09-10T02:47:27.587+0000] {logging_mixin.py:190} INFO - [2026-09-10T02:47:27.587+0000] {dag.py:4180} INFO - Setting next_dagrun for 05_sensor to None, run_after=None
[2026-09-10T02:47:27.609+0000] {processor.py:208} INFO - Processing /opt/airflow/dags/05_sensor.py took 0.286 seconds
[2026-09-10T02:47:57.734+0000] {processor.py:186} INFO - Started process (PID=891) to work on /opt/airflow/dags/05_sensor.py
[2026-09-10T02:47:57.735+0000] {processor.py:914} INFO - Processing file /opt/airflow/dags/05_sensor.py for tasks to queue
[2026-09-10T02:47:57.739+0000] {logging_mixin.py:190} INFO - [2026-09-10T02:47:57.738+0000] {dagbag.py:588} INFO - Filling up the DagBag from /opt/airflow/dags/05_sensor.py
[2026-09-10T02:47:57.748+0000] {processor.py:925} INFO - DAG(s) '05_sensor' retrieved from /opt/airflow/dags/05_sensor.py
[2026-09-10T02:47:57.785+0000] {logging_mixin.py:190} INFO - [2026-09-10T02:47:57.784+0000] {dag.py:3239} INFO - Sync 1 DAGs
[2026-09-10T02:47:57.800+0000] {logging_mixin.py:190} INFO - [2026-09-10T02:47:57.799+0000] {dag.py:4180} INFO - Setting next_dagrun for 05_sensor to None, run_after=None
[2026-09-10T02:47:57.818+0000] {processor.py:208} INFO - Processing /opt/airflow/dags/05_sensor.py took 0.092 seconds
[2026-09-10T02:48:28.943+0000] {processor.py:186} INFO - Started process (PID=939) to work on /opt/airflow/dags/05_sensor.py
[2026-09-10T02:48:28.944+0000] {processor.py:914} INFO - Processing file /opt/airflow/dags/05_sensor.py for tasks to queue
[2026-09-10T02:48:28.957+0000] {logging_mixin.py:190} INFO - [2026-09-10T02:48:28.950+0000] {dagbag.py:588} INFO - Filling up the DagBag from /opt/airflow/dags/05_sensor.py
[2026-09-10T02:48:28.977+0000] {processor.py:925} INFO - DAG(s) '05_sensor' retrieved from /opt/airflow/dags/05_sensor.py
[2026-09-10T02:48:29.045+0000] {logging_mixin.py:190} INFO - [2026-09-10T02:48:29.045+0000] {dag.py:3239} INFO - Sync 1 DAGs
[2026-09-10T02:48:29.432+0000] {logging_mixin.py:190} INFO - [2026-09-10T02:48:29.431+0000] {dag.py:4180} INFO - Setting next_dagrun for 05_sensor to None, run_after=None
[2026-09-10T02:48:29.494+0000] {processor.py:208} INFO - Processing /opt/airflow/dags/05_sensor.py took 0.568 seconds
[2026-09-10T02:49:00.323+0000] {processor.py:186} INFO - Started process (PID=991) to work on /opt/airflow/dags/05_sensor.py
[2026-09-10T02:49:00.325+0000] {processor.py:914} INFO - Processing file /opt/airflow/dags/05_sensor.py for tasks to queue
[2026-09-10T02:49:00.332+0000] {logging_mixin.py:190} INFO - [2026-09-10T02:49:00.332+0000] {dagbag.py:588} INFO - Filling up the DagBag from /opt/airflow/dags/05_sensor.py
[2026-09-10T02:49:00.349+0000] {processor.py:925} INFO - DAG(s) '05_sensor' retrieved from /opt/airflow/dags/05_sensor.py
[2026-09-10T02:49:00.412+0000] {logging_mixin.py:190} INFO - [2026-09-10T02:49:00.412+0000] {dag.py:3239} INFO - Sync 1 DAGs
[2026-09-10T02:49:00.434+0000] {logging_mixin.py:190} INFO - [2026-09-10T02:49:00.434+0000] {dag.py:4180} INFO - Setting next_dagrun for 05_sensor to None, run_after=None
[2026-09-10T02:49:00.463+0000] {processor.py:208} INFO - Processing /opt/airflow/dags/05_sensor.py took 0.152 seconds
[2026-09-10T02:49:31.051+0000] {processor.py:186} INFO - Started process (PID=1041) to work on /opt/airflow/dags/05_sensor.py
[2026-09-10T02:49:31.052+0000] {processor.py:914} INFO - Processing file /opt/airflow/dags/05_sensor.py for tasks to queue
[2026-09-10T02:49:31.055+0000] {logging_mixin.py:190} INFO - [2026-09-10T02:49:31.054+0000] {dagbag.py:588} INFO - Filling up the DagBag from /opt/airflow/dags/05_sensor.py
[2026-09-10T02:49:31.067+0000] {processor.py:925} INFO - DAG(s) '05_sensor' retrieved from /opt/airflow/dags/05_sensor.py
[2026-09-10T02:49:31.111+0000] {logging_mixin.py:190} INFO - [2026-09-10T02:49:31.111+0000] {dag.py:3239} INFO - Sync 1 DAGs
[2026-09-10T02:49:31.318+0000] {logging_mixin.py:190} INFO - [2026-09-10T02:49:31.318+0000] {dag.py:4180} INFO - Setting next_dagrun for 05_sensor to None, run_after=None
[2026-09-10T02:49:31.339+0000] {processor.py:208} INFO - Processing /opt/airflow/dags/05_sensor.py took 0.297 seconds
[2026-09-10T02:50:01.518+0000] {processor.py:186} INFO - Started process (PID=1091) to work on /opt/airflow/dags/05_sensor.py
[2026-09-10T02:50:01.520+0000] {processor.py:914} INFO - Processing file /opt/airflow/dags/05_sensor.py for tasks to queue
[2026-09-10T02:50:01.523+0000] {logging_mixin.py:190} INFO - [2026-09-10T02:50:01.523+0000] {dagbag.py:588} INFO - Filling up the DagBag from /opt/airflow/dags/05_sensor.py
[2026-09-10T02:50:01.535+0000] {processor.py:925} INFO - DAG(s) '05_sensor' retrieved from /opt/airflow/dags/05_sensor.py
[2026-09-10T02:50:01.582+0000] {logging_mixin.py:190} INFO - [2026-09-10T02:50:01.581+0000] {dag.py:3239} INFO - Sync 1 DAGs
[2026-09-10T02:50:01.599+0000] {logging_mixin.py:190} INFO - [2026-09-10T02:50:01.598+0000] {dag.py:4180} INFO - Setting next_dagrun for 05_sensor to None, run_after=None
[2026-09-10T02:50:01.619+0000] {processor.py:208} INFO - Processing /opt/airflow/dags/05_sensor.py took 0.109 seconds
[2026-09-10T02:50:31.675+0000] {processor.py:186} INFO - Started process (PID=1139) to work on /opt/airflow/dags/05_sensor.py
[2026-09-10T02:50:31.676+0000] {processor.py:914} INFO - Processing file /opt/airflow/dags/05_sensor.py for tasks to queue
[2026-09-10T02:50:31.678+0000] {logging_mixin.py:190} INFO - [2026-09-10T02:50:31.678+0000] {dagbag.py:588} INFO - Filling up the DagBag from /opt/airflow/dags/05_sensor.py
[2026-09-10T02:50:31.690+0000] {processor.py:925} INFO - DAG(s) '05_sensor' retrieved from /opt/airflow/dags/05_sensor.py
[2026-09-10T02:50:31.734+0000] {logging_mixin.py:190} INFO - [2026-09-10T02:50:31.734+0000] {dag.py:3239} INFO - Sync 1 DAGs
[2026-09-10T02:50:31.986+0000] {logging_mixin.py:190} INFO - [2026-09-10T02:50:31.986+0000] {dag.py:4180} INFO - Setting next_dagrun for 05_sensor to None, run_after=None
[2026-09-10T02:50:32.007+0000] {processor.py:208} INFO - Processing /opt/airflow/dags/05_sensor.py took 0.341 seconds
[2026-09-10T02:51:02.977+0000] {processor.py:186} INFO - Started process (PID=1189) to work on /opt/airflow/dags/05_sensor.py
[2026-09-10T02:51:02.978+0000] {processor.py:914} INFO - Processing file /opt/airflow/dags/05_sensor.py for tasks to queue
[2026-09-10T02:51:02.982+0000] {logging_mixin.py:190} INFO - [2026-09-10T02:51:02.981+0000] {dagbag.py:588} INFO - Filling up the DagBag from /opt/airflow/dags/05_sensor.py
[2026-09-10T02:51:02.994+0000] {processor.py:925} INFO - DAG(s) '05_sensor' retrieved from /opt/airflow/dags/05_sensor.py
[2026-09-10T02:51:03.039+0000] {logging_mixin.py:190} INFO - [2026-09-10T02:51:03.039+0000] {dag.py:3239} INFO - Sync 1 DAGs
[2026-09-10T02:51:03.057+0000] {logging_mixin.py:190} INFO - [2026-09-10T02:51:03.056+0000] {dag.py:4180} INFO - Setting next_dagrun for 05_sensor to None, run_after=None
[2026-09-10T02:51:03.076+0000] {processor.py:208} INFO - Processing /opt/airflow/dags/05_sensor.py took 0.108 seconds
[2026-09-10T02:51:34.686+0000] {processor.py:186} INFO - Started process (PID=1239) to work on /opt/airflow/dags/05_sensor.py
[2026-09-10T02:51:34.688+0000] {processor.py:914} INFO - Processing file /opt/airflow/dags/05_sensor.py for tasks to queue
[2026-09-10T02:51:34.692+0000] {logging_mixin.py:190} INFO - [2026-09-10T02:51:34.691+0000] {dagbag.py:588} INFO - Filling up the DagBag from /opt/airflow/dags/05_sensor.py
[2026-09-10T02:51:34.707+0000] {processor.py:925} INFO - DAG(s) '05_sensor' retrieved from /opt/airflow/dags/05_sensor.py
[2026-09-10T02:51:34.752+0000] {logging_mixin.py:190} INFO - [2026-09-10T02:51:34.751+0000] {dag.py:3239} INFO - Sync 1 DAGs
[2026-09-10T02:51:35.005+0000] {logging_mixin.py:190} INFO - [2026-09-10T02:51:35.004+0000] {dag.py:4180} INFO - Setting next_dagrun for 05_sensor to None, run_after=None
[2026-09-10T02:51:35.051+0000] {processor.py:208} INFO - Processing /opt/airflow/dags/05_sensor.py took 0.374 seconds
[2026-09-10T02:52:05.637+0000] {processor.py:186} INFO - Started process (PID=1298) to work on /opt/airflow/dags/05_sensor.py
[2026-09-10T02:52:05.643+0000] {processor.py:914} INFO - Processing file /opt/airflow/dags/05_sensor.py for tasks to queue
[2026-09-10T02:52:05.649+0000] {logging_mixin.py:190} INFO - [2026-09-10T02:52:05.648+0000] {dagbag.py:588} INFO - Filling up the DagBag from /opt/airflow/dags/05_sensor.py
[2026-09-10T02:52:05.668+0000] {processor.py:925} INFO - DAG(s) '05_sensor' retrieved from /opt/airflow/dags/05_sensor.py
[2026-09-10T02:52:05.727+0000] {logging_mixin.py:190} INFO - [2026-09-10T02:52:05.726+0000] {dag.py:3239} INFO - Sync 1 DAGs
[2026-09-10T02:52:05.759+0000] {logging_mixin.py:190} INFO - [2026-09-10T02:52:05.759+0000] {dag.py:4180} INFO - Setting next_dagrun for 05_sensor to None, run_after=None
[2026-09-10T02:52:05.822+0000] {processor.py:208} INFO - Processing /opt/airflow/dags/05_sensor.py took 0.195 seconds
[2026-09-10T02:52:36.687+0000] {processor.py:186} INFO - Started process (PID=1350) to work on /opt/airflow/dags/05_sensor.py
[2026-09-10T02:52:36.688+0000] {processor.py:914} INFO - Processing file /opt/airflow/dags/05_sensor.py for tasks to queue
[2026-09-10T02:52:36.690+0000] {logging_mixin.py:190} INFO - [2026-09-10T02:52:36.690+0000] {dagbag.py:588} INFO - Filling up the DagBag from /opt/airflow/dags/05_sensor.py
[2026-09-10T02:52:36.702+0000] {processor.py:925} INFO - DAG(s) '05_sensor' retrieved from /opt/airflow/dags/05_sensor.py
[2026-09-10T02:52:36.741+0000] {logging_mixin.py:190} INFO - [2026-09-10T02:52:36.741+0000] {dag.py:3239} INFO - Sync 1 DAGs
[2026-09-10T02:52:36.941+0000] {logging_mixin.py:190} INFO - [2026-09-10T02:52:36.940+0000] {dag.py:4180} INFO - Setting next_dagrun for 05_sensor to None, run_after=None
[2026-09-10T02:52:36.957+0000] {processor.py:208} INFO - Processing /opt/airflow/dags/05_sensor.py took 0.278 seconds
[2026-09-10T02:53:07.353+0000] {processor.py:186} INFO - Started process (PID=1400) to work on /opt/airflow/dags/05_sensor.py
[2026-09-10T02:53:07.354+0000] {processor.py:914} INFO - Processing file /opt/airflow/dags/05_sensor.py for tasks to queue
[2026-09-10T02:53:07.357+0000] {logging_mixin.py:190} INFO - [2026-09-10T02:53:07.356+0000] {dagbag.py:588} INFO - Filling up the DagBag from /opt/airflow/dags/05_sensor.py
[2026-09-10T02:53:07.368+0000] {processor.py:925} INFO - DAG(s) '05_sensor' retrieved from /opt/airflow/dags/05_sensor.py
[2026-09-10T02:53:07.404+0000] {logging_mixin.py:190} INFO - [2026-09-10T02:53:07.403+0000] {dag.py:3239} INFO - Sync 1 DAGs
[2026-09-10T02:53:07.419+0000] {logging_mixin.py:190} INFO - [2026-09-10T02:53:07.419+0000] {dag.py:4180} INFO - Setting next_dagrun for 05_sensor to None, run_after=None
[2026-09-10T02:53:07.438+0000] {processor.py:208} INFO - Processing /opt/airflow/dags/05_sensor.py took 0.096 seconds
[2026-09-10T02:53:38.843+0000] {processor.py:186} INFO - Started process (PID=1450) to work on /opt/airflow/dags/05_sensor.py
[2026-09-10T02:53:38.844+0000] {processor.py:914} INFO - Processing file /opt/airflow/dags/05_sensor.py for tasks to queue
[2026-09-10T02:53:38.847+0000] {logging_mixin.py:190} INFO - [2026-09-10T02:53:38.847+0000] {dagbag.py:588} INFO - Filling up the DagBag from /opt/airflow/dags/05_sensor.py
[2026-09-10T02:53:38.859+0000] {processor.py:925} INFO - DAG(s) '05_sensor' retrieved from /opt/airflow/dags/05_sensor.py
[2026-09-10T02:53:38.903+0000] {logging_mixin.py:190} INFO - [2026-09-10T02:53:38.903+0000] {dag.py:3239} INFO - Sync 1 DAGs
[2026-09-10T02:53:39.143+0000] {logging_mixin.py:190} INFO - [2026-09-10T02:53:39.142+0000] {dag.py:4180} INFO - Setting next_dagrun for 05_sensor to None, run_after=None
[2026-09-10T02:53:39.161+0000] {processor.py:208} INFO - Processing /opt/airflow/dags/05_sensor.py took 0.327 seconds
[2026-09-10T02:54:09.602+0000] {processor.py:186} INFO - Started process (PID=1500) to work on /opt/airflow/dags/05_sensor.py
[2026-09-10T02:54:09.603+0000] {processor.py:914} INFO - Processing file /opt/airflow/dags/05_sensor.py for tasks to queue
[2026-09-10T02:54:09.606+0000] {logging_mixin.py:190} INFO - [2026-09-10T02:54:09.606+0000] {dagbag.py:588} INFO - Filling up the DagBag from /opt/airflow/dags/05_sensor.py
[2026-09-10T02:54:09.619+0000] {processor.py:925} INFO - DAG(s) '05_sensor' retrieved from /opt/airflow/dags/05_sensor.py
[2026-09-10T02:54:09.676+0000] {logging_mixin.py:190} INFO - [2026-09-10T02:54:09.675+0000] {dag.py:3239} INFO - Sync 1 DAGs
[2026-09-10T02:54:09.700+0000] {logging_mixin.py:190} INFO - [2026-09-10T02:54:09.700+0000] {dag.py:4180} INFO - Setting next_dagrun for 05_sensor to None, run_after=None
[2026-09-10T02:54:09.726+0000] {processor.py:208} INFO - Processing /opt/airflow/dags/05_sensor.py took 0.134 seconds
[2026-09-10T02:54:40.298+0000] {processor.py:186} INFO - Started process (PID=1550) to work on /opt/airflow/dags/05_sensor.py
[2026-09-10T02:54:40.299+0000] {processor.py:914} INFO - Processing file /opt/airflow/dags/05_sensor.py for tasks to queue
[2026-09-10T02:54:40.302+0000] {logging_mixin.py:190} INFO - [2026-09-10T02:54:40.302+0000] {dagbag.py:588} INFO - Filling up the DagBag from /opt/airflow/dags/05_sensor.py
[2026-09-10T02:54:40.314+0000] {processor.py:925} INFO - DAG(s) '05_sensor' retrieved from /opt/airflow/dags/05_sensor.py
[2026-09-10T02:54:40.353+0000] {logging_mixin.py:190} INFO - [2026-09-10T02:54:40.353+0000] {dag.py:3239} INFO - Sync 1 DAGs
[2026-09-10T02:54:40.618+0000] {logging_mixin.py:190} INFO - [2026-09-10T02:54:40.618+0000] {dag.py:4180} INFO - Setting next_dagrun for 05_sensor to None, run_after=None
[2026-09-10T02:54:40.636+0000] {processor.py:208} INFO - Processing /opt/airflow/dags/05_sensor.py took 0.348 seconds
[2026-09-10T02:55:10.989+0000] {processor.py:186} INFO - Started process (PID=1600) to work on /opt/airflow/dags/05_sensor.py
[2026-09-10T02:55:10.990+0000] {processor.py:914} INFO - Processing file /opt/airflow/dags/05_sensor.py for tasks to queue
[2026-09-10T02:55:10.993+0000] {logging_mixin.py:190} INFO - [2026-09-10T02:55:10.993+0000] {dagbag.py:588} INFO - Filling up the DagBag from /opt/airflow/dags/05_sensor.py
[2026-09-10T02:55:11.005+0000] {processor.py:925} INFO - DAG(s) '05_sensor' retrieved from /opt/airflow/dags/05_sensor.py
[2026-09-10T02:55:11.045+0000] {logging_mixin.py:190} INFO - [2026-09-10T02:55:11.045+0000] {dag.py:3239} INFO - Sync 1 DAGs
[2026-09-10T02:55:11.061+0000] {logging_mixin.py:190} INFO - [2026-09-10T02:55:11.061+0000] {dag.py:4180} INFO - Setting next_dagrun for 05_sensor to None, run_after=None
[2026-09-10T02:55:11.081+0000] {processor.py:208} INFO - Processing /opt/airflow/dags/05_sensor.py took 0.100 seconds
[2026-09-10T02:55:41.929+0000] {processor.py:186} INFO - Started process (PID=1650) to work on /opt/airflow/dags/05_sensor.py
[2026-09-10T02:55:41.930+0000] {processor.py:914} INFO - Processing file /opt/airflow/dags/05_sensor.py for tasks to queue
[2026-09-10T02:55:41.933+0000] {logging_mixin.py:190} INFO - [2026-09-10T02:55:41.933+0000] {dagbag.py:588} INFO - Filling up the DagBag from /opt/airflow/dags/05_sensor.py
[2026-09-10T02:55:41.947+0000] {processor.py:925} INFO - DAG(s) '05_sensor' retrieved from /opt/airflow/dags/05_sensor.py
[2026-09-10T02:55:42.001+0000] {logging_mixin.py:190} INFO - [2026-09-10T02:55:42.001+0000] {dag.py:3239} INFO - Sync 1 DAGs
[2026-09-10T02:55:42.024+0000] {logging_mixin.py:190} INFO - [2026-09-10T02:55:42.024+0000] {dag.py:4180} INFO - Setting next_dagrun for 05_sensor to None, run_after=None
[2026-09-10T02:55:42.046+0000] {processor.py:208} INFO - Processing /opt/airflow/dags/05_sensor.py took 0.126 seconds
[2026-09-10T02:56:12.929+0000] {processor.py:186} INFO - Started process (PID=1700) to work on /opt/airflow/dags/05_sensor.py
[2026-09-10T02:56:12.931+0000] {processor.py:914} INFO - Processing file /opt/airflow/dags/05_sensor.py for tasks to queue
[2026-09-10T02:56:12.933+0000] {logging_mixin.py:190} INFO - [2026-09-10T02:56:12.933+0000] {dagbag.py:588} INFO - Filling up the DagBag from /opt/airflow/dags/05_sensor.py
[2026-09-10T02:56:12.944+0000] {processor.py:925} INFO - DAG(s) '05_sensor' retrieved from /opt/airflow/dags/05_sensor.py
[2026-09-10T02:56:12.982+0000] {logging_mixin.py:190} INFO - [2026-09-10T02:56:12.982+0000] {dag.py:3239} INFO - Sync 1 DAGs
[2026-09-10T02:56:12.998+0000] {logging_mixin.py:190} INFO - [2026-09-10T02:56:12.998+0000] {dag.py:4180} INFO - Setting next_dagrun for 05_sensor to None, run_after=None
[2026-09-10T02:56:13.022+0000] {processor.py:208} INFO - Processing /opt/airflow/dags/05_sensor.py took 0.100 seconds
[2026-09-10T02:56:43.756+0000] {processor.py:186} INFO - Started process (PID=1750) to work on /opt/airflow/dags/05_sensor.py
[2026-09-10T02:56:43.757+0000] {processor.py:914} INFO - Processing file /opt/airflow/dags/05_sensor.py for tasks to queue
[2026-09-10T02:56:43.760+0000] {logging_mixin.py:190} INFO - [2026-09-10T02:56:43.760+0000] {dagbag.py:588} INFO - Filling up the DagBag from /opt/airflow/dags/05_sensor.py
[2026-09-10T02:56:43.771+0000] {processor.py:925} INFO - DAG(s) '05_sensor' retrieved from /opt/airflow/dags/05_sensor.py
[2026-09-10T02:56:43.809+0000] {logging_mixin.py:190} INFO - [2026-09-10T02:56:43.809+0000] {dag.py:3239} INFO - Sync 1 DAGs
[2026-09-10T02:56:43.825+0000] {logging_mixin.py:190} INFO - [2026-09-10T02:56:43.825+0000] {dag.py:4180} INFO - Setting next_dagrun for 05_sensor to None, run_after=None
[2026-09-10T02:56:43.845+0000] {processor.py:208} INFO - Processing /opt/airflow/dags/05_sensor.py took 0.096 seconds
[2026-09-10T02:57:14.676+0000] {processor.py:186} INFO - Started process (PID=1800) to work on /opt/airflow/dags/05_sensor.py
[2026-09-10T02:57:14.680+0000] {processor.py:914} INFO - Processing file /opt/airflow/dags/05_sensor.py for tasks to queue
[2026-09-10T02:57:14.685+0000] {logging_mixin.py:190} INFO - [2026-09-10T02:57:14.684+0000] {dagbag.py:588} INFO - Filling up the DagBag from /opt/airflow/dags/05_sensor.py
[2026-09-10T02:57:14.698+0000] {processor.py:925} INFO - DAG(s) '05_sensor' retrieved from /opt/airflow/dags/05_sensor.py
[2026-09-10T02:57:14.759+0000] {logging_mixin.py:190} INFO - [2026-09-10T02:57:14.758+0000] {dag.py:3239} INFO - Sync 1 DAGs
[2026-09-10T02:57:14.780+0000] {logging_mixin.py:190} INFO - [2026-09-10T02:57:14.780+0000] {dag.py:4180} INFO - Setting next_dagrun for 05_sensor to None, run_after=None
[2026-09-10T02:57:14.801+0000] {processor.py:208} INFO - Processing /opt/airflow/dags/05_sensor.py took 0.141 seconds
[2026-09-10T02:57:45.527+0000] {processor.py:186} INFO - Started process (PID=1850) to work on /opt/airflow/dags/05_sensor.py
[2026-09-10T02:57:45.528+0000] {processor.py:914} INFO - Processing file /opt/airflow/dags/05_sensor.py for tasks to queue
[2026-09-10T02:57:45.530+0000] {logging_mixin.py:190} INFO - [2026-09-10T02:57:45.529+0000] {dagbag.py:588} INFO - Filling up the DagBag from /opt/airflow/dags/05_sensor.py
[2026-09-10T02:57:45.540+0000] {processor.py:925} INFO - DAG(s) '05_sensor' retrieved from /opt/airflow/dags/05_sensor.py
[2026-09-10T02:57:45.587+0000] {logging_mixin.py:190} INFO - [2026-09-10T02:57:45.587+0000] {dag.py:3239} INFO - Sync 1 DAGs
[2026-09-10T02:57:45.608+0000] {logging_mixin.py:190} INFO - [2026-09-10T02:57:45.607+0000] {dag.py:4180} INFO - Setting next_dagrun for 05_sensor to None, run_after=None
[2026-09-10T02:57:45.634+0000] {processor.py:208} INFO - Processing /opt/airflow/dags/05_sensor.py took 0.116 seconds
[2026-09-10T02:58:16.486+0000] {processor.py:186} INFO - Started process (PID=1898) to work on /opt/airflow/dags/05_sensor.py
[2026-09-10T02:58:16.488+0000] {processor.py:914} INFO - Processing file /opt/airflow/dags/05_sensor.py for tasks to queue
[2026-09-10T02:58:16.490+0000] {logging_mixin.py:190} INFO - [2026-09-10T02:58:16.490+0000] {dagbag.py:588} INFO - Filling up the DagBag from /opt/airflow/dags/05_sensor.py
[2026-09-10T02:58:16.505+0000] {processor.py:925} INFO - DAG(s) '05_sensor' retrieved from /opt/airflow/dags/05_sensor.py
[2026-09-10T02:58:16.559+0000] {logging_mixin.py:190} INFO - [2026-09-10T02:58:16.559+0000] {dag.py:3239} INFO - Sync 1 DAGs
[2026-09-10T02:58:16.585+0000] {logging_mixin.py:190} INFO - [2026-09-10T02:58:16.584+0000] {dag.py:4180} INFO - Setting next_dagrun for 05_sensor to None, run_after=None
[2026-09-10T02:58:16.617+0000] {processor.py:208} INFO - Processing /opt/airflow/dags/05_sensor.py took 0.142 seconds
[2026-09-10T02:58:46.701+0000] {processor.py:186} INFO - Started process (PID=1948) to work on /opt/airflow/dags/05_sensor.py
[2026-09-10T02:58:46.702+0000] {processor.py:914} INFO - Processing file /opt/airflow/dags/05_sensor.py for tasks to queue
[2026-09-10T02:58:46.704+0000] {logging_mixin.py:190} INFO - [2026-09-10T02:58:46.703+0000] {dagbag.py:588} INFO - Filling up the DagBag from /opt/airflow/dags/05_sensor.py
[2026-09-10T02:58:46.713+0000] {processor.py:925} INFO - DAG(s) '05_sensor' retrieved from /opt/airflow/dags/05_sensor.py
[2026-09-10T02:58:46.750+0000] {logging_mixin.py:190} INFO - [2026-09-10T02:58:46.750+0000] {dag.py:3239} INFO - Sync 1 DAGs
[2026-09-10T02:58:46.766+0000] {logging_mixin.py:190} INFO - [2026-09-10T02:58:46.766+0000] {dag.py:4180} INFO - Setting next_dagrun for 05_sensor to None, run_after=None
[2026-09-10T02:58:46.786+0000] {processor.py:208} INFO - Processing /opt/airflow/dags/05_sensor.py took 0.091 seconds
[2026-09-10T02:59:17.621+0000] {processor.py:186} INFO - Started process (PID=2000) to work on /opt/airflow/dags/05_sensor.py
[2026-09-10T02:59:17.623+0000] {processor.py:914} INFO - Processing file /opt/airflow/dags/05_sensor.py for tasks to queue
[2026-09-10T02:59:17.625+0000] {logging_mixin.py:190} INFO - [2026-09-10T02:59:17.625+0000] {dagbag.py:588} INFO - Filling up the DagBag from /opt/airflow/dags/05_sensor.py
[2026-09-10T02:59:17.636+0000] {processor.py:925} INFO - DAG(s) '05_sensor' retrieved from /opt/airflow/dags/05_sensor.py
[2026-09-10T02:59:17.672+0000] {logging_mixin.py:190} INFO - [2026-09-10T02:59:17.672+0000] {dag.py:3239} INFO - Sync 1 DAGs
[2026-09-10T02:59:17.690+0000] {logging_mixin.py:190} INFO - [2026-09-10T02:59:17.690+0000] {dag.py:4180} INFO - Setting next_dagrun for 05_sensor to None, run_after=None
[2026-09-10T02:59:17.715+0000] {processor.py:208} INFO - Processing /opt/airflow/dags/05_sensor.py took 0.102 seconds
[2026-09-10T02:59:48.495+0000] {processor.py:186} INFO - Started process (PID=2048) to work on /opt/airflow/dags/05_sensor.py
[2026-09-10T02:59:48.497+0000] {processor.py:914} INFO - Processing file /opt/airflow/dags/05_sensor.py for tasks to queue
[2026-09-10T02:59:48.500+0000] {logging_mixin.py:190} INFO - [2026-09-10T02:59:48.499+0000] {dagbag.py:588} INFO - Filling up the DagBag from /opt/airflow/dags/05_sensor.py
[2026-09-10T02:59:48.510+0000] {processor.py:925} INFO - DAG(s) '05_sensor' retrieved from /opt/airflow/dags/05_sensor.py
[2026-09-10T02:59:48.549+0000] {logging_mixin.py:190} INFO - [2026-09-10T02:59:48.549+0000] {dag.py:3239} INFO - Sync 1 DAGs
[2026-09-10T02:59:48.565+0000] {logging_mixin.py:190} INFO - [2026-09-10T02:59:48.565+0000] {dag.py:4180} INFO - Setting next_dagrun for 05_sensor to None, run_after=None
[2026-09-10T02:59:48.582+0000] {processor.py:208} INFO - Processing /opt/airflow/dags/05_sensor.py took 0.095 seconds
[2026-09-10T03:00:19.420+0000] {processor.py:186} INFO - Started process (PID=2100) to work on /opt/airflow/dags/05_sensor.py
[2026-09-10T03:00:19.421+0000] {processor.py:914} INFO - Processing file /opt/airflow/dags/05_sensor.py for tasks to queue
[2026-09-10T03:00:19.424+0000] {logging_mixin.py:190} INFO - [2026-09-10T03:00:19.423+0000] {dagbag.py:588} INFO - Filling up the DagBag from /opt/airflow/dags/05_sensor.py
[2026-09-10T03:00:19.434+0000] {processor.py:925} INFO - DAG(s) '05_sensor' retrieved from /opt/airflow/dags/05_sensor.py
[2026-09-10T03:00:19.468+0000] {logging_mixin.py:190} INFO - [2026-09-10T03:00:19.468+0000] {dag.py:3239} INFO - Sync 1 DAGs
[2026-09-10T03:00:19.484+0000] {logging_mixin.py:190} INFO - [2026-09-10T03:00:19.484+0000] {dag.py:4180} INFO - Setting next_dagrun for 05_sensor to None, run_after=None
[2026-09-10T03:00:19.507+0000] {processor.py:208} INFO - Processing /opt/airflow/dags/05_sensor.py took 0.094 seconds
[2026-09-10T03:00:50.143+0000] {processor.py:186} INFO - Started process (PID=2148) to work on /opt/airflow/dags/05_sensor.py
[2026-09-10T03:00:50.144+0000] {processor.py:914} INFO - Processing file /opt/airflow/dags/05_sensor.py for tasks to queue
[2026-09-10T03:00:50.148+0000] {logging_mixin.py:190} INFO - [2026-09-10T03:00:50.147+0000] {dagbag.py:588} INFO - Filling up the DagBag from /opt/airflow/dags/05_sensor.py
[2026-09-10T03:00:50.160+0000] {processor.py:925} INFO - DAG(s) '05_sensor' retrieved from /opt/airflow/dags/05_sensor.py
[2026-09-10T03:00:50.200+0000] {logging_mixin.py:190} INFO - [2026-09-10T03:00:50.199+0000] {dag.py:3239} INFO - Sync 1 DAGs
[2026-09-10T03:00:50.216+0000] {logging_mixin.py:190} INFO - [2026-09-10T03:00:50.216+0000] {dag.py:4180} INFO - Setting next_dagrun for 05_sensor to None, run_after=None
[2026-09-10T03:00:50.234+0000] {processor.py:208} INFO - Processing /opt/airflow/dags/05_sensor.py took 0.100 seconds
[2026-09-10T03:01:21.282+0000] {processor.py:186} INFO - Started process (PID=2200) to work on /opt/airflow/dags/05_sensor.py
[2026-09-10T03:01:21.283+0000] {processor.py:914} INFO - Processing file /opt/airflow/dags/05_sensor.py for tasks to queue
[2026-09-10T03:01:21.286+0000] {logging_mixin.py:190} INFO - [2026-09-10T03:01:21.285+0000] {dagbag.py:588} INFO - Filling up the DagBag from /opt/airflow/dags/05_sensor.py
[2026-09-10T03:01:21.298+0000] {processor.py:925} INFO - DAG(s) '05_sensor' retrieved from /opt/airflow/dags/05_sensor.py
[2026-09-10T03:01:21.332+0000] {logging_mixin.py:190} INFO - [2026-09-10T03:01:21.332+0000] {dag.py:3239} INFO - Sync 1 DAGs
[2026-09-10T03:01:21.348+0000] {logging_mixin.py:190} INFO - [2026-09-10T03:01:21.348+0000] {dag.py:4180} INFO - Setting next_dagrun for 05_sensor to None, run_after=None
[2026-09-10T03:01:21.366+0000] {processor.py:208} INFO - Processing /opt/airflow/dags/05_sensor.py took 0.095 seconds
[2026-09-10T03:01:52.141+0000] {processor.py:186} INFO - Started process (PID=2248) to work on /opt/airflow/dags/05_sensor.py
[2026-09-10T03:01:52.143+0000] {processor.py:914} INFO - Processing file /opt/airflow/dags/05_sensor.py for tasks to queue
[2026-09-10T03:01:52.146+0000] {logging_mixin.py:190} INFO - [2026-09-10T03:01:52.145+0000] {dagbag.py:588} INFO - Filling up the DagBag from /opt/airflow/dags/05_sensor.py
[2026-09-10T03:01:52.158+0000] {processor.py:925} INFO - DAG(s) '05_sensor' retrieved from /opt/airflow/dags/05_sensor.py
[2026-09-10T03:01:52.197+0000] {logging_mixin.py:190} INFO - [2026-09-10T03:01:52.196+0000] {dag.py:3239} INFO - Sync 1 DAGs
[2026-09-10T03:01:52.214+0000] {logging_mixin.py:190} INFO - [2026-09-10T03:01:52.213+0000] {dag.py:4180} INFO - Setting next_dagrun for 05_sensor to None, run_after=None
[2026-09-10T03:01:52.232+0000] {processor.py:208} INFO - Processing /opt/airflow/dags/05_sensor.py took 0.100 seconds
[2026-09-10T03:02:23.164+0000] {processor.py:186} INFO - Started process (PID=2300) to work on /opt/airflow/dags/05_sensor.py
[2026-09-10T03:02:23.165+0000] {processor.py:914} INFO - Processing file /opt/airflow/dags/05_sensor.py for tasks to queue
[2026-09-10T03:02:23.168+0000] {logging_mixin.py:190} INFO - [2026-09-10T03:02:23.167+0000] {dagbag.py:588} INFO - Filling up the DagBag from /opt/airflow/dags/05_sensor.py
[2026-09-10T03:02:23.180+0000] {processor.py:925} INFO - DAG(s) '05_sensor' retrieved from /opt/airflow/dags/05_sensor.py
[2026-09-10T03:02:23.221+0000] {logging_mixin.py:190} INFO - [2026-09-10T03:02:23.220+0000] {dag.py:3239} INFO - Sync 1 DAGs
[2026-09-10T03:02:23.238+0000] {logging_mixin.py:190} INFO - [2026-09-10T03:02:23.238+0000] {dag.py:4180} INFO - Setting next_dagrun for 05_sensor to None, run_after=None
[2026-09-10T03:02:23.259+0000] {processor.py:208} INFO - Processing /opt/airflow/dags/05_sensor.py took 0.105 seconds
[2026-09-10T03:02:54.109+0000] {processor.py:186} INFO - Started process (PID=2350) to work on /opt/airflow/dags/05_sensor.py
[2026-09-10T03:02:54.110+0000] {processor.py:914} INFO - Processing file /opt/airflow/dags/05_sensor.py for tasks to queue
[2026-09-10T03:02:54.113+0000] {logging_mixin.py:190} INFO - [2026-09-10T03:02:54.113+0000] {dagbag.py:588} INFO - Filling up the DagBag from /opt/airflow/dags/05_sensor.py
[2026-09-10T03:02:54.124+0000] {processor.py:925} INFO - DAG(s) '05_sensor' retrieved from /opt/airflow/dags/05_sensor.py
[2026-09-10T03:02:54.160+0000] {logging_mixin.py:190} INFO - [2026-09-10T03:02:54.160+0000] {dag.py:3239} INFO - Sync 1 DAGs
[2026-09-10T03:02:54.176+0000] {logging_mixin.py:190} INFO - [2026-09-10T03:02:54.176+0000] {dag.py:4180} INFO - Setting next_dagrun for 05_sensor to None, run_after=None
[2026-09-10T03:02:54.195+0000] {processor.py:208} INFO - Processing /opt/airflow/dags/05_sensor.py took 0.094 seconds
[2026-09-10T03:03:24.969+0000] {processor.py:186} INFO - Started process (PID=2398) to work on /opt/airflow/dags/05_sensor.py
[2026-09-10T03:03:24.970+0000] {processor.py:914} INFO - Processing file /opt/airflow/dags/05_sensor.py for tasks to queue
[2026-09-10T03:03:24.973+0000] {logging_mixin.py:190} INFO - [2026-09-10T03:03:24.973+0000] {dagbag.py:588} INFO - Filling up the DagBag from /opt/airflow/dags/05_sensor.py
[2026-09-10T03:03:24.985+0000] {processor.py:925} INFO - DAG(s) '05_sensor' retrieved from /opt/airflow/dags/05_sensor.py
[2026-09-10T03:03:25.031+0000] {logging_mixin.py:190} INFO - [2026-09-10T03:03:25.031+0000] {dag.py:3239} INFO - Sync 1 DAGs
[2026-09-10T03:03:25.049+0000] {logging_mixin.py:190} INFO - [2026-09-10T03:03:25.048+0000] {dag.py:4180} INFO - Setting next_dagrun for 05_sensor to None, run_after=None
[2026-09-10T03:03:25.068+0000] {processor.py:208} INFO - Processing /opt/airflow/dags/05_sensor.py took 0.108 seconds
[2026-09-10T03:03:55.923+0000] {processor.py:186} INFO - Started process (PID=2450) to work on /opt/airflow/dags/05_sensor.py
[2026-09-10T03:03:55.924+0000] {processor.py:914} INFO - Processing file /opt/airflow/dags/05_sensor.py for tasks to queue
[2026-09-10T03:03:55.926+0000] {logging_mixin.py:190} INFO - [2026-09-10T03:03:55.926+0000] {dagbag.py:588} INFO - Filling up the DagBag from /opt/airflow/dags/05_sensor.py
[2026-09-10T03:03:55.935+0000] {processor.py:925} INFO - DAG(s) '05_sensor' retrieved from /opt/airflow/dags/05_sensor.py
[2026-09-10T03:03:55.976+0000] {logging_mixin.py:190} INFO - [2026-09-10T03:03:55.975+0000] {dag.py:3239} INFO - Sync 1 DAGs
[2026-09-10T03:03:55.991+0000] {logging_mixin.py:190} INFO - [2026-09-10T03:03:55.991+0000] {dag.py:4180} INFO - Setting next_dagrun for 05_sensor to None, run_after=None
[2026-09-10T03:03:56.015+0000] {processor.py:208} INFO - Processing /opt/airflow/dags/05_sensor.py took 0.098 seconds
[2026-09-10T03:04:26.885+0000] {processor.py:186} INFO - Started process (PID=2500) to work on /opt/airflow/dags/05_sensor.py
[2026-09-10T03:04:26.886+0000] {processor.py:914} INFO - Processing file /opt/airflow/dags/05_sensor.py for tasks to queue
[2026-09-10T03:04:26.891+0000] {logging_mixin.py:190} INFO - [2026-09-10T03:04:26.890+0000] {dagbag.py:588} INFO - Filling up the DagBag from /opt/airflow/dags/05_sensor.py
[2026-09-10T03:04:26.909+0000] {processor.py:925} INFO - DAG(s) '05_sensor' retrieved from /opt/airflow/dags/05_sensor.py
[2026-09-10T03:04:26.957+0000] {logging_mixin.py:190} INFO - [2026-09-10T03:04:26.957+0000] {dag.py:3239} INFO - Sync 1 DAGs
[2026-09-10T03:04:26.976+0000] {logging_mixin.py:190} INFO - [2026-09-10T03:04:26.976+0000] {dag.py:4180} INFO - Setting next_dagrun for 05_sensor to None, run_after=None
[2026-09-10T03:04:27.008+0000] {processor.py:208} INFO - Processing /opt/airflow/dags/05_sensor.py took 0.138 seconds
[2026-09-10T03:04:57.928+0000] {processor.py:186} INFO - Started process (PID=2550) to work on /opt/airflow/dags/05_sensor.py
[2026-09-10T03:04:57.929+0000] {processor.py:914} INFO - Processing file /opt/airflow/dags/05_sensor.py for tasks to queue
[2026-09-10T03:04:57.932+0000] {logging_mixin.py:190} INFO - [2026-09-10T03:04:57.932+0000] {dagbag.py:588} INFO - Filling up the DagBag from /opt/airflow/dags/05_sensor.py
[2026-09-10T03:04:57.943+0000] {processor.py:925} INFO - DAG(s) '05_sensor' retrieved from /opt/airflow/dags/05_sensor.py
[2026-09-10T03:04:57.978+0000] {logging_mixin.py:190} INFO - [2026-09-10T03:04:57.978+0000] {dag.py:3239} INFO - Sync 1 DAGs
[2026-09-10T03:04:57.993+0000] {logging_mixin.py:190} INFO - [2026-09-10T03:04:57.993+0000] {dag.py:4180} INFO - Setting next_dagrun for 05_sensor to None, run_after=None
[2026-09-10T03:04:58.016+0000] {processor.py:208} INFO - Processing /opt/airflow/dags/05_sensor.py took 0.095 seconds
[2026-09-10T03:05:28.916+0000] {processor.py:186} INFO - Started process (PID=2600) to work on /opt/airflow/dags/05_sensor.py
[2026-09-10T03:05:28.917+0000] {processor.py:914} INFO - Processing file /opt/airflow/dags/05_sensor.py for tasks to queue
[2026-09-10T03:05:28.920+0000] {logging_mixin.py:190} INFO - [2026-09-10T03:05:28.920+0000] {dagbag.py:588} INFO - Filling up the DagBag from /opt/airflow/dags/05_sensor.py
[2026-09-10T03:05:28.930+0000] {processor.py:925} INFO - DAG(s) '05_sensor' retrieved from /opt/airflow/dags/05_sensor.py
[2026-09-10T03:05:28.966+0000] {logging_mixin.py:190} INFO - [2026-09-10T03:05:28.966+0000] {dag.py:3239} INFO - Sync 1 DAGs
[2026-09-10T03:05:28.982+0000] {logging_mixin.py:190} INFO - [2026-09-10T03:05:28.982+0000] {dag.py:4180} INFO - Setting next_dagrun for 05_sensor to None, run_after=None
[2026-09-10T03:05:29.004+0000] {processor.py:208} INFO - Processing /opt/airflow/dags/05_sensor.py took 0.096 seconds
[2026-09-10T03:05:59.871+0000] {processor.py:186} INFO - Started process (PID=2650) to work on /opt/airflow/dags/05_sensor.py
[2026-09-10T03:05:59.873+0000] {processor.py:914} INFO - Processing file /opt/airflow/dags/05_sensor.py for tasks to queue
[2026-09-10T03:05:59.878+0000] {logging_mixin.py:190} INFO - [2026-09-10T03:05:59.877+0000] {dagbag.py:588} INFO - Filling up the DagBag from /opt/airflow/dags/05_sensor.py
[2026-09-10T03:05:59.891+0000] {processor.py:925} INFO - DAG(s) '05_sensor' retrieved from /opt/airflow/dags/05_sensor.py
[2026-09-10T03:05:59.942+0000] {logging_mixin.py:190} INFO - [2026-09-10T03:05:59.941+0000] {dag.py:3239} INFO - Sync 1 DAGs
[2026-09-10T03:05:59.964+0000] {logging_mixin.py:190} INFO - [2026-09-10T03:05:59.963+0000] {dag.py:4180} INFO - Setting next_dagrun for 05_sensor to None, run_after=None
[2026-09-10T03:05:59.990+0000] {processor.py:208} INFO - Processing /opt/airflow/dags/05_sensor.py took 0.127 seconds
[2026-09-10T03:06:30.085+0000] {processor.py:186} INFO - Started process (PID=2700) to work on /opt/airflow/dags/05_sensor.py
[2026-09-10T03:06:30.086+0000] {processor.py:914} INFO - Processing file /opt/airflow/dags/05_sensor.py for tasks to queue
[2026-09-10T03:06:30.088+0000] {logging_mixin.py:190} INFO - [2026-09-10T03:06:30.088+0000] {dagbag.py:588} INFO - Filling up the DagBag from /opt/airflow/dags/05_sensor.py
[2026-09-10T03:06:30.097+0000] {processor.py:925} INFO - DAG(s) '05_sensor' retrieved from /opt/airflow/dags/05_sensor.py
[2026-09-10T03:06:30.135+0000] {logging_mixin.py:190} INFO - [2026-09-10T03:06:30.135+0000] {dag.py:3239} INFO - Sync 1 DAGs
[2026-09-10T03:06:30.152+0000] {logging_mixin.py:190} INFO - [2026-09-10T03:06:30.152+0000] {dag.py:4180} INFO - Setting next_dagrun for 05_sensor to None, run_after=None
[2026-09-10T03:06:30.171+0000] {processor.py:208} INFO - Processing /opt/airflow/dags/05_sensor.py took 0.092 seconds
[2026-09-10T03:07:00.950+0000] {processor.py:186} INFO - Started process (PID=2750) to work on /opt/airflow/dags/05_sensor.py
[2026-09-10T03:07:00.951+0000] {processor.py:914} INFO - Processing file /opt/airflow/dags/05_sensor.py for tasks to queue
[2026-09-10T03:07:00.954+0000] {logging_mixin.py:190} INFO - [2026-09-10T03:07:00.953+0000] {dagbag.py:588} INFO - Filling up the DagBag from /opt/airflow/dags/05_sensor.py
[2026-09-10T03:07:00.964+0000] {processor.py:925} INFO - DAG(s) '05_sensor' retrieved from /opt/airflow/dags/05_sensor.py
[2026-09-10T03:07:00.999+0000] {logging_mixin.py:190} INFO - [2026-09-10T03:07:00.999+0000] {dag.py:3239} INFO - Sync 1 DAGs
[2026-09-10T03:07:01.019+0000] {logging_mixin.py:190} INFO - [2026-09-10T03:07:01.019+0000] {dag.py:4180} INFO - Setting next_dagrun for 05_sensor to None, run_after=None
[2026-09-10T03:07:01.037+0000] {processor.py:208} INFO - Processing /opt/airflow/dags/05_sensor.py took 0.095 seconds
[2026-09-10T03:07:31.953+0000] {processor.py:186} INFO - Started process (PID=2800) to work on /opt/airflow/dags/05_sensor.py
[2026-09-10T03:07:31.954+0000] {processor.py:914} INFO - Processing file /opt/airflow/dags/05_sensor.py for tasks to queue
[2026-09-10T03:07:31.960+0000] {logging_mixin.py:190} INFO - [2026-09-10T03:07:31.958+0000] {dagbag.py:588} INFO - Filling up the DagBag from /opt/airflow/dags/05_sensor.py
[2026-09-10T03:07:31.971+0000] {processor.py:925} INFO - DAG(s) '05_sensor' retrieved from /opt/airflow/dags/05_sensor.py
[2026-09-10T03:07:32.018+0000] {logging_mixin.py:190} INFO - [2026-09-10T03:07:32.018+0000] {dag.py:3239} INFO - Sync 1 DAGs
[2026-09-10T03:07:32.044+0000] {logging_mixin.py:190} INFO - [2026-09-10T03:07:32.044+0000] {dag.py:4180} INFO - Setting next_dagrun for 05_sensor to None, run_after=None
[2026-09-10T03:07:32.075+0000] {processor.py:208} INFO - Processing /opt/airflow/dags/05_sensor.py took 0.129 seconds
[2026-09-10T03:08:02.919+0000] {processor.py:186} INFO - Started process (PID=2865) to work on /opt/airflow/dags/05_sensor.py
[2026-09-10T03:08:02.921+0000] {processor.py:914} INFO - Processing file /opt/airflow/dags/05_sensor.py for tasks to queue
[2026-09-10T03:08:02.923+0000] {logging_mixin.py:190} INFO - [2026-09-10T03:08:02.923+0000] {dagbag.py:588} INFO - Filling up the DagBag from /opt/airflow/dags/05_sensor.py
[2026-09-10T03:08:02.932+0000] {processor.py:925} INFO - DAG(s) '05_sensor' retrieved from /opt/airflow/dags/05_sensor.py
[2026-09-10T03:08:02.965+0000] {logging_mixin.py:190} INFO - [2026-09-10T03:08:02.964+0000] {dag.py:3239} INFO - Sync 1 DAGs
[2026-09-10T03:08:02.978+0000] {logging_mixin.py:190} INFO - [2026-09-10T03:08:02.978+0000] {dag.py:4180} INFO - Setting next_dagrun for 05_sensor to None, run_after=None
[2026-09-10T03:08:02.996+0000] {processor.py:208} INFO - Processing /opt/airflow/dags/05_sensor.py took 0.083 seconds
[2026-09-10T03:08:33.713+0000] {processor.py:186} INFO - Started process (PID=2915) to work on /opt/airflow/dags/05_sensor.py
[2026-09-10T03:08:33.715+0000] {processor.py:914} INFO - Processing file /opt/airflow/dags/05_sensor.py for tasks to queue
[2026-09-10T03:08:33.719+0000] {logging_mixin.py:190} INFO - [2026-09-10T03:08:33.718+0000] {dagbag.py:588} INFO - Filling up the DagBag from /opt/airflow/dags/05_sensor.py
[2026-09-10T03:08:33.737+0000] {processor.py:925} INFO - DAG(s) '05_sensor' retrieved from /opt/airflow/dags/05_sensor.py
[2026-09-10T03:08:33.786+0000] {logging_mixin.py:190} INFO - [2026-09-10T03:08:33.786+0000] {dag.py:3239} INFO - Sync 1 DAGs
[2026-09-10T03:08:33.806+0000] {logging_mixin.py:190} INFO - [2026-09-10T03:08:33.805+0000] {dag.py:4180} INFO - Setting next_dagrun for 05_sensor to None, run_after=None
[2026-09-10T03:08:33.828+0000] {processor.py:208} INFO - Processing /opt/airflow/dags/05_sensor.py took 0.125 seconds
[2026-09-10T03:09:03.870+0000] {processor.py:186} INFO - Started process (PID=2965) to work on /opt/airflow/dags/05_sensor.py
[2026-09-10T03:09:03.871+0000] {processor.py:914} INFO - Processing file /opt/airflow/dags/05_sensor.py for tasks to queue
[2026-09-10T03:09:03.874+0000] {logging_mixin.py:190} INFO - [2026-09-10T03:09:03.874+0000] {dagbag.py:588} INFO - Filling up the DagBag from /opt/airflow/dags/05_sensor.py
[2026-09-10T03:09:03.884+0000] {processor.py:925} INFO - DAG(s) '05_sensor' retrieved from /opt/airflow/dags/05_sensor.py
[2026-09-10T03:09:03.919+0000] {logging_mixin.py:190} INFO - [2026-09-10T03:09:03.919+0000] {dag.py:3239} INFO - Sync 1 DAGs
[2026-09-10T03:09:03.934+0000] {logging_mixin.py:190} INFO - [2026-09-10T03:09:03.934+0000] {dag.py:4180} INFO - Setting next_dagrun for 05_sensor to None, run_after=None
[2026-09-10T03:09:03.952+0000] {processor.py:208} INFO - Processing /opt/airflow/dags/05_sensor.py took 0.089 seconds
[2026-09-10T03:09:34.029+0000] {processor.py:186} INFO - Started process (PID=3024) to work on /opt/airflow/dags/05_sensor.py
[2026-09-10T03:09:34.030+0000] {processor.py:914} INFO - Processing file /opt/airflow/dags/05_sensor.py for tasks to queue
[2026-09-10T03:09:34.032+0000] {logging_mixin.py:190} INFO - [2026-09-10T03:09:34.032+0000] {dagbag.py:588} INFO - Filling up the DagBag from /opt/airflow/dags/05_sensor.py
[2026-09-10T03:09:34.043+0000] {processor.py:925} INFO - DAG(s) '05_sensor' retrieved from /opt/airflow/dags/05_sensor.py
[2026-09-10T03:09:34.078+0000] {logging_mixin.py:190} INFO - [2026-09-10T03:09:34.078+0000] {dag.py:3239} INFO - Sync 1 DAGs
[2026-09-10T03:09:34.093+0000] {logging_mixin.py:190} INFO - [2026-09-10T03:09:34.093+0000] {dag.py:4180} INFO - Setting next_dagrun for 05_sensor to None, run_after=None
[2026-09-10T03:09:34.111+0000] {processor.py:208} INFO - Processing /opt/airflow/dags/05_sensor.py took 0.090 seconds
[2026-09-10T03:10:04.962+0000] {processor.py:186} INFO - Started process (PID=3074) to work on /opt/airflow/dags/05_sensor.py
[2026-09-10T03:10:04.963+0000] {processor.py:914} INFO - Processing file /opt/airflow/dags/05_sensor.py for tasks to queue
[2026-09-10T03:10:04.966+0000] {logging_mixin.py:190} INFO - [2026-09-10T03:10:04.965+0000] {dagbag.py:588} INFO - Filling up the DagBag from /opt/airflow/dags/05_sensor.py
[2026-09-10T03:10:04.976+0000] {processor.py:925} INFO - DAG(s) '05_sensor' retrieved from /opt/airflow/dags/05_sensor.py
[2026-09-10T03:10:05.014+0000] {logging_mixin.py:190} INFO - [2026-09-10T03:10:05.014+0000] {dag.py:3239} INFO - Sync 1 DAGs
[2026-09-10T03:10:05.030+0000] {logging_mixin.py:190} INFO - [2026-09-10T03:10:05.029+0000] {dag.py:4180} INFO - Setting next_dagrun for 05_sensor to None, run_after=None
[2026-09-10T03:10:05.047+0000] {processor.py:208} INFO - Processing /opt/airflow/dags/05_sensor.py took 0.093 seconds
[2026-09-10T03:10:35.807+0000] {processor.py:186} INFO - Started process (PID=3124) to work on /opt/airflow/dags/05_sensor.py
[2026-09-10T03:10:35.808+0000] {processor.py:914} INFO - Processing file /opt/airflow/dags/05_sensor.py for tasks to queue
[2026-09-10T03:10:35.810+0000] {logging_mixin.py:190} INFO - [2026-09-10T03:10:35.810+0000] {dagbag.py:588} INFO - Filling up the DagBag from /opt/airflow/dags/05_sensor.py
[2026-09-10T03:10:35.820+0000] {processor.py:925} INFO - DAG(s) '05_sensor' retrieved from /opt/airflow/dags/05_sensor.py
[2026-09-10T03:10:35.854+0000] {logging_mixin.py:190} INFO - [2026-09-10T03:10:35.854+0000] {dag.py:3239} INFO - Sync 1 DAGs
[2026-09-10T03:10:35.869+0000] {logging_mixin.py:190} INFO - [2026-09-10T03:10:35.869+0000] {dag.py:4180} INFO - Setting next_dagrun for 05_sensor to None, run_after=None
[2026-09-10T03:10:35.887+0000] {processor.py:208} INFO - Processing /opt/airflow/dags/05_sensor.py took 0.087 seconds
[2026-09-10T03:11:06.669+0000] {processor.py:186} INFO - Started process (PID=3174) to work on /opt/airflow/dags/05_sensor.py
[2026-09-10T03:11:06.671+0000] {processor.py:914} INFO - Processing file /opt/airflow/dags/05_sensor.py for tasks to queue
[2026-09-10T03:11:06.673+0000] {logging_mixin.py:190} INFO - [2026-09-10T03:11:06.672+0000] {dagbag.py:588} INFO - Filling up the DagBag from /opt/airflow/dags/05_sensor.py
[2026-09-10T03:11:06.681+0000] {processor.py:925} INFO - DAG(s) '05_sensor' retrieved from /opt/airflow/dags/05_sensor.py
[2026-09-10T03:11:06.719+0000] {logging_mixin.py:190} INFO - [2026-09-10T03:11:06.719+0000] {dag.py:3239} INFO - Sync 1 DAGs
[2026-09-10T03:11:06.739+0000] {logging_mixin.py:190} INFO - [2026-09-10T03:11:06.738+0000] {dag.py:4180} INFO - Setting next_dagrun for 05_sensor to None, run_after=None
[2026-09-10T03:11:06.761+0000] {processor.py:208} INFO - Processing /opt/airflow/dags/05_sensor.py took 0.098 seconds
[2026-09-10T03:11:37.563+0000] {processor.py:186} INFO - Started process (PID=3222) to work on /opt/airflow/dags/05_sensor.py
[2026-09-10T03:11:37.564+0000] {processor.py:914} INFO - Processing file /opt/airflow/dags/05_sensor.py for tasks to queue
[2026-09-10T03:11:37.567+0000] {logging_mixin.py:190} INFO - [2026-09-10T03:11:37.567+0000] {dagbag.py:588} INFO - Filling up the DagBag from /opt/airflow/dags/05_sensor.py
[2026-09-10T03:11:37.578+0000] {processor.py:925} INFO - DAG(s) '05_sensor' retrieved from /opt/airflow/dags/05_sensor.py
[2026-09-10T03:11:37.616+0000] {logging_mixin.py:190} INFO - [2026-09-10T03:11:37.616+0000] {dag.py:3239} INFO - Sync 1 DAGs
[2026-09-10T03:11:37.632+0000] {logging_mixin.py:190} INFO - [2026-09-10T03:11:37.631+0000] {dag.py:4180} INFO - Setting next_dagrun for 05_sensor to None, run_after=None
[2026-09-10T03:11:37.650+0000] {processor.py:208} INFO - Processing /opt/airflow/dags/05_sensor.py took 0.096 seconds
[2026-09-10T03:12:08.418+0000] {processor.py:186} INFO - Started process (PID=3272) to work on /opt/airflow/dags/05_sensor.py
[2026-09-10T03:12:08.420+0000] {processor.py:914} INFO - Processing file /opt/airflow/dags/05_sensor.py for tasks to queue
[2026-09-10T03:12:08.424+0000] {logging_mixin.py:190} INFO - [2026-09-10T03:12:08.424+0000] {dagbag.py:588} INFO - Filling up the DagBag from /opt/airflow/dags/05_sensor.py
[2026-09-10T03:12:08.439+0000] {processor.py:925} INFO - DAG(s) '05_sensor' retrieved from /opt/airflow/dags/05_sensor.py
[2026-09-10T03:12:08.485+0000] {logging_mixin.py:190} INFO - [2026-09-10T03:12:08.485+0000] {dag.py:3239} INFO - Sync 1 DAGs
[2026-09-10T03:12:08.505+0000] {logging_mixin.py:190} INFO - [2026-09-10T03:12:08.504+0000] {dag.py:4180} INFO - Setting next_dagrun for 05_sensor to None, run_after=None
[2026-09-10T03:12:08.527+0000] {processor.py:208} INFO - Processing /opt/airflow/dags/05_sensor.py took 0.122 seconds
[2026-09-10T03:12:38.904+0000] {processor.py:186} INFO - Started process (PID=3334) to work on /opt/airflow/dags/05_sensor.py
[2026-09-10T03:12:38.905+0000] {processor.py:914} INFO - Processing file /opt/airflow/dags/05_sensor.py for tasks to queue
[2026-09-10T03:12:38.907+0000] {logging_mixin.py:190} INFO - [2026-09-10T03:12:38.907+0000] {dagbag.py:588} INFO - Filling up the DagBag from /opt/airflow/dags/05_sensor.py
[2026-09-10T03:12:38.919+0000] {processor.py:925} INFO - DAG(s) '05_sensor' retrieved from /opt/airflow/dags/05_sensor.py
[2026-09-10T03:12:38.958+0000] {logging_mixin.py:190} INFO - [2026-09-10T03:12:38.958+0000] {dag.py:3239} INFO - Sync 1 DAGs
[2026-09-10T03:12:38.975+0000] {logging_mixin.py:190} INFO - [2026-09-10T03:12:38.975+0000] {dag.py:4180} INFO - Setting next_dagrun for 05_sensor to None, run_after=None
[2026-09-10T03:12:38.995+0000] {processor.py:208} INFO - Processing /opt/airflow/dags/05_sensor.py took 0.099 seconds
[2026-09-10T03:13:09.839+0000] {processor.py:186} INFO - Started process (PID=3392) to work on /opt/airflow/dags/05_sensor.py
[2026-09-10T03:13:09.840+0000] {processor.py:914} INFO - Processing file /opt/airflow/dags/05_sensor.py for tasks to queue
[2026-09-10T03:13:09.843+0000] {logging_mixin.py:190} INFO - [2026-09-10T03:13:09.843+0000] {dagbag.py:588} INFO - Filling up the DagBag from /opt/airflow/dags/05_sensor.py
[2026-09-10T03:13:09.853+0000] {processor.py:925} INFO - DAG(s) '05_sensor' retrieved from /opt/airflow/dags/05_sensor.py
[2026-09-10T03:13:09.888+0000] {logging_mixin.py:190} INFO - [2026-09-10T03:13:09.888+0000] {dag.py:3239} INFO - Sync 1 DAGs
[2026-09-10T03:13:09.904+0000] {logging_mixin.py:190} INFO - [2026-09-10T03:13:09.904+0000] {dag.py:4180} INFO - Setting next_dagrun for 05_sensor to None, run_after=None
[2026-09-10T03:13:09.922+0000] {processor.py:208} INFO - Processing /opt/airflow/dags/05_sensor.py took 0.091 seconds
[2026-09-10T03:13:41.022+0000] {processor.py:186} INFO - Started process (PID=3442) to work on /opt/airflow/dags/05_sensor.py
[2026-09-10T03:13:41.023+0000] {processor.py:914} INFO - Processing file /opt/airflow/dags/05_sensor.py for tasks to queue
[2026-09-10T03:13:41.026+0000] {logging_mixin.py:190} INFO - [2026-09-10T03:13:41.026+0000] {dagbag.py:588} INFO - Filling up the DagBag from /opt/airflow/dags/05_sensor.py
[2026-09-10T03:13:41.040+0000] {processor.py:925} INFO - DAG(s) '05_sensor' retrieved from /opt/airflow/dags/05_sensor.py
[2026-09-10T03:13:41.084+0000] {logging_mixin.py:190} INFO - [2026-09-10T03:13:41.084+0000] {dag.py:3239} INFO - Sync 1 DAGs
[2026-09-10T03:13:41.104+0000] {logging_mixin.py:190} INFO - [2026-09-10T03:13:41.104+0000] {dag.py:4180} INFO - Setting next_dagrun for 05_sensor to None, run_after=None
[2026-09-10T03:13:41.126+0000] {processor.py:208} INFO - Processing /opt/airflow/dags/05_sensor.py took 0.115 seconds
[2026-09-10T03:14:11.293+0000] {processor.py:186} INFO - Started process (PID=3499) to work on /opt/airflow/dags/05_sensor.py
[2026-09-10T03:14:11.295+0000] {processor.py:914} INFO - Processing file /opt/airflow/dags/05_sensor.py for tasks to queue
[2026-09-10T03:14:11.300+0000] {logging_mixin.py:190} INFO - [2026-09-10T03:14:11.300+0000] {dagbag.py:588} INFO - Filling up the DagBag from /opt/airflow/dags/05_sensor.py
[2026-09-10T03:14:11.319+0000] {processor.py:925} INFO - DAG(s) '05_sensor' retrieved from /opt/airflow/dags/05_sensor.py
[2026-09-10T03:14:11.380+0000] {logging_mixin.py:190} INFO - [2026-09-10T03:14:11.380+0000] {dag.py:3239} INFO - Sync 1 DAGs
[2026-09-10T03:14:11.409+0000] {logging_mixin.py:190} INFO - [2026-09-10T03:14:11.408+0000] {dag.py:4180} INFO - Setting next_dagrun for 05_sensor to None, run_after=None
[2026-09-10T03:14:11.442+0000] {processor.py:208} INFO - Processing /opt/airflow/dags/05_sensor.py took 0.159 seconds
[2026-09-10T03:14:41.604+0000] {processor.py:186} INFO - Started process (PID=3551) to work on /opt/airflow/dags/05_sensor.py
[2026-09-10T03:14:41.605+0000] {processor.py:914} INFO - Processing file /opt/airflow/dags/05_sensor.py for tasks to queue
[2026-09-10T03:14:41.607+0000] {logging_mixin.py:190} INFO - [2026-09-10T03:14:41.607+0000] {dagbag.py:588} INFO - Filling up the DagBag from /opt/airflow/dags/05_sensor.py
[2026-09-10T03:14:41.619+0000] {processor.py:925} INFO - DAG(s) '05_sensor' retrieved from /opt/airflow/dags/05_sensor.py
[2026-09-10T03:14:41.661+0000] {logging_mixin.py:190} INFO - [2026-09-10T03:14:41.660+0000] {dag.py:3239} INFO - Sync 1 DAGs
[2026-09-10T03:14:41.681+0000] {logging_mixin.py:190} INFO - [2026-09-10T03:14:41.681+0000] {dag.py:4180} INFO - Setting next_dagrun for 05_sensor to None, run_after=None
[2026-09-10T03:14:41.722+0000] {processor.py:208} INFO - Processing /opt/airflow/dags/05_sensor.py took 0.126 seconds
[2026-09-10T03:15:11.851+0000] {processor.py:186} INFO - Started process (PID=3599) to work on /opt/airflow/dags/05_sensor.py
[2026-09-10T03:15:11.852+0000] {processor.py:914} INFO - Processing file /opt/airflow/dags/05_sensor.py for tasks to queue
[2026-09-10T03:15:11.855+0000] {logging_mixin.py:190} INFO - [2026-09-10T03:15:11.855+0000] {dagbag.py:588} INFO - Filling up the DagBag from /opt/airflow/dags/05_sensor.py
[2026-09-10T03:15:11.869+0000] {processor.py:925} INFO - DAG(s) '05_sensor' retrieved from /opt/airflow/dags/05_sensor.py
[2026-09-10T03:15:11.918+0000] {logging_mixin.py:190} INFO - [2026-09-10T03:15:11.918+0000] {dag.py:3239} INFO - Sync 1 DAGs
[2026-09-10T03:15:11.939+0000] {logging_mixin.py:190} INFO - [2026-09-10T03:15:11.939+0000] {dag.py:4180} INFO - Setting next_dagrun for 05_sensor to None, run_after=None
[2026-09-10T03:15:11.969+0000] {processor.py:208} INFO - Processing /opt/airflow/dags/05_sensor.py took 0.130 seconds
[2026-09-10T03:15:43.046+0000] {processor.py:186} INFO - Started process (PID=3651) to work on /opt/airflow/dags/05_sensor.py
[2026-09-10T03:15:43.047+0000] {processor.py:914} INFO - Processing file /opt/airflow/dags/05_sensor.py for tasks to queue
[2026-09-10T03:15:43.050+0000] {logging_mixin.py:190} INFO - [2026-09-10T03:15:43.050+0000] {dagbag.py:588} INFO - Filling up the DagBag from /opt/airflow/dags/05_sensor.py
[2026-09-10T03:15:43.061+0000] {processor.py:925} INFO - DAG(s) '05_sensor' retrieved from /opt/airflow/dags/05_sensor.py
[2026-09-10T03:15:43.100+0000] {logging_mixin.py:190} INFO - [2026-09-10T03:15:43.100+0000] {dag.py:3239} INFO - Sync 1 DAGs
[2026-09-10T03:15:43.118+0000] {logging_mixin.py:190} INFO - [2026-09-10T03:15:43.118+0000] {dag.py:4180} INFO - Setting next_dagrun for 05_sensor to None, run_after=None
[2026-09-10T03:15:43.140+0000] {processor.py:208} INFO - Processing /opt/airflow/dags/05_sensor.py took 0.102 seconds
[2026-09-10T03:16:14.050+0000] {processor.py:186} INFO - Started process (PID=3701) to work on /opt/airflow/dags/05_sensor.py
[2026-09-10T03:16:14.052+0000] {processor.py:914} INFO - Processing file /opt/airflow/dags/05_sensor.py for tasks to queue
[2026-09-10T03:16:14.056+0000] {logging_mixin.py:190} INFO - [2026-09-10T03:16:14.055+0000] {dagbag.py:588} INFO - Filling up the DagBag from /opt/airflow/dags/05_sensor.py
[2026-09-10T03:16:14.070+0000] {processor.py:925} INFO - DAG(s) '05_sensor' retrieved from /opt/airflow/dags/05_sensor.py
[2026-09-10T03:16:14.110+0000] {logging_mixin.py:190} INFO - [2026-09-10T03:16:14.109+0000] {dag.py:3239} INFO - Sync 1 DAGs
[2026-09-10T03:16:14.126+0000] {logging_mixin.py:190} INFO - [2026-09-10T03:16:14.126+0000] {dag.py:4180} INFO - Setting next_dagrun for 05_sensor to None, run_after=None
[2026-09-10T03:16:14.153+0000] {processor.py:208} INFO - Processing /opt/airflow/dags/05_sensor.py took 0.114 seconds
[2026-09-10T03:16:45.061+0000] {processor.py:186} INFO - Started process (PID=3751) to work on /opt/airflow/dags/05_sensor.py
[2026-09-10T03:16:45.061+0000] {processor.py:914} INFO - Processing file /opt/airflow/dags/05_sensor.py for tasks to queue
[2026-09-10T03:16:45.064+0000] {logging_mixin.py:190} INFO - [2026-09-10T03:16:45.064+0000] {dagbag.py:588} INFO - Filling up the DagBag from /opt/airflow/dags/05_sensor.py
[2026-09-10T03:16:45.075+0000] {processor.py:925} INFO - DAG(s) '05_sensor' retrieved from /opt/airflow/dags/05_sensor.py
[2026-09-10T03:16:45.112+0000] {logging_mixin.py:190} INFO - [2026-09-10T03:16:45.112+0000] {dag.py:3239} INFO - Sync 1 DAGs
[2026-09-10T03:16:45.128+0000] {logging_mixin.py:190} INFO - [2026-09-10T03:16:45.127+0000] {dag.py:4180} INFO - Setting next_dagrun for 05_sensor to None, run_after=None
[2026-09-10T03:16:45.146+0000] {processor.py:208} INFO - Processing /opt/airflow/dags/05_sensor.py took 0.093 seconds
[2026-09-10T03:17:16.040+0000] {processor.py:186} INFO - Started process (PID=3801) to work on /opt/airflow/dags/05_sensor.py
[2026-09-10T03:17:16.041+0000] {processor.py:914} INFO - Processing file /opt/airflow/dags/05_sensor.py for tasks to queue
[2026-09-10T03:17:16.044+0000] {logging_mixin.py:190} INFO - [2026-09-10T03:17:16.044+0000] {dagbag.py:588} INFO - Filling up the DagBag from /opt/airflow/dags/05_sensor.py
[2026-09-10T03:17:16.056+0000] {processor.py:925} INFO - DAG(s) '05_sensor' retrieved from /opt/airflow/dags/05_sensor.py
[2026-09-10T03:17:16.105+0000] {logging_mixin.py:190} INFO - [2026-09-10T03:17:16.105+0000] {dag.py:3239} INFO - Sync 1 DAGs
[2026-09-10T03:17:16.123+0000] {logging_mixin.py:190} INFO - [2026-09-10T03:17:16.122+0000] {dag.py:4180} INFO - Setting next_dagrun for 05_sensor to None, run_after=None
[2026-09-10T03:17:16.142+0000] {processor.py:208} INFO - Processing /opt/airflow/dags/05_sensor.py took 0.111 seconds
[2026-09-10T03:17:46.941+0000] {processor.py:186} INFO - Started process (PID=3851) to work on /opt/airflow/dags/05_sensor.py
[2026-09-10T03:17:46.942+0000] {processor.py:914} INFO - Processing file /opt/airflow/dags/05_sensor.py for tasks to queue
[2026-09-10T03:17:46.944+0000] {logging_mixin.py:190} INFO - [2026-09-10T03:17:46.944+0000] {dagbag.py:588} INFO - Filling up the DagBag from /opt/airflow/dags/05_sensor.py
[2026-09-10T03:17:46.955+0000] {processor.py:925} INFO - DAG(s) '05_sensor' retrieved from /opt/airflow/dags/05_sensor.py
[2026-09-10T03:17:46.991+0000] {logging_mixin.py:190} INFO - [2026-09-10T03:17:46.990+0000] {dag.py:3239} INFO - Sync 1 DAGs
[2026-09-10T03:17:47.007+0000] {logging_mixin.py:190} INFO - [2026-09-10T03:17:47.007+0000] {dag.py:4180} INFO - Setting next_dagrun for 05_sensor to None, run_after=None
[2026-09-10T03:17:47.029+0000] {processor.py:208} INFO - Processing /opt/airflow/dags/05_sensor.py took 0.098 seconds
[2026-09-10T03:18:17.874+0000] {processor.py:186} INFO - Started process (PID=3901) to work on /opt/airflow/dags/05_sensor.py
[2026-09-10T03:18:17.875+0000] {processor.py:914} INFO - Processing file /opt/airflow/dags/05_sensor.py for tasks to queue
[2026-09-10T03:18:17.878+0000] {logging_mixin.py:190} INFO - [2026-09-10T03:18:17.878+0000] {dagbag.py:588} INFO - Filling up the DagBag from /opt/airflow/dags/05_sensor.py
[2026-09-10T03:18:17.889+0000] {processor.py:925} INFO - DAG(s) '05_sensor' retrieved from /opt/airflow/dags/05_sensor.py
[2026-09-10T03:18:17.925+0000] {logging_mixin.py:190} INFO - [2026-09-10T03:18:17.924+0000] {dag.py:3239} INFO - Sync 1 DAGs
[2026-09-10T03:18:17.940+0000] {logging_mixin.py:190} INFO - [2026-09-10T03:18:17.940+0000] {dag.py:4180} INFO - Setting next_dagrun for 05_sensor to None, run_after=None
[2026-09-10T03:18:17.959+0000] {processor.py:208} INFO - Processing /opt/airflow/dags/05_sensor.py took 0.092 seconds
[2026-09-10T03:18:48.733+0000] {processor.py:186} INFO - Started process (PID=3951) to work on /opt/airflow/dags/05_sensor.py
[2026-09-10T03:18:48.733+0000] {processor.py:914} INFO - Processing file /opt/airflow/dags/05_sensor.py for tasks to queue
[2026-09-10T03:18:48.736+0000] {logging_mixin.py:190} INFO - [2026-09-10T03:18:48.736+0000] {dagbag.py:588} INFO - Filling up the DagBag from /opt/airflow/dags/05_sensor.py
[2026-09-10T03:18:48.747+0000] {processor.py:925} INFO - DAG(s) '05_sensor' retrieved from /opt/airflow/dags/05_sensor.py
[2026-09-10T03:18:48.782+0000] {logging_mixin.py:190} INFO - [2026-09-10T03:18:48.782+0000] {dag.py:3239} INFO - Sync 1 DAGs
[2026-09-10T03:18:48.797+0000] {logging_mixin.py:190} INFO - [2026-09-10T03:18:48.797+0000] {dag.py:4180} INFO - Setting next_dagrun for 05_sensor to None, run_after=None
[2026-09-10T03:18:48.816+0000] {processor.py:208} INFO - Processing /opt/airflow/dags/05_sensor.py took 0.091 seconds
[2026-09-10T03:19:19.539+0000] {processor.py:186} INFO - Started process (PID=4001) to work on /opt/airflow/dags/05_sensor.py
[2026-09-10T03:19:19.541+0000] {processor.py:914} INFO - Processing file /opt/airflow/dags/05_sensor.py for tasks to queue
[2026-09-10T03:19:19.543+0000] {logging_mixin.py:190} INFO - [2026-09-10T03:19:19.543+0000] {dagbag.py:588} INFO - Filling up the DagBag from /opt/airflow/dags/05_sensor.py
[2026-09-10T03:19:19.558+0000] {processor.py:925} INFO - DAG(s) '05_sensor' retrieved from /opt/airflow/dags/05_sensor.py
[2026-09-10T03:19:19.604+0000] {logging_mixin.py:190} INFO - [2026-09-10T03:19:19.603+0000] {dag.py:3239} INFO - Sync 1 DAGs
[2026-09-10T03:19:19.622+0000] {logging_mixin.py:190} INFO - [2026-09-10T03:19:19.622+0000] {dag.py:4180} INFO - Setting next_dagrun for 05_sensor to None, run_after=None
[2026-09-10T03:19:19.641+0000] {processor.py:208} INFO - Processing /opt/airflow/dags/05_sensor.py took 0.112 seconds
[2026-09-10T03:19:50.520+0000] {processor.py:186} INFO - Started process (PID=4051) to work on /opt/airflow/dags/05_sensor.py
[2026-09-10T03:19:50.520+0000] {processor.py:914} INFO - Processing file /opt/airflow/dags/05_sensor.py for tasks to queue
[2026-09-10T03:19:50.523+0000] {logging_mixin.py:190} INFO - [2026-09-10T03:19:50.523+0000] {dagbag.py:588} INFO - Filling up the DagBag from /opt/airflow/dags/05_sensor.py
[2026-09-10T03:19:50.534+0000] {processor.py:925} INFO - DAG(s) '05_sensor' retrieved from /opt/airflow/dags/05_sensor.py
[2026-09-10T03:19:50.571+0000] {logging_mixin.py:190} INFO - [2026-09-10T03:19:50.571+0000] {dag.py:3239} INFO - Sync 1 DAGs
[2026-09-10T03:19:50.588+0000] {logging_mixin.py:190} INFO - [2026-09-10T03:19:50.588+0000] {dag.py:4180} INFO - Setting next_dagrun for 05_sensor to None, run_after=None
[2026-09-10T03:19:50.610+0000] {processor.py:208} INFO - Processing /opt/airflow/dags/05_sensor.py took 0.098 seconds
[2026-09-10T03:20:21.306+0000] {processor.py:186} INFO - Started process (PID=4101) to work on /opt/airflow/dags/05_sensor.py
[2026-09-10T03:20:21.307+0000] {processor.py:914} INFO - Processing file /opt/airflow/dags/05_sensor.py for tasks to queue
[2026-09-10T03:20:21.310+0000] {logging_mixin.py:190} INFO - [2026-09-10T03:20:21.310+0000] {dagbag.py:588} INFO - Filling up the DagBag from /opt/airflow/dags/05_sensor.py
[2026-09-10T03:20:21.323+0000] {processor.py:925} INFO - DAG(s) '05_sensor' retrieved from /opt/airflow/dags/05_sensor.py
[2026-09-10T03:20:21.360+0000] {logging_mixin.py:190} INFO - [2026-09-10T03:20:21.359+0000] {dag.py:3239} INFO - Sync 1 DAGs
[2026-09-10T03:20:21.375+0000] {logging_mixin.py:190} INFO - [2026-09-10T03:20:21.375+0000] {dag.py:4180} INFO - Setting next_dagrun for 05_sensor to None, run_after=None
[2026-09-10T03:20:21.394+0000] {processor.py:208} INFO - Processing /opt/airflow/dags/05_sensor.py took 0.096 seconds
[2026-09-10T03:20:52.186+0000] {processor.py:186} INFO - Started process (PID=4151) to work on /opt/airflow/dags/05_sensor.py
[2026-09-10T03:20:52.188+0000] {processor.py:914} INFO - Processing file /opt/airflow/dags/05_sensor.py for tasks to queue
[2026-09-10T03:20:52.191+0000] {logging_mixin.py:190} INFO - [2026-09-10T03:20:52.190+0000] {dagbag.py:588} INFO - Filling up the DagBag from /opt/airflow/dags/05_sensor.py
[2026-09-10T03:20:52.201+0000] {processor.py:925} INFO - DAG(s) '05_sensor' retrieved from /opt/airflow/dags/05_sensor.py
[2026-09-10T03:20:52.237+0000] {logging_mixin.py:190} INFO - [2026-09-10T03:20:52.237+0000] {dag.py:3239} INFO - Sync 1 DAGs
[2026-09-10T03:20:52.253+0000] {logging_mixin.py:190} INFO - [2026-09-10T03:20:52.252+0000] {dag.py:4180} INFO - Setting next_dagrun for 05_sensor to None, run_after=None
[2026-09-10T03:20:52.271+0000] {processor.py:208} INFO - Processing /opt/airflow/dags/05_sensor.py took 0.095 seconds
[2026-09-10T03:21:23.050+0000] {processor.py:186} INFO - Started process (PID=4201) to work on /opt/airflow/dags/05_sensor.py
[2026-09-10T03:21:23.051+0000] {processor.py:914} INFO - Processing file /opt/airflow/dags/05_sensor.py for tasks to queue
[2026-09-10T03:21:23.054+0000] {logging_mixin.py:190} INFO - [2026-09-10T03:21:23.053+0000] {dagbag.py:588} INFO - Filling up the DagBag from /opt/airflow/dags/05_sensor.py
[2026-09-10T03:21:23.065+0000] {processor.py:925} INFO - DAG(s) '05_sensor' retrieved from /opt/airflow/dags/05_sensor.py
[2026-09-10T03:21:23.102+0000] {logging_mixin.py:190} INFO - [2026-09-10T03:21:23.102+0000] {dag.py:3239} INFO - Sync 1 DAGs
[2026-09-10T03:21:23.122+0000] {logging_mixin.py:190} INFO - [2026-09-10T03:21:23.121+0000] {dag.py:4180} INFO - Setting next_dagrun for 05_sensor to None, run_after=None
[2026-09-10T03:21:23.141+0000] {processor.py:208} INFO - Processing /opt/airflow/dags/05_sensor.py took 0.099 seconds
[2026-09-10T03:21:53.917+0000] {processor.py:186} INFO - Started process (PID=4251) to work on /opt/airflow/dags/05_sensor.py
[2026-09-10T03:21:53.918+0000] {processor.py:914} INFO - Processing file /opt/airflow/dags/05_sensor.py for tasks to queue
[2026-09-10T03:21:53.920+0000] {logging_mixin.py:190} INFO - [2026-09-10T03:21:53.920+0000] {dagbag.py:588} INFO - Filling up the DagBag from /opt/airflow/dags/05_sensor.py
[2026-09-10T03:21:53.931+0000] {processor.py:925} INFO - DAG(s) '05_sensor' retrieved from /opt/airflow/dags/05_sensor.py
[2026-09-10T03:21:53.967+0000] {logging_mixin.py:190} INFO - [2026-09-10T03:21:53.967+0000] {dag.py:3239} INFO - Sync 1 DAGs
[2026-09-10T03:21:53.982+0000] {logging_mixin.py:190} INFO - [2026-09-10T03:21:53.982+0000] {dag.py:4180} INFO - Setting next_dagrun for 05_sensor to None, run_after=None
[2026-09-10T03:21:54.002+0000] {processor.py:208} INFO - Processing /opt/airflow/dags/05_sensor.py took 0.092 seconds
[2026-09-10T03:22:24.733+0000] {processor.py:186} INFO - Started process (PID=4301) to work on /opt/airflow/dags/05_sensor.py
[2026-09-10T03:22:24.735+0000] {processor.py:914} INFO - Processing file /opt/airflow/dags/05_sensor.py for tasks to queue
[2026-09-10T03:22:24.737+0000] {logging_mixin.py:190} INFO - [2026-09-10T03:22:24.737+0000] {dagbag.py:588} INFO - Filling up the DagBag from /opt/airflow/dags/05_sensor.py
[2026-09-10T03:22:24.748+0000] {processor.py:925} INFO - DAG(s) '05_sensor' retrieved from /opt/airflow/dags/05_sensor.py
[2026-09-10T03:22:24.786+0000] {logging_mixin.py:190} INFO - [2026-09-10T03:22:24.786+0000] {dag.py:3239} INFO - Sync 1 DAGs
[2026-09-10T03:22:24.804+0000] {logging_mixin.py:190} INFO - [2026-09-10T03:22:24.804+0000] {dag.py:4180} INFO - Setting next_dagrun for 05_sensor to None, run_after=None
[2026-09-10T03:22:24.832+0000] {processor.py:208} INFO - Processing /opt/airflow/dags/05_sensor.py took 0.107 seconds
[2026-09-10T03:22:55.584+0000] {processor.py:186} INFO - Started process (PID=4351) to work on /opt/airflow/dags/05_sensor.py
[2026-09-10T03:22:55.585+0000] {processor.py:914} INFO - Processing file /opt/airflow/dags/05_sensor.py for tasks to queue
[2026-09-10T03:22:55.588+0000] {logging_mixin.py:190} INFO - [2026-09-10T03:22:55.587+0000] {dagbag.py:588} INFO - Filling up the DagBag from /opt/airflow/dags/05_sensor.py
[2026-09-10T03:22:55.598+0000] {processor.py:925} INFO - DAG(s) '05_sensor' retrieved from /opt/airflow/dags/05_sensor.py
[2026-09-10T03:22:55.633+0000] {logging_mixin.py:190} INFO - [2026-09-10T03:22:55.633+0000] {dag.py:3239} INFO - Sync 1 DAGs
[2026-09-10T03:22:55.648+0000] {logging_mixin.py:190} INFO - [2026-09-10T03:22:55.648+0000] {dag.py:4180} INFO - Setting next_dagrun for 05_sensor to None, run_after=None
[2026-09-10T03:22:55.666+0000] {processor.py:208} INFO - Processing /opt/airflow/dags/05_sensor.py took 0.089 seconds
[2026-09-10T03:23:26.503+0000] {processor.py:186} INFO - Started process (PID=4401) to work on /opt/airflow/dags/05_sensor.py
[2026-09-10T03:23:26.505+0000] {processor.py:914} INFO - Processing file /opt/airflow/dags/05_sensor.py for tasks to queue
[2026-09-10T03:23:26.507+0000] {logging_mixin.py:190} INFO - [2026-09-10T03:23:26.507+0000] {dagbag.py:588} INFO - Filling up the DagBag from /opt/airflow/dags/05_sensor.py
[2026-09-10T03:23:26.518+0000] {processor.py:925} INFO - DAG(s) '05_sensor' retrieved from /opt/airflow/dags/05_sensor.py
[2026-09-10T03:23:26.554+0000] {logging_mixin.py:190} INFO - [2026-09-10T03:23:26.554+0000] {dag.py:3239} INFO - Sync 1 DAGs
[2026-09-10T03:23:26.569+0000] {logging_mixin.py:190} INFO - [2026-09-10T03:23:26.569+0000] {dag.py:4180} INFO - Setting next_dagrun for 05_sensor to None, run_after=None
[2026-09-10T03:23:26.588+0000] {processor.py:208} INFO - Processing /opt/airflow/dags/05_sensor.py took 0.092 seconds
[2026-09-10T03:23:57.414+0000] {processor.py:186} INFO - Started process (PID=4451) to work on /opt/airflow/dags/05_sensor.py
[2026-09-10T03:23:57.416+0000] {processor.py:914} INFO - Processing file /opt/airflow/dags/05_sensor.py for tasks to queue
[2026-09-10T03:23:57.419+0000] {logging_mixin.py:190} INFO - [2026-09-10T03:23:57.419+0000] {dagbag.py:588} INFO - Filling up the DagBag from /opt/airflow/dags/05_sensor.py
[2026-09-10T03:23:57.434+0000] {processor.py:925} INFO - DAG(s) '05_sensor' retrieved from /opt/airflow/dags/05_sensor.py
[2026-09-10T03:23:57.476+0000] {logging_mixin.py:190} INFO - [2026-09-10T03:23:57.476+0000] {dag.py:3239} INFO - Sync 1 DAGs
[2026-09-10T03:23:57.494+0000] {logging_mixin.py:190} INFO - [2026-09-10T03:23:57.494+0000] {dag.py:4180} INFO - Setting next_dagrun for 05_sensor to None, run_after=None
[2026-09-10T03:23:57.518+0000] {processor.py:208} INFO - Processing /opt/airflow/dags/05_sensor.py took 0.114 seconds
[2026-09-10T03:24:28.226+0000] {processor.py:186} INFO - Started process (PID=4501) to work on /opt/airflow/dags/05_sensor.py
[2026-09-10T03:24:28.227+0000] {processor.py:914} INFO - Processing file /opt/airflow/dags/05_sensor.py for tasks to queue
[2026-09-10T03:24:28.230+0000] {logging_mixin.py:190} INFO - [2026-09-10T03:24:28.230+0000] {dagbag.py:588} INFO - Filling up the DagBag from /opt/airflow/dags/05_sensor.py
[2026-09-10T03:24:28.241+0000] {processor.py:925} INFO - DAG(s) '05_sensor' retrieved from /opt/airflow/dags/05_sensor.py
[2026-09-10T03:24:28.276+0000] {logging_mixin.py:190} INFO - [2026-09-10T03:24:28.276+0000] {dag.py:3239} INFO - Sync 1 DAGs
[2026-09-10T03:24:28.291+0000] {logging_mixin.py:190} INFO - [2026-09-10T03:24:28.291+0000] {dag.py:4180} INFO - Setting next_dagrun for 05_sensor to None, run_after=None
[2026-09-10T03:24:28.310+0000] {processor.py:208} INFO - Processing /opt/airflow/dags/05_sensor.py took 0.092 seconds
[2026-09-10T03:24:59.186+0000] {processor.py:186} INFO - Started process (PID=4551) to work on /opt/airflow/dags/05_sensor.py
[2026-09-10T03:24:59.187+0000] {processor.py:914} INFO - Processing file /opt/airflow/dags/05_sensor.py for tasks to queue
[2026-09-10T03:24:59.190+0000] {logging_mixin.py:190} INFO - [2026-09-10T03:24:59.189+0000] {dagbag.py:588} INFO - Filling up the DagBag from /opt/airflow/dags/05_sensor.py
[2026-09-10T03:24:59.200+0000] {processor.py:925} INFO - DAG(s) '05_sensor' retrieved from /opt/airflow/dags/05_sensor.py
[2026-09-10T03:24:59.236+0000] {logging_mixin.py:190} INFO - [2026-09-10T03:24:59.236+0000] {dag.py:3239} INFO - Sync 1 DAGs
[2026-09-10T03:24:59.252+0000] {logging_mixin.py:190} INFO - [2026-09-10T03:24:59.251+0000] {dag.py:4180} INFO - Setting next_dagrun for 05_sensor to None, run_after=None
[2026-09-10T03:24:59.270+0000] {processor.py:208} INFO - Processing /opt/airflow/dags/05_sensor.py took 0.092 seconds
[2026-09-10T03:25:30.224+0000] {processor.py:186} INFO - Started process (PID=4601) to work on /opt/airflow/dags/05_sensor.py
[2026-09-10T03:25:30.226+0000] {processor.py:914} INFO - Processing file /opt/airflow/dags/05_sensor.py for tasks to queue
[2026-09-10T03:25:30.228+0000] {logging_mixin.py:190} INFO - [2026-09-10T03:25:30.228+0000] {dagbag.py:588} INFO - Filling up the DagBag from /opt/airflow/dags/05_sensor.py
[2026-09-10T03:25:30.240+0000] {processor.py:925} INFO - DAG(s) '05_sensor' retrieved from /opt/airflow/dags/05_sensor.py
[2026-09-10T03:25:30.313+0000] {logging_mixin.py:190} INFO - [2026-09-10T03:25:30.311+0000] {dag.py:3239} INFO - Sync 1 DAGs
[2026-09-10T03:25:30.340+0000] {logging_mixin.py:190} INFO - [2026-09-10T03:25:30.340+0000] {dag.py:4180} INFO - Setting next_dagrun for 05_sensor to None, run_after=None
[2026-09-10T03:25:30.385+0000] {processor.py:208} INFO - Processing /opt/airflow/dags/05_sensor.py took 0.169 seconds
[2026-09-10T03:26:00.546+0000] {processor.py:186} INFO - Started process (PID=4651) to work on /opt/airflow/dags/05_sensor.py
[2026-09-10T03:26:00.549+0000] {processor.py:914} INFO - Processing file /opt/airflow/dags/05_sensor.py for tasks to queue
[2026-09-10T03:26:00.555+0000] {logging_mixin.py:190} INFO - [2026-09-10T03:26:00.553+0000] {dagbag.py:588} INFO - Filling up the DagBag from /opt/airflow/dags/05_sensor.py
[2026-09-10T03:26:00.574+0000] {processor.py:925} INFO - DAG(s) '05_sensor' retrieved from /opt/airflow/dags/05_sensor.py
[2026-09-10T03:26:00.634+0000] {logging_mixin.py:190} INFO - [2026-09-10T03:26:00.634+0000] {dag.py:3239} INFO - Sync 1 DAGs
[2026-09-10T03:26:00.655+0000] {logging_mixin.py:190} INFO - [2026-09-10T03:26:00.655+0000] {dag.py:4180} INFO - Setting next_dagrun for 05_sensor to None, run_after=None
[2026-09-10T03:26:00.680+0000] {processor.py:208} INFO - Processing /opt/airflow/dags/05_sensor.py took 0.149 seconds
[2026-09-10T03:26:30.764+0000] {processor.py:186} INFO - Started process (PID=4722) to work on /opt/airflow/dags/05_sensor.py
[2026-09-10T03:26:30.765+0000] {processor.py:914} INFO - Processing file /opt/airflow/dags/05_sensor.py for tasks to queue
[2026-09-10T03:26:30.768+0000] {logging_mixin.py:190} INFO - [2026-09-10T03:26:30.767+0000] {dagbag.py:588} INFO - Filling up the DagBag from /opt/airflow/dags/05_sensor.py
[2026-09-10T03:26:30.779+0000] {processor.py:925} INFO - DAG(s) '05_sensor' retrieved from /opt/airflow/dags/05_sensor.py
[2026-09-10T03:26:30.816+0000] {logging_mixin.py:190} INFO - [2026-09-10T03:26:30.816+0000] {dag.py:3239} INFO - Sync 1 DAGs
[2026-09-10T03:26:30.832+0000] {logging_mixin.py:190} INFO - [2026-09-10T03:26:30.831+0000] {dag.py:4180} INFO - Setting next_dagrun for 05_sensor to None, run_after=None
[2026-09-10T03:26:30.852+0000] {processor.py:208} INFO - Processing /opt/airflow/dags/05_sensor.py took 0.096 seconds
[2026-09-10T03:27:01.724+0000] {processor.py:186} INFO - Started process (PID=4772) to work on /opt/airflow/dags/05_sensor.py
[2026-09-10T03:27:01.726+0000] {processor.py:914} INFO - Processing file /opt/airflow/dags/05_sensor.py for tasks to queue
[2026-09-10T03:27:01.729+0000] {logging_mixin.py:190} INFO - [2026-09-10T03:27:01.729+0000] {dagbag.py:588} INFO - Filling up the DagBag from /opt/airflow/dags/05_sensor.py
[2026-09-10T03:27:01.746+0000] {processor.py:925} INFO - DAG(s) '05_sensor' retrieved from /opt/airflow/dags/05_sensor.py
[2026-09-10T03:27:01.794+0000] {logging_mixin.py:190} INFO - [2026-09-10T03:27:01.793+0000] {dag.py:3239} INFO - Sync 1 DAGs
[2026-09-10T03:27:01.814+0000] {logging_mixin.py:190} INFO - [2026-09-10T03:27:01.813+0000] {dag.py:4180} INFO - Setting next_dagrun for 05_sensor to None, run_after=None
[2026-09-10T03:27:01.839+0000] {processor.py:208} INFO - Processing /opt/airflow/dags/05_sensor.py took 0.128 seconds
[2026-09-10T03:27:32.534+0000] {processor.py:186} INFO - Started process (PID=4822) to work on /opt/airflow/dags/05_sensor.py
[2026-09-10T03:27:32.536+0000] {processor.py:914} INFO - Processing file /opt/airflow/dags/05_sensor.py for tasks to queue
[2026-09-10T03:27:32.538+0000] {logging_mixin.py:190} INFO - [2026-09-10T03:27:32.538+0000] {dagbag.py:588} INFO - Filling up the DagBag from /opt/airflow/dags/05_sensor.py
[2026-09-10T03:27:32.550+0000] {processor.py:925} INFO - DAG(s) '05_sensor' retrieved from /opt/airflow/dags/05_sensor.py
[2026-09-10T03:27:32.590+0000] {logging_mixin.py:190} INFO - [2026-09-10T03:27:32.589+0000] {dag.py:3239} INFO - Sync 1 DAGs
[2026-09-10T03:27:32.606+0000] {logging_mixin.py:190} INFO - [2026-09-10T03:27:32.606+0000] {dag.py:4180} INFO - Setting next_dagrun for 05_sensor to None, run_after=None
[2026-09-10T03:27:32.628+0000] {processor.py:208} INFO - Processing /opt/airflow/dags/05_sensor.py took 0.103 seconds
[2026-09-10T03:28:03.344+0000] {processor.py:186} INFO - Started process (PID=4872) to work on /opt/airflow/dags/05_sensor.py
[2026-09-10T03:28:03.346+0000] {processor.py:914} INFO - Processing file /opt/airflow/dags/05_sensor.py for tasks to queue
[2026-09-10T03:28:03.349+0000] {logging_mixin.py:190} INFO - [2026-09-10T03:28:03.349+0000] {dagbag.py:588} INFO - Filling up the DagBag from /opt/airflow/dags/05_sensor.py
[2026-09-10T03:28:03.362+0000] {processor.py:925} INFO - DAG(s) '05_sensor' retrieved from /opt/airflow/dags/05_sensor.py
[2026-09-10T03:28:03.399+0000] {logging_mixin.py:190} INFO - [2026-09-10T03:28:03.399+0000] {dag.py:3239} INFO - Sync 1 DAGs
[2026-09-10T03:28:03.415+0000] {logging_mixin.py:190} INFO - [2026-09-10T03:28:03.415+0000] {dag.py:4180} INFO - Setting next_dagrun for 05_sensor to None, run_after=None
[2026-09-10T03:28:03.434+0000] {processor.py:208} INFO - Processing /opt/airflow/dags/05_sensor.py took 0.097 seconds
[2026-09-10T03:28:34.158+0000] {processor.py:186} INFO - Started process (PID=4922) to work on /opt/airflow/dags/05_sensor.py
[2026-09-10T03:28:34.160+0000] {processor.py:914} INFO - Processing file /opt/airflow/dags/05_sensor.py for tasks to queue
[2026-09-10T03:28:34.163+0000] {logging_mixin.py:190} INFO - [2026-09-10T03:28:34.163+0000] {dagbag.py:588} INFO - Filling up the DagBag from /opt/airflow/dags/05_sensor.py
[2026-09-10T03:28:34.179+0000] {processor.py:925} INFO - DAG(s) '05_sensor' retrieved from /opt/airflow/dags/05_sensor.py
[2026-09-10T03:28:34.216+0000] {logging_mixin.py:190} INFO - [2026-09-10T03:28:34.216+0000] {dag.py:3239} INFO - Sync 1 DAGs
[2026-09-10T03:28:34.233+0000] {logging_mixin.py:190} INFO - [2026-09-10T03:28:34.232+0000] {dag.py:4180} INFO - Setting next_dagrun for 05_sensor to None, run_after=None
[2026-09-10T03:28:34.253+0000] {processor.py:208} INFO - Processing /opt/airflow/dags/05_sensor.py took 0.105 seconds
[2026-09-10T03:29:05.035+0000] {processor.py:186} INFO - Started process (PID=4972) to work on /opt/airflow/dags/05_sensor.py
[2026-09-10T03:29:05.037+0000] {processor.py:914} INFO - Processing file /opt/airflow/dags/05_sensor.py for tasks to queue
[2026-09-10T03:29:05.039+0000] {logging_mixin.py:190} INFO - [2026-09-10T03:29:05.039+0000] {dagbag.py:588} INFO - Filling up the DagBag from /opt/airflow/dags/05_sensor.py
[2026-09-10T03:29:05.052+0000] {processor.py:925} INFO - DAG(s) '05_sensor' retrieved from /opt/airflow/dags/05_sensor.py
[2026-09-10T03:29:05.096+0000] {logging_mixin.py:190} INFO - [2026-09-10T03:29:05.096+0000] {dag.py:3239} INFO - Sync 1 DAGs
[2026-09-10T03:29:05.113+0000] {logging_mixin.py:190} INFO - [2026-09-10T03:29:05.113+0000] {dag.py:4180} INFO - Setting next_dagrun for 05_sensor to None, run_after=None
[2026-09-10T03:29:05.133+0000] {processor.py:208} INFO - Processing /opt/airflow/dags/05_sensor.py took 0.107 seconds
[2026-09-10T03:29:35.841+0000] {processor.py:186} INFO - Started process (PID=5020) to work on /opt/airflow/dags/05_sensor.py
[2026-09-10T03:29:35.843+0000] {processor.py:914} INFO - Processing file /opt/airflow/dags/05_sensor.py for tasks to queue
[2026-09-10T03:29:35.846+0000] {logging_mixin.py:190} INFO - [2026-09-10T03:29:35.845+0000] {dagbag.py:588} INFO - Filling up the DagBag from /opt/airflow/dags/05_sensor.py
[2026-09-10T03:29:35.857+0000] {processor.py:925} INFO - DAG(s) '05_sensor' retrieved from /opt/airflow/dags/05_sensor.py
[2026-09-10T03:29:35.893+0000] {logging_mixin.py:190} INFO - [2026-09-10T03:29:35.893+0000] {dag.py:3239} INFO - Sync 1 DAGs
[2026-09-10T03:29:35.908+0000] {logging_mixin.py:190} INFO - [2026-09-10T03:29:35.908+0000] {dag.py:4180} INFO - Setting next_dagrun for 05_sensor to None, run_after=None
[2026-09-10T03:29:35.931+0000] {processor.py:208} INFO - Processing /opt/airflow/dags/05_sensor.py took 0.100 seconds
[2026-09-10T03:30:06.693+0000] {processor.py:186} INFO - Started process (PID=5072) to work on /opt/airflow/dags/05_sensor.py
[2026-09-10T03:30:06.694+0000] {processor.py:914} INFO - Processing file /opt/airflow/dags/05_sensor.py for tasks to queue
[2026-09-10T03:30:06.698+0000] {logging_mixin.py:190} INFO - [2026-09-10T03:30:06.697+0000] {dagbag.py:588} INFO - Filling up the DagBag from /opt/airflow/dags/05_sensor.py
[2026-09-10T03:30:06.708+0000] {processor.py:925} INFO - DAG(s) '05_sensor' retrieved from /opt/airflow/dags/05_sensor.py
[2026-09-10T03:30:06.743+0000] {logging_mixin.py:190} INFO - [2026-09-10T03:30:06.742+0000] {dag.py:3239} INFO - Sync 1 DAGs
[2026-09-10T03:30:06.758+0000] {logging_mixin.py:190} INFO - [2026-09-10T03:30:06.758+0000] {dag.py:4180} INFO - Setting next_dagrun for 05_sensor to None, run_after=None
[2026-09-10T03:30:06.776+0000] {processor.py:208} INFO - Processing /opt/airflow/dags/05_sensor.py took 0.092 seconds
[2026-09-10T03:30:37.056+0000] {processor.py:186} INFO - Started process (PID=5120) to work on /opt/airflow/dags/05_sensor.py
[2026-09-10T03:30:37.061+0000] {processor.py:914} INFO - Processing file /opt/airflow/dags/05_sensor.py for tasks to queue
[2026-09-10T03:30:37.067+0000] {logging_mixin.py:190} INFO - [2026-09-10T03:30:37.066+0000] {dagbag.py:588} INFO - Filling up the DagBag from /opt/airflow/dags/05_sensor.py
[2026-09-10T03:30:37.094+0000] {processor.py:925} INFO - DAG(s) '05_sensor' retrieved from /opt/airflow/dags/05_sensor.py
[2026-09-10T03:30:37.168+0000] {logging_mixin.py:190} INFO - [2026-09-10T03:30:37.167+0000] {dag.py:3239} INFO - Sync 1 DAGs
[2026-09-10T03:30:37.187+0000] {logging_mixin.py:190} INFO - [2026-09-10T03:30:37.186+0000] {dag.py:4180} INFO - Setting next_dagrun for 05_sensor to None, run_after=None
[2026-09-10T03:30:37.214+0000] {processor.py:208} INFO - Processing /opt/airflow/dags/05_sensor.py took 0.186 seconds
[2026-09-10T03:31:07.293+0000] {processor.py:186} INFO - Started process (PID=5170) to work on /opt/airflow/dags/05_sensor.py
[2026-09-10T03:31:07.295+0000] {processor.py:914} INFO - Processing file /opt/airflow/dags/05_sensor.py for tasks to queue
[2026-09-10T03:31:07.299+0000] {logging_mixin.py:190} INFO - [2026-09-10T03:31:07.298+0000] {dagbag.py:588} INFO - Filling up the DagBag from /opt/airflow/dags/05_sensor.py
[2026-09-10T03:31:07.314+0000] {processor.py:925} INFO - DAG(s) '05_sensor' retrieved from /opt/airflow/dags/05_sensor.py
[2026-09-10T03:31:07.364+0000] {logging_mixin.py:190} INFO - [2026-09-10T03:31:07.364+0000] {dag.py:3239} INFO - Sync 1 DAGs
[2026-09-10T03:31:07.386+0000] {logging_mixin.py:190} INFO - [2026-09-10T03:31:07.385+0000] {dag.py:4180} INFO - Setting next_dagrun for 05_sensor to None, run_after=None
[2026-09-10T03:31:07.410+0000] {processor.py:208} INFO - Processing /opt/airflow/dags/05_sensor.py took 0.132 seconds
[2026-09-10T03:31:38.558+0000] {processor.py:186} INFO - Started process (PID=5222) to work on /opt/airflow/dags/05_sensor.py
[2026-09-10T03:31:38.559+0000] {processor.py:914} INFO - Processing file /opt/airflow/dags/05_sensor.py for tasks to queue
[2026-09-10T03:31:38.566+0000] {logging_mixin.py:190} INFO - [2026-09-10T03:31:38.565+0000] {dagbag.py:588} INFO - Filling up the DagBag from /opt/airflow/dags/05_sensor.py
[2026-09-10T03:31:38.591+0000] {processor.py:925} INFO - DAG(s) '05_sensor' retrieved from /opt/airflow/dags/05_sensor.py
[2026-09-10T03:31:38.648+0000] {logging_mixin.py:190} INFO - [2026-09-10T03:31:38.648+0000] {dag.py:3239} INFO - Sync 1 DAGs
[2026-09-10T03:31:38.672+0000] {logging_mixin.py:190} INFO - [2026-09-10T03:31:38.672+0000] {dag.py:4180} INFO - Setting next_dagrun for 05_sensor to None, run_after=None
[2026-09-10T03:31:38.695+0000] {processor.py:208} INFO - Processing /opt/airflow/dags/05_sensor.py took 0.155 seconds
[2026-09-10T03:32:32.956+0000] {processor.py:186} INFO - Started process (PID=5372) to work on /opt/airflow/dags/05_sensor.py
[2026-09-10T03:32:32.968+0000] {processor.py:914} INFO - Processing file /opt/airflow/dags/05_sensor.py for tasks to queue
[2026-09-10T03:32:32.975+0000] {logging_mixin.py:190} INFO - [2026-09-10T03:32:32.974+0000] {dagbag.py:588} INFO - Filling up the DagBag from /opt/airflow/dags/05_sensor.py
[2026-09-10T03:32:33.293+0000] {processor.py:925} INFO - DAG(s) '05_sensor' retrieved from /opt/airflow/dags/05_sensor.py
[2026-09-10T03:32:37.312+0000] {logging_mixin.py:190} INFO - [2026-09-10T03:32:36.770+0000] {dag.py:3239} INFO - Sync 1 DAGs
[2026-09-10T03:32:37.427+0000] {logging_mixin.py:190} INFO - [2026-09-10T03:32:37.427+0000] {dag.py:4180} INFO - Setting next_dagrun for 05_sensor to None, run_after=None
[2026-09-10T03:32:37.813+0000] {processor.py:208} INFO - Processing /opt/airflow/dags/05_sensor.py took 4.926 seconds
[2026-09-10T03:33:42.944+0000] {processor.py:186} INFO - Started process (PID=5426) to work on /opt/airflow/dags/05_sensor.py
[2026-09-10T03:33:42.998+0000] {processor.py:914} INFO - Processing file /opt/airflow/dags/05_sensor.py for tasks to queue
[2026-09-10T03:33:43.011+0000] {logging_mixin.py:190} INFO - [2026-09-10T03:33:43.010+0000] {dagbag.py:588} INFO - Filling up the DagBag from /opt/airflow/dags/05_sensor.py
[2026-09-10T03:33:44.624+0000] {processor.py:925} INFO - DAG(s) '05_sensor' retrieved from /opt/airflow/dags/05_sensor.py
[2026-09-10T03:33:55.809+0000] {logging_mixin.py:190} INFO - [2026-09-10T03:33:55.407+0000] {dag.py:3239} INFO - Sync 1 DAGs
[2026-09-10T03:33:56.474+0000] {logging_mixin.py:190} INFO - [2026-09-10T03:33:56.410+0000] {dag.py:4180} INFO - Setting next_dagrun for 05_sensor to None, run_after=None
[2026-09-10T03:33:58.538+0000] {processor.py:208} INFO - Processing /opt/airflow/dags/05_sensor.py took 16.149 seconds
[2026-09-10T20:19:04.966+0000] {processor.py:186} INFO - Started process (PID=206) to work on /opt/airflow/dags/05_sensor.py
[2026-09-10T20:19:04.968+0000] {processor.py:914} INFO - Processing file /opt/airflow/dags/05_sensor.py for tasks to queue
[2026-09-10T20:19:04.971+0000] {logging_mixin.py:190} INFO - [2026-09-10T20:19:04.971+0000] {dagbag.py:588} INFO - Filling up the DagBag from /opt/airflow/dags/05_sensor.py
[2026-09-10T20:19:04.981+0000] {processor.py:925} INFO - DAG(s) '05_sensor' retrieved from /opt/airflow/dags/05_sensor.py
[2026-09-10T20:19:05.199+0000] {logging_mixin.py:190} INFO - [2026-09-10T20:19:05.198+0000] {override.py:1911} INFO - Created Permission View: can read on DAG:05_sensor
[2026-09-10T20:19:05.211+0000] {logging_mixin.py:190} INFO - [2026-09-10T20:19:05.211+0000] {override.py:1911} INFO - Created Permission View: can delete on DAG:05_sensor
[2026-09-10T20:19:05.220+0000] {logging_mixin.py:190} INFO - [2026-09-10T20:19:05.220+0000] {override.py:1911} INFO - Created Permission View: can edit on DAG:05_sensor
[2026-09-10T20:19:05.231+0000] {logging_mixin.py:190} INFO - [2026-09-10T20:19:05.230+0000] {override.py:1911} INFO - Created Permission View: can read on DAG Run:05_sensor
[2026-09-10T20:19:05.242+0000] {logging_mixin.py:190} INFO - [2026-09-10T20:19:05.241+0000] {override.py:1911} INFO - Created Permission View: menu access on DAG Run:05_sensor
[2026-09-10T20:19:05.248+0000] {logging_mixin.py:190} INFO - [2026-09-10T20:19:05.248+0000] {override.py:1911} INFO - Created Permission View: can delete on DAG Run:05_sensor
[2026-09-10T20:19:05.255+0000] {logging_mixin.py:190} INFO - [2026-09-10T20:19:05.255+0000] {override.py:1911} INFO - Created Permission View: can create on DAG Run:05_sensor
[2026-09-10T20:19:05.256+0000] {logging_mixin.py:190} INFO - [2026-09-10T20:19:05.255+0000] {dag.py:3239} INFO - Sync 1 DAGs
[2026-09-10T20:19:05.277+0000] {logging_mixin.py:190} INFO - [2026-09-10T20:19:05.277+0000] {dag.py:3262} INFO - Creating ORM DAG for 05_sensor
[2026-09-10T20:19:05.280+0000] {logging_mixin.py:190} INFO - [2026-09-10T20:19:05.279+0000] {dag.py:4180} INFO - Setting next_dagrun for 05_sensor to None, run_after=None
[2026-09-10T20:19:05.309+0000] {processor.py:208} INFO - Processing /opt/airflow/dags/05_sensor.py took 0.351 seconds
[2026-09-10T20:19:35.904+0000] {processor.py:186} INFO - Started process (PID=278) to work on /opt/airflow/dags/05_sensor.py
[2026-09-10T20:19:35.905+0000] {processor.py:914} INFO - Processing file /opt/airflow/dags/05_sensor.py for tasks to queue
[2026-09-10T20:19:35.907+0000] {logging_mixin.py:190} INFO - [2026-09-10T20:19:35.906+0000] {dagbag.py:588} INFO - Filling up the DagBag from /opt/airflow/dags/05_sensor.py
[2026-09-10T20:19:35.916+0000] {processor.py:925} INFO - DAG(s) '05_sensor' retrieved from /opt/airflow/dags/05_sensor.py
[2026-09-10T20:19:35.942+0000] {logging_mixin.py:190} INFO - [2026-09-10T20:19:35.942+0000] {dag.py:3239} INFO - Sync 1 DAGs
[2026-09-10T20:19:35.955+0000] {logging_mixin.py:190} INFO - [2026-09-10T20:19:35.955+0000] {dag.py:4180} INFO - Setting next_dagrun for 05_sensor to None, run_after=None
[2026-09-10T20:19:35.972+0000] {processor.py:208} INFO - Processing /opt/airflow/dags/05_sensor.py took 0.073 seconds
[2026-09-10T20:20:06.085+0000] {processor.py:186} INFO - Started process (PID=348) to work on /opt/airflow/dags/05_sensor.py
[2026-09-10T20:20:06.087+0000] {processor.py:914} INFO - Processing file /opt/airflow/dags/05_sensor.py for tasks to queue
[2026-09-10T20:20:06.090+0000] {logging_mixin.py:190} INFO - [2026-09-10T20:20:06.089+0000] {dagbag.py:588} INFO - Filling up the DagBag from /opt/airflow/dags/05_sensor.py
[2026-09-10T20:20:06.099+0000] {processor.py:925} INFO - DAG(s) '05_sensor' retrieved from /opt/airflow/dags/05_sensor.py
[2026-09-10T20:20:06.128+0000] {logging_mixin.py:190} INFO - [2026-09-10T20:20:06.128+0000] {dag.py:3239} INFO - Sync 1 DAGs
[2026-09-10T20:20:06.142+0000] {logging_mixin.py:190} INFO - [2026-09-10T20:20:06.142+0000] {dag.py:4180} INFO - Setting next_dagrun for 05_sensor to None, run_after=None
[2026-09-10T20:20:06.161+0000] {processor.py:208} INFO - Processing /opt/airflow/dags/05_sensor.py took 0.082 seconds
[2026-09-10T20:20:36.404+0000] {processor.py:186} INFO - Started process (PID=418) to work on /opt/airflow/dags/05_sensor.py
[2026-09-10T20:20:36.405+0000] {processor.py:914} INFO - Processing file /opt/airflow/dags/05_sensor.py for tasks to queue
[2026-09-10T20:20:36.408+0000] {logging_mixin.py:190} INFO - [2026-09-10T20:20:36.407+0000] {dagbag.py:588} INFO - Filling up the DagBag from /opt/airflow/dags/05_sensor.py
[2026-09-10T20:20:36.417+0000] {processor.py:925} INFO - DAG(s) '05_sensor' retrieved from /opt/airflow/dags/05_sensor.py
[2026-09-10T20:20:36.445+0000] {logging_mixin.py:190} INFO - [2026-09-10T20:20:36.445+0000] {dag.py:3239} INFO - Sync 1 DAGs
[2026-09-10T20:20:36.460+0000] {logging_mixin.py:190} INFO - [2026-09-10T20:20:36.460+0000] {dag.py:4180} INFO - Setting next_dagrun for 05_sensor to None, run_after=None
[2026-09-10T20:20:36.478+0000] {processor.py:208} INFO - Processing /opt/airflow/dags/05_sensor.py took 0.081 seconds
[2026-09-10T20:21:07.104+0000] {processor.py:186} INFO - Started process (PID=488) to work on /opt/airflow/dags/05_sensor.py
[2026-09-10T20:21:07.106+0000] {processor.py:914} INFO - Processing file /opt/airflow/dags/05_sensor.py for tasks to queue
[2026-09-10T20:21:07.109+0000] {logging_mixin.py:190} INFO - [2026-09-10T20:21:07.109+0000] {dagbag.py:588} INFO - Filling up the DagBag from /opt/airflow/dags/05_sensor.py
[2026-09-10T20:21:07.120+0000] {processor.py:925} INFO - DAG(s) '05_sensor' retrieved from /opt/airflow/dags/05_sensor.py
[2026-09-10T20:21:07.156+0000] {logging_mixin.py:190} INFO - [2026-09-10T20:21:07.156+0000] {dag.py:3239} INFO - Sync 1 DAGs
[2026-09-10T20:21:07.357+0000] {logging_mixin.py:190} INFO - [2026-09-10T20:21:07.357+0000] {dag.py:4180} INFO - Setting next_dagrun for 05_sensor to None, run_after=None
[2026-09-10T20:21:07.383+0000] {processor.py:208} INFO - Processing /opt/airflow/dags/05_sensor.py took 0.287 seconds
[2026-09-10T20:21:37.471+0000] {processor.py:186} INFO - Started process (PID=558) to work on /opt/airflow/dags/05_sensor.py
[2026-09-10T20:21:37.472+0000] {processor.py:914} INFO - Processing file /opt/airflow/dags/05_sensor.py for tasks to queue
[2026-09-10T20:21:37.477+0000] {logging_mixin.py:190} INFO - [2026-09-10T20:21:37.477+0000] {dagbag.py:588} INFO - Filling up the DagBag from /opt/airflow/dags/05_sensor.py
[2026-09-10T20:21:37.493+0000] {processor.py:925} INFO - DAG(s) '05_sensor' retrieved from /opt/airflow/dags/05_sensor.py
[2026-09-10T20:21:37.575+0000] {logging_mixin.py:190} INFO - [2026-09-10T20:21:37.575+0000] {dag.py:3239} INFO - Sync 1 DAGs
[2026-09-10T20:21:37.607+0000] {logging_mixin.py:190} INFO - [2026-09-10T20:21:37.607+0000] {dag.py:4180} INFO - Setting next_dagrun for 05_sensor to None, run_after=None
[2026-09-10T20:21:37.636+0000] {processor.py:208} INFO - Processing /opt/airflow/dags/05_sensor.py took 0.177 seconds
[2026-09-10T20:22:08.544+0000] {processor.py:186} INFO - Started process (PID=628) to work on /opt/airflow/dags/05_sensor.py
[2026-09-10T20:22:08.546+0000] {processor.py:914} INFO - Processing file /opt/airflow/dags/05_sensor.py for tasks to queue
[2026-09-10T20:22:08.548+0000] {logging_mixin.py:190} INFO - [2026-09-10T20:22:08.548+0000] {dagbag.py:588} INFO - Filling up the DagBag from /opt/airflow/dags/05_sensor.py
[2026-09-10T20:22:08.555+0000] {processor.py:925} INFO - DAG(s) '05_sensor' retrieved from /opt/airflow/dags/05_sensor.py
[2026-09-10T20:22:08.721+0000] {logging_mixin.py:190} INFO - [2026-09-10T20:22:08.720+0000] {dag.py:3239} INFO - Sync 1 DAGs
[2026-09-10T20:22:08.732+0000] {logging_mixin.py:190} INFO - [2026-09-10T20:22:08.732+0000] {dag.py:4180} INFO - Setting next_dagrun for 05_sensor to None, run_after=None
[2026-09-10T20:22:08.748+0000] {processor.py:208} INFO - Processing /opt/airflow/dags/05_sensor.py took 0.209 seconds
[2026-09-10T20:22:39.695+0000] {processor.py:186} INFO - Started process (PID=698) to work on /opt/airflow/dags/05_sensor.py
[2026-09-10T20:22:39.696+0000] {processor.py:914} INFO - Processing file /opt/airflow/dags/05_sensor.py for tasks to queue
[2026-09-10T20:22:39.700+0000] {logging_mixin.py:190} INFO - [2026-09-10T20:22:39.700+0000] {dagbag.py:588} INFO - Filling up the DagBag from /opt/airflow/dags/05_sensor.py
[2026-09-10T20:22:39.711+0000] {processor.py:925} INFO - DAG(s) '05_sensor' retrieved from /opt/airflow/dags/05_sensor.py
[2026-09-10T20:22:39.747+0000] {logging_mixin.py:190} INFO - [2026-09-10T20:22:39.747+0000] {dag.py:3239} INFO - Sync 1 DAGs
[2026-09-10T20:22:39.810+0000] {logging_mixin.py:190} INFO - [2026-09-10T20:22:39.810+0000] {dag.py:4180} INFO - Setting next_dagrun for 05_sensor to None, run_after=None
[2026-09-10T20:22:39.854+0000] {processor.py:208} INFO - Processing /opt/airflow/dags/05_sensor.py took 0.168 seconds
[2026-09-10T20:23:10.278+0000] {processor.py:186} INFO - Started process (PID=774) to work on /opt/airflow/dags/05_sensor.py
[2026-09-10T20:23:10.279+0000] {processor.py:914} INFO - Processing file /opt/airflow/dags/05_sensor.py for tasks to queue
[2026-09-10T20:23:10.282+0000] {logging_mixin.py:190} INFO - [2026-09-10T20:23:10.282+0000] {dagbag.py:588} INFO - Filling up the DagBag from /opt/airflow/dags/05_sensor.py
[2026-09-10T20:23:10.295+0000] {processor.py:925} INFO - DAG(s) '05_sensor' retrieved from /opt/airflow/dags/05_sensor.py
[2026-09-10T20:23:10.333+0000] {logging_mixin.py:190} INFO - [2026-09-10T20:23:10.333+0000] {dag.py:3239} INFO - Sync 1 DAGs
[2026-09-10T20:23:10.355+0000] {logging_mixin.py:190} INFO - [2026-09-10T20:23:10.355+0000] {dag.py:4180} INFO - Setting next_dagrun for 05_sensor to None, run_after=None
[2026-09-10T20:23:10.383+0000] {processor.py:208} INFO - Processing /opt/airflow/dags/05_sensor.py took 0.118 seconds
[2026-09-10T20:23:41.365+0000] {processor.py:186} INFO - Started process (PID=850) to work on /opt/airflow/dags/05_sensor.py
[2026-09-10T20:23:41.366+0000] {processor.py:914} INFO - Processing file /opt/airflow/dags/05_sensor.py for tasks to queue
[2026-09-10T20:23:41.370+0000] {logging_mixin.py:190} INFO - [2026-09-10T20:23:41.370+0000] {dagbag.py:588} INFO - Filling up the DagBag from /opt/airflow/dags/05_sensor.py
[2026-09-10T20:23:41.380+0000] {processor.py:925} INFO - DAG(s) '05_sensor' retrieved from /opt/airflow/dags/05_sensor.py
[2026-09-10T20:23:41.414+0000] {logging_mixin.py:190} INFO - [2026-09-10T20:23:41.414+0000] {dag.py:3239} INFO - Sync 1 DAGs
[2026-09-10T20:23:41.433+0000] {logging_mixin.py:190} INFO - [2026-09-10T20:23:41.432+0000] {dag.py:4180} INFO - Setting next_dagrun for 05_sensor to None, run_after=None
[2026-09-10T20:23:41.456+0000] {processor.py:208} INFO - Processing /opt/airflow/dags/05_sensor.py took 0.104 seconds
[2026-09-10T20:24:11.582+0000] {processor.py:186} INFO - Started process (PID=920) to work on /opt/airflow/dags/05_sensor.py
[2026-09-10T20:24:11.585+0000] {processor.py:914} INFO - Processing file /opt/airflow/dags/05_sensor.py for tasks to queue
[2026-09-10T20:24:11.588+0000] {logging_mixin.py:190} INFO - [2026-09-10T20:24:11.588+0000] {dagbag.py:588} INFO - Filling up the DagBag from /opt/airflow/dags/05_sensor.py
[2026-09-10T20:24:11.598+0000] {processor.py:925} INFO - DAG(s) '05_sensor' retrieved from /opt/airflow/dags/05_sensor.py
[2026-09-10T20:24:11.629+0000] {logging_mixin.py:190} INFO - [2026-09-10T20:24:11.629+0000] {dag.py:3239} INFO - Sync 1 DAGs
[2026-09-10T20:24:11.645+0000] {logging_mixin.py:190} INFO - [2026-09-10T20:24:11.645+0000] {dag.py:4180} INFO - Setting next_dagrun for 05_sensor to None, run_after=None
[2026-09-10T20:24:11.669+0000] {processor.py:208} INFO - Processing /opt/airflow/dags/05_sensor.py took 0.095 seconds
[2026-09-10T20:24:41.717+0000] {processor.py:186} INFO - Started process (PID=990) to work on /opt/airflow/dags/05_sensor.py
[2026-09-10T20:24:41.718+0000] {processor.py:914} INFO - Processing file /opt/airflow/dags/05_sensor.py for tasks to queue
[2026-09-10T20:24:41.721+0000] {logging_mixin.py:190} INFO - [2026-09-10T20:24:41.720+0000] {dagbag.py:588} INFO - Filling up the DagBag from /opt/airflow/dags/05_sensor.py
[2026-09-10T20:24:41.731+0000] {processor.py:925} INFO - DAG(s) '05_sensor' retrieved from /opt/airflow/dags/05_sensor.py
[2026-09-10T20:24:41.762+0000] {logging_mixin.py:190} INFO - [2026-09-10T20:24:41.762+0000] {dag.py:3239} INFO - Sync 1 DAGs
[2026-09-10T20:24:41.777+0000] {logging_mixin.py:190} INFO - [2026-09-10T20:24:41.777+0000] {dag.py:4180} INFO - Setting next_dagrun for 05_sensor to None, run_after=None
[2026-09-10T20:24:41.796+0000] {processor.py:208} INFO - Processing /opt/airflow/dags/05_sensor.py took 0.090 seconds
[2026-09-10T20:25:11.891+0000] {processor.py:186} INFO - Started process (PID=1060) to work on /opt/airflow/dags/05_sensor.py
[2026-09-10T20:25:11.893+0000] {processor.py:914} INFO - Processing file /opt/airflow/dags/05_sensor.py for tasks to queue
[2026-09-10T20:25:11.898+0000] {logging_mixin.py:190} INFO - [2026-09-10T20:25:11.898+0000] {dagbag.py:588} INFO - Filling up the DagBag from /opt/airflow/dags/05_sensor.py
[2026-09-10T20:25:11.918+0000] {processor.py:925} INFO - DAG(s) '05_sensor' retrieved from /opt/airflow/dags/05_sensor.py
[2026-09-10T20:25:11.988+0000] {logging_mixin.py:190} INFO - [2026-09-10T20:25:11.987+0000] {dag.py:3239} INFO - Sync 1 DAGs
[2026-09-10T20:25:12.034+0000] {logging_mixin.py:190} INFO - [2026-09-10T20:25:12.033+0000] {dag.py:4180} INFO - Setting next_dagrun for 05_sensor to None, run_after=None
[2026-09-10T20:25:12.136+0000] {processor.py:208} INFO - Processing /opt/airflow/dags/05_sensor.py took 0.251 seconds
[2026-09-10T20:25:42.218+0000] {processor.py:186} INFO - Started process (PID=1130) to work on /opt/airflow/dags/05_sensor.py
[2026-09-10T20:25:42.219+0000] {processor.py:914} INFO - Processing file /opt/airflow/dags/05_sensor.py for tasks to queue
[2026-09-10T20:25:42.222+0000] {logging_mixin.py:190} INFO - [2026-09-10T20:25:42.222+0000] {dagbag.py:588} INFO - Filling up the DagBag from /opt/airflow/dags/05_sensor.py
[2026-09-10T20:25:42.234+0000] {processor.py:925} INFO - DAG(s) '05_sensor' retrieved from /opt/airflow/dags/05_sensor.py
[2026-09-10T20:25:42.265+0000] {logging_mixin.py:190} INFO - [2026-09-10T20:25:42.265+0000] {dag.py:3239} INFO - Sync 1 DAGs
[2026-09-10T20:25:42.281+0000] {logging_mixin.py:190} INFO - [2026-09-10T20:25:42.281+0000] {dag.py:4180} INFO - Setting next_dagrun for 05_sensor to None, run_after=None
[2026-09-10T20:25:42.301+0000] {processor.py:208} INFO - Processing /opt/airflow/dags/05_sensor.py took 0.091 seconds
[2026-09-10T20:26:12.375+0000] {processor.py:186} INFO - Started process (PID=1200) to work on /opt/airflow/dags/05_sensor.py
[2026-09-10T20:26:12.377+0000] {processor.py:914} INFO - Processing file /opt/airflow/dags/05_sensor.py for tasks to queue
[2026-09-10T20:26:12.381+0000] {logging_mixin.py:190} INFO - [2026-09-10T20:26:12.381+0000] {dagbag.py:588} INFO - Filling up the DagBag from /opt/airflow/dags/05_sensor.py
[2026-09-10T20:26:12.393+0000] {processor.py:925} INFO - DAG(s) '05_sensor' retrieved from /opt/airflow/dags/05_sensor.py
[2026-09-10T20:26:12.425+0000] {logging_mixin.py:190} INFO - [2026-09-10T20:26:12.425+0000] {dag.py:3239} INFO - Sync 1 DAGs
[2026-09-10T20:26:12.441+0000] {logging_mixin.py:190} INFO - [2026-09-10T20:26:12.441+0000] {dag.py:4180} INFO - Setting next_dagrun for 05_sensor to None, run_after=None
[2026-09-10T20:26:12.460+0000] {processor.py:208} INFO - Processing /opt/airflow/dags/05_sensor.py took 0.093 seconds
[2026-09-10T20:26:42.510+0000] {processor.py:186} INFO - Started process (PID=1270) to work on /opt/airflow/dags/05_sensor.py
[2026-09-10T20:26:42.511+0000] {processor.py:914} INFO - Processing file /opt/airflow/dags/05_sensor.py for tasks to queue
[2026-09-10T20:26:42.515+0000] {logging_mixin.py:190} INFO - [2026-09-10T20:26:42.514+0000] {dagbag.py:588} INFO - Filling up the DagBag from /opt/airflow/dags/05_sensor.py
[2026-09-10T20:26:42.524+0000] {processor.py:925} INFO - DAG(s) '05_sensor' retrieved from /opt/airflow/dags/05_sensor.py
[2026-09-10T20:26:42.555+0000] {logging_mixin.py:190} INFO - [2026-09-10T20:26:42.554+0000] {dag.py:3239} INFO - Sync 1 DAGs
[2026-09-10T20:26:42.571+0000] {logging_mixin.py:190} INFO - [2026-09-10T20:26:42.571+0000] {dag.py:4180} INFO - Setting next_dagrun for 05_sensor to None, run_after=None
[2026-09-10T20:26:42.592+0000] {processor.py:208} INFO - Processing /opt/airflow/dags/05_sensor.py took 0.089 seconds
[2026-09-10T20:27:12.770+0000] {processor.py:186} INFO - Started process (PID=1340) to work on /opt/airflow/dags/05_sensor.py
[2026-09-10T20:27:12.772+0000] {processor.py:914} INFO - Processing file /opt/airflow/dags/05_sensor.py for tasks to queue
[2026-09-10T20:27:12.776+0000] {logging_mixin.py:190} INFO - [2026-09-10T20:27:12.776+0000] {dagbag.py:588} INFO - Filling up the DagBag from /opt/airflow/dags/05_sensor.py
[2026-09-10T20:27:12.789+0000] {processor.py:925} INFO - DAG(s) '05_sensor' retrieved from /opt/airflow/dags/05_sensor.py
[2026-09-10T20:27:12.821+0000] {logging_mixin.py:190} INFO - [2026-09-10T20:27:12.821+0000] {dag.py:3239} INFO - Sync 1 DAGs
[2026-09-10T20:27:12.837+0000] {logging_mixin.py:190} INFO - [2026-09-10T20:27:12.837+0000] {dag.py:4180} INFO - Setting next_dagrun for 05_sensor to None, run_after=None
[2026-09-10T20:27:12.856+0000] {processor.py:208} INFO - Processing /opt/airflow/dags/05_sensor.py took 0.094 seconds
[2026-09-10T20:27:43.010+0000] {processor.py:186} INFO - Started process (PID=1410) to work on /opt/airflow/dags/05_sensor.py
[2026-09-10T20:27:43.011+0000] {processor.py:914} INFO - Processing file /opt/airflow/dags/05_sensor.py for tasks to queue
[2026-09-10T20:27:43.020+0000] {logging_mixin.py:190} INFO - [2026-09-10T20:27:43.018+0000] {dagbag.py:588} INFO - Filling up the DagBag from /opt/airflow/dags/05_sensor.py
[2026-09-10T20:27:43.033+0000] {processor.py:925} INFO - DAG(s) '05_sensor' retrieved from /opt/airflow/dags/05_sensor.py
[2026-09-10T20:27:43.070+0000] {logging_mixin.py:190} INFO - [2026-09-10T20:27:43.070+0000] {dag.py:3239} INFO - Sync 1 DAGs
[2026-09-10T20:27:43.087+0000] {logging_mixin.py:190} INFO - [2026-09-10T20:27:43.087+0000] {dag.py:4180} INFO - Setting next_dagrun for 05_sensor to None, run_after=None
[2026-09-10T20:27:43.107+0000] {processor.py:208} INFO - Processing /opt/airflow/dags/05_sensor.py took 0.109 seconds
[2026-09-10T20:28:13.164+0000] {processor.py:186} INFO - Started process (PID=1480) to work on /opt/airflow/dags/05_sensor.py
[2026-09-10T20:28:13.166+0000] {processor.py:914} INFO - Processing file /opt/airflow/dags/05_sensor.py for tasks to queue
[2026-09-10T20:28:13.169+0000] {logging_mixin.py:190} INFO - [2026-09-10T20:28:13.168+0000] {dagbag.py:588} INFO - Filling up the DagBag from /opt/airflow/dags/05_sensor.py
[2026-09-10T20:28:13.179+0000] {processor.py:925} INFO - DAG(s) '05_sensor' retrieved from /opt/airflow/dags/05_sensor.py
[2026-09-10T20:28:13.211+0000] {logging_mixin.py:190} INFO - [2026-09-10T20:28:13.210+0000] {dag.py:3239} INFO - Sync 1 DAGs
[2026-09-10T20:28:13.226+0000] {logging_mixin.py:190} INFO - [2026-09-10T20:28:13.226+0000] {dag.py:4180} INFO - Setting next_dagrun for 05_sensor to None, run_after=None
[2026-09-10T20:28:13.245+0000] {processor.py:208} INFO - Processing /opt/airflow/dags/05_sensor.py took 0.090 seconds
[2026-09-10T20:28:44.261+0000] {processor.py:186} INFO - Started process (PID=1550) to work on /opt/airflow/dags/05_sensor.py
[2026-09-10T20:28:44.263+0000] {processor.py:914} INFO - Processing file /opt/airflow/dags/05_sensor.py for tasks to queue
[2026-09-10T20:28:44.267+0000] {logging_mixin.py:190} INFO - [2026-09-10T20:28:44.267+0000] {dagbag.py:588} INFO - Filling up the DagBag from /opt/airflow/dags/05_sensor.py
[2026-09-10T20:28:44.279+0000] {processor.py:925} INFO - DAG(s) '05_sensor' retrieved from /opt/airflow/dags/05_sensor.py
[2026-09-10T20:28:44.312+0000] {logging_mixin.py:190} INFO - [2026-09-10T20:28:44.312+0000] {dag.py:3239} INFO - Sync 1 DAGs
[2026-09-10T20:28:44.330+0000] {logging_mixin.py:190} INFO - [2026-09-10T20:28:44.330+0000] {dag.py:4180} INFO - Setting next_dagrun for 05_sensor to None, run_after=None
[2026-09-10T20:28:44.351+0000] {processor.py:208} INFO - Processing /opt/airflow/dags/05_sensor.py took 0.098 seconds
[2026-09-10T20:29:14.434+0000] {processor.py:186} INFO - Started process (PID=1620) to work on /opt/airflow/dags/05_sensor.py
[2026-09-10T20:29:14.436+0000] {processor.py:914} INFO - Processing file /opt/airflow/dags/05_sensor.py for tasks to queue
[2026-09-10T20:29:14.440+0000] {logging_mixin.py:190} INFO - [2026-09-10T20:29:14.439+0000] {dagbag.py:588} INFO - Filling up the DagBag from /opt/airflow/dags/05_sensor.py
[2026-09-10T20:29:14.450+0000] {processor.py:925} INFO - DAG(s) '05_sensor' retrieved from /opt/airflow/dags/05_sensor.py
[2026-09-10T20:29:14.481+0000] {logging_mixin.py:190} INFO - [2026-09-10T20:29:14.481+0000] {dag.py:3239} INFO - Sync 1 DAGs
[2026-09-10T20:29:14.497+0000] {logging_mixin.py:190} INFO - [2026-09-10T20:29:14.496+0000] {dag.py:4180} INFO - Setting next_dagrun for 05_sensor to None, run_after=None
[2026-09-10T20:29:14.517+0000] {processor.py:208} INFO - Processing /opt/airflow/dags/05_sensor.py took 0.094 seconds
[2026-09-10T20:29:44.587+0000] {processor.py:186} INFO - Started process (PID=1690) to work on /opt/airflow/dags/05_sensor.py
[2026-09-10T20:29:44.589+0000] {processor.py:914} INFO - Processing file /opt/airflow/dags/05_sensor.py for tasks to queue
[2026-09-10T20:29:44.592+0000] {logging_mixin.py:190} INFO - [2026-09-10T20:29:44.592+0000] {dagbag.py:588} INFO - Filling up the DagBag from /opt/airflow/dags/05_sensor.py
[2026-09-10T20:29:44.607+0000] {processor.py:925} INFO - DAG(s) '05_sensor' retrieved from /opt/airflow/dags/05_sensor.py
[2026-09-10T20:29:44.640+0000] {logging_mixin.py:190} INFO - [2026-09-10T20:29:44.639+0000] {dag.py:3239} INFO - Sync 1 DAGs
[2026-09-10T20:29:44.655+0000] {logging_mixin.py:190} INFO - [2026-09-10T20:29:44.654+0000] {dag.py:4180} INFO - Setting next_dagrun for 05_sensor to None, run_after=None
[2026-09-10T20:29:44.673+0000] {processor.py:208} INFO - Processing /opt/airflow/dags/05_sensor.py took 0.094 seconds
[2026-09-10T20:30:14.779+0000] {processor.py:186} INFO - Started process (PID=1760) to work on /opt/airflow/dags/05_sensor.py
[2026-09-10T20:30:14.781+0000] {processor.py:914} INFO - Processing file /opt/airflow/dags/05_sensor.py for tasks to queue
[2026-09-10T20:30:14.786+0000] {logging_mixin.py:190} INFO - [2026-09-10T20:30:14.785+0000] {dagbag.py:588} INFO - Filling up the DagBag from /opt/airflow/dags/05_sensor.py
[2026-09-10T20:30:14.797+0000] {processor.py:925} INFO - DAG(s) '05_sensor' retrieved from /opt/airflow/dags/05_sensor.py
[2026-09-10T20:30:14.830+0000] {logging_mixin.py:190} INFO - [2026-09-10T20:30:14.830+0000] {dag.py:3239} INFO - Sync 1 DAGs
[2026-09-10T20:30:14.846+0000] {logging_mixin.py:190} INFO - [2026-09-10T20:30:14.846+0000] {dag.py:4180} INFO - Setting next_dagrun for 05_sensor to None, run_after=None
[2026-09-10T20:30:14.865+0000] {processor.py:208} INFO - Processing /opt/airflow/dags/05_sensor.py took 0.093 seconds
[2026-09-10T20:30:44.927+0000] {processor.py:186} INFO - Started process (PID=1830) to work on /opt/airflow/dags/05_sensor.py
[2026-09-10T20:30:44.928+0000] {processor.py:914} INFO - Processing file /opt/airflow/dags/05_sensor.py for tasks to queue
[2026-09-10T20:30:44.931+0000] {logging_mixin.py:190} INFO - [2026-09-10T20:30:44.930+0000] {dagbag.py:588} INFO - Filling up the DagBag from /opt/airflow/dags/05_sensor.py
[2026-09-10T20:30:44.941+0000] {processor.py:925} INFO - DAG(s) '05_sensor' retrieved from /opt/airflow/dags/05_sensor.py
[2026-09-10T20:30:44.976+0000] {logging_mixin.py:190} INFO - [2026-09-10T20:30:44.976+0000] {dag.py:3239} INFO - Sync 1 DAGs
[2026-09-10T20:30:44.996+0000] {logging_mixin.py:190} INFO - [2026-09-10T20:30:44.996+0000] {dag.py:4180} INFO - Setting next_dagrun for 05_sensor to None, run_after=None
[2026-09-10T20:30:45.023+0000] {processor.py:208} INFO - Processing /opt/airflow/dags/05_sensor.py took 0.104 seconds
[2026-09-10T20:31:15.199+0000] {processor.py:186} INFO - Started process (PID=1900) to work on /opt/airflow/dags/05_sensor.py
[2026-09-10T20:31:15.201+0000] {processor.py:914} INFO - Processing file /opt/airflow/dags/05_sensor.py for tasks to queue
[2026-09-10T20:31:15.204+0000] {logging_mixin.py:190} INFO - [2026-09-10T20:31:15.204+0000] {dagbag.py:588} INFO - Filling up the DagBag from /opt/airflow/dags/05_sensor.py
[2026-09-10T20:31:15.218+0000] {processor.py:925} INFO - DAG(s) '05_sensor' retrieved from /opt/airflow/dags/05_sensor.py
[2026-09-10T20:31:15.248+0000] {logging_mixin.py:190} INFO - [2026-09-10T20:31:15.248+0000] {dag.py:3239} INFO - Sync 1 DAGs
[2026-09-10T20:31:15.264+0000] {logging_mixin.py:190} INFO - [2026-09-10T20:31:15.264+0000] {dag.py:4180} INFO - Setting next_dagrun for 05_sensor to None, run_after=None
[2026-09-10T20:31:15.282+0000] {processor.py:208} INFO - Processing /opt/airflow/dags/05_sensor.py took 0.091 seconds
[2026-09-10T20:31:45.421+0000] {processor.py:186} INFO - Started process (PID=1970) to work on /opt/airflow/dags/05_sensor.py
[2026-09-10T20:31:45.423+0000] {processor.py:914} INFO - Processing file /opt/airflow/dags/05_sensor.py for tasks to queue
[2026-09-10T20:31:45.428+0000] {logging_mixin.py:190} INFO - [2026-09-10T20:31:45.428+0000] {dagbag.py:588} INFO - Filling up the DagBag from /opt/airflow/dags/05_sensor.py
[2026-09-10T20:31:45.444+0000] {processor.py:925} INFO - DAG(s) '05_sensor' retrieved from /opt/airflow/dags/05_sensor.py
[2026-09-10T20:31:45.485+0000] {logging_mixin.py:190} INFO - [2026-09-10T20:31:45.484+0000] {dag.py:3239} INFO - Sync 1 DAGs
[2026-09-10T20:31:45.507+0000] {logging_mixin.py:190} INFO - [2026-09-10T20:31:45.506+0000] {dag.py:4180} INFO - Setting next_dagrun for 05_sensor to None, run_after=None
[2026-09-10T20:31:45.532+0000] {processor.py:208} INFO - Processing /opt/airflow/dags/05_sensor.py took 0.122 seconds
[2026-09-10T20:32:16.118+0000] {processor.py:186} INFO - Started process (PID=2040) to work on /opt/airflow/dags/05_sensor.py
[2026-09-10T20:32:16.120+0000] {processor.py:914} INFO - Processing file /opt/airflow/dags/05_sensor.py for tasks to queue
[2026-09-10T20:32:16.123+0000] {logging_mixin.py:190} INFO - [2026-09-10T20:32:16.123+0000] {dagbag.py:588} INFO - Filling up the DagBag from /opt/airflow/dags/05_sensor.py
[2026-09-10T20:32:16.134+0000] {processor.py:925} INFO - DAG(s) '05_sensor' retrieved from /opt/airflow/dags/05_sensor.py
[2026-09-10T20:32:16.175+0000] {logging_mixin.py:190} INFO - [2026-09-10T20:32:16.175+0000] {dag.py:3239} INFO - Sync 1 DAGs
[2026-09-10T20:32:16.195+0000] {logging_mixin.py:190} INFO - [2026-09-10T20:32:16.195+0000] {dag.py:4180} INFO - Setting next_dagrun for 05_sensor to None, run_after=None
[2026-09-10T20:32:16.235+0000] {processor.py:208} INFO - Processing /opt/airflow/dags/05_sensor.py took 0.125 seconds
[2026-09-10T20:32:46.420+0000] {processor.py:186} INFO - Started process (PID=2110) to work on /opt/airflow/dags/05_sensor.py
[2026-09-10T20:32:46.421+0000] {processor.py:914} INFO - Processing file /opt/airflow/dags/05_sensor.py for tasks to queue
[2026-09-10T20:32:46.424+0000] {logging_mixin.py:190} INFO - [2026-09-10T20:32:46.424+0000] {dagbag.py:588} INFO - Filling up the DagBag from /opt/airflow/dags/05_sensor.py
[2026-09-10T20:32:46.434+0000] {processor.py:925} INFO - DAG(s) '05_sensor' retrieved from /opt/airflow/dags/05_sensor.py
[2026-09-10T20:32:46.466+0000] {logging_mixin.py:190} INFO - [2026-09-10T20:32:46.466+0000] {dag.py:3239} INFO - Sync 1 DAGs
[2026-09-10T20:32:46.483+0000] {logging_mixin.py:190} INFO - [2026-09-10T20:32:46.483+0000] {dag.py:4180} INFO - Setting next_dagrun for 05_sensor to None, run_after=None
[2026-09-10T20:32:46.503+0000] {processor.py:208} INFO - Processing /opt/airflow/dags/05_sensor.py took 0.092 seconds
[2026-09-10T20:33:16.812+0000] {processor.py:186} INFO - Started process (PID=2180) to work on /opt/airflow/dags/05_sensor.py
[2026-09-10T20:33:16.813+0000] {processor.py:914} INFO - Processing file /opt/airflow/dags/05_sensor.py for tasks to queue
[2026-09-10T20:33:16.816+0000] {logging_mixin.py:190} INFO - [2026-09-10T20:33:16.816+0000] {dagbag.py:588} INFO - Filling up the DagBag from /opt/airflow/dags/05_sensor.py
[2026-09-10T20:33:16.829+0000] {processor.py:925} INFO - DAG(s) '05_sensor' retrieved from /opt/airflow/dags/05_sensor.py
[2026-09-10T20:33:16.864+0000] {logging_mixin.py:190} INFO - [2026-09-10T20:33:16.864+0000] {dag.py:3239} INFO - Sync 1 DAGs
[2026-09-10T20:33:16.882+0000] {logging_mixin.py:190} INFO - [2026-09-10T20:33:16.881+0000] {dag.py:4180} INFO - Setting next_dagrun for 05_sensor to None, run_after=None
[2026-09-10T20:33:16.905+0000] {processor.py:208} INFO - Processing /opt/airflow/dags/05_sensor.py took 0.104 seconds
[2026-09-10T20:33:47.088+0000] {processor.py:186} INFO - Started process (PID=2250) to work on /opt/airflow/dags/05_sensor.py
[2026-09-10T20:33:47.089+0000] {processor.py:914} INFO - Processing file /opt/airflow/dags/05_sensor.py for tasks to queue
[2026-09-10T20:33:47.092+0000] {logging_mixin.py:190} INFO - [2026-09-10T20:33:47.091+0000] {dagbag.py:588} INFO - Filling up the DagBag from /opt/airflow/dags/05_sensor.py
[2026-09-10T20:33:47.102+0000] {processor.py:925} INFO - DAG(s) '05_sensor' retrieved from /opt/airflow/dags/05_sensor.py
[2026-09-10T20:33:47.134+0000] {logging_mixin.py:190} INFO - [2026-09-10T20:33:47.134+0000] {dag.py:3239} INFO - Sync 1 DAGs
[2026-09-10T20:33:47.150+0000] {logging_mixin.py:190} INFO - [2026-09-10T20:33:47.150+0000] {dag.py:4180} INFO - Setting next_dagrun for 05_sensor to None, run_after=None
[2026-09-10T20:33:47.170+0000] {processor.py:208} INFO - Processing /opt/airflow/dags/05_sensor.py took 0.090 seconds
[2026-09-10T20:34:17.334+0000] {processor.py:186} INFO - Started process (PID=2320) to work on /opt/airflow/dags/05_sensor.py
[2026-09-10T20:34:17.336+0000] {processor.py:914} INFO - Processing file /opt/airflow/dags/05_sensor.py for tasks to queue
[2026-09-10T20:34:17.339+0000] {logging_mixin.py:190} INFO - [2026-09-10T20:34:17.339+0000] {dagbag.py:588} INFO - Filling up the DagBag from /opt/airflow/dags/05_sensor.py
[2026-09-10T20:34:17.351+0000] {processor.py:925} INFO - DAG(s) '05_sensor' retrieved from /opt/airflow/dags/05_sensor.py
[2026-09-10T20:34:17.395+0000] {logging_mixin.py:190} INFO - [2026-09-10T20:34:17.395+0000] {dag.py:3239} INFO - Sync 1 DAGs
[2026-09-10T20:34:17.411+0000] {logging_mixin.py:190} INFO - [2026-09-10T20:34:17.411+0000] {dag.py:4180} INFO - Setting next_dagrun for 05_sensor to None, run_after=None
[2026-09-10T20:34:17.437+0000] {processor.py:208} INFO - Processing /opt/airflow/dags/05_sensor.py took 0.111 seconds
[2026-09-10T20:34:47.492+0000] {processor.py:186} INFO - Started process (PID=2390) to work on /opt/airflow/dags/05_sensor.py
[2026-09-10T20:34:47.493+0000] {processor.py:914} INFO - Processing file /opt/airflow/dags/05_sensor.py for tasks to queue
[2026-09-10T20:34:47.495+0000] {logging_mixin.py:190} INFO - [2026-09-10T20:34:47.495+0000] {dagbag.py:588} INFO - Filling up the DagBag from /opt/airflow/dags/05_sensor.py
[2026-09-10T20:34:47.503+0000] {processor.py:925} INFO - DAG(s) '05_sensor' retrieved from /opt/airflow/dags/05_sensor.py
[2026-09-10T20:34:47.537+0000] {logging_mixin.py:190} INFO - [2026-09-10T20:34:47.536+0000] {dag.py:3239} INFO - Sync 1 DAGs
[2026-09-10T20:34:47.555+0000] {logging_mixin.py:190} INFO - [2026-09-10T20:34:47.555+0000] {dag.py:4180} INFO - Setting next_dagrun for 05_sensor to None, run_after=None
[2026-09-10T20:34:47.574+0000] {processor.py:208} INFO - Processing /opt/airflow/dags/05_sensor.py took 0.090 seconds
[2026-09-10T20:35:17.771+0000] {processor.py:186} INFO - Started process (PID=2460) to work on /opt/airflow/dags/05_sensor.py
[2026-09-10T20:35:17.773+0000] {processor.py:914} INFO - Processing file /opt/airflow/dags/05_sensor.py for tasks to queue
[2026-09-10T20:35:17.776+0000] {logging_mixin.py:190} INFO - [2026-09-10T20:35:17.775+0000] {dagbag.py:588} INFO - Filling up the DagBag from /opt/airflow/dags/05_sensor.py
[2026-09-10T20:35:17.784+0000] {processor.py:925} INFO - DAG(s) '05_sensor' retrieved from /opt/airflow/dags/05_sensor.py
[2026-09-10T20:35:17.815+0000] {logging_mixin.py:190} INFO - [2026-09-10T20:35:17.815+0000] {dag.py:3239} INFO - Sync 1 DAGs
[2026-09-10T20:35:17.831+0000] {logging_mixin.py:190} INFO - [2026-09-10T20:35:17.831+0000] {dag.py:4180} INFO - Setting next_dagrun for 05_sensor to None, run_after=None
[2026-09-10T20:35:17.852+0000] {processor.py:208} INFO - Processing /opt/airflow/dags/05_sensor.py took 0.088 seconds
[2026-09-10T20:35:48.112+0000] {processor.py:186} INFO - Started process (PID=2530) to work on /opt/airflow/dags/05_sensor.py
[2026-09-10T20:35:48.113+0000] {processor.py:914} INFO - Processing file /opt/airflow/dags/05_sensor.py for tasks to queue
[2026-09-10T20:35:48.117+0000] {logging_mixin.py:190} INFO - [2026-09-10T20:35:48.116+0000] {dagbag.py:588} INFO - Filling up the DagBag from /opt/airflow/dags/05_sensor.py
[2026-09-10T20:35:48.130+0000] {processor.py:925} INFO - DAG(s) '05_sensor' retrieved from /opt/airflow/dags/05_sensor.py
[2026-09-10T20:35:48.175+0000] {logging_mixin.py:190} INFO - [2026-09-10T20:35:48.175+0000] {dag.py:3239} INFO - Sync 1 DAGs
[2026-09-10T20:35:48.196+0000] {logging_mixin.py:190} INFO - [2026-09-10T20:35:48.196+0000] {dag.py:4180} INFO - Setting next_dagrun for 05_sensor to None, run_after=None
[2026-09-10T20:35:48.224+0000] {processor.py:208} INFO - Processing /opt/airflow/dags/05_sensor.py took 0.124 seconds
[2026-09-10T20:36:18.276+0000] {processor.py:186} INFO - Started process (PID=2600) to work on /opt/airflow/dags/05_sensor.py
[2026-09-10T20:36:18.277+0000] {processor.py:914} INFO - Processing file /opt/airflow/dags/05_sensor.py for tasks to queue
[2026-09-10T20:36:18.279+0000] {logging_mixin.py:190} INFO - [2026-09-10T20:36:18.279+0000] {dagbag.py:588} INFO - Filling up the DagBag from /opt/airflow/dags/05_sensor.py
[2026-09-10T20:36:18.287+0000] {processor.py:925} INFO - DAG(s) '05_sensor' retrieved from /opt/airflow/dags/05_sensor.py
[2026-09-10T20:36:18.318+0000] {logging_mixin.py:190} INFO - [2026-09-10T20:36:18.317+0000] {dag.py:3239} INFO - Sync 1 DAGs
[2026-09-10T20:36:18.333+0000] {logging_mixin.py:190} INFO - [2026-09-10T20:36:18.333+0000] {dag.py:4180} INFO - Setting next_dagrun for 05_sensor to None, run_after=None
[2026-09-10T20:36:18.351+0000] {processor.py:208} INFO - Processing /opt/airflow/dags/05_sensor.py took 0.082 seconds
[2026-09-10T20:36:48.457+0000] {processor.py:186} INFO - Started process (PID=2670) to work on /opt/airflow/dags/05_sensor.py
[2026-09-10T20:36:48.458+0000] {processor.py:914} INFO - Processing file /opt/airflow/dags/05_sensor.py for tasks to queue
[2026-09-10T20:36:48.461+0000] {logging_mixin.py:190} INFO - [2026-09-10T20:36:48.460+0000] {dagbag.py:588} INFO - Filling up the DagBag from /opt/airflow/dags/05_sensor.py
[2026-09-10T20:36:48.471+0000] {processor.py:925} INFO - DAG(s) '05_sensor' retrieved from /opt/airflow/dags/05_sensor.py
[2026-09-10T20:36:48.501+0000] {logging_mixin.py:190} INFO - [2026-09-10T20:36:48.501+0000] {dag.py:3239} INFO - Sync 1 DAGs
[2026-09-10T20:36:48.516+0000] {logging_mixin.py:190} INFO - [2026-09-10T20:36:48.516+0000] {dag.py:4180} INFO - Setting next_dagrun for 05_sensor to None, run_after=None
[2026-09-10T20:36:48.535+0000] {processor.py:208} INFO - Processing /opt/airflow/dags/05_sensor.py took 0.085 seconds
[2026-09-10T20:37:18.603+0000] {processor.py:186} INFO - Started process (PID=2740) to work on /opt/airflow/dags/05_sensor.py
[2026-09-10T20:37:18.605+0000] {processor.py:914} INFO - Processing file /opt/airflow/dags/05_sensor.py for tasks to queue
[2026-09-10T20:37:18.608+0000] {logging_mixin.py:190} INFO - [2026-09-10T20:37:18.607+0000] {dagbag.py:588} INFO - Filling up the DagBag from /opt/airflow/dags/05_sensor.py
[2026-09-10T20:37:18.620+0000] {processor.py:925} INFO - DAG(s) '05_sensor' retrieved from /opt/airflow/dags/05_sensor.py
[2026-09-10T20:37:18.650+0000] {logging_mixin.py:190} INFO - [2026-09-10T20:37:18.650+0000] {dag.py:3239} INFO - Sync 1 DAGs
[2026-09-10T20:37:18.668+0000] {logging_mixin.py:190} INFO - [2026-09-10T20:37:18.667+0000] {dag.py:4180} INFO - Setting next_dagrun for 05_sensor to None, run_after=None
[2026-09-10T20:37:18.691+0000] {processor.py:208} INFO - Processing /opt/airflow/dags/05_sensor.py took 0.097 seconds
[2026-09-10T20:37:48.750+0000] {processor.py:186} INFO - Started process (PID=2808) to work on /opt/airflow/dags/05_sensor.py
[2026-09-10T20:37:48.752+0000] {processor.py:914} INFO - Processing file /opt/airflow/dags/05_sensor.py for tasks to queue
[2026-09-10T20:37:48.755+0000] {logging_mixin.py:190} INFO - [2026-09-10T20:37:48.754+0000] {dagbag.py:588} INFO - Filling up the DagBag from /opt/airflow/dags/05_sensor.py
[2026-09-10T20:37:48.765+0000] {processor.py:925} INFO - DAG(s) '05_sensor' retrieved from /opt/airflow/dags/05_sensor.py
[2026-09-10T20:37:48.795+0000] {logging_mixin.py:190} INFO - [2026-09-10T20:37:48.795+0000] {dag.py:3239} INFO - Sync 1 DAGs
[2026-09-10T20:37:48.812+0000] {logging_mixin.py:190} INFO - [2026-09-10T20:37:48.811+0000] {dag.py:4180} INFO - Setting next_dagrun for 05_sensor to None, run_after=None
[2026-09-10T20:37:48.830+0000] {processor.py:208} INFO - Processing /opt/airflow/dags/05_sensor.py took 0.088 seconds
[2026-09-10T20:38:18.935+0000] {processor.py:186} INFO - Started process (PID=2878) to work on /opt/airflow/dags/05_sensor.py
[2026-09-10T20:38:18.936+0000] {processor.py:914} INFO - Processing file /opt/airflow/dags/05_sensor.py for tasks to queue
[2026-09-10T20:38:18.939+0000] {logging_mixin.py:190} INFO - [2026-09-10T20:38:18.939+0000] {dagbag.py:588} INFO - Filling up the DagBag from /opt/airflow/dags/05_sensor.py
[2026-09-10T20:38:18.955+0000] {processor.py:925} INFO - DAG(s) '05_sensor' retrieved from /opt/airflow/dags/05_sensor.py
[2026-09-10T20:38:18.999+0000] {logging_mixin.py:190} INFO - [2026-09-10T20:38:18.998+0000] {dag.py:3239} INFO - Sync 1 DAGs
[2026-09-10T20:38:19.029+0000] {logging_mixin.py:190} INFO - [2026-09-10T20:38:19.029+0000] {dag.py:4180} INFO - Setting next_dagrun for 05_sensor to None, run_after=None
[2026-09-10T20:38:19.055+0000] {processor.py:208} INFO - Processing /opt/airflow/dags/05_sensor.py took 0.132 seconds
[2026-09-10T20:38:49.110+0000] {processor.py:186} INFO - Started process (PID=2950) to work on /opt/airflow/dags/05_sensor.py
[2026-09-10T20:38:49.112+0000] {processor.py:914} INFO - Processing file /opt/airflow/dags/05_sensor.py for tasks to queue
[2026-09-10T20:38:49.114+0000] {logging_mixin.py:190} INFO - [2026-09-10T20:38:49.114+0000] {dagbag.py:588} INFO - Filling up the DagBag from /opt/airflow/dags/05_sensor.py
[2026-09-10T20:38:49.124+0000] {processor.py:925} INFO - DAG(s) '05_sensor' retrieved from /opt/airflow/dags/05_sensor.py
[2026-09-10T20:38:49.155+0000] {logging_mixin.py:190} INFO - [2026-09-10T20:38:49.155+0000] {dag.py:3239} INFO - Sync 1 DAGs
[2026-09-10T20:38:49.170+0000] {logging_mixin.py:190} INFO - [2026-09-10T20:38:49.169+0000] {dag.py:4180} INFO - Setting next_dagrun for 05_sensor to None, run_after=None
[2026-09-10T20:38:49.188+0000] {processor.py:208} INFO - Processing /opt/airflow/dags/05_sensor.py took 0.085 seconds
[2026-09-10T20:39:19.385+0000] {processor.py:186} INFO - Started process (PID=3019) to work on /opt/airflow/dags/05_sensor.py
[2026-09-10T20:39:19.386+0000] {processor.py:914} INFO - Processing file /opt/airflow/dags/05_sensor.py for tasks to queue
[2026-09-10T20:39:19.388+0000] {logging_mixin.py:190} INFO - [2026-09-10T20:39:19.388+0000] {dagbag.py:588} INFO - Filling up the DagBag from /opt/airflow/dags/05_sensor.py
[2026-09-10T20:39:19.399+0000] {processor.py:925} INFO - DAG(s) '05_sensor' retrieved from /opt/airflow/dags/05_sensor.py
[2026-09-10T20:39:19.427+0000] {logging_mixin.py:190} INFO - [2026-09-10T20:39:19.427+0000] {dag.py:3239} INFO - Sync 1 DAGs
[2026-09-10T20:39:19.443+0000] {logging_mixin.py:190} INFO - [2026-09-10T20:39:19.442+0000] {dag.py:4180} INFO - Setting next_dagrun for 05_sensor to None, run_after=None
[2026-09-10T20:39:19.462+0000] {processor.py:208} INFO - Processing /opt/airflow/dags/05_sensor.py took 0.086 seconds
[2026-09-10T20:39:49.665+0000] {processor.py:186} INFO - Started process (PID=3090) to work on /opt/airflow/dags/05_sensor.py
[2026-09-10T20:39:49.666+0000] {processor.py:914} INFO - Processing file /opt/airflow/dags/05_sensor.py for tasks to queue
[2026-09-10T20:39:49.670+0000] {logging_mixin.py:190} INFO - [2026-09-10T20:39:49.669+0000] {dagbag.py:588} INFO - Filling up the DagBag from /opt/airflow/dags/05_sensor.py
[2026-09-10T20:39:49.685+0000] {processor.py:925} INFO - DAG(s) '05_sensor' retrieved from /opt/airflow/dags/05_sensor.py
[2026-09-10T20:39:49.725+0000] {logging_mixin.py:190} INFO - [2026-09-10T20:39:49.725+0000] {dag.py:3239} INFO - Sync 1 DAGs
[2026-09-10T20:39:49.753+0000] {logging_mixin.py:190} INFO - [2026-09-10T20:39:49.753+0000] {dag.py:4180} INFO - Setting next_dagrun for 05_sensor to None, run_after=None
[2026-09-10T20:39:49.784+0000] {processor.py:208} INFO - Processing /opt/airflow/dags/05_sensor.py took 0.136 seconds
[2026-09-10T20:40:19.909+0000] {processor.py:186} INFO - Started process (PID=3158) to work on /opt/airflow/dags/05_sensor.py
[2026-09-10T20:40:19.910+0000] {processor.py:914} INFO - Processing file /opt/airflow/dags/05_sensor.py for tasks to queue
[2026-09-10T20:40:19.913+0000] {logging_mixin.py:190} INFO - [2026-09-10T20:40:19.913+0000] {dagbag.py:588} INFO - Filling up the DagBag from /opt/airflow/dags/05_sensor.py
[2026-09-10T20:40:19.930+0000] {processor.py:925} INFO - DAG(s) '05_sensor' retrieved from /opt/airflow/dags/05_sensor.py
[2026-09-10T20:40:19.981+0000] {logging_mixin.py:190} INFO - [2026-09-10T20:40:19.980+0000] {dag.py:3239} INFO - Sync 1 DAGs
[2026-09-10T20:40:20.008+0000] {logging_mixin.py:190} INFO - [2026-09-10T20:40:20.008+0000] {dag.py:4180} INFO - Setting next_dagrun for 05_sensor to None, run_after=None
[2026-09-10T20:40:20.031+0000] {processor.py:208} INFO - Processing /opt/airflow/dags/05_sensor.py took 0.134 seconds
[2026-09-10T20:40:50.172+0000] {processor.py:186} INFO - Started process (PID=3230) to work on /opt/airflow/dags/05_sensor.py
[2026-09-10T20:40:50.174+0000] {processor.py:914} INFO - Processing file /opt/airflow/dags/05_sensor.py for tasks to queue
[2026-09-10T20:40:50.177+0000] {logging_mixin.py:190} INFO - [2026-09-10T20:40:50.176+0000] {dagbag.py:588} INFO - Filling up the DagBag from /opt/airflow/dags/05_sensor.py
[2026-09-10T20:40:50.187+0000] {processor.py:925} INFO - DAG(s) '05_sensor' retrieved from /opt/airflow/dags/05_sensor.py
[2026-09-10T20:40:50.221+0000] {logging_mixin.py:190} INFO - [2026-09-10T20:40:50.221+0000] {dag.py:3239} INFO - Sync 1 DAGs
[2026-09-10T20:40:50.238+0000] {logging_mixin.py:190} INFO - [2026-09-10T20:40:50.237+0000] {dag.py:4180} INFO - Setting next_dagrun for 05_sensor to None, run_after=None
[2026-09-10T20:40:50.259+0000] {processor.py:208} INFO - Processing /opt/airflow/dags/05_sensor.py took 0.095 seconds
[2026-09-10T20:41:20.465+0000] {processor.py:186} INFO - Started process (PID=3298) to work on /opt/airflow/dags/05_sensor.py
[2026-09-10T20:41:20.466+0000] {processor.py:914} INFO - Processing file /opt/airflow/dags/05_sensor.py for tasks to queue
[2026-09-10T20:41:20.469+0000] {logging_mixin.py:190} INFO - [2026-09-10T20:41:20.469+0000] {dagbag.py:588} INFO - Filling up the DagBag from /opt/airflow/dags/05_sensor.py
[2026-09-10T20:41:20.480+0000] {processor.py:925} INFO - DAG(s) '05_sensor' retrieved from /opt/airflow/dags/05_sensor.py
[2026-09-10T20:41:20.512+0000] {logging_mixin.py:190} INFO - [2026-09-10T20:41:20.512+0000] {dag.py:3239} INFO - Sync 1 DAGs
[2026-09-10T20:41:20.530+0000] {logging_mixin.py:190} INFO - [2026-09-10T20:41:20.530+0000] {dag.py:4180} INFO - Setting next_dagrun for 05_sensor to None, run_after=None
[2026-09-10T20:41:20.552+0000] {processor.py:208} INFO - Processing /opt/airflow/dags/05_sensor.py took 0.094 seconds
[2026-09-10T20:41:51.434+0000] {processor.py:186} INFO - Started process (PID=3368) to work on /opt/airflow/dags/05_sensor.py
[2026-09-10T20:41:51.436+0000] {processor.py:914} INFO - Processing file /opt/airflow/dags/05_sensor.py for tasks to queue
[2026-09-10T20:41:51.439+0000] {logging_mixin.py:190} INFO - [2026-09-10T20:41:51.439+0000] {dagbag.py:588} INFO - Filling up the DagBag from /opt/airflow/dags/05_sensor.py
[2026-09-10T20:41:51.450+0000] {processor.py:925} INFO - DAG(s) '05_sensor' retrieved from /opt/airflow/dags/05_sensor.py
[2026-09-10T20:41:51.481+0000] {logging_mixin.py:190} INFO - [2026-09-10T20:41:51.481+0000] {dag.py:3239} INFO - Sync 1 DAGs
[2026-09-10T20:41:51.497+0000] {logging_mixin.py:190} INFO - [2026-09-10T20:41:51.496+0000] {dag.py:4180} INFO - Setting next_dagrun for 05_sensor to None, run_after=None
[2026-09-10T20:41:51.513+0000] {processor.py:208} INFO - Processing /opt/airflow/dags/05_sensor.py took 0.087 seconds
[2026-09-10T20:42:21.580+0000] {processor.py:186} INFO - Started process (PID=3438) to work on /opt/airflow/dags/05_sensor.py
[2026-09-10T20:42:21.582+0000] {processor.py:914} INFO - Processing file /opt/airflow/dags/05_sensor.py for tasks to queue
[2026-09-10T20:42:21.585+0000] {logging_mixin.py:190} INFO - [2026-09-10T20:42:21.584+0000] {dagbag.py:588} INFO - Filling up the DagBag from /opt/airflow/dags/05_sensor.py
[2026-09-10T20:42:21.595+0000] {processor.py:925} INFO - DAG(s) '05_sensor' retrieved from /opt/airflow/dags/05_sensor.py
[2026-09-10T20:42:21.626+0000] {logging_mixin.py:190} INFO - [2026-09-10T20:42:21.626+0000] {dag.py:3239} INFO - Sync 1 DAGs
[2026-09-10T20:42:21.644+0000] {logging_mixin.py:190} INFO - [2026-09-10T20:42:21.643+0000] {dag.py:4180} INFO - Setting next_dagrun for 05_sensor to None, run_after=None
[2026-09-10T20:42:21.663+0000] {processor.py:208} INFO - Processing /opt/airflow/dags/05_sensor.py took 0.090 seconds
[2026-09-10T20:42:51.834+0000] {processor.py:186} INFO - Started process (PID=3510) to work on /opt/airflow/dags/05_sensor.py
[2026-09-10T20:42:51.835+0000] {processor.py:914} INFO - Processing file /opt/airflow/dags/05_sensor.py for tasks to queue
[2026-09-10T20:42:51.838+0000] {logging_mixin.py:190} INFO - [2026-09-10T20:42:51.838+0000] {dagbag.py:588} INFO - Filling up the DagBag from /opt/airflow/dags/05_sensor.py
[2026-09-10T20:42:51.848+0000] {processor.py:925} INFO - DAG(s) '05_sensor' retrieved from /opt/airflow/dags/05_sensor.py
[2026-09-10T20:42:51.877+0000] {logging_mixin.py:190} INFO - [2026-09-10T20:42:51.877+0000] {dag.py:3239} INFO - Sync 1 DAGs
[2026-09-10T20:42:51.892+0000] {logging_mixin.py:190} INFO - [2026-09-10T20:42:51.892+0000] {dag.py:4180} INFO - Setting next_dagrun for 05_sensor to None, run_after=None
[2026-09-10T20:42:51.910+0000] {processor.py:208} INFO - Processing /opt/airflow/dags/05_sensor.py took 0.083 seconds
[2026-09-10T20:43:22.116+0000] {processor.py:186} INFO - Started process (PID=3580) to work on /opt/airflow/dags/05_sensor.py
[2026-09-10T20:43:22.117+0000] {processor.py:914} INFO - Processing file /opt/airflow/dags/05_sensor.py for tasks to queue
[2026-09-10T20:43:22.120+0000] {logging_mixin.py:190} INFO - [2026-09-10T20:43:22.119+0000] {dagbag.py:588} INFO - Filling up the DagBag from /opt/airflow/dags/05_sensor.py
[2026-09-10T20:43:22.129+0000] {processor.py:925} INFO - DAG(s) '05_sensor' retrieved from /opt/airflow/dags/05_sensor.py
[2026-09-10T20:43:22.161+0000] {logging_mixin.py:190} INFO - [2026-09-10T20:43:22.161+0000] {dag.py:3239} INFO - Sync 1 DAGs
[2026-09-10T20:43:22.177+0000] {logging_mixin.py:190} INFO - [2026-09-10T20:43:22.177+0000] {dag.py:4180} INFO - Setting next_dagrun for 05_sensor to None, run_after=None
[2026-09-10T20:43:22.201+0000] {processor.py:208} INFO - Processing /opt/airflow/dags/05_sensor.py took 0.093 seconds
[2026-09-10T20:43:52.291+0000] {processor.py:186} INFO - Started process (PID=3650) to work on /opt/airflow/dags/05_sensor.py
[2026-09-10T20:43:52.293+0000] {processor.py:914} INFO - Processing file /opt/airflow/dags/05_sensor.py for tasks to queue
[2026-09-10T20:43:52.295+0000] {logging_mixin.py:190} INFO - [2026-09-10T20:43:52.295+0000] {dagbag.py:588} INFO - Filling up the DagBag from /opt/airflow/dags/05_sensor.py
[2026-09-10T20:43:52.303+0000] {processor.py:925} INFO - DAG(s) '05_sensor' retrieved from /opt/airflow/dags/05_sensor.py
[2026-09-10T20:43:52.331+0000] {logging_mixin.py:190} INFO - [2026-09-10T20:43:52.331+0000] {dag.py:3239} INFO - Sync 1 DAGs
[2026-09-10T20:43:52.346+0000] {logging_mixin.py:190} INFO - [2026-09-10T20:43:52.346+0000] {dag.py:4180} INFO - Setting next_dagrun for 05_sensor to None, run_after=None
[2026-09-10T20:43:52.364+0000] {processor.py:208} INFO - Processing /opt/airflow/dags/05_sensor.py took 0.080 seconds
[2026-09-10T20:44:22.475+0000] {processor.py:186} INFO - Started process (PID=3720) to work on /opt/airflow/dags/05_sensor.py
[2026-09-10T20:44:22.476+0000] {processor.py:914} INFO - Processing file /opt/airflow/dags/05_sensor.py for tasks to queue
[2026-09-10T20:44:22.478+0000] {logging_mixin.py:190} INFO - [2026-09-10T20:44:22.478+0000] {dagbag.py:588} INFO - Filling up the DagBag from /opt/airflow/dags/05_sensor.py
[2026-09-10T20:44:22.490+0000] {processor.py:925} INFO - DAG(s) '05_sensor' retrieved from /opt/airflow/dags/05_sensor.py
[2026-09-10T20:44:22.524+0000] {logging_mixin.py:190} INFO - [2026-09-10T20:44:22.523+0000] {dag.py:3239} INFO - Sync 1 DAGs
[2026-09-10T20:44:22.541+0000] {logging_mixin.py:190} INFO - [2026-09-10T20:44:22.541+0000] {dag.py:4180} INFO - Setting next_dagrun for 05_sensor to None, run_after=None
[2026-09-10T20:44:22.562+0000] {processor.py:208} INFO - Processing /opt/airflow/dags/05_sensor.py took 0.097 seconds
[2026-09-10T20:44:53.506+0000] {processor.py:186} INFO - Started process (PID=3788) to work on /opt/airflow/dags/05_sensor.py
[2026-09-10T20:44:53.508+0000] {processor.py:914} INFO - Processing file /opt/airflow/dags/05_sensor.py for tasks to queue
[2026-09-10T20:44:53.513+0000] {logging_mixin.py:190} INFO - [2026-09-10T20:44:53.512+0000] {dagbag.py:588} INFO - Filling up the DagBag from /opt/airflow/dags/05_sensor.py
[2026-09-10T20:44:53.527+0000] {processor.py:925} INFO - DAG(s) '05_sensor' retrieved from /opt/airflow/dags/05_sensor.py
[2026-09-10T20:44:53.569+0000] {logging_mixin.py:190} INFO - [2026-09-10T20:44:53.568+0000] {dag.py:3239} INFO - Sync 1 DAGs
[2026-09-10T20:44:53.591+0000] {logging_mixin.py:190} INFO - [2026-09-10T20:44:53.590+0000] {dag.py:4180} INFO - Setting next_dagrun for 05_sensor to None, run_after=None
[2026-09-10T20:44:53.612+0000] {processor.py:208} INFO - Processing /opt/airflow/dags/05_sensor.py took 0.116 seconds
[2026-09-10T20:45:23.787+0000] {processor.py:186} INFO - Started process (PID=3858) to work on /opt/airflow/dags/05_sensor.py
[2026-09-10T20:45:23.789+0000] {processor.py:914} INFO - Processing file /opt/airflow/dags/05_sensor.py for tasks to queue
[2026-09-10T20:45:23.792+0000] {logging_mixin.py:190} INFO - [2026-09-10T20:45:23.791+0000] {dagbag.py:588} INFO - Filling up the DagBag from /opt/airflow/dags/05_sensor.py
[2026-09-10T20:45:23.801+0000] {processor.py:925} INFO - DAG(s) '05_sensor' retrieved from /opt/airflow/dags/05_sensor.py
[2026-09-10T20:45:23.838+0000] {logging_mixin.py:190} INFO - [2026-09-10T20:45:23.837+0000] {dag.py:3239} INFO - Sync 1 DAGs
[2026-09-10T20:45:23.858+0000] {logging_mixin.py:190} INFO - [2026-09-10T20:45:23.858+0000] {dag.py:4180} INFO - Setting next_dagrun for 05_sensor to None, run_after=None
[2026-09-10T20:45:23.881+0000] {processor.py:208} INFO - Processing /opt/airflow/dags/05_sensor.py took 0.101 seconds
[2026-09-10T20:45:53.932+0000] {processor.py:186} INFO - Started process (PID=3954) to work on /opt/airflow/dags/05_sensor.py
[2026-09-10T20:45:53.934+0000] {processor.py:914} INFO - Processing file /opt/airflow/dags/05_sensor.py for tasks to queue
[2026-09-10T20:45:53.936+0000] {logging_mixin.py:190} INFO - [2026-09-10T20:45:53.936+0000] {dagbag.py:588} INFO - Filling up the DagBag from /opt/airflow/dags/05_sensor.py
[2026-09-10T20:45:53.946+0000] {processor.py:925} INFO - DAG(s) '05_sensor' retrieved from /opt/airflow/dags/05_sensor.py
[2026-09-10T20:45:53.975+0000] {logging_mixin.py:190} INFO - [2026-09-10T20:45:53.975+0000] {dag.py:3239} INFO - Sync 1 DAGs
[2026-09-10T20:45:53.990+0000] {logging_mixin.py:190} INFO - [2026-09-10T20:45:53.990+0000] {dag.py:4180} INFO - Setting next_dagrun for 05_sensor to None, run_after=None
[2026-09-10T20:45:54.008+0000] {processor.py:208} INFO - Processing /opt/airflow/dags/05_sensor.py took 0.085 seconds
[2026-09-10T20:46:24.073+0000] {processor.py:186} INFO - Started process (PID=4022) to work on /opt/airflow/dags/05_sensor.py
[2026-09-10T20:46:24.074+0000] {processor.py:914} INFO - Processing file /opt/airflow/dags/05_sensor.py for tasks to queue
[2026-09-10T20:46:24.077+0000] {logging_mixin.py:190} INFO - [2026-09-10T20:46:24.077+0000] {dagbag.py:588} INFO - Filling up the DagBag from /opt/airflow/dags/05_sensor.py
[2026-09-10T20:46:24.088+0000] {processor.py:925} INFO - DAG(s) '05_sensor' retrieved from /opt/airflow/dags/05_sensor.py
[2026-09-10T20:46:24.117+0000] {logging_mixin.py:190} INFO - [2026-09-10T20:46:24.117+0000] {dag.py:3239} INFO - Sync 1 DAGs
[2026-09-10T20:46:24.132+0000] {logging_mixin.py:190} INFO - [2026-09-10T20:46:24.132+0000] {dag.py:4180} INFO - Setting next_dagrun for 05_sensor to None, run_after=None
[2026-09-10T20:46:24.149+0000] {processor.py:208} INFO - Processing /opt/airflow/dags/05_sensor.py took 0.084 seconds
[2026-09-10T20:46:54.275+0000] {processor.py:186} INFO - Started process (PID=4092) to work on /opt/airflow/dags/05_sensor.py
[2026-09-10T20:46:54.277+0000] {processor.py:914} INFO - Processing file /opt/airflow/dags/05_sensor.py for tasks to queue
[2026-09-10T20:46:54.280+0000] {logging_mixin.py:190} INFO - [2026-09-10T20:46:54.279+0000] {dagbag.py:588} INFO - Filling up the DagBag from /opt/airflow/dags/05_sensor.py
[2026-09-10T20:46:54.291+0000] {processor.py:925} INFO - DAG(s) '05_sensor' retrieved from /opt/airflow/dags/05_sensor.py
[2026-09-10T20:46:54.326+0000] {logging_mixin.py:190} INFO - [2026-09-10T20:46:54.326+0000] {dag.py:3239} INFO - Sync 1 DAGs
[2026-09-10T20:46:54.345+0000] {logging_mixin.py:190} INFO - [2026-09-10T20:46:54.345+0000] {dag.py:4180} INFO - Setting next_dagrun for 05_sensor to None, run_after=None
[2026-09-10T20:46:54.364+0000] {processor.py:208} INFO - Processing /opt/airflow/dags/05_sensor.py took 0.098 seconds
[2026-09-10T20:47:24.595+0000] {processor.py:186} INFO - Started process (PID=4164) to work on /opt/airflow/dags/05_sensor.py
[2026-09-10T20:47:24.596+0000] {processor.py:914} INFO - Processing file /opt/airflow/dags/05_sensor.py for tasks to queue
[2026-09-10T20:47:24.598+0000] {logging_mixin.py:190} INFO - [2026-09-10T20:47:24.598+0000] {dagbag.py:588} INFO - Filling up the DagBag from /opt/airflow/dags/05_sensor.py
[2026-09-10T20:47:24.609+0000] {processor.py:925} INFO - DAG(s) '05_sensor' retrieved from /opt/airflow/dags/05_sensor.py
[2026-09-10T20:47:24.644+0000] {logging_mixin.py:190} INFO - [2026-09-10T20:47:24.644+0000] {dag.py:3239} INFO - Sync 1 DAGs
[2026-09-10T20:47:24.661+0000] {logging_mixin.py:190} INFO - [2026-09-10T20:47:24.660+0000] {dag.py:4180} INFO - Setting next_dagrun for 05_sensor to None, run_after=None
[2026-09-10T20:47:24.681+0000] {processor.py:208} INFO - Processing /opt/airflow/dags/05_sensor.py took 0.094 seconds
[2026-09-10T20:47:54.779+0000] {processor.py:186} INFO - Started process (PID=4234) to work on /opt/airflow/dags/05_sensor.py
[2026-09-10T20:47:54.780+0000] {processor.py:914} INFO - Processing file /opt/airflow/dags/05_sensor.py for tasks to queue
[2026-09-10T20:47:54.783+0000] {logging_mixin.py:190} INFO - [2026-09-10T20:47:54.783+0000] {dagbag.py:588} INFO - Filling up the DagBag from /opt/airflow/dags/05_sensor.py
[2026-09-10T20:47:54.793+0000] {processor.py:925} INFO - DAG(s) '05_sensor' retrieved from /opt/airflow/dags/05_sensor.py
[2026-09-10T20:47:54.825+0000] {logging_mixin.py:190} INFO - [2026-09-10T20:47:54.825+0000] {dag.py:3239} INFO - Sync 1 DAGs
[2026-09-10T20:47:54.842+0000] {logging_mixin.py:190} INFO - [2026-09-10T20:47:54.842+0000] {dag.py:4180} INFO - Setting next_dagrun for 05_sensor to None, run_after=None
[2026-09-10T20:47:54.862+0000] {processor.py:208} INFO - Processing /opt/airflow/dags/05_sensor.py took 0.091 seconds
[2026-09-10T20:48:24.918+0000] {processor.py:186} INFO - Started process (PID=4302) to work on /opt/airflow/dags/05_sensor.py
[2026-09-10T20:48:24.919+0000] {processor.py:914} INFO - Processing file /opt/airflow/dags/05_sensor.py for tasks to queue
[2026-09-10T20:48:24.922+0000] {logging_mixin.py:190} INFO - [2026-09-10T20:48:24.921+0000] {dagbag.py:588} INFO - Filling up the DagBag from /opt/airflow/dags/05_sensor.py
[2026-09-10T20:48:24.935+0000] {processor.py:925} INFO - DAG(s) '05_sensor' retrieved from /opt/airflow/dags/05_sensor.py
[2026-09-10T20:48:24.969+0000] {logging_mixin.py:190} INFO - [2026-09-10T20:48:24.969+0000] {dag.py:3239} INFO - Sync 1 DAGs
[2026-09-10T20:48:24.986+0000] {logging_mixin.py:190} INFO - [2026-09-10T20:48:24.985+0000] {dag.py:4180} INFO - Setting next_dagrun for 05_sensor to None, run_after=None
[2026-09-10T20:48:25.011+0000] {processor.py:208} INFO - Processing /opt/airflow/dags/05_sensor.py took 0.101 seconds
[2026-09-10T20:48:55.118+0000] {processor.py:186} INFO - Started process (PID=4372) to work on /opt/airflow/dags/05_sensor.py
[2026-09-10T20:48:55.120+0000] {processor.py:914} INFO - Processing file /opt/airflow/dags/05_sensor.py for tasks to queue
[2026-09-10T20:48:55.122+0000] {logging_mixin.py:190} INFO - [2026-09-10T20:48:55.122+0000] {dagbag.py:588} INFO - Filling up the DagBag from /opt/airflow/dags/05_sensor.py
[2026-09-10T20:48:55.130+0000] {processor.py:925} INFO - DAG(s) '05_sensor' retrieved from /opt/airflow/dags/05_sensor.py
[2026-09-10T20:48:55.156+0000] {logging_mixin.py:190} INFO - [2026-09-10T20:48:55.156+0000] {dag.py:3239} INFO - Sync 1 DAGs
[2026-09-10T20:48:55.170+0000] {logging_mixin.py:190} INFO - [2026-09-10T20:48:55.170+0000] {dag.py:4180} INFO - Setting next_dagrun for 05_sensor to None, run_after=None
[2026-09-10T20:48:55.187+0000] {processor.py:208} INFO - Processing /opt/airflow/dags/05_sensor.py took 0.075 seconds
[2026-09-10T20:49:26.167+0000] {processor.py:186} INFO - Started process (PID=4442) to work on /opt/airflow/dags/05_sensor.py
[2026-09-10T20:49:26.168+0000] {processor.py:914} INFO - Processing file /opt/airflow/dags/05_sensor.py for tasks to queue
[2026-09-10T20:49:26.171+0000] {logging_mixin.py:190} INFO - [2026-09-10T20:49:26.170+0000] {dagbag.py:588} INFO - Filling up the DagBag from /opt/airflow/dags/05_sensor.py
[2026-09-10T20:49:26.181+0000] {processor.py:925} INFO - DAG(s) '05_sensor' retrieved from /opt/airflow/dags/05_sensor.py
[2026-09-10T20:49:26.213+0000] {logging_mixin.py:190} INFO - [2026-09-10T20:49:26.212+0000] {dag.py:3239} INFO - Sync 1 DAGs
[2026-09-10T20:49:26.228+0000] {logging_mixin.py:190} INFO - [2026-09-10T20:49:26.228+0000] {dag.py:4180} INFO - Setting next_dagrun for 05_sensor to None, run_after=None
[2026-09-10T20:49:26.247+0000] {processor.py:208} INFO - Processing /opt/airflow/dags/05_sensor.py took 0.087 seconds
[2026-09-10T20:49:56.626+0000] {processor.py:186} INFO - Started process (PID=4514) to work on /opt/airflow/dags/05_sensor.py
[2026-09-10T20:49:56.628+0000] {processor.py:914} INFO - Processing file /opt/airflow/dags/05_sensor.py for tasks to queue
[2026-09-10T20:49:56.631+0000] {logging_mixin.py:190} INFO - [2026-09-10T20:49:56.630+0000] {dagbag.py:588} INFO - Filling up the DagBag from /opt/airflow/dags/05_sensor.py
[2026-09-10T20:49:56.640+0000] {processor.py:925} INFO - DAG(s) '05_sensor' retrieved from /opt/airflow/dags/05_sensor.py
[2026-09-10T20:49:56.672+0000] {logging_mixin.py:190} INFO - [2026-09-10T20:49:56.671+0000] {dag.py:3239} INFO - Sync 1 DAGs
[2026-09-10T20:49:56.687+0000] {logging_mixin.py:190} INFO - [2026-09-10T20:49:56.686+0000] {dag.py:4180} INFO - Setting next_dagrun for 05_sensor to None, run_after=None
[2026-09-10T20:49:56.705+0000] {processor.py:208} INFO - Processing /opt/airflow/dags/05_sensor.py took 0.086 seconds
[2026-09-10T20:50:26.751+0000] {processor.py:186} INFO - Started process (PID=4584) to work on /opt/airflow/dags/05_sensor.py
[2026-09-10T20:50:26.752+0000] {processor.py:914} INFO - Processing file /opt/airflow/dags/05_sensor.py for tasks to queue
[2026-09-10T20:50:26.755+0000] {logging_mixin.py:190} INFO - [2026-09-10T20:50:26.754+0000] {dagbag.py:588} INFO - Filling up the DagBag from /opt/airflow/dags/05_sensor.py
[2026-09-10T20:50:26.764+0000] {processor.py:925} INFO - DAG(s) '05_sensor' retrieved from /opt/airflow/dags/05_sensor.py
[2026-09-10T20:50:26.797+0000] {logging_mixin.py:190} INFO - [2026-09-10T20:50:26.797+0000] {dag.py:3239} INFO - Sync 1 DAGs
[2026-09-10T20:50:26.814+0000] {logging_mixin.py:190} INFO - [2026-09-10T20:50:26.814+0000] {dag.py:4180} INFO - Setting next_dagrun for 05_sensor to None, run_after=None
[2026-09-10T20:50:26.835+0000] {processor.py:208} INFO - Processing /opt/airflow/dags/05_sensor.py took 0.091 seconds
[2026-09-10T20:50:56.886+0000] {processor.py:186} INFO - Started process (PID=4654) to work on /opt/airflow/dags/05_sensor.py
[2026-09-10T20:50:56.888+0000] {processor.py:914} INFO - Processing file /opt/airflow/dags/05_sensor.py for tasks to queue
[2026-09-10T20:50:56.891+0000] {logging_mixin.py:190} INFO - [2026-09-10T20:50:56.890+0000] {dagbag.py:588} INFO - Filling up the DagBag from /opt/airflow/dags/05_sensor.py
[2026-09-10T20:50:56.900+0000] {processor.py:925} INFO - DAG(s) '05_sensor' retrieved from /opt/airflow/dags/05_sensor.py
[2026-09-10T20:50:56.933+0000] {logging_mixin.py:190} INFO - [2026-09-10T20:50:56.933+0000] {dag.py:3239} INFO - Sync 1 DAGs
[2026-09-10T20:50:56.948+0000] {logging_mixin.py:190} INFO - [2026-09-10T20:50:56.948+0000] {dag.py:4180} INFO - Setting next_dagrun for 05_sensor to None, run_after=None
[2026-09-10T20:50:56.965+0000] {processor.py:208} INFO - Processing /opt/airflow/dags/05_sensor.py took 0.086 seconds
[2026-09-10T20:51:27.203+0000] {processor.py:186} INFO - Started process (PID=4724) to work on /opt/airflow/dags/05_sensor.py
[2026-09-10T20:51:27.204+0000] {processor.py:914} INFO - Processing file /opt/airflow/dags/05_sensor.py for tasks to queue
[2026-09-10T20:51:27.206+0000] {logging_mixin.py:190} INFO - [2026-09-10T20:51:27.206+0000] {dagbag.py:588} INFO - Filling up the DagBag from /opt/airflow/dags/05_sensor.py
[2026-09-10T20:51:27.217+0000] {processor.py:925} INFO - DAG(s) '05_sensor' retrieved from /opt/airflow/dags/05_sensor.py
[2026-09-10T20:51:27.249+0000] {logging_mixin.py:190} INFO - [2026-09-10T20:51:27.249+0000] {dag.py:3239} INFO - Sync 1 DAGs
[2026-09-10T20:51:27.265+0000] {logging_mixin.py:190} INFO - [2026-09-10T20:51:27.265+0000] {dag.py:4180} INFO - Setting next_dagrun for 05_sensor to None, run_after=None
[2026-09-10T20:51:27.288+0000] {processor.py:208} INFO - Processing /opt/airflow/dags/05_sensor.py took 0.092 seconds
[2026-09-10T20:51:57.344+0000] {processor.py:186} INFO - Started process (PID=4794) to work on /opt/airflow/dags/05_sensor.py
[2026-09-10T20:51:57.346+0000] {processor.py:914} INFO - Processing file /opt/airflow/dags/05_sensor.py for tasks to queue
[2026-09-10T20:51:57.348+0000] {logging_mixin.py:190} INFO - [2026-09-10T20:51:57.348+0000] {dagbag.py:588} INFO - Filling up the DagBag from /opt/airflow/dags/05_sensor.py
[2026-09-10T20:51:57.358+0000] {processor.py:925} INFO - DAG(s) '05_sensor' retrieved from /opt/airflow/dags/05_sensor.py
[2026-09-10T20:51:57.387+0000] {logging_mixin.py:190} INFO - [2026-09-10T20:51:57.387+0000] {dag.py:3239} INFO - Sync 1 DAGs
[2026-09-10T20:51:57.402+0000] {logging_mixin.py:190} INFO - [2026-09-10T20:51:57.402+0000] {dag.py:4180} INFO - Setting next_dagrun for 05_sensor to None, run_after=None
[2026-09-10T20:51:57.420+0000] {processor.py:208} INFO - Processing /opt/airflow/dags/05_sensor.py took 0.083 seconds
[2026-09-10T20:52:27.509+0000] {processor.py:186} INFO - Started process (PID=4862) to work on /opt/airflow/dags/05_sensor.py
[2026-09-10T20:52:27.510+0000] {processor.py:914} INFO - Processing file /opt/airflow/dags/05_sensor.py for tasks to queue
[2026-09-10T20:52:27.512+0000] {logging_mixin.py:190} INFO - [2026-09-10T20:52:27.512+0000] {dagbag.py:588} INFO - Filling up the DagBag from /opt/airflow/dags/05_sensor.py
[2026-09-10T20:52:27.520+0000] {processor.py:925} INFO - DAG(s) '05_sensor' retrieved from /opt/airflow/dags/05_sensor.py
[2026-09-10T20:52:27.547+0000] {logging_mixin.py:190} INFO - [2026-09-10T20:52:27.547+0000] {dag.py:3239} INFO - Sync 1 DAGs
[2026-09-10T20:52:27.562+0000] {logging_mixin.py:190} INFO - [2026-09-10T20:52:27.562+0000] {dag.py:4180} INFO - Setting next_dagrun for 05_sensor to None, run_after=None
[2026-09-10T20:52:27.579+0000] {processor.py:208} INFO - Processing /opt/airflow/dags/05_sensor.py took 0.076 seconds
[2026-09-10T20:52:57.742+0000] {processor.py:186} INFO - Started process (PID=4932) to work on /opt/airflow/dags/05_sensor.py
[2026-09-10T20:52:57.743+0000] {processor.py:914} INFO - Processing file /opt/airflow/dags/05_sensor.py for tasks to queue
[2026-09-10T20:52:57.746+0000] {logging_mixin.py:190} INFO - [2026-09-10T20:52:57.746+0000] {dagbag.py:588} INFO - Filling up the DagBag from /opt/airflow/dags/05_sensor.py
[2026-09-10T20:52:57.757+0000] {processor.py:925} INFO - DAG(s) '05_sensor' retrieved from /opt/airflow/dags/05_sensor.py
[2026-09-10T20:52:57.788+0000] {logging_mixin.py:190} INFO - [2026-09-10T20:52:57.788+0000] {dag.py:3239} INFO - Sync 1 DAGs
[2026-09-10T20:52:57.804+0000] {logging_mixin.py:190} INFO - [2026-09-10T20:52:57.804+0000] {dag.py:4180} INFO - Setting next_dagrun for 05_sensor to None, run_after=None
[2026-09-10T20:52:57.824+0000] {processor.py:208} INFO - Processing /opt/airflow/dags/05_sensor.py took 0.091 seconds
[2026-09-10T20:53:27.905+0000] {processor.py:186} INFO - Started process (PID=5004) to work on /opt/airflow/dags/05_sensor.py
[2026-09-10T20:53:27.906+0000] {processor.py:914} INFO - Processing file /opt/airflow/dags/05_sensor.py for tasks to queue
[2026-09-10T20:53:27.909+0000] {logging_mixin.py:190} INFO - [2026-09-10T20:53:27.909+0000] {dagbag.py:588} INFO - Filling up the DagBag from /opt/airflow/dags/05_sensor.py
[2026-09-10T20:53:27.919+0000] {processor.py:925} INFO - DAG(s) '05_sensor' retrieved from /opt/airflow/dags/05_sensor.py
[2026-09-10T20:53:27.951+0000] {logging_mixin.py:190} INFO - [2026-09-10T20:53:27.951+0000] {dag.py:3239} INFO - Sync 1 DAGs
[2026-09-10T20:53:27.967+0000] {logging_mixin.py:190} INFO - [2026-09-10T20:53:27.967+0000] {dag.py:4180} INFO - Setting next_dagrun for 05_sensor to None, run_after=None
[2026-09-10T20:53:27.987+0000] {processor.py:208} INFO - Processing /opt/airflow/dags/05_sensor.py took 0.090 seconds
[2026-09-10T20:53:58.149+0000] {processor.py:186} INFO - Started process (PID=5072) to work on /opt/airflow/dags/05_sensor.py
[2026-09-10T20:53:58.151+0000] {processor.py:914} INFO - Processing file /opt/airflow/dags/05_sensor.py for tasks to queue
[2026-09-10T20:53:58.154+0000] {logging_mixin.py:190} INFO - [2026-09-10T20:53:58.153+0000] {dagbag.py:588} INFO - Filling up the DagBag from /opt/airflow/dags/05_sensor.py
[2026-09-10T20:53:58.167+0000] {processor.py:925} INFO - DAG(s) '05_sensor' retrieved from /opt/airflow/dags/05_sensor.py
[2026-09-10T20:53:58.198+0000] {logging_mixin.py:190} INFO - [2026-09-10T20:53:58.197+0000] {dag.py:3239} INFO - Sync 1 DAGs
[2026-09-10T20:53:58.214+0000] {logging_mixin.py:190} INFO - [2026-09-10T20:53:58.214+0000] {dag.py:4180} INFO - Setting next_dagrun for 05_sensor to None, run_after=None
[2026-09-10T20:53:58.234+0000] {processor.py:208} INFO - Processing /opt/airflow/dags/05_sensor.py took 0.094 seconds
[2026-09-10T20:54:28.460+0000] {processor.py:186} INFO - Started process (PID=5143) to work on /opt/airflow/dags/05_sensor.py
[2026-09-10T20:54:28.461+0000] {processor.py:914} INFO - Processing file /opt/airflow/dags/05_sensor.py for tasks to queue
[2026-09-10T20:54:28.464+0000] {logging_mixin.py:190} INFO - [2026-09-10T20:54:28.464+0000] {dagbag.py:588} INFO - Filling up the DagBag from /opt/airflow/dags/05_sensor.py
[2026-09-10T20:54:28.475+0000] {processor.py:925} INFO - DAG(s) '05_sensor' retrieved from /opt/airflow/dags/05_sensor.py
[2026-09-10T20:54:28.507+0000] {logging_mixin.py:190} INFO - [2026-09-10T20:54:28.507+0000] {dag.py:3239} INFO - Sync 1 DAGs
[2026-09-10T20:54:28.524+0000] {logging_mixin.py:190} INFO - [2026-09-10T20:54:28.523+0000] {dag.py:4180} INFO - Setting next_dagrun for 05_sensor to None, run_after=None
[2026-09-10T20:54:28.543+0000] {processor.py:208} INFO - Processing /opt/airflow/dags/05_sensor.py took 0.091 seconds
[2026-09-10T20:54:58.615+0000] {processor.py:186} INFO - Started process (PID=5212) to work on /opt/airflow/dags/05_sensor.py
[2026-09-10T20:54:58.617+0000] {processor.py:914} INFO - Processing file /opt/airflow/dags/05_sensor.py for tasks to queue
[2026-09-10T20:54:58.619+0000] {logging_mixin.py:190} INFO - [2026-09-10T20:54:58.619+0000] {dagbag.py:588} INFO - Filling up the DagBag from /opt/airflow/dags/05_sensor.py
[2026-09-10T20:54:58.629+0000] {processor.py:925} INFO - DAG(s) '05_sensor' retrieved from /opt/airflow/dags/05_sensor.py
[2026-09-10T20:54:58.661+0000] {logging_mixin.py:190} INFO - [2026-09-10T20:54:58.661+0000] {dag.py:3239} INFO - Sync 1 DAGs
[2026-09-10T20:54:58.678+0000] {logging_mixin.py:190} INFO - [2026-09-10T20:54:58.677+0000] {dag.py:4180} INFO - Setting next_dagrun for 05_sensor to None, run_after=None
[2026-09-10T20:54:58.696+0000] {processor.py:208} INFO - Processing /opt/airflow/dags/05_sensor.py took 0.089 seconds
[2026-09-10T20:55:28.886+0000] {processor.py:186} INFO - Started process (PID=5284) to work on /opt/airflow/dags/05_sensor.py
[2026-09-10T20:55:28.887+0000] {processor.py:914} INFO - Processing file /opt/airflow/dags/05_sensor.py for tasks to queue
[2026-09-10T20:55:28.890+0000] {logging_mixin.py:190} INFO - [2026-09-10T20:55:28.889+0000] {dagbag.py:588} INFO - Filling up the DagBag from /opt/airflow/dags/05_sensor.py
[2026-09-10T20:55:28.900+0000] {processor.py:925} INFO - DAG(s) '05_sensor' retrieved from /opt/airflow/dags/05_sensor.py
[2026-09-10T20:55:28.931+0000] {logging_mixin.py:190} INFO - [2026-09-10T20:55:28.931+0000] {dag.py:3239} INFO - Sync 1 DAGs
[2026-09-10T20:55:28.954+0000] {logging_mixin.py:190} INFO - [2026-09-10T20:55:28.954+0000] {dag.py:4180} INFO - Setting next_dagrun for 05_sensor to None, run_after=None
[2026-09-10T20:55:28.978+0000] {processor.py:208} INFO - Processing /opt/airflow/dags/05_sensor.py took 0.100 seconds
[2026-09-10T20:55:59.164+0000] {processor.py:186} INFO - Started process (PID=5354) to work on /opt/airflow/dags/05_sensor.py
[2026-09-10T20:55:59.166+0000] {processor.py:914} INFO - Processing file /opt/airflow/dags/05_sensor.py for tasks to queue
[2026-09-10T20:55:59.168+0000] {logging_mixin.py:190} INFO - [2026-09-10T20:55:59.168+0000] {dagbag.py:588} INFO - Filling up the DagBag from /opt/airflow/dags/05_sensor.py
[2026-09-10T20:55:59.178+0000] {processor.py:925} INFO - DAG(s) '05_sensor' retrieved from /opt/airflow/dags/05_sensor.py
[2026-09-10T20:55:59.207+0000] {logging_mixin.py:190} INFO - [2026-09-10T20:55:59.207+0000] {dag.py:3239} INFO - Sync 1 DAGs
[2026-09-10T20:55:59.223+0000] {logging_mixin.py:190} INFO - [2026-09-10T20:55:59.222+0000] {dag.py:4180} INFO - Setting next_dagrun for 05_sensor to None, run_after=None
[2026-09-10T20:55:59.241+0000] {processor.py:208} INFO - Processing /opt/airflow/dags/05_sensor.py took 0.084 seconds
[2026-09-10T20:56:29.367+0000] {processor.py:186} INFO - Started process (PID=5424) to work on /opt/airflow/dags/05_sensor.py
[2026-09-10T20:56:29.368+0000] {processor.py:914} INFO - Processing file /opt/airflow/dags/05_sensor.py for tasks to queue
[2026-09-10T20:56:29.370+0000] {logging_mixin.py:190} INFO - [2026-09-10T20:56:29.370+0000] {dagbag.py:588} INFO - Filling up the DagBag from /opt/airflow/dags/05_sensor.py
[2026-09-10T20:56:29.380+0000] {processor.py:925} INFO - DAG(s) '05_sensor' retrieved from /opt/airflow/dags/05_sensor.py
[2026-09-10T20:56:29.408+0000] {logging_mixin.py:190} INFO - [2026-09-10T20:56:29.408+0000] {dag.py:3239} INFO - Sync 1 DAGs
[2026-09-10T20:56:29.423+0000] {logging_mixin.py:190} INFO - [2026-09-10T20:56:29.423+0000] {dag.py:4180} INFO - Setting next_dagrun for 05_sensor to None, run_after=None
[2026-09-10T20:56:29.441+0000] {processor.py:208} INFO - Processing /opt/airflow/dags/05_sensor.py took 0.082 seconds
[2026-09-10T20:56:59.594+0000] {processor.py:186} INFO - Started process (PID=5492) to work on /opt/airflow/dags/05_sensor.py
[2026-09-10T20:56:59.595+0000] {processor.py:914} INFO - Processing file /opt/airflow/dags/05_sensor.py for tasks to queue
[2026-09-10T20:56:59.597+0000] {logging_mixin.py:190} INFO - [2026-09-10T20:56:59.597+0000] {dagbag.py:588} INFO - Filling up the DagBag from /opt/airflow/dags/05_sensor.py
[2026-09-10T20:56:59.606+0000] {processor.py:925} INFO - DAG(s) '05_sensor' retrieved from /opt/airflow/dags/05_sensor.py
[2026-09-10T20:56:59.635+0000] {logging_mixin.py:190} INFO - [2026-09-10T20:56:59.635+0000] {dag.py:3239} INFO - Sync 1 DAGs
[2026-09-10T20:56:59.650+0000] {logging_mixin.py:190} INFO - [2026-09-10T20:56:59.650+0000] {dag.py:4180} INFO - Setting next_dagrun for 05_sensor to None, run_after=None
[2026-09-10T20:56:59.669+0000] {processor.py:208} INFO - Processing /opt/airflow/dags/05_sensor.py took 0.082 seconds
[2026-09-10T20:57:29.795+0000] {processor.py:186} INFO - Started process (PID=5562) to work on /opt/airflow/dags/05_sensor.py
[2026-09-10T20:57:29.796+0000] {processor.py:914} INFO - Processing file /opt/airflow/dags/05_sensor.py for tasks to queue
[2026-09-10T20:57:29.799+0000] {logging_mixin.py:190} INFO - [2026-09-10T20:57:29.798+0000] {dagbag.py:588} INFO - Filling up the DagBag from /opt/airflow/dags/05_sensor.py
[2026-09-10T20:57:29.809+0000] {processor.py:925} INFO - DAG(s) '05_sensor' retrieved from /opt/airflow/dags/05_sensor.py
[2026-09-10T20:57:29.838+0000] {logging_mixin.py:190} INFO - [2026-09-10T20:57:29.838+0000] {dag.py:3239} INFO - Sync 1 DAGs
[2026-09-10T20:57:29.854+0000] {logging_mixin.py:190} INFO - [2026-09-10T20:57:29.853+0000] {dag.py:4180} INFO - Setting next_dagrun for 05_sensor to None, run_after=None
[2026-09-10T20:57:29.873+0000] {processor.py:208} INFO - Processing /opt/airflow/dags/05_sensor.py took 0.087 seconds
[2026-09-10T20:58:00.101+0000] {processor.py:186} INFO - Started process (PID=5634) to work on /opt/airflow/dags/05_sensor.py
[2026-09-10T20:58:00.103+0000] {processor.py:914} INFO - Processing file /opt/airflow/dags/05_sensor.py for tasks to queue
[2026-09-10T20:58:00.106+0000] {logging_mixin.py:190} INFO - [2026-09-10T20:58:00.105+0000] {dagbag.py:588} INFO - Filling up the DagBag from /opt/airflow/dags/05_sensor.py
[2026-09-10T20:58:00.115+0000] {processor.py:925} INFO - DAG(s) '05_sensor' retrieved from /opt/airflow/dags/05_sensor.py
[2026-09-10T20:58:00.151+0000] {logging_mixin.py:190} INFO - [2026-09-10T20:58:00.150+0000] {dag.py:3239} INFO - Sync 1 DAGs
[2026-09-10T20:58:00.165+0000] {logging_mixin.py:190} INFO - [2026-09-10T20:58:00.165+0000] {dag.py:4180} INFO - Setting next_dagrun for 05_sensor to None, run_after=None
[2026-09-10T20:58:00.186+0000] {processor.py:208} INFO - Processing /opt/airflow/dags/05_sensor.py took 0.092 seconds
[2026-09-10T20:58:30.644+0000] {processor.py:186} INFO - Started process (PID=5704) to work on /opt/airflow/dags/05_sensor.py
[2026-09-10T20:58:30.645+0000] {processor.py:914} INFO - Processing file /opt/airflow/dags/05_sensor.py for tasks to queue
[2026-09-10T20:58:30.648+0000] {logging_mixin.py:190} INFO - [2026-09-10T20:58:30.647+0000] {dagbag.py:588} INFO - Filling up the DagBag from /opt/airflow/dags/05_sensor.py
[2026-09-10T20:58:30.660+0000] {processor.py:925} INFO - DAG(s) '05_sensor' retrieved from /opt/airflow/dags/05_sensor.py
[2026-09-10T20:58:30.701+0000] {logging_mixin.py:190} INFO - [2026-09-10T20:58:30.699+0000] {dag.py:3239} INFO - Sync 1 DAGs
[2026-09-10T20:58:30.723+0000] {logging_mixin.py:190} INFO - [2026-09-10T20:58:30.723+0000] {dag.py:4180} INFO - Setting next_dagrun for 05_sensor to None, run_after=None
[2026-09-10T20:58:30.743+0000] {processor.py:208} INFO - Processing /opt/airflow/dags/05_sensor.py took 0.106 seconds
[2026-09-10T20:59:01.084+0000] {processor.py:186} INFO - Started process (PID=5772) to work on /opt/airflow/dags/05_sensor.py
[2026-09-10T20:59:01.088+0000] {processor.py:914} INFO - Processing file /opt/airflow/dags/05_sensor.py for tasks to queue
[2026-09-10T20:59:01.090+0000] {logging_mixin.py:190} INFO - [2026-09-10T20:59:01.090+0000] {dagbag.py:588} INFO - Filling up the DagBag from /opt/airflow/dags/05_sensor.py
[2026-09-10T20:59:01.098+0000] {processor.py:925} INFO - DAG(s) '05_sensor' retrieved from /opt/airflow/dags/05_sensor.py
[2026-09-10T20:59:01.138+0000] {logging_mixin.py:190} INFO - [2026-09-10T20:59:01.138+0000] {dag.py:3239} INFO - Sync 1 DAGs
[2026-09-10T20:59:01.160+0000] {logging_mixin.py:190} INFO - [2026-09-10T20:59:01.159+0000] {dag.py:4180} INFO - Setting next_dagrun for 05_sensor to None, run_after=None
[2026-09-10T20:59:01.185+0000] {processor.py:208} INFO - Processing /opt/airflow/dags/05_sensor.py took 0.110 seconds
[2026-09-10T20:59:31.406+0000] {processor.py:186} INFO - Started process (PID=5843) to work on /opt/airflow/dags/05_sensor.py
[2026-09-10T20:59:31.406+0000] {processor.py:914} INFO - Processing file /opt/airflow/dags/05_sensor.py for tasks to queue
[2026-09-10T20:59:31.409+0000] {logging_mixin.py:190} INFO - [2026-09-10T20:59:31.409+0000] {dagbag.py:588} INFO - Filling up the DagBag from /opt/airflow/dags/05_sensor.py
[2026-09-10T20:59:31.420+0000] {processor.py:925} INFO - DAG(s) '05_sensor' retrieved from /opt/airflow/dags/05_sensor.py
[2026-09-10T20:59:31.449+0000] {logging_mixin.py:190} INFO - [2026-09-10T20:59:31.449+0000] {dag.py:3239} INFO - Sync 1 DAGs
[2026-09-10T20:59:31.465+0000] {logging_mixin.py:190} INFO - [2026-09-10T20:59:31.465+0000] {dag.py:4180} INFO - Setting next_dagrun for 05_sensor to None, run_after=None
[2026-09-10T20:59:31.486+0000] {processor.py:208} INFO - Processing /opt/airflow/dags/05_sensor.py took 0.089 seconds
[2026-09-10T21:00:01.675+0000] {processor.py:186} INFO - Started process (PID=5914) to work on /opt/airflow/dags/05_sensor.py
[2026-09-10T21:00:01.677+0000] {processor.py:914} INFO - Processing file /opt/airflow/dags/05_sensor.py for tasks to queue
[2026-09-10T21:00:01.681+0000] {logging_mixin.py:190} INFO - [2026-09-10T21:00:01.680+0000] {dagbag.py:588} INFO - Filling up the DagBag from /opt/airflow/dags/05_sensor.py
[2026-09-10T21:00:01.696+0000] {processor.py:925} INFO - DAG(s) '05_sensor' retrieved from /opt/airflow/dags/05_sensor.py
[2026-09-10T21:00:01.733+0000] {logging_mixin.py:190} INFO - [2026-09-10T21:00:01.732+0000] {dag.py:3239} INFO - Sync 1 DAGs
[2026-09-10T21:00:01.751+0000] {logging_mixin.py:190} INFO - [2026-09-10T21:00:01.751+0000] {dag.py:4180} INFO - Setting next_dagrun for 05_sensor to None, run_after=None
[2026-09-10T21:00:01.772+0000] {processor.py:208} INFO - Processing /opt/airflow/dags/05_sensor.py took 0.107 seconds
[2026-09-10T21:00:31.828+0000] {processor.py:186} INFO - Started process (PID=5984) to work on /opt/airflow/dags/05_sensor.py
[2026-09-10T21:00:31.829+0000] {processor.py:914} INFO - Processing file /opt/airflow/dags/05_sensor.py for tasks to queue
[2026-09-10T21:00:31.831+0000] {logging_mixin.py:190} INFO - [2026-09-10T21:00:31.831+0000] {dagbag.py:588} INFO - Filling up the DagBag from /opt/airflow/dags/05_sensor.py
[2026-09-10T21:00:31.843+0000] {processor.py:925} INFO - DAG(s) '05_sensor' retrieved from /opt/airflow/dags/05_sensor.py
[2026-09-10T21:00:31.876+0000] {logging_mixin.py:190} INFO - [2026-09-10T21:00:31.876+0000] {dag.py:3239} INFO - Sync 1 DAGs
[2026-09-10T21:00:31.893+0000] {logging_mixin.py:190} INFO - [2026-09-10T21:00:31.893+0000] {dag.py:4180} INFO - Setting next_dagrun for 05_sensor to None, run_after=None
[2026-09-10T21:00:31.911+0000] {processor.py:208} INFO - Processing /opt/airflow/dags/05_sensor.py took 0.091 seconds
[2026-09-10T21:01:02.106+0000] {processor.py:186} INFO - Started process (PID=6054) to work on /opt/airflow/dags/05_sensor.py
[2026-09-10T21:01:02.107+0000] {processor.py:914} INFO - Processing file /opt/airflow/dags/05_sensor.py for tasks to queue
[2026-09-10T21:01:02.110+0000] {logging_mixin.py:190} INFO - [2026-09-10T21:01:02.109+0000] {dagbag.py:588} INFO - Filling up the DagBag from /opt/airflow/dags/05_sensor.py
[2026-09-10T21:01:02.122+0000] {processor.py:925} INFO - DAG(s) '05_sensor' retrieved from /opt/airflow/dags/05_sensor.py
[2026-09-10T21:01:02.154+0000] {logging_mixin.py:190} INFO - [2026-09-10T21:01:02.154+0000] {dag.py:3239} INFO - Sync 1 DAGs
[2026-09-10T21:01:02.171+0000] {logging_mixin.py:190} INFO - [2026-09-10T21:01:02.170+0000] {dag.py:4180} INFO - Setting next_dagrun for 05_sensor to None, run_after=None
[2026-09-10T21:01:02.191+0000] {processor.py:208} INFO - Processing /opt/airflow/dags/05_sensor.py took 0.093 seconds
[2026-09-10T21:01:33.079+0000] {processor.py:186} INFO - Started process (PID=6122) to work on /opt/airflow/dags/05_sensor.py
[2026-09-10T21:01:33.080+0000] {processor.py:914} INFO - Processing file /opt/airflow/dags/05_sensor.py for tasks to queue
[2026-09-10T21:01:33.083+0000] {logging_mixin.py:190} INFO - [2026-09-10T21:01:33.082+0000] {dagbag.py:588} INFO - Filling up the DagBag from /opt/airflow/dags/05_sensor.py
[2026-09-10T21:01:33.093+0000] {processor.py:925} INFO - DAG(s) '05_sensor' retrieved from /opt/airflow/dags/05_sensor.py
[2026-09-10T21:01:33.124+0000] {logging_mixin.py:190} INFO - [2026-09-10T21:01:33.124+0000] {dag.py:3239} INFO - Sync 1 DAGs
[2026-09-10T21:01:33.142+0000] {logging_mixin.py:190} INFO - [2026-09-10T21:01:33.142+0000] {dag.py:4180} INFO - Setting next_dagrun for 05_sensor to None, run_after=None
[2026-09-10T21:01:33.161+0000] {processor.py:208} INFO - Processing /opt/airflow/dags/05_sensor.py took 0.091 seconds
[2026-09-10T21:02:04.214+0000] {processor.py:186} INFO - Started process (PID=6192) to work on /opt/airflow/dags/05_sensor.py
[2026-09-10T21:02:04.216+0000] {processor.py:914} INFO - Processing file /opt/airflow/dags/05_sensor.py for tasks to queue
[2026-09-10T21:02:04.218+0000] {logging_mixin.py:190} INFO - [2026-09-10T21:02:04.218+0000] {dagbag.py:588} INFO - Filling up the DagBag from /opt/airflow/dags/05_sensor.py
[2026-09-10T21:02:04.228+0000] {processor.py:925} INFO - DAG(s) '05_sensor' retrieved from /opt/airflow/dags/05_sensor.py
[2026-09-10T21:02:04.261+0000] {logging_mixin.py:190} INFO - [2026-09-10T21:02:04.260+0000] {dag.py:3239} INFO - Sync 1 DAGs
[2026-09-10T21:02:04.277+0000] {logging_mixin.py:190} INFO - [2026-09-10T21:02:04.277+0000] {dag.py:4180} INFO - Setting next_dagrun for 05_sensor to None, run_after=None
[2026-09-10T21:02:04.297+0000] {processor.py:208} INFO - Processing /opt/airflow/dags/05_sensor.py took 0.093 seconds
[2026-09-10T21:02:34.538+0000] {processor.py:186} INFO - Started process (PID=6262) to work on /opt/airflow/dags/05_sensor.py
[2026-09-10T21:02:34.539+0000] {processor.py:914} INFO - Processing file /opt/airflow/dags/05_sensor.py for tasks to queue
[2026-09-10T21:02:34.542+0000] {logging_mixin.py:190} INFO - [2026-09-10T21:02:34.541+0000] {dagbag.py:588} INFO - Filling up the DagBag from /opt/airflow/dags/05_sensor.py
[2026-09-10T21:02:34.555+0000] {processor.py:925} INFO - DAG(s) '05_sensor' retrieved from /opt/airflow/dags/05_sensor.py
[2026-09-10T21:02:34.596+0000] {logging_mixin.py:190} INFO - [2026-09-10T21:02:34.596+0000] {dag.py:3239} INFO - Sync 1 DAGs
[2026-09-10T21:02:34.616+0000] {logging_mixin.py:190} INFO - [2026-09-10T21:02:34.616+0000] {dag.py:4180} INFO - Setting next_dagrun for 05_sensor to None, run_after=None
[2026-09-10T21:02:34.644+0000] {processor.py:208} INFO - Processing /opt/airflow/dags/05_sensor.py took 0.117 seconds
[2026-09-10T21:03:04.887+0000] {processor.py:186} INFO - Started process (PID=6334) to work on /opt/airflow/dags/05_sensor.py
[2026-09-10T21:03:04.889+0000] {processor.py:914} INFO - Processing file /opt/airflow/dags/05_sensor.py for tasks to queue
[2026-09-10T21:03:04.892+0000] {logging_mixin.py:190} INFO - [2026-09-10T21:03:04.891+0000] {dagbag.py:588} INFO - Filling up the DagBag from /opt/airflow/dags/05_sensor.py
[2026-09-10T21:03:04.903+0000] {processor.py:925} INFO - DAG(s) '05_sensor' retrieved from /opt/airflow/dags/05_sensor.py
[2026-09-10T21:03:04.935+0000] {logging_mixin.py:190} INFO - [2026-09-10T21:03:04.935+0000] {dag.py:3239} INFO - Sync 1 DAGs
[2026-09-10T21:03:04.951+0000] {logging_mixin.py:190} INFO - [2026-09-10T21:03:04.951+0000] {dag.py:4180} INFO - Setting next_dagrun for 05_sensor to None, run_after=None
[2026-09-10T21:03:04.970+0000] {processor.py:208} INFO - Processing /opt/airflow/dags/05_sensor.py took 0.091 seconds
[2026-09-10T21:03:35.062+0000] {processor.py:186} INFO - Started process (PID=6403) to work on /opt/airflow/dags/05_sensor.py
[2026-09-10T21:03:35.064+0000] {processor.py:914} INFO - Processing file /opt/airflow/dags/05_sensor.py for tasks to queue
[2026-09-10T21:03:35.067+0000] {logging_mixin.py:190} INFO - [2026-09-10T21:03:35.067+0000] {dagbag.py:588} INFO - Filling up the DagBag from /opt/airflow/dags/05_sensor.py
[2026-09-10T21:03:35.078+0000] {processor.py:925} INFO - DAG(s) '05_sensor' retrieved from /opt/airflow/dags/05_sensor.py
[2026-09-10T21:03:35.108+0000] {logging_mixin.py:190} INFO - [2026-09-10T21:03:35.108+0000] {dag.py:3239} INFO - Sync 1 DAGs
[2026-09-10T21:03:35.124+0000] {logging_mixin.py:190} INFO - [2026-09-10T21:03:35.123+0000] {dag.py:4180} INFO - Setting next_dagrun for 05_sensor to None, run_after=None
[2026-09-10T21:03:35.142+0000] {processor.py:208} INFO - Processing /opt/airflow/dags/05_sensor.py took 0.088 seconds
[2026-09-10T21:04:05.349+0000] {processor.py:186} INFO - Started process (PID=6474) to work on /opt/airflow/dags/05_sensor.py
[2026-09-10T21:04:05.350+0000] {processor.py:914} INFO - Processing file /opt/airflow/dags/05_sensor.py for tasks to queue
[2026-09-10T21:04:05.353+0000] {logging_mixin.py:190} INFO - [2026-09-10T21:04:05.353+0000] {dagbag.py:588} INFO - Filling up the DagBag from /opt/airflow/dags/05_sensor.py
[2026-09-10T21:04:05.364+0000] {processor.py:925} INFO - DAG(s) '05_sensor' retrieved from /opt/airflow/dags/05_sensor.py
[2026-09-10T21:04:05.397+0000] {logging_mixin.py:190} INFO - [2026-09-10T21:04:05.396+0000] {dag.py:3239} INFO - Sync 1 DAGs
[2026-09-10T21:04:05.413+0000] {logging_mixin.py:190} INFO - [2026-09-10T21:04:05.413+0000] {dag.py:4180} INFO - Setting next_dagrun for 05_sensor to None, run_after=None
[2026-09-10T21:04:05.433+0000] {processor.py:208} INFO - Processing /opt/airflow/dags/05_sensor.py took 0.092 seconds
[2026-09-10T21:04:35.471+0000] {processor.py:186} INFO - Started process (PID=6543) to work on /opt/airflow/dags/05_sensor.py
[2026-09-10T21:04:35.472+0000] {processor.py:914} INFO - Processing file /opt/airflow/dags/05_sensor.py for tasks to queue
[2026-09-10T21:04:35.476+0000] {logging_mixin.py:190} INFO - [2026-09-10T21:04:35.475+0000] {dagbag.py:588} INFO - Filling up the DagBag from /opt/airflow/dags/05_sensor.py
[2026-09-10T21:04:35.487+0000] {processor.py:925} INFO - DAG(s) '05_sensor' retrieved from /opt/airflow/dags/05_sensor.py
[2026-09-10T21:04:35.518+0000] {logging_mixin.py:190} INFO - [2026-09-10T21:04:35.518+0000] {dag.py:3239} INFO - Sync 1 DAGs
[2026-09-10T21:04:35.535+0000] {logging_mixin.py:190} INFO - [2026-09-10T21:04:35.535+0000] {dag.py:4180} INFO - Setting next_dagrun for 05_sensor to None, run_after=None
[2026-09-10T21:04:35.554+0000] {processor.py:208} INFO - Processing /opt/airflow/dags/05_sensor.py took 0.092 seconds
[2026-09-10T21:05:05.678+0000] {processor.py:186} INFO - Started process (PID=6614) to work on /opt/airflow/dags/05_sensor.py
[2026-09-10T21:05:05.679+0000] {processor.py:914} INFO - Processing file /opt/airflow/dags/05_sensor.py for tasks to queue
[2026-09-10T21:05:05.682+0000] {logging_mixin.py:190} INFO - [2026-09-10T21:05:05.681+0000] {dagbag.py:588} INFO - Filling up the DagBag from /opt/airflow/dags/05_sensor.py
[2026-09-10T21:05:05.695+0000] {processor.py:925} INFO - DAG(s) '05_sensor' retrieved from /opt/airflow/dags/05_sensor.py
[2026-09-10T21:05:05.727+0000] {logging_mixin.py:190} INFO - [2026-09-10T21:05:05.727+0000] {dag.py:3239} INFO - Sync 1 DAGs
[2026-09-10T21:05:05.742+0000] {logging_mixin.py:190} INFO - [2026-09-10T21:05:05.742+0000] {dag.py:4180} INFO - Setting next_dagrun for 05_sensor to None, run_after=None
[2026-09-10T21:05:05.760+0000] {processor.py:208} INFO - Processing /opt/airflow/dags/05_sensor.py took 0.091 seconds
[2026-09-10T21:05:35.857+0000] {processor.py:186} INFO - Started process (PID=6682) to work on /opt/airflow/dags/05_sensor.py
[2026-09-10T21:05:35.858+0000] {processor.py:914} INFO - Processing file /opt/airflow/dags/05_sensor.py for tasks to queue
[2026-09-10T21:05:35.861+0000] {logging_mixin.py:190} INFO - [2026-09-10T21:05:35.861+0000] {dagbag.py:588} INFO - Filling up the DagBag from /opt/airflow/dags/05_sensor.py
[2026-09-10T21:05:35.873+0000] {processor.py:925} INFO - DAG(s) '05_sensor' retrieved from /opt/airflow/dags/05_sensor.py
[2026-09-10T21:05:35.903+0000] {logging_mixin.py:190} INFO - [2026-09-10T21:05:35.903+0000] {dag.py:3239} INFO - Sync 1 DAGs
[2026-09-10T21:05:35.919+0000] {logging_mixin.py:190} INFO - [2026-09-10T21:05:35.919+0000] {dag.py:4180} INFO - Setting next_dagrun for 05_sensor to None, run_after=None
[2026-09-10T21:05:35.938+0000] {processor.py:208} INFO - Processing /opt/airflow/dags/05_sensor.py took 0.090 seconds
[2026-09-10T21:06:06.069+0000] {processor.py:186} INFO - Started process (PID=6752) to work on /opt/airflow/dags/05_sensor.py
[2026-09-10T21:06:06.070+0000] {processor.py:914} INFO - Processing file /opt/airflow/dags/05_sensor.py for tasks to queue
[2026-09-10T21:06:06.073+0000] {logging_mixin.py:190} INFO - [2026-09-10T21:06:06.072+0000] {dagbag.py:588} INFO - Filling up the DagBag from /opt/airflow/dags/05_sensor.py
[2026-09-10T21:06:06.083+0000] {processor.py:925} INFO - DAG(s) '05_sensor' retrieved from /opt/airflow/dags/05_sensor.py
[2026-09-10T21:06:06.115+0000] {logging_mixin.py:190} INFO - [2026-09-10T21:06:06.114+0000] {dag.py:3239} INFO - Sync 1 DAGs
[2026-09-10T21:06:06.131+0000] {logging_mixin.py:190} INFO - [2026-09-10T21:06:06.131+0000] {dag.py:4180} INFO - Setting next_dagrun for 05_sensor to None, run_after=None
[2026-09-10T21:06:06.151+0000] {processor.py:208} INFO - Processing /opt/airflow/dags/05_sensor.py took 0.090 seconds
[2026-09-10T21:06:36.365+0000] {processor.py:186} INFO - Started process (PID=6824) to work on /opt/airflow/dags/05_sensor.py
[2026-09-10T21:06:36.367+0000] {processor.py:914} INFO - Processing file /opt/airflow/dags/05_sensor.py for tasks to queue
[2026-09-10T21:06:36.370+0000] {logging_mixin.py:190} INFO - [2026-09-10T21:06:36.369+0000] {dagbag.py:588} INFO - Filling up the DagBag from /opt/airflow/dags/05_sensor.py
[2026-09-10T21:06:36.380+0000] {processor.py:925} INFO - DAG(s) '05_sensor' retrieved from /opt/airflow/dags/05_sensor.py
[2026-09-10T21:06:36.411+0000] {logging_mixin.py:190} INFO - [2026-09-10T21:06:36.411+0000] {dag.py:3239} INFO - Sync 1 DAGs
[2026-09-10T21:06:36.427+0000] {logging_mixin.py:190} INFO - [2026-09-10T21:06:36.426+0000] {dag.py:4180} INFO - Setting next_dagrun for 05_sensor to None, run_after=None
[2026-09-10T21:06:36.445+0000] {processor.py:208} INFO - Processing /opt/airflow/dags/05_sensor.py took 0.087 seconds
[2026-09-10T21:07:06.646+0000] {processor.py:186} INFO - Started process (PID=6894) to work on /opt/airflow/dags/05_sensor.py
[2026-09-10T21:07:06.647+0000] {processor.py:914} INFO - Processing file /opt/airflow/dags/05_sensor.py for tasks to queue
[2026-09-10T21:07:06.649+0000] {logging_mixin.py:190} INFO - [2026-09-10T21:07:06.649+0000] {dagbag.py:588} INFO - Filling up the DagBag from /opt/airflow/dags/05_sensor.py
[2026-09-10T21:07:06.658+0000] {processor.py:925} INFO - DAG(s) '05_sensor' retrieved from /opt/airflow/dags/05_sensor.py
[2026-09-10T21:07:06.691+0000] {logging_mixin.py:190} INFO - [2026-09-10T21:07:06.691+0000] {dag.py:3239} INFO - Sync 1 DAGs
[2026-09-10T21:07:06.709+0000] {logging_mixin.py:190} INFO - [2026-09-10T21:07:06.708+0000] {dag.py:4180} INFO - Setting next_dagrun for 05_sensor to None, run_after=None
[2026-09-10T21:07:06.727+0000] {processor.py:208} INFO - Processing /opt/airflow/dags/05_sensor.py took 0.088 seconds
[2026-09-10T21:07:36.833+0000] {processor.py:186} INFO - Started process (PID=6962) to work on /opt/airflow/dags/05_sensor.py
[2026-09-10T21:07:36.835+0000] {processor.py:914} INFO - Processing file /opt/airflow/dags/05_sensor.py for tasks to queue
[2026-09-10T21:07:36.839+0000] {logging_mixin.py:190} INFO - [2026-09-10T21:07:36.838+0000] {dagbag.py:588} INFO - Filling up the DagBag from /opt/airflow/dags/05_sensor.py
[2026-09-10T21:07:36.850+0000] {processor.py:925} INFO - DAG(s) '05_sensor' retrieved from /opt/airflow/dags/05_sensor.py
[2026-09-10T21:07:36.892+0000] {logging_mixin.py:190} INFO - [2026-09-10T21:07:36.892+0000] {dag.py:3239} INFO - Sync 1 DAGs
[2026-09-10T21:07:36.920+0000] {logging_mixin.py:190} INFO - [2026-09-10T21:07:36.919+0000] {dag.py:4180} INFO - Setting next_dagrun for 05_sensor to None, run_after=None
[2026-09-10T21:07:36.944+0000] {processor.py:208} INFO - Processing /opt/airflow/dags/05_sensor.py took 0.120 seconds
[2026-09-10T21:08:06.998+0000] {processor.py:186} INFO - Started process (PID=7034) to work on /opt/airflow/dags/05_sensor.py
[2026-09-10T21:08:06.999+0000] {processor.py:914} INFO - Processing file /opt/airflow/dags/05_sensor.py for tasks to queue
[2026-09-10T21:08:07.003+0000] {logging_mixin.py:190} INFO - [2026-09-10T21:08:07.003+0000] {dagbag.py:588} INFO - Filling up the DagBag from /opt/airflow/dags/05_sensor.py
[2026-09-10T21:08:07.015+0000] {processor.py:925} INFO - DAG(s) '05_sensor' retrieved from /opt/airflow/dags/05_sensor.py
[2026-09-10T21:08:07.045+0000] {logging_mixin.py:190} INFO - [2026-09-10T21:08:07.045+0000] {dag.py:3239} INFO - Sync 1 DAGs
[2026-09-10T21:08:07.065+0000] {logging_mixin.py:190} INFO - [2026-09-10T21:08:07.065+0000] {dag.py:4180} INFO - Setting next_dagrun for 05_sensor to None, run_after=None
[2026-09-10T21:08:07.084+0000] {processor.py:208} INFO - Processing /opt/airflow/dags/05_sensor.py took 0.094 seconds
[2026-09-10T21:08:37.315+0000] {processor.py:186} INFO - Started process (PID=7103) to work on /opt/airflow/dags/05_sensor.py
[2026-09-10T21:08:37.317+0000] {processor.py:914} INFO - Processing file /opt/airflow/dags/05_sensor.py for tasks to queue
[2026-09-10T21:08:37.320+0000] {logging_mixin.py:190} INFO - [2026-09-10T21:08:37.320+0000] {dagbag.py:588} INFO - Filling up the DagBag from /opt/airflow/dags/05_sensor.py
[2026-09-10T21:08:37.331+0000] {processor.py:925} INFO - DAG(s) '05_sensor' retrieved from /opt/airflow/dags/05_sensor.py
[2026-09-10T21:08:37.361+0000] {logging_mixin.py:190} INFO - [2026-09-10T21:08:37.361+0000] {dag.py:3239} INFO - Sync 1 DAGs
[2026-09-10T21:08:37.377+0000] {logging_mixin.py:190} INFO - [2026-09-10T21:08:37.377+0000] {dag.py:4180} INFO - Setting next_dagrun for 05_sensor to None, run_after=None
[2026-09-10T21:08:37.395+0000] {processor.py:208} INFO - Processing /opt/airflow/dags/05_sensor.py took 0.088 seconds
[2026-09-10T21:09:08.420+0000] {processor.py:186} INFO - Started process (PID=7172) to work on /opt/airflow/dags/05_sensor.py
[2026-09-10T21:09:08.422+0000] {processor.py:914} INFO - Processing file /opt/airflow/dags/05_sensor.py for tasks to queue
[2026-09-10T21:09:08.425+0000] {logging_mixin.py:190} INFO - [2026-09-10T21:09:08.424+0000] {dagbag.py:588} INFO - Filling up the DagBag from /opt/airflow/dags/05_sensor.py
[2026-09-10T21:09:08.438+0000] {processor.py:925} INFO - DAG(s) '05_sensor' retrieved from /opt/airflow/dags/05_sensor.py
[2026-09-10T21:09:08.485+0000] {logging_mixin.py:190} INFO - [2026-09-10T21:09:08.485+0000] {dag.py:3239} INFO - Sync 1 DAGs
[2026-09-10T21:09:08.504+0000] {logging_mixin.py:190} INFO - [2026-09-10T21:09:08.504+0000] {dag.py:4180} INFO - Setting next_dagrun for 05_sensor to None, run_after=None
[2026-09-10T21:09:08.529+0000] {processor.py:208} INFO - Processing /opt/airflow/dags/05_sensor.py took 0.119 seconds
[2026-09-10T21:09:38.669+0000] {processor.py:186} INFO - Started process (PID=7244) to work on /opt/airflow/dags/05_sensor.py
[2026-09-10T21:09:38.670+0000] {processor.py:914} INFO - Processing file /opt/airflow/dags/05_sensor.py for tasks to queue
[2026-09-10T21:09:38.673+0000] {logging_mixin.py:190} INFO - [2026-09-10T21:09:38.673+0000] {dagbag.py:588} INFO - Filling up the DagBag from /opt/airflow/dags/05_sensor.py
[2026-09-10T21:09:38.683+0000] {processor.py:925} INFO - DAG(s) '05_sensor' retrieved from /opt/airflow/dags/05_sensor.py
[2026-09-10T21:09:38.714+0000] {logging_mixin.py:190} INFO - [2026-09-10T21:09:38.714+0000] {dag.py:3239} INFO - Sync 1 DAGs
[2026-09-10T21:09:38.731+0000] {logging_mixin.py:190} INFO - [2026-09-10T21:09:38.731+0000] {dag.py:4180} INFO - Setting next_dagrun for 05_sensor to None, run_after=None
[2026-09-10T21:09:38.753+0000] {processor.py:208} INFO - Processing /opt/airflow/dags/05_sensor.py took 0.092 seconds
[2026-09-10T21:10:08.957+0000] {processor.py:186} INFO - Started process (PID=7312) to work on /opt/airflow/dags/05_sensor.py
[2026-09-10T21:10:08.958+0000] {processor.py:914} INFO - Processing file /opt/airflow/dags/05_sensor.py for tasks to queue
[2026-09-10T21:10:08.963+0000] {logging_mixin.py:190} INFO - [2026-09-10T21:10:08.962+0000] {dagbag.py:588} INFO - Filling up the DagBag from /opt/airflow/dags/05_sensor.py
[2026-09-10T21:10:08.978+0000] {processor.py:925} INFO - DAG(s) '05_sensor' retrieved from /opt/airflow/dags/05_sensor.py
[2026-09-10T21:10:09.022+0000] {logging_mixin.py:190} INFO - [2026-09-10T21:10:09.022+0000] {dag.py:3239} INFO - Sync 1 DAGs
[2026-09-10T21:10:09.042+0000] {logging_mixin.py:190} INFO - [2026-09-10T21:10:09.042+0000] {dag.py:4180} INFO - Setting next_dagrun for 05_sensor to None, run_after=None
[2026-09-10T21:10:09.070+0000] {processor.py:208} INFO - Processing /opt/airflow/dags/05_sensor.py took 0.124 seconds
[2026-09-10T21:10:39.117+0000] {processor.py:186} INFO - Started process (PID=7382) to work on /opt/airflow/dags/05_sensor.py
[2026-09-10T21:10:39.119+0000] {processor.py:914} INFO - Processing file /opt/airflow/dags/05_sensor.py for tasks to queue
[2026-09-10T21:10:39.122+0000] {logging_mixin.py:190} INFO - [2026-09-10T21:10:39.121+0000] {dagbag.py:588} INFO - Filling up the DagBag from /opt/airflow/dags/05_sensor.py
[2026-09-10T21:10:39.134+0000] {processor.py:925} INFO - DAG(s) '05_sensor' retrieved from /opt/airflow/dags/05_sensor.py
[2026-09-10T21:10:39.173+0000] {logging_mixin.py:190} INFO - [2026-09-10T21:10:39.172+0000] {dag.py:3239} INFO - Sync 1 DAGs
[2026-09-10T21:10:39.192+0000] {logging_mixin.py:190} INFO - [2026-09-10T21:10:39.192+0000] {dag.py:4180} INFO - Setting next_dagrun for 05_sensor to None, run_after=None
[2026-09-10T21:10:39.213+0000] {processor.py:208} INFO - Processing /opt/airflow/dags/05_sensor.py took 0.106 seconds
[2026-09-10T21:11:09.314+0000] {processor.py:186} INFO - Started process (PID=7452) to work on /opt/airflow/dags/05_sensor.py
[2026-09-10T21:11:09.315+0000] {processor.py:914} INFO - Processing file /opt/airflow/dags/05_sensor.py for tasks to queue
[2026-09-10T21:11:09.317+0000] {logging_mixin.py:190} INFO - [2026-09-10T21:11:09.317+0000] {dagbag.py:588} INFO - Filling up the DagBag from /opt/airflow/dags/05_sensor.py
[2026-09-10T21:11:09.326+0000] {processor.py:925} INFO - DAG(s) '05_sensor' retrieved from /opt/airflow/dags/05_sensor.py
[2026-09-10T21:11:09.358+0000] {logging_mixin.py:190} INFO - [2026-09-10T21:11:09.358+0000] {dag.py:3239} INFO - Sync 1 DAGs
[2026-09-10T21:11:09.376+0000] {logging_mixin.py:190} INFO - [2026-09-10T21:11:09.375+0000] {dag.py:4180} INFO - Setting next_dagrun for 05_sensor to None, run_after=None
[2026-09-10T21:11:09.396+0000] {processor.py:208} INFO - Processing /opt/airflow/dags/05_sensor.py took 0.088 seconds
[2026-09-10T21:11:39.556+0000] {processor.py:186} INFO - Started process (PID=7522) to work on /opt/airflow/dags/05_sensor.py
[2026-09-10T21:11:39.557+0000] {processor.py:914} INFO - Processing file /opt/airflow/dags/05_sensor.py for tasks to queue
[2026-09-10T21:11:39.560+0000] {logging_mixin.py:190} INFO - [2026-09-10T21:11:39.560+0000] {dagbag.py:588} INFO - Filling up the DagBag from /opt/airflow/dags/05_sensor.py
[2026-09-10T21:11:39.571+0000] {processor.py:925} INFO - DAG(s) '05_sensor' retrieved from /opt/airflow/dags/05_sensor.py
[2026-09-10T21:11:39.602+0000] {logging_mixin.py:190} INFO - [2026-09-10T21:11:39.602+0000] {dag.py:3239} INFO - Sync 1 DAGs
[2026-09-10T21:11:39.619+0000] {logging_mixin.py:190} INFO - [2026-09-10T21:11:39.618+0000] {dag.py:4180} INFO - Setting next_dagrun for 05_sensor to None, run_after=None
[2026-09-10T21:11:39.636+0000] {processor.py:208} INFO - Processing /opt/airflow/dags/05_sensor.py took 0.089 seconds
[2026-09-10T21:12:10.558+0000] {processor.py:186} INFO - Started process (PID=7592) to work on /opt/airflow/dags/05_sensor.py
[2026-09-10T21:12:10.559+0000] {processor.py:914} INFO - Processing file /opt/airflow/dags/05_sensor.py for tasks to queue
[2026-09-10T21:12:10.562+0000] {logging_mixin.py:190} INFO - [2026-09-10T21:12:10.562+0000] {dagbag.py:588} INFO - Filling up the DagBag from /opt/airflow/dags/05_sensor.py
[2026-09-10T21:12:10.573+0000] {processor.py:925} INFO - DAG(s) '05_sensor' retrieved from /opt/airflow/dags/05_sensor.py
[2026-09-10T21:12:10.605+0000] {logging_mixin.py:190} INFO - [2026-09-10T21:12:10.604+0000] {dag.py:3239} INFO - Sync 1 DAGs
[2026-09-10T21:12:10.621+0000] {logging_mixin.py:190} INFO - [2026-09-10T21:12:10.621+0000] {dag.py:4180} INFO - Setting next_dagrun for 05_sensor to None, run_after=None
[2026-09-10T21:12:10.639+0000] {processor.py:208} INFO - Processing /opt/airflow/dags/05_sensor.py took 0.089 seconds
[2026-09-10T21:12:40.723+0000] {processor.py:186} INFO - Started process (PID=7662) to work on /opt/airflow/dags/05_sensor.py
[2026-09-10T21:12:40.724+0000] {processor.py:914} INFO - Processing file /opt/airflow/dags/05_sensor.py for tasks to queue
[2026-09-10T21:12:40.727+0000] {logging_mixin.py:190} INFO - [2026-09-10T21:12:40.726+0000] {dagbag.py:588} INFO - Filling up the DagBag from /opt/airflow/dags/05_sensor.py
[2026-09-10T21:12:40.738+0000] {processor.py:925} INFO - DAG(s) '05_sensor' retrieved from /opt/airflow/dags/05_sensor.py
[2026-09-10T21:12:40.768+0000] {logging_mixin.py:190} INFO - [2026-09-10T21:12:40.768+0000] {dag.py:3239} INFO - Sync 1 DAGs
[2026-09-10T21:12:40.783+0000] {logging_mixin.py:190} INFO - [2026-09-10T21:12:40.783+0000] {dag.py:4180} INFO - Setting next_dagrun for 05_sensor to None, run_after=None
[2026-09-10T21:12:42.826+0000] {processor.py:208} INFO - Processing /opt/airflow/dags/05_sensor.py took 2.110 seconds
[2026-09-10T21:13:12.982+0000] {processor.py:186} INFO - Started process (PID=7734) to work on /opt/airflow/dags/05_sensor.py
[2026-09-10T21:13:12.984+0000] {processor.py:914} INFO - Processing file /opt/airflow/dags/05_sensor.py for tasks to queue
[2026-09-10T21:13:12.987+0000] {logging_mixin.py:190} INFO - [2026-09-10T21:13:12.987+0000] {dagbag.py:588} INFO - Filling up the DagBag from /opt/airflow/dags/05_sensor.py
[2026-09-10T21:13:12.998+0000] {processor.py:925} INFO - DAG(s) '05_sensor' retrieved from /opt/airflow/dags/05_sensor.py
[2026-09-10T21:13:13.039+0000] {logging_mixin.py:190} INFO - [2026-09-10T21:13:13.039+0000] {dag.py:3239} INFO - Sync 1 DAGs
[2026-09-10T21:13:13.056+0000] {logging_mixin.py:190} INFO - [2026-09-10T21:13:13.056+0000] {dag.py:4180} INFO - Setting next_dagrun for 05_sensor to None, run_after=None
[2026-09-10T21:13:13.076+0000] {processor.py:208} INFO - Processing /opt/airflow/dags/05_sensor.py took 0.103 seconds
[2026-09-10T21:13:43.848+0000] {processor.py:186} INFO - Started process (PID=7804) to work on /opt/airflow/dags/05_sensor.py
[2026-09-10T21:13:43.850+0000] {processor.py:914} INFO - Processing file /opt/airflow/dags/05_sensor.py for tasks to queue
[2026-09-10T21:13:43.853+0000] {logging_mixin.py:190} INFO - [2026-09-10T21:13:43.853+0000] {dagbag.py:588} INFO - Filling up the DagBag from /opt/airflow/dags/05_sensor.py
[2026-09-10T21:13:43.863+0000] {processor.py:925} INFO - DAG(s) '05_sensor' retrieved from /opt/airflow/dags/05_sensor.py
[2026-09-10T21:13:43.897+0000] {logging_mixin.py:190} INFO - [2026-09-10T21:13:43.897+0000] {dag.py:3239} INFO - Sync 1 DAGs
[2026-09-10T21:13:43.923+0000] {logging_mixin.py:190} INFO - [2026-09-10T21:13:43.922+0000] {dag.py:4180} INFO - Setting next_dagrun for 05_sensor to None, run_after=None
[2026-09-10T21:13:43.944+0000] {processor.py:208} INFO - Processing /opt/airflow/dags/05_sensor.py took 0.105 seconds
[2026-09-10T21:14:14.333+0000] {processor.py:186} INFO - Started process (PID=7874) to work on /opt/airflow/dags/05_sensor.py
[2026-09-10T21:14:14.334+0000] {processor.py:914} INFO - Processing file /opt/airflow/dags/05_sensor.py for tasks to queue
[2026-09-10T21:14:14.339+0000] {logging_mixin.py:190} INFO - [2026-09-10T21:14:14.338+0000] {dagbag.py:588} INFO - Filling up the DagBag from /opt/airflow/dags/05_sensor.py
[2026-09-10T21:14:14.357+0000] {processor.py:925} INFO - DAG(s) '05_sensor' retrieved from /opt/airflow/dags/05_sensor.py
[2026-09-10T21:14:14.408+0000] {logging_mixin.py:190} INFO - [2026-09-10T21:14:14.407+0000] {dag.py:3239} INFO - Sync 1 DAGs
[2026-09-10T21:14:14.698+0000] {logging_mixin.py:190} INFO - [2026-09-10T21:14:14.698+0000] {dag.py:4180} INFO - Setting next_dagrun for 05_sensor to None, run_after=None
[2026-09-10T21:14:14.729+0000] {processor.py:208} INFO - Processing /opt/airflow/dags/05_sensor.py took 0.414 seconds
[2026-09-10T21:14:45.490+0000] {processor.py:186} INFO - Started process (PID=7944) to work on /opt/airflow/dags/05_sensor.py
[2026-09-10T21:14:45.492+0000] {processor.py:914} INFO - Processing file /opt/airflow/dags/05_sensor.py for tasks to queue
[2026-09-10T21:14:45.496+0000] {logging_mixin.py:190} INFO - [2026-09-10T21:14:45.495+0000] {dagbag.py:588} INFO - Filling up the DagBag from /opt/airflow/dags/05_sensor.py
[2026-09-10T21:14:45.506+0000] {processor.py:925} INFO - DAG(s) '05_sensor' retrieved from /opt/airflow/dags/05_sensor.py
[2026-09-10T21:14:45.537+0000] {logging_mixin.py:190} INFO - [2026-09-10T21:14:45.537+0000] {dag.py:3239} INFO - Sync 1 DAGs
[2026-09-10T21:14:45.553+0000] {logging_mixin.py:190} INFO - [2026-09-10T21:14:45.552+0000] {dag.py:4180} INFO - Setting next_dagrun for 05_sensor to None, run_after=None
[2026-09-10T21:14:45.572+0000] {processor.py:208} INFO - Processing /opt/airflow/dags/05_sensor.py took 0.094 seconds
[2026-09-10T21:15:15.913+0000] {processor.py:186} INFO - Started process (PID=8014) to work on /opt/airflow/dags/05_sensor.py
[2026-09-10T21:15:15.914+0000] {processor.py:914} INFO - Processing file /opt/airflow/dags/05_sensor.py for tasks to queue
[2026-09-10T21:15:15.919+0000] {logging_mixin.py:190} INFO - [2026-09-10T21:15:15.918+0000] {dagbag.py:588} INFO - Filling up the DagBag from /opt/airflow/dags/05_sensor.py
[2026-09-10T21:15:15.934+0000] {processor.py:925} INFO - DAG(s) '05_sensor' retrieved from /opt/airflow/dags/05_sensor.py
[2026-09-10T21:15:16.193+0000] {logging_mixin.py:190} INFO - [2026-09-10T21:15:16.193+0000] {dag.py:3239} INFO - Sync 1 DAGs
[2026-09-10T21:15:16.212+0000] {logging_mixin.py:190} INFO - [2026-09-10T21:15:16.212+0000] {dag.py:4180} INFO - Setting next_dagrun for 05_sensor to None, run_after=None
[2026-09-10T21:15:16.234+0000] {processor.py:208} INFO - Processing /opt/airflow/dags/05_sensor.py took 0.334 seconds
[2026-09-10T21:15:46.474+0000] {processor.py:186} INFO - Started process (PID=8084) to work on /opt/airflow/dags/05_sensor.py
[2026-09-10T21:15:46.477+0000] {processor.py:914} INFO - Processing file /opt/airflow/dags/05_sensor.py for tasks to queue
[2026-09-10T21:15:46.480+0000] {logging_mixin.py:190} INFO - [2026-09-10T21:15:46.479+0000] {dagbag.py:588} INFO - Filling up the DagBag from /opt/airflow/dags/05_sensor.py
[2026-09-10T21:15:46.491+0000] {processor.py:925} INFO - DAG(s) '05_sensor' retrieved from /opt/airflow/dags/05_sensor.py
[2026-09-10T21:15:46.531+0000] {logging_mixin.py:190} INFO - [2026-09-10T21:15:46.531+0000] {dag.py:3239} INFO - Sync 1 DAGs
[2026-09-10T21:15:46.552+0000] {logging_mixin.py:190} INFO - [2026-09-10T21:15:46.552+0000] {dag.py:4180} INFO - Setting next_dagrun for 05_sensor to None, run_after=None
[2026-09-10T21:15:46.579+0000] {processor.py:208} INFO - Processing /opt/airflow/dags/05_sensor.py took 0.117 seconds
[2026-09-10T21:16:16.678+0000] {processor.py:186} INFO - Started process (PID=8154) to work on /opt/airflow/dags/05_sensor.py
[2026-09-10T21:16:16.679+0000] {processor.py:914} INFO - Processing file /opt/airflow/dags/05_sensor.py for tasks to queue
[2026-09-10T21:16:16.682+0000] {logging_mixin.py:190} INFO - [2026-09-10T21:16:16.681+0000] {dagbag.py:588} INFO - Filling up the DagBag from /opt/airflow/dags/05_sensor.py
[2026-09-10T21:16:16.691+0000] {processor.py:925} INFO - DAG(s) '05_sensor' retrieved from /opt/airflow/dags/05_sensor.py
[2026-09-10T21:16:16.724+0000] {logging_mixin.py:190} INFO - [2026-09-10T21:16:16.724+0000] {dag.py:3239} INFO - Sync 1 DAGs
[2026-09-10T21:16:16.741+0000] {logging_mixin.py:190} INFO - [2026-09-10T21:16:16.740+0000] {dag.py:4180} INFO - Setting next_dagrun for 05_sensor to None, run_after=None
[2026-09-10T21:16:16.760+0000] {processor.py:208} INFO - Processing /opt/airflow/dags/05_sensor.py took 0.091 seconds
[2026-09-10T21:16:46.808+0000] {processor.py:186} INFO - Started process (PID=8224) to work on /opt/airflow/dags/05_sensor.py
[2026-09-10T21:16:46.810+0000] {processor.py:914} INFO - Processing file /opt/airflow/dags/05_sensor.py for tasks to queue
[2026-09-10T21:16:46.813+0000] {logging_mixin.py:190} INFO - [2026-09-10T21:16:46.813+0000] {dagbag.py:588} INFO - Filling up the DagBag from /opt/airflow/dags/05_sensor.py
[2026-09-10T21:16:46.822+0000] {processor.py:925} INFO - DAG(s) '05_sensor' retrieved from /opt/airflow/dags/05_sensor.py
[2026-09-10T21:16:46.855+0000] {logging_mixin.py:190} INFO - [2026-09-10T21:16:46.855+0000] {dag.py:3239} INFO - Sync 1 DAGs
[2026-09-10T21:16:46.870+0000] {logging_mixin.py:190} INFO - [2026-09-10T21:16:46.869+0000] {dag.py:4180} INFO - Setting next_dagrun for 05_sensor to None, run_after=None
[2026-09-10T21:16:46.889+0000] {processor.py:208} INFO - Processing /opt/airflow/dags/05_sensor.py took 0.089 seconds
[2026-09-10T21:17:16.991+0000] {processor.py:186} INFO - Started process (PID=8294) to work on /opt/airflow/dags/05_sensor.py
[2026-09-10T21:17:16.992+0000] {processor.py:914} INFO - Processing file /opt/airflow/dags/05_sensor.py for tasks to queue
[2026-09-10T21:17:16.994+0000] {logging_mixin.py:190} INFO - [2026-09-10T21:17:16.994+0000] {dagbag.py:588} INFO - Filling up the DagBag from /opt/airflow/dags/05_sensor.py
[2026-09-10T21:17:17.004+0000] {processor.py:925} INFO - DAG(s) '05_sensor' retrieved from /opt/airflow/dags/05_sensor.py
[2026-09-10T21:17:17.036+0000] {logging_mixin.py:190} INFO - [2026-09-10T21:17:17.036+0000] {dag.py:3239} INFO - Sync 1 DAGs
[2026-09-10T21:17:17.053+0000] {logging_mixin.py:190} INFO - [2026-09-10T21:17:17.052+0000] {dag.py:4180} INFO - Setting next_dagrun for 05_sensor to None, run_after=None
[2026-09-10T21:17:17.071+0000] {processor.py:208} INFO - Processing /opt/airflow/dags/05_sensor.py took 0.088 seconds
[2026-09-10T21:17:47.174+0000] {processor.py:186} INFO - Started process (PID=8364) to work on /opt/airflow/dags/05_sensor.py
[2026-09-10T21:17:47.177+0000] {processor.py:914} INFO - Processing file /opt/airflow/dags/05_sensor.py for tasks to queue
[2026-09-10T21:17:47.179+0000] {logging_mixin.py:190} INFO - [2026-09-10T21:17:47.179+0000] {dagbag.py:588} INFO - Filling up the DagBag from /opt/airflow/dags/05_sensor.py
[2026-09-10T21:17:47.189+0000] {processor.py:925} INFO - DAG(s) '05_sensor' retrieved from /opt/airflow/dags/05_sensor.py
[2026-09-10T21:17:47.220+0000] {logging_mixin.py:190} INFO - [2026-09-10T21:17:47.219+0000] {dag.py:3239} INFO - Sync 1 DAGs
[2026-09-10T21:17:47.234+0000] {logging_mixin.py:190} INFO - [2026-09-10T21:17:47.234+0000] {dag.py:4180} INFO - Setting next_dagrun for 05_sensor to None, run_after=None
[2026-09-10T21:17:47.254+0000] {processor.py:208} INFO - Processing /opt/airflow/dags/05_sensor.py took 0.089 seconds
[2026-09-10T21:18:17.366+0000] {processor.py:186} INFO - Started process (PID=8434) to work on /opt/airflow/dags/05_sensor.py
[2026-09-10T21:18:17.367+0000] {processor.py:914} INFO - Processing file /opt/airflow/dags/05_sensor.py for tasks to queue
[2026-09-10T21:18:17.371+0000] {logging_mixin.py:190} INFO - [2026-09-10T21:18:17.370+0000] {dagbag.py:588} INFO - Filling up the DagBag from /opt/airflow/dags/05_sensor.py
[2026-09-10T21:18:17.380+0000] {processor.py:925} INFO - DAG(s) '05_sensor' retrieved from /opt/airflow/dags/05_sensor.py
[2026-09-10T21:18:17.409+0000] {logging_mixin.py:190} INFO - [2026-09-10T21:18:17.409+0000] {dag.py:3239} INFO - Sync 1 DAGs
[2026-09-10T21:18:17.425+0000] {logging_mixin.py:190} INFO - [2026-09-10T21:18:17.425+0000] {dag.py:4180} INFO - Setting next_dagrun for 05_sensor to None, run_after=None
[2026-09-10T21:18:17.444+0000] {processor.py:208} INFO - Processing /opt/airflow/dags/05_sensor.py took 0.084 seconds
[2026-09-10T21:18:47.519+0000] {processor.py:186} INFO - Started process (PID=8504) to work on /opt/airflow/dags/05_sensor.py
[2026-09-10T21:18:47.521+0000] {processor.py:914} INFO - Processing file /opt/airflow/dags/05_sensor.py for tasks to queue
[2026-09-10T21:18:47.524+0000] {logging_mixin.py:190} INFO - [2026-09-10T21:18:47.523+0000] {dagbag.py:588} INFO - Filling up the DagBag from /opt/airflow/dags/05_sensor.py
[2026-09-10T21:18:47.533+0000] {processor.py:925} INFO - DAG(s) '05_sensor' retrieved from /opt/airflow/dags/05_sensor.py
[2026-09-10T21:18:47.563+0000] {logging_mixin.py:190} INFO - [2026-09-10T21:18:47.563+0000] {dag.py:3239} INFO - Sync 1 DAGs
[2026-09-10T21:18:47.578+0000] {logging_mixin.py:190} INFO - [2026-09-10T21:18:47.578+0000] {dag.py:4180} INFO - Setting next_dagrun for 05_sensor to None, run_after=None
[2026-09-10T21:18:47.599+0000] {processor.py:208} INFO - Processing /opt/airflow/dags/05_sensor.py took 0.088 seconds
[2026-09-10T21:19:17.803+0000] {processor.py:186} INFO - Started process (PID=8574) to work on /opt/airflow/dags/05_sensor.py
[2026-09-10T21:19:17.804+0000] {processor.py:914} INFO - Processing file /opt/airflow/dags/05_sensor.py for tasks to queue
[2026-09-10T21:19:17.807+0000] {logging_mixin.py:190} INFO - [2026-09-10T21:19:17.806+0000] {dagbag.py:588} INFO - Filling up the DagBag from /opt/airflow/dags/05_sensor.py
[2026-09-10T21:19:17.817+0000] {processor.py:925} INFO - DAG(s) '05_sensor' retrieved from /opt/airflow/dags/05_sensor.py
[2026-09-10T21:19:17.852+0000] {logging_mixin.py:190} INFO - [2026-09-10T21:19:17.851+0000] {dag.py:3239} INFO - Sync 1 DAGs
[2026-09-10T21:19:17.868+0000] {logging_mixin.py:190} INFO - [2026-09-10T21:19:17.868+0000] {dag.py:4180} INFO - Setting next_dagrun for 05_sensor to None, run_after=None
[2026-09-10T21:19:17.889+0000] {processor.py:208} INFO - Processing /opt/airflow/dags/05_sensor.py took 0.096 seconds
[2026-09-10T21:19:47.986+0000] {processor.py:186} INFO - Started process (PID=8644) to work on /opt/airflow/dags/05_sensor.py
[2026-09-10T21:19:47.988+0000] {processor.py:914} INFO - Processing file /opt/airflow/dags/05_sensor.py for tasks to queue
[2026-09-10T21:19:47.991+0000] {logging_mixin.py:190} INFO - [2026-09-10T21:19:47.990+0000] {dagbag.py:588} INFO - Filling up the DagBag from /opt/airflow/dags/05_sensor.py
[2026-09-10T21:19:48.007+0000] {processor.py:925} INFO - DAG(s) '05_sensor' retrieved from /opt/airflow/dags/05_sensor.py
[2026-09-10T21:19:48.046+0000] {logging_mixin.py:190} INFO - [2026-09-10T21:19:48.045+0000] {dag.py:3239} INFO - Sync 1 DAGs
[2026-09-10T21:19:48.062+0000] {logging_mixin.py:190} INFO - [2026-09-10T21:19:48.062+0000] {dag.py:4180} INFO - Setting next_dagrun for 05_sensor to None, run_after=None
[2026-09-10T21:19:48.089+0000] {processor.py:208} INFO - Processing /opt/airflow/dags/05_sensor.py took 0.115 seconds
[2026-09-10T21:20:18.263+0000] {processor.py:186} INFO - Started process (PID=8714) to work on /opt/airflow/dags/05_sensor.py
[2026-09-10T21:20:18.265+0000] {processor.py:914} INFO - Processing file /opt/airflow/dags/05_sensor.py for tasks to queue
[2026-09-10T21:20:18.272+0000] {logging_mixin.py:190} INFO - [2026-09-10T21:20:18.272+0000] {dagbag.py:588} INFO - Filling up the DagBag from /opt/airflow/dags/05_sensor.py
[2026-09-10T21:20:18.302+0000] {processor.py:925} INFO - DAG(s) '05_sensor' retrieved from /opt/airflow/dags/05_sensor.py
[2026-09-10T21:20:18.350+0000] {logging_mixin.py:190} INFO - [2026-09-10T21:20:18.349+0000] {dag.py:3239} INFO - Sync 1 DAGs
[2026-09-10T21:20:18.372+0000] {logging_mixin.py:190} INFO - [2026-09-10T21:20:18.372+0000] {dag.py:4180} INFO - Setting next_dagrun for 05_sensor to None, run_after=None
[2026-09-10T21:20:18.395+0000] {processor.py:208} INFO - Processing /opt/airflow/dags/05_sensor.py took 0.144 seconds
[2026-09-10T21:20:48.472+0000] {processor.py:186} INFO - Started process (PID=8787) to work on /opt/airflow/dags/05_sensor.py
[2026-09-10T21:20:48.473+0000] {processor.py:914} INFO - Processing file /opt/airflow/dags/05_sensor.py for tasks to queue
[2026-09-10T21:20:48.478+0000] {logging_mixin.py:190} INFO - [2026-09-10T21:20:48.478+0000] {dagbag.py:588} INFO - Filling up the DagBag from /opt/airflow/dags/05_sensor.py
[2026-09-10T21:20:48.490+0000] {processor.py:925} INFO - DAG(s) '05_sensor' retrieved from /opt/airflow/dags/05_sensor.py
[2026-09-10T21:20:48.531+0000] {logging_mixin.py:190} INFO - [2026-09-10T21:20:48.530+0000] {dag.py:3239} INFO - Sync 1 DAGs
[2026-09-10T21:20:48.548+0000] {logging_mixin.py:190} INFO - [2026-09-10T21:20:48.547+0000] {dag.py:4180} INFO - Setting next_dagrun for 05_sensor to None, run_after=None
[2026-09-10T21:20:48.568+0000] {processor.py:208} INFO - Processing /opt/airflow/dags/05_sensor.py took 0.109 seconds
[2026-09-10T21:21:18.612+0000] {processor.py:186} INFO - Started process (PID=8857) to work on /opt/airflow/dags/05_sensor.py
[2026-09-10T21:21:18.613+0000] {processor.py:914} INFO - Processing file /opt/airflow/dags/05_sensor.py for tasks to queue
[2026-09-10T21:21:18.616+0000] {logging_mixin.py:190} INFO - [2026-09-10T21:21:18.615+0000] {dagbag.py:588} INFO - Filling up the DagBag from /opt/airflow/dags/05_sensor.py
[2026-09-10T21:21:18.626+0000] {processor.py:925} INFO - DAG(s) '05_sensor' retrieved from /opt/airflow/dags/05_sensor.py
[2026-09-10T21:21:18.657+0000] {logging_mixin.py:190} INFO - [2026-09-10T21:21:18.656+0000] {dag.py:3239} INFO - Sync 1 DAGs
[2026-09-10T21:21:18.677+0000] {logging_mixin.py:190} INFO - [2026-09-10T21:21:18.677+0000] {dag.py:4180} INFO - Setting next_dagrun for 05_sensor to None, run_after=None
[2026-09-10T21:21:18.696+0000] {processor.py:208} INFO - Processing /opt/airflow/dags/05_sensor.py took 0.093 seconds
[2026-09-10T21:21:48.805+0000] {processor.py:186} INFO - Started process (PID=8924) to work on /opt/airflow/dags/05_sensor.py
[2026-09-10T21:21:48.807+0000] {processor.py:914} INFO - Processing file /opt/airflow/dags/05_sensor.py for tasks to queue
[2026-09-10T21:21:48.810+0000] {logging_mixin.py:190} INFO - [2026-09-10T21:21:48.810+0000] {dagbag.py:588} INFO - Filling up the DagBag from /opt/airflow/dags/05_sensor.py
[2026-09-10T21:21:48.821+0000] {processor.py:925} INFO - DAG(s) '05_sensor' retrieved from /opt/airflow/dags/05_sensor.py
[2026-09-10T21:21:48.855+0000] {logging_mixin.py:190} INFO - [2026-09-10T21:21:48.855+0000] {dag.py:3239} INFO - Sync 1 DAGs
[2026-09-10T21:21:48.874+0000] {logging_mixin.py:190} INFO - [2026-09-10T21:21:48.873+0000] {dag.py:4180} INFO - Setting next_dagrun for 05_sensor to None, run_after=None
[2026-09-10T21:21:48.892+0000] {processor.py:208} INFO - Processing /opt/airflow/dags/05_sensor.py took 0.095 seconds
[2026-09-10T21:22:18.953+0000] {processor.py:186} INFO - Started process (PID=8994) to work on /opt/airflow/dags/05_sensor.py
[2026-09-10T21:22:18.954+0000] {processor.py:914} INFO - Processing file /opt/airflow/dags/05_sensor.py for tasks to queue
[2026-09-10T21:22:18.958+0000] {logging_mixin.py:190} INFO - [2026-09-10T21:22:18.957+0000] {dagbag.py:588} INFO - Filling up the DagBag from /opt/airflow/dags/05_sensor.py
[2026-09-10T21:22:18.969+0000] {processor.py:925} INFO - DAG(s) '05_sensor' retrieved from /opt/airflow/dags/05_sensor.py
[2026-09-10T21:22:19.004+0000] {logging_mixin.py:190} INFO - [2026-09-10T21:22:19.004+0000] {dag.py:3239} INFO - Sync 1 DAGs
[2026-09-10T21:22:19.023+0000] {logging_mixin.py:190} INFO - [2026-09-10T21:22:19.023+0000] {dag.py:4180} INFO - Setting next_dagrun for 05_sensor to None, run_after=None
[2026-09-10T21:22:19.044+0000] {processor.py:208} INFO - Processing /opt/airflow/dags/05_sensor.py took 0.099 seconds
[2026-09-10T21:22:49.233+0000] {processor.py:186} INFO - Started process (PID=9064) to work on /opt/airflow/dags/05_sensor.py
[2026-09-10T21:22:49.235+0000] {processor.py:914} INFO - Processing file /opt/airflow/dags/05_sensor.py for tasks to queue
[2026-09-10T21:22:49.239+0000] {logging_mixin.py:190} INFO - [2026-09-10T21:22:49.238+0000] {dagbag.py:588} INFO - Filling up the DagBag from /opt/airflow/dags/05_sensor.py
[2026-09-10T21:22:49.249+0000] {processor.py:925} INFO - DAG(s) '05_sensor' retrieved from /opt/airflow/dags/05_sensor.py
[2026-09-10T21:22:49.282+0000] {logging_mixin.py:190} INFO - [2026-09-10T21:22:49.282+0000] {dag.py:3239} INFO - Sync 1 DAGs
[2026-09-10T21:22:49.298+0000] {logging_mixin.py:190} INFO - [2026-09-10T21:22:49.298+0000] {dag.py:4180} INFO - Setting next_dagrun for 05_sensor to None, run_after=None
[2026-09-10T21:22:49.319+0000] {processor.py:208} INFO - Processing /opt/airflow/dags/05_sensor.py took 0.094 seconds
[2026-09-10T21:23:19.467+0000] {processor.py:186} INFO - Started process (PID=9134) to work on /opt/airflow/dags/05_sensor.py
[2026-09-10T21:23:19.468+0000] {processor.py:914} INFO - Processing file /opt/airflow/dags/05_sensor.py for tasks to queue
[2026-09-10T21:23:19.471+0000] {logging_mixin.py:190} INFO - [2026-09-10T21:23:19.470+0000] {dagbag.py:588} INFO - Filling up the DagBag from /opt/airflow/dags/05_sensor.py
[2026-09-10T21:23:19.481+0000] {processor.py:925} INFO - DAG(s) '05_sensor' retrieved from /opt/airflow/dags/05_sensor.py
[2026-09-10T21:23:19.511+0000] {logging_mixin.py:190} INFO - [2026-09-10T21:23:19.511+0000] {dag.py:3239} INFO - Sync 1 DAGs
[2026-09-10T21:23:19.528+0000] {logging_mixin.py:190} INFO - [2026-09-10T21:23:19.528+0000] {dag.py:4180} INFO - Setting next_dagrun for 05_sensor to None, run_after=None
[2026-09-10T21:23:19.547+0000] {processor.py:208} INFO - Processing /opt/airflow/dags/05_sensor.py took 0.089 seconds
[2026-09-10T21:23:49.689+0000] {processor.py:186} INFO - Started process (PID=9204) to work on /opt/airflow/dags/05_sensor.py
[2026-09-10T21:23:49.691+0000] {processor.py:914} INFO - Processing file /opt/airflow/dags/05_sensor.py for tasks to queue
[2026-09-10T21:23:49.694+0000] {logging_mixin.py:190} INFO - [2026-09-10T21:23:49.694+0000] {dagbag.py:588} INFO - Filling up the DagBag from /opt/airflow/dags/05_sensor.py
[2026-09-10T21:23:49.705+0000] {processor.py:925} INFO - DAG(s) '05_sensor' retrieved from /opt/airflow/dags/05_sensor.py
[2026-09-10T21:23:49.738+0000] {logging_mixin.py:190} INFO - [2026-09-10T21:23:49.737+0000] {dag.py:3239} INFO - Sync 1 DAGs
[2026-09-10T21:23:49.754+0000] {logging_mixin.py:190} INFO - [2026-09-10T21:23:49.754+0000] {dag.py:4180} INFO - Setting next_dagrun for 05_sensor to None, run_after=None
[2026-09-10T21:23:49.774+0000] {processor.py:208} INFO - Processing /opt/airflow/dags/05_sensor.py took 0.094 seconds
[2026-09-10T21:24:19.869+0000] {processor.py:186} INFO - Started process (PID=9274) to work on /opt/airflow/dags/05_sensor.py
[2026-09-10T21:24:19.870+0000] {processor.py:914} INFO - Processing file /opt/airflow/dags/05_sensor.py for tasks to queue
[2026-09-10T21:24:19.873+0000] {logging_mixin.py:190} INFO - [2026-09-10T21:24:19.872+0000] {dagbag.py:588} INFO - Filling up the DagBag from /opt/airflow/dags/05_sensor.py
[2026-09-10T21:24:19.884+0000] {processor.py:925} INFO - DAG(s) '05_sensor' retrieved from /opt/airflow/dags/05_sensor.py
[2026-09-10T21:24:19.925+0000] {logging_mixin.py:190} INFO - [2026-09-10T21:24:19.924+0000] {dag.py:3239} INFO - Sync 1 DAGs
[2026-09-10T21:24:19.945+0000] {logging_mixin.py:190} INFO - [2026-09-10T21:24:19.945+0000] {dag.py:4180} INFO - Setting next_dagrun for 05_sensor to None, run_after=None
[2026-09-10T21:24:19.968+0000] {processor.py:208} INFO - Processing /opt/airflow/dags/05_sensor.py took 0.108 seconds
[2026-09-10T21:24:50.142+0000] {processor.py:186} INFO - Started process (PID=9344) to work on /opt/airflow/dags/05_sensor.py
[2026-09-10T21:24:50.144+0000] {processor.py:914} INFO - Processing file /opt/airflow/dags/05_sensor.py for tasks to queue
[2026-09-10T21:24:50.148+0000] {logging_mixin.py:190} INFO - [2026-09-10T21:24:50.147+0000] {dagbag.py:588} INFO - Filling up the DagBag from /opt/airflow/dags/05_sensor.py
[2026-09-10T21:24:50.159+0000] {processor.py:925} INFO - DAG(s) '05_sensor' retrieved from /opt/airflow/dags/05_sensor.py
[2026-09-10T21:24:50.192+0000] {logging_mixin.py:190} INFO - [2026-09-10T21:24:50.191+0000] {dag.py:3239} INFO - Sync 1 DAGs
[2026-09-10T21:24:50.209+0000] {logging_mixin.py:190} INFO - [2026-09-10T21:24:50.208+0000] {dag.py:4180} INFO - Setting next_dagrun for 05_sensor to None, run_after=None
[2026-09-10T21:24:50.228+0000] {processor.py:208} INFO - Processing /opt/airflow/dags/05_sensor.py took 0.096 seconds
[2026-09-10T21:25:20.352+0000] {processor.py:186} INFO - Started process (PID=9414) to work on /opt/airflow/dags/05_sensor.py
[2026-09-10T21:25:20.353+0000] {processor.py:914} INFO - Processing file /opt/airflow/dags/05_sensor.py for tasks to queue
[2026-09-10T21:25:20.356+0000] {logging_mixin.py:190} INFO - [2026-09-10T21:25:20.356+0000] {dagbag.py:588} INFO - Filling up the DagBag from /opt/airflow/dags/05_sensor.py
[2026-09-10T21:25:20.367+0000] {processor.py:925} INFO - DAG(s) '05_sensor' retrieved from /opt/airflow/dags/05_sensor.py
[2026-09-10T21:25:20.399+0000] {logging_mixin.py:190} INFO - [2026-09-10T21:25:20.398+0000] {dag.py:3239} INFO - Sync 1 DAGs
[2026-09-10T21:25:20.414+0000] {logging_mixin.py:190} INFO - [2026-09-10T21:25:20.414+0000] {dag.py:4180} INFO - Setting next_dagrun for 05_sensor to None, run_after=None
[2026-09-10T21:25:20.435+0000] {processor.py:208} INFO - Processing /opt/airflow/dags/05_sensor.py took 0.092 seconds
[2026-09-10T21:25:50.531+0000] {processor.py:186} INFO - Started process (PID=9484) to work on /opt/airflow/dags/05_sensor.py
[2026-09-10T21:25:50.533+0000] {processor.py:914} INFO - Processing file /opt/airflow/dags/05_sensor.py for tasks to queue
[2026-09-10T21:25:50.537+0000] {logging_mixin.py:190} INFO - [2026-09-10T21:25:50.536+0000] {dagbag.py:588} INFO - Filling up the DagBag from /opt/airflow/dags/05_sensor.py
[2026-09-10T21:25:50.549+0000] {processor.py:925} INFO - DAG(s) '05_sensor' retrieved from /opt/airflow/dags/05_sensor.py
[2026-09-10T21:25:50.582+0000] {logging_mixin.py:190} INFO - [2026-09-10T21:25:50.582+0000] {dag.py:3239} INFO - Sync 1 DAGs
[2026-09-10T21:25:50.599+0000] {logging_mixin.py:190} INFO - [2026-09-10T21:25:50.599+0000] {dag.py:4180} INFO - Setting next_dagrun for 05_sensor to None, run_after=None
[2026-09-10T21:25:50.620+0000] {processor.py:208} INFO - Processing /opt/airflow/dags/05_sensor.py took 0.097 seconds
[2026-09-10T21:26:20.675+0000] {processor.py:186} INFO - Started process (PID=9554) to work on /opt/airflow/dags/05_sensor.py
[2026-09-10T21:26:20.676+0000] {processor.py:914} INFO - Processing file /opt/airflow/dags/05_sensor.py for tasks to queue
[2026-09-10T21:26:20.680+0000] {logging_mixin.py:190} INFO - [2026-09-10T21:26:20.679+0000] {dagbag.py:588} INFO - Filling up the DagBag from /opt/airflow/dags/05_sensor.py
[2026-09-10T21:26:20.691+0000] {processor.py:925} INFO - DAG(s) '05_sensor' retrieved from /opt/airflow/dags/05_sensor.py
[2026-09-10T21:26:20.723+0000] {logging_mixin.py:190} INFO - [2026-09-10T21:26:20.723+0000] {dag.py:3239} INFO - Sync 1 DAGs
[2026-09-10T21:26:20.740+0000] {logging_mixin.py:190} INFO - [2026-09-10T21:26:20.739+0000] {dag.py:4180} INFO - Setting next_dagrun for 05_sensor to None, run_after=None
[2026-09-10T21:26:20.759+0000] {processor.py:208} INFO - Processing /opt/airflow/dags/05_sensor.py took 0.092 seconds
[2026-09-10T21:26:50.847+0000] {processor.py:186} INFO - Started process (PID=9624) to work on /opt/airflow/dags/05_sensor.py
[2026-09-10T21:26:50.848+0000] {processor.py:914} INFO - Processing file /opt/airflow/dags/05_sensor.py for tasks to queue
[2026-09-10T21:26:50.852+0000] {logging_mixin.py:190} INFO - [2026-09-10T21:26:50.851+0000] {dagbag.py:588} INFO - Filling up the DagBag from /opt/airflow/dags/05_sensor.py
[2026-09-10T21:26:50.863+0000] {processor.py:925} INFO - DAG(s) '05_sensor' retrieved from /opt/airflow/dags/05_sensor.py
[2026-09-10T21:26:50.896+0000] {logging_mixin.py:190} INFO - [2026-09-10T21:26:50.896+0000] {dag.py:3239} INFO - Sync 1 DAGs
[2026-09-10T21:26:50.913+0000] {logging_mixin.py:190} INFO - [2026-09-10T21:26:50.912+0000] {dag.py:4180} INFO - Setting next_dagrun for 05_sensor to None, run_after=None
[2026-09-10T21:26:50.933+0000] {processor.py:208} INFO - Processing /opt/airflow/dags/05_sensor.py took 0.096 seconds
[2026-09-10T21:27:21.232+0000] {processor.py:186} INFO - Started process (PID=9694) to work on /opt/airflow/dags/05_sensor.py
[2026-09-10T21:27:21.233+0000] {processor.py:914} INFO - Processing file /opt/airflow/dags/05_sensor.py for tasks to queue
[2026-09-10T21:27:21.235+0000] {logging_mixin.py:190} INFO - [2026-09-10T21:27:21.235+0000] {dagbag.py:588} INFO - Filling up the DagBag from /opt/airflow/dags/05_sensor.py
[2026-09-10T21:27:21.246+0000] {processor.py:925} INFO - DAG(s) '05_sensor' retrieved from /opt/airflow/dags/05_sensor.py
[2026-09-10T21:27:21.286+0000] {logging_mixin.py:190} INFO - [2026-09-10T21:27:21.286+0000] {dag.py:3239} INFO - Sync 1 DAGs
[2026-09-10T21:27:21.304+0000] {logging_mixin.py:190} INFO - [2026-09-10T21:27:21.303+0000] {dag.py:4180} INFO - Setting next_dagrun for 05_sensor to None, run_after=None
[2026-09-10T21:27:21.333+0000] {processor.py:208} INFO - Processing /opt/airflow/dags/05_sensor.py took 0.109 seconds
[2026-09-10T21:27:51.566+0000] {processor.py:186} INFO - Started process (PID=9764) to work on /opt/airflow/dags/05_sensor.py
[2026-09-10T21:27:51.568+0000] {processor.py:914} INFO - Processing file /opt/airflow/dags/05_sensor.py for tasks to queue
[2026-09-10T21:27:51.571+0000] {logging_mixin.py:190} INFO - [2026-09-10T21:27:51.570+0000] {dagbag.py:588} INFO - Filling up the DagBag from /opt/airflow/dags/05_sensor.py
[2026-09-10T21:27:51.582+0000] {processor.py:925} INFO - DAG(s) '05_sensor' retrieved from /opt/airflow/dags/05_sensor.py
[2026-09-10T21:27:51.618+0000] {logging_mixin.py:190} INFO - [2026-09-10T21:27:51.618+0000] {dag.py:3239} INFO - Sync 1 DAGs
[2026-09-10T21:27:51.638+0000] {logging_mixin.py:190} INFO - [2026-09-10T21:27:51.638+0000] {dag.py:4180} INFO - Setting next_dagrun for 05_sensor to None, run_after=None
[2026-09-10T21:27:51.661+0000] {processor.py:208} INFO - Processing /opt/airflow/dags/05_sensor.py took 0.107 seconds
[2026-09-10T21:28:22.664+0000] {processor.py:186} INFO - Started process (PID=9834) to work on /opt/airflow/dags/05_sensor.py
[2026-09-10T21:28:22.665+0000] {processor.py:914} INFO - Processing file /opt/airflow/dags/05_sensor.py for tasks to queue
[2026-09-10T21:28:22.670+0000] {logging_mixin.py:190} INFO - [2026-09-10T21:28:22.669+0000] {dagbag.py:588} INFO - Filling up the DagBag from /opt/airflow/dags/05_sensor.py
[2026-09-10T21:28:22.681+0000] {processor.py:925} INFO - DAG(s) '05_sensor' retrieved from /opt/airflow/dags/05_sensor.py
[2026-09-10T21:28:22.714+0000] {logging_mixin.py:190} INFO - [2026-09-10T21:28:22.714+0000] {dag.py:3239} INFO - Sync 1 DAGs
[2026-09-10T21:28:22.736+0000] {logging_mixin.py:190} INFO - [2026-09-10T21:28:22.736+0000] {dag.py:4180} INFO - Setting next_dagrun for 05_sensor to None, run_after=None
[2026-09-10T21:28:22.771+0000] {processor.py:208} INFO - Processing /opt/airflow/dags/05_sensor.py took 0.117 seconds
[2026-09-10T21:28:52.859+0000] {processor.py:186} INFO - Started process (PID=9904) to work on /opt/airflow/dags/05_sensor.py
[2026-09-10T21:28:52.861+0000] {processor.py:914} INFO - Processing file /opt/airflow/dags/05_sensor.py for tasks to queue
[2026-09-10T21:28:52.864+0000] {logging_mixin.py:190} INFO - [2026-09-10T21:28:52.864+0000] {dagbag.py:588} INFO - Filling up the DagBag from /opt/airflow/dags/05_sensor.py
[2026-09-10T21:28:52.875+0000] {processor.py:925} INFO - DAG(s) '05_sensor' retrieved from /opt/airflow/dags/05_sensor.py
[2026-09-10T21:28:52.915+0000] {logging_mixin.py:190} INFO - [2026-09-10T21:28:52.915+0000] {dag.py:3239} INFO - Sync 1 DAGs
[2026-09-10T21:28:52.935+0000] {logging_mixin.py:190} INFO - [2026-09-10T21:28:52.935+0000] {dag.py:4180} INFO - Setting next_dagrun for 05_sensor to None, run_after=None
[2026-09-10T21:28:52.958+0000] {processor.py:208} INFO - Processing /opt/airflow/dags/05_sensor.py took 0.108 seconds
[2026-09-10T21:29:23.167+0000] {processor.py:186} INFO - Started process (PID=9974) to work on /opt/airflow/dags/05_sensor.py
[2026-09-10T21:29:23.168+0000] {processor.py:914} INFO - Processing file /opt/airflow/dags/05_sensor.py for tasks to queue
[2026-09-10T21:29:23.172+0000] {logging_mixin.py:190} INFO - [2026-09-10T21:29:23.171+0000] {dagbag.py:588} INFO - Filling up the DagBag from /opt/airflow/dags/05_sensor.py
[2026-09-10T21:29:23.185+0000] {processor.py:925} INFO - DAG(s) '05_sensor' retrieved from /opt/airflow/dags/05_sensor.py
[2026-09-10T21:29:23.223+0000] {logging_mixin.py:190} INFO - [2026-09-10T21:29:23.223+0000] {dag.py:3239} INFO - Sync 1 DAGs
[2026-09-10T21:29:23.241+0000] {logging_mixin.py:190} INFO - [2026-09-10T21:29:23.241+0000] {dag.py:4180} INFO - Setting next_dagrun for 05_sensor to None, run_after=None
[2026-09-10T21:29:23.261+0000] {processor.py:208} INFO - Processing /opt/airflow/dags/05_sensor.py took 0.103 seconds
[2026-09-10T21:29:53.378+0000] {processor.py:186} INFO - Started process (PID=10044) to work on /opt/airflow/dags/05_sensor.py
[2026-09-10T21:29:53.380+0000] {processor.py:914} INFO - Processing file /opt/airflow/dags/05_sensor.py for tasks to queue
[2026-09-10T21:29:53.385+0000] {logging_mixin.py:190} INFO - [2026-09-10T21:29:53.384+0000] {dagbag.py:588} INFO - Filling up the DagBag from /opt/airflow/dags/05_sensor.py
[2026-09-10T21:29:53.394+0000] {processor.py:925} INFO - DAG(s) '05_sensor' retrieved from /opt/airflow/dags/05_sensor.py
[2026-09-10T21:29:53.434+0000] {logging_mixin.py:190} INFO - [2026-09-10T21:29:53.433+0000] {dag.py:3239} INFO - Sync 1 DAGs
[2026-09-10T21:29:53.453+0000] {logging_mixin.py:190} INFO - [2026-09-10T21:29:53.453+0000] {dag.py:4180} INFO - Setting next_dagrun for 05_sensor to None, run_after=None
[2026-09-10T21:29:53.477+0000] {processor.py:208} INFO - Processing /opt/airflow/dags/05_sensor.py took 0.108 seconds
[2026-09-10T21:30:23.719+0000] {processor.py:186} INFO - Started process (PID=10114) to work on /opt/airflow/dags/05_sensor.py
[2026-09-10T21:30:23.720+0000] {processor.py:914} INFO - Processing file /opt/airflow/dags/05_sensor.py for tasks to queue
[2026-09-10T21:30:23.724+0000] {logging_mixin.py:190} INFO - [2026-09-10T21:30:23.723+0000] {dagbag.py:588} INFO - Filling up the DagBag from /opt/airflow/dags/05_sensor.py
[2026-09-10T21:30:23.735+0000] {processor.py:925} INFO - DAG(s) '05_sensor' retrieved from /opt/airflow/dags/05_sensor.py
[2026-09-10T21:30:23.767+0000] {logging_mixin.py:190} INFO - [2026-09-10T21:30:23.767+0000] {dag.py:3239} INFO - Sync 1 DAGs
[2026-09-10T21:30:23.783+0000] {logging_mixin.py:190} INFO - [2026-09-10T21:30:23.783+0000] {dag.py:4180} INFO - Setting next_dagrun for 05_sensor to None, run_after=None
[2026-09-10T21:30:23.803+0000] {processor.py:208} INFO - Processing /opt/airflow/dags/05_sensor.py took 0.093 seconds
[2026-09-10T21:30:53.934+0000] {processor.py:186} INFO - Started process (PID=10184) to work on /opt/airflow/dags/05_sensor.py
[2026-09-10T21:30:53.937+0000] {processor.py:914} INFO - Processing file /opt/airflow/dags/05_sensor.py for tasks to queue
[2026-09-10T21:30:53.941+0000] {logging_mixin.py:190} INFO - [2026-09-10T21:30:53.940+0000] {dagbag.py:588} INFO - Filling up the DagBag from /opt/airflow/dags/05_sensor.py
[2026-09-10T21:30:53.951+0000] {processor.py:925} INFO - DAG(s) '05_sensor' retrieved from /opt/airflow/dags/05_sensor.py
[2026-09-10T21:30:53.984+0000] {logging_mixin.py:190} INFO - [2026-09-10T21:30:53.983+0000] {dag.py:3239} INFO - Sync 1 DAGs
[2026-09-10T21:30:54.001+0000] {logging_mixin.py:190} INFO - [2026-09-10T21:30:54.001+0000] {dag.py:4180} INFO - Setting next_dagrun for 05_sensor to None, run_after=None
[2026-09-10T21:30:54.027+0000] {processor.py:208} INFO - Processing /opt/airflow/dags/05_sensor.py took 0.103 seconds
[2026-09-10T21:31:24.119+0000] {processor.py:186} INFO - Started process (PID=10254) to work on /opt/airflow/dags/05_sensor.py
[2026-09-10T21:31:24.122+0000] {processor.py:914} INFO - Processing file /opt/airflow/dags/05_sensor.py for tasks to queue
[2026-09-10T21:31:24.127+0000] {logging_mixin.py:190} INFO - [2026-09-10T21:31:24.126+0000] {dagbag.py:588} INFO - Filling up the DagBag from /opt/airflow/dags/05_sensor.py
[2026-09-10T21:31:24.139+0000] {processor.py:925} INFO - DAG(s) '05_sensor' retrieved from /opt/airflow/dags/05_sensor.py
[2026-09-10T21:31:24.182+0000] {logging_mixin.py:190} INFO - [2026-09-10T21:31:24.181+0000] {dag.py:3239} INFO - Sync 1 DAGs
[2026-09-10T21:31:24.213+0000] {logging_mixin.py:190} INFO - [2026-09-10T21:31:24.213+0000] {dag.py:4180} INFO - Setting next_dagrun for 05_sensor to None, run_after=None
[2026-09-10T21:31:24.245+0000] {processor.py:208} INFO - Processing /opt/airflow/dags/05_sensor.py took 0.135 seconds
[2026-09-10T21:31:54.321+0000] {processor.py:186} INFO - Started process (PID=10324) to work on /opt/airflow/dags/05_sensor.py
[2026-09-10T21:31:54.322+0000] {processor.py:914} INFO - Processing file /opt/airflow/dags/05_sensor.py for tasks to queue
[2026-09-10T21:31:54.325+0000] {logging_mixin.py:190} INFO - [2026-09-10T21:31:54.325+0000] {dagbag.py:588} INFO - Filling up the DagBag from /opt/airflow/dags/05_sensor.py
[2026-09-10T21:31:54.336+0000] {processor.py:925} INFO - DAG(s) '05_sensor' retrieved from /opt/airflow/dags/05_sensor.py
[2026-09-10T21:31:54.369+0000] {logging_mixin.py:190} INFO - [2026-09-10T21:31:54.369+0000] {dag.py:3239} INFO - Sync 1 DAGs
[2026-09-10T21:31:54.385+0000] {logging_mixin.py:190} INFO - [2026-09-10T21:31:54.385+0000] {dag.py:4180} INFO - Setting next_dagrun for 05_sensor to None, run_after=None
[2026-09-10T21:31:54.405+0000] {processor.py:208} INFO - Processing /opt/airflow/dags/05_sensor.py took 0.093 seconds
[2026-09-10T21:32:24.588+0000] {processor.py:186} INFO - Started process (PID=10394) to work on /opt/airflow/dags/05_sensor.py
[2026-09-10T21:32:24.590+0000] {processor.py:914} INFO - Processing file /opt/airflow/dags/05_sensor.py for tasks to queue
[2026-09-10T21:32:24.593+0000] {logging_mixin.py:190} INFO - [2026-09-10T21:32:24.593+0000] {dagbag.py:588} INFO - Filling up the DagBag from /opt/airflow/dags/05_sensor.py
[2026-09-10T21:32:24.607+0000] {processor.py:925} INFO - DAG(s) '05_sensor' retrieved from /opt/airflow/dags/05_sensor.py
[2026-09-10T21:32:24.638+0000] {logging_mixin.py:190} INFO - [2026-09-10T21:32:24.638+0000] {dag.py:3239} INFO - Sync 1 DAGs
[2026-09-10T21:32:24.654+0000] {logging_mixin.py:190} INFO - [2026-09-10T21:32:24.653+0000] {dag.py:4180} INFO - Setting next_dagrun for 05_sensor to None, run_after=None
[2026-09-10T21:32:24.674+0000] {processor.py:208} INFO - Processing /opt/airflow/dags/05_sensor.py took 0.094 seconds
[2026-09-10T21:32:54.877+0000] {processor.py:186} INFO - Started process (PID=10464) to work on /opt/airflow/dags/05_sensor.py
[2026-09-10T21:32:54.879+0000] {processor.py:914} INFO - Processing file /opt/airflow/dags/05_sensor.py for tasks to queue
[2026-09-10T21:32:54.882+0000] {logging_mixin.py:190} INFO - [2026-09-10T21:32:54.882+0000] {dagbag.py:588} INFO - Filling up the DagBag from /opt/airflow/dags/05_sensor.py
[2026-09-10T21:32:54.892+0000] {processor.py:925} INFO - DAG(s) '05_sensor' retrieved from /opt/airflow/dags/05_sensor.py
[2026-09-10T21:32:54.923+0000] {logging_mixin.py:190} INFO - [2026-09-10T21:32:54.923+0000] {dag.py:3239} INFO - Sync 1 DAGs
[2026-09-10T21:32:54.940+0000] {logging_mixin.py:190} INFO - [2026-09-10T21:32:54.940+0000] {dag.py:4180} INFO - Setting next_dagrun for 05_sensor to None, run_after=None
[2026-09-10T21:32:54.959+0000] {processor.py:208} INFO - Processing /opt/airflow/dags/05_sensor.py took 0.096 seconds
[2026-09-10T21:33:25.016+0000] {processor.py:186} INFO - Started process (PID=10534) to work on /opt/airflow/dags/05_sensor.py
[2026-09-10T21:33:25.018+0000] {processor.py:914} INFO - Processing file /opt/airflow/dags/05_sensor.py for tasks to queue
[2026-09-10T21:33:25.020+0000] {logging_mixin.py:190} INFO - [2026-09-10T21:33:25.020+0000] {dagbag.py:588} INFO - Filling up the DagBag from /opt/airflow/dags/05_sensor.py
[2026-09-10T21:33:25.029+0000] {processor.py:925} INFO - DAG(s) '05_sensor' retrieved from /opt/airflow/dags/05_sensor.py
[2026-09-10T21:33:25.057+0000] {logging_mixin.py:190} INFO - [2026-09-10T21:33:25.056+0000] {dag.py:3239} INFO - Sync 1 DAGs
[2026-09-10T21:33:25.072+0000] {logging_mixin.py:190} INFO - [2026-09-10T21:33:25.072+0000] {dag.py:4180} INFO - Setting next_dagrun for 05_sensor to None, run_after=None
[2026-09-10T21:33:25.095+0000] {processor.py:208} INFO - Processing /opt/airflow/dags/05_sensor.py took 0.088 seconds
[2026-09-10T21:33:55.153+0000] {processor.py:186} INFO - Started process (PID=10604) to work on /opt/airflow/dags/05_sensor.py
[2026-09-10T21:33:55.153+0000] {processor.py:914} INFO - Processing file /opt/airflow/dags/05_sensor.py for tasks to queue
[2026-09-10T21:33:55.156+0000] {logging_mixin.py:190} INFO - [2026-09-10T21:33:55.156+0000] {dagbag.py:588} INFO - Filling up the DagBag from /opt/airflow/dags/05_sensor.py
[2026-09-10T21:33:55.166+0000] {processor.py:925} INFO - DAG(s) '05_sensor' retrieved from /opt/airflow/dags/05_sensor.py
[2026-09-10T21:33:55.195+0000] {logging_mixin.py:190} INFO - [2026-09-10T21:33:55.195+0000] {dag.py:3239} INFO - Sync 1 DAGs
[2026-09-10T21:33:55.209+0000] {logging_mixin.py:190} INFO - [2026-09-10T21:33:55.209+0000] {dag.py:4180} INFO - Setting next_dagrun for 05_sensor to None, run_after=None
[2026-09-10T21:33:55.227+0000] {processor.py:208} INFO - Processing /opt/airflow/dags/05_sensor.py took 0.084 seconds
[2026-09-10T21:34:25.333+0000] {processor.py:186} INFO - Started process (PID=10674) to work on /opt/airflow/dags/05_sensor.py
[2026-09-10T21:34:25.335+0000] {processor.py:914} INFO - Processing file /opt/airflow/dags/05_sensor.py for tasks to queue
[2026-09-10T21:34:25.337+0000] {logging_mixin.py:190} INFO - [2026-09-10T21:34:25.337+0000] {dagbag.py:588} INFO - Filling up the DagBag from /opt/airflow/dags/05_sensor.py
[2026-09-10T21:34:25.346+0000] {processor.py:925} INFO - DAG(s) '05_sensor' retrieved from /opt/airflow/dags/05_sensor.py
[2026-09-10T21:34:25.376+0000] {logging_mixin.py:190} INFO - [2026-09-10T21:34:25.376+0000] {dag.py:3239} INFO - Sync 1 DAGs
[2026-09-10T21:34:25.390+0000] {logging_mixin.py:190} INFO - [2026-09-10T21:34:25.390+0000] {dag.py:4180} INFO - Setting next_dagrun for 05_sensor to None, run_after=None
[2026-09-10T21:34:25.410+0000] {processor.py:208} INFO - Processing /opt/airflow/dags/05_sensor.py took 0.085 seconds
[2026-09-10T21:34:55.502+0000] {processor.py:186} INFO - Started process (PID=10744) to work on /opt/airflow/dags/05_sensor.py
[2026-09-10T21:34:55.503+0000] {processor.py:914} INFO - Processing file /opt/airflow/dags/05_sensor.py for tasks to queue
[2026-09-10T21:34:55.505+0000] {logging_mixin.py:190} INFO - [2026-09-10T21:34:55.505+0000] {dagbag.py:588} INFO - Filling up the DagBag from /opt/airflow/dags/05_sensor.py
[2026-09-10T21:34:55.515+0000] {processor.py:925} INFO - DAG(s) '05_sensor' retrieved from /opt/airflow/dags/05_sensor.py
[2026-09-10T21:34:55.546+0000] {logging_mixin.py:190} INFO - [2026-09-10T21:34:55.546+0000] {dag.py:3239} INFO - Sync 1 DAGs
[2026-09-10T21:34:55.562+0000] {logging_mixin.py:190} INFO - [2026-09-10T21:34:55.562+0000] {dag.py:4180} INFO - Setting next_dagrun for 05_sensor to None, run_after=None
[2026-09-10T21:34:55.582+0000] {processor.py:208} INFO - Processing /opt/airflow/dags/05_sensor.py took 0.088 seconds
[2026-09-10T21:35:26.019+0000] {processor.py:186} INFO - Started process (PID=10814) to work on /opt/airflow/dags/05_sensor.py
[2026-09-10T21:35:26.023+0000] {processor.py:914} INFO - Processing file /opt/airflow/dags/05_sensor.py for tasks to queue
[2026-09-10T21:35:26.027+0000] {logging_mixin.py:190} INFO - [2026-09-10T21:35:26.026+0000] {dagbag.py:588} INFO - Filling up the DagBag from /opt/airflow/dags/05_sensor.py
[2026-09-10T21:35:26.047+0000] {processor.py:925} INFO - DAG(s) '05_sensor' retrieved from /opt/airflow/dags/05_sensor.py
[2026-09-10T21:35:26.097+0000] {logging_mixin.py:190} INFO - [2026-09-10T21:35:26.096+0000] {dag.py:3239} INFO - Sync 1 DAGs
[2026-09-10T21:35:26.131+0000] {logging_mixin.py:190} INFO - [2026-09-10T21:35:26.130+0000] {dag.py:4180} INFO - Setting next_dagrun for 05_sensor to None, run_after=None
[2026-09-10T21:35:26.159+0000] {processor.py:208} INFO - Processing /opt/airflow/dags/05_sensor.py took 0.152 seconds
[2026-09-10T21:35:56.424+0000] {processor.py:186} INFO - Started process (PID=10884) to work on /opt/airflow/dags/05_sensor.py
[2026-09-10T21:35:56.425+0000] {processor.py:914} INFO - Processing file /opt/airflow/dags/05_sensor.py for tasks to queue
[2026-09-10T21:35:56.428+0000] {logging_mixin.py:190} INFO - [2026-09-10T21:35:56.427+0000] {dagbag.py:588} INFO - Filling up the DagBag from /opt/airflow/dags/05_sensor.py
[2026-09-10T21:35:56.437+0000] {processor.py:925} INFO - DAG(s) '05_sensor' retrieved from /opt/airflow/dags/05_sensor.py
[2026-09-10T21:35:56.470+0000] {logging_mixin.py:190} INFO - [2026-09-10T21:35:56.470+0000] {dag.py:3239} INFO - Sync 1 DAGs
[2026-09-10T21:35:56.487+0000] {logging_mixin.py:190} INFO - [2026-09-10T21:35:56.487+0000] {dag.py:4180} INFO - Setting next_dagrun for 05_sensor to None, run_after=None
[2026-09-10T21:35:56.508+0000] {processor.py:208} INFO - Processing /opt/airflow/dags/05_sensor.py took 0.092 seconds
[2026-09-10T21:36:26.621+0000] {processor.py:186} INFO - Started process (PID=10954) to work on /opt/airflow/dags/05_sensor.py
[2026-09-10T21:36:26.624+0000] {processor.py:914} INFO - Processing file /opt/airflow/dags/05_sensor.py for tasks to queue
[2026-09-10T21:36:26.627+0000] {logging_mixin.py:190} INFO - [2026-09-10T21:36:26.627+0000] {dagbag.py:588} INFO - Filling up the DagBag from /opt/airflow/dags/05_sensor.py
[2026-09-10T21:36:26.640+0000] {processor.py:925} INFO - DAG(s) '05_sensor' retrieved from /opt/airflow/dags/05_sensor.py
[2026-09-10T21:36:26.681+0000] {logging_mixin.py:190} INFO - [2026-09-10T21:36:26.680+0000] {dag.py:3239} INFO - Sync 1 DAGs
[2026-09-10T21:36:26.696+0000] {logging_mixin.py:190} INFO - [2026-09-10T21:36:26.696+0000] {dag.py:4180} INFO - Setting next_dagrun for 05_sensor to None, run_after=None
[2026-09-10T21:36:26.715+0000] {processor.py:208} INFO - Processing /opt/airflow/dags/05_sensor.py took 0.104 seconds
[2026-09-10T21:36:56.910+0000] {processor.py:186} INFO - Started process (PID=11024) to work on /opt/airflow/dags/05_sensor.py
[2026-09-10T21:36:56.912+0000] {processor.py:914} INFO - Processing file /opt/airflow/dags/05_sensor.py for tasks to queue
[2026-09-10T21:36:56.915+0000] {logging_mixin.py:190} INFO - [2026-09-10T21:36:56.914+0000] {dagbag.py:588} INFO - Filling up the DagBag from /opt/airflow/dags/05_sensor.py
[2026-09-10T21:36:56.925+0000] {processor.py:925} INFO - DAG(s) '05_sensor' retrieved from /opt/airflow/dags/05_sensor.py
[2026-09-10T21:36:56.966+0000] {logging_mixin.py:190} INFO - [2026-09-10T21:36:56.966+0000] {dag.py:3239} INFO - Sync 1 DAGs
[2026-09-10T21:36:56.982+0000] {logging_mixin.py:190} INFO - [2026-09-10T21:36:56.982+0000] {dag.py:4180} INFO - Setting next_dagrun for 05_sensor to None, run_after=None
[2026-09-10T21:36:57.003+0000] {processor.py:208} INFO - Processing /opt/airflow/dags/05_sensor.py took 0.102 seconds
[2026-09-10T21:37:27.080+0000] {processor.py:186} INFO - Started process (PID=11094) to work on /opt/airflow/dags/05_sensor.py
[2026-09-10T21:37:27.080+0000] {processor.py:914} INFO - Processing file /opt/airflow/dags/05_sensor.py for tasks to queue
[2026-09-10T21:37:27.083+0000] {logging_mixin.py:190} INFO - [2026-09-10T21:37:27.083+0000] {dagbag.py:588} INFO - Filling up the DagBag from /opt/airflow/dags/05_sensor.py
[2026-09-10T21:37:27.092+0000] {processor.py:925} INFO - DAG(s) '05_sensor' retrieved from /opt/airflow/dags/05_sensor.py
[2026-09-10T21:37:27.123+0000] {logging_mixin.py:190} INFO - [2026-09-10T21:37:27.123+0000] {dag.py:3239} INFO - Sync 1 DAGs
[2026-09-10T21:37:27.143+0000] {logging_mixin.py:190} INFO - [2026-09-10T21:37:27.142+0000] {dag.py:4180} INFO - Setting next_dagrun for 05_sensor to None, run_after=None
[2026-09-10T21:37:27.162+0000] {processor.py:208} INFO - Processing /opt/airflow/dags/05_sensor.py took 0.090 seconds
[2026-09-10T21:37:57.387+0000] {processor.py:186} INFO - Started process (PID=11164) to work on /opt/airflow/dags/05_sensor.py
[2026-09-10T21:37:57.388+0000] {processor.py:914} INFO - Processing file /opt/airflow/dags/05_sensor.py for tasks to queue
[2026-09-10T21:37:57.391+0000] {logging_mixin.py:190} INFO - [2026-09-10T21:37:57.391+0000] {dagbag.py:588} INFO - Filling up the DagBag from /opt/airflow/dags/05_sensor.py
[2026-09-10T21:37:57.402+0000] {processor.py:925} INFO - DAG(s) '05_sensor' retrieved from /opt/airflow/dags/05_sensor.py
[2026-09-10T21:37:57.434+0000] {logging_mixin.py:190} INFO - [2026-09-10T21:37:57.434+0000] {dag.py:3239} INFO - Sync 1 DAGs
[2026-09-10T21:37:57.451+0000] {logging_mixin.py:190} INFO - [2026-09-10T21:37:57.451+0000] {dag.py:4180} INFO - Setting next_dagrun for 05_sensor to None, run_after=None
[2026-09-10T21:37:57.471+0000] {processor.py:208} INFO - Processing /opt/airflow/dags/05_sensor.py took 0.092 seconds
[2026-09-10T21:38:27.513+0000] {processor.py:186} INFO - Started process (PID=11234) to work on /opt/airflow/dags/05_sensor.py
[2026-09-10T21:38:27.514+0000] {processor.py:914} INFO - Processing file /opt/airflow/dags/05_sensor.py for tasks to queue
[2026-09-10T21:38:27.516+0000] {logging_mixin.py:190} INFO - [2026-09-10T21:38:27.516+0000] {dagbag.py:588} INFO - Filling up the DagBag from /opt/airflow/dags/05_sensor.py
[2026-09-10T21:38:27.526+0000] {processor.py:925} INFO - DAG(s) '05_sensor' retrieved from /opt/airflow/dags/05_sensor.py
[2026-09-10T21:38:27.555+0000] {logging_mixin.py:190} INFO - [2026-09-10T21:38:27.555+0000] {dag.py:3239} INFO - Sync 1 DAGs
[2026-09-10T21:38:27.570+0000] {logging_mixin.py:190} INFO - [2026-09-10T21:38:27.569+0000] {dag.py:4180} INFO - Setting next_dagrun for 05_sensor to None, run_after=None
[2026-09-10T21:38:27.587+0000] {processor.py:208} INFO - Processing /opt/airflow/dags/05_sensor.py took 0.082 seconds
[2026-09-10T21:38:57.729+0000] {processor.py:186} INFO - Started process (PID=11304) to work on /opt/airflow/dags/05_sensor.py
[2026-09-10T21:38:57.731+0000] {processor.py:914} INFO - Processing file /opt/airflow/dags/05_sensor.py for tasks to queue
[2026-09-10T21:38:57.733+0000] {logging_mixin.py:190} INFO - [2026-09-10T21:38:57.733+0000] {dagbag.py:588} INFO - Filling up the DagBag from /opt/airflow/dags/05_sensor.py
[2026-09-10T21:38:57.743+0000] {processor.py:925} INFO - DAG(s) '05_sensor' retrieved from /opt/airflow/dags/05_sensor.py
[2026-09-10T21:38:57.773+0000] {logging_mixin.py:190} INFO - [2026-09-10T21:38:57.773+0000] {dag.py:3239} INFO - Sync 1 DAGs
[2026-09-10T21:38:57.789+0000] {logging_mixin.py:190} INFO - [2026-09-10T21:38:57.788+0000] {dag.py:4180} INFO - Setting next_dagrun for 05_sensor to None, run_after=None
[2026-09-10T21:38:57.809+0000] {processor.py:208} INFO - Processing /opt/airflow/dags/05_sensor.py took 0.089 seconds
[2026-09-10T21:39:28.052+0000] {processor.py:186} INFO - Started process (PID=11374) to work on /opt/airflow/dags/05_sensor.py
[2026-09-10T21:39:28.053+0000] {processor.py:914} INFO - Processing file /opt/airflow/dags/05_sensor.py for tasks to queue
[2026-09-10T21:39:28.056+0000] {logging_mixin.py:190} INFO - [2026-09-10T21:39:28.056+0000] {dagbag.py:588} INFO - Filling up the DagBag from /opt/airflow/dags/05_sensor.py
[2026-09-10T21:39:28.066+0000] {processor.py:925} INFO - DAG(s) '05_sensor' retrieved from /opt/airflow/dags/05_sensor.py
[2026-09-10T21:39:28.099+0000] {logging_mixin.py:190} INFO - [2026-09-10T21:39:28.099+0000] {dag.py:3239} INFO - Sync 1 DAGs
[2026-09-10T21:39:28.117+0000] {logging_mixin.py:190} INFO - [2026-09-10T21:39:28.117+0000] {dag.py:4180} INFO - Setting next_dagrun for 05_sensor to None, run_after=None
[2026-09-10T21:39:28.144+0000] {processor.py:208} INFO - Processing /opt/airflow/dags/05_sensor.py took 0.100 seconds
[2026-09-10T21:39:58.238+0000] {processor.py:186} INFO - Started process (PID=11444) to work on /opt/airflow/dags/05_sensor.py
[2026-09-10T21:39:58.240+0000] {processor.py:914} INFO - Processing file /opt/airflow/dags/05_sensor.py for tasks to queue
[2026-09-10T21:39:58.242+0000] {logging_mixin.py:190} INFO - [2026-09-10T21:39:58.242+0000] {dagbag.py:588} INFO - Filling up the DagBag from /opt/airflow/dags/05_sensor.py
[2026-09-10T21:39:58.252+0000] {processor.py:925} INFO - DAG(s) '05_sensor' retrieved from /opt/airflow/dags/05_sensor.py
[2026-09-10T21:39:58.284+0000] {logging_mixin.py:190} INFO - [2026-09-10T21:39:58.283+0000] {dag.py:3239} INFO - Sync 1 DAGs
[2026-09-10T21:39:58.299+0000] {logging_mixin.py:190} INFO - [2026-09-10T21:39:58.299+0000] {dag.py:4180} INFO - Setting next_dagrun for 05_sensor to None, run_after=None
[2026-09-10T21:39:58.320+0000] {processor.py:208} INFO - Processing /opt/airflow/dags/05_sensor.py took 0.090 seconds
[2026-09-10T21:40:28.512+0000] {processor.py:186} INFO - Started process (PID=11514) to work on /opt/airflow/dags/05_sensor.py
[2026-09-10T21:40:28.513+0000] {processor.py:914} INFO - Processing file /opt/airflow/dags/05_sensor.py for tasks to queue
[2026-09-10T21:40:28.516+0000] {logging_mixin.py:190} INFO - [2026-09-10T21:40:28.516+0000] {dagbag.py:588} INFO - Filling up the DagBag from /opt/airflow/dags/05_sensor.py
[2026-09-10T21:40:28.527+0000] {processor.py:925} INFO - DAG(s) '05_sensor' retrieved from /opt/airflow/dags/05_sensor.py
[2026-09-10T21:40:28.562+0000] {logging_mixin.py:190} INFO - [2026-09-10T21:40:28.561+0000] {dag.py:3239} INFO - Sync 1 DAGs
[2026-09-10T21:40:28.580+0000] {logging_mixin.py:190} INFO - [2026-09-10T21:40:28.580+0000] {dag.py:4180} INFO - Setting next_dagrun for 05_sensor to None, run_after=None
[2026-09-10T21:40:28.601+0000] {processor.py:208} INFO - Processing /opt/airflow/dags/05_sensor.py took 0.098 seconds
[2026-09-10T21:40:58.723+0000] {processor.py:186} INFO - Started process (PID=11584) to work on /opt/airflow/dags/05_sensor.py
[2026-09-10T21:40:58.724+0000] {processor.py:914} INFO - Processing file /opt/airflow/dags/05_sensor.py for tasks to queue
[2026-09-10T21:40:58.727+0000] {logging_mixin.py:190} INFO - [2026-09-10T21:40:58.727+0000] {dagbag.py:588} INFO - Filling up the DagBag from /opt/airflow/dags/05_sensor.py
[2026-09-10T21:40:58.737+0000] {processor.py:925} INFO - DAG(s) '05_sensor' retrieved from /opt/airflow/dags/05_sensor.py
[2026-09-10T21:40:58.769+0000] {logging_mixin.py:190} INFO - [2026-09-10T21:40:58.768+0000] {dag.py:3239} INFO - Sync 1 DAGs
[2026-09-10T21:40:58.785+0000] {logging_mixin.py:190} INFO - [2026-09-10T21:40:58.785+0000] {dag.py:4180} INFO - Setting next_dagrun for 05_sensor to None, run_after=None
[2026-09-10T21:40:58.805+0000] {processor.py:208} INFO - Processing /opt/airflow/dags/05_sensor.py took 0.091 seconds
[2026-09-10T21:41:28.952+0000] {processor.py:186} INFO - Started process (PID=11654) to work on /opt/airflow/dags/05_sensor.py
[2026-09-10T21:41:28.953+0000] {processor.py:914} INFO - Processing file /opt/airflow/dags/05_sensor.py for tasks to queue
[2026-09-10T21:41:28.957+0000] {logging_mixin.py:190} INFO - [2026-09-10T21:41:28.956+0000] {dagbag.py:588} INFO - Filling up the DagBag from /opt/airflow/dags/05_sensor.py
[2026-09-10T21:41:28.967+0000] {processor.py:925} INFO - DAG(s) '05_sensor' retrieved from /opt/airflow/dags/05_sensor.py
[2026-09-10T21:41:28.998+0000] {logging_mixin.py:190} INFO - [2026-09-10T21:41:28.998+0000] {dag.py:3239} INFO - Sync 1 DAGs
[2026-09-10T21:41:29.017+0000] {logging_mixin.py:190} INFO - [2026-09-10T21:41:29.017+0000] {dag.py:4180} INFO - Setting next_dagrun for 05_sensor to None, run_after=None
[2026-09-10T21:41:29.037+0000] {processor.py:208} INFO - Processing /opt/airflow/dags/05_sensor.py took 0.094 seconds
[2026-09-10T21:41:59.170+0000] {processor.py:186} INFO - Started process (PID=11724) to work on /opt/airflow/dags/05_sensor.py
[2026-09-10T21:41:59.172+0000] {processor.py:914} INFO - Processing file /opt/airflow/dags/05_sensor.py for tasks to queue
[2026-09-10T21:41:59.175+0000] {logging_mixin.py:190} INFO - [2026-09-10T21:41:59.175+0000] {dagbag.py:588} INFO - Filling up the DagBag from /opt/airflow/dags/05_sensor.py
[2026-09-10T21:41:59.189+0000] {processor.py:925} INFO - DAG(s) '05_sensor' retrieved from /opt/airflow/dags/05_sensor.py
[2026-09-10T21:41:59.220+0000] {logging_mixin.py:190} INFO - [2026-09-10T21:41:59.220+0000] {dag.py:3239} INFO - Sync 1 DAGs
[2026-09-10T21:41:59.235+0000] {logging_mixin.py:190} INFO - [2026-09-10T21:41:59.235+0000] {dag.py:4180} INFO - Setting next_dagrun for 05_sensor to None, run_after=None
[2026-09-10T21:41:59.255+0000] {processor.py:208} INFO - Processing /opt/airflow/dags/05_sensor.py took 0.094 seconds
[2026-09-10T21:42:29.428+0000] {processor.py:186} INFO - Started process (PID=11794) to work on /opt/airflow/dags/05_sensor.py
[2026-09-10T21:42:29.429+0000] {processor.py:914} INFO - Processing file /opt/airflow/dags/05_sensor.py for tasks to queue
[2026-09-10T21:42:29.432+0000] {logging_mixin.py:190} INFO - [2026-09-10T21:42:29.432+0000] {dagbag.py:588} INFO - Filling up the DagBag from /opt/airflow/dags/05_sensor.py
[2026-09-10T21:42:29.446+0000] {processor.py:925} INFO - DAG(s) '05_sensor' retrieved from /opt/airflow/dags/05_sensor.py
[2026-09-10T21:42:29.485+0000] {logging_mixin.py:190} INFO - [2026-09-10T21:42:29.485+0000] {dag.py:3239} INFO - Sync 1 DAGs
[2026-09-10T21:42:29.504+0000] {logging_mixin.py:190} INFO - [2026-09-10T21:42:29.504+0000] {dag.py:4180} INFO - Setting next_dagrun for 05_sensor to None, run_after=None
[2026-09-10T21:42:29.528+0000] {processor.py:208} INFO - Processing /opt/airflow/dags/05_sensor.py took 0.113 seconds
[2026-09-10T21:42:59.633+0000] {processor.py:186} INFO - Started process (PID=11864) to work on /opt/airflow/dags/05_sensor.py
[2026-09-10T21:42:59.635+0000] {processor.py:914} INFO - Processing file /opt/airflow/dags/05_sensor.py for tasks to queue
[2026-09-10T21:42:59.638+0000] {logging_mixin.py:190} INFO - [2026-09-10T21:42:59.638+0000] {dagbag.py:588} INFO - Filling up the DagBag from /opt/airflow/dags/05_sensor.py
[2026-09-10T21:42:59.649+0000] {processor.py:925} INFO - DAG(s) '05_sensor' retrieved from /opt/airflow/dags/05_sensor.py
[2026-09-10T21:42:59.684+0000] {logging_mixin.py:190} INFO - [2026-09-10T21:42:59.683+0000] {dag.py:3239} INFO - Sync 1 DAGs
[2026-09-10T21:42:59.700+0000] {logging_mixin.py:190} INFO - [2026-09-10T21:42:59.699+0000] {dag.py:4180} INFO - Setting next_dagrun for 05_sensor to None, run_after=None
[2026-09-10T21:42:59.727+0000] {processor.py:208} INFO - Processing /opt/airflow/dags/05_sensor.py took 0.101 seconds
[2026-09-10T21:43:29.977+0000] {processor.py:186} INFO - Started process (PID=11934) to work on /opt/airflow/dags/05_sensor.py
[2026-09-10T21:43:29.978+0000] {processor.py:914} INFO - Processing file /opt/airflow/dags/05_sensor.py for tasks to queue
[2026-09-10T21:43:29.982+0000] {logging_mixin.py:190} INFO - [2026-09-10T21:43:29.981+0000] {dagbag.py:588} INFO - Filling up the DagBag from /opt/airflow/dags/05_sensor.py
[2026-09-10T21:43:29.993+0000] {processor.py:925} INFO - DAG(s) '05_sensor' retrieved from /opt/airflow/dags/05_sensor.py
[2026-09-10T21:43:30.030+0000] {logging_mixin.py:190} INFO - [2026-09-10T21:43:30.029+0000] {dag.py:3239} INFO - Sync 1 DAGs
[2026-09-10T21:43:30.046+0000] {logging_mixin.py:190} INFO - [2026-09-10T21:43:30.046+0000] {dag.py:4180} INFO - Setting next_dagrun for 05_sensor to None, run_after=None
[2026-09-10T21:43:30.065+0000] {processor.py:208} INFO - Processing /opt/airflow/dags/05_sensor.py took 0.097 seconds
[2026-09-10T21:44:00.137+0000] {processor.py:186} INFO - Started process (PID=12004) to work on /opt/airflow/dags/05_sensor.py
[2026-09-10T21:44:00.139+0000] {processor.py:914} INFO - Processing file /opt/airflow/dags/05_sensor.py for tasks to queue
[2026-09-10T21:44:00.142+0000] {logging_mixin.py:190} INFO - [2026-09-10T21:44:00.142+0000] {dagbag.py:588} INFO - Filling up the DagBag from /opt/airflow/dags/05_sensor.py
[2026-09-10T21:44:00.153+0000] {processor.py:925} INFO - DAG(s) '05_sensor' retrieved from /opt/airflow/dags/05_sensor.py
[2026-09-10T21:44:00.186+0000] {logging_mixin.py:190} INFO - [2026-09-10T21:44:00.186+0000] {dag.py:3239} INFO - Sync 1 DAGs
[2026-09-10T21:44:00.205+0000] {logging_mixin.py:190} INFO - [2026-09-10T21:44:00.205+0000] {dag.py:4180} INFO - Setting next_dagrun for 05_sensor to None, run_after=None
[2026-09-10T21:44:00.226+0000] {processor.py:208} INFO - Processing /opt/airflow/dags/05_sensor.py took 0.096 seconds
[2026-09-10T21:44:30.461+0000] {processor.py:186} INFO - Started process (PID=12074) to work on /opt/airflow/dags/05_sensor.py
[2026-09-10T21:44:30.462+0000] {processor.py:914} INFO - Processing file /opt/airflow/dags/05_sensor.py for tasks to queue
[2026-09-10T21:44:30.465+0000] {logging_mixin.py:190} INFO - [2026-09-10T21:44:30.465+0000] {dagbag.py:588} INFO - Filling up the DagBag from /opt/airflow/dags/05_sensor.py
[2026-09-10T21:44:30.478+0000] {processor.py:925} INFO - DAG(s) '05_sensor' retrieved from /opt/airflow/dags/05_sensor.py
[2026-09-10T21:44:30.509+0000] {logging_mixin.py:190} INFO - [2026-09-10T21:44:30.509+0000] {dag.py:3239} INFO - Sync 1 DAGs
[2026-09-10T21:44:30.525+0000] {logging_mixin.py:190} INFO - [2026-09-10T21:44:30.524+0000] {dag.py:4180} INFO - Setting next_dagrun for 05_sensor to None, run_after=None
[2026-09-10T21:44:30.544+0000] {processor.py:208} INFO - Processing /opt/airflow/dags/05_sensor.py took 0.091 seconds
[2026-09-10T21:45:00.656+0000] {processor.py:186} INFO - Started process (PID=12144) to work on /opt/airflow/dags/05_sensor.py
[2026-09-10T21:45:00.658+0000] {processor.py:914} INFO - Processing file /opt/airflow/dags/05_sensor.py for tasks to queue
[2026-09-10T21:45:00.661+0000] {logging_mixin.py:190} INFO - [2026-09-10T21:45:00.660+0000] {dagbag.py:588} INFO - Filling up the DagBag from /opt/airflow/dags/05_sensor.py
[2026-09-10T21:45:00.672+0000] {processor.py:925} INFO - DAG(s) '05_sensor' retrieved from /opt/airflow/dags/05_sensor.py
[2026-09-10T21:45:00.708+0000] {logging_mixin.py:190} INFO - [2026-09-10T21:45:00.708+0000] {dag.py:3239} INFO - Sync 1 DAGs
[2026-09-10T21:45:00.725+0000] {logging_mixin.py:190} INFO - [2026-09-10T21:45:00.724+0000] {dag.py:4180} INFO - Setting next_dagrun for 05_sensor to None, run_after=None
[2026-09-10T21:45:00.746+0000] {processor.py:208} INFO - Processing /opt/airflow/dags/05_sensor.py took 0.098 seconds
[2026-09-10T21:45:31.127+0000] {processor.py:186} INFO - Started process (PID=12214) to work on /opt/airflow/dags/05_sensor.py
[2026-09-10T21:45:31.129+0000] {processor.py:914} INFO - Processing file /opt/airflow/dags/05_sensor.py for tasks to queue
[2026-09-10T21:45:31.133+0000] {logging_mixin.py:190} INFO - [2026-09-10T21:45:31.132+0000] {dagbag.py:588} INFO - Filling up the DagBag from /opt/airflow/dags/05_sensor.py
[2026-09-10T21:45:31.146+0000] {processor.py:925} INFO - DAG(s) '05_sensor' retrieved from /opt/airflow/dags/05_sensor.py
[2026-09-10T21:45:31.185+0000] {logging_mixin.py:190} INFO - [2026-09-10T21:45:31.185+0000] {dag.py:3239} INFO - Sync 1 DAGs
[2026-09-10T21:45:31.206+0000] {logging_mixin.py:190} INFO - [2026-09-10T21:45:31.205+0000] {dag.py:4180} INFO - Setting next_dagrun for 05_sensor to None, run_after=None
[2026-09-10T21:45:31.239+0000] {processor.py:208} INFO - Processing /opt/airflow/dags/05_sensor.py took 0.127 seconds
[2026-09-10T21:46:01.714+0000] {processor.py:186} INFO - Started process (PID=12284) to work on /opt/airflow/dags/05_sensor.py
[2026-09-10T21:46:01.716+0000] {processor.py:914} INFO - Processing file /opt/airflow/dags/05_sensor.py for tasks to queue
[2026-09-10T21:46:01.720+0000] {logging_mixin.py:190} INFO - [2026-09-10T21:46:01.719+0000] {dagbag.py:588} INFO - Filling up the DagBag from /opt/airflow/dags/05_sensor.py
[2026-09-10T21:46:01.736+0000] {processor.py:925} INFO - DAG(s) '05_sensor' retrieved from /opt/airflow/dags/05_sensor.py
[2026-09-10T21:46:01.772+0000] {logging_mixin.py:190} INFO - [2026-09-10T21:46:01.772+0000] {dag.py:3239} INFO - Sync 1 DAGs
[2026-09-10T21:46:01.789+0000] {logging_mixin.py:190} INFO - [2026-09-10T21:46:01.789+0000] {dag.py:4180} INFO - Setting next_dagrun for 05_sensor to None, run_after=None
[2026-09-10T21:46:01.817+0000] {processor.py:208} INFO - Processing /opt/airflow/dags/05_sensor.py took 0.112 seconds
[2026-09-10T21:46:31.946+0000] {processor.py:186} INFO - Started process (PID=12354) to work on /opt/airflow/dags/05_sensor.py
[2026-09-10T21:46:31.947+0000] {processor.py:914} INFO - Processing file /opt/airflow/dags/05_sensor.py for tasks to queue
[2026-09-10T21:46:31.951+0000] {logging_mixin.py:190} INFO - [2026-09-10T21:46:31.950+0000] {dagbag.py:588} INFO - Filling up the DagBag from /opt/airflow/dags/05_sensor.py
[2026-09-10T21:46:31.965+0000] {processor.py:925} INFO - DAG(s) '05_sensor' retrieved from /opt/airflow/dags/05_sensor.py
[2026-09-10T21:46:32.002+0000] {logging_mixin.py:190} INFO - [2026-09-10T21:46:32.001+0000] {dag.py:3239} INFO - Sync 1 DAGs
[2026-09-10T21:46:32.022+0000] {logging_mixin.py:190} INFO - [2026-09-10T21:46:32.022+0000] {dag.py:4180} INFO - Setting next_dagrun for 05_sensor to None, run_after=None
[2026-09-10T21:46:32.042+0000] {processor.py:208} INFO - Processing /opt/airflow/dags/05_sensor.py took 0.104 seconds
[2026-09-10T21:47:02.252+0000] {processor.py:186} INFO - Started process (PID=12424) to work on /opt/airflow/dags/05_sensor.py
[2026-09-10T21:47:02.254+0000] {processor.py:914} INFO - Processing file /opt/airflow/dags/05_sensor.py for tasks to queue
[2026-09-10T21:47:02.257+0000] {logging_mixin.py:190} INFO - [2026-09-10T21:47:02.257+0000] {dagbag.py:588} INFO - Filling up the DagBag from /opt/airflow/dags/05_sensor.py
[2026-09-10T21:47:02.267+0000] {processor.py:925} INFO - DAG(s) '05_sensor' retrieved from /opt/airflow/dags/05_sensor.py
[2026-09-10T21:47:02.299+0000] {logging_mixin.py:190} INFO - [2026-09-10T21:47:02.299+0000] {dag.py:3239} INFO - Sync 1 DAGs
[2026-09-10T21:47:02.315+0000] {logging_mixin.py:190} INFO - [2026-09-10T21:47:02.314+0000] {dag.py:4180} INFO - Setting next_dagrun for 05_sensor to None, run_after=None
[2026-09-10T21:47:02.335+0000] {processor.py:208} INFO - Processing /opt/airflow/dags/05_sensor.py took 0.091 seconds
[2026-09-10T21:47:32.399+0000] {processor.py:186} INFO - Started process (PID=12494) to work on /opt/airflow/dags/05_sensor.py
[2026-09-10T21:47:32.400+0000] {processor.py:914} INFO - Processing file /opt/airflow/dags/05_sensor.py for tasks to queue
[2026-09-10T21:47:32.403+0000] {logging_mixin.py:190} INFO - [2026-09-10T21:47:32.403+0000] {dagbag.py:588} INFO - Filling up the DagBag from /opt/airflow/dags/05_sensor.py
[2026-09-10T21:47:32.413+0000] {processor.py:925} INFO - DAG(s) '05_sensor' retrieved from /opt/airflow/dags/05_sensor.py
[2026-09-10T21:47:32.442+0000] {logging_mixin.py:190} INFO - [2026-09-10T21:47:32.441+0000] {dag.py:3239} INFO - Sync 1 DAGs
[2026-09-10T21:47:32.457+0000] {logging_mixin.py:190} INFO - [2026-09-10T21:47:32.456+0000] {dag.py:4180} INFO - Setting next_dagrun for 05_sensor to None, run_after=None
[2026-09-10T21:47:32.476+0000] {processor.py:208} INFO - Processing /opt/airflow/dags/05_sensor.py took 0.085 seconds
[2026-09-10T21:48:02.626+0000] {processor.py:186} INFO - Started process (PID=12564) to work on /opt/airflow/dags/05_sensor.py
[2026-09-10T21:48:02.627+0000] {processor.py:914} INFO - Processing file /opt/airflow/dags/05_sensor.py for tasks to queue
[2026-09-10T21:48:02.630+0000] {logging_mixin.py:190} INFO - [2026-09-10T21:48:02.630+0000] {dagbag.py:588} INFO - Filling up the DagBag from /opt/airflow/dags/05_sensor.py
[2026-09-10T21:48:02.642+0000] {processor.py:925} INFO - DAG(s) '05_sensor' retrieved from /opt/airflow/dags/05_sensor.py
[2026-09-10T21:48:02.675+0000] {logging_mixin.py:190} INFO - [2026-09-10T21:48:02.674+0000] {dag.py:3239} INFO - Sync 1 DAGs
[2026-09-10T21:48:02.691+0000] {logging_mixin.py:190} INFO - [2026-09-10T21:48:02.690+0000] {dag.py:4180} INFO - Setting next_dagrun for 05_sensor to None, run_after=None
[2026-09-10T21:48:02.710+0000] {processor.py:208} INFO - Processing /opt/airflow/dags/05_sensor.py took 0.093 seconds
[2026-09-10T21:48:32.888+0000] {processor.py:186} INFO - Started process (PID=12634) to work on /opt/airflow/dags/05_sensor.py
[2026-09-10T21:48:32.889+0000] {processor.py:914} INFO - Processing file /opt/airflow/dags/05_sensor.py for tasks to queue
[2026-09-10T21:48:32.893+0000] {logging_mixin.py:190} INFO - [2026-09-10T21:48:32.893+0000] {dagbag.py:588} INFO - Filling up the DagBag from /opt/airflow/dags/05_sensor.py
[2026-09-10T21:48:32.910+0000] {processor.py:925} INFO - DAG(s) '05_sensor' retrieved from /opt/airflow/dags/05_sensor.py
[2026-09-10T21:48:32.974+0000] {logging_mixin.py:190} INFO - [2026-09-10T21:48:32.974+0000] {dag.py:3239} INFO - Sync 1 DAGs
[2026-09-10T21:48:33.004+0000] {logging_mixin.py:190} INFO - [2026-09-10T21:48:33.004+0000] {dag.py:4180} INFO - Setting next_dagrun for 05_sensor to None, run_after=None
[2026-09-10T21:48:33.031+0000] {processor.py:208} INFO - Processing /opt/airflow/dags/05_sensor.py took 0.156 seconds
[2026-09-10T21:49:03.305+0000] {processor.py:186} INFO - Started process (PID=12704) to work on /opt/airflow/dags/05_sensor.py
[2026-09-10T21:49:03.307+0000] {processor.py:914} INFO - Processing file /opt/airflow/dags/05_sensor.py for tasks to queue
[2026-09-10T21:49:03.310+0000] {logging_mixin.py:190} INFO - [2026-09-10T21:49:03.310+0000] {dagbag.py:588} INFO - Filling up the DagBag from /opt/airflow/dags/05_sensor.py
[2026-09-10T21:49:03.321+0000] {processor.py:925} INFO - DAG(s) '05_sensor' retrieved from /opt/airflow/dags/05_sensor.py
[2026-09-10T21:49:03.354+0000] {logging_mixin.py:190} INFO - [2026-09-10T21:49:03.354+0000] {dag.py:3239} INFO - Sync 1 DAGs
[2026-09-10T21:49:03.370+0000] {logging_mixin.py:190} INFO - [2026-09-10T21:49:03.370+0000] {dag.py:4180} INFO - Setting next_dagrun for 05_sensor to None, run_after=None
[2026-09-10T21:49:03.389+0000] {processor.py:208} INFO - Processing /opt/airflow/dags/05_sensor.py took 0.092 seconds
[2026-09-10T21:49:33.703+0000] {processor.py:186} INFO - Started process (PID=12774) to work on /opt/airflow/dags/05_sensor.py
[2026-09-10T21:49:33.705+0000] {processor.py:914} INFO - Processing file /opt/airflow/dags/05_sensor.py for tasks to queue
[2026-09-10T21:49:33.708+0000] {logging_mixin.py:190} INFO - [2026-09-10T21:49:33.707+0000] {dagbag.py:588} INFO - Filling up the DagBag from /opt/airflow/dags/05_sensor.py
[2026-09-10T21:49:33.721+0000] {processor.py:925} INFO - DAG(s) '05_sensor' retrieved from /opt/airflow/dags/05_sensor.py
[2026-09-10T21:49:33.754+0000] {logging_mixin.py:190} INFO - [2026-09-10T21:49:33.754+0000] {dag.py:3239} INFO - Sync 1 DAGs
[2026-09-10T21:49:33.770+0000] {logging_mixin.py:190} INFO - [2026-09-10T21:49:33.770+0000] {dag.py:4180} INFO - Setting next_dagrun for 05_sensor to None, run_after=None
[2026-09-10T21:49:33.790+0000] {processor.py:208} INFO - Processing /opt/airflow/dags/05_sensor.py took 0.097 seconds
[2026-09-10T21:50:04.006+0000] {processor.py:186} INFO - Started process (PID=12844) to work on /opt/airflow/dags/05_sensor.py
[2026-09-10T21:50:04.009+0000] {processor.py:914} INFO - Processing file /opt/airflow/dags/05_sensor.py for tasks to queue
[2026-09-10T21:50:04.015+0000] {logging_mixin.py:190} INFO - [2026-09-10T21:50:04.014+0000] {dagbag.py:588} INFO - Filling up the DagBag from /opt/airflow/dags/05_sensor.py
[2026-09-10T21:50:04.027+0000] {processor.py:925} INFO - DAG(s) '05_sensor' retrieved from /opt/airflow/dags/05_sensor.py
[2026-09-10T21:50:04.060+0000] {logging_mixin.py:190} INFO - [2026-09-10T21:50:04.059+0000] {dag.py:3239} INFO - Sync 1 DAGs
[2026-09-10T21:50:04.076+0000] {logging_mixin.py:190} INFO - [2026-09-10T21:50:04.076+0000] {dag.py:4180} INFO - Setting next_dagrun for 05_sensor to None, run_after=None
[2026-09-10T21:50:04.095+0000] {processor.py:208} INFO - Processing /opt/airflow/dags/05_sensor.py took 0.097 seconds
[2026-09-10T21:50:34.459+0000] {processor.py:186} INFO - Started process (PID=12914) to work on /opt/airflow/dags/05_sensor.py
[2026-09-10T21:50:34.460+0000] {processor.py:914} INFO - Processing file /opt/airflow/dags/05_sensor.py for tasks to queue
[2026-09-10T21:50:34.464+0000] {logging_mixin.py:190} INFO - [2026-09-10T21:50:34.464+0000] {dagbag.py:588} INFO - Filling up the DagBag from /opt/airflow/dags/05_sensor.py
[2026-09-10T21:50:34.475+0000] {processor.py:925} INFO - DAG(s) '05_sensor' retrieved from /opt/airflow/dags/05_sensor.py
[2026-09-10T21:50:34.507+0000] {logging_mixin.py:190} INFO - [2026-09-10T21:50:34.506+0000] {dag.py:3239} INFO - Sync 1 DAGs
[2026-09-10T21:50:34.523+0000] {logging_mixin.py:190} INFO - [2026-09-10T21:50:34.523+0000] {dag.py:4180} INFO - Setting next_dagrun for 05_sensor to None, run_after=None
[2026-09-10T21:50:34.544+0000] {processor.py:208} INFO - Processing /opt/airflow/dags/05_sensor.py took 0.094 seconds
[2026-09-10T21:51:04.755+0000] {processor.py:186} INFO - Started process (PID=12984) to work on /opt/airflow/dags/05_sensor.py
[2026-09-10T21:51:04.757+0000] {processor.py:914} INFO - Processing file /opt/airflow/dags/05_sensor.py for tasks to queue
[2026-09-10T21:51:04.759+0000] {logging_mixin.py:190} INFO - [2026-09-10T21:51:04.759+0000] {dagbag.py:588} INFO - Filling up the DagBag from /opt/airflow/dags/05_sensor.py
[2026-09-10T21:51:04.769+0000] {processor.py:925} INFO - DAG(s) '05_sensor' retrieved from /opt/airflow/dags/05_sensor.py
[2026-09-10T21:51:04.801+0000] {logging_mixin.py:190} INFO - [2026-09-10T21:51:04.801+0000] {dag.py:3239} INFO - Sync 1 DAGs
[2026-09-10T21:51:04.818+0000] {logging_mixin.py:190} INFO - [2026-09-10T21:51:04.818+0000] {dag.py:4180} INFO - Setting next_dagrun for 05_sensor to None, run_after=None
[2026-09-10T21:51:04.838+0000] {processor.py:208} INFO - Processing /opt/airflow/dags/05_sensor.py took 0.092 seconds
[2026-09-10T21:51:34.921+0000] {processor.py:186} INFO - Started process (PID=13054) to work on /opt/airflow/dags/05_sensor.py
[2026-09-10T21:51:34.922+0000] {processor.py:914} INFO - Processing file /opt/airflow/dags/05_sensor.py for tasks to queue
[2026-09-10T21:51:34.924+0000] {logging_mixin.py:190} INFO - [2026-09-10T21:51:34.924+0000] {dagbag.py:588} INFO - Filling up the DagBag from /opt/airflow/dags/05_sensor.py
[2026-09-10T21:51:34.935+0000] {processor.py:925} INFO - DAG(s) '05_sensor' retrieved from /opt/airflow/dags/05_sensor.py
[2026-09-10T21:51:34.967+0000] {logging_mixin.py:190} INFO - [2026-09-10T21:51:34.967+0000] {dag.py:3239} INFO - Sync 1 DAGs
[2026-09-10T21:51:34.983+0000] {logging_mixin.py:190} INFO - [2026-09-10T21:51:34.982+0000] {dag.py:4180} INFO - Setting next_dagrun for 05_sensor to None, run_after=None
[2026-09-10T21:51:35.001+0000] {processor.py:208} INFO - Processing /opt/airflow/dags/05_sensor.py took 0.088 seconds
[2026-09-10T21:52:05.149+0000] {processor.py:186} INFO - Started process (PID=13124) to work on /opt/airflow/dags/05_sensor.py
[2026-09-10T21:52:05.150+0000] {processor.py:914} INFO - Processing file /opt/airflow/dags/05_sensor.py for tasks to queue
[2026-09-10T21:52:05.153+0000] {logging_mixin.py:190} INFO - [2026-09-10T21:52:05.153+0000] {dagbag.py:588} INFO - Filling up the DagBag from /opt/airflow/dags/05_sensor.py
[2026-09-10T21:52:05.163+0000] {processor.py:925} INFO - DAG(s) '05_sensor' retrieved from /opt/airflow/dags/05_sensor.py
[2026-09-10T21:52:05.198+0000] {logging_mixin.py:190} INFO - [2026-09-10T21:52:05.198+0000] {dag.py:3239} INFO - Sync 1 DAGs
[2026-09-10T21:52:05.217+0000] {logging_mixin.py:190} INFO - [2026-09-10T21:52:05.216+0000] {dag.py:4180} INFO - Setting next_dagrun for 05_sensor to None, run_after=None
[2026-09-10T21:52:05.239+0000] {processor.py:208} INFO - Processing /opt/airflow/dags/05_sensor.py took 0.098 seconds
[2026-09-10T21:52:35.300+0000] {processor.py:186} INFO - Started process (PID=13194) to work on /opt/airflow/dags/05_sensor.py
[2026-09-10T21:52:35.301+0000] {processor.py:914} INFO - Processing file /opt/airflow/dags/05_sensor.py for tasks to queue
[2026-09-10T21:52:35.305+0000] {logging_mixin.py:190} INFO - [2026-09-10T21:52:35.305+0000] {dagbag.py:588} INFO - Filling up the DagBag from /opt/airflow/dags/05_sensor.py
[2026-09-10T21:52:35.316+0000] {processor.py:925} INFO - DAG(s) '05_sensor' retrieved from /opt/airflow/dags/05_sensor.py
[2026-09-10T21:52:35.347+0000] {logging_mixin.py:190} INFO - [2026-09-10T21:52:35.347+0000] {dag.py:3239} INFO - Sync 1 DAGs
[2026-09-10T21:52:35.366+0000] {logging_mixin.py:190} INFO - [2026-09-10T21:52:35.366+0000] {dag.py:4180} INFO - Setting next_dagrun for 05_sensor to None, run_after=None
[2026-09-10T21:52:35.386+0000] {processor.py:208} INFO - Processing /opt/airflow/dags/05_sensor.py took 0.095 seconds
[2026-09-10T21:53:05.484+0000] {processor.py:186} INFO - Started process (PID=13264) to work on /opt/airflow/dags/05_sensor.py
[2026-09-10T21:53:05.485+0000] {processor.py:914} INFO - Processing file /opt/airflow/dags/05_sensor.py for tasks to queue
[2026-09-10T21:53:05.488+0000] {logging_mixin.py:190} INFO - [2026-09-10T21:53:05.488+0000] {dagbag.py:588} INFO - Filling up the DagBag from /opt/airflow/dags/05_sensor.py
[2026-09-10T21:53:05.498+0000] {processor.py:925} INFO - DAG(s) '05_sensor' retrieved from /opt/airflow/dags/05_sensor.py
[2026-09-10T21:53:05.530+0000] {logging_mixin.py:190} INFO - [2026-09-10T21:53:05.530+0000] {dag.py:3239} INFO - Sync 1 DAGs
[2026-09-10T21:53:05.550+0000] {logging_mixin.py:190} INFO - [2026-09-10T21:53:05.550+0000] {dag.py:4180} INFO - Setting next_dagrun for 05_sensor to None, run_after=None
[2026-09-10T21:53:05.574+0000] {processor.py:208} INFO - Processing /opt/airflow/dags/05_sensor.py took 0.100 seconds
[2026-09-10T21:53:35.735+0000] {processor.py:186} INFO - Started process (PID=13334) to work on /opt/airflow/dags/05_sensor.py
[2026-09-10T21:53:35.736+0000] {processor.py:914} INFO - Processing file /opt/airflow/dags/05_sensor.py for tasks to queue
[2026-09-10T21:53:35.739+0000] {logging_mixin.py:190} INFO - [2026-09-10T21:53:35.738+0000] {dagbag.py:588} INFO - Filling up the DagBag from /opt/airflow/dags/05_sensor.py
[2026-09-10T21:53:35.749+0000] {processor.py:925} INFO - DAG(s) '05_sensor' retrieved from /opt/airflow/dags/05_sensor.py
[2026-09-10T21:53:35.784+0000] {logging_mixin.py:190} INFO - [2026-09-10T21:53:35.783+0000] {dag.py:3239} INFO - Sync 1 DAGs
[2026-09-10T21:53:35.807+0000] {logging_mixin.py:190} INFO - [2026-09-10T21:53:35.807+0000] {dag.py:4180} INFO - Setting next_dagrun for 05_sensor to None, run_after=None
[2026-09-10T21:53:35.835+0000] {processor.py:208} INFO - Processing /opt/airflow/dags/05_sensor.py took 0.109 seconds
[2026-09-10T21:54:06.006+0000] {processor.py:186} INFO - Started process (PID=13404) to work on /opt/airflow/dags/05_sensor.py
[2026-09-10T21:54:06.008+0000] {processor.py:914} INFO - Processing file /opt/airflow/dags/05_sensor.py for tasks to queue
[2026-09-10T21:54:06.012+0000] {logging_mixin.py:190} INFO - [2026-09-10T21:54:06.011+0000] {dagbag.py:588} INFO - Filling up the DagBag from /opt/airflow/dags/05_sensor.py
[2026-09-10T21:54:06.023+0000] {processor.py:925} INFO - DAG(s) '05_sensor' retrieved from /opt/airflow/dags/05_sensor.py
[2026-09-10T21:54:06.062+0000] {logging_mixin.py:190} INFO - [2026-09-10T21:54:06.062+0000] {dag.py:3239} INFO - Sync 1 DAGs
[2026-09-10T21:54:06.082+0000] {logging_mixin.py:190} INFO - [2026-09-10T21:54:06.082+0000] {dag.py:4180} INFO - Setting next_dagrun for 05_sensor to None, run_after=None
[2026-09-10T21:54:06.104+0000] {processor.py:208} INFO - Processing /opt/airflow/dags/05_sensor.py took 0.109 seconds
[2026-09-10T21:54:36.230+0000] {processor.py:186} INFO - Started process (PID=13474) to work on /opt/airflow/dags/05_sensor.py
[2026-09-10T21:54:36.232+0000] {processor.py:914} INFO - Processing file /opt/airflow/dags/05_sensor.py for tasks to queue
[2026-09-10T21:54:36.236+0000] {logging_mixin.py:190} INFO - [2026-09-10T21:54:36.236+0000] {dagbag.py:588} INFO - Filling up the DagBag from /opt/airflow/dags/05_sensor.py
[2026-09-10T21:54:36.250+0000] {processor.py:925} INFO - DAG(s) '05_sensor' retrieved from /opt/airflow/dags/05_sensor.py
[2026-09-10T21:54:36.292+0000] {logging_mixin.py:190} INFO - [2026-09-10T21:54:36.292+0000] {dag.py:3239} INFO - Sync 1 DAGs
[2026-09-10T21:54:36.310+0000] {logging_mixin.py:190} INFO - [2026-09-10T21:54:36.310+0000] {dag.py:4180} INFO - Setting next_dagrun for 05_sensor to None, run_after=None
[2026-09-10T21:54:36.335+0000] {processor.py:208} INFO - Processing /opt/airflow/dags/05_sensor.py took 0.114 seconds
[2026-09-10T21:55:06.447+0000] {processor.py:186} INFO - Started process (PID=13542) to work on /opt/airflow/dags/05_sensor.py
[2026-09-10T21:55:06.450+0000] {processor.py:914} INFO - Processing file /opt/airflow/dags/05_sensor.py for tasks to queue
[2026-09-10T21:55:06.454+0000] {logging_mixin.py:190} INFO - [2026-09-10T21:55:06.453+0000] {dagbag.py:588} INFO - Filling up the DagBag from /opt/airflow/dags/05_sensor.py
[2026-09-10T21:55:06.475+0000] {processor.py:925} INFO - DAG(s) '05_sensor' retrieved from /opt/airflow/dags/05_sensor.py
[2026-09-10T21:55:06.528+0000] {logging_mixin.py:190} INFO - [2026-09-10T21:55:06.528+0000] {dag.py:3239} INFO - Sync 1 DAGs
[2026-09-10T21:55:06.571+0000] {logging_mixin.py:190} INFO - [2026-09-10T21:55:06.571+0000] {dag.py:4180} INFO - Setting next_dagrun for 05_sensor to None, run_after=None
[2026-09-10T21:55:06.600+0000] {processor.py:208} INFO - Processing /opt/airflow/dags/05_sensor.py took 0.166 seconds
[2026-09-10T21:55:36.738+0000] {processor.py:186} INFO - Started process (PID=13614) to work on /opt/airflow/dags/05_sensor.py
[2026-09-10T21:55:36.739+0000] {processor.py:914} INFO - Processing file /opt/airflow/dags/05_sensor.py for tasks to queue
[2026-09-10T21:55:36.741+0000] {logging_mixin.py:190} INFO - [2026-09-10T21:55:36.741+0000] {dagbag.py:588} INFO - Filling up the DagBag from /opt/airflow/dags/05_sensor.py
[2026-09-10T21:55:36.752+0000] {processor.py:925} INFO - DAG(s) '05_sensor' retrieved from /opt/airflow/dags/05_sensor.py
[2026-09-10T21:55:36.785+0000] {logging_mixin.py:190} INFO - [2026-09-10T21:55:36.785+0000] {dag.py:3239} INFO - Sync 1 DAGs
[2026-09-10T21:55:36.803+0000] {logging_mixin.py:190} INFO - [2026-09-10T21:55:36.803+0000] {dag.py:4180} INFO - Setting next_dagrun for 05_sensor to None, run_after=None
[2026-09-10T21:55:36.824+0000] {processor.py:208} INFO - Processing /opt/airflow/dags/05_sensor.py took 0.094 seconds
[2026-09-10T21:56:06.981+0000] {processor.py:186} INFO - Started process (PID=13684) to work on /opt/airflow/dags/05_sensor.py
[2026-09-10T21:56:06.982+0000] {processor.py:914} INFO - Processing file /opt/airflow/dags/05_sensor.py for tasks to queue
[2026-09-10T21:56:06.985+0000] {logging_mixin.py:190} INFO - [2026-09-10T21:56:06.985+0000] {dagbag.py:588} INFO - Filling up the DagBag from /opt/airflow/dags/05_sensor.py
[2026-09-10T21:56:06.995+0000] {processor.py:925} INFO - DAG(s) '05_sensor' retrieved from /opt/airflow/dags/05_sensor.py
[2026-09-10T21:56:07.030+0000] {logging_mixin.py:190} INFO - [2026-09-10T21:56:07.030+0000] {dag.py:3239} INFO - Sync 1 DAGs
[2026-09-10T21:56:07.047+0000] {logging_mixin.py:190} INFO - [2026-09-10T21:56:07.047+0000] {dag.py:4180} INFO - Setting next_dagrun for 05_sensor to None, run_after=None
[2026-09-10T21:56:07.069+0000] {processor.py:208} INFO - Processing /opt/airflow/dags/05_sensor.py took 0.095 seconds
[2026-09-10T21:56:37.240+0000] {processor.py:186} INFO - Started process (PID=13754) to work on /opt/airflow/dags/05_sensor.py
[2026-09-10T21:56:37.241+0000] {processor.py:914} INFO - Processing file /opt/airflow/dags/05_sensor.py for tasks to queue
[2026-09-10T21:56:37.245+0000] {logging_mixin.py:190} INFO - [2026-09-10T21:56:37.244+0000] {dagbag.py:588} INFO - Filling up the DagBag from /opt/airflow/dags/05_sensor.py
[2026-09-10T21:56:37.256+0000] {processor.py:925} INFO - DAG(s) '05_sensor' retrieved from /opt/airflow/dags/05_sensor.py
[2026-09-10T21:56:37.288+0000] {logging_mixin.py:190} INFO - [2026-09-10T21:56:37.288+0000] {dag.py:3239} INFO - Sync 1 DAGs
[2026-09-10T21:56:37.306+0000] {logging_mixin.py:190} INFO - [2026-09-10T21:56:37.305+0000] {dag.py:4180} INFO - Setting next_dagrun for 05_sensor to None, run_after=None
[2026-09-10T21:56:37.324+0000] {processor.py:208} INFO - Processing /opt/airflow/dags/05_sensor.py took 0.093 seconds
[2026-09-10T21:57:08.264+0000] {processor.py:186} INFO - Started process (PID=13824) to work on /opt/airflow/dags/05_sensor.py
[2026-09-10T21:57:08.266+0000] {processor.py:914} INFO - Processing file /opt/airflow/dags/05_sensor.py for tasks to queue
[2026-09-10T21:57:08.270+0000] {logging_mixin.py:190} INFO - [2026-09-10T21:57:08.269+0000] {dagbag.py:588} INFO - Filling up the DagBag from /opt/airflow/dags/05_sensor.py
[2026-09-10T21:57:08.285+0000] {processor.py:925} INFO - DAG(s) '05_sensor' retrieved from /opt/airflow/dags/05_sensor.py
[2026-09-10T21:57:08.330+0000] {logging_mixin.py:190} INFO - [2026-09-10T21:57:08.330+0000] {dag.py:3239} INFO - Sync 1 DAGs
[2026-09-10T21:57:08.350+0000] {logging_mixin.py:190} INFO - [2026-09-10T21:57:08.350+0000] {dag.py:4180} INFO - Setting next_dagrun for 05_sensor to None, run_after=None
[2026-09-10T21:57:08.372+0000] {processor.py:208} INFO - Processing /opt/airflow/dags/05_sensor.py took 0.117 seconds
[2026-09-10T21:57:38.467+0000] {processor.py:186} INFO - Started process (PID=13894) to work on /opt/airflow/dags/05_sensor.py
[2026-09-10T21:57:38.468+0000] {processor.py:914} INFO - Processing file /opt/airflow/dags/05_sensor.py for tasks to queue
[2026-09-10T21:57:38.471+0000] {logging_mixin.py:190} INFO - [2026-09-10T21:57:38.470+0000] {dagbag.py:588} INFO - Filling up the DagBag from /opt/airflow/dags/05_sensor.py
[2026-09-10T21:57:38.484+0000] {processor.py:925} INFO - DAG(s) '05_sensor' retrieved from /opt/airflow/dags/05_sensor.py
[2026-09-10T21:57:38.525+0000] {logging_mixin.py:190} INFO - [2026-09-10T21:57:38.525+0000] {dag.py:3239} INFO - Sync 1 DAGs
[2026-09-10T21:57:38.545+0000] {logging_mixin.py:190} INFO - [2026-09-10T21:57:38.545+0000] {dag.py:4180} INFO - Setting next_dagrun for 05_sensor to None, run_after=None
[2026-09-10T21:57:38.567+0000] {processor.py:208} INFO - Processing /opt/airflow/dags/05_sensor.py took 0.114 seconds
[2026-09-10T21:58:08.684+0000] {processor.py:186} INFO - Started process (PID=13964) to work on /opt/airflow/dags/05_sensor.py
[2026-09-10T21:58:08.686+0000] {processor.py:914} INFO - Processing file /opt/airflow/dags/05_sensor.py for tasks to queue
[2026-09-10T21:58:08.689+0000] {logging_mixin.py:190} INFO - [2026-09-10T21:58:08.689+0000] {dagbag.py:588} INFO - Filling up the DagBag from /opt/airflow/dags/05_sensor.py
[2026-09-10T21:58:08.701+0000] {processor.py:925} INFO - DAG(s) '05_sensor' retrieved from /opt/airflow/dags/05_sensor.py
[2026-09-10T21:58:08.739+0000] {logging_mixin.py:190} INFO - [2026-09-10T21:58:08.739+0000] {dag.py:3239} INFO - Sync 1 DAGs
[2026-09-10T21:58:08.760+0000] {logging_mixin.py:190} INFO - [2026-09-10T21:58:08.760+0000] {dag.py:4180} INFO - Setting next_dagrun for 05_sensor to None, run_after=None
[2026-09-10T21:58:08.782+0000] {processor.py:208} INFO - Processing /opt/airflow/dags/05_sensor.py took 0.107 seconds
[2026-09-10T21:58:38.967+0000] {processor.py:186} INFO - Started process (PID=14034) to work on /opt/airflow/dags/05_sensor.py
[2026-09-10T21:58:38.968+0000] {processor.py:914} INFO - Processing file /opt/airflow/dags/05_sensor.py for tasks to queue
[2026-09-10T21:58:38.971+0000] {logging_mixin.py:190} INFO - [2026-09-10T21:58:38.971+0000] {dagbag.py:588} INFO - Filling up the DagBag from /opt/airflow/dags/05_sensor.py
[2026-09-10T21:58:38.982+0000] {processor.py:925} INFO - DAG(s) '05_sensor' retrieved from /opt/airflow/dags/05_sensor.py
[2026-09-10T21:58:39.033+0000] {logging_mixin.py:190} INFO - [2026-09-10T21:58:39.033+0000] {dag.py:3239} INFO - Sync 1 DAGs
[2026-09-10T21:58:39.052+0000] {logging_mixin.py:190} INFO - [2026-09-10T21:58:39.052+0000] {dag.py:4180} INFO - Setting next_dagrun for 05_sensor to None, run_after=None
[2026-09-10T21:58:39.078+0000] {processor.py:208} INFO - Processing /opt/airflow/dags/05_sensor.py took 0.120 seconds
[2026-09-10T21:59:10.016+0000] {processor.py:186} INFO - Started process (PID=14104) to work on /opt/airflow/dags/05_sensor.py
[2026-09-10T21:59:10.018+0000] {processor.py:914} INFO - Processing file /opt/airflow/dags/05_sensor.py for tasks to queue
[2026-09-10T21:59:10.020+0000] {logging_mixin.py:190} INFO - [2026-09-10T21:59:10.020+0000] {dagbag.py:588} INFO - Filling up the DagBag from /opt/airflow/dags/05_sensor.py
[2026-09-10T21:59:10.029+0000] {processor.py:925} INFO - DAG(s) '05_sensor' retrieved from /opt/airflow/dags/05_sensor.py
[2026-09-10T21:59:10.065+0000] {logging_mixin.py:190} INFO - [2026-09-10T21:59:10.064+0000] {dag.py:3239} INFO - Sync 1 DAGs
[2026-09-10T21:59:10.086+0000] {logging_mixin.py:190} INFO - [2026-09-10T21:59:10.086+0000] {dag.py:4180} INFO - Setting next_dagrun for 05_sensor to None, run_after=None
[2026-09-10T21:59:10.108+0000] {processor.py:208} INFO - Processing /opt/airflow/dags/05_sensor.py took 0.100 seconds
[2026-09-10T21:59:40.984+0000] {processor.py:186} INFO - Started process (PID=14174) to work on /opt/airflow/dags/05_sensor.py
[2026-09-10T21:59:40.986+0000] {processor.py:914} INFO - Processing file /opt/airflow/dags/05_sensor.py for tasks to queue
[2026-09-10T21:59:40.989+0000] {logging_mixin.py:190} INFO - [2026-09-10T21:59:40.988+0000] {dagbag.py:588} INFO - Filling up the DagBag from /opt/airflow/dags/05_sensor.py
[2026-09-10T21:59:40.999+0000] {processor.py:925} INFO - DAG(s) '05_sensor' retrieved from /opt/airflow/dags/05_sensor.py
[2026-09-10T21:59:41.040+0000] {logging_mixin.py:190} INFO - [2026-09-10T21:59:41.040+0000] {dag.py:3239} INFO - Sync 1 DAGs
[2026-09-10T21:59:41.057+0000] {logging_mixin.py:190} INFO - [2026-09-10T21:59:41.057+0000] {dag.py:4180} INFO - Setting next_dagrun for 05_sensor to None, run_after=None
[2026-09-10T21:59:41.085+0000] {processor.py:208} INFO - Processing /opt/airflow/dags/05_sensor.py took 0.108 seconds
[2026-09-10T22:00:11.235+0000] {processor.py:186} INFO - Started process (PID=14244) to work on /opt/airflow/dags/05_sensor.py
[2026-09-10T22:00:11.237+0000] {processor.py:914} INFO - Processing file /opt/airflow/dags/05_sensor.py for tasks to queue
[2026-09-10T22:00:11.240+0000] {logging_mixin.py:190} INFO - [2026-09-10T22:00:11.240+0000] {dagbag.py:588} INFO - Filling up the DagBag from /opt/airflow/dags/05_sensor.py
[2026-09-10T22:00:11.256+0000] {processor.py:925} INFO - DAG(s) '05_sensor' retrieved from /opt/airflow/dags/05_sensor.py
[2026-09-10T22:00:11.291+0000] {logging_mixin.py:190} INFO - [2026-09-10T22:00:11.291+0000] {dag.py:3239} INFO - Sync 1 DAGs
[2026-09-10T22:00:11.308+0000] {logging_mixin.py:190} INFO - [2026-09-10T22:00:11.307+0000] {dag.py:4180} INFO - Setting next_dagrun for 05_sensor to None, run_after=None
[2026-09-10T22:00:11.331+0000] {processor.py:208} INFO - Processing /opt/airflow/dags/05_sensor.py took 0.105 seconds
[2026-09-10T22:00:41.408+0000] {processor.py:186} INFO - Started process (PID=14314) to work on /opt/airflow/dags/05_sensor.py
[2026-09-10T22:00:41.409+0000] {processor.py:914} INFO - Processing file /opt/airflow/dags/05_sensor.py for tasks to queue
[2026-09-10T22:00:41.412+0000] {logging_mixin.py:190} INFO - [2026-09-10T22:00:41.412+0000] {dagbag.py:588} INFO - Filling up the DagBag from /opt/airflow/dags/05_sensor.py
[2026-09-10T22:00:41.425+0000] {processor.py:925} INFO - DAG(s) '05_sensor' retrieved from /opt/airflow/dags/05_sensor.py
[2026-09-10T22:00:41.467+0000] {logging_mixin.py:190} INFO - [2026-09-10T22:00:41.467+0000] {dag.py:3239} INFO - Sync 1 DAGs
[2026-09-10T22:00:41.489+0000] {logging_mixin.py:190} INFO - [2026-09-10T22:00:41.489+0000] {dag.py:4180} INFO - Setting next_dagrun for 05_sensor to None, run_after=None
[2026-09-10T22:00:41.513+0000] {processor.py:208} INFO - Processing /opt/airflow/dags/05_sensor.py took 0.115 seconds
