[2026-09-10T02:40:44.787+0000] {processor.py:186} INFO - Started process (PID=173) to work on /opt/airflow/dags/10_sql_operator_pro.py
[2026-09-10T02:40:44.788+0000] {processor.py:914} INFO - Processing file /opt/airflow/dags/10_sql_operator_pro.py for tasks to queue
[2026-09-10T02:40:44.792+0000] {logging_mixin.py:190} INFO - [2026-09-10T02:40:44.792+0000] {dagbag.py:588} INFO - Filling up the DagBag from /opt/airflow/dags/10_sql_operator_pro.py
[2026-09-10T02:40:44.814+0000] {processor.py:925} INFO - DAG(s) '10_sql_operator_pro' retrieved from /opt/airflow/dags/10_sql_operator_pro.py
[2026-09-10T02:40:44.982+0000] {logging_mixin.py:190} INFO - [2026-09-10T02:40:44.981+0000] {override.py:1911} INFO - Created Permission View: can edit on DAG:10_sql_operator_pro
[2026-09-10T02:40:44.993+0000] {logging_mixin.py:190} INFO - [2026-09-10T02:40:44.992+0000] {override.py:1911} INFO - Created Permission View: can delete on DAG:10_sql_operator_pro
[2026-09-10T02:40:45.002+0000] {logging_mixin.py:190} INFO - [2026-09-10T02:40:45.002+0000] {override.py:1911} INFO - Created Permission View: can read on DAG:10_sql_operator_pro
[2026-09-10T02:40:45.020+0000] {logging_mixin.py:190} INFO - [2026-09-10T02:40:45.019+0000] {override.py:1911} INFO - Created Permission View: can create on DAG Run:10_sql_operator_pro
[2026-09-10T02:40:45.030+0000] {logging_mixin.py:190} INFO - [2026-09-10T02:40:45.030+0000] {override.py:1911} INFO - Created Permission View: menu access on DAG Run:10_sql_operator_pro
[2026-09-10T02:40:45.037+0000] {logging_mixin.py:190} INFO - [2026-09-10T02:40:45.037+0000] {override.py:1911} INFO - Created Permission View: can delete on DAG Run:10_sql_operator_pro
[2026-09-10T02:40:45.044+0000] {logging_mixin.py:190} INFO - [2026-09-10T02:40:45.044+0000] {override.py:1911} INFO - Created Permission View: can read on DAG Run:10_sql_operator_pro
[2026-09-10T02:40:45.045+0000] {logging_mixin.py:190} INFO - [2026-09-10T02:40:45.045+0000] {dag.py:3239} INFO - Sync 1 DAGs
[2026-09-10T02:40:45.067+0000] {logging_mixin.py:190} INFO - [2026-09-10T02:40:45.067+0000] {dag.py:3262} INFO - Creating ORM DAG for 10_sql_operator_pro
[2026-09-10T02:40:45.068+0000] {logging_mixin.py:190} INFO - [2026-09-10T02:40:45.068+0000] {dag.py:4180} INFO - Setting next_dagrun for 10_sql_operator_pro to None, run_after=None
[2026-09-10T02:40:45.092+0000] {processor.py:208} INFO - Processing /opt/airflow/dags/10_sql_operator_pro.py took 0.315 seconds
[2026-09-10T02:41:15.530+0000] {processor.py:186} INFO - Started process (PID=223) to work on /opt/airflow/dags/10_sql_operator_pro.py
[2026-09-10T02:41:15.533+0000] {processor.py:914} INFO - Processing file /opt/airflow/dags/10_sql_operator_pro.py for tasks to queue
[2026-09-10T02:41:15.536+0000] {logging_mixin.py:190} INFO - [2026-09-10T02:41:15.536+0000] {dagbag.py:588} INFO - Filling up the DagBag from /opt/airflow/dags/10_sql_operator_pro.py
[2026-09-10T02:41:15.550+0000] {processor.py:925} INFO - DAG(s) '10_sql_operator_pro' retrieved from /opt/airflow/dags/10_sql_operator_pro.py
[2026-09-10T02:41:15.595+0000] {logging_mixin.py:190} INFO - [2026-09-10T02:41:15.595+0000] {dag.py:3239} INFO - Sync 1 DAGs
[2026-09-10T02:41:15.614+0000] {logging_mixin.py:190} INFO - [2026-09-10T02:41:15.614+0000] {dag.py:4180} INFO - Setting next_dagrun for 10_sql_operator_pro to None, run_after=None
[2026-09-10T02:41:15.642+0000] {processor.py:208} INFO - Processing /opt/airflow/dags/10_sql_operator_pro.py took 0.122 seconds
[2026-09-10T02:41:46.482+0000] {processor.py:186} INFO - Started process (PID=273) to work on /opt/airflow/dags/10_sql_operator_pro.py
[2026-09-10T02:41:46.483+0000] {processor.py:914} INFO - Processing file /opt/airflow/dags/10_sql_operator_pro.py for tasks to queue
[2026-09-10T02:41:46.485+0000] {logging_mixin.py:190} INFO - [2026-09-10T02:41:46.485+0000] {dagbag.py:588} INFO - Filling up the DagBag from /opt/airflow/dags/10_sql_operator_pro.py
[2026-09-10T02:41:46.498+0000] {processor.py:925} INFO - DAG(s) '10_sql_operator_pro' retrieved from /opt/airflow/dags/10_sql_operator_pro.py
[2026-09-10T02:41:46.538+0000] {logging_mixin.py:190} INFO - [2026-09-10T02:41:46.537+0000] {dag.py:3239} INFO - Sync 1 DAGs
[2026-09-10T02:41:46.552+0000] {logging_mixin.py:190} INFO - [2026-09-10T02:41:46.552+0000] {dag.py:4180} INFO - Setting next_dagrun for 10_sql_operator_pro to None, run_after=None
[2026-09-10T02:41:46.572+0000] {processor.py:208} INFO - Processing /opt/airflow/dags/10_sql_operator_pro.py took 0.097 seconds
[2026-09-10T02:42:17.405+0000] {processor.py:186} INFO - Started process (PID=321) to work on /opt/airflow/dags/10_sql_operator_pro.py
[2026-09-10T02:42:17.408+0000] {processor.py:914} INFO - Processing file /opt/airflow/dags/10_sql_operator_pro.py for tasks to queue
[2026-09-10T02:42:17.414+0000] {logging_mixin.py:190} INFO - [2026-09-10T02:42:17.413+0000] {dagbag.py:588} INFO - Filling up the DagBag from /opt/airflow/dags/10_sql_operator_pro.py
[2026-09-10T02:42:17.429+0000] {processor.py:925} INFO - DAG(s) '10_sql_operator_pro' retrieved from /opt/airflow/dags/10_sql_operator_pro.py
[2026-09-10T02:42:17.516+0000] {logging_mixin.py:190} INFO - [2026-09-10T02:42:17.516+0000] {dag.py:3239} INFO - Sync 1 DAGs
[2026-09-10T02:42:17.545+0000] {logging_mixin.py:190} INFO - [2026-09-10T02:42:17.545+0000] {dag.py:4180} INFO - Setting next_dagrun for 10_sql_operator_pro to None, run_after=None
[2026-09-10T02:42:17.611+0000] {processor.py:208} INFO - Processing /opt/airflow/dags/10_sql_operator_pro.py took 0.221 seconds
[2026-09-10T02:42:47.675+0000] {processor.py:186} INFO - Started process (PID=373) to work on /opt/airflow/dags/10_sql_operator_pro.py
[2026-09-10T02:42:47.676+0000] {processor.py:914} INFO - Processing file /opt/airflow/dags/10_sql_operator_pro.py for tasks to queue
[2026-09-10T02:42:47.679+0000] {logging_mixin.py:190} INFO - [2026-09-10T02:42:47.679+0000] {dagbag.py:588} INFO - Filling up the DagBag from /opt/airflow/dags/10_sql_operator_pro.py
[2026-09-10T02:42:47.695+0000] {processor.py:925} INFO - DAG(s) '10_sql_operator_pro' retrieved from /opt/airflow/dags/10_sql_operator_pro.py
[2026-09-10T02:42:47.748+0000] {logging_mixin.py:190} INFO - [2026-09-10T02:42:47.748+0000] {dag.py:3239} INFO - Sync 1 DAGs
[2026-09-10T02:42:47.770+0000] {logging_mixin.py:190} INFO - [2026-09-10T02:42:47.770+0000] {dag.py:4180} INFO - Setting next_dagrun for 10_sql_operator_pro to None, run_after=None
[2026-09-10T02:42:47.793+0000] {processor.py:208} INFO - Processing /opt/airflow/dags/10_sql_operator_pro.py took 0.125 seconds
[2026-09-10T02:43:18.687+0000] {processor.py:186} INFO - Started process (PID=426) to work on /opt/airflow/dags/10_sql_operator_pro.py
[2026-09-10T02:43:18.691+0000] {processor.py:914} INFO - Processing file /opt/airflow/dags/10_sql_operator_pro.py for tasks to queue
[2026-09-10T02:43:18.697+0000] {logging_mixin.py:190} INFO - [2026-09-10T02:43:18.696+0000] {dagbag.py:588} INFO - Filling up the DagBag from /opt/airflow/dags/10_sql_operator_pro.py
[2026-09-10T02:43:18.726+0000] {processor.py:925} INFO - DAG(s) '10_sql_operator_pro' retrieved from /opt/airflow/dags/10_sql_operator_pro.py
[2026-09-10T02:43:18.820+0000] {logging_mixin.py:190} INFO - [2026-09-10T02:43:18.819+0000] {dag.py:3239} INFO - Sync 1 DAGs
[2026-09-10T02:43:18.846+0000] {logging_mixin.py:190} INFO - [2026-09-10T02:43:18.846+0000] {dag.py:4180} INFO - Setting next_dagrun for 10_sql_operator_pro to None, run_after=None
[2026-09-10T02:43:18.880+0000] {processor.py:208} INFO - Processing /opt/airflow/dags/10_sql_operator_pro.py took 0.215 seconds
[2026-09-10T02:43:49.760+0000] {processor.py:186} INFO - Started process (PID=476) to work on /opt/airflow/dags/10_sql_operator_pro.py
[2026-09-10T02:43:49.761+0000] {processor.py:914} INFO - Processing file /opt/airflow/dags/10_sql_operator_pro.py for tasks to queue
[2026-09-10T02:43:49.767+0000] {logging_mixin.py:190} INFO - [2026-09-10T02:43:49.766+0000] {dagbag.py:588} INFO - Filling up the DagBag from /opt/airflow/dags/10_sql_operator_pro.py
[2026-09-10T02:43:49.789+0000] {processor.py:925} INFO - DAG(s) '10_sql_operator_pro' retrieved from /opt/airflow/dags/10_sql_operator_pro.py
[2026-09-10T02:43:49.859+0000] {logging_mixin.py:190} INFO - [2026-09-10T02:43:49.859+0000] {dag.py:3239} INFO - Sync 1 DAGs
[2026-09-10T02:43:49.885+0000] {logging_mixin.py:190} INFO - [2026-09-10T02:43:49.885+0000] {dag.py:4180} INFO - Setting next_dagrun for 10_sql_operator_pro to None, run_after=None
[2026-09-10T02:43:49.919+0000] {processor.py:208} INFO - Processing /opt/airflow/dags/10_sql_operator_pro.py took 0.172 seconds
[2026-09-10T02:44:20.858+0000] {processor.py:186} INFO - Started process (PID=526) to work on /opt/airflow/dags/10_sql_operator_pro.py
[2026-09-10T02:44:20.859+0000] {processor.py:914} INFO - Processing file /opt/airflow/dags/10_sql_operator_pro.py for tasks to queue
[2026-09-10T02:44:20.862+0000] {logging_mixin.py:190} INFO - [2026-09-10T02:44:20.861+0000] {dagbag.py:588} INFO - Filling up the DagBag from /opt/airflow/dags/10_sql_operator_pro.py
[2026-09-10T02:44:20.873+0000] {processor.py:925} INFO - DAG(s) '10_sql_operator_pro' retrieved from /opt/airflow/dags/10_sql_operator_pro.py
[2026-09-10T02:44:20.910+0000] {logging_mixin.py:190} INFO - [2026-09-10T02:44:20.910+0000] {dag.py:3239} INFO - Sync 1 DAGs
[2026-09-10T02:44:21.096+0000] {logging_mixin.py:190} INFO - [2026-09-10T02:44:21.096+0000] {dag.py:4180} INFO - Setting next_dagrun for 10_sql_operator_pro to None, run_after=None
[2026-09-10T02:44:21.114+0000] {processor.py:208} INFO - Processing /opt/airflow/dags/10_sql_operator_pro.py took 0.263 seconds
[2026-09-10T02:44:52.139+0000] {processor.py:186} INFO - Started process (PID=576) to work on /opt/airflow/dags/10_sql_operator_pro.py
[2026-09-10T02:44:52.140+0000] {processor.py:914} INFO - Processing file /opt/airflow/dags/10_sql_operator_pro.py for tasks to queue
[2026-09-10T02:44:52.143+0000] {logging_mixin.py:190} INFO - [2026-09-10T02:44:52.142+0000] {dagbag.py:588} INFO - Filling up the DagBag from /opt/airflow/dags/10_sql_operator_pro.py
[2026-09-10T02:44:52.157+0000] {processor.py:925} INFO - DAG(s) '10_sql_operator_pro' retrieved from /opt/airflow/dags/10_sql_operator_pro.py
[2026-09-10T02:44:52.203+0000] {logging_mixin.py:190} INFO - [2026-09-10T02:44:52.203+0000] {dag.py:3239} INFO - Sync 1 DAGs
[2026-09-10T02:44:52.220+0000] {logging_mixin.py:190} INFO - [2026-09-10T02:44:52.220+0000] {dag.py:4180} INFO - Setting next_dagrun for 10_sql_operator_pro to None, run_after=None
[2026-09-10T02:44:52.242+0000] {processor.py:208} INFO - Processing /opt/airflow/dags/10_sql_operator_pro.py took 0.115 seconds
[2026-09-10T02:45:22.339+0000] {processor.py:186} INFO - Started process (PID=626) to work on /opt/airflow/dags/10_sql_operator_pro.py
[2026-09-10T02:45:22.341+0000] {processor.py:914} INFO - Processing file /opt/airflow/dags/10_sql_operator_pro.py for tasks to queue
[2026-09-10T02:45:22.343+0000] {logging_mixin.py:190} INFO - [2026-09-10T02:45:22.343+0000] {dagbag.py:588} INFO - Filling up the DagBag from /opt/airflow/dags/10_sql_operator_pro.py
[2026-09-10T02:45:22.354+0000] {processor.py:925} INFO - DAG(s) '10_sql_operator_pro' retrieved from /opt/airflow/dags/10_sql_operator_pro.py
[2026-09-10T02:45:22.392+0000] {logging_mixin.py:190} INFO - [2026-09-10T02:45:22.392+0000] {dag.py:3239} INFO - Sync 1 DAGs
[2026-09-10T02:45:22.566+0000] {logging_mixin.py:190} INFO - [2026-09-10T02:45:22.566+0000] {dag.py:4180} INFO - Setting next_dagrun for 10_sql_operator_pro to None, run_after=None
[2026-09-10T02:45:22.583+0000] {processor.py:208} INFO - Processing /opt/airflow/dags/10_sql_operator_pro.py took 0.250 seconds
[2026-09-10T02:45:52.911+0000] {processor.py:186} INFO - Started process (PID=676) to work on /opt/airflow/dags/10_sql_operator_pro.py
[2026-09-10T02:45:52.912+0000] {processor.py:914} INFO - Processing file /opt/airflow/dags/10_sql_operator_pro.py for tasks to queue
[2026-09-10T02:45:52.914+0000] {logging_mixin.py:190} INFO - [2026-09-10T02:45:52.914+0000] {dagbag.py:588} INFO - Filling up the DagBag from /opt/airflow/dags/10_sql_operator_pro.py
[2026-09-10T02:45:52.926+0000] {processor.py:925} INFO - DAG(s) '10_sql_operator_pro' retrieved from /opt/airflow/dags/10_sql_operator_pro.py
[2026-09-10T02:45:52.964+0000] {logging_mixin.py:190} INFO - [2026-09-10T02:45:52.964+0000] {dag.py:3239} INFO - Sync 1 DAGs
[2026-09-10T02:45:52.979+0000] {logging_mixin.py:190} INFO - [2026-09-10T02:45:52.979+0000] {dag.py:4180} INFO - Setting next_dagrun for 10_sql_operator_pro to None, run_after=None
[2026-09-10T02:45:52.998+0000] {processor.py:208} INFO - Processing /opt/airflow/dags/10_sql_operator_pro.py took 0.094 seconds
[2026-09-10T02:46:24.251+0000] {processor.py:186} INFO - Started process (PID=726) to work on /opt/airflow/dags/10_sql_operator_pro.py
[2026-09-10T02:46:24.253+0000] {processor.py:914} INFO - Processing file /opt/airflow/dags/10_sql_operator_pro.py for tasks to queue
[2026-09-10T02:46:24.255+0000] {logging_mixin.py:190} INFO - [2026-09-10T02:46:24.255+0000] {dagbag.py:588} INFO - Filling up the DagBag from /opt/airflow/dags/10_sql_operator_pro.py
[2026-09-10T02:46:24.266+0000] {processor.py:925} INFO - DAG(s) '10_sql_operator_pro' retrieved from /opt/airflow/dags/10_sql_operator_pro.py
[2026-09-10T02:46:24.307+0000] {logging_mixin.py:190} INFO - [2026-09-10T02:46:24.306+0000] {dag.py:3239} INFO - Sync 1 DAGs
[2026-09-10T02:46:24.481+0000] {logging_mixin.py:190} INFO - [2026-09-10T02:46:24.480+0000] {dag.py:4180} INFO - Setting next_dagrun for 10_sql_operator_pro to None, run_after=None
[2026-09-10T02:46:24.497+0000] {processor.py:208} INFO - Processing /opt/airflow/dags/10_sql_operator_pro.py took 0.253 seconds
[2026-09-10T02:46:54.844+0000] {processor.py:186} INFO - Started process (PID=776) to work on /opt/airflow/dags/10_sql_operator_pro.py
[2026-09-10T02:46:54.845+0000] {processor.py:914} INFO - Processing file /opt/airflow/dags/10_sql_operator_pro.py for tasks to queue
[2026-09-10T02:46:54.848+0000] {logging_mixin.py:190} INFO - [2026-09-10T02:46:54.847+0000] {dagbag.py:588} INFO - Filling up the DagBag from /opt/airflow/dags/10_sql_operator_pro.py
[2026-09-10T02:46:54.859+0000] {processor.py:925} INFO - DAG(s) '10_sql_operator_pro' retrieved from /opt/airflow/dags/10_sql_operator_pro.py
[2026-09-10T02:46:54.897+0000] {logging_mixin.py:190} INFO - [2026-09-10T02:46:54.896+0000] {dag.py:3239} INFO - Sync 1 DAGs
[2026-09-10T02:46:54.912+0000] {logging_mixin.py:190} INFO - [2026-09-10T02:46:54.912+0000] {dag.py:4180} INFO - Setting next_dagrun for 10_sql_operator_pro to None, run_after=None
[2026-09-10T02:46:54.930+0000] {processor.py:208} INFO - Processing /opt/airflow/dags/10_sql_operator_pro.py took 0.093 seconds
[2026-09-10T02:47:25.960+0000] {processor.py:186} INFO - Started process (PID=826) to work on /opt/airflow/dags/10_sql_operator_pro.py
[2026-09-10T02:47:25.962+0000] {processor.py:914} INFO - Processing file /opt/airflow/dags/10_sql_operator_pro.py for tasks to queue
[2026-09-10T02:47:25.965+0000] {logging_mixin.py:190} INFO - [2026-09-10T02:47:25.965+0000] {dagbag.py:588} INFO - Filling up the DagBag from /opt/airflow/dags/10_sql_operator_pro.py
[2026-09-10T02:47:25.977+0000] {processor.py:925} INFO - DAG(s) '10_sql_operator_pro' retrieved from /opt/airflow/dags/10_sql_operator_pro.py
[2026-09-10T02:47:26.020+0000] {logging_mixin.py:190} INFO - [2026-09-10T02:47:26.019+0000] {dag.py:3239} INFO - Sync 1 DAGs
[2026-09-10T02:47:26.239+0000] {logging_mixin.py:190} INFO - [2026-09-10T02:47:26.239+0000] {dag.py:4180} INFO - Setting next_dagrun for 10_sql_operator_pro to None, run_after=None
[2026-09-10T02:47:26.257+0000] {processor.py:208} INFO - Processing /opt/airflow/dags/10_sql_operator_pro.py took 0.305 seconds
[2026-09-10T02:47:56.321+0000] {processor.py:186} INFO - Started process (PID=876) to work on /opt/airflow/dags/10_sql_operator_pro.py
[2026-09-10T02:47:56.322+0000] {processor.py:914} INFO - Processing file /opt/airflow/dags/10_sql_operator_pro.py for tasks to queue
[2026-09-10T02:47:56.324+0000] {logging_mixin.py:190} INFO - [2026-09-10T02:47:56.324+0000] {dagbag.py:588} INFO - Filling up the DagBag from /opt/airflow/dags/10_sql_operator_pro.py
[2026-09-10T02:47:56.335+0000] {processor.py:925} INFO - DAG(s) '10_sql_operator_pro' retrieved from /opt/airflow/dags/10_sql_operator_pro.py
[2026-09-10T02:47:56.373+0000] {logging_mixin.py:190} INFO - [2026-09-10T02:47:56.372+0000] {dag.py:3239} INFO - Sync 1 DAGs
[2026-09-10T02:47:56.388+0000] {logging_mixin.py:190} INFO - [2026-09-10T02:47:56.388+0000] {dag.py:4180} INFO - Setting next_dagrun for 10_sql_operator_pro to None, run_after=None
[2026-09-10T02:47:56.419+0000] {processor.py:208} INFO - Processing /opt/airflow/dags/10_sql_operator_pro.py took 0.105 seconds
[2026-09-10T02:48:27.932+0000] {processor.py:186} INFO - Started process (PID=926) to work on /opt/airflow/dags/10_sql_operator_pro.py
[2026-09-10T02:48:27.933+0000] {processor.py:914} INFO - Processing file /opt/airflow/dags/10_sql_operator_pro.py for tasks to queue
[2026-09-10T02:48:27.937+0000] {logging_mixin.py:190} INFO - [2026-09-10T02:48:27.936+0000] {dagbag.py:588} INFO - Filling up the DagBag from /opt/airflow/dags/10_sql_operator_pro.py
[2026-09-10T02:48:27.964+0000] {processor.py:925} INFO - DAG(s) '10_sql_operator_pro' retrieved from /opt/airflow/dags/10_sql_operator_pro.py
[2026-09-10T02:48:28.018+0000] {logging_mixin.py:190} INFO - [2026-09-10T02:48:28.018+0000] {dag.py:3239} INFO - Sync 1 DAGs
[2026-09-10T02:48:28.462+0000] {logging_mixin.py:190} INFO - [2026-09-10T02:48:28.462+0000] {dag.py:4180} INFO - Setting next_dagrun for 10_sql_operator_pro to None, run_after=None
[2026-09-10T02:48:28.486+0000] {processor.py:208} INFO - Processing /opt/airflow/dags/10_sql_operator_pro.py took 0.573 seconds
[2026-09-10T02:48:59.139+0000] {processor.py:186} INFO - Started process (PID=976) to work on /opt/airflow/dags/10_sql_operator_pro.py
[2026-09-10T02:48:59.141+0000] {processor.py:914} INFO - Processing file /opt/airflow/dags/10_sql_operator_pro.py for tasks to queue
[2026-09-10T02:48:59.145+0000] {logging_mixin.py:190} INFO - [2026-09-10T02:48:59.144+0000] {dagbag.py:588} INFO - Filling up the DagBag from /opt/airflow/dags/10_sql_operator_pro.py
[2026-09-10T02:48:59.159+0000] {processor.py:925} INFO - DAG(s) '10_sql_operator_pro' retrieved from /opt/airflow/dags/10_sql_operator_pro.py
[2026-09-10T02:48:59.206+0000] {logging_mixin.py:190} INFO - [2026-09-10T02:48:59.206+0000] {dag.py:3239} INFO - Sync 1 DAGs
[2026-09-10T02:48:59.224+0000] {logging_mixin.py:190} INFO - [2026-09-10T02:48:59.223+0000] {dag.py:4180} INFO - Setting next_dagrun for 10_sql_operator_pro to None, run_after=None
[2026-09-10T02:48:59.245+0000] {processor.py:208} INFO - Processing /opt/airflow/dags/10_sql_operator_pro.py took 0.115 seconds
[2026-09-10T02:49:29.414+0000] {processor.py:186} INFO - Started process (PID=1026) to work on /opt/airflow/dags/10_sql_operator_pro.py
[2026-09-10T02:49:29.415+0000] {processor.py:914} INFO - Processing file /opt/airflow/dags/10_sql_operator_pro.py for tasks to queue
[2026-09-10T02:49:29.417+0000] {logging_mixin.py:190} INFO - [2026-09-10T02:49:29.417+0000] {dagbag.py:588} INFO - Filling up the DagBag from /opt/airflow/dags/10_sql_operator_pro.py
[2026-09-10T02:49:29.430+0000] {processor.py:925} INFO - DAG(s) '10_sql_operator_pro' retrieved from /opt/airflow/dags/10_sql_operator_pro.py
[2026-09-10T02:49:29.475+0000] {logging_mixin.py:190} INFO - [2026-09-10T02:49:29.475+0000] {dag.py:3239} INFO - Sync 1 DAGs
[2026-09-10T02:49:29.672+0000] {logging_mixin.py:190} INFO - [2026-09-10T02:49:29.672+0000] {dag.py:4180} INFO - Setting next_dagrun for 10_sql_operator_pro to None, run_after=None
[2026-09-10T02:49:29.688+0000] {processor.py:208} INFO - Processing /opt/airflow/dags/10_sql_operator_pro.py took 0.282 seconds
[2026-09-10T02:50:00.154+0000] {processor.py:186} INFO - Started process (PID=1076) to work on /opt/airflow/dags/10_sql_operator_pro.py
[2026-09-10T02:50:00.155+0000] {processor.py:914} INFO - Processing file /opt/airflow/dags/10_sql_operator_pro.py for tasks to queue
[2026-09-10T02:50:00.159+0000] {logging_mixin.py:190} INFO - [2026-09-10T02:50:00.158+0000] {dagbag.py:588} INFO - Filling up the DagBag from /opt/airflow/dags/10_sql_operator_pro.py
[2026-09-10T02:50:00.173+0000] {processor.py:925} INFO - DAG(s) '10_sql_operator_pro' retrieved from /opt/airflow/dags/10_sql_operator_pro.py
[2026-09-10T02:50:00.228+0000] {logging_mixin.py:190} INFO - [2026-09-10T02:50:00.227+0000] {dag.py:3239} INFO - Sync 1 DAGs
[2026-09-10T02:50:00.250+0000] {logging_mixin.py:190} INFO - [2026-09-10T02:50:00.249+0000] {dag.py:4180} INFO - Setting next_dagrun for 10_sql_operator_pro to None, run_after=None
[2026-09-10T02:50:00.275+0000] {processor.py:208} INFO - Processing /opt/airflow/dags/10_sql_operator_pro.py took 0.129 seconds
[2026-09-10T02:50:31.257+0000] {processor.py:186} INFO - Started process (PID=1124) to work on /opt/airflow/dags/10_sql_operator_pro.py
[2026-09-10T02:50:31.261+0000] {processor.py:914} INFO - Processing file /opt/airflow/dags/10_sql_operator_pro.py for tasks to queue
[2026-09-10T02:50:31.265+0000] {logging_mixin.py:190} INFO - [2026-09-10T02:50:31.264+0000] {dagbag.py:588} INFO - Filling up the DagBag from /opt/airflow/dags/10_sql_operator_pro.py
[2026-09-10T02:50:31.279+0000] {processor.py:925} INFO - DAG(s) '10_sql_operator_pro' retrieved from /opt/airflow/dags/10_sql_operator_pro.py
[2026-09-10T02:50:31.320+0000] {logging_mixin.py:190} INFO - [2026-09-10T02:50:31.320+0000] {dag.py:3239} INFO - Sync 1 DAGs
[2026-09-10T02:50:31.566+0000] {logging_mixin.py:190} INFO - [2026-09-10T02:50:31.566+0000] {dag.py:4180} INFO - Setting next_dagrun for 10_sql_operator_pro to None, run_after=None
[2026-09-10T02:50:31.588+0000] {processor.py:208} INFO - Processing /opt/airflow/dags/10_sql_operator_pro.py took 0.339 seconds
[2026-09-10T02:51:01.779+0000] {processor.py:186} INFO - Started process (PID=1176) to work on /opt/airflow/dags/10_sql_operator_pro.py
[2026-09-10T02:51:01.780+0000] {processor.py:914} INFO - Processing file /opt/airflow/dags/10_sql_operator_pro.py for tasks to queue
[2026-09-10T02:51:01.783+0000] {logging_mixin.py:190} INFO - [2026-09-10T02:51:01.783+0000] {dagbag.py:588} INFO - Filling up the DagBag from /opt/airflow/dags/10_sql_operator_pro.py
[2026-09-10T02:51:01.798+0000] {processor.py:925} INFO - DAG(s) '10_sql_operator_pro' retrieved from /opt/airflow/dags/10_sql_operator_pro.py
[2026-09-10T02:51:01.845+0000] {logging_mixin.py:190} INFO - [2026-09-10T02:51:01.845+0000] {dag.py:3239} INFO - Sync 1 DAGs
[2026-09-10T02:51:01.867+0000] {logging_mixin.py:190} INFO - [2026-09-10T02:51:01.867+0000] {dag.py:4180} INFO - Setting next_dagrun for 10_sql_operator_pro to None, run_after=None
[2026-09-10T02:51:01.894+0000] {processor.py:208} INFO - Processing /opt/airflow/dags/10_sql_operator_pro.py took 0.125 seconds
[2026-09-10T02:51:33.967+0000] {processor.py:186} INFO - Started process (PID=1226) to work on /opt/airflow/dags/10_sql_operator_pro.py
[2026-09-10T02:51:33.968+0000] {processor.py:914} INFO - Processing file /opt/airflow/dags/10_sql_operator_pro.py for tasks to queue
[2026-09-10T02:51:33.971+0000] {logging_mixin.py:190} INFO - [2026-09-10T02:51:33.971+0000] {dagbag.py:588} INFO - Filling up the DagBag from /opt/airflow/dags/10_sql_operator_pro.py
[2026-09-10T02:51:33.984+0000] {processor.py:925} INFO - DAG(s) '10_sql_operator_pro' retrieved from /opt/airflow/dags/10_sql_operator_pro.py
[2026-09-10T02:51:34.030+0000] {logging_mixin.py:190} INFO - [2026-09-10T02:51:34.030+0000] {dag.py:3239} INFO - Sync 1 DAGs
[2026-09-10T02:51:34.273+0000] {logging_mixin.py:190} INFO - [2026-09-10T02:51:34.272+0000] {dag.py:4180} INFO - Setting next_dagrun for 10_sql_operator_pro to None, run_after=None
[2026-09-10T02:51:34.289+0000] {processor.py:208} INFO - Processing /opt/airflow/dags/10_sql_operator_pro.py took 0.330 seconds
[2026-09-10T02:52:04.420+0000] {processor.py:186} INFO - Started process (PID=1280) to work on /opt/airflow/dags/10_sql_operator_pro.py
[2026-09-10T02:52:04.422+0000] {processor.py:914} INFO - Processing file /opt/airflow/dags/10_sql_operator_pro.py for tasks to queue
[2026-09-10T02:52:04.427+0000] {logging_mixin.py:190} INFO - [2026-09-10T02:52:04.426+0000] {dagbag.py:588} INFO - Filling up the DagBag from /opt/airflow/dags/10_sql_operator_pro.py
[2026-09-10T02:52:04.448+0000] {processor.py:925} INFO - DAG(s) '10_sql_operator_pro' retrieved from /opt/airflow/dags/10_sql_operator_pro.py
[2026-09-10T02:52:04.527+0000] {logging_mixin.py:190} INFO - [2026-09-10T02:52:04.526+0000] {dag.py:3239} INFO - Sync 1 DAGs
[2026-09-10T02:52:04.550+0000] {logging_mixin.py:190} INFO - [2026-09-10T02:52:04.550+0000] {dag.py:4180} INFO - Setting next_dagrun for 10_sql_operator_pro to None, run_after=None
[2026-09-10T02:52:04.577+0000] {processor.py:208} INFO - Processing /opt/airflow/dags/10_sql_operator_pro.py took 0.175 seconds
[2026-09-10T02:52:35.700+0000] {processor.py:186} INFO - Started process (PID=1335) to work on /opt/airflow/dags/10_sql_operator_pro.py
[2026-09-10T02:52:35.701+0000] {processor.py:914} INFO - Processing file /opt/airflow/dags/10_sql_operator_pro.py for tasks to queue
[2026-09-10T02:52:35.704+0000] {logging_mixin.py:190} INFO - [2026-09-10T02:52:35.704+0000] {dagbag.py:588} INFO - Filling up the DagBag from /opt/airflow/dags/10_sql_operator_pro.py
[2026-09-10T02:52:35.722+0000] {processor.py:925} INFO - DAG(s) '10_sql_operator_pro' retrieved from /opt/airflow/dags/10_sql_operator_pro.py
[2026-09-10T02:52:35.793+0000] {logging_mixin.py:190} INFO - [2026-09-10T02:52:35.792+0000] {dag.py:3239} INFO - Sync 1 DAGs
[2026-09-10T02:52:36.041+0000] {logging_mixin.py:190} INFO - [2026-09-10T02:52:36.041+0000] {dag.py:4180} INFO - Setting next_dagrun for 10_sql_operator_pro to None, run_after=None
[2026-09-10T02:52:36.068+0000] {processor.py:208} INFO - Processing /opt/airflow/dags/10_sql_operator_pro.py took 0.380 seconds
[2026-09-10T02:53:07.090+0000] {processor.py:186} INFO - Started process (PID=1385) to work on /opt/airflow/dags/10_sql_operator_pro.py
[2026-09-10T02:53:07.092+0000] {processor.py:914} INFO - Processing file /opt/airflow/dags/10_sql_operator_pro.py for tasks to queue
[2026-09-10T02:53:07.095+0000] {logging_mixin.py:190} INFO - [2026-09-10T02:53:07.095+0000] {dagbag.py:588} INFO - Filling up the DagBag from /opt/airflow/dags/10_sql_operator_pro.py
[2026-09-10T02:53:07.109+0000] {processor.py:925} INFO - DAG(s) '10_sql_operator_pro' retrieved from /opt/airflow/dags/10_sql_operator_pro.py
[2026-09-10T02:53:07.149+0000] {logging_mixin.py:190} INFO - [2026-09-10T02:53:07.149+0000] {dag.py:3239} INFO - Sync 1 DAGs
[2026-09-10T02:53:07.170+0000] {logging_mixin.py:190} INFO - [2026-09-10T02:53:07.170+0000] {dag.py:4180} INFO - Setting next_dagrun for 10_sql_operator_pro to None, run_after=None
[2026-09-10T02:53:07.191+0000] {processor.py:208} INFO - Processing /opt/airflow/dags/10_sql_operator_pro.py took 0.111 seconds
[2026-09-10T02:53:38.201+0000] {processor.py:186} INFO - Started process (PID=1435) to work on /opt/airflow/dags/10_sql_operator_pro.py
[2026-09-10T02:53:38.203+0000] {processor.py:914} INFO - Processing file /opt/airflow/dags/10_sql_operator_pro.py for tasks to queue
[2026-09-10T02:53:38.206+0000] {logging_mixin.py:190} INFO - [2026-09-10T02:53:38.206+0000] {dagbag.py:588} INFO - Filling up the DagBag from /opt/airflow/dags/10_sql_operator_pro.py
[2026-09-10T02:53:38.219+0000] {processor.py:925} INFO - DAG(s) '10_sql_operator_pro' retrieved from /opt/airflow/dags/10_sql_operator_pro.py
[2026-09-10T02:53:38.265+0000] {logging_mixin.py:190} INFO - [2026-09-10T02:53:38.265+0000] {dag.py:3239} INFO - Sync 1 DAGs
[2026-09-10T02:53:38.482+0000] {logging_mixin.py:190} INFO - [2026-09-10T02:53:38.482+0000] {dag.py:4180} INFO - Setting next_dagrun for 10_sql_operator_pro to None, run_after=None
[2026-09-10T02:53:38.506+0000] {processor.py:208} INFO - Processing /opt/airflow/dags/10_sql_operator_pro.py took 0.314 seconds
[2026-09-10T02:54:09.321+0000] {processor.py:186} INFO - Started process (PID=1485) to work on /opt/airflow/dags/10_sql_operator_pro.py
[2026-09-10T02:54:09.322+0000] {processor.py:914} INFO - Processing file /opt/airflow/dags/10_sql_operator_pro.py for tasks to queue
[2026-09-10T02:54:09.326+0000] {logging_mixin.py:190} INFO - [2026-09-10T02:54:09.325+0000] {dagbag.py:588} INFO - Filling up the DagBag from /opt/airflow/dags/10_sql_operator_pro.py
[2026-09-10T02:54:09.340+0000] {processor.py:925} INFO - DAG(s) '10_sql_operator_pro' retrieved from /opt/airflow/dags/10_sql_operator_pro.py
[2026-09-10T02:54:09.390+0000] {logging_mixin.py:190} INFO - [2026-09-10T02:54:09.390+0000] {dag.py:3239} INFO - Sync 1 DAGs
[2026-09-10T02:54:09.408+0000] {logging_mixin.py:190} INFO - [2026-09-10T02:54:09.408+0000] {dag.py:4180} INFO - Setting next_dagrun for 10_sql_operator_pro to None, run_after=None
[2026-09-10T02:54:09.433+0000] {processor.py:208} INFO - Processing /opt/airflow/dags/10_sql_operator_pro.py took 0.121 seconds
[2026-09-10T02:54:39.643+0000] {processor.py:186} INFO - Started process (PID=1535) to work on /opt/airflow/dags/10_sql_operator_pro.py
[2026-09-10T02:54:39.644+0000] {processor.py:914} INFO - Processing file /opt/airflow/dags/10_sql_operator_pro.py for tasks to queue
[2026-09-10T02:54:39.648+0000] {logging_mixin.py:190} INFO - [2026-09-10T02:54:39.647+0000] {dagbag.py:588} INFO - Filling up the DagBag from /opt/airflow/dags/10_sql_operator_pro.py
[2026-09-10T02:54:39.661+0000] {processor.py:925} INFO - DAG(s) '10_sql_operator_pro' retrieved from /opt/airflow/dags/10_sql_operator_pro.py
[2026-09-10T02:54:39.711+0000] {logging_mixin.py:190} INFO - [2026-09-10T02:54:39.711+0000] {dag.py:3239} INFO - Sync 1 DAGs
[2026-09-10T02:54:39.934+0000] {logging_mixin.py:190} INFO - [2026-09-10T02:54:39.934+0000] {dag.py:4180} INFO - Setting next_dagrun for 10_sql_operator_pro to None, run_after=None
[2026-09-10T02:54:39.955+0000] {processor.py:208} INFO - Processing /opt/airflow/dags/10_sql_operator_pro.py took 0.322 seconds
[2026-09-10T02:55:10.731+0000] {processor.py:186} INFO - Started process (PID=1585) to work on /opt/airflow/dags/10_sql_operator_pro.py
[2026-09-10T02:55:10.732+0000] {processor.py:914} INFO - Processing file /opt/airflow/dags/10_sql_operator_pro.py for tasks to queue
[2026-09-10T02:55:10.737+0000] {logging_mixin.py:190} INFO - [2026-09-10T02:55:10.736+0000] {dagbag.py:588} INFO - Filling up the DagBag from /opt/airflow/dags/10_sql_operator_pro.py
[2026-09-10T02:55:10.753+0000] {processor.py:925} INFO - DAG(s) '10_sql_operator_pro' retrieved from /opt/airflow/dags/10_sql_operator_pro.py
[2026-09-10T02:55:10.793+0000] {logging_mixin.py:190} INFO - [2026-09-10T02:55:10.793+0000] {dag.py:3239} INFO - Sync 1 DAGs
[2026-09-10T02:55:10.811+0000] {logging_mixin.py:190} INFO - [2026-09-10T02:55:10.810+0000] {dag.py:4180} INFO - Setting next_dagrun for 10_sql_operator_pro to None, run_after=None
[2026-09-10T02:55:10.835+0000] {processor.py:208} INFO - Processing /opt/airflow/dags/10_sql_operator_pro.py took 0.113 seconds
[2026-09-10T02:55:41.678+0000] {processor.py:186} INFO - Started process (PID=1635) to work on /opt/airflow/dags/10_sql_operator_pro.py
[2026-09-10T02:55:41.680+0000] {processor.py:914} INFO - Processing file /opt/airflow/dags/10_sql_operator_pro.py for tasks to queue
[2026-09-10T02:55:41.684+0000] {logging_mixin.py:190} INFO - [2026-09-10T02:55:41.684+0000] {dagbag.py:588} INFO - Filling up the DagBag from /opt/airflow/dags/10_sql_operator_pro.py
[2026-09-10T02:55:41.697+0000] {processor.py:925} INFO - DAG(s) '10_sql_operator_pro' retrieved from /opt/airflow/dags/10_sql_operator_pro.py
[2026-09-10T02:55:41.737+0000] {logging_mixin.py:190} INFO - [2026-09-10T02:55:41.737+0000] {dag.py:3239} INFO - Sync 1 DAGs
[2026-09-10T02:55:41.753+0000] {logging_mixin.py:190} INFO - [2026-09-10T02:55:41.752+0000] {dag.py:4180} INFO - Setting next_dagrun for 10_sql_operator_pro to None, run_after=None
[2026-09-10T02:55:41.772+0000] {processor.py:208} INFO - Processing /opt/airflow/dags/10_sql_operator_pro.py took 0.108 seconds
[2026-09-10T02:56:12.679+0000] {processor.py:186} INFO - Started process (PID=1685) to work on /opt/airflow/dags/10_sql_operator_pro.py
[2026-09-10T02:56:12.680+0000] {processor.py:914} INFO - Processing file /opt/airflow/dags/10_sql_operator_pro.py for tasks to queue
[2026-09-10T02:56:12.684+0000] {logging_mixin.py:190} INFO - [2026-09-10T02:56:12.683+0000] {dagbag.py:588} INFO - Filling up the DagBag from /opt/airflow/dags/10_sql_operator_pro.py
[2026-09-10T02:56:12.696+0000] {processor.py:925} INFO - DAG(s) '10_sql_operator_pro' retrieved from /opt/airflow/dags/10_sql_operator_pro.py
[2026-09-10T02:56:12.740+0000] {logging_mixin.py:190} INFO - [2026-09-10T02:56:12.739+0000] {dag.py:3239} INFO - Sync 1 DAGs
[2026-09-10T02:56:12.757+0000] {logging_mixin.py:190} INFO - [2026-09-10T02:56:12.757+0000] {dag.py:4180} INFO - Setting next_dagrun for 10_sql_operator_pro to None, run_after=None
[2026-09-10T02:56:12.777+0000] {processor.py:208} INFO - Processing /opt/airflow/dags/10_sql_operator_pro.py took 0.110 seconds
[2026-09-10T02:56:43.488+0000] {processor.py:186} INFO - Started process (PID=1735) to work on /opt/airflow/dags/10_sql_operator_pro.py
[2026-09-10T02:56:43.490+0000] {processor.py:914} INFO - Processing file /opt/airflow/dags/10_sql_operator_pro.py for tasks to queue
[2026-09-10T02:56:43.492+0000] {logging_mixin.py:190} INFO - [2026-09-10T02:56:43.492+0000] {dagbag.py:588} INFO - Filling up the DagBag from /opt/airflow/dags/10_sql_operator_pro.py
[2026-09-10T02:56:43.502+0000] {processor.py:925} INFO - DAG(s) '10_sql_operator_pro' retrieved from /opt/airflow/dags/10_sql_operator_pro.py
[2026-09-10T02:56:43.550+0000] {logging_mixin.py:190} INFO - [2026-09-10T02:56:43.550+0000] {dag.py:3239} INFO - Sync 1 DAGs
[2026-09-10T02:56:43.568+0000] {logging_mixin.py:190} INFO - [2026-09-10T02:56:43.568+0000] {dag.py:4180} INFO - Setting next_dagrun for 10_sql_operator_pro to None, run_after=None
[2026-09-10T02:56:43.589+0000] {processor.py:208} INFO - Processing /opt/airflow/dags/10_sql_operator_pro.py took 0.110 seconds
[2026-09-10T02:57:14.400+0000] {processor.py:186} INFO - Started process (PID=1785) to work on /opt/airflow/dags/10_sql_operator_pro.py
[2026-09-10T02:57:14.401+0000] {processor.py:914} INFO - Processing file /opt/airflow/dags/10_sql_operator_pro.py for tasks to queue
[2026-09-10T02:57:14.405+0000] {logging_mixin.py:190} INFO - [2026-09-10T02:57:14.404+0000] {dagbag.py:588} INFO - Filling up the DagBag from /opt/airflow/dags/10_sql_operator_pro.py
[2026-09-10T02:57:14.432+0000] {processor.py:925} INFO - DAG(s) '10_sql_operator_pro' retrieved from /opt/airflow/dags/10_sql_operator_pro.py
[2026-09-10T02:57:14.478+0000] {logging_mixin.py:190} INFO - [2026-09-10T02:57:14.478+0000] {dag.py:3239} INFO - Sync 1 DAGs
[2026-09-10T02:57:14.495+0000] {logging_mixin.py:190} INFO - [2026-09-10T02:57:14.494+0000] {dag.py:4180} INFO - Setting next_dagrun for 10_sql_operator_pro to None, run_after=None
[2026-09-10T02:57:14.519+0000] {processor.py:208} INFO - Processing /opt/airflow/dags/10_sql_operator_pro.py took 0.134 seconds
[2026-09-10T02:57:45.254+0000] {processor.py:186} INFO - Started process (PID=1835) to work on /opt/airflow/dags/10_sql_operator_pro.py
[2026-09-10T02:57:45.256+0000] {processor.py:914} INFO - Processing file /opt/airflow/dags/10_sql_operator_pro.py for tasks to queue
[2026-09-10T02:57:45.259+0000] {logging_mixin.py:190} INFO - [2026-09-10T02:57:45.258+0000] {dagbag.py:588} INFO - Filling up the DagBag from /opt/airflow/dags/10_sql_operator_pro.py
[2026-09-10T02:57:45.272+0000] {processor.py:925} INFO - DAG(s) '10_sql_operator_pro' retrieved from /opt/airflow/dags/10_sql_operator_pro.py
[2026-09-10T02:57:45.313+0000] {logging_mixin.py:190} INFO - [2026-09-10T02:57:45.313+0000] {dag.py:3239} INFO - Sync 1 DAGs
[2026-09-10T02:57:45.330+0000] {logging_mixin.py:190} INFO - [2026-09-10T02:57:45.329+0000] {dag.py:4180} INFO - Setting next_dagrun for 10_sql_operator_pro to None, run_after=None
[2026-09-10T02:57:45.355+0000] {processor.py:208} INFO - Processing /opt/airflow/dags/10_sql_operator_pro.py took 0.113 seconds
[2026-09-10T02:58:16.210+0000] {processor.py:186} INFO - Started process (PID=1885) to work on /opt/airflow/dags/10_sql_operator_pro.py
[2026-09-10T02:58:16.221+0000] {processor.py:914} INFO - Processing file /opt/airflow/dags/10_sql_operator_pro.py for tasks to queue
[2026-09-10T02:58:16.225+0000] {logging_mixin.py:190} INFO - [2026-09-10T02:58:16.224+0000] {dagbag.py:588} INFO - Filling up the DagBag from /opt/airflow/dags/10_sql_operator_pro.py
[2026-09-10T02:58:16.246+0000] {processor.py:925} INFO - DAG(s) '10_sql_operator_pro' retrieved from /opt/airflow/dags/10_sql_operator_pro.py
[2026-09-10T02:58:16.336+0000] {logging_mixin.py:190} INFO - [2026-09-10T02:58:16.336+0000] {dag.py:3239} INFO - Sync 1 DAGs
[2026-09-10T02:58:16.371+0000] {logging_mixin.py:190} INFO - [2026-09-10T02:58:16.371+0000] {dag.py:4180} INFO - Setting next_dagrun for 10_sql_operator_pro to None, run_after=None
[2026-09-10T02:58:16.409+0000] {processor.py:208} INFO - Processing /opt/airflow/dags/10_sql_operator_pro.py took 0.222 seconds
[2026-09-10T02:58:46.562+0000] {processor.py:186} INFO - Started process (PID=1940) to work on /opt/airflow/dags/10_sql_operator_pro.py
[2026-09-10T02:58:46.563+0000] {processor.py:914} INFO - Processing file /opt/airflow/dags/10_sql_operator_pro.py for tasks to queue
[2026-09-10T02:58:46.566+0000] {logging_mixin.py:190} INFO - [2026-09-10T02:58:46.565+0000] {dagbag.py:588} INFO - Filling up the DagBag from /opt/airflow/dags/10_sql_operator_pro.py
[2026-09-10T02:58:46.577+0000] {processor.py:925} INFO - DAG(s) '10_sql_operator_pro' retrieved from /opt/airflow/dags/10_sql_operator_pro.py
[2026-09-10T02:58:46.616+0000] {logging_mixin.py:190} INFO - [2026-09-10T02:58:46.616+0000] {dag.py:3239} INFO - Sync 1 DAGs
[2026-09-10T02:58:46.632+0000] {logging_mixin.py:190} INFO - [2026-09-10T02:58:46.632+0000] {dag.py:4180} INFO - Setting next_dagrun for 10_sql_operator_pro to None, run_after=None
[2026-09-10T02:58:46.652+0000] {processor.py:208} INFO - Processing /opt/airflow/dags/10_sql_operator_pro.py took 0.098 seconds
[2026-09-10T02:59:17.363+0000] {processor.py:186} INFO - Started process (PID=1985) to work on /opt/airflow/dags/10_sql_operator_pro.py
[2026-09-10T02:59:17.364+0000] {processor.py:914} INFO - Processing file /opt/airflow/dags/10_sql_operator_pro.py for tasks to queue
[2026-09-10T02:59:17.367+0000] {logging_mixin.py:190} INFO - [2026-09-10T02:59:17.367+0000] {dagbag.py:588} INFO - Filling up the DagBag from /opt/airflow/dags/10_sql_operator_pro.py
[2026-09-10T02:59:17.378+0000] {processor.py:925} INFO - DAG(s) '10_sql_operator_pro' retrieved from /opt/airflow/dags/10_sql_operator_pro.py
[2026-09-10T02:59:17.420+0000] {logging_mixin.py:190} INFO - [2026-09-10T02:59:17.420+0000] {dag.py:3239} INFO - Sync 1 DAGs
[2026-09-10T02:59:17.435+0000] {logging_mixin.py:190} INFO - [2026-09-10T02:59:17.435+0000] {dag.py:4180} INFO - Setting next_dagrun for 10_sql_operator_pro to None, run_after=None
[2026-09-10T02:59:17.455+0000] {processor.py:208} INFO - Processing /opt/airflow/dags/10_sql_operator_pro.py took 0.100 seconds
[2026-09-10T02:59:48.309+0000] {processor.py:186} INFO - Started process (PID=2035) to work on /opt/airflow/dags/10_sql_operator_pro.py
[2026-09-10T02:59:48.310+0000] {processor.py:914} INFO - Processing file /opt/airflow/dags/10_sql_operator_pro.py for tasks to queue
[2026-09-10T02:59:48.314+0000] {logging_mixin.py:190} INFO - [2026-09-10T02:59:48.314+0000] {dagbag.py:588} INFO - Filling up the DagBag from /opt/airflow/dags/10_sql_operator_pro.py
[2026-09-10T02:59:48.333+0000] {processor.py:925} INFO - DAG(s) '10_sql_operator_pro' retrieved from /opt/airflow/dags/10_sql_operator_pro.py
[2026-09-10T02:59:48.387+0000] {logging_mixin.py:190} INFO - [2026-09-10T02:59:48.386+0000] {dag.py:3239} INFO - Sync 1 DAGs
[2026-09-10T02:59:48.407+0000] {logging_mixin.py:190} INFO - [2026-09-10T02:59:48.407+0000] {dag.py:4180} INFO - Setting next_dagrun for 10_sql_operator_pro to None, run_after=None
[2026-09-10T02:59:48.426+0000] {processor.py:208} INFO - Processing /opt/airflow/dags/10_sql_operator_pro.py took 0.131 seconds
[2026-09-10T03:00:19.162+0000] {processor.py:186} INFO - Started process (PID=2085) to work on /opt/airflow/dags/10_sql_operator_pro.py
[2026-09-10T03:00:19.163+0000] {processor.py:914} INFO - Processing file /opt/airflow/dags/10_sql_operator_pro.py for tasks to queue
[2026-09-10T03:00:19.166+0000] {logging_mixin.py:190} INFO - [2026-09-10T03:00:19.166+0000] {dagbag.py:588} INFO - Filling up the DagBag from /opt/airflow/dags/10_sql_operator_pro.py
[2026-09-10T03:00:19.178+0000] {processor.py:925} INFO - DAG(s) '10_sql_operator_pro' retrieved from /opt/airflow/dags/10_sql_operator_pro.py
[2026-09-10T03:00:19.215+0000] {logging_mixin.py:190} INFO - [2026-09-10T03:00:19.214+0000] {dag.py:3239} INFO - Sync 1 DAGs
[2026-09-10T03:00:19.229+0000] {logging_mixin.py:190} INFO - [2026-09-10T03:00:19.229+0000] {dag.py:4180} INFO - Setting next_dagrun for 10_sql_operator_pro to None, run_after=None
[2026-09-10T03:00:19.248+0000] {processor.py:208} INFO - Processing /opt/airflow/dags/10_sql_operator_pro.py took 0.094 seconds
[2026-09-10T03:00:49.975+0000] {processor.py:186} INFO - Started process (PID=2135) to work on /opt/airflow/dags/10_sql_operator_pro.py
[2026-09-10T03:00:49.976+0000] {processor.py:914} INFO - Processing file /opt/airflow/dags/10_sql_operator_pro.py for tasks to queue
[2026-09-10T03:00:49.979+0000] {logging_mixin.py:190} INFO - [2026-09-10T03:00:49.979+0000] {dagbag.py:588} INFO - Filling up the DagBag from /opt/airflow/dags/10_sql_operator_pro.py
[2026-09-10T03:00:49.992+0000] {processor.py:925} INFO - DAG(s) '10_sql_operator_pro' retrieved from /opt/airflow/dags/10_sql_operator_pro.py
[2026-09-10T03:00:50.031+0000] {logging_mixin.py:190} INFO - [2026-09-10T03:00:50.031+0000] {dag.py:3239} INFO - Sync 1 DAGs
[2026-09-10T03:00:50.047+0000] {logging_mixin.py:190} INFO - [2026-09-10T03:00:50.046+0000] {dag.py:4180} INFO - Setting next_dagrun for 10_sql_operator_pro to None, run_after=None
[2026-09-10T03:00:50.066+0000] {processor.py:208} INFO - Processing /opt/airflow/dags/10_sql_operator_pro.py took 0.100 seconds
[2026-09-10T03:01:20.946+0000] {processor.py:186} INFO - Started process (PID=2185) to work on /opt/airflow/dags/10_sql_operator_pro.py
[2026-09-10T03:01:20.948+0000] {processor.py:914} INFO - Processing file /opt/airflow/dags/10_sql_operator_pro.py for tasks to queue
[2026-09-10T03:01:20.951+0000] {logging_mixin.py:190} INFO - [2026-09-10T03:01:20.950+0000] {dagbag.py:588} INFO - Filling up the DagBag from /opt/airflow/dags/10_sql_operator_pro.py
[2026-09-10T03:01:20.964+0000] {processor.py:925} INFO - DAG(s) '10_sql_operator_pro' retrieved from /opt/airflow/dags/10_sql_operator_pro.py
[2026-09-10T03:01:21.003+0000] {logging_mixin.py:190} INFO - [2026-09-10T03:01:21.003+0000] {dag.py:3239} INFO - Sync 1 DAGs
[2026-09-10T03:01:21.024+0000] {logging_mixin.py:190} INFO - [2026-09-10T03:01:21.024+0000] {dag.py:4180} INFO - Setting next_dagrun for 10_sql_operator_pro to None, run_after=None
[2026-09-10T03:01:21.046+0000] {processor.py:208} INFO - Processing /opt/airflow/dags/10_sql_operator_pro.py took 0.108 seconds
[2026-09-10T03:01:51.979+0000] {processor.py:186} INFO - Started process (PID=2235) to work on /opt/airflow/dags/10_sql_operator_pro.py
[2026-09-10T03:01:51.981+0000] {processor.py:914} INFO - Processing file /opt/airflow/dags/10_sql_operator_pro.py for tasks to queue
[2026-09-10T03:01:51.983+0000] {logging_mixin.py:190} INFO - [2026-09-10T03:01:51.983+0000] {dagbag.py:588} INFO - Filling up the DagBag from /opt/airflow/dags/10_sql_operator_pro.py
[2026-09-10T03:01:51.995+0000] {processor.py:925} INFO - DAG(s) '10_sql_operator_pro' retrieved from /opt/airflow/dags/10_sql_operator_pro.py
[2026-09-10T03:01:52.038+0000] {logging_mixin.py:190} INFO - [2026-09-10T03:01:52.038+0000] {dag.py:3239} INFO - Sync 1 DAGs
[2026-09-10T03:01:52.056+0000] {logging_mixin.py:190} INFO - [2026-09-10T03:01:52.055+0000] {dag.py:4180} INFO - Setting next_dagrun for 10_sql_operator_pro to None, run_after=None
[2026-09-10T03:01:52.077+0000] {processor.py:208} INFO - Processing /opt/airflow/dags/10_sql_operator_pro.py took 0.106 seconds
[2026-09-10T03:02:22.834+0000] {processor.py:186} INFO - Started process (PID=2283) to work on /opt/airflow/dags/10_sql_operator_pro.py
[2026-09-10T03:02:22.836+0000] {processor.py:914} INFO - Processing file /opt/airflow/dags/10_sql_operator_pro.py for tasks to queue
[2026-09-10T03:02:22.843+0000] {logging_mixin.py:190} INFO - [2026-09-10T03:02:22.842+0000] {dagbag.py:588} INFO - Filling up the DagBag from /opt/airflow/dags/10_sql_operator_pro.py
[2026-09-10T03:02:22.882+0000] {processor.py:925} INFO - DAG(s) '10_sql_operator_pro' retrieved from /opt/airflow/dags/10_sql_operator_pro.py
[2026-09-10T03:02:22.929+0000] {logging_mixin.py:190} INFO - [2026-09-10T03:02:22.929+0000] {dag.py:3239} INFO - Sync 1 DAGs
[2026-09-10T03:02:22.949+0000] {logging_mixin.py:190} INFO - [2026-09-10T03:02:22.948+0000] {dag.py:4180} INFO - Setting next_dagrun for 10_sql_operator_pro to None, run_after=None
[2026-09-10T03:02:22.991+0000] {processor.py:208} INFO - Processing /opt/airflow/dags/10_sql_operator_pro.py took 0.169 seconds
[2026-09-10T03:02:53.853+0000] {processor.py:186} INFO - Started process (PID=2335) to work on /opt/airflow/dags/10_sql_operator_pro.py
[2026-09-10T03:02:53.854+0000] {processor.py:914} INFO - Processing file /opt/airflow/dags/10_sql_operator_pro.py for tasks to queue
[2026-09-10T03:02:53.857+0000] {logging_mixin.py:190} INFO - [2026-09-10T03:02:53.856+0000] {dagbag.py:588} INFO - Filling up the DagBag from /opt/airflow/dags/10_sql_operator_pro.py
[2026-09-10T03:02:53.868+0000] {processor.py:925} INFO - DAG(s) '10_sql_operator_pro' retrieved from /opt/airflow/dags/10_sql_operator_pro.py
[2026-09-10T03:02:53.910+0000] {logging_mixin.py:190} INFO - [2026-09-10T03:02:53.910+0000] {dag.py:3239} INFO - Sync 1 DAGs
[2026-09-10T03:02:53.925+0000] {logging_mixin.py:190} INFO - [2026-09-10T03:02:53.925+0000] {dag.py:4180} INFO - Setting next_dagrun for 10_sql_operator_pro to None, run_after=None
[2026-09-10T03:02:53.944+0000] {processor.py:208} INFO - Processing /opt/airflow/dags/10_sql_operator_pro.py took 0.099 seconds
[2026-09-10T03:03:24.805+0000] {processor.py:186} INFO - Started process (PID=2385) to work on /opt/airflow/dags/10_sql_operator_pro.py
[2026-09-10T03:03:24.806+0000] {processor.py:914} INFO - Processing file /opt/airflow/dags/10_sql_operator_pro.py for tasks to queue
[2026-09-10T03:03:24.809+0000] {logging_mixin.py:190} INFO - [2026-09-10T03:03:24.808+0000] {dagbag.py:588} INFO - Filling up the DagBag from /opt/airflow/dags/10_sql_operator_pro.py
[2026-09-10T03:03:24.820+0000] {processor.py:925} INFO - DAG(s) '10_sql_operator_pro' retrieved from /opt/airflow/dags/10_sql_operator_pro.py
[2026-09-10T03:03:24.858+0000] {logging_mixin.py:190} INFO - [2026-09-10T03:03:24.858+0000] {dag.py:3239} INFO - Sync 1 DAGs
[2026-09-10T03:03:24.875+0000] {logging_mixin.py:190} INFO - [2026-09-10T03:03:24.875+0000] {dag.py:4180} INFO - Setting next_dagrun for 10_sql_operator_pro to None, run_after=None
[2026-09-10T03:03:24.899+0000] {processor.py:208} INFO - Processing /opt/airflow/dags/10_sql_operator_pro.py took 0.102 seconds
[2026-09-10T03:03:55.656+0000] {processor.py:186} INFO - Started process (PID=2435) to work on /opt/airflow/dags/10_sql_operator_pro.py
[2026-09-10T03:03:55.657+0000] {processor.py:914} INFO - Processing file /opt/airflow/dags/10_sql_operator_pro.py for tasks to queue
[2026-09-10T03:03:55.661+0000] {logging_mixin.py:190} INFO - [2026-09-10T03:03:55.661+0000] {dagbag.py:588} INFO - Filling up the DagBag from /opt/airflow/dags/10_sql_operator_pro.py
[2026-09-10T03:03:55.678+0000] {processor.py:925} INFO - DAG(s) '10_sql_operator_pro' retrieved from /opt/airflow/dags/10_sql_operator_pro.py
[2026-09-10T03:03:55.721+0000] {logging_mixin.py:190} INFO - [2026-09-10T03:03:55.721+0000] {dag.py:3239} INFO - Sync 1 DAGs
[2026-09-10T03:03:55.736+0000] {logging_mixin.py:190} INFO - [2026-09-10T03:03:55.736+0000] {dag.py:4180} INFO - Setting next_dagrun for 10_sql_operator_pro to None, run_after=None
[2026-09-10T03:03:55.755+0000] {processor.py:208} INFO - Processing /opt/airflow/dags/10_sql_operator_pro.py took 0.111 seconds
[2026-09-10T03:04:26.561+0000] {processor.py:186} INFO - Started process (PID=2485) to work on /opt/airflow/dags/10_sql_operator_pro.py
[2026-09-10T03:04:26.563+0000] {processor.py:914} INFO - Processing file /opt/airflow/dags/10_sql_operator_pro.py for tasks to queue
[2026-09-10T03:04:26.565+0000] {logging_mixin.py:190} INFO - [2026-09-10T03:04:26.565+0000] {dagbag.py:588} INFO - Filling up the DagBag from /opt/airflow/dags/10_sql_operator_pro.py
[2026-09-10T03:04:26.578+0000] {processor.py:925} INFO - DAG(s) '10_sql_operator_pro' retrieved from /opt/airflow/dags/10_sql_operator_pro.py
[2026-09-10T03:04:26.619+0000] {logging_mixin.py:190} INFO - [2026-09-10T03:04:26.619+0000] {dag.py:3239} INFO - Sync 1 DAGs
[2026-09-10T03:04:26.636+0000] {logging_mixin.py:190} INFO - [2026-09-10T03:04:26.636+0000] {dag.py:4180} INFO - Setting next_dagrun for 10_sql_operator_pro to None, run_after=None
[2026-09-10T03:04:26.656+0000] {processor.py:208} INFO - Processing /opt/airflow/dags/10_sql_operator_pro.py took 0.103 seconds
[2026-09-10T03:04:56.740+0000] {processor.py:186} INFO - Started process (PID=2535) to work on /opt/airflow/dags/10_sql_operator_pro.py
[2026-09-10T03:04:56.741+0000] {processor.py:914} INFO - Processing file /opt/airflow/dags/10_sql_operator_pro.py for tasks to queue
[2026-09-10T03:04:56.743+0000] {logging_mixin.py:190} INFO - [2026-09-10T03:04:56.743+0000] {dagbag.py:588} INFO - Filling up the DagBag from /opt/airflow/dags/10_sql_operator_pro.py
[2026-09-10T03:04:56.754+0000] {processor.py:925} INFO - DAG(s) '10_sql_operator_pro' retrieved from /opt/airflow/dags/10_sql_operator_pro.py
[2026-09-10T03:04:56.791+0000] {logging_mixin.py:190} INFO - [2026-09-10T03:04:56.790+0000] {dag.py:3239} INFO - Sync 1 DAGs
[2026-09-10T03:04:56.805+0000] {logging_mixin.py:190} INFO - [2026-09-10T03:04:56.805+0000] {dag.py:4180} INFO - Setting next_dagrun for 10_sql_operator_pro to None, run_after=None
[2026-09-10T03:04:56.824+0000] {processor.py:208} INFO - Processing /opt/airflow/dags/10_sql_operator_pro.py took 0.092 seconds
[2026-09-10T03:05:27.748+0000] {processor.py:186} INFO - Started process (PID=2585) to work on /opt/airflow/dags/10_sql_operator_pro.py
[2026-09-10T03:05:27.749+0000] {processor.py:914} INFO - Processing file /opt/airflow/dags/10_sql_operator_pro.py for tasks to queue
[2026-09-10T03:05:27.752+0000] {logging_mixin.py:190} INFO - [2026-09-10T03:05:27.752+0000] {dagbag.py:588} INFO - Filling up the DagBag from /opt/airflow/dags/10_sql_operator_pro.py
[2026-09-10T03:05:27.763+0000] {processor.py:925} INFO - DAG(s) '10_sql_operator_pro' retrieved from /opt/airflow/dags/10_sql_operator_pro.py
[2026-09-10T03:05:27.802+0000] {logging_mixin.py:190} INFO - [2026-09-10T03:05:27.801+0000] {dag.py:3239} INFO - Sync 1 DAGs
[2026-09-10T03:05:27.817+0000] {logging_mixin.py:190} INFO - [2026-09-10T03:05:27.817+0000] {dag.py:4180} INFO - Setting next_dagrun for 10_sql_operator_pro to None, run_after=None
[2026-09-10T03:05:27.836+0000] {processor.py:208} INFO - Processing /opt/airflow/dags/10_sql_operator_pro.py took 0.096 seconds
[2026-09-10T03:05:58.668+0000] {processor.py:186} INFO - Started process (PID=2635) to work on /opt/airflow/dags/10_sql_operator_pro.py
[2026-09-10T03:05:58.668+0000] {processor.py:914} INFO - Processing file /opt/airflow/dags/10_sql_operator_pro.py for tasks to queue
[2026-09-10T03:05:58.670+0000] {logging_mixin.py:190} INFO - [2026-09-10T03:05:58.670+0000] {dagbag.py:588} INFO - Filling up the DagBag from /opt/airflow/dags/10_sql_operator_pro.py
[2026-09-10T03:05:58.680+0000] {processor.py:925} INFO - DAG(s) '10_sql_operator_pro' retrieved from /opt/airflow/dags/10_sql_operator_pro.py
[2026-09-10T03:05:58.714+0000] {logging_mixin.py:190} INFO - [2026-09-10T03:05:58.714+0000] {dag.py:3239} INFO - Sync 1 DAGs
[2026-09-10T03:05:58.728+0000] {logging_mixin.py:190} INFO - [2026-09-10T03:05:58.727+0000] {dag.py:4180} INFO - Setting next_dagrun for 10_sql_operator_pro to None, run_after=None
[2026-09-10T03:05:58.745+0000] {processor.py:208} INFO - Processing /opt/airflow/dags/10_sql_operator_pro.py took 0.084 seconds
[2026-09-10T03:06:28.909+0000] {processor.py:186} INFO - Started process (PID=2685) to work on /opt/airflow/dags/10_sql_operator_pro.py
[2026-09-10T03:06:28.910+0000] {processor.py:914} INFO - Processing file /opt/airflow/dags/10_sql_operator_pro.py for tasks to queue
[2026-09-10T03:06:28.913+0000] {logging_mixin.py:190} INFO - [2026-09-10T03:06:28.912+0000] {dagbag.py:588} INFO - Filling up the DagBag from /opt/airflow/dags/10_sql_operator_pro.py
[2026-09-10T03:06:28.922+0000] {processor.py:925} INFO - DAG(s) '10_sql_operator_pro' retrieved from /opt/airflow/dags/10_sql_operator_pro.py
[2026-09-10T03:06:28.956+0000] {logging_mixin.py:190} INFO - [2026-09-10T03:06:28.956+0000] {dag.py:3239} INFO - Sync 1 DAGs
[2026-09-10T03:06:28.971+0000] {logging_mixin.py:190} INFO - [2026-09-10T03:06:28.970+0000] {dag.py:4180} INFO - Setting next_dagrun for 10_sql_operator_pro to None, run_after=None
[2026-09-10T03:06:28.988+0000] {processor.py:208} INFO - Processing /opt/airflow/dags/10_sql_operator_pro.py took 0.085 seconds
[2026-09-10T03:06:59.777+0000] {processor.py:186} INFO - Started process (PID=2735) to work on /opt/airflow/dags/10_sql_operator_pro.py
[2026-09-10T03:06:59.778+0000] {processor.py:914} INFO - Processing file /opt/airflow/dags/10_sql_operator_pro.py for tasks to queue
[2026-09-10T03:06:59.782+0000] {logging_mixin.py:190} INFO - [2026-09-10T03:06:59.782+0000] {dagbag.py:588} INFO - Filling up the DagBag from /opt/airflow/dags/10_sql_operator_pro.py
[2026-09-10T03:06:59.798+0000] {processor.py:925} INFO - DAG(s) '10_sql_operator_pro' retrieved from /opt/airflow/dags/10_sql_operator_pro.py
[2026-09-10T03:06:59.848+0000] {logging_mixin.py:190} INFO - [2026-09-10T03:06:59.848+0000] {dag.py:3239} INFO - Sync 1 DAGs
[2026-09-10T03:06:59.868+0000] {logging_mixin.py:190} INFO - [2026-09-10T03:06:59.867+0000] {dag.py:4180} INFO - Setting next_dagrun for 10_sql_operator_pro to None, run_after=None
[2026-09-10T03:06:59.898+0000] {processor.py:208} INFO - Processing /opt/airflow/dags/10_sql_operator_pro.py took 0.130 seconds
[2026-09-10T03:07:30.694+0000] {processor.py:186} INFO - Started process (PID=2783) to work on /opt/airflow/dags/10_sql_operator_pro.py
[2026-09-10T03:07:30.696+0000] {processor.py:914} INFO - Processing file /opt/airflow/dags/10_sql_operator_pro.py for tasks to queue
[2026-09-10T03:07:30.701+0000] {logging_mixin.py:190} INFO - [2026-09-10T03:07:30.701+0000] {dagbag.py:588} INFO - Filling up the DagBag from /opt/airflow/dags/10_sql_operator_pro.py
[2026-09-10T03:07:30.717+0000] {processor.py:925} INFO - DAG(s) '10_sql_operator_pro' retrieved from /opt/airflow/dags/10_sql_operator_pro.py
[2026-09-10T03:07:30.768+0000] {logging_mixin.py:190} INFO - [2026-09-10T03:07:30.768+0000] {dag.py:3239} INFO - Sync 1 DAGs
[2026-09-10T03:07:30.793+0000] {logging_mixin.py:190} INFO - [2026-09-10T03:07:30.793+0000] {dag.py:4180} INFO - Setting next_dagrun for 10_sql_operator_pro to None, run_after=None
[2026-09-10T03:07:30.830+0000] {processor.py:208} INFO - Processing /opt/airflow/dags/10_sql_operator_pro.py took 0.148 seconds
[2026-09-10T03:08:01.777+0000] {processor.py:186} INFO - Started process (PID=2850) to work on /opt/airflow/dags/10_sql_operator_pro.py
[2026-09-10T03:08:01.778+0000] {processor.py:914} INFO - Processing file /opt/airflow/dags/10_sql_operator_pro.py for tasks to queue
[2026-09-10T03:08:01.780+0000] {logging_mixin.py:190} INFO - [2026-09-10T03:08:01.780+0000] {dagbag.py:588} INFO - Filling up the DagBag from /opt/airflow/dags/10_sql_operator_pro.py
[2026-09-10T03:08:01.792+0000] {processor.py:925} INFO - DAG(s) '10_sql_operator_pro' retrieved from /opt/airflow/dags/10_sql_operator_pro.py
[2026-09-10T03:08:01.829+0000] {logging_mixin.py:190} INFO - [2026-09-10T03:08:01.829+0000] {dag.py:3239} INFO - Sync 1 DAGs
[2026-09-10T03:08:01.844+0000] {logging_mixin.py:190} INFO - [2026-09-10T03:08:01.844+0000] {dag.py:4180} INFO - Setting next_dagrun for 10_sql_operator_pro to None, run_after=None
[2026-09-10T03:08:01.862+0000] {processor.py:208} INFO - Processing /opt/airflow/dags/10_sql_operator_pro.py took 0.093 seconds
[2026-09-10T03:08:32.533+0000] {processor.py:186} INFO - Started process (PID=2900) to work on /opt/airflow/dags/10_sql_operator_pro.py
[2026-09-10T03:08:32.535+0000] {processor.py:914} INFO - Processing file /opt/airflow/dags/10_sql_operator_pro.py for tasks to queue
[2026-09-10T03:08:32.538+0000] {logging_mixin.py:190} INFO - [2026-09-10T03:08:32.537+0000] {dagbag.py:588} INFO - Filling up the DagBag from /opt/airflow/dags/10_sql_operator_pro.py
[2026-09-10T03:08:32.551+0000] {processor.py:925} INFO - DAG(s) '10_sql_operator_pro' retrieved from /opt/airflow/dags/10_sql_operator_pro.py
[2026-09-10T03:08:32.598+0000] {logging_mixin.py:190} INFO - [2026-09-10T03:08:32.597+0000] {dag.py:3239} INFO - Sync 1 DAGs
[2026-09-10T03:08:32.617+0000] {logging_mixin.py:190} INFO - [2026-09-10T03:08:32.617+0000] {dag.py:4180} INFO - Setting next_dagrun for 10_sql_operator_pro to None, run_after=None
[2026-09-10T03:08:32.637+0000] {processor.py:208} INFO - Processing /opt/airflow/dags/10_sql_operator_pro.py took 0.114 seconds
[2026-09-10T03:09:03.565+0000] {processor.py:186} INFO - Started process (PID=2950) to work on /opt/airflow/dags/10_sql_operator_pro.py
[2026-09-10T03:09:03.566+0000] {processor.py:914} INFO - Processing file /opt/airflow/dags/10_sql_operator_pro.py for tasks to queue
[2026-09-10T03:09:03.570+0000] {logging_mixin.py:190} INFO - [2026-09-10T03:09:03.570+0000] {dagbag.py:588} INFO - Filling up the DagBag from /opt/airflow/dags/10_sql_operator_pro.py
[2026-09-10T03:09:03.590+0000] {processor.py:925} INFO - DAG(s) '10_sql_operator_pro' retrieved from /opt/airflow/dags/10_sql_operator_pro.py
[2026-09-10T03:09:03.650+0000] {logging_mixin.py:190} INFO - [2026-09-10T03:09:03.650+0000] {dag.py:3239} INFO - Sync 1 DAGs
[2026-09-10T03:09:03.669+0000] {logging_mixin.py:190} INFO - [2026-09-10T03:09:03.668+0000] {dag.py:4180} INFO - Setting next_dagrun for 10_sql_operator_pro to None, run_after=None
[2026-09-10T03:09:03.689+0000] {processor.py:208} INFO - Processing /opt/airflow/dags/10_sql_operator_pro.py took 0.135 seconds
[2026-09-10T03:09:33.774+0000] {processor.py:186} INFO - Started process (PID=3009) to work on /opt/airflow/dags/10_sql_operator_pro.py
[2026-09-10T03:09:33.776+0000] {processor.py:914} INFO - Processing file /opt/airflow/dags/10_sql_operator_pro.py for tasks to queue
[2026-09-10T03:09:33.778+0000] {logging_mixin.py:190} INFO - [2026-09-10T03:09:33.778+0000] {dagbag.py:588} INFO - Filling up the DagBag from /opt/airflow/dags/10_sql_operator_pro.py
[2026-09-10T03:09:33.792+0000] {processor.py:925} INFO - DAG(s) '10_sql_operator_pro' retrieved from /opt/airflow/dags/10_sql_operator_pro.py
[2026-09-10T03:09:33.828+0000] {logging_mixin.py:190} INFO - [2026-09-10T03:09:33.828+0000] {dag.py:3239} INFO - Sync 1 DAGs
[2026-09-10T03:09:33.844+0000] {logging_mixin.py:190} INFO - [2026-09-10T03:09:33.844+0000] {dag.py:4180} INFO - Setting next_dagrun for 10_sql_operator_pro to None, run_after=None
[2026-09-10T03:09:33.862+0000] {processor.py:208} INFO - Processing /opt/airflow/dags/10_sql_operator_pro.py took 0.095 seconds
[2026-09-10T03:10:04.702+0000] {processor.py:186} INFO - Started process (PID=3059) to work on /opt/airflow/dags/10_sql_operator_pro.py
[2026-09-10T03:10:04.703+0000] {processor.py:914} INFO - Processing file /opt/airflow/dags/10_sql_operator_pro.py for tasks to queue
[2026-09-10T03:10:04.706+0000] {logging_mixin.py:190} INFO - [2026-09-10T03:10:04.706+0000] {dagbag.py:588} INFO - Filling up the DagBag from /opt/airflow/dags/10_sql_operator_pro.py
[2026-09-10T03:10:04.719+0000] {processor.py:925} INFO - DAG(s) '10_sql_operator_pro' retrieved from /opt/airflow/dags/10_sql_operator_pro.py
[2026-09-10T03:10:04.758+0000] {logging_mixin.py:190} INFO - [2026-09-10T03:10:04.758+0000] {dag.py:3239} INFO - Sync 1 DAGs
[2026-09-10T03:10:04.775+0000] {logging_mixin.py:190} INFO - [2026-09-10T03:10:04.775+0000] {dag.py:4180} INFO - Setting next_dagrun for 10_sql_operator_pro to None, run_after=None
[2026-09-10T03:10:04.797+0000] {processor.py:208} INFO - Processing /opt/airflow/dags/10_sql_operator_pro.py took 0.103 seconds
[2026-09-10T03:10:35.556+0000] {processor.py:186} INFO - Started process (PID=3109) to work on /opt/airflow/dags/10_sql_operator_pro.py
[2026-09-10T03:10:35.557+0000] {processor.py:914} INFO - Processing file /opt/airflow/dags/10_sql_operator_pro.py for tasks to queue
[2026-09-10T03:10:35.560+0000] {logging_mixin.py:190} INFO - [2026-09-10T03:10:35.560+0000] {dagbag.py:588} INFO - Filling up the DagBag from /opt/airflow/dags/10_sql_operator_pro.py
[2026-09-10T03:10:35.572+0000] {processor.py:925} INFO - DAG(s) '10_sql_operator_pro' retrieved from /opt/airflow/dags/10_sql_operator_pro.py
[2026-09-10T03:10:35.611+0000] {logging_mixin.py:190} INFO - [2026-09-10T03:10:35.611+0000] {dag.py:3239} INFO - Sync 1 DAGs
[2026-09-10T03:10:35.629+0000] {logging_mixin.py:190} INFO - [2026-09-10T03:10:35.629+0000] {dag.py:4180} INFO - Setting next_dagrun for 10_sql_operator_pro to None, run_after=None
[2026-09-10T03:10:35.649+0000] {processor.py:208} INFO - Processing /opt/airflow/dags/10_sql_operator_pro.py took 0.101 seconds
[2026-09-10T03:11:06.418+0000] {processor.py:186} INFO - Started process (PID=3159) to work on /opt/airflow/dags/10_sql_operator_pro.py
[2026-09-10T03:11:06.418+0000] {processor.py:914} INFO - Processing file /opt/airflow/dags/10_sql_operator_pro.py for tasks to queue
[2026-09-10T03:11:06.421+0000] {logging_mixin.py:190} INFO - [2026-09-10T03:11:06.421+0000] {dagbag.py:588} INFO - Filling up the DagBag from /opt/airflow/dags/10_sql_operator_pro.py
[2026-09-10T03:11:06.433+0000] {processor.py:925} INFO - DAG(s) '10_sql_operator_pro' retrieved from /opt/airflow/dags/10_sql_operator_pro.py
[2026-09-10T03:11:06.477+0000] {logging_mixin.py:190} INFO - [2026-09-10T03:11:06.476+0000] {dag.py:3239} INFO - Sync 1 DAGs
[2026-09-10T03:11:06.492+0000] {logging_mixin.py:190} INFO - [2026-09-10T03:11:06.492+0000] {dag.py:4180} INFO - Setting next_dagrun for 10_sql_operator_pro to None, run_after=None
[2026-09-10T03:11:06.510+0000] {processor.py:208} INFO - Processing /opt/airflow/dags/10_sql_operator_pro.py took 0.100 seconds
[2026-09-10T03:11:37.402+0000] {processor.py:186} INFO - Started process (PID=3209) to work on /opt/airflow/dags/10_sql_operator_pro.py
[2026-09-10T03:11:37.403+0000] {processor.py:914} INFO - Processing file /opt/airflow/dags/10_sql_operator_pro.py for tasks to queue
[2026-09-10T03:11:37.406+0000] {logging_mixin.py:190} INFO - [2026-09-10T03:11:37.406+0000] {dagbag.py:588} INFO - Filling up the DagBag from /opt/airflow/dags/10_sql_operator_pro.py
[2026-09-10T03:11:37.418+0000] {processor.py:925} INFO - DAG(s) '10_sql_operator_pro' retrieved from /opt/airflow/dags/10_sql_operator_pro.py
[2026-09-10T03:11:37.456+0000] {logging_mixin.py:190} INFO - [2026-09-10T03:11:37.455+0000] {dag.py:3239} INFO - Sync 1 DAGs
[2026-09-10T03:11:37.473+0000] {logging_mixin.py:190} INFO - [2026-09-10T03:11:37.472+0000] {dag.py:4180} INFO - Setting next_dagrun for 10_sql_operator_pro to None, run_after=None
[2026-09-10T03:11:37.498+0000] {processor.py:208} INFO - Processing /opt/airflow/dags/10_sql_operator_pro.py took 0.104 seconds
[2026-09-10T03:12:08.228+0000] {processor.py:186} INFO - Started process (PID=3259) to work on /opt/airflow/dags/10_sql_operator_pro.py
[2026-09-10T03:12:08.230+0000] {processor.py:914} INFO - Processing file /opt/airflow/dags/10_sql_operator_pro.py for tasks to queue
[2026-09-10T03:12:08.235+0000] {logging_mixin.py:190} INFO - [2026-09-10T03:12:08.234+0000] {dagbag.py:588} INFO - Filling up the DagBag from /opt/airflow/dags/10_sql_operator_pro.py
[2026-09-10T03:12:08.253+0000] {processor.py:925} INFO - DAG(s) '10_sql_operator_pro' retrieved from /opt/airflow/dags/10_sql_operator_pro.py
[2026-09-10T03:12:08.297+0000] {logging_mixin.py:190} INFO - [2026-09-10T03:12:08.297+0000] {dag.py:3239} INFO - Sync 1 DAGs
[2026-09-10T03:12:08.317+0000] {logging_mixin.py:190} INFO - [2026-09-10T03:12:08.317+0000] {dag.py:4180} INFO - Setting next_dagrun for 10_sql_operator_pro to None, run_after=None
[2026-09-10T03:12:08.341+0000] {processor.py:208} INFO - Processing /opt/airflow/dags/10_sql_operator_pro.py took 0.122 seconds
[2026-09-10T03:12:38.600+0000] {processor.py:186} INFO - Started process (PID=3321) to work on /opt/airflow/dags/10_sql_operator_pro.py
[2026-09-10T03:12:38.602+0000] {processor.py:914} INFO - Processing file /opt/airflow/dags/10_sql_operator_pro.py for tasks to queue
[2026-09-10T03:12:38.605+0000] {logging_mixin.py:190} INFO - [2026-09-10T03:12:38.604+0000] {dagbag.py:588} INFO - Filling up the DagBag from /opt/airflow/dags/10_sql_operator_pro.py
[2026-09-10T03:12:38.623+0000] {processor.py:925} INFO - DAG(s) '10_sql_operator_pro' retrieved from /opt/airflow/dags/10_sql_operator_pro.py
[2026-09-10T03:12:38.672+0000] {logging_mixin.py:190} INFO - [2026-09-10T03:12:38.672+0000] {dag.py:3239} INFO - Sync 1 DAGs
[2026-09-10T03:12:38.691+0000] {logging_mixin.py:190} INFO - [2026-09-10T03:12:38.691+0000] {dag.py:4180} INFO - Setting next_dagrun for 10_sql_operator_pro to None, run_after=None
[2026-09-10T03:12:38.714+0000] {processor.py:208} INFO - Processing /opt/airflow/dags/10_sql_operator_pro.py took 0.122 seconds
[2026-09-10T03:13:09.580+0000] {processor.py:186} INFO - Started process (PID=3377) to work on /opt/airflow/dags/10_sql_operator_pro.py
[2026-09-10T03:13:09.581+0000] {processor.py:914} INFO - Processing file /opt/airflow/dags/10_sql_operator_pro.py for tasks to queue
[2026-09-10T03:13:09.583+0000] {logging_mixin.py:190} INFO - [2026-09-10T03:13:09.583+0000] {dagbag.py:588} INFO - Filling up the DagBag from /opt/airflow/dags/10_sql_operator_pro.py
[2026-09-10T03:13:09.595+0000] {processor.py:925} INFO - DAG(s) '10_sql_operator_pro' retrieved from /opt/airflow/dags/10_sql_operator_pro.py
[2026-09-10T03:13:09.635+0000] {logging_mixin.py:190} INFO - [2026-09-10T03:13:09.635+0000] {dag.py:3239} INFO - Sync 1 DAGs
[2026-09-10T03:13:09.651+0000] {logging_mixin.py:190} INFO - [2026-09-10T03:13:09.650+0000] {dag.py:4180} INFO - Setting next_dagrun for 10_sql_operator_pro to None, run_after=None
[2026-09-10T03:13:09.669+0000] {processor.py:208} INFO - Processing /opt/airflow/dags/10_sql_operator_pro.py took 0.097 seconds
[2026-09-10T03:13:40.657+0000] {processor.py:186} INFO - Started process (PID=3427) to work on /opt/airflow/dags/10_sql_operator_pro.py
[2026-09-10T03:13:40.659+0000] {processor.py:914} INFO - Processing file /opt/airflow/dags/10_sql_operator_pro.py for tasks to queue
[2026-09-10T03:13:40.662+0000] {logging_mixin.py:190} INFO - [2026-09-10T03:13:40.662+0000] {dagbag.py:588} INFO - Filling up the DagBag from /opt/airflow/dags/10_sql_operator_pro.py
[2026-09-10T03:13:40.678+0000] {processor.py:925} INFO - DAG(s) '10_sql_operator_pro' retrieved from /opt/airflow/dags/10_sql_operator_pro.py
[2026-09-10T03:13:40.729+0000] {logging_mixin.py:190} INFO - [2026-09-10T03:13:40.728+0000] {dag.py:3239} INFO - Sync 1 DAGs
[2026-09-10T03:13:40.750+0000] {logging_mixin.py:190} INFO - [2026-09-10T03:13:40.750+0000] {dag.py:4180} INFO - Setting next_dagrun for 10_sql_operator_pro to None, run_after=None
[2026-09-10T03:13:40.774+0000] {processor.py:208} INFO - Processing /opt/airflow/dags/10_sql_operator_pro.py took 0.129 seconds
[2026-09-10T03:14:10.958+0000] {processor.py:186} INFO - Started process (PID=3484) to work on /opt/airflow/dags/10_sql_operator_pro.py
[2026-09-10T03:14:10.960+0000] {processor.py:914} INFO - Processing file /opt/airflow/dags/10_sql_operator_pro.py for tasks to queue
[2026-09-10T03:14:10.963+0000] {logging_mixin.py:190} INFO - [2026-09-10T03:14:10.963+0000] {dagbag.py:588} INFO - Filling up the DagBag from /opt/airflow/dags/10_sql_operator_pro.py
[2026-09-10T03:14:10.986+0000] {processor.py:925} INFO - DAG(s) '10_sql_operator_pro' retrieved from /opt/airflow/dags/10_sql_operator_pro.py
[2026-09-10T03:14:11.086+0000] {logging_mixin.py:190} INFO - [2026-09-10T03:14:11.085+0000] {dag.py:3239} INFO - Sync 1 DAGs
[2026-09-10T03:14:11.118+0000] {logging_mixin.py:190} INFO - [2026-09-10T03:14:11.118+0000] {dag.py:4180} INFO - Setting next_dagrun for 10_sql_operator_pro to None, run_after=None
[2026-09-10T03:14:11.161+0000] {processor.py:208} INFO - Processing /opt/airflow/dags/10_sql_operator_pro.py took 0.218 seconds
[2026-09-10T03:14:41.244+0000] {processor.py:186} INFO - Started process (PID=3536) to work on /opt/airflow/dags/10_sql_operator_pro.py
[2026-09-10T03:14:41.246+0000] {processor.py:914} INFO - Processing file /opt/airflow/dags/10_sql_operator_pro.py for tasks to queue
[2026-09-10T03:14:41.249+0000] {logging_mixin.py:190} INFO - [2026-09-10T03:14:41.248+0000] {dagbag.py:588} INFO - Filling up the DagBag from /opt/airflow/dags/10_sql_operator_pro.py
[2026-09-10T03:14:41.265+0000] {processor.py:925} INFO - DAG(s) '10_sql_operator_pro' retrieved from /opt/airflow/dags/10_sql_operator_pro.py
[2026-09-10T03:14:41.334+0000] {logging_mixin.py:190} INFO - [2026-09-10T03:14:41.333+0000] {dag.py:3239} INFO - Sync 1 DAGs
[2026-09-10T03:14:41.367+0000] {logging_mixin.py:190} INFO - [2026-09-10T03:14:41.367+0000] {dag.py:4180} INFO - Setting next_dagrun for 10_sql_operator_pro to None, run_after=None
[2026-09-10T03:14:41.398+0000] {processor.py:208} INFO - Processing /opt/airflow/dags/10_sql_operator_pro.py took 0.166 seconds
[2026-09-10T03:15:11.633+0000] {processor.py:186} INFO - Started process (PID=3586) to work on /opt/airflow/dags/10_sql_operator_pro.py
[2026-09-10T03:15:11.634+0000] {processor.py:914} INFO - Processing file /opt/airflow/dags/10_sql_operator_pro.py for tasks to queue
[2026-09-10T03:15:11.637+0000] {logging_mixin.py:190} INFO - [2026-09-10T03:15:11.637+0000] {dagbag.py:588} INFO - Filling up the DagBag from /opt/airflow/dags/10_sql_operator_pro.py
[2026-09-10T03:15:11.653+0000] {processor.py:925} INFO - DAG(s) '10_sql_operator_pro' retrieved from /opt/airflow/dags/10_sql_operator_pro.py
[2026-09-10T03:15:11.705+0000] {logging_mixin.py:190} INFO - [2026-09-10T03:15:11.705+0000] {dag.py:3239} INFO - Sync 1 DAGs
[2026-09-10T03:15:11.729+0000] {logging_mixin.py:190} INFO - [2026-09-10T03:15:11.728+0000] {dag.py:4180} INFO - Setting next_dagrun for 10_sql_operator_pro to None, run_after=None
[2026-09-10T03:15:11.753+0000] {processor.py:208} INFO - Processing /opt/airflow/dags/10_sql_operator_pro.py took 0.130 seconds
[2026-09-10T03:15:42.713+0000] {processor.py:186} INFO - Started process (PID=3636) to work on /opt/airflow/dags/10_sql_operator_pro.py
[2026-09-10T03:15:42.714+0000] {processor.py:914} INFO - Processing file /opt/airflow/dags/10_sql_operator_pro.py for tasks to queue
[2026-09-10T03:15:42.717+0000] {logging_mixin.py:190} INFO - [2026-09-10T03:15:42.717+0000] {dagbag.py:588} INFO - Filling up the DagBag from /opt/airflow/dags/10_sql_operator_pro.py
[2026-09-10T03:15:42.732+0000] {processor.py:925} INFO - DAG(s) '10_sql_operator_pro' retrieved from /opt/airflow/dags/10_sql_operator_pro.py
[2026-09-10T03:15:42.775+0000] {logging_mixin.py:190} INFO - [2026-09-10T03:15:42.775+0000] {dag.py:3239} INFO - Sync 1 DAGs
[2026-09-10T03:15:42.797+0000] {logging_mixin.py:190} INFO - [2026-09-10T03:15:42.797+0000] {dag.py:4180} INFO - Setting next_dagrun for 10_sql_operator_pro to None, run_after=None
[2026-09-10T03:15:42.831+0000] {processor.py:208} INFO - Processing /opt/airflow/dags/10_sql_operator_pro.py took 0.126 seconds
[2026-09-10T03:16:13.708+0000] {processor.py:186} INFO - Started process (PID=3686) to work on /opt/airflow/dags/10_sql_operator_pro.py
[2026-09-10T03:16:13.708+0000] {processor.py:914} INFO - Processing file /opt/airflow/dags/10_sql_operator_pro.py for tasks to queue
[2026-09-10T03:16:13.711+0000] {logging_mixin.py:190} INFO - [2026-09-10T03:16:13.711+0000] {dagbag.py:588} INFO - Filling up the DagBag from /opt/airflow/dags/10_sql_operator_pro.py
[2026-09-10T03:16:13.723+0000] {processor.py:925} INFO - DAG(s) '10_sql_operator_pro' retrieved from /opt/airflow/dags/10_sql_operator_pro.py
[2026-09-10T03:16:13.772+0000] {logging_mixin.py:190} INFO - [2026-09-10T03:16:13.772+0000] {dag.py:3239} INFO - Sync 1 DAGs
[2026-09-10T03:16:13.793+0000] {logging_mixin.py:190} INFO - [2026-09-10T03:16:13.793+0000] {dag.py:4180} INFO - Setting next_dagrun for 10_sql_operator_pro to None, run_after=None
[2026-09-10T03:16:13.817+0000] {processor.py:208} INFO - Processing /opt/airflow/dags/10_sql_operator_pro.py took 0.117 seconds
[2026-09-10T03:16:43.893+0000] {processor.py:186} INFO - Started process (PID=3736) to work on /opt/airflow/dags/10_sql_operator_pro.py
[2026-09-10T03:16:43.894+0000] {processor.py:914} INFO - Processing file /opt/airflow/dags/10_sql_operator_pro.py for tasks to queue
[2026-09-10T03:16:43.896+0000] {logging_mixin.py:190} INFO - [2026-09-10T03:16:43.896+0000] {dagbag.py:588} INFO - Filling up the DagBag from /opt/airflow/dags/10_sql_operator_pro.py
[2026-09-10T03:16:43.906+0000] {processor.py:925} INFO - DAG(s) '10_sql_operator_pro' retrieved from /opt/airflow/dags/10_sql_operator_pro.py
[2026-09-10T03:16:43.944+0000] {logging_mixin.py:190} INFO - [2026-09-10T03:16:43.944+0000] {dag.py:3239} INFO - Sync 1 DAGs
[2026-09-10T03:16:43.960+0000] {logging_mixin.py:190} INFO - [2026-09-10T03:16:43.959+0000] {dag.py:4180} INFO - Setting next_dagrun for 10_sql_operator_pro to None, run_after=None
[2026-09-10T03:16:43.978+0000] {processor.py:208} INFO - Processing /opt/airflow/dags/10_sql_operator_pro.py took 0.091 seconds
[2026-09-10T03:17:14.868+0000] {processor.py:186} INFO - Started process (PID=3786) to work on /opt/airflow/dags/10_sql_operator_pro.py
[2026-09-10T03:17:14.870+0000] {processor.py:914} INFO - Processing file /opt/airflow/dags/10_sql_operator_pro.py for tasks to queue
[2026-09-10T03:17:14.872+0000] {logging_mixin.py:190} INFO - [2026-09-10T03:17:14.872+0000] {dagbag.py:588} INFO - Filling up the DagBag from /opt/airflow/dags/10_sql_operator_pro.py
[2026-09-10T03:17:14.885+0000] {processor.py:925} INFO - DAG(s) '10_sql_operator_pro' retrieved from /opt/airflow/dags/10_sql_operator_pro.py
[2026-09-10T03:17:14.935+0000] {logging_mixin.py:190} INFO - [2026-09-10T03:17:14.934+0000] {dag.py:3239} INFO - Sync 1 DAGs
[2026-09-10T03:17:14.956+0000] {logging_mixin.py:190} INFO - [2026-09-10T03:17:14.955+0000] {dag.py:4180} INFO - Setting next_dagrun for 10_sql_operator_pro to None, run_after=None
[2026-09-10T03:17:14.978+0000] {processor.py:208} INFO - Processing /opt/airflow/dags/10_sql_operator_pro.py took 0.121 seconds
[2026-09-10T03:17:45.783+0000] {processor.py:186} INFO - Started process (PID=3836) to work on /opt/airflow/dags/10_sql_operator_pro.py
[2026-09-10T03:17:45.784+0000] {processor.py:914} INFO - Processing file /opt/airflow/dags/10_sql_operator_pro.py for tasks to queue
[2026-09-10T03:17:45.787+0000] {logging_mixin.py:190} INFO - [2026-09-10T03:17:45.787+0000] {dagbag.py:588} INFO - Filling up the DagBag from /opt/airflow/dags/10_sql_operator_pro.py
[2026-09-10T03:17:45.799+0000] {processor.py:925} INFO - DAG(s) '10_sql_operator_pro' retrieved from /opt/airflow/dags/10_sql_operator_pro.py
[2026-09-10T03:17:45.838+0000] {logging_mixin.py:190} INFO - [2026-09-10T03:17:45.837+0000] {dag.py:3239} INFO - Sync 1 DAGs
[2026-09-10T03:17:45.853+0000] {logging_mixin.py:190} INFO - [2026-09-10T03:17:45.852+0000] {dag.py:4180} INFO - Setting next_dagrun for 10_sql_operator_pro to None, run_after=None
[2026-09-10T03:17:45.871+0000] {processor.py:208} INFO - Processing /opt/airflow/dags/10_sql_operator_pro.py took 0.096 seconds
[2026-09-10T03:18:16.728+0000] {processor.py:186} INFO - Started process (PID=3886) to work on /opt/airflow/dags/10_sql_operator_pro.py
[2026-09-10T03:18:16.729+0000] {processor.py:914} INFO - Processing file /opt/airflow/dags/10_sql_operator_pro.py for tasks to queue
[2026-09-10T03:18:16.732+0000] {logging_mixin.py:190} INFO - [2026-09-10T03:18:16.731+0000] {dagbag.py:588} INFO - Filling up the DagBag from /opt/airflow/dags/10_sql_operator_pro.py
[2026-09-10T03:18:16.743+0000] {processor.py:925} INFO - DAG(s) '10_sql_operator_pro' retrieved from /opt/airflow/dags/10_sql_operator_pro.py
[2026-09-10T03:18:16.781+0000] {logging_mixin.py:190} INFO - [2026-09-10T03:18:16.781+0000] {dag.py:3239} INFO - Sync 1 DAGs
[2026-09-10T03:18:16.796+0000] {logging_mixin.py:190} INFO - [2026-09-10T03:18:16.796+0000] {dag.py:4180} INFO - Setting next_dagrun for 10_sql_operator_pro to None, run_after=None
[2026-09-10T03:18:16.815+0000] {processor.py:208} INFO - Processing /opt/airflow/dags/10_sql_operator_pro.py took 0.094 seconds
[2026-09-10T03:18:47.595+0000] {processor.py:186} INFO - Started process (PID=3936) to work on /opt/airflow/dags/10_sql_operator_pro.py
[2026-09-10T03:18:47.597+0000] {processor.py:914} INFO - Processing file /opt/airflow/dags/10_sql_operator_pro.py for tasks to queue
[2026-09-10T03:18:47.599+0000] {logging_mixin.py:190} INFO - [2026-09-10T03:18:47.599+0000] {dagbag.py:588} INFO - Filling up the DagBag from /opt/airflow/dags/10_sql_operator_pro.py
[2026-09-10T03:18:47.611+0000] {processor.py:925} INFO - DAG(s) '10_sql_operator_pro' retrieved from /opt/airflow/dags/10_sql_operator_pro.py
[2026-09-10T03:18:47.649+0000] {logging_mixin.py:190} INFO - [2026-09-10T03:18:47.649+0000] {dag.py:3239} INFO - Sync 1 DAGs
[2026-09-10T03:18:47.664+0000] {logging_mixin.py:190} INFO - [2026-09-10T03:18:47.664+0000] {dag.py:4180} INFO - Setting next_dagrun for 10_sql_operator_pro to None, run_after=None
[2026-09-10T03:18:47.682+0000] {processor.py:208} INFO - Processing /opt/airflow/dags/10_sql_operator_pro.py took 0.095 seconds
[2026-09-10T03:19:18.356+0000] {processor.py:186} INFO - Started process (PID=3986) to work on /opt/airflow/dags/10_sql_operator_pro.py
[2026-09-10T03:19:18.357+0000] {processor.py:914} INFO - Processing file /opt/airflow/dags/10_sql_operator_pro.py for tasks to queue
[2026-09-10T03:19:18.360+0000] {logging_mixin.py:190} INFO - [2026-09-10T03:19:18.359+0000] {dagbag.py:588} INFO - Filling up the DagBag from /opt/airflow/dags/10_sql_operator_pro.py
[2026-09-10T03:19:18.371+0000] {processor.py:925} INFO - DAG(s) '10_sql_operator_pro' retrieved from /opt/airflow/dags/10_sql_operator_pro.py
[2026-09-10T03:19:18.410+0000] {logging_mixin.py:190} INFO - [2026-09-10T03:19:18.409+0000] {dag.py:3239} INFO - Sync 1 DAGs
[2026-09-10T03:19:18.425+0000] {logging_mixin.py:190} INFO - [2026-09-10T03:19:18.425+0000] {dag.py:4180} INFO - Setting next_dagrun for 10_sql_operator_pro to None, run_after=None
[2026-09-10T03:19:18.446+0000] {processor.py:208} INFO - Processing /opt/airflow/dags/10_sql_operator_pro.py took 0.098 seconds
[2026-09-10T03:19:49.381+0000] {processor.py:186} INFO - Started process (PID=4036) to work on /opt/airflow/dags/10_sql_operator_pro.py
[2026-09-10T03:19:49.383+0000] {processor.py:914} INFO - Processing file /opt/airflow/dags/10_sql_operator_pro.py for tasks to queue
[2026-09-10T03:19:49.386+0000] {logging_mixin.py:190} INFO - [2026-09-10T03:19:49.385+0000] {dagbag.py:588} INFO - Filling up the DagBag from /opt/airflow/dags/10_sql_operator_pro.py
[2026-09-10T03:19:49.397+0000] {processor.py:925} INFO - DAG(s) '10_sql_operator_pro' retrieved from /opt/airflow/dags/10_sql_operator_pro.py
[2026-09-10T03:19:49.437+0000] {logging_mixin.py:190} INFO - [2026-09-10T03:19:49.437+0000] {dag.py:3239} INFO - Sync 1 DAGs
[2026-09-10T03:19:49.454+0000] {logging_mixin.py:190} INFO - [2026-09-10T03:19:49.454+0000] {dag.py:4180} INFO - Setting next_dagrun for 10_sql_operator_pro to None, run_after=None
[2026-09-10T03:19:49.472+0000] {processor.py:208} INFO - Processing /opt/airflow/dags/10_sql_operator_pro.py took 0.098 seconds
[2026-09-10T03:20:20.140+0000] {processor.py:186} INFO - Started process (PID=4086) to work on /opt/airflow/dags/10_sql_operator_pro.py
[2026-09-10T03:20:20.141+0000] {processor.py:914} INFO - Processing file /opt/airflow/dags/10_sql_operator_pro.py for tasks to queue
[2026-09-10T03:20:20.144+0000] {logging_mixin.py:190} INFO - [2026-09-10T03:20:20.143+0000] {dagbag.py:588} INFO - Filling up the DagBag from /opt/airflow/dags/10_sql_operator_pro.py
[2026-09-10T03:20:20.156+0000] {processor.py:925} INFO - DAG(s) '10_sql_operator_pro' retrieved from /opt/airflow/dags/10_sql_operator_pro.py
[2026-09-10T03:20:20.196+0000] {logging_mixin.py:190} INFO - [2026-09-10T03:20:20.196+0000] {dag.py:3239} INFO - Sync 1 DAGs
[2026-09-10T03:20:20.211+0000] {logging_mixin.py:190} INFO - [2026-09-10T03:20:20.211+0000] {dag.py:4180} INFO - Setting next_dagrun for 10_sql_operator_pro to None, run_after=None
[2026-09-10T03:20:20.230+0000] {processor.py:208} INFO - Processing /opt/airflow/dags/10_sql_operator_pro.py took 0.097 seconds
[2026-09-10T03:20:51.019+0000] {processor.py:186} INFO - Started process (PID=4136) to work on /opt/airflow/dags/10_sql_operator_pro.py
[2026-09-10T03:20:51.020+0000] {processor.py:914} INFO - Processing file /opt/airflow/dags/10_sql_operator_pro.py for tasks to queue
[2026-09-10T03:20:51.023+0000] {logging_mixin.py:190} INFO - [2026-09-10T03:20:51.023+0000] {dagbag.py:588} INFO - Filling up the DagBag from /opt/airflow/dags/10_sql_operator_pro.py
[2026-09-10T03:20:51.034+0000] {processor.py:925} INFO - DAG(s) '10_sql_operator_pro' retrieved from /opt/airflow/dags/10_sql_operator_pro.py
[2026-09-10T03:20:51.071+0000] {logging_mixin.py:190} INFO - [2026-09-10T03:20:51.071+0000] {dag.py:3239} INFO - Sync 1 DAGs
[2026-09-10T03:20:51.087+0000] {logging_mixin.py:190} INFO - [2026-09-10T03:20:51.086+0000] {dag.py:4180} INFO - Setting next_dagrun for 10_sql_operator_pro to None, run_after=None
[2026-09-10T03:20:51.105+0000] {processor.py:208} INFO - Processing /opt/airflow/dags/10_sql_operator_pro.py took 0.096 seconds
[2026-09-10T03:21:21.882+0000] {processor.py:186} INFO - Started process (PID=4186) to work on /opt/airflow/dags/10_sql_operator_pro.py
[2026-09-10T03:21:21.883+0000] {processor.py:914} INFO - Processing file /opt/airflow/dags/10_sql_operator_pro.py for tasks to queue
[2026-09-10T03:21:21.886+0000] {logging_mixin.py:190} INFO - [2026-09-10T03:21:21.885+0000] {dagbag.py:588} INFO - Filling up the DagBag from /opt/airflow/dags/10_sql_operator_pro.py
[2026-09-10T03:21:21.903+0000] {processor.py:925} INFO - DAG(s) '10_sql_operator_pro' retrieved from /opt/airflow/dags/10_sql_operator_pro.py
[2026-09-10T03:21:21.944+0000] {logging_mixin.py:190} INFO - [2026-09-10T03:21:21.944+0000] {dag.py:3239} INFO - Sync 1 DAGs
[2026-09-10T03:21:21.960+0000] {logging_mixin.py:190} INFO - [2026-09-10T03:21:21.960+0000] {dag.py:4180} INFO - Setting next_dagrun for 10_sql_operator_pro to None, run_after=None
[2026-09-10T03:21:21.979+0000] {processor.py:208} INFO - Processing /opt/airflow/dags/10_sql_operator_pro.py took 0.104 seconds
[2026-09-10T03:21:52.757+0000] {processor.py:186} INFO - Started process (PID=4236) to work on /opt/airflow/dags/10_sql_operator_pro.py
[2026-09-10T03:21:52.759+0000] {processor.py:914} INFO - Processing file /opt/airflow/dags/10_sql_operator_pro.py for tasks to queue
[2026-09-10T03:21:52.761+0000] {logging_mixin.py:190} INFO - [2026-09-10T03:21:52.761+0000] {dagbag.py:588} INFO - Filling up the DagBag from /opt/airflow/dags/10_sql_operator_pro.py
[2026-09-10T03:21:52.773+0000] {processor.py:925} INFO - DAG(s) '10_sql_operator_pro' retrieved from /opt/airflow/dags/10_sql_operator_pro.py
[2026-09-10T03:21:52.809+0000] {logging_mixin.py:190} INFO - [2026-09-10T03:21:52.809+0000] {dag.py:3239} INFO - Sync 1 DAGs
[2026-09-10T03:21:52.825+0000] {logging_mixin.py:190} INFO - [2026-09-10T03:21:52.824+0000] {dag.py:4180} INFO - Setting next_dagrun for 10_sql_operator_pro to None, run_after=None
[2026-09-10T03:21:52.843+0000] {processor.py:208} INFO - Processing /opt/airflow/dags/10_sql_operator_pro.py took 0.093 seconds
[2026-09-10T03:22:23.559+0000] {processor.py:186} INFO - Started process (PID=4286) to work on /opt/airflow/dags/10_sql_operator_pro.py
[2026-09-10T03:22:23.560+0000] {processor.py:914} INFO - Processing file /opt/airflow/dags/10_sql_operator_pro.py for tasks to queue
[2026-09-10T03:22:23.563+0000] {logging_mixin.py:190} INFO - [2026-09-10T03:22:23.563+0000] {dagbag.py:588} INFO - Filling up the DagBag from /opt/airflow/dags/10_sql_operator_pro.py
[2026-09-10T03:22:23.575+0000] {processor.py:925} INFO - DAG(s) '10_sql_operator_pro' retrieved from /opt/airflow/dags/10_sql_operator_pro.py
[2026-09-10T03:22:23.613+0000] {logging_mixin.py:190} INFO - [2026-09-10T03:22:23.612+0000] {dag.py:3239} INFO - Sync 1 DAGs
[2026-09-10T03:22:23.628+0000] {logging_mixin.py:190} INFO - [2026-09-10T03:22:23.628+0000] {dag.py:4180} INFO - Setting next_dagrun for 10_sql_operator_pro to None, run_after=None
[2026-09-10T03:22:23.646+0000] {processor.py:208} INFO - Processing /opt/airflow/dags/10_sql_operator_pro.py took 0.094 seconds
[2026-09-10T03:22:54.389+0000] {processor.py:186} INFO - Started process (PID=4336) to work on /opt/airflow/dags/10_sql_operator_pro.py
[2026-09-10T03:22:54.391+0000] {processor.py:914} INFO - Processing file /opt/airflow/dags/10_sql_operator_pro.py for tasks to queue
[2026-09-10T03:22:54.394+0000] {logging_mixin.py:190} INFO - [2026-09-10T03:22:54.393+0000] {dagbag.py:588} INFO - Filling up the DagBag from /opt/airflow/dags/10_sql_operator_pro.py
[2026-09-10T03:22:54.405+0000] {processor.py:925} INFO - DAG(s) '10_sql_operator_pro' retrieved from /opt/airflow/dags/10_sql_operator_pro.py
[2026-09-10T03:22:54.448+0000] {logging_mixin.py:190} INFO - [2026-09-10T03:22:54.447+0000] {dag.py:3239} INFO - Sync 1 DAGs
[2026-09-10T03:22:54.465+0000] {logging_mixin.py:190} INFO - [2026-09-10T03:22:54.465+0000] {dag.py:4180} INFO - Setting next_dagrun for 10_sql_operator_pro to None, run_after=None
[2026-09-10T03:22:54.486+0000] {processor.py:208} INFO - Processing /opt/airflow/dags/10_sql_operator_pro.py took 0.105 seconds
[2026-09-10T03:23:25.331+0000] {processor.py:186} INFO - Started process (PID=4386) to work on /opt/airflow/dags/10_sql_operator_pro.py
[2026-09-10T03:23:25.332+0000] {processor.py:914} INFO - Processing file /opt/airflow/dags/10_sql_operator_pro.py for tasks to queue
[2026-09-10T03:23:25.336+0000] {logging_mixin.py:190} INFO - [2026-09-10T03:23:25.335+0000] {dagbag.py:588} INFO - Filling up the DagBag from /opt/airflow/dags/10_sql_operator_pro.py
[2026-09-10T03:23:25.348+0000] {processor.py:925} INFO - DAG(s) '10_sql_operator_pro' retrieved from /opt/airflow/dags/10_sql_operator_pro.py
[2026-09-10T03:23:25.385+0000] {logging_mixin.py:190} INFO - [2026-09-10T03:23:25.384+0000] {dag.py:3239} INFO - Sync 1 DAGs
[2026-09-10T03:23:25.400+0000] {logging_mixin.py:190} INFO - [2026-09-10T03:23:25.399+0000] {dag.py:4180} INFO - Setting next_dagrun for 10_sql_operator_pro to None, run_after=None
[2026-09-10T03:23:25.418+0000] {processor.py:208} INFO - Processing /opt/airflow/dags/10_sql_operator_pro.py took 0.095 seconds
[2026-09-10T03:23:56.226+0000] {processor.py:186} INFO - Started process (PID=4436) to work on /opt/airflow/dags/10_sql_operator_pro.py
[2026-09-10T03:23:56.228+0000] {processor.py:914} INFO - Processing file /opt/airflow/dags/10_sql_operator_pro.py for tasks to queue
[2026-09-10T03:23:56.231+0000] {logging_mixin.py:190} INFO - [2026-09-10T03:23:56.231+0000] {dagbag.py:588} INFO - Filling up the DagBag from /opt/airflow/dags/10_sql_operator_pro.py
[2026-09-10T03:23:56.244+0000] {processor.py:925} INFO - DAG(s) '10_sql_operator_pro' retrieved from /opt/airflow/dags/10_sql_operator_pro.py
[2026-09-10T03:23:56.285+0000] {logging_mixin.py:190} INFO - [2026-09-10T03:23:56.285+0000] {dag.py:3239} INFO - Sync 1 DAGs
[2026-09-10T03:23:56.303+0000] {logging_mixin.py:190} INFO - [2026-09-10T03:23:56.302+0000] {dag.py:4180} INFO - Setting next_dagrun for 10_sql_operator_pro to None, run_after=None
[2026-09-10T03:23:56.323+0000] {processor.py:208} INFO - Processing /opt/airflow/dags/10_sql_operator_pro.py took 0.107 seconds
[2026-09-10T03:24:27.074+0000] {processor.py:186} INFO - Started process (PID=4486) to work on /opt/airflow/dags/10_sql_operator_pro.py
[2026-09-10T03:24:27.074+0000] {processor.py:914} INFO - Processing file /opt/airflow/dags/10_sql_operator_pro.py for tasks to queue
[2026-09-10T03:24:27.077+0000] {logging_mixin.py:190} INFO - [2026-09-10T03:24:27.077+0000] {dagbag.py:588} INFO - Filling up the DagBag from /opt/airflow/dags/10_sql_operator_pro.py
[2026-09-10T03:24:27.089+0000] {processor.py:925} INFO - DAG(s) '10_sql_operator_pro' retrieved from /opt/airflow/dags/10_sql_operator_pro.py
[2026-09-10T03:24:27.126+0000] {logging_mixin.py:190} INFO - [2026-09-10T03:24:27.126+0000] {dag.py:3239} INFO - Sync 1 DAGs
[2026-09-10T03:24:27.142+0000] {logging_mixin.py:190} INFO - [2026-09-10T03:24:27.142+0000] {dag.py:4180} INFO - Setting next_dagrun for 10_sql_operator_pro to None, run_after=None
[2026-09-10T03:24:27.160+0000] {processor.py:208} INFO - Processing /opt/airflow/dags/10_sql_operator_pro.py took 0.095 seconds
[2026-09-10T03:24:58.026+0000] {processor.py:186} INFO - Started process (PID=4536) to work on /opt/airflow/dags/10_sql_operator_pro.py
[2026-09-10T03:24:58.028+0000] {processor.py:914} INFO - Processing file /opt/airflow/dags/10_sql_operator_pro.py for tasks to queue
[2026-09-10T03:24:58.030+0000] {logging_mixin.py:190} INFO - [2026-09-10T03:24:58.030+0000] {dagbag.py:588} INFO - Filling up the DagBag from /opt/airflow/dags/10_sql_operator_pro.py
[2026-09-10T03:24:58.043+0000] {processor.py:925} INFO - DAG(s) '10_sql_operator_pro' retrieved from /opt/airflow/dags/10_sql_operator_pro.py
[2026-09-10T03:24:58.081+0000] {logging_mixin.py:190} INFO - [2026-09-10T03:24:58.080+0000] {dag.py:3239} INFO - Sync 1 DAGs
[2026-09-10T03:24:58.096+0000] {logging_mixin.py:190} INFO - [2026-09-10T03:24:58.096+0000] {dag.py:4180} INFO - Setting next_dagrun for 10_sql_operator_pro to None, run_after=None
[2026-09-10T03:24:58.114+0000] {processor.py:208} INFO - Processing /opt/airflow/dags/10_sql_operator_pro.py took 0.096 seconds
[2026-09-10T03:25:29.001+0000] {processor.py:186} INFO - Started process (PID=4586) to work on /opt/airflow/dags/10_sql_operator_pro.py
[2026-09-10T03:25:29.002+0000] {processor.py:914} INFO - Processing file /opt/airflow/dags/10_sql_operator_pro.py for tasks to queue
[2026-09-10T03:25:29.005+0000] {logging_mixin.py:190} INFO - [2026-09-10T03:25:29.004+0000] {dagbag.py:588} INFO - Filling up the DagBag from /opt/airflow/dags/10_sql_operator_pro.py
[2026-09-10T03:25:29.019+0000] {processor.py:925} INFO - DAG(s) '10_sql_operator_pro' retrieved from /opt/airflow/dags/10_sql_operator_pro.py
[2026-09-10T03:25:29.058+0000] {logging_mixin.py:190} INFO - [2026-09-10T03:25:29.058+0000] {dag.py:3239} INFO - Sync 1 DAGs
[2026-09-10T03:25:29.073+0000] {logging_mixin.py:190} INFO - [2026-09-10T03:25:29.073+0000] {dag.py:4180} INFO - Setting next_dagrun for 10_sql_operator_pro to None, run_after=None
[2026-09-10T03:25:29.092+0000] {processor.py:208} INFO - Processing /opt/airflow/dags/10_sql_operator_pro.py took 0.100 seconds
[2026-09-10T03:25:59.160+0000] {processor.py:186} INFO - Started process (PID=4636) to work on /opt/airflow/dags/10_sql_operator_pro.py
[2026-09-10T03:25:59.162+0000] {processor.py:914} INFO - Processing file /opt/airflow/dags/10_sql_operator_pro.py for tasks to queue
[2026-09-10T03:25:59.164+0000] {logging_mixin.py:190} INFO - [2026-09-10T03:25:59.164+0000] {dagbag.py:588} INFO - Filling up the DagBag from /opt/airflow/dags/10_sql_operator_pro.py
[2026-09-10T03:25:59.176+0000] {processor.py:925} INFO - DAG(s) '10_sql_operator_pro' retrieved from /opt/airflow/dags/10_sql_operator_pro.py
[2026-09-10T03:25:59.214+0000] {logging_mixin.py:190} INFO - [2026-09-10T03:25:59.214+0000] {dag.py:3239} INFO - Sync 1 DAGs
[2026-09-10T03:25:59.230+0000] {logging_mixin.py:190} INFO - [2026-09-10T03:25:59.229+0000] {dag.py:4180} INFO - Setting next_dagrun for 10_sql_operator_pro to None, run_after=None
[2026-09-10T03:25:59.250+0000] {processor.py:208} INFO - Processing /opt/airflow/dags/10_sql_operator_pro.py took 0.097 seconds
[2026-09-10T03:26:29.578+0000] {processor.py:186} INFO - Started process (PID=4707) to work on /opt/airflow/dags/10_sql_operator_pro.py
[2026-09-10T03:26:29.579+0000] {processor.py:914} INFO - Processing file /opt/airflow/dags/10_sql_operator_pro.py for tasks to queue
[2026-09-10T03:26:29.581+0000] {logging_mixin.py:190} INFO - [2026-09-10T03:26:29.581+0000] {dagbag.py:588} INFO - Filling up the DagBag from /opt/airflow/dags/10_sql_operator_pro.py
[2026-09-10T03:26:29.593+0000] {processor.py:925} INFO - DAG(s) '10_sql_operator_pro' retrieved from /opt/airflow/dags/10_sql_operator_pro.py
[2026-09-10T03:26:29.631+0000] {logging_mixin.py:190} INFO - [2026-09-10T03:26:29.631+0000] {dag.py:3239} INFO - Sync 1 DAGs
[2026-09-10T03:26:29.646+0000] {logging_mixin.py:190} INFO - [2026-09-10T03:26:29.646+0000] {dag.py:4180} INFO - Setting next_dagrun for 10_sql_operator_pro to None, run_after=None
[2026-09-10T03:26:29.664+0000] {processor.py:208} INFO - Processing /opt/airflow/dags/10_sql_operator_pro.py took 0.093 seconds
[2026-09-10T03:27:00.443+0000] {processor.py:186} INFO - Started process (PID=4757) to work on /opt/airflow/dags/10_sql_operator_pro.py
[2026-09-10T03:27:00.445+0000] {processor.py:914} INFO - Processing file /opt/airflow/dags/10_sql_operator_pro.py for tasks to queue
[2026-09-10T03:27:00.451+0000] {logging_mixin.py:190} INFO - [2026-09-10T03:27:00.450+0000] {dagbag.py:588} INFO - Filling up the DagBag from /opt/airflow/dags/10_sql_operator_pro.py
[2026-09-10T03:27:00.467+0000] {processor.py:925} INFO - DAG(s) '10_sql_operator_pro' retrieved from /opt/airflow/dags/10_sql_operator_pro.py
[2026-09-10T03:27:00.511+0000] {logging_mixin.py:190} INFO - [2026-09-10T03:27:00.511+0000] {dag.py:3239} INFO - Sync 1 DAGs
[2026-09-10T03:27:00.529+0000] {logging_mixin.py:190} INFO - [2026-09-10T03:27:00.529+0000] {dag.py:4180} INFO - Setting next_dagrun for 10_sql_operator_pro to None, run_after=None
[2026-09-10T03:27:00.553+0000] {processor.py:208} INFO - Processing /opt/airflow/dags/10_sql_operator_pro.py took 0.122 seconds
[2026-09-10T03:27:31.368+0000] {processor.py:186} INFO - Started process (PID=4807) to work on /opt/airflow/dags/10_sql_operator_pro.py
[2026-09-10T03:27:31.369+0000] {processor.py:914} INFO - Processing file /opt/airflow/dags/10_sql_operator_pro.py for tasks to queue
[2026-09-10T03:27:31.373+0000] {logging_mixin.py:190} INFO - [2026-09-10T03:27:31.372+0000] {dagbag.py:588} INFO - Filling up the DagBag from /opt/airflow/dags/10_sql_operator_pro.py
[2026-09-10T03:27:31.387+0000] {processor.py:925} INFO - DAG(s) '10_sql_operator_pro' retrieved from /opt/airflow/dags/10_sql_operator_pro.py
[2026-09-10T03:27:31.426+0000] {logging_mixin.py:190} INFO - [2026-09-10T03:27:31.426+0000] {dag.py:3239} INFO - Sync 1 DAGs
[2026-09-10T03:27:31.442+0000] {logging_mixin.py:190} INFO - [2026-09-10T03:27:31.442+0000] {dag.py:4180} INFO - Setting next_dagrun for 10_sql_operator_pro to None, run_after=None
[2026-09-10T03:27:31.462+0000] {processor.py:208} INFO - Processing /opt/airflow/dags/10_sql_operator_pro.py took 0.103 seconds
[2026-09-10T03:28:02.186+0000] {processor.py:186} INFO - Started process (PID=4857) to work on /opt/airflow/dags/10_sql_operator_pro.py
[2026-09-10T03:28:02.187+0000] {processor.py:914} INFO - Processing file /opt/airflow/dags/10_sql_operator_pro.py for tasks to queue
[2026-09-10T03:28:02.190+0000] {logging_mixin.py:190} INFO - [2026-09-10T03:28:02.190+0000] {dagbag.py:588} INFO - Filling up the DagBag from /opt/airflow/dags/10_sql_operator_pro.py
[2026-09-10T03:28:02.202+0000] {processor.py:925} INFO - DAG(s) '10_sql_operator_pro' retrieved from /opt/airflow/dags/10_sql_operator_pro.py
[2026-09-10T03:28:02.239+0000] {logging_mixin.py:190} INFO - [2026-09-10T03:28:02.239+0000] {dag.py:3239} INFO - Sync 1 DAGs
[2026-09-10T03:28:02.254+0000] {logging_mixin.py:190} INFO - [2026-09-10T03:28:02.254+0000] {dag.py:4180} INFO - Setting next_dagrun for 10_sql_operator_pro to None, run_after=None
[2026-09-10T03:28:02.272+0000] {processor.py:208} INFO - Processing /opt/airflow/dags/10_sql_operator_pro.py took 0.095 seconds
[2026-09-10T03:28:33.006+0000] {processor.py:186} INFO - Started process (PID=4907) to work on /opt/airflow/dags/10_sql_operator_pro.py
[2026-09-10T03:28:33.007+0000] {processor.py:914} INFO - Processing file /opt/airflow/dags/10_sql_operator_pro.py for tasks to queue
[2026-09-10T03:28:33.012+0000] {logging_mixin.py:190} INFO - [2026-09-10T03:28:33.011+0000] {dagbag.py:588} INFO - Filling up the DagBag from /opt/airflow/dags/10_sql_operator_pro.py
[2026-09-10T03:28:33.025+0000] {processor.py:925} INFO - DAG(s) '10_sql_operator_pro' retrieved from /opt/airflow/dags/10_sql_operator_pro.py
[2026-09-10T03:28:33.064+0000] {logging_mixin.py:190} INFO - [2026-09-10T03:28:33.063+0000] {dag.py:3239} INFO - Sync 1 DAGs
[2026-09-10T03:28:33.079+0000] {logging_mixin.py:190} INFO - [2026-09-10T03:28:33.079+0000] {dag.py:4180} INFO - Setting next_dagrun for 10_sql_operator_pro to None, run_after=None
[2026-09-10T03:28:33.097+0000] {processor.py:208} INFO - Processing /opt/airflow/dags/10_sql_operator_pro.py took 0.100 seconds
[2026-09-10T03:29:03.850+0000] {processor.py:186} INFO - Started process (PID=4957) to work on /opt/airflow/dags/10_sql_operator_pro.py
[2026-09-10T03:29:03.852+0000] {processor.py:914} INFO - Processing file /opt/airflow/dags/10_sql_operator_pro.py for tasks to queue
[2026-09-10T03:29:03.855+0000] {logging_mixin.py:190} INFO - [2026-09-10T03:29:03.854+0000] {dagbag.py:588} INFO - Filling up the DagBag from /opt/airflow/dags/10_sql_operator_pro.py
[2026-09-10T03:29:03.867+0000] {processor.py:925} INFO - DAG(s) '10_sql_operator_pro' retrieved from /opt/airflow/dags/10_sql_operator_pro.py
[2026-09-10T03:29:03.907+0000] {logging_mixin.py:190} INFO - [2026-09-10T03:29:03.907+0000] {dag.py:3239} INFO - Sync 1 DAGs
[2026-09-10T03:29:03.923+0000] {logging_mixin.py:190} INFO - [2026-09-10T03:29:03.923+0000] {dag.py:4180} INFO - Setting next_dagrun for 10_sql_operator_pro to None, run_after=None
[2026-09-10T03:29:03.943+0000] {processor.py:208} INFO - Processing /opt/airflow/dags/10_sql_operator_pro.py took 0.101 seconds
[2026-09-10T03:29:34.676+0000] {processor.py:186} INFO - Started process (PID=5007) to work on /opt/airflow/dags/10_sql_operator_pro.py
[2026-09-10T03:29:34.676+0000] {processor.py:914} INFO - Processing file /opt/airflow/dags/10_sql_operator_pro.py for tasks to queue
[2026-09-10T03:29:34.680+0000] {logging_mixin.py:190} INFO - [2026-09-10T03:29:34.679+0000] {dagbag.py:588} INFO - Filling up the DagBag from /opt/airflow/dags/10_sql_operator_pro.py
[2026-09-10T03:29:34.692+0000] {processor.py:925} INFO - DAG(s) '10_sql_operator_pro' retrieved from /opt/airflow/dags/10_sql_operator_pro.py
[2026-09-10T03:29:34.735+0000] {logging_mixin.py:190} INFO - [2026-09-10T03:29:34.735+0000] {dag.py:3239} INFO - Sync 1 DAGs
[2026-09-10T03:29:34.755+0000] {logging_mixin.py:190} INFO - [2026-09-10T03:29:34.755+0000] {dag.py:4180} INFO - Setting next_dagrun for 10_sql_operator_pro to None, run_after=None
[2026-09-10T03:29:34.776+0000] {processor.py:208} INFO - Processing /opt/airflow/dags/10_sql_operator_pro.py took 0.109 seconds
[2026-09-10T03:30:05.533+0000] {processor.py:186} INFO - Started process (PID=5057) to work on /opt/airflow/dags/10_sql_operator_pro.py
[2026-09-10T03:30:05.535+0000] {processor.py:914} INFO - Processing file /opt/airflow/dags/10_sql_operator_pro.py for tasks to queue
[2026-09-10T03:30:05.538+0000] {logging_mixin.py:190} INFO - [2026-09-10T03:30:05.538+0000] {dagbag.py:588} INFO - Filling up the DagBag from /opt/airflow/dags/10_sql_operator_pro.py
[2026-09-10T03:30:05.551+0000] {processor.py:925} INFO - DAG(s) '10_sql_operator_pro' retrieved from /opt/airflow/dags/10_sql_operator_pro.py
[2026-09-10T03:30:05.594+0000] {logging_mixin.py:190} INFO - [2026-09-10T03:30:05.594+0000] {dag.py:3239} INFO - Sync 1 DAGs
[2026-09-10T03:30:05.612+0000] {logging_mixin.py:190} INFO - [2026-09-10T03:30:05.612+0000] {dag.py:4180} INFO - Setting next_dagrun for 10_sql_operator_pro to None, run_after=None
[2026-09-10T03:30:05.633+0000] {processor.py:208} INFO - Processing /opt/airflow/dags/10_sql_operator_pro.py took 0.109 seconds
[2026-09-10T03:30:36.726+0000] {processor.py:186} INFO - Started process (PID=5105) to work on /opt/airflow/dags/10_sql_operator_pro.py
[2026-09-10T03:30:36.727+0000] {processor.py:914} INFO - Processing file /opt/airflow/dags/10_sql_operator_pro.py for tasks to queue
[2026-09-10T03:30:36.731+0000] {logging_mixin.py:190} INFO - [2026-09-10T03:30:36.731+0000] {dagbag.py:588} INFO - Filling up the DagBag from /opt/airflow/dags/10_sql_operator_pro.py
[2026-09-10T03:30:36.749+0000] {processor.py:925} INFO - DAG(s) '10_sql_operator_pro' retrieved from /opt/airflow/dags/10_sql_operator_pro.py
[2026-09-10T03:30:36.811+0000] {logging_mixin.py:190} INFO - [2026-09-10T03:30:36.811+0000] {dag.py:3239} INFO - Sync 1 DAGs
[2026-09-10T03:30:36.831+0000] {logging_mixin.py:190} INFO - [2026-09-10T03:30:36.831+0000] {dag.py:4180} INFO - Setting next_dagrun for 10_sql_operator_pro to None, run_after=None
[2026-09-10T03:30:36.856+0000] {processor.py:208} INFO - Processing /opt/airflow/dags/10_sql_operator_pro.py took 0.140 seconds
[2026-09-10T03:31:07.108+0000] {processor.py:186} INFO - Started process (PID=5157) to work on /opt/airflow/dags/10_sql_operator_pro.py
[2026-09-10T03:31:07.109+0000] {processor.py:914} INFO - Processing file /opt/airflow/dags/10_sql_operator_pro.py for tasks to queue
[2026-09-10T03:31:07.113+0000] {logging_mixin.py:190} INFO - [2026-09-10T03:31:07.112+0000] {dagbag.py:588} INFO - Filling up the DagBag from /opt/airflow/dags/10_sql_operator_pro.py
[2026-09-10T03:31:07.125+0000] {processor.py:925} INFO - DAG(s) '10_sql_operator_pro' retrieved from /opt/airflow/dags/10_sql_operator_pro.py
[2026-09-10T03:31:07.167+0000] {logging_mixin.py:190} INFO - [2026-09-10T03:31:07.167+0000] {dag.py:3239} INFO - Sync 1 DAGs
[2026-09-10T03:31:07.186+0000] {logging_mixin.py:190} INFO - [2026-09-10T03:31:07.186+0000] {dag.py:4180} INFO - Setting next_dagrun for 10_sql_operator_pro to None, run_after=None
[2026-09-10T03:31:07.206+0000] {processor.py:208} INFO - Processing /opt/airflow/dags/10_sql_operator_pro.py took 0.106 seconds
[2026-09-10T03:31:38.080+0000] {processor.py:186} INFO - Started process (PID=5207) to work on /opt/airflow/dags/10_sql_operator_pro.py
[2026-09-10T03:31:38.081+0000] {processor.py:914} INFO - Processing file /opt/airflow/dags/10_sql_operator_pro.py for tasks to queue
[2026-09-10T03:31:38.085+0000] {logging_mixin.py:190} INFO - [2026-09-10T03:31:38.084+0000] {dagbag.py:588} INFO - Filling up the DagBag from /opt/airflow/dags/10_sql_operator_pro.py
[2026-09-10T03:31:38.098+0000] {processor.py:925} INFO - DAG(s) '10_sql_operator_pro' retrieved from /opt/airflow/dags/10_sql_operator_pro.py
[2026-09-10T03:31:38.145+0000] {logging_mixin.py:190} INFO - [2026-09-10T03:31:38.145+0000] {dag.py:3239} INFO - Sync 1 DAGs
[2026-09-10T03:31:38.167+0000] {logging_mixin.py:190} INFO - [2026-09-10T03:31:38.166+0000] {dag.py:4180} INFO - Setting next_dagrun for 10_sql_operator_pro to None, run_after=None
[2026-09-10T03:31:38.190+0000] {processor.py:208} INFO - Processing /opt/airflow/dags/10_sql_operator_pro.py took 0.120 seconds
[2026-09-10T03:32:26.303+0000] {processor.py:186} INFO - Started process (PID=5359) to work on /opt/airflow/dags/10_sql_operator_pro.py
[2026-09-10T03:32:26.361+0000] {processor.py:914} INFO - Processing file /opt/airflow/dags/10_sql_operator_pro.py for tasks to queue
[2026-09-10T03:32:26.365+0000] {logging_mixin.py:190} INFO - [2026-09-10T03:32:26.364+0000] {dagbag.py:588} INFO - Filling up the DagBag from /opt/airflow/dags/10_sql_operator_pro.py
[2026-09-10T03:32:28.469+0000] {processor.py:925} INFO - DAG(s) '10_sql_operator_pro' retrieved from /opt/airflow/dags/10_sql_operator_pro.py
[2026-09-10T03:32:31.840+0000] {logging_mixin.py:190} INFO - [2026-09-10T03:32:31.840+0000] {dag.py:3239} INFO - Sync 1 DAGs
[2026-09-10T03:32:31.864+0000] {logging_mixin.py:190} INFO - [2026-09-10T03:32:31.863+0000] {dag.py:4180} INFO - Setting next_dagrun for 10_sql_operator_pro to None, run_after=None
[2026-09-10T03:32:32.281+0000] {processor.py:208} INFO - Processing /opt/airflow/dags/10_sql_operator_pro.py took 6.796 seconds
[2026-09-10T03:33:26.593+0000] {processor.py:186} INFO - Started process (PID=5413) to work on /opt/airflow/dags/10_sql_operator_pro.py
[2026-09-10T03:33:26.731+0000] {processor.py:914} INFO - Processing file /opt/airflow/dags/10_sql_operator_pro.py for tasks to queue
[2026-09-10T03:33:26.734+0000] {logging_mixin.py:190} INFO - [2026-09-10T03:33:26.734+0000] {dagbag.py:588} INFO - Filling up the DagBag from /opt/airflow/dags/10_sql_operator_pro.py
[2026-09-10T03:33:30.816+0000] {processor.py:925} INFO - DAG(s) '10_sql_operator_pro' retrieved from /opt/airflow/dags/10_sql_operator_pro.py
[2026-09-10T03:33:38.033+0000] {logging_mixin.py:190} INFO - [2026-09-10T03:33:37.615+0000] {dag.py:3239} INFO - Sync 1 DAGs
[2026-09-10T03:33:38.725+0000] {logging_mixin.py:190} INFO - [2026-09-10T03:33:38.725+0000] {dag.py:4180} INFO - Setting next_dagrun for 10_sql_operator_pro to None, run_after=None
[2026-09-10T03:33:39.860+0000] {processor.py:208} INFO - Processing /opt/airflow/dags/10_sql_operator_pro.py took 14.456 seconds
[2026-09-10T20:19:04.321+0000] {processor.py:186} INFO - Started process (PID=191) to work on /opt/airflow/dags/10_sql_operator_pro.py
[2026-09-10T20:19:04.323+0000] {processor.py:914} INFO - Processing file /opt/airflow/dags/10_sql_operator_pro.py for tasks to queue
[2026-09-10T20:19:04.326+0000] {logging_mixin.py:190} INFO - [2026-09-10T20:19:04.326+0000] {dagbag.py:588} INFO - Filling up the DagBag from /opt/airflow/dags/10_sql_operator_pro.py
[2026-09-10T20:19:04.348+0000] {processor.py:925} INFO - DAG(s) '10_sql_operator_pro' retrieved from /opt/airflow/dags/10_sql_operator_pro.py
[2026-09-10T20:19:04.524+0000] {logging_mixin.py:190} INFO - [2026-09-10T20:19:04.523+0000] {override.py:1911} INFO - Created Permission View: can read on DAG:10_sql_operator_pro
[2026-09-10T20:19:04.545+0000] {logging_mixin.py:190} INFO - [2026-09-10T20:19:04.544+0000] {override.py:1911} INFO - Created Permission View: can delete on DAG:10_sql_operator_pro
[2026-09-10T20:19:04.557+0000] {logging_mixin.py:190} INFO - [2026-09-10T20:19:04.556+0000] {override.py:1911} INFO - Created Permission View: can edit on DAG:10_sql_operator_pro
[2026-09-10T20:19:04.568+0000] {logging_mixin.py:190} INFO - [2026-09-10T20:19:04.567+0000] {override.py:1911} INFO - Created Permission View: can read on DAG Run:10_sql_operator_pro
[2026-09-10T20:19:04.578+0000] {logging_mixin.py:190} INFO - [2026-09-10T20:19:04.577+0000] {override.py:1911} INFO - Created Permission View: menu access on DAG Run:10_sql_operator_pro
[2026-09-10T20:19:04.588+0000] {logging_mixin.py:190} INFO - [2026-09-10T20:19:04.587+0000] {override.py:1911} INFO - Created Permission View: can delete on DAG Run:10_sql_operator_pro
[2026-09-10T20:19:04.599+0000] {logging_mixin.py:190} INFO - [2026-09-10T20:19:04.598+0000] {override.py:1911} INFO - Created Permission View: can create on DAG Run:10_sql_operator_pro
[2026-09-10T20:19:04.599+0000] {logging_mixin.py:190} INFO - [2026-09-10T20:19:04.599+0000] {dag.py:3239} INFO - Sync 1 DAGs
[2026-09-10T20:19:04.623+0000] {logging_mixin.py:190} INFO - [2026-09-10T20:19:04.623+0000] {dag.py:3262} INFO - Creating ORM DAG for 10_sql_operator_pro
[2026-09-10T20:19:04.624+0000] {logging_mixin.py:190} INFO - [2026-09-10T20:19:04.624+0000] {dag.py:4180} INFO - Setting next_dagrun for 10_sql_operator_pro to None, run_after=None
[2026-09-10T20:19:04.659+0000] {processor.py:208} INFO - Processing /opt/airflow/dags/10_sql_operator_pro.py took 0.350 seconds
[2026-09-10T20:19:34.755+0000] {processor.py:186} INFO - Started process (PID=263) to work on /opt/airflow/dags/10_sql_operator_pro.py
[2026-09-10T20:19:34.756+0000] {processor.py:914} INFO - Processing file /opt/airflow/dags/10_sql_operator_pro.py for tasks to queue
[2026-09-10T20:19:34.758+0000] {logging_mixin.py:190} INFO - [2026-09-10T20:19:34.758+0000] {dagbag.py:588} INFO - Filling up the DagBag from /opt/airflow/dags/10_sql_operator_pro.py
[2026-09-10T20:19:34.769+0000] {processor.py:925} INFO - DAG(s) '10_sql_operator_pro' retrieved from /opt/airflow/dags/10_sql_operator_pro.py
[2026-09-10T20:19:34.804+0000] {logging_mixin.py:190} INFO - [2026-09-10T20:19:34.803+0000] {dag.py:3239} INFO - Sync 1 DAGs
[2026-09-10T20:19:34.820+0000] {logging_mixin.py:190} INFO - [2026-09-10T20:19:34.820+0000] {dag.py:4180} INFO - Setting next_dagrun for 10_sql_operator_pro to None, run_after=None
[2026-09-10T20:19:34.839+0000] {processor.py:208} INFO - Processing /opt/airflow/dags/10_sql_operator_pro.py took 0.091 seconds
[2026-09-10T20:20:04.929+0000] {processor.py:186} INFO - Started process (PID=333) to work on /opt/airflow/dags/10_sql_operator_pro.py
[2026-09-10T20:20:04.930+0000] {processor.py:914} INFO - Processing file /opt/airflow/dags/10_sql_operator_pro.py for tasks to queue
[2026-09-10T20:20:04.933+0000] {logging_mixin.py:190} INFO - [2026-09-10T20:20:04.932+0000] {dagbag.py:588} INFO - Filling up the DagBag from /opt/airflow/dags/10_sql_operator_pro.py
[2026-09-10T20:20:04.943+0000] {processor.py:925} INFO - DAG(s) '10_sql_operator_pro' retrieved from /opt/airflow/dags/10_sql_operator_pro.py
[2026-09-10T20:20:04.975+0000] {logging_mixin.py:190} INFO - [2026-09-10T20:20:04.974+0000] {dag.py:3239} INFO - Sync 1 DAGs
[2026-09-10T20:20:04.988+0000] {logging_mixin.py:190} INFO - [2026-09-10T20:20:04.988+0000] {dag.py:4180} INFO - Setting next_dagrun for 10_sql_operator_pro to None, run_after=None
[2026-09-10T20:20:05.007+0000] {processor.py:208} INFO - Processing /opt/airflow/dags/10_sql_operator_pro.py took 0.084 seconds
[2026-09-10T20:20:35.139+0000] {processor.py:186} INFO - Started process (PID=401) to work on /opt/airflow/dags/10_sql_operator_pro.py
[2026-09-10T20:20:35.140+0000] {processor.py:914} INFO - Processing file /opt/airflow/dags/10_sql_operator_pro.py for tasks to queue
[2026-09-10T20:20:35.143+0000] {logging_mixin.py:190} INFO - [2026-09-10T20:20:35.143+0000] {dagbag.py:588} INFO - Filling up the DagBag from /opt/airflow/dags/10_sql_operator_pro.py
[2026-09-10T20:20:35.156+0000] {processor.py:925} INFO - DAG(s) '10_sql_operator_pro' retrieved from /opt/airflow/dags/10_sql_operator_pro.py
[2026-09-10T20:20:35.195+0000] {logging_mixin.py:190} INFO - [2026-09-10T20:20:35.195+0000] {dag.py:3239} INFO - Sync 1 DAGs
[2026-09-10T20:20:35.213+0000] {logging_mixin.py:190} INFO - [2026-09-10T20:20:35.213+0000] {dag.py:4180} INFO - Setting next_dagrun for 10_sql_operator_pro to None, run_after=None
[2026-09-10T20:20:35.235+0000] {processor.py:208} INFO - Processing /opt/airflow/dags/10_sql_operator_pro.py took 0.103 seconds
[2026-09-10T20:21:05.646+0000] {processor.py:186} INFO - Started process (PID=471) to work on /opt/airflow/dags/10_sql_operator_pro.py
[2026-09-10T20:21:05.648+0000] {processor.py:914} INFO - Processing file /opt/airflow/dags/10_sql_operator_pro.py for tasks to queue
[2026-09-10T20:21:05.652+0000] {logging_mixin.py:190} INFO - [2026-09-10T20:21:05.651+0000] {dagbag.py:588} INFO - Filling up the DagBag from /opt/airflow/dags/10_sql_operator_pro.py
[2026-09-10T20:21:05.669+0000] {processor.py:925} INFO - DAG(s) '10_sql_operator_pro' retrieved from /opt/airflow/dags/10_sql_operator_pro.py
[2026-09-10T20:21:05.709+0000] {logging_mixin.py:190} INFO - [2026-09-10T20:21:05.708+0000] {dag.py:3239} INFO - Sync 1 DAGs
[2026-09-10T20:21:05.729+0000] {logging_mixin.py:190} INFO - [2026-09-10T20:21:05.729+0000] {dag.py:4180} INFO - Setting next_dagrun for 10_sql_operator_pro to None, run_after=None
[2026-09-10T20:21:05.940+0000] {processor.py:208} INFO - Processing /opt/airflow/dags/10_sql_operator_pro.py took 0.304 seconds
[2026-09-10T20:21:36.030+0000] {processor.py:186} INFO - Started process (PID=542) to work on /opt/airflow/dags/10_sql_operator_pro.py
[2026-09-10T20:21:36.031+0000] {processor.py:914} INFO - Processing file /opt/airflow/dags/10_sql_operator_pro.py for tasks to queue
[2026-09-10T20:21:36.036+0000] {logging_mixin.py:190} INFO - [2026-09-10T20:21:36.036+0000] {dagbag.py:588} INFO - Filling up the DagBag from /opt/airflow/dags/10_sql_operator_pro.py
[2026-09-10T20:21:36.056+0000] {processor.py:925} INFO - DAG(s) '10_sql_operator_pro' retrieved from /opt/airflow/dags/10_sql_operator_pro.py
[2026-09-10T20:21:36.114+0000] {logging_mixin.py:190} INFO - [2026-09-10T20:21:36.113+0000] {dag.py:3239} INFO - Sync 1 DAGs
[2026-09-10T20:21:36.137+0000] {logging_mixin.py:190} INFO - [2026-09-10T20:21:36.137+0000] {dag.py:4180} INFO - Setting next_dagrun for 10_sql_operator_pro to None, run_after=None
[2026-09-10T20:21:36.167+0000] {processor.py:208} INFO - Processing /opt/airflow/dags/10_sql_operator_pro.py took 0.160 seconds
[2026-09-10T20:22:06.923+0000] {processor.py:186} INFO - Started process (PID=611) to work on /opt/airflow/dags/10_sql_operator_pro.py
[2026-09-10T20:22:06.924+0000] {processor.py:914} INFO - Processing file /opt/airflow/dags/10_sql_operator_pro.py for tasks to queue
[2026-09-10T20:22:06.927+0000] {logging_mixin.py:190} INFO - [2026-09-10T20:22:06.927+0000] {dagbag.py:588} INFO - Filling up the DagBag from /opt/airflow/dags/10_sql_operator_pro.py
[2026-09-10T20:22:06.939+0000] {processor.py:925} INFO - DAG(s) '10_sql_operator_pro' retrieved from /opt/airflow/dags/10_sql_operator_pro.py
[2026-09-10T20:22:06.974+0000] {logging_mixin.py:190} INFO - [2026-09-10T20:22:06.974+0000] {dag.py:3239} INFO - Sync 1 DAGs
[2026-09-10T20:22:07.176+0000] {logging_mixin.py:190} INFO - [2026-09-10T20:22:07.175+0000] {dag.py:4180} INFO - Setting next_dagrun for 10_sql_operator_pro to None, run_after=None
[2026-09-10T20:22:07.193+0000] {processor.py:208} INFO - Processing /opt/airflow/dags/10_sql_operator_pro.py took 0.279 seconds
[2026-09-10T20:22:37.421+0000] {processor.py:186} INFO - Started process (PID=681) to work on /opt/airflow/dags/10_sql_operator_pro.py
[2026-09-10T20:22:37.424+0000] {processor.py:914} INFO - Processing file /opt/airflow/dags/10_sql_operator_pro.py for tasks to queue
[2026-09-10T20:22:37.427+0000] {logging_mixin.py:190} INFO - [2026-09-10T20:22:37.426+0000] {dagbag.py:588} INFO - Filling up the DagBag from /opt/airflow/dags/10_sql_operator_pro.py
[2026-09-10T20:22:37.442+0000] {processor.py:925} INFO - DAG(s) '10_sql_operator_pro' retrieved from /opt/airflow/dags/10_sql_operator_pro.py
[2026-09-10T20:22:37.481+0000] {logging_mixin.py:190} INFO - [2026-09-10T20:22:37.481+0000] {dag.py:3239} INFO - Sync 1 DAGs
[2026-09-10T20:22:37.499+0000] {logging_mixin.py:190} INFO - [2026-09-10T20:22:37.499+0000] {dag.py:4180} INFO - Setting next_dagrun for 10_sql_operator_pro to None, run_after=None
[2026-09-10T20:22:37.522+0000] {processor.py:208} INFO - Processing /opt/airflow/dags/10_sql_operator_pro.py took 0.110 seconds
[2026-09-10T20:23:08.059+0000] {processor.py:186} INFO - Started process (PID=751) to work on /opt/airflow/dags/10_sql_operator_pro.py
[2026-09-10T20:23:08.060+0000] {processor.py:914} INFO - Processing file /opt/airflow/dags/10_sql_operator_pro.py for tasks to queue
[2026-09-10T20:23:08.066+0000] {logging_mixin.py:190} INFO - [2026-09-10T20:23:08.065+0000] {dagbag.py:588} INFO - Filling up the DagBag from /opt/airflow/dags/10_sql_operator_pro.py
[2026-09-10T20:23:08.083+0000] {processor.py:925} INFO - DAG(s) '10_sql_operator_pro' retrieved from /opt/airflow/dags/10_sql_operator_pro.py
[2026-09-10T20:23:08.132+0000] {logging_mixin.py:190} INFO - [2026-09-10T20:23:08.131+0000] {dag.py:3239} INFO - Sync 1 DAGs
[2026-09-10T20:23:08.154+0000] {logging_mixin.py:190} INFO - [2026-09-10T20:23:08.154+0000] {dag.py:4180} INFO - Setting next_dagrun for 10_sql_operator_pro to None, run_after=None
[2026-09-10T20:23:08.177+0000] {processor.py:208} INFO - Processing /opt/airflow/dags/10_sql_operator_pro.py took 0.132 seconds
[2026-09-10T20:23:39.100+0000] {processor.py:186} INFO - Started process (PID=833) to work on /opt/airflow/dags/10_sql_operator_pro.py
[2026-09-10T20:23:39.101+0000] {processor.py:914} INFO - Processing file /opt/airflow/dags/10_sql_operator_pro.py for tasks to queue
[2026-09-10T20:23:39.104+0000] {logging_mixin.py:190} INFO - [2026-09-10T20:23:39.104+0000] {dagbag.py:588} INFO - Filling up the DagBag from /opt/airflow/dags/10_sql_operator_pro.py
[2026-09-10T20:23:39.117+0000] {processor.py:925} INFO - DAG(s) '10_sql_operator_pro' retrieved from /opt/airflow/dags/10_sql_operator_pro.py
[2026-09-10T20:23:39.153+0000] {logging_mixin.py:190} INFO - [2026-09-10T20:23:39.152+0000] {dag.py:3239} INFO - Sync 1 DAGs
[2026-09-10T20:23:39.175+0000] {logging_mixin.py:190} INFO - [2026-09-10T20:23:39.175+0000] {dag.py:4180} INFO - Setting next_dagrun for 10_sql_operator_pro to None, run_after=None
[2026-09-10T20:23:39.196+0000] {processor.py:208} INFO - Processing /opt/airflow/dags/10_sql_operator_pro.py took 0.104 seconds
[2026-09-10T20:24:09.321+0000] {processor.py:186} INFO - Started process (PID=903) to work on /opt/airflow/dags/10_sql_operator_pro.py
[2026-09-10T20:24:09.322+0000] {processor.py:914} INFO - Processing file /opt/airflow/dags/10_sql_operator_pro.py for tasks to queue
[2026-09-10T20:24:09.326+0000] {logging_mixin.py:190} INFO - [2026-09-10T20:24:09.326+0000] {dagbag.py:588} INFO - Filling up the DagBag from /opt/airflow/dags/10_sql_operator_pro.py
[2026-09-10T20:24:09.339+0000] {processor.py:925} INFO - DAG(s) '10_sql_operator_pro' retrieved from /opt/airflow/dags/10_sql_operator_pro.py
[2026-09-10T20:24:09.375+0000] {logging_mixin.py:190} INFO - [2026-09-10T20:24:09.375+0000] {dag.py:3239} INFO - Sync 1 DAGs
[2026-09-10T20:24:09.393+0000] {logging_mixin.py:190} INFO - [2026-09-10T20:24:09.393+0000] {dag.py:4180} INFO - Setting next_dagrun for 10_sql_operator_pro to None, run_after=None
[2026-09-10T20:24:09.412+0000] {processor.py:208} INFO - Processing /opt/airflow/dags/10_sql_operator_pro.py took 0.103 seconds
[2026-09-10T20:24:39.548+0000] {processor.py:186} INFO - Started process (PID=975) to work on /opt/airflow/dags/10_sql_operator_pro.py
[2026-09-10T20:24:39.549+0000] {processor.py:914} INFO - Processing file /opt/airflow/dags/10_sql_operator_pro.py for tasks to queue
[2026-09-10T20:24:39.551+0000] {logging_mixin.py:190} INFO - [2026-09-10T20:24:39.551+0000] {dagbag.py:588} INFO - Filling up the DagBag from /opt/airflow/dags/10_sql_operator_pro.py
[2026-09-10T20:24:39.562+0000] {processor.py:925} INFO - DAG(s) '10_sql_operator_pro' retrieved from /opt/airflow/dags/10_sql_operator_pro.py
[2026-09-10T20:24:39.596+0000] {logging_mixin.py:190} INFO - [2026-09-10T20:24:39.596+0000] {dag.py:3239} INFO - Sync 1 DAGs
[2026-09-10T20:24:39.611+0000] {logging_mixin.py:190} INFO - [2026-09-10T20:24:39.611+0000] {dag.py:4180} INFO - Setting next_dagrun for 10_sql_operator_pro to None, run_after=None
[2026-09-10T20:24:39.629+0000] {processor.py:208} INFO - Processing /opt/airflow/dags/10_sql_operator_pro.py took 0.089 seconds
[2026-09-10T20:25:09.721+0000] {processor.py:186} INFO - Started process (PID=1043) to work on /opt/airflow/dags/10_sql_operator_pro.py
[2026-09-10T20:25:09.722+0000] {processor.py:914} INFO - Processing file /opt/airflow/dags/10_sql_operator_pro.py for tasks to queue
[2026-09-10T20:25:09.726+0000] {logging_mixin.py:190} INFO - [2026-09-10T20:25:09.725+0000] {dagbag.py:588} INFO - Filling up the DagBag from /opt/airflow/dags/10_sql_operator_pro.py
[2026-09-10T20:25:09.739+0000] {processor.py:925} INFO - DAG(s) '10_sql_operator_pro' retrieved from /opt/airflow/dags/10_sql_operator_pro.py
[2026-09-10T20:25:09.778+0000] {logging_mixin.py:190} INFO - [2026-09-10T20:25:09.778+0000] {dag.py:3239} INFO - Sync 1 DAGs
[2026-09-10T20:25:09.793+0000] {logging_mixin.py:190} INFO - [2026-09-10T20:25:09.793+0000] {dag.py:4180} INFO - Setting next_dagrun for 10_sql_operator_pro to None, run_after=None
[2026-09-10T20:25:09.812+0000] {processor.py:208} INFO - Processing /opt/airflow/dags/10_sql_operator_pro.py took 0.102 seconds
[2026-09-10T20:25:40.070+0000] {processor.py:186} INFO - Started process (PID=1115) to work on /opt/airflow/dags/10_sql_operator_pro.py
[2026-09-10T20:25:40.071+0000] {processor.py:914} INFO - Processing file /opt/airflow/dags/10_sql_operator_pro.py for tasks to queue
[2026-09-10T20:25:40.074+0000] {logging_mixin.py:190} INFO - [2026-09-10T20:25:40.074+0000] {dagbag.py:588} INFO - Filling up the DagBag from /opt/airflow/dags/10_sql_operator_pro.py
[2026-09-10T20:25:40.085+0000] {processor.py:925} INFO - DAG(s) '10_sql_operator_pro' retrieved from /opt/airflow/dags/10_sql_operator_pro.py
[2026-09-10T20:25:40.120+0000] {logging_mixin.py:190} INFO - [2026-09-10T20:25:40.120+0000] {dag.py:3239} INFO - Sync 1 DAGs
[2026-09-10T20:25:40.135+0000] {logging_mixin.py:190} INFO - [2026-09-10T20:25:40.134+0000] {dag.py:4180} INFO - Setting next_dagrun for 10_sql_operator_pro to None, run_after=None
[2026-09-10T20:25:40.153+0000] {processor.py:208} INFO - Processing /opt/airflow/dags/10_sql_operator_pro.py took 0.091 seconds
[2026-09-10T20:26:10.216+0000] {processor.py:186} INFO - Started process (PID=1185) to work on /opt/airflow/dags/10_sql_operator_pro.py
[2026-09-10T20:26:10.217+0000] {processor.py:914} INFO - Processing file /opt/airflow/dags/10_sql_operator_pro.py for tasks to queue
[2026-09-10T20:26:10.219+0000] {logging_mixin.py:190} INFO - [2026-09-10T20:26:10.219+0000] {dagbag.py:588} INFO - Filling up the DagBag from /opt/airflow/dags/10_sql_operator_pro.py
[2026-09-10T20:26:10.230+0000] {processor.py:925} INFO - DAG(s) '10_sql_operator_pro' retrieved from /opt/airflow/dags/10_sql_operator_pro.py
[2026-09-10T20:26:10.262+0000] {logging_mixin.py:190} INFO - [2026-09-10T20:26:10.261+0000] {dag.py:3239} INFO - Sync 1 DAGs
[2026-09-10T20:26:10.276+0000] {logging_mixin.py:190} INFO - [2026-09-10T20:26:10.276+0000] {dag.py:4180} INFO - Setting next_dagrun for 10_sql_operator_pro to None, run_after=None
[2026-09-10T20:26:10.295+0000] {processor.py:208} INFO - Processing /opt/airflow/dags/10_sql_operator_pro.py took 0.086 seconds
[2026-09-10T20:26:40.335+0000] {processor.py:186} INFO - Started process (PID=1255) to work on /opt/airflow/dags/10_sql_operator_pro.py
[2026-09-10T20:26:40.337+0000] {processor.py:914} INFO - Processing file /opt/airflow/dags/10_sql_operator_pro.py for tasks to queue
[2026-09-10T20:26:40.339+0000] {logging_mixin.py:190} INFO - [2026-09-10T20:26:40.339+0000] {dagbag.py:588} INFO - Filling up the DagBag from /opt/airflow/dags/10_sql_operator_pro.py
[2026-09-10T20:26:40.350+0000] {processor.py:925} INFO - DAG(s) '10_sql_operator_pro' retrieved from /opt/airflow/dags/10_sql_operator_pro.py
[2026-09-10T20:26:40.383+0000] {logging_mixin.py:190} INFO - [2026-09-10T20:26:40.382+0000] {dag.py:3239} INFO - Sync 1 DAGs
[2026-09-10T20:26:40.397+0000] {logging_mixin.py:190} INFO - [2026-09-10T20:26:40.397+0000] {dag.py:4180} INFO - Setting next_dagrun for 10_sql_operator_pro to None, run_after=None
[2026-09-10T20:26:40.415+0000] {processor.py:208} INFO - Processing /opt/airflow/dags/10_sql_operator_pro.py took 0.088 seconds
[2026-09-10T20:27:10.625+0000] {processor.py:186} INFO - Started process (PID=1325) to work on /opt/airflow/dags/10_sql_operator_pro.py
[2026-09-10T20:27:10.626+0000] {processor.py:914} INFO - Processing file /opt/airflow/dags/10_sql_operator_pro.py for tasks to queue
[2026-09-10T20:27:10.628+0000] {logging_mixin.py:190} INFO - [2026-09-10T20:27:10.628+0000] {dagbag.py:588} INFO - Filling up the DagBag from /opt/airflow/dags/10_sql_operator_pro.py
[2026-09-10T20:27:10.640+0000] {processor.py:925} INFO - DAG(s) '10_sql_operator_pro' retrieved from /opt/airflow/dags/10_sql_operator_pro.py
[2026-09-10T20:27:10.676+0000] {logging_mixin.py:190} INFO - [2026-09-10T20:27:10.675+0000] {dag.py:3239} INFO - Sync 1 DAGs
[2026-09-10T20:27:10.693+0000] {logging_mixin.py:190} INFO - [2026-09-10T20:27:10.692+0000] {dag.py:4180} INFO - Setting next_dagrun for 10_sql_operator_pro to None, run_after=None
[2026-09-10T20:27:10.713+0000] {processor.py:208} INFO - Processing /opt/airflow/dags/10_sql_operator_pro.py took 0.097 seconds
[2026-09-10T20:27:41.736+0000] {processor.py:186} INFO - Started process (PID=1395) to work on /opt/airflow/dags/10_sql_operator_pro.py
[2026-09-10T20:27:41.737+0000] {processor.py:914} INFO - Processing file /opt/airflow/dags/10_sql_operator_pro.py for tasks to queue
[2026-09-10T20:27:41.740+0000] {logging_mixin.py:190} INFO - [2026-09-10T20:27:41.739+0000] {dagbag.py:588} INFO - Filling up the DagBag from /opt/airflow/dags/10_sql_operator_pro.py
[2026-09-10T20:27:41.750+0000] {processor.py:925} INFO - DAG(s) '10_sql_operator_pro' retrieved from /opt/airflow/dags/10_sql_operator_pro.py
[2026-09-10T20:27:41.783+0000] {logging_mixin.py:190} INFO - [2026-09-10T20:27:41.782+0000] {dag.py:3239} INFO - Sync 1 DAGs
[2026-09-10T20:27:41.797+0000] {logging_mixin.py:190} INFO - [2026-09-10T20:27:41.797+0000] {dag.py:4180} INFO - Setting next_dagrun for 10_sql_operator_pro to None, run_after=None
[2026-09-10T20:27:41.815+0000] {processor.py:208} INFO - Processing /opt/airflow/dags/10_sql_operator_pro.py took 0.087 seconds
[2026-09-10T20:28:11.893+0000] {processor.py:186} INFO - Started process (PID=1463) to work on /opt/airflow/dags/10_sql_operator_pro.py
[2026-09-10T20:28:11.894+0000] {processor.py:914} INFO - Processing file /opt/airflow/dags/10_sql_operator_pro.py for tasks to queue
[2026-09-10T20:28:11.897+0000] {logging_mixin.py:190} INFO - [2026-09-10T20:28:11.897+0000] {dagbag.py:588} INFO - Filling up the DagBag from /opt/airflow/dags/10_sql_operator_pro.py
[2026-09-10T20:28:11.908+0000] {processor.py:925} INFO - DAG(s) '10_sql_operator_pro' retrieved from /opt/airflow/dags/10_sql_operator_pro.py
[2026-09-10T20:28:11.947+0000] {logging_mixin.py:190} INFO - [2026-09-10T20:28:11.947+0000] {dag.py:3239} INFO - Sync 1 DAGs
[2026-09-10T20:28:11.965+0000] {logging_mixin.py:190} INFO - [2026-09-10T20:28:11.965+0000] {dag.py:4180} INFO - Setting next_dagrun for 10_sql_operator_pro to None, run_after=None
[2026-09-10T20:28:11.985+0000] {processor.py:208} INFO - Processing /opt/airflow/dags/10_sql_operator_pro.py took 0.101 seconds
[2026-09-10T20:28:42.987+0000] {processor.py:186} INFO - Started process (PID=1535) to work on /opt/airflow/dags/10_sql_operator_pro.py
[2026-09-10T20:28:42.989+0000] {processor.py:914} INFO - Processing file /opt/airflow/dags/10_sql_operator_pro.py for tasks to queue
[2026-09-10T20:28:42.991+0000] {logging_mixin.py:190} INFO - [2026-09-10T20:28:42.991+0000] {dagbag.py:588} INFO - Filling up the DagBag from /opt/airflow/dags/10_sql_operator_pro.py
[2026-09-10T20:28:43.002+0000] {processor.py:925} INFO - DAG(s) '10_sql_operator_pro' retrieved from /opt/airflow/dags/10_sql_operator_pro.py
[2026-09-10T20:28:43.037+0000] {logging_mixin.py:190} INFO - [2026-09-10T20:28:43.037+0000] {dag.py:3239} INFO - Sync 1 DAGs
[2026-09-10T20:28:43.054+0000] {logging_mixin.py:190} INFO - [2026-09-10T20:28:43.054+0000] {dag.py:4180} INFO - Setting next_dagrun for 10_sql_operator_pro to None, run_after=None
[2026-09-10T20:28:43.074+0000] {processor.py:208} INFO - Processing /opt/airflow/dags/10_sql_operator_pro.py took 0.095 seconds
[2026-09-10T20:29:13.167+0000] {processor.py:186} INFO - Started process (PID=1605) to work on /opt/airflow/dags/10_sql_operator_pro.py
[2026-09-10T20:29:13.168+0000] {processor.py:914} INFO - Processing file /opt/airflow/dags/10_sql_operator_pro.py for tasks to queue
[2026-09-10T20:29:13.171+0000] {logging_mixin.py:190} INFO - [2026-09-10T20:29:13.171+0000] {dagbag.py:588} INFO - Filling up the DagBag from /opt/airflow/dags/10_sql_operator_pro.py
[2026-09-10T20:29:13.183+0000] {processor.py:925} INFO - DAG(s) '10_sql_operator_pro' retrieved from /opt/airflow/dags/10_sql_operator_pro.py
[2026-09-10T20:29:13.215+0000] {logging_mixin.py:190} INFO - [2026-09-10T20:29:13.214+0000] {dag.py:3239} INFO - Sync 1 DAGs
[2026-09-10T20:29:13.230+0000] {logging_mixin.py:190} INFO - [2026-09-10T20:29:13.230+0000] {dag.py:4180} INFO - Setting next_dagrun for 10_sql_operator_pro to None, run_after=None
[2026-09-10T20:29:13.248+0000] {processor.py:208} INFO - Processing /opt/airflow/dags/10_sql_operator_pro.py took 0.089 seconds
[2026-09-10T20:29:43.335+0000] {processor.py:186} INFO - Started process (PID=1675) to work on /opt/airflow/dags/10_sql_operator_pro.py
[2026-09-10T20:29:43.337+0000] {processor.py:914} INFO - Processing file /opt/airflow/dags/10_sql_operator_pro.py for tasks to queue
[2026-09-10T20:29:43.339+0000] {logging_mixin.py:190} INFO - [2026-09-10T20:29:43.339+0000] {dagbag.py:588} INFO - Filling up the DagBag from /opt/airflow/dags/10_sql_operator_pro.py
[2026-09-10T20:29:43.350+0000] {processor.py:925} INFO - DAG(s) '10_sql_operator_pro' retrieved from /opt/airflow/dags/10_sql_operator_pro.py
[2026-09-10T20:29:43.382+0000] {logging_mixin.py:190} INFO - [2026-09-10T20:29:43.382+0000] {dag.py:3239} INFO - Sync 1 DAGs
[2026-09-10T20:29:43.397+0000] {logging_mixin.py:190} INFO - [2026-09-10T20:29:43.397+0000] {dag.py:4180} INFO - Setting next_dagrun for 10_sql_operator_pro to None, run_after=None
[2026-09-10T20:29:43.415+0000] {processor.py:208} INFO - Processing /opt/airflow/dags/10_sql_operator_pro.py took 0.087 seconds
[2026-09-10T20:30:13.534+0000] {processor.py:186} INFO - Started process (PID=1745) to work on /opt/airflow/dags/10_sql_operator_pro.py
[2026-09-10T20:30:13.535+0000] {processor.py:914} INFO - Processing file /opt/airflow/dags/10_sql_operator_pro.py for tasks to queue
[2026-09-10T20:30:13.539+0000] {logging_mixin.py:190} INFO - [2026-09-10T20:30:13.538+0000] {dagbag.py:588} INFO - Filling up the DagBag from /opt/airflow/dags/10_sql_operator_pro.py
[2026-09-10T20:30:13.550+0000] {processor.py:925} INFO - DAG(s) '10_sql_operator_pro' retrieved from /opt/airflow/dags/10_sql_operator_pro.py
[2026-09-10T20:30:13.582+0000] {logging_mixin.py:190} INFO - [2026-09-10T20:30:13.582+0000] {dag.py:3239} INFO - Sync 1 DAGs
[2026-09-10T20:30:13.597+0000] {logging_mixin.py:190} INFO - [2026-09-10T20:30:13.596+0000] {dag.py:4180} INFO - Setting next_dagrun for 10_sql_operator_pro to None, run_after=None
[2026-09-10T20:30:13.615+0000] {processor.py:208} INFO - Processing /opt/airflow/dags/10_sql_operator_pro.py took 0.090 seconds
[2026-09-10T20:30:43.786+0000] {processor.py:186} INFO - Started process (PID=1815) to work on /opt/airflow/dags/10_sql_operator_pro.py
[2026-09-10T20:30:43.788+0000] {processor.py:914} INFO - Processing file /opt/airflow/dags/10_sql_operator_pro.py for tasks to queue
[2026-09-10T20:30:43.794+0000] {logging_mixin.py:190} INFO - [2026-09-10T20:30:43.794+0000] {dagbag.py:588} INFO - Filling up the DagBag from /opt/airflow/dags/10_sql_operator_pro.py
[2026-09-10T20:30:43.806+0000] {processor.py:925} INFO - DAG(s) '10_sql_operator_pro' retrieved from /opt/airflow/dags/10_sql_operator_pro.py
[2026-09-10T20:30:43.841+0000] {logging_mixin.py:190} INFO - [2026-09-10T20:30:43.841+0000] {dag.py:3239} INFO - Sync 1 DAGs
[2026-09-10T20:30:43.857+0000] {logging_mixin.py:190} INFO - [2026-09-10T20:30:43.856+0000] {dag.py:4180} INFO - Setting next_dagrun for 10_sql_operator_pro to None, run_after=None
[2026-09-10T20:30:43.876+0000] {processor.py:208} INFO - Processing /opt/airflow/dags/10_sql_operator_pro.py took 0.097 seconds
[2026-09-10T20:31:13.958+0000] {processor.py:186} INFO - Started process (PID=1883) to work on /opt/airflow/dags/10_sql_operator_pro.py
[2026-09-10T20:31:13.959+0000] {processor.py:914} INFO - Processing file /opt/airflow/dags/10_sql_operator_pro.py for tasks to queue
[2026-09-10T20:31:13.962+0000] {logging_mixin.py:190} INFO - [2026-09-10T20:31:13.961+0000] {dagbag.py:588} INFO - Filling up the DagBag from /opt/airflow/dags/10_sql_operator_pro.py
[2026-09-10T20:31:13.973+0000] {processor.py:925} INFO - DAG(s) '10_sql_operator_pro' retrieved from /opt/airflow/dags/10_sql_operator_pro.py
[2026-09-10T20:31:14.009+0000] {logging_mixin.py:190} INFO - [2026-09-10T20:31:14.009+0000] {dag.py:3239} INFO - Sync 1 DAGs
[2026-09-10T20:31:14.028+0000] {logging_mixin.py:190} INFO - [2026-09-10T20:31:14.028+0000] {dag.py:4180} INFO - Setting next_dagrun for 10_sql_operator_pro to None, run_after=None
[2026-09-10T20:31:14.056+0000] {processor.py:208} INFO - Processing /opt/airflow/dags/10_sql_operator_pro.py took 0.105 seconds
[2026-09-10T20:31:44.157+0000] {processor.py:186} INFO - Started process (PID=1953) to work on /opt/airflow/dags/10_sql_operator_pro.py
[2026-09-10T20:31:44.159+0000] {processor.py:914} INFO - Processing file /opt/airflow/dags/10_sql_operator_pro.py for tasks to queue
[2026-09-10T20:31:44.163+0000] {logging_mixin.py:190} INFO - [2026-09-10T20:31:44.163+0000] {dagbag.py:588} INFO - Filling up the DagBag from /opt/airflow/dags/10_sql_operator_pro.py
[2026-09-10T20:31:44.182+0000] {processor.py:925} INFO - DAG(s) '10_sql_operator_pro' retrieved from /opt/airflow/dags/10_sql_operator_pro.py
[2026-09-10T20:31:44.233+0000] {logging_mixin.py:190} INFO - [2026-09-10T20:31:44.232+0000] {dag.py:3239} INFO - Sync 1 DAGs
[2026-09-10T20:31:44.253+0000] {logging_mixin.py:190} INFO - [2026-09-10T20:31:44.253+0000] {dag.py:4180} INFO - Setting next_dagrun for 10_sql_operator_pro to None, run_after=None
[2026-09-10T20:31:44.274+0000] {processor.py:208} INFO - Processing /opt/airflow/dags/10_sql_operator_pro.py took 0.132 seconds
[2026-09-10T20:32:14.671+0000] {processor.py:186} INFO - Started process (PID=2023) to work on /opt/airflow/dags/10_sql_operator_pro.py
[2026-09-10T20:32:14.673+0000] {processor.py:914} INFO - Processing file /opt/airflow/dags/10_sql_operator_pro.py for tasks to queue
[2026-09-10T20:32:14.678+0000] {logging_mixin.py:190} INFO - [2026-09-10T20:32:14.677+0000] {dagbag.py:588} INFO - Filling up the DagBag from /opt/airflow/dags/10_sql_operator_pro.py
[2026-09-10T20:32:14.702+0000] {processor.py:925} INFO - DAG(s) '10_sql_operator_pro' retrieved from /opt/airflow/dags/10_sql_operator_pro.py
[2026-09-10T20:32:14.781+0000] {logging_mixin.py:190} INFO - [2026-09-10T20:32:14.780+0000] {dag.py:3239} INFO - Sync 1 DAGs
[2026-09-10T20:32:14.810+0000] {logging_mixin.py:190} INFO - [2026-09-10T20:32:14.810+0000] {dag.py:4180} INFO - Setting next_dagrun for 10_sql_operator_pro to None, run_after=None
[2026-09-10T20:32:14.891+0000] {processor.py:208} INFO - Processing /opt/airflow/dags/10_sql_operator_pro.py took 0.239 seconds
[2026-09-10T20:32:45.242+0000] {processor.py:186} INFO - Started process (PID=2095) to work on /opt/airflow/dags/10_sql_operator_pro.py
[2026-09-10T20:32:45.243+0000] {processor.py:914} INFO - Processing file /opt/airflow/dags/10_sql_operator_pro.py for tasks to queue
[2026-09-10T20:32:45.246+0000] {logging_mixin.py:190} INFO - [2026-09-10T20:32:45.246+0000] {dagbag.py:588} INFO - Filling up the DagBag from /opt/airflow/dags/10_sql_operator_pro.py
[2026-09-10T20:32:45.258+0000] {processor.py:925} INFO - DAG(s) '10_sql_operator_pro' retrieved from /opt/airflow/dags/10_sql_operator_pro.py
[2026-09-10T20:32:45.301+0000] {logging_mixin.py:190} INFO - [2026-09-10T20:32:45.300+0000] {dag.py:3239} INFO - Sync 1 DAGs
[2026-09-10T20:32:45.318+0000] {logging_mixin.py:190} INFO - [2026-09-10T20:32:45.318+0000] {dag.py:4180} INFO - Setting next_dagrun for 10_sql_operator_pro to None, run_after=None
[2026-09-10T20:32:45.341+0000] {processor.py:208} INFO - Processing /opt/airflow/dags/10_sql_operator_pro.py took 0.108 seconds
[2026-09-10T20:33:15.443+0000] {processor.py:186} INFO - Started process (PID=2163) to work on /opt/airflow/dags/10_sql_operator_pro.py
[2026-09-10T20:33:15.444+0000] {processor.py:914} INFO - Processing file /opt/airflow/dags/10_sql_operator_pro.py for tasks to queue
[2026-09-10T20:33:15.447+0000] {logging_mixin.py:190} INFO - [2026-09-10T20:33:15.446+0000] {dagbag.py:588} INFO - Filling up the DagBag from /opt/airflow/dags/10_sql_operator_pro.py
[2026-09-10T20:33:15.459+0000] {processor.py:925} INFO - DAG(s) '10_sql_operator_pro' retrieved from /opt/airflow/dags/10_sql_operator_pro.py
[2026-09-10T20:33:15.504+0000] {logging_mixin.py:190} INFO - [2026-09-10T20:33:15.503+0000] {dag.py:3239} INFO - Sync 1 DAGs
[2026-09-10T20:33:15.535+0000] {logging_mixin.py:190} INFO - [2026-09-10T20:33:15.535+0000] {dag.py:4180} INFO - Setting next_dagrun for 10_sql_operator_pro to None, run_after=None
[2026-09-10T20:33:15.603+0000] {processor.py:208} INFO - Processing /opt/airflow/dags/10_sql_operator_pro.py took 0.169 seconds
[2026-09-10T20:33:45.937+0000] {processor.py:186} INFO - Started process (PID=2235) to work on /opt/airflow/dags/10_sql_operator_pro.py
[2026-09-10T20:33:45.939+0000] {processor.py:914} INFO - Processing file /opt/airflow/dags/10_sql_operator_pro.py for tasks to queue
[2026-09-10T20:33:45.942+0000] {logging_mixin.py:190} INFO - [2026-09-10T20:33:45.941+0000] {dagbag.py:588} INFO - Filling up the DagBag from /opt/airflow/dags/10_sql_operator_pro.py
[2026-09-10T20:33:45.953+0000] {processor.py:925} INFO - DAG(s) '10_sql_operator_pro' retrieved from /opt/airflow/dags/10_sql_operator_pro.py
[2026-09-10T20:33:45.987+0000] {logging_mixin.py:190} INFO - [2026-09-10T20:33:45.986+0000] {dag.py:3239} INFO - Sync 1 DAGs
[2026-09-10T20:33:46.003+0000] {logging_mixin.py:190} INFO - [2026-09-10T20:33:46.003+0000] {dag.py:4180} INFO - Setting next_dagrun for 10_sql_operator_pro to None, run_after=None
[2026-09-10T20:33:46.027+0000] {processor.py:208} INFO - Processing /opt/airflow/dags/10_sql_operator_pro.py took 0.098 seconds
[2026-09-10T20:34:16.095+0000] {processor.py:186} INFO - Started process (PID=2303) to work on /opt/airflow/dags/10_sql_operator_pro.py
[2026-09-10T20:34:16.096+0000] {processor.py:914} INFO - Processing file /opt/airflow/dags/10_sql_operator_pro.py for tasks to queue
[2026-09-10T20:34:16.099+0000] {logging_mixin.py:190} INFO - [2026-09-10T20:34:16.098+0000] {dagbag.py:588} INFO - Filling up the DagBag from /opt/airflow/dags/10_sql_operator_pro.py
[2026-09-10T20:34:16.110+0000] {processor.py:925} INFO - DAG(s) '10_sql_operator_pro' retrieved from /opt/airflow/dags/10_sql_operator_pro.py
[2026-09-10T20:34:16.149+0000] {logging_mixin.py:190} INFO - [2026-09-10T20:34:16.148+0000] {dag.py:3239} INFO - Sync 1 DAGs
[2026-09-10T20:34:16.169+0000] {logging_mixin.py:190} INFO - [2026-09-10T20:34:16.169+0000] {dag.py:4180} INFO - Setting next_dagrun for 10_sql_operator_pro to None, run_after=None
[2026-09-10T20:34:16.191+0000] {processor.py:208} INFO - Processing /opt/airflow/dags/10_sql_operator_pro.py took 0.103 seconds
[2026-09-10T20:34:46.249+0000] {processor.py:186} INFO - Started process (PID=2373) to work on /opt/airflow/dags/10_sql_operator_pro.py
[2026-09-10T20:34:46.250+0000] {processor.py:914} INFO - Processing file /opt/airflow/dags/10_sql_operator_pro.py for tasks to queue
[2026-09-10T20:34:46.252+0000] {logging_mixin.py:190} INFO - [2026-09-10T20:34:46.252+0000] {dagbag.py:588} INFO - Filling up the DagBag from /opt/airflow/dags/10_sql_operator_pro.py
[2026-09-10T20:34:46.264+0000] {processor.py:925} INFO - DAG(s) '10_sql_operator_pro' retrieved from /opt/airflow/dags/10_sql_operator_pro.py
[2026-09-10T20:34:46.299+0000] {logging_mixin.py:190} INFO - [2026-09-10T20:34:46.299+0000] {dag.py:3239} INFO - Sync 1 DAGs
[2026-09-10T20:34:46.315+0000] {logging_mixin.py:190} INFO - [2026-09-10T20:34:46.315+0000] {dag.py:4180} INFO - Setting next_dagrun for 10_sql_operator_pro to None, run_after=None
[2026-09-10T20:34:46.336+0000] {processor.py:208} INFO - Processing /opt/airflow/dags/10_sql_operator_pro.py took 0.095 seconds
[2026-09-10T20:35:16.515+0000] {processor.py:186} INFO - Started process (PID=2443) to work on /opt/airflow/dags/10_sql_operator_pro.py
[2026-09-10T20:35:16.516+0000] {processor.py:914} INFO - Processing file /opt/airflow/dags/10_sql_operator_pro.py for tasks to queue
[2026-09-10T20:35:16.518+0000] {logging_mixin.py:190} INFO - [2026-09-10T20:35:16.518+0000] {dagbag.py:588} INFO - Filling up the DagBag from /opt/airflow/dags/10_sql_operator_pro.py
[2026-09-10T20:35:16.530+0000] {processor.py:925} INFO - DAG(s) '10_sql_operator_pro' retrieved from /opt/airflow/dags/10_sql_operator_pro.py
[2026-09-10T20:35:16.570+0000] {logging_mixin.py:190} INFO - [2026-09-10T20:35:16.569+0000] {dag.py:3239} INFO - Sync 1 DAGs
[2026-09-10T20:35:16.586+0000] {logging_mixin.py:190} INFO - [2026-09-10T20:35:16.586+0000] {dag.py:4180} INFO - Setting next_dagrun for 10_sql_operator_pro to None, run_after=None
[2026-09-10T20:35:16.606+0000] {processor.py:208} INFO - Processing /opt/airflow/dags/10_sql_operator_pro.py took 0.099 seconds
[2026-09-10T20:35:46.864+0000] {processor.py:186} INFO - Started process (PID=2513) to work on /opt/airflow/dags/10_sql_operator_pro.py
[2026-09-10T20:35:46.866+0000] {processor.py:914} INFO - Processing file /opt/airflow/dags/10_sql_operator_pro.py for tasks to queue
[2026-09-10T20:35:46.868+0000] {logging_mixin.py:190} INFO - [2026-09-10T20:35:46.868+0000] {dagbag.py:588} INFO - Filling up the DagBag from /opt/airflow/dags/10_sql_operator_pro.py
[2026-09-10T20:35:46.881+0000] {processor.py:925} INFO - DAG(s) '10_sql_operator_pro' retrieved from /opt/airflow/dags/10_sql_operator_pro.py
[2026-09-10T20:35:46.917+0000] {logging_mixin.py:190} INFO - [2026-09-10T20:35:46.917+0000] {dag.py:3239} INFO - Sync 1 DAGs
[2026-09-10T20:35:46.934+0000] {logging_mixin.py:190} INFO - [2026-09-10T20:35:46.934+0000] {dag.py:4180} INFO - Setting next_dagrun for 10_sql_operator_pro to None, run_after=None
[2026-09-10T20:35:46.953+0000] {processor.py:208} INFO - Processing /opt/airflow/dags/10_sql_operator_pro.py took 0.097 seconds
[2026-09-10T20:36:17.025+0000] {processor.py:186} INFO - Started process (PID=2583) to work on /opt/airflow/dags/10_sql_operator_pro.py
[2026-09-10T20:36:17.026+0000] {processor.py:914} INFO - Processing file /opt/airflow/dags/10_sql_operator_pro.py for tasks to queue
[2026-09-10T20:36:17.029+0000] {logging_mixin.py:190} INFO - [2026-09-10T20:36:17.028+0000] {dagbag.py:588} INFO - Filling up the DagBag from /opt/airflow/dags/10_sql_operator_pro.py
[2026-09-10T20:36:17.040+0000] {processor.py:925} INFO - DAG(s) '10_sql_operator_pro' retrieved from /opt/airflow/dags/10_sql_operator_pro.py
[2026-09-10T20:36:17.072+0000] {logging_mixin.py:190} INFO - [2026-09-10T20:36:17.072+0000] {dag.py:3239} INFO - Sync 1 DAGs
[2026-09-10T20:36:17.088+0000] {logging_mixin.py:190} INFO - [2026-09-10T20:36:17.088+0000] {dag.py:4180} INFO - Setting next_dagrun for 10_sql_operator_pro to None, run_after=None
[2026-09-10T20:36:17.107+0000] {processor.py:208} INFO - Processing /opt/airflow/dags/10_sql_operator_pro.py took 0.089 seconds
[2026-09-10T20:36:48.125+0000] {processor.py:186} INFO - Started process (PID=2653) to work on /opt/airflow/dags/10_sql_operator_pro.py
[2026-09-10T20:36:48.126+0000] {processor.py:914} INFO - Processing file /opt/airflow/dags/10_sql_operator_pro.py for tasks to queue
[2026-09-10T20:36:48.129+0000] {logging_mixin.py:190} INFO - [2026-09-10T20:36:48.129+0000] {dagbag.py:588} INFO - Filling up the DagBag from /opt/airflow/dags/10_sql_operator_pro.py
[2026-09-10T20:36:48.140+0000] {processor.py:925} INFO - DAG(s) '10_sql_operator_pro' retrieved from /opt/airflow/dags/10_sql_operator_pro.py
[2026-09-10T20:36:48.174+0000] {logging_mixin.py:190} INFO - [2026-09-10T20:36:48.173+0000] {dag.py:3239} INFO - Sync 1 DAGs
[2026-09-10T20:36:48.189+0000] {logging_mixin.py:190} INFO - [2026-09-10T20:36:48.188+0000] {dag.py:4180} INFO - Setting next_dagrun for 10_sql_operator_pro to None, run_after=None
[2026-09-10T20:36:48.212+0000] {processor.py:208} INFO - Processing /opt/airflow/dags/10_sql_operator_pro.py took 0.095 seconds
[2026-09-10T20:37:18.380+0000] {processor.py:186} INFO - Started process (PID=2723) to work on /opt/airflow/dags/10_sql_operator_pro.py
[2026-09-10T20:37:18.381+0000] {processor.py:914} INFO - Processing file /opt/airflow/dags/10_sql_operator_pro.py for tasks to queue
[2026-09-10T20:37:18.383+0000] {logging_mixin.py:190} INFO - [2026-09-10T20:37:18.383+0000] {dagbag.py:588} INFO - Filling up the DagBag from /opt/airflow/dags/10_sql_operator_pro.py
[2026-09-10T20:37:18.395+0000] {processor.py:925} INFO - DAG(s) '10_sql_operator_pro' retrieved from /opt/airflow/dags/10_sql_operator_pro.py
[2026-09-10T20:37:18.428+0000] {logging_mixin.py:190} INFO - [2026-09-10T20:37:18.428+0000] {dag.py:3239} INFO - Sync 1 DAGs
[2026-09-10T20:37:18.444+0000] {logging_mixin.py:190} INFO - [2026-09-10T20:37:18.444+0000] {dag.py:4180} INFO - Setting next_dagrun for 10_sql_operator_pro to None, run_after=None
[2026-09-10T20:37:18.463+0000] {processor.py:208} INFO - Processing /opt/airflow/dags/10_sql_operator_pro.py took 0.091 seconds
[2026-09-10T20:37:48.513+0000] {processor.py:186} INFO - Started process (PID=2793) to work on /opt/airflow/dags/10_sql_operator_pro.py
[2026-09-10T20:37:48.514+0000] {processor.py:914} INFO - Processing file /opt/airflow/dags/10_sql_operator_pro.py for tasks to queue
[2026-09-10T20:37:48.517+0000] {logging_mixin.py:190} INFO - [2026-09-10T20:37:48.517+0000] {dagbag.py:588} INFO - Filling up the DagBag from /opt/airflow/dags/10_sql_operator_pro.py
[2026-09-10T20:37:48.529+0000] {processor.py:925} INFO - DAG(s) '10_sql_operator_pro' retrieved from /opt/airflow/dags/10_sql_operator_pro.py
[2026-09-10T20:37:48.563+0000] {logging_mixin.py:190} INFO - [2026-09-10T20:37:48.563+0000] {dag.py:3239} INFO - Sync 1 DAGs
[2026-09-10T20:37:48.579+0000] {logging_mixin.py:190} INFO - [2026-09-10T20:37:48.579+0000] {dag.py:4180} INFO - Setting next_dagrun for 10_sql_operator_pro to None, run_after=None
[2026-09-10T20:37:48.598+0000] {processor.py:208} INFO - Processing /opt/airflow/dags/10_sql_operator_pro.py took 0.093 seconds
[2026-09-10T20:38:18.717+0000] {processor.py:186} INFO - Started process (PID=2863) to work on /opt/airflow/dags/10_sql_operator_pro.py
[2026-09-10T20:38:18.718+0000] {processor.py:914} INFO - Processing file /opt/airflow/dags/10_sql_operator_pro.py for tasks to queue
[2026-09-10T20:38:18.721+0000] {logging_mixin.py:190} INFO - [2026-09-10T20:38:18.721+0000] {dagbag.py:588} INFO - Filling up the DagBag from /opt/airflow/dags/10_sql_operator_pro.py
[2026-09-10T20:38:18.735+0000] {processor.py:925} INFO - DAG(s) '10_sql_operator_pro' retrieved from /opt/airflow/dags/10_sql_operator_pro.py
[2026-09-10T20:38:18.771+0000] {logging_mixin.py:190} INFO - [2026-09-10T20:38:18.771+0000] {dag.py:3239} INFO - Sync 1 DAGs
[2026-09-10T20:38:18.787+0000] {logging_mixin.py:190} INFO - [2026-09-10T20:38:18.787+0000] {dag.py:4180} INFO - Setting next_dagrun for 10_sql_operator_pro to None, run_after=None
[2026-09-10T20:38:18.805+0000] {processor.py:208} INFO - Processing /opt/airflow/dags/10_sql_operator_pro.py took 0.101 seconds
[2026-09-10T20:38:48.868+0000] {processor.py:186} INFO - Started process (PID=2933) to work on /opt/airflow/dags/10_sql_operator_pro.py
[2026-09-10T20:38:48.870+0000] {processor.py:914} INFO - Processing file /opt/airflow/dags/10_sql_operator_pro.py for tasks to queue
[2026-09-10T20:38:48.873+0000] {logging_mixin.py:190} INFO - [2026-09-10T20:38:48.872+0000] {dagbag.py:588} INFO - Filling up the DagBag from /opt/airflow/dags/10_sql_operator_pro.py
[2026-09-10T20:38:48.884+0000] {processor.py:925} INFO - DAG(s) '10_sql_operator_pro' retrieved from /opt/airflow/dags/10_sql_operator_pro.py
[2026-09-10T20:38:48.919+0000] {logging_mixin.py:190} INFO - [2026-09-10T20:38:48.918+0000] {dag.py:3239} INFO - Sync 1 DAGs
[2026-09-10T20:38:48.935+0000] {logging_mixin.py:190} INFO - [2026-09-10T20:38:48.935+0000] {dag.py:4180} INFO - Setting next_dagrun for 10_sql_operator_pro to None, run_after=None
[2026-09-10T20:38:48.954+0000] {processor.py:208} INFO - Processing /opt/airflow/dags/10_sql_operator_pro.py took 0.095 seconds
[2026-09-10T20:39:19.150+0000] {processor.py:186} INFO - Started process (PID=3003) to work on /opt/airflow/dags/10_sql_operator_pro.py
[2026-09-10T20:39:19.151+0000] {processor.py:914} INFO - Processing file /opt/airflow/dags/10_sql_operator_pro.py for tasks to queue
[2026-09-10T20:39:19.155+0000] {logging_mixin.py:190} INFO - [2026-09-10T20:39:19.154+0000] {dagbag.py:588} INFO - Filling up the DagBag from /opt/airflow/dags/10_sql_operator_pro.py
[2026-09-10T20:39:19.166+0000] {processor.py:925} INFO - DAG(s) '10_sql_operator_pro' retrieved from /opt/airflow/dags/10_sql_operator_pro.py
[2026-09-10T20:39:19.202+0000] {logging_mixin.py:190} INFO - [2026-09-10T20:39:19.202+0000] {dag.py:3239} INFO - Sync 1 DAGs
[2026-09-10T20:39:19.226+0000] {logging_mixin.py:190} INFO - [2026-09-10T20:39:19.225+0000] {dag.py:4180} INFO - Setting next_dagrun for 10_sql_operator_pro to None, run_after=None
[2026-09-10T20:39:19.245+0000] {processor.py:208} INFO - Processing /opt/airflow/dags/10_sql_operator_pro.py took 0.103 seconds
[2026-09-10T20:39:49.360+0000] {processor.py:186} INFO - Started process (PID=3073) to work on /opt/airflow/dags/10_sql_operator_pro.py
[2026-09-10T20:39:49.363+0000] {processor.py:914} INFO - Processing file /opt/airflow/dags/10_sql_operator_pro.py for tasks to queue
[2026-09-10T20:39:49.366+0000] {logging_mixin.py:190} INFO - [2026-09-10T20:39:49.366+0000] {dagbag.py:588} INFO - Filling up the DagBag from /opt/airflow/dags/10_sql_operator_pro.py
[2026-09-10T20:39:49.381+0000] {processor.py:925} INFO - DAG(s) '10_sql_operator_pro' retrieved from /opt/airflow/dags/10_sql_operator_pro.py
[2026-09-10T20:39:49.422+0000] {logging_mixin.py:190} INFO - [2026-09-10T20:39:49.422+0000] {dag.py:3239} INFO - Sync 1 DAGs
[2026-09-10T20:39:49.442+0000] {logging_mixin.py:190} INFO - [2026-09-10T20:39:49.442+0000] {dag.py:4180} INFO - Setting next_dagrun for 10_sql_operator_pro to None, run_after=None
[2026-09-10T20:39:49.467+0000] {processor.py:208} INFO - Processing /opt/airflow/dags/10_sql_operator_pro.py took 0.117 seconds
[2026-09-10T20:40:19.631+0000] {processor.py:186} INFO - Started process (PID=3143) to work on /opt/airflow/dags/10_sql_operator_pro.py
[2026-09-10T20:40:19.632+0000] {processor.py:914} INFO - Processing file /opt/airflow/dags/10_sql_operator_pro.py for tasks to queue
[2026-09-10T20:40:19.636+0000] {logging_mixin.py:190} INFO - [2026-09-10T20:40:19.635+0000] {dagbag.py:588} INFO - Filling up the DagBag from /opt/airflow/dags/10_sql_operator_pro.py
[2026-09-10T20:40:19.663+0000] {processor.py:925} INFO - DAG(s) '10_sql_operator_pro' retrieved from /opt/airflow/dags/10_sql_operator_pro.py
[2026-09-10T20:40:19.745+0000] {logging_mixin.py:190} INFO - [2026-09-10T20:40:19.744+0000] {dag.py:3239} INFO - Sync 1 DAGs
[2026-09-10T20:40:19.766+0000] {logging_mixin.py:190} INFO - [2026-09-10T20:40:19.766+0000] {dag.py:4180} INFO - Setting next_dagrun for 10_sql_operator_pro to None, run_after=None
[2026-09-10T20:40:19.788+0000] {processor.py:208} INFO - Processing /opt/airflow/dags/10_sql_operator_pro.py took 0.168 seconds
[2026-09-10T20:40:49.840+0000] {processor.py:186} INFO - Started process (PID=3213) to work on /opt/airflow/dags/10_sql_operator_pro.py
[2026-09-10T20:40:49.842+0000] {processor.py:914} INFO - Processing file /opt/airflow/dags/10_sql_operator_pro.py for tasks to queue
[2026-09-10T20:40:49.845+0000] {logging_mixin.py:190} INFO - [2026-09-10T20:40:49.845+0000] {dagbag.py:588} INFO - Filling up the DagBag from /opt/airflow/dags/10_sql_operator_pro.py
[2026-09-10T20:40:49.858+0000] {processor.py:925} INFO - DAG(s) '10_sql_operator_pro' retrieved from /opt/airflow/dags/10_sql_operator_pro.py
[2026-09-10T20:40:49.895+0000] {logging_mixin.py:190} INFO - [2026-09-10T20:40:49.895+0000] {dag.py:3239} INFO - Sync 1 DAGs
[2026-09-10T20:40:49.911+0000] {logging_mixin.py:190} INFO - [2026-09-10T20:40:49.911+0000] {dag.py:4180} INFO - Setting next_dagrun for 10_sql_operator_pro to None, run_after=None
[2026-09-10T20:40:49.930+0000] {processor.py:208} INFO - Processing /opt/airflow/dags/10_sql_operator_pro.py took 0.099 seconds
[2026-09-10T20:41:20.148+0000] {processor.py:186} INFO - Started process (PID=3283) to work on /opt/airflow/dags/10_sql_operator_pro.py
[2026-09-10T20:41:20.149+0000] {processor.py:914} INFO - Processing file /opt/airflow/dags/10_sql_operator_pro.py for tasks to queue
[2026-09-10T20:41:20.152+0000] {logging_mixin.py:190} INFO - [2026-09-10T20:41:20.151+0000] {dagbag.py:588} INFO - Filling up the DagBag from /opt/airflow/dags/10_sql_operator_pro.py
[2026-09-10T20:41:20.195+0000] {processor.py:925} INFO - DAG(s) '10_sql_operator_pro' retrieved from /opt/airflow/dags/10_sql_operator_pro.py
[2026-09-10T20:41:20.256+0000] {logging_mixin.py:190} INFO - [2026-09-10T20:41:20.255+0000] {dag.py:3239} INFO - Sync 1 DAGs
[2026-09-10T20:41:20.276+0000] {logging_mixin.py:190} INFO - [2026-09-10T20:41:20.276+0000] {dag.py:4180} INFO - Setting next_dagrun for 10_sql_operator_pro to None, run_after=None
[2026-09-10T20:41:20.296+0000] {processor.py:208} INFO - Processing /opt/airflow/dags/10_sql_operator_pro.py took 0.162 seconds
[2026-09-10T20:41:51.214+0000] {processor.py:186} INFO - Started process (PID=3353) to work on /opt/airflow/dags/10_sql_operator_pro.py
[2026-09-10T20:41:51.216+0000] {processor.py:914} INFO - Processing file /opt/airflow/dags/10_sql_operator_pro.py for tasks to queue
[2026-09-10T20:41:51.219+0000] {logging_mixin.py:190} INFO - [2026-09-10T20:41:51.218+0000] {dagbag.py:588} INFO - Filling up the DagBag from /opt/airflow/dags/10_sql_operator_pro.py
[2026-09-10T20:41:51.232+0000] {processor.py:925} INFO - DAG(s) '10_sql_operator_pro' retrieved from /opt/airflow/dags/10_sql_operator_pro.py
[2026-09-10T20:41:51.266+0000] {logging_mixin.py:190} INFO - [2026-09-10T20:41:51.266+0000] {dag.py:3239} INFO - Sync 1 DAGs
[2026-09-10T20:41:51.282+0000] {logging_mixin.py:190} INFO - [2026-09-10T20:41:51.282+0000] {dag.py:4180} INFO - Setting next_dagrun for 10_sql_operator_pro to None, run_after=None
[2026-09-10T20:41:51.301+0000] {processor.py:208} INFO - Processing /opt/airflow/dags/10_sql_operator_pro.py took 0.096 seconds
[2026-09-10T20:42:21.350+0000] {processor.py:186} INFO - Started process (PID=3423) to work on /opt/airflow/dags/10_sql_operator_pro.py
[2026-09-10T20:42:21.351+0000] {processor.py:914} INFO - Processing file /opt/airflow/dags/10_sql_operator_pro.py for tasks to queue
[2026-09-10T20:42:21.354+0000] {logging_mixin.py:190} INFO - [2026-09-10T20:42:21.354+0000] {dagbag.py:588} INFO - Filling up the DagBag from /opt/airflow/dags/10_sql_operator_pro.py
[2026-09-10T20:42:21.366+0000] {processor.py:925} INFO - DAG(s) '10_sql_operator_pro' retrieved from /opt/airflow/dags/10_sql_operator_pro.py
[2026-09-10T20:42:21.402+0000] {logging_mixin.py:190} INFO - [2026-09-10T20:42:21.402+0000] {dag.py:3239} INFO - Sync 1 DAGs
[2026-09-10T20:42:21.418+0000] {logging_mixin.py:190} INFO - [2026-09-10T20:42:21.418+0000] {dag.py:4180} INFO - Setting next_dagrun for 10_sql_operator_pro to None, run_after=None
[2026-09-10T20:42:21.440+0000] {processor.py:208} INFO - Processing /opt/airflow/dags/10_sql_operator_pro.py took 0.098 seconds
[2026-09-10T20:42:51.598+0000] {processor.py:186} INFO - Started process (PID=3495) to work on /opt/airflow/dags/10_sql_operator_pro.py
[2026-09-10T20:42:51.599+0000] {processor.py:914} INFO - Processing file /opt/airflow/dags/10_sql_operator_pro.py for tasks to queue
[2026-09-10T20:42:51.602+0000] {logging_mixin.py:190} INFO - [2026-09-10T20:42:51.602+0000] {dagbag.py:588} INFO - Filling up the DagBag from /opt/airflow/dags/10_sql_operator_pro.py
[2026-09-10T20:42:51.613+0000] {processor.py:925} INFO - DAG(s) '10_sql_operator_pro' retrieved from /opt/airflow/dags/10_sql_operator_pro.py
[2026-09-10T20:42:51.644+0000] {logging_mixin.py:190} INFO - [2026-09-10T20:42:51.644+0000] {dag.py:3239} INFO - Sync 1 DAGs
[2026-09-10T20:42:51.659+0000] {logging_mixin.py:190} INFO - [2026-09-10T20:42:51.659+0000] {dag.py:4180} INFO - Setting next_dagrun for 10_sql_operator_pro to None, run_after=None
[2026-09-10T20:42:51.678+0000] {processor.py:208} INFO - Processing /opt/airflow/dags/10_sql_operator_pro.py took 0.087 seconds
[2026-09-10T20:43:21.763+0000] {processor.py:186} INFO - Started process (PID=3563) to work on /opt/airflow/dags/10_sql_operator_pro.py
[2026-09-10T20:43:21.763+0000] {processor.py:914} INFO - Processing file /opt/airflow/dags/10_sql_operator_pro.py for tasks to queue
[2026-09-10T20:43:21.765+0000] {logging_mixin.py:190} INFO - [2026-09-10T20:43:21.765+0000] {dagbag.py:588} INFO - Filling up the DagBag from /opt/airflow/dags/10_sql_operator_pro.py
[2026-09-10T20:43:21.776+0000] {processor.py:925} INFO - DAG(s) '10_sql_operator_pro' retrieved from /opt/airflow/dags/10_sql_operator_pro.py
[2026-09-10T20:43:21.826+0000] {logging_mixin.py:190} INFO - [2026-09-10T20:43:21.826+0000] {dag.py:3239} INFO - Sync 1 DAGs
[2026-09-10T20:43:21.842+0000] {logging_mixin.py:190} INFO - [2026-09-10T20:43:21.842+0000] {dag.py:4180} INFO - Setting next_dagrun for 10_sql_operator_pro to None, run_after=None
[2026-09-10T20:43:21.861+0000] {processor.py:208} INFO - Processing /opt/airflow/dags/10_sql_operator_pro.py took 0.105 seconds
[2026-09-10T20:43:52.014+0000] {processor.py:186} INFO - Started process (PID=3633) to work on /opt/airflow/dags/10_sql_operator_pro.py
[2026-09-10T20:43:52.015+0000] {processor.py:914} INFO - Processing file /opt/airflow/dags/10_sql_operator_pro.py for tasks to queue
[2026-09-10T20:43:52.019+0000] {logging_mixin.py:190} INFO - [2026-09-10T20:43:52.019+0000] {dagbag.py:588} INFO - Filling up the DagBag from /opt/airflow/dags/10_sql_operator_pro.py
[2026-09-10T20:43:52.033+0000] {processor.py:925} INFO - DAG(s) '10_sql_operator_pro' retrieved from /opt/airflow/dags/10_sql_operator_pro.py
[2026-09-10T20:43:52.083+0000] {logging_mixin.py:190} INFO - [2026-09-10T20:43:52.083+0000] {dag.py:3239} INFO - Sync 1 DAGs
[2026-09-10T20:43:52.110+0000] {logging_mixin.py:190} INFO - [2026-09-10T20:43:52.110+0000] {dag.py:4180} INFO - Setting next_dagrun for 10_sql_operator_pro to None, run_after=None
[2026-09-10T20:43:52.139+0000] {processor.py:208} INFO - Processing /opt/airflow/dags/10_sql_operator_pro.py took 0.135 seconds
[2026-09-10T20:44:22.211+0000] {processor.py:186} INFO - Started process (PID=3703) to work on /opt/airflow/dags/10_sql_operator_pro.py
[2026-09-10T20:44:22.212+0000] {processor.py:914} INFO - Processing file /opt/airflow/dags/10_sql_operator_pro.py for tasks to queue
[2026-09-10T20:44:22.215+0000] {logging_mixin.py:190} INFO - [2026-09-10T20:44:22.214+0000] {dagbag.py:588} INFO - Filling up the DagBag from /opt/airflow/dags/10_sql_operator_pro.py
[2026-09-10T20:44:22.228+0000] {processor.py:925} INFO - DAG(s) '10_sql_operator_pro' retrieved from /opt/airflow/dags/10_sql_operator_pro.py
[2026-09-10T20:44:22.266+0000] {logging_mixin.py:190} INFO - [2026-09-10T20:44:22.266+0000] {dag.py:3239} INFO - Sync 1 DAGs
[2026-09-10T20:44:22.283+0000] {logging_mixin.py:190} INFO - [2026-09-10T20:44:22.283+0000] {dag.py:4180} INFO - Setting next_dagrun for 10_sql_operator_pro to None, run_after=None
[2026-09-10T20:44:22.304+0000] {processor.py:208} INFO - Processing /opt/airflow/dags/10_sql_operator_pro.py took 0.102 seconds
[2026-09-10T20:44:53.249+0000] {processor.py:186} INFO - Started process (PID=3773) to work on /opt/airflow/dags/10_sql_operator_pro.py
[2026-09-10T20:44:53.251+0000] {processor.py:914} INFO - Processing file /opt/airflow/dags/10_sql_operator_pro.py for tasks to queue
[2026-09-10T20:44:53.255+0000] {logging_mixin.py:190} INFO - [2026-09-10T20:44:53.255+0000] {dagbag.py:588} INFO - Filling up the DagBag from /opt/airflow/dags/10_sql_operator_pro.py
[2026-09-10T20:44:53.271+0000] {processor.py:925} INFO - DAG(s) '10_sql_operator_pro' retrieved from /opt/airflow/dags/10_sql_operator_pro.py
[2026-09-10T20:44:53.314+0000] {logging_mixin.py:190} INFO - [2026-09-10T20:44:53.314+0000] {dag.py:3239} INFO - Sync 1 DAGs
[2026-09-10T20:44:53.335+0000] {logging_mixin.py:190} INFO - [2026-09-10T20:44:53.334+0000] {dag.py:4180} INFO - Setting next_dagrun for 10_sql_operator_pro to None, run_after=None
[2026-09-10T20:44:53.357+0000] {processor.py:208} INFO - Processing /opt/airflow/dags/10_sql_operator_pro.py took 0.121 seconds
[2026-09-10T20:45:23.534+0000] {processor.py:186} INFO - Started process (PID=3843) to work on /opt/airflow/dags/10_sql_operator_pro.py
[2026-09-10T20:45:23.535+0000] {processor.py:914} INFO - Processing file /opt/airflow/dags/10_sql_operator_pro.py for tasks to queue
[2026-09-10T20:45:23.538+0000] {logging_mixin.py:190} INFO - [2026-09-10T20:45:23.538+0000] {dagbag.py:588} INFO - Filling up the DagBag from /opt/airflow/dags/10_sql_operator_pro.py
[2026-09-10T20:45:23.550+0000] {processor.py:925} INFO - DAG(s) '10_sql_operator_pro' retrieved from /opt/airflow/dags/10_sql_operator_pro.py
[2026-09-10T20:45:23.584+0000] {logging_mixin.py:190} INFO - [2026-09-10T20:45:23.583+0000] {dag.py:3239} INFO - Sync 1 DAGs
[2026-09-10T20:45:23.599+0000] {logging_mixin.py:190} INFO - [2026-09-10T20:45:23.599+0000] {dag.py:4180} INFO - Setting next_dagrun for 10_sql_operator_pro to None, run_after=None
[2026-09-10T20:45:23.619+0000] {processor.py:208} INFO - Processing /opt/airflow/dags/10_sql_operator_pro.py took 0.093 seconds
[2026-09-10T20:45:53.701+0000] {processor.py:186} INFO - Started process (PID=3937) to work on /opt/airflow/dags/10_sql_operator_pro.py
[2026-09-10T20:45:53.703+0000] {processor.py:914} INFO - Processing file /opt/airflow/dags/10_sql_operator_pro.py for tasks to queue
[2026-09-10T20:45:53.706+0000] {logging_mixin.py:190} INFO - [2026-09-10T20:45:53.705+0000] {dagbag.py:588} INFO - Filling up the DagBag from /opt/airflow/dags/10_sql_operator_pro.py
[2026-09-10T20:45:53.718+0000] {processor.py:925} INFO - DAG(s) '10_sql_operator_pro' retrieved from /opt/airflow/dags/10_sql_operator_pro.py
[2026-09-10T20:45:53.753+0000] {logging_mixin.py:190} INFO - [2026-09-10T20:45:53.753+0000] {dag.py:3239} INFO - Sync 1 DAGs
[2026-09-10T20:45:53.768+0000] {logging_mixin.py:190} INFO - [2026-09-10T20:45:53.768+0000] {dag.py:4180} INFO - Setting next_dagrun for 10_sql_operator_pro to None, run_after=None
[2026-09-10T20:45:53.789+0000] {processor.py:208} INFO - Processing /opt/airflow/dags/10_sql_operator_pro.py took 0.096 seconds
[2026-09-10T20:46:23.846+0000] {processor.py:186} INFO - Started process (PID=4007) to work on /opt/airflow/dags/10_sql_operator_pro.py
[2026-09-10T20:46:23.847+0000] {processor.py:914} INFO - Processing file /opt/airflow/dags/10_sql_operator_pro.py for tasks to queue
[2026-09-10T20:46:23.850+0000] {logging_mixin.py:190} INFO - [2026-09-10T20:46:23.850+0000] {dagbag.py:588} INFO - Filling up the DagBag from /opt/airflow/dags/10_sql_operator_pro.py
[2026-09-10T20:46:23.863+0000] {processor.py:925} INFO - DAG(s) '10_sql_operator_pro' retrieved from /opt/airflow/dags/10_sql_operator_pro.py
[2026-09-10T20:46:23.899+0000] {logging_mixin.py:190} INFO - [2026-09-10T20:46:23.899+0000] {dag.py:3239} INFO - Sync 1 DAGs
[2026-09-10T20:46:23.915+0000] {logging_mixin.py:190} INFO - [2026-09-10T20:46:23.915+0000] {dag.py:4180} INFO - Setting next_dagrun for 10_sql_operator_pro to None, run_after=None
[2026-09-10T20:46:23.935+0000] {processor.py:208} INFO - Processing /opt/airflow/dags/10_sql_operator_pro.py took 0.098 seconds
[2026-09-10T20:46:54.058+0000] {processor.py:186} INFO - Started process (PID=4077) to work on /opt/airflow/dags/10_sql_operator_pro.py
[2026-09-10T20:46:54.060+0000] {processor.py:914} INFO - Processing file /opt/airflow/dags/10_sql_operator_pro.py for tasks to queue
[2026-09-10T20:46:54.062+0000] {logging_mixin.py:190} INFO - [2026-09-10T20:46:54.062+0000] {dagbag.py:588} INFO - Filling up the DagBag from /opt/airflow/dags/10_sql_operator_pro.py
[2026-09-10T20:46:54.074+0000] {processor.py:925} INFO - DAG(s) '10_sql_operator_pro' retrieved from /opt/airflow/dags/10_sql_operator_pro.py
[2026-09-10T20:46:54.109+0000] {logging_mixin.py:190} INFO - [2026-09-10T20:46:54.109+0000] {dag.py:3239} INFO - Sync 1 DAGs
[2026-09-10T20:46:54.128+0000] {logging_mixin.py:190} INFO - [2026-09-10T20:46:54.128+0000] {dag.py:4180} INFO - Setting next_dagrun for 10_sql_operator_pro to None, run_after=None
[2026-09-10T20:46:54.148+0000] {processor.py:208} INFO - Processing /opt/airflow/dags/10_sql_operator_pro.py took 0.098 seconds
[2026-09-10T20:47:24.371+0000] {processor.py:186} INFO - Started process (PID=4149) to work on /opt/airflow/dags/10_sql_operator_pro.py
[2026-09-10T20:47:24.372+0000] {processor.py:914} INFO - Processing file /opt/airflow/dags/10_sql_operator_pro.py for tasks to queue
[2026-09-10T20:47:24.374+0000] {logging_mixin.py:190} INFO - [2026-09-10T20:47:24.374+0000] {dagbag.py:588} INFO - Filling up the DagBag from /opt/airflow/dags/10_sql_operator_pro.py
[2026-09-10T20:47:24.383+0000] {processor.py:925} INFO - DAG(s) '10_sql_operator_pro' retrieved from /opt/airflow/dags/10_sql_operator_pro.py
[2026-09-10T20:47:24.413+0000] {logging_mixin.py:190} INFO - [2026-09-10T20:47:24.413+0000] {dag.py:3239} INFO - Sync 1 DAGs
[2026-09-10T20:47:24.427+0000] {logging_mixin.py:190} INFO - [2026-09-10T20:47:24.427+0000] {dag.py:4180} INFO - Setting next_dagrun for 10_sql_operator_pro to None, run_after=None
[2026-09-10T20:47:24.448+0000] {processor.py:208} INFO - Processing /opt/airflow/dags/10_sql_operator_pro.py took 0.088 seconds
[2026-09-10T20:47:54.542+0000] {processor.py:186} INFO - Started process (PID=4219) to work on /opt/airflow/dags/10_sql_operator_pro.py
[2026-09-10T20:47:54.544+0000] {processor.py:914} INFO - Processing file /opt/airflow/dags/10_sql_operator_pro.py for tasks to queue
[2026-09-10T20:47:54.547+0000] {logging_mixin.py:190} INFO - [2026-09-10T20:47:54.547+0000] {dagbag.py:588} INFO - Filling up the DagBag from /opt/airflow/dags/10_sql_operator_pro.py
[2026-09-10T20:47:54.559+0000] {processor.py:925} INFO - DAG(s) '10_sql_operator_pro' retrieved from /opt/airflow/dags/10_sql_operator_pro.py
[2026-09-10T20:47:54.593+0000] {logging_mixin.py:190} INFO - [2026-09-10T20:47:54.593+0000] {dag.py:3239} INFO - Sync 1 DAGs
[2026-09-10T20:47:54.611+0000] {logging_mixin.py:190} INFO - [2026-09-10T20:47:54.611+0000] {dag.py:4180} INFO - Setting next_dagrun for 10_sql_operator_pro to None, run_after=None
[2026-09-10T20:47:54.631+0000] {processor.py:208} INFO - Processing /opt/airflow/dags/10_sql_operator_pro.py took 0.098 seconds
[2026-09-10T20:48:24.699+0000] {processor.py:186} INFO - Started process (PID=4287) to work on /opt/airflow/dags/10_sql_operator_pro.py
[2026-09-10T20:48:24.700+0000] {processor.py:914} INFO - Processing file /opt/airflow/dags/10_sql_operator_pro.py for tasks to queue
[2026-09-10T20:48:24.703+0000] {logging_mixin.py:190} INFO - [2026-09-10T20:48:24.702+0000] {dagbag.py:588} INFO - Filling up the DagBag from /opt/airflow/dags/10_sql_operator_pro.py
[2026-09-10T20:48:24.714+0000] {processor.py:925} INFO - DAG(s) '10_sql_operator_pro' retrieved from /opt/airflow/dags/10_sql_operator_pro.py
[2026-09-10T20:48:24.748+0000] {logging_mixin.py:190} INFO - [2026-09-10T20:48:24.747+0000] {dag.py:3239} INFO - Sync 1 DAGs
[2026-09-10T20:48:24.764+0000] {logging_mixin.py:190} INFO - [2026-09-10T20:48:24.764+0000] {dag.py:4180} INFO - Setting next_dagrun for 10_sql_operator_pro to None, run_after=None
[2026-09-10T20:48:24.783+0000] {processor.py:208} INFO - Processing /opt/airflow/dags/10_sql_operator_pro.py took 0.091 seconds
[2026-09-10T20:48:54.896+0000] {processor.py:186} INFO - Started process (PID=4357) to work on /opt/airflow/dags/10_sql_operator_pro.py
[2026-09-10T20:48:54.898+0000] {processor.py:914} INFO - Processing file /opt/airflow/dags/10_sql_operator_pro.py for tasks to queue
[2026-09-10T20:48:54.901+0000] {logging_mixin.py:190} INFO - [2026-09-10T20:48:54.900+0000] {dagbag.py:588} INFO - Filling up the DagBag from /opt/airflow/dags/10_sql_operator_pro.py
[2026-09-10T20:48:54.912+0000] {processor.py:925} INFO - DAG(s) '10_sql_operator_pro' retrieved from /opt/airflow/dags/10_sql_operator_pro.py
[2026-09-10T20:48:54.947+0000] {logging_mixin.py:190} INFO - [2026-09-10T20:48:54.947+0000] {dag.py:3239} INFO - Sync 1 DAGs
[2026-09-10T20:48:54.963+0000] {logging_mixin.py:190} INFO - [2026-09-10T20:48:54.963+0000] {dag.py:4180} INFO - Setting next_dagrun for 10_sql_operator_pro to None, run_after=None
[2026-09-10T20:48:54.982+0000] {processor.py:208} INFO - Processing /opt/airflow/dags/10_sql_operator_pro.py took 0.093 seconds
[2026-09-10T20:49:26.025+0000] {processor.py:186} INFO - Started process (PID=4429) to work on /opt/airflow/dags/10_sql_operator_pro.py
[2026-09-10T20:49:26.026+0000] {processor.py:914} INFO - Processing file /opt/airflow/dags/10_sql_operator_pro.py for tasks to queue
[2026-09-10T20:49:26.028+0000] {logging_mixin.py:190} INFO - [2026-09-10T20:49:26.027+0000] {dagbag.py:588} INFO - Filling up the DagBag from /opt/airflow/dags/10_sql_operator_pro.py
[2026-09-10T20:49:26.037+0000] {processor.py:925} INFO - DAG(s) '10_sql_operator_pro' retrieved from /opt/airflow/dags/10_sql_operator_pro.py
[2026-09-10T20:49:26.070+0000] {logging_mixin.py:190} INFO - [2026-09-10T20:49:26.070+0000] {dag.py:3239} INFO - Sync 1 DAGs
[2026-09-10T20:49:26.087+0000] {logging_mixin.py:190} INFO - [2026-09-10T20:49:26.086+0000] {dag.py:4180} INFO - Setting next_dagrun for 10_sql_operator_pro to None, run_after=None
[2026-09-10T20:49:26.105+0000] {processor.py:208} INFO - Processing /opt/airflow/dags/10_sql_operator_pro.py took 0.087 seconds
[2026-09-10T20:49:56.388+0000] {processor.py:186} INFO - Started process (PID=4499) to work on /opt/airflow/dags/10_sql_operator_pro.py
[2026-09-10T20:49:56.389+0000] {processor.py:914} INFO - Processing file /opt/airflow/dags/10_sql_operator_pro.py for tasks to queue
[2026-09-10T20:49:56.391+0000] {logging_mixin.py:190} INFO - [2026-09-10T20:49:56.391+0000] {dagbag.py:588} INFO - Filling up the DagBag from /opt/airflow/dags/10_sql_operator_pro.py
[2026-09-10T20:49:56.403+0000] {processor.py:925} INFO - DAG(s) '10_sql_operator_pro' retrieved from /opt/airflow/dags/10_sql_operator_pro.py
[2026-09-10T20:49:56.437+0000] {logging_mixin.py:190} INFO - [2026-09-10T20:49:56.437+0000] {dag.py:3239} INFO - Sync 1 DAGs
[2026-09-10T20:49:56.453+0000] {logging_mixin.py:190} INFO - [2026-09-10T20:49:56.452+0000] {dag.py:4180} INFO - Setting next_dagrun for 10_sql_operator_pro to None, run_after=None
[2026-09-10T20:49:56.472+0000] {processor.py:208} INFO - Processing /opt/airflow/dags/10_sql_operator_pro.py took 0.093 seconds
[2026-09-10T20:50:26.510+0000] {processor.py:186} INFO - Started process (PID=4567) to work on /opt/airflow/dags/10_sql_operator_pro.py
[2026-09-10T20:50:26.512+0000] {processor.py:914} INFO - Processing file /opt/airflow/dags/10_sql_operator_pro.py for tasks to queue
[2026-09-10T20:50:26.515+0000] {logging_mixin.py:190} INFO - [2026-09-10T20:50:26.514+0000] {dagbag.py:588} INFO - Filling up the DagBag from /opt/airflow/dags/10_sql_operator_pro.py
[2026-09-10T20:50:26.526+0000] {processor.py:925} INFO - DAG(s) '10_sql_operator_pro' retrieved from /opt/airflow/dags/10_sql_operator_pro.py
[2026-09-10T20:50:26.559+0000] {logging_mixin.py:190} INFO - [2026-09-10T20:50:26.558+0000] {dag.py:3239} INFO - Sync 1 DAGs
[2026-09-10T20:50:26.575+0000] {logging_mixin.py:190} INFO - [2026-09-10T20:50:26.575+0000] {dag.py:4180} INFO - Setting next_dagrun for 10_sql_operator_pro to None, run_after=None
[2026-09-10T20:50:26.604+0000] {processor.py:208} INFO - Processing /opt/airflow/dags/10_sql_operator_pro.py took 0.103 seconds
[2026-09-10T20:50:56.654+0000] {processor.py:186} INFO - Started process (PID=4637) to work on /opt/airflow/dags/10_sql_operator_pro.py
[2026-09-10T20:50:56.654+0000] {processor.py:914} INFO - Processing file /opt/airflow/dags/10_sql_operator_pro.py for tasks to queue
[2026-09-10T20:50:56.657+0000] {logging_mixin.py:190} INFO - [2026-09-10T20:50:56.657+0000] {dagbag.py:588} INFO - Filling up the DagBag from /opt/airflow/dags/10_sql_operator_pro.py
[2026-09-10T20:50:56.669+0000] {processor.py:925} INFO - DAG(s) '10_sql_operator_pro' retrieved from /opt/airflow/dags/10_sql_operator_pro.py
[2026-09-10T20:50:56.703+0000] {logging_mixin.py:190} INFO - [2026-09-10T20:50:56.703+0000] {dag.py:3239} INFO - Sync 1 DAGs
[2026-09-10T20:50:56.719+0000] {logging_mixin.py:190} INFO - [2026-09-10T20:50:56.719+0000] {dag.py:4180} INFO - Setting next_dagrun for 10_sql_operator_pro to None, run_after=None
[2026-09-10T20:50:56.739+0000] {processor.py:208} INFO - Processing /opt/airflow/dags/10_sql_operator_pro.py took 0.093 seconds
[2026-09-10T20:51:26.965+0000] {processor.py:186} INFO - Started process (PID=4709) to work on /opt/airflow/dags/10_sql_operator_pro.py
[2026-09-10T20:51:26.967+0000] {processor.py:914} INFO - Processing file /opt/airflow/dags/10_sql_operator_pro.py for tasks to queue
[2026-09-10T20:51:26.969+0000] {logging_mixin.py:190} INFO - [2026-09-10T20:51:26.969+0000] {dagbag.py:588} INFO - Filling up the DagBag from /opt/airflow/dags/10_sql_operator_pro.py
[2026-09-10T20:51:26.981+0000] {processor.py:925} INFO - DAG(s) '10_sql_operator_pro' retrieved from /opt/airflow/dags/10_sql_operator_pro.py
[2026-09-10T20:51:27.022+0000] {logging_mixin.py:190} INFO - [2026-09-10T20:51:27.021+0000] {dag.py:3239} INFO - Sync 1 DAGs
[2026-09-10T20:51:27.039+0000] {logging_mixin.py:190} INFO - [2026-09-10T20:51:27.039+0000] {dag.py:4180} INFO - Setting next_dagrun for 10_sql_operator_pro to None, run_after=None
[2026-09-10T20:51:27.059+0000] {processor.py:208} INFO - Processing /opt/airflow/dags/10_sql_operator_pro.py took 0.102 seconds
[2026-09-10T20:51:57.105+0000] {processor.py:186} INFO - Started process (PID=4777) to work on /opt/airflow/dags/10_sql_operator_pro.py
[2026-09-10T20:51:57.106+0000] {processor.py:914} INFO - Processing file /opt/airflow/dags/10_sql_operator_pro.py for tasks to queue
[2026-09-10T20:51:57.109+0000] {logging_mixin.py:190} INFO - [2026-09-10T20:51:57.108+0000] {dagbag.py:588} INFO - Filling up the DagBag from /opt/airflow/dags/10_sql_operator_pro.py
[2026-09-10T20:51:57.120+0000] {processor.py:925} INFO - DAG(s) '10_sql_operator_pro' retrieved from /opt/airflow/dags/10_sql_operator_pro.py
[2026-09-10T20:51:57.158+0000] {logging_mixin.py:190} INFO - [2026-09-10T20:51:57.158+0000] {dag.py:3239} INFO - Sync 1 DAGs
[2026-09-10T20:51:57.174+0000] {logging_mixin.py:190} INFO - [2026-09-10T20:51:57.174+0000] {dag.py:4180} INFO - Setting next_dagrun for 10_sql_operator_pro to None, run_after=None
[2026-09-10T20:51:57.193+0000] {processor.py:208} INFO - Processing /opt/airflow/dags/10_sql_operator_pro.py took 0.096 seconds
[2026-09-10T20:52:27.281+0000] {processor.py:186} INFO - Started process (PID=4847) to work on /opt/airflow/dags/10_sql_operator_pro.py
[2026-09-10T20:52:27.283+0000] {processor.py:914} INFO - Processing file /opt/airflow/dags/10_sql_operator_pro.py for tasks to queue
[2026-09-10T20:52:27.285+0000] {logging_mixin.py:190} INFO - [2026-09-10T20:52:27.285+0000] {dagbag.py:588} INFO - Filling up the DagBag from /opt/airflow/dags/10_sql_operator_pro.py
[2026-09-10T20:52:27.297+0000] {processor.py:925} INFO - DAG(s) '10_sql_operator_pro' retrieved from /opt/airflow/dags/10_sql_operator_pro.py
[2026-09-10T20:52:27.334+0000] {logging_mixin.py:190} INFO - [2026-09-10T20:52:27.334+0000] {dag.py:3239} INFO - Sync 1 DAGs
[2026-09-10T20:52:27.352+0000] {logging_mixin.py:190} INFO - [2026-09-10T20:52:27.352+0000] {dag.py:4180} INFO - Setting next_dagrun for 10_sql_operator_pro to None, run_after=None
[2026-09-10T20:52:27.371+0000] {processor.py:208} INFO - Processing /opt/airflow/dags/10_sql_operator_pro.py took 0.098 seconds
[2026-09-10T20:52:57.513+0000] {processor.py:186} INFO - Started process (PID=4917) to work on /opt/airflow/dags/10_sql_operator_pro.py
[2026-09-10T20:52:57.515+0000] {processor.py:914} INFO - Processing file /opt/airflow/dags/10_sql_operator_pro.py for tasks to queue
[2026-09-10T20:52:57.518+0000] {logging_mixin.py:190} INFO - [2026-09-10T20:52:57.518+0000] {dagbag.py:588} INFO - Filling up the DagBag from /opt/airflow/dags/10_sql_operator_pro.py
[2026-09-10T20:52:57.530+0000] {processor.py:925} INFO - DAG(s) '10_sql_operator_pro' retrieved from /opt/airflow/dags/10_sql_operator_pro.py
[2026-09-10T20:52:57.566+0000] {logging_mixin.py:190} INFO - [2026-09-10T20:52:57.565+0000] {dag.py:3239} INFO - Sync 1 DAGs
[2026-09-10T20:52:57.582+0000] {logging_mixin.py:190} INFO - [2026-09-10T20:52:57.582+0000] {dag.py:4180} INFO - Setting next_dagrun for 10_sql_operator_pro to None, run_after=None
[2026-09-10T20:52:57.603+0000] {processor.py:208} INFO - Processing /opt/airflow/dags/10_sql_operator_pro.py took 0.099 seconds
[2026-09-10T20:53:27.670+0000] {processor.py:186} INFO - Started process (PID=4987) to work on /opt/airflow/dags/10_sql_operator_pro.py
[2026-09-10T20:53:27.671+0000] {processor.py:914} INFO - Processing file /opt/airflow/dags/10_sql_operator_pro.py for tasks to queue
[2026-09-10T20:53:27.674+0000] {logging_mixin.py:190} INFO - [2026-09-10T20:53:27.674+0000] {dagbag.py:588} INFO - Filling up the DagBag from /opt/airflow/dags/10_sql_operator_pro.py
[2026-09-10T20:53:27.686+0000] {processor.py:925} INFO - DAG(s) '10_sql_operator_pro' retrieved from /opt/airflow/dags/10_sql_operator_pro.py
[2026-09-10T20:53:27.719+0000] {logging_mixin.py:190} INFO - [2026-09-10T20:53:27.719+0000] {dag.py:3239} INFO - Sync 1 DAGs
[2026-09-10T20:53:27.734+0000] {logging_mixin.py:190} INFO - [2026-09-10T20:53:27.734+0000] {dag.py:4180} INFO - Setting next_dagrun for 10_sql_operator_pro to None, run_after=None
[2026-09-10T20:53:27.757+0000] {processor.py:208} INFO - Processing /opt/airflow/dags/10_sql_operator_pro.py took 0.094 seconds
[2026-09-10T20:53:57.910+0000] {processor.py:186} INFO - Started process (PID=5057) to work on /opt/airflow/dags/10_sql_operator_pro.py
[2026-09-10T20:53:57.911+0000] {processor.py:914} INFO - Processing file /opt/airflow/dags/10_sql_operator_pro.py for tasks to queue
[2026-09-10T20:53:57.915+0000] {logging_mixin.py:190} INFO - [2026-09-10T20:53:57.914+0000] {dagbag.py:588} INFO - Filling up the DagBag from /opt/airflow/dags/10_sql_operator_pro.py
[2026-09-10T20:53:57.928+0000] {processor.py:925} INFO - DAG(s) '10_sql_operator_pro' retrieved from /opt/airflow/dags/10_sql_operator_pro.py
[2026-09-10T20:53:57.961+0000] {logging_mixin.py:190} INFO - [2026-09-10T20:53:57.960+0000] {dag.py:3239} INFO - Sync 1 DAGs
[2026-09-10T20:53:57.980+0000] {logging_mixin.py:190} INFO - [2026-09-10T20:53:57.979+0000] {dag.py:4180} INFO - Setting next_dagrun for 10_sql_operator_pro to None, run_after=None
[2026-09-10T20:53:57.998+0000] {processor.py:208} INFO - Processing /opt/airflow/dags/10_sql_operator_pro.py took 0.096 seconds
[2026-09-10T20:54:28.229+0000] {processor.py:186} INFO - Started process (PID=5127) to work on /opt/airflow/dags/10_sql_operator_pro.py
[2026-09-10T20:54:28.231+0000] {processor.py:914} INFO - Processing file /opt/airflow/dags/10_sql_operator_pro.py for tasks to queue
[2026-09-10T20:54:28.233+0000] {logging_mixin.py:190} INFO - [2026-09-10T20:54:28.233+0000] {dagbag.py:588} INFO - Filling up the DagBag from /opt/airflow/dags/10_sql_operator_pro.py
[2026-09-10T20:54:28.246+0000] {processor.py:925} INFO - DAG(s) '10_sql_operator_pro' retrieved from /opt/airflow/dags/10_sql_operator_pro.py
[2026-09-10T20:54:28.282+0000] {logging_mixin.py:190} INFO - [2026-09-10T20:54:28.282+0000] {dag.py:3239} INFO - Sync 1 DAGs
[2026-09-10T20:54:28.299+0000] {logging_mixin.py:190} INFO - [2026-09-10T20:54:28.299+0000] {dag.py:4180} INFO - Setting next_dagrun for 10_sql_operator_pro to None, run_after=None
[2026-09-10T20:54:28.322+0000] {processor.py:208} INFO - Processing /opt/airflow/dags/10_sql_operator_pro.py took 0.100 seconds
[2026-09-10T20:54:58.378+0000] {processor.py:186} INFO - Started process (PID=5197) to work on /opt/airflow/dags/10_sql_operator_pro.py
[2026-09-10T20:54:58.379+0000] {processor.py:914} INFO - Processing file /opt/airflow/dags/10_sql_operator_pro.py for tasks to queue
[2026-09-10T20:54:58.382+0000] {logging_mixin.py:190} INFO - [2026-09-10T20:54:58.382+0000] {dagbag.py:588} INFO - Filling up the DagBag from /opt/airflow/dags/10_sql_operator_pro.py
[2026-09-10T20:54:58.397+0000] {processor.py:925} INFO - DAG(s) '10_sql_operator_pro' retrieved from /opt/airflow/dags/10_sql_operator_pro.py
[2026-09-10T20:54:58.437+0000] {logging_mixin.py:190} INFO - [2026-09-10T20:54:58.436+0000] {dag.py:3239} INFO - Sync 1 DAGs
[2026-09-10T20:54:58.453+0000] {logging_mixin.py:190} INFO - [2026-09-10T20:54:58.453+0000] {dag.py:4180} INFO - Setting next_dagrun for 10_sql_operator_pro to None, run_after=None
[2026-09-10T20:54:58.472+0000] {processor.py:208} INFO - Processing /opt/airflow/dags/10_sql_operator_pro.py took 0.102 seconds
[2026-09-10T20:55:28.647+0000] {processor.py:186} INFO - Started process (PID=5267) to work on /opt/airflow/dags/10_sql_operator_pro.py
[2026-09-10T20:55:28.648+0000] {processor.py:914} INFO - Processing file /opt/airflow/dags/10_sql_operator_pro.py for tasks to queue
[2026-09-10T20:55:28.651+0000] {logging_mixin.py:190} INFO - [2026-09-10T20:55:28.651+0000] {dagbag.py:588} INFO - Filling up the DagBag from /opt/airflow/dags/10_sql_operator_pro.py
[2026-09-10T20:55:28.664+0000] {processor.py:925} INFO - DAG(s) '10_sql_operator_pro' retrieved from /opt/airflow/dags/10_sql_operator_pro.py
[2026-09-10T20:55:28.698+0000] {logging_mixin.py:190} INFO - [2026-09-10T20:55:28.698+0000] {dag.py:3239} INFO - Sync 1 DAGs
[2026-09-10T20:55:28.715+0000] {logging_mixin.py:190} INFO - [2026-09-10T20:55:28.714+0000] {dag.py:4180} INFO - Setting next_dagrun for 10_sql_operator_pro to None, run_after=None
[2026-09-10T20:55:28.736+0000] {processor.py:208} INFO - Processing /opt/airflow/dags/10_sql_operator_pro.py took 0.097 seconds
[2026-09-10T20:55:58.901+0000] {processor.py:186} INFO - Started process (PID=5339) to work on /opt/airflow/dags/10_sql_operator_pro.py
[2026-09-10T20:55:58.902+0000] {processor.py:914} INFO - Processing file /opt/airflow/dags/10_sql_operator_pro.py for tasks to queue
[2026-09-10T20:55:58.905+0000] {logging_mixin.py:190} INFO - [2026-09-10T20:55:58.904+0000] {dagbag.py:588} INFO - Filling up the DagBag from /opt/airflow/dags/10_sql_operator_pro.py
[2026-09-10T20:55:58.917+0000] {processor.py:925} INFO - DAG(s) '10_sql_operator_pro' retrieved from /opt/airflow/dags/10_sql_operator_pro.py
[2026-09-10T20:55:58.951+0000] {logging_mixin.py:190} INFO - [2026-09-10T20:55:58.951+0000] {dag.py:3239} INFO - Sync 1 DAGs
[2026-09-10T20:55:58.966+0000] {logging_mixin.py:190} INFO - [2026-09-10T20:55:58.966+0000] {dag.py:4180} INFO - Setting next_dagrun for 10_sql_operator_pro to None, run_after=None
[2026-09-10T20:55:58.991+0000] {processor.py:208} INFO - Processing /opt/airflow/dags/10_sql_operator_pro.py took 0.100 seconds
[2026-09-10T20:56:29.136+0000] {processor.py:186} INFO - Started process (PID=5407) to work on /opt/airflow/dags/10_sql_operator_pro.py
[2026-09-10T20:56:29.137+0000] {processor.py:914} INFO - Processing file /opt/airflow/dags/10_sql_operator_pro.py for tasks to queue
[2026-09-10T20:56:29.140+0000] {logging_mixin.py:190} INFO - [2026-09-10T20:56:29.139+0000] {dagbag.py:588} INFO - Filling up the DagBag from /opt/airflow/dags/10_sql_operator_pro.py
[2026-09-10T20:56:29.151+0000] {processor.py:925} INFO - DAG(s) '10_sql_operator_pro' retrieved from /opt/airflow/dags/10_sql_operator_pro.py
[2026-09-10T20:56:29.187+0000] {logging_mixin.py:190} INFO - [2026-09-10T20:56:29.187+0000] {dag.py:3239} INFO - Sync 1 DAGs
[2026-09-10T20:56:29.203+0000] {logging_mixin.py:190} INFO - [2026-09-10T20:56:29.203+0000] {dag.py:4180} INFO - Setting next_dagrun for 10_sql_operator_pro to None, run_after=None
[2026-09-10T20:56:29.223+0000] {processor.py:208} INFO - Processing /opt/airflow/dags/10_sql_operator_pro.py took 0.095 seconds
[2026-09-10T20:56:59.371+0000] {processor.py:186} INFO - Started process (PID=5477) to work on /opt/airflow/dags/10_sql_operator_pro.py
[2026-09-10T20:56:59.372+0000] {processor.py:914} INFO - Processing file /opt/airflow/dags/10_sql_operator_pro.py for tasks to queue
[2026-09-10T20:56:59.376+0000] {logging_mixin.py:190} INFO - [2026-09-10T20:56:59.375+0000] {dagbag.py:588} INFO - Filling up the DagBag from /opt/airflow/dags/10_sql_operator_pro.py
[2026-09-10T20:56:59.387+0000] {processor.py:925} INFO - DAG(s) '10_sql_operator_pro' retrieved from /opt/airflow/dags/10_sql_operator_pro.py
[2026-09-10T20:56:59.422+0000] {logging_mixin.py:190} INFO - [2026-09-10T20:56:59.421+0000] {dag.py:3239} INFO - Sync 1 DAGs
[2026-09-10T20:56:59.438+0000] {logging_mixin.py:190} INFO - [2026-09-10T20:56:59.438+0000] {dag.py:4180} INFO - Setting next_dagrun for 10_sql_operator_pro to None, run_after=None
[2026-09-10T20:56:59.458+0000] {processor.py:208} INFO - Processing /opt/airflow/dags/10_sql_operator_pro.py took 0.098 seconds
[2026-09-10T20:57:29.564+0000] {processor.py:186} INFO - Started process (PID=5547) to work on /opt/airflow/dags/10_sql_operator_pro.py
[2026-09-10T20:57:29.565+0000] {processor.py:914} INFO - Processing file /opt/airflow/dags/10_sql_operator_pro.py for tasks to queue
[2026-09-10T20:57:29.568+0000] {logging_mixin.py:190} INFO - [2026-09-10T20:57:29.567+0000] {dagbag.py:588} INFO - Filling up the DagBag from /opt/airflow/dags/10_sql_operator_pro.py
[2026-09-10T20:57:29.580+0000] {processor.py:925} INFO - DAG(s) '10_sql_operator_pro' retrieved from /opt/airflow/dags/10_sql_operator_pro.py
[2026-09-10T20:57:29.621+0000] {logging_mixin.py:190} INFO - [2026-09-10T20:57:29.621+0000] {dag.py:3239} INFO - Sync 1 DAGs
[2026-09-10T20:57:29.637+0000] {logging_mixin.py:190} INFO - [2026-09-10T20:57:29.637+0000] {dag.py:4180} INFO - Setting next_dagrun for 10_sql_operator_pro to None, run_after=None
[2026-09-10T20:57:29.658+0000] {processor.py:208} INFO - Processing /opt/airflow/dags/10_sql_operator_pro.py took 0.103 seconds
[2026-09-10T20:57:59.850+0000] {processor.py:186} INFO - Started process (PID=5619) to work on /opt/airflow/dags/10_sql_operator_pro.py
[2026-09-10T20:57:59.851+0000] {processor.py:914} INFO - Processing file /opt/airflow/dags/10_sql_operator_pro.py for tasks to queue
[2026-09-10T20:57:59.855+0000] {logging_mixin.py:190} INFO - [2026-09-10T20:57:59.855+0000] {dagbag.py:588} INFO - Filling up the DagBag from /opt/airflow/dags/10_sql_operator_pro.py
[2026-09-10T20:57:59.867+0000] {processor.py:925} INFO - DAG(s) '10_sql_operator_pro' retrieved from /opt/airflow/dags/10_sql_operator_pro.py
[2026-09-10T20:57:59.905+0000] {logging_mixin.py:190} INFO - [2026-09-10T20:57:59.904+0000] {dag.py:3239} INFO - Sync 1 DAGs
[2026-09-10T20:57:59.920+0000] {logging_mixin.py:190} INFO - [2026-09-10T20:57:59.919+0000] {dag.py:4180} INFO - Setting next_dagrun for 10_sql_operator_pro to None, run_after=None
[2026-09-10T20:57:59.937+0000] {processor.py:208} INFO - Processing /opt/airflow/dags/10_sql_operator_pro.py took 0.097 seconds
[2026-09-10T20:58:30.290+0000] {processor.py:186} INFO - Started process (PID=5689) to work on /opt/airflow/dags/10_sql_operator_pro.py
[2026-09-10T20:58:30.292+0000] {processor.py:914} INFO - Processing file /opt/airflow/dags/10_sql_operator_pro.py for tasks to queue
[2026-09-10T20:58:30.294+0000] {logging_mixin.py:190} INFO - [2026-09-10T20:58:30.294+0000] {dagbag.py:588} INFO - Filling up the DagBag from /opt/airflow/dags/10_sql_operator_pro.py
[2026-09-10T20:58:30.307+0000] {processor.py:925} INFO - DAG(s) '10_sql_operator_pro' retrieved from /opt/airflow/dags/10_sql_operator_pro.py
[2026-09-10T20:58:30.355+0000] {logging_mixin.py:190} INFO - [2026-09-10T20:58:30.355+0000] {dag.py:3239} INFO - Sync 1 DAGs
[2026-09-10T20:58:30.392+0000] {logging_mixin.py:190} INFO - [2026-09-10T20:58:30.392+0000] {dag.py:4180} INFO - Setting next_dagrun for 10_sql_operator_pro to None, run_after=None
[2026-09-10T20:58:30.429+0000] {processor.py:208} INFO - Processing /opt/airflow/dags/10_sql_operator_pro.py took 0.147 seconds
[2026-09-10T20:59:00.790+0000] {processor.py:186} INFO - Started process (PID=5757) to work on /opt/airflow/dags/10_sql_operator_pro.py
[2026-09-10T20:59:00.791+0000] {processor.py:914} INFO - Processing file /opt/airflow/dags/10_sql_operator_pro.py for tasks to queue
[2026-09-10T20:59:00.793+0000] {logging_mixin.py:190} INFO - [2026-09-10T20:59:00.793+0000] {dagbag.py:588} INFO - Filling up the DagBag from /opt/airflow/dags/10_sql_operator_pro.py
[2026-09-10T20:59:00.805+0000] {processor.py:925} INFO - DAG(s) '10_sql_operator_pro' retrieved from /opt/airflow/dags/10_sql_operator_pro.py
[2026-09-10T20:59:00.842+0000] {logging_mixin.py:190} INFO - [2026-09-10T20:59:00.842+0000] {dag.py:3239} INFO - Sync 1 DAGs
[2026-09-10T20:59:00.873+0000] {logging_mixin.py:190} INFO - [2026-09-10T20:59:00.873+0000] {dag.py:4180} INFO - Setting next_dagrun for 10_sql_operator_pro to None, run_after=None
[2026-09-10T20:59:00.897+0000] {processor.py:208} INFO - Processing /opt/airflow/dags/10_sql_operator_pro.py took 0.115 seconds
[2026-09-10T20:59:31.160+0000] {processor.py:186} INFO - Started process (PID=5827) to work on /opt/airflow/dags/10_sql_operator_pro.py
[2026-09-10T20:59:31.161+0000] {processor.py:914} INFO - Processing file /opt/airflow/dags/10_sql_operator_pro.py for tasks to queue
[2026-09-10T20:59:31.164+0000] {logging_mixin.py:190} INFO - [2026-09-10T20:59:31.164+0000] {dagbag.py:588} INFO - Filling up the DagBag from /opt/airflow/dags/10_sql_operator_pro.py
[2026-09-10T20:59:31.176+0000] {processor.py:925} INFO - DAG(s) '10_sql_operator_pro' retrieved from /opt/airflow/dags/10_sql_operator_pro.py
[2026-09-10T20:59:31.219+0000] {logging_mixin.py:190} INFO - [2026-09-10T20:59:31.219+0000] {dag.py:3239} INFO - Sync 1 DAGs
[2026-09-10T20:59:31.237+0000] {logging_mixin.py:190} INFO - [2026-09-10T20:59:31.236+0000] {dag.py:4180} INFO - Setting next_dagrun for 10_sql_operator_pro to None, run_after=None
[2026-09-10T20:59:31.260+0000] {processor.py:208} INFO - Processing /opt/airflow/dags/10_sql_operator_pro.py took 0.108 seconds
[2026-09-10T21:00:01.416+0000] {processor.py:186} INFO - Started process (PID=5897) to work on /opt/airflow/dags/10_sql_operator_pro.py
[2026-09-10T21:00:01.417+0000] {processor.py:914} INFO - Processing file /opt/airflow/dags/10_sql_operator_pro.py for tasks to queue
[2026-09-10T21:00:01.420+0000] {logging_mixin.py:190} INFO - [2026-09-10T21:00:01.419+0000] {dagbag.py:588} INFO - Filling up the DagBag from /opt/airflow/dags/10_sql_operator_pro.py
[2026-09-10T21:00:01.434+0000] {processor.py:925} INFO - DAG(s) '10_sql_operator_pro' retrieved from /opt/airflow/dags/10_sql_operator_pro.py
[2026-09-10T21:00:01.476+0000] {logging_mixin.py:190} INFO - [2026-09-10T21:00:01.476+0000] {dag.py:3239} INFO - Sync 1 DAGs
[2026-09-10T21:00:01.496+0000] {logging_mixin.py:190} INFO - [2026-09-10T21:00:01.495+0000] {dag.py:4180} INFO - Setting next_dagrun for 10_sql_operator_pro to None, run_after=None
[2026-09-10T21:00:01.517+0000] {processor.py:208} INFO - Processing /opt/airflow/dags/10_sql_operator_pro.py took 0.109 seconds
[2026-09-10T21:00:31.590+0000] {processor.py:186} INFO - Started process (PID=5967) to work on /opt/airflow/dags/10_sql_operator_pro.py
[2026-09-10T21:00:31.591+0000] {processor.py:914} INFO - Processing file /opt/airflow/dags/10_sql_operator_pro.py for tasks to queue
[2026-09-10T21:00:31.594+0000] {logging_mixin.py:190} INFO - [2026-09-10T21:00:31.594+0000] {dagbag.py:588} INFO - Filling up the DagBag from /opt/airflow/dags/10_sql_operator_pro.py
[2026-09-10T21:00:31.606+0000] {processor.py:925} INFO - DAG(s) '10_sql_operator_pro' retrieved from /opt/airflow/dags/10_sql_operator_pro.py
[2026-09-10T21:00:31.642+0000] {logging_mixin.py:190} INFO - [2026-09-10T21:00:31.642+0000] {dag.py:3239} INFO - Sync 1 DAGs
[2026-09-10T21:00:31.659+0000] {logging_mixin.py:190} INFO - [2026-09-10T21:00:31.659+0000] {dag.py:4180} INFO - Setting next_dagrun for 10_sql_operator_pro to None, run_after=None
[2026-09-10T21:00:31.681+0000] {processor.py:208} INFO - Processing /opt/airflow/dags/10_sql_operator_pro.py took 0.099 seconds
[2026-09-10T21:01:01.870+0000] {processor.py:186} INFO - Started process (PID=6037) to work on /opt/airflow/dags/10_sql_operator_pro.py
[2026-09-10T21:01:01.871+0000] {processor.py:914} INFO - Processing file /opt/airflow/dags/10_sql_operator_pro.py for tasks to queue
[2026-09-10T21:01:01.874+0000] {logging_mixin.py:190} INFO - [2026-09-10T21:01:01.874+0000] {dagbag.py:588} INFO - Filling up the DagBag from /opt/airflow/dags/10_sql_operator_pro.py
[2026-09-10T21:01:01.893+0000] {processor.py:925} INFO - DAG(s) '10_sql_operator_pro' retrieved from /opt/airflow/dags/10_sql_operator_pro.py
[2026-09-10T21:01:01.930+0000] {logging_mixin.py:190} INFO - [2026-09-10T21:01:01.929+0000] {dag.py:3239} INFO - Sync 1 DAGs
[2026-09-10T21:01:01.947+0000] {logging_mixin.py:190} INFO - [2026-09-10T21:01:01.946+0000] {dag.py:4180} INFO - Setting next_dagrun for 10_sql_operator_pro to None, run_after=None
[2026-09-10T21:01:01.968+0000] {processor.py:208} INFO - Processing /opt/airflow/dags/10_sql_operator_pro.py took 0.112 seconds
[2026-09-10T21:01:32.923+0000] {processor.py:186} INFO - Started process (PID=6107) to work on /opt/airflow/dags/10_sql_operator_pro.py
[2026-09-10T21:01:32.925+0000] {processor.py:914} INFO - Processing file /opt/airflow/dags/10_sql_operator_pro.py for tasks to queue
[2026-09-10T21:01:32.927+0000] {logging_mixin.py:190} INFO - [2026-09-10T21:01:32.927+0000] {dagbag.py:588} INFO - Filling up the DagBag from /opt/airflow/dags/10_sql_operator_pro.py
[2026-09-10T21:01:32.940+0000] {processor.py:925} INFO - DAG(s) '10_sql_operator_pro' retrieved from /opt/airflow/dags/10_sql_operator_pro.py
[2026-09-10T21:01:32.972+0000] {logging_mixin.py:190} INFO - [2026-09-10T21:01:32.972+0000] {dag.py:3239} INFO - Sync 1 DAGs
[2026-09-10T21:01:32.988+0000] {logging_mixin.py:190} INFO - [2026-09-10T21:01:32.988+0000] {dag.py:4180} INFO - Setting next_dagrun for 10_sql_operator_pro to None, run_after=None
[2026-09-10T21:01:33.007+0000] {processor.py:208} INFO - Processing /opt/airflow/dags/10_sql_operator_pro.py took 0.092 seconds
[2026-09-10T21:02:03.980+0000] {processor.py:186} INFO - Started process (PID=6177) to work on /opt/airflow/dags/10_sql_operator_pro.py
[2026-09-10T21:02:03.981+0000] {processor.py:914} INFO - Processing file /opt/airflow/dags/10_sql_operator_pro.py for tasks to queue
[2026-09-10T21:02:03.984+0000] {logging_mixin.py:190} INFO - [2026-09-10T21:02:03.984+0000] {dagbag.py:588} INFO - Filling up the DagBag from /opt/airflow/dags/10_sql_operator_pro.py
[2026-09-10T21:02:03.996+0000] {processor.py:925} INFO - DAG(s) '10_sql_operator_pro' retrieved from /opt/airflow/dags/10_sql_operator_pro.py
[2026-09-10T21:02:04.036+0000] {logging_mixin.py:190} INFO - [2026-09-10T21:02:04.036+0000] {dag.py:3239} INFO - Sync 1 DAGs
[2026-09-10T21:02:04.053+0000] {logging_mixin.py:190} INFO - [2026-09-10T21:02:04.053+0000] {dag.py:4180} INFO - Setting next_dagrun for 10_sql_operator_pro to None, run_after=None
[2026-09-10T21:02:04.073+0000] {processor.py:208} INFO - Processing /opt/airflow/dags/10_sql_operator_pro.py took 0.101 seconds
[2026-09-10T21:02:34.369+0000] {processor.py:186} INFO - Started process (PID=6247) to work on /opt/airflow/dags/10_sql_operator_pro.py
[2026-09-10T21:02:34.371+0000] {processor.py:914} INFO - Processing file /opt/airflow/dags/10_sql_operator_pro.py for tasks to queue
[2026-09-10T21:02:34.374+0000] {logging_mixin.py:190} INFO - [2026-09-10T21:02:34.373+0000] {dagbag.py:588} INFO - Filling up the DagBag from /opt/airflow/dags/10_sql_operator_pro.py
[2026-09-10T21:02:34.386+0000] {processor.py:925} INFO - DAG(s) '10_sql_operator_pro' retrieved from /opt/airflow/dags/10_sql_operator_pro.py
[2026-09-10T21:02:34.418+0000] {logging_mixin.py:190} INFO - [2026-09-10T21:02:34.418+0000] {dag.py:3239} INFO - Sync 1 DAGs
[2026-09-10T21:02:34.434+0000] {logging_mixin.py:190} INFO - [2026-09-10T21:02:34.434+0000] {dag.py:4180} INFO - Setting next_dagrun for 10_sql_operator_pro to None, run_after=None
[2026-09-10T21:02:34.454+0000] {processor.py:208} INFO - Processing /opt/airflow/dags/10_sql_operator_pro.py took 0.092 seconds
[2026-09-10T21:03:04.644+0000] {processor.py:186} INFO - Started process (PID=6319) to work on /opt/airflow/dags/10_sql_operator_pro.py
[2026-09-10T21:03:04.645+0000] {processor.py:914} INFO - Processing file /opt/airflow/dags/10_sql_operator_pro.py for tasks to queue
[2026-09-10T21:03:04.648+0000] {logging_mixin.py:190} INFO - [2026-09-10T21:03:04.648+0000] {dagbag.py:588} INFO - Filling up the DagBag from /opt/airflow/dags/10_sql_operator_pro.py
[2026-09-10T21:03:04.660+0000] {processor.py:925} INFO - DAG(s) '10_sql_operator_pro' retrieved from /opt/airflow/dags/10_sql_operator_pro.py
[2026-09-10T21:03:04.700+0000] {logging_mixin.py:190} INFO - [2026-09-10T21:03:04.700+0000] {dag.py:3239} INFO - Sync 1 DAGs
[2026-09-10T21:03:04.718+0000] {logging_mixin.py:190} INFO - [2026-09-10T21:03:04.718+0000] {dag.py:4180} INFO - Setting next_dagrun for 10_sql_operator_pro to None, run_after=None
[2026-09-10T21:03:04.738+0000] {processor.py:208} INFO - Processing /opt/airflow/dags/10_sql_operator_pro.py took 0.103 seconds
[2026-09-10T21:03:34.829+0000] {processor.py:186} INFO - Started process (PID=6387) to work on /opt/airflow/dags/10_sql_operator_pro.py
[2026-09-10T21:03:34.831+0000] {processor.py:914} INFO - Processing file /opt/airflow/dags/10_sql_operator_pro.py for tasks to queue
[2026-09-10T21:03:34.834+0000] {logging_mixin.py:190} INFO - [2026-09-10T21:03:34.834+0000] {dagbag.py:588} INFO - Filling up the DagBag from /opt/airflow/dags/10_sql_operator_pro.py
[2026-09-10T21:03:34.847+0000] {processor.py:925} INFO - DAG(s) '10_sql_operator_pro' retrieved from /opt/airflow/dags/10_sql_operator_pro.py
[2026-09-10T21:03:34.884+0000] {logging_mixin.py:190} INFO - [2026-09-10T21:03:34.884+0000] {dag.py:3239} INFO - Sync 1 DAGs
[2026-09-10T21:03:34.901+0000] {logging_mixin.py:190} INFO - [2026-09-10T21:03:34.901+0000] {dag.py:4180} INFO - Setting next_dagrun for 10_sql_operator_pro to None, run_after=None
[2026-09-10T21:03:34.920+0000] {processor.py:208} INFO - Processing /opt/airflow/dags/10_sql_operator_pro.py took 0.104 seconds
[2026-09-10T21:04:04.993+0000] {processor.py:186} INFO - Started process (PID=6457) to work on /opt/airflow/dags/10_sql_operator_pro.py
[2026-09-10T21:04:04.994+0000] {processor.py:914} INFO - Processing file /opt/airflow/dags/10_sql_operator_pro.py for tasks to queue
[2026-09-10T21:04:04.997+0000] {logging_mixin.py:190} INFO - [2026-09-10T21:04:04.997+0000] {dagbag.py:588} INFO - Filling up the DagBag from /opt/airflow/dags/10_sql_operator_pro.py
[2026-09-10T21:04:05.010+0000] {processor.py:925} INFO - DAG(s) '10_sql_operator_pro' retrieved from /opt/airflow/dags/10_sql_operator_pro.py
[2026-09-10T21:04:05.048+0000] {logging_mixin.py:190} INFO - [2026-09-10T21:04:05.048+0000] {dag.py:3239} INFO - Sync 1 DAGs
[2026-09-10T21:04:05.065+0000] {logging_mixin.py:190} INFO - [2026-09-10T21:04:05.065+0000] {dag.py:4180} INFO - Setting next_dagrun for 10_sql_operator_pro to None, run_after=None
[2026-09-10T21:04:05.086+0000] {processor.py:208} INFO - Processing /opt/airflow/dags/10_sql_operator_pro.py took 0.101 seconds
[2026-09-10T21:04:35.227+0000] {processor.py:186} INFO - Started process (PID=6527) to work on /opt/airflow/dags/10_sql_operator_pro.py
[2026-09-10T21:04:35.229+0000] {processor.py:914} INFO - Processing file /opt/airflow/dags/10_sql_operator_pro.py for tasks to queue
[2026-09-10T21:04:35.232+0000] {logging_mixin.py:190} INFO - [2026-09-10T21:04:35.232+0000] {dagbag.py:588} INFO - Filling up the DagBag from /opt/airflow/dags/10_sql_operator_pro.py
[2026-09-10T21:04:35.244+0000] {processor.py:925} INFO - DAG(s) '10_sql_operator_pro' retrieved from /opt/airflow/dags/10_sql_operator_pro.py
[2026-09-10T21:04:35.282+0000] {logging_mixin.py:190} INFO - [2026-09-10T21:04:35.282+0000] {dag.py:3239} INFO - Sync 1 DAGs
[2026-09-10T21:04:35.298+0000] {logging_mixin.py:190} INFO - [2026-09-10T21:04:35.298+0000] {dag.py:4180} INFO - Setting next_dagrun for 10_sql_operator_pro to None, run_after=None
[2026-09-10T21:04:35.319+0000] {processor.py:208} INFO - Processing /opt/airflow/dags/10_sql_operator_pro.py took 0.100 seconds
[2026-09-10T21:05:05.437+0000] {processor.py:186} INFO - Started process (PID=6597) to work on /opt/airflow/dags/10_sql_operator_pro.py
[2026-09-10T21:05:05.438+0000] {processor.py:914} INFO - Processing file /opt/airflow/dags/10_sql_operator_pro.py for tasks to queue
[2026-09-10T21:05:05.441+0000] {logging_mixin.py:190} INFO - [2026-09-10T21:05:05.440+0000] {dagbag.py:588} INFO - Filling up the DagBag from /opt/airflow/dags/10_sql_operator_pro.py
[2026-09-10T21:05:05.453+0000] {processor.py:925} INFO - DAG(s) '10_sql_operator_pro' retrieved from /opt/airflow/dags/10_sql_operator_pro.py
[2026-09-10T21:05:05.492+0000] {logging_mixin.py:190} INFO - [2026-09-10T21:05:05.492+0000] {dag.py:3239} INFO - Sync 1 DAGs
[2026-09-10T21:05:05.509+0000] {logging_mixin.py:190} INFO - [2026-09-10T21:05:05.509+0000] {dag.py:4180} INFO - Setting next_dagrun for 10_sql_operator_pro to None, run_after=None
[2026-09-10T21:05:05.529+0000] {processor.py:208} INFO - Processing /opt/airflow/dags/10_sql_operator_pro.py took 0.101 seconds
[2026-09-10T21:05:35.616+0000] {processor.py:186} INFO - Started process (PID=6667) to work on /opt/airflow/dags/10_sql_operator_pro.py
[2026-09-10T21:05:35.618+0000] {processor.py:914} INFO - Processing file /opt/airflow/dags/10_sql_operator_pro.py for tasks to queue
[2026-09-10T21:05:35.620+0000] {logging_mixin.py:190} INFO - [2026-09-10T21:05:35.620+0000] {dagbag.py:588} INFO - Filling up the DagBag from /opt/airflow/dags/10_sql_operator_pro.py
[2026-09-10T21:05:35.633+0000] {processor.py:925} INFO - DAG(s) '10_sql_operator_pro' retrieved from /opt/airflow/dags/10_sql_operator_pro.py
[2026-09-10T21:05:35.673+0000] {logging_mixin.py:190} INFO - [2026-09-10T21:05:35.673+0000] {dag.py:3239} INFO - Sync 1 DAGs
[2026-09-10T21:05:35.696+0000] {logging_mixin.py:190} INFO - [2026-09-10T21:05:35.696+0000] {dag.py:4180} INFO - Setting next_dagrun for 10_sql_operator_pro to None, run_after=None
[2026-09-10T21:05:35.719+0000] {processor.py:208} INFO - Processing /opt/airflow/dags/10_sql_operator_pro.py took 0.111 seconds
[2026-09-10T21:06:05.835+0000] {processor.py:186} INFO - Started process (PID=6737) to work on /opt/airflow/dags/10_sql_operator_pro.py
[2026-09-10T21:06:05.836+0000] {processor.py:914} INFO - Processing file /opt/airflow/dags/10_sql_operator_pro.py for tasks to queue
[2026-09-10T21:06:05.838+0000] {logging_mixin.py:190} INFO - [2026-09-10T21:06:05.838+0000] {dagbag.py:588} INFO - Filling up the DagBag from /opt/airflow/dags/10_sql_operator_pro.py
[2026-09-10T21:06:05.850+0000] {processor.py:925} INFO - DAG(s) '10_sql_operator_pro' retrieved from /opt/airflow/dags/10_sql_operator_pro.py
[2026-09-10T21:06:05.885+0000] {logging_mixin.py:190} INFO - [2026-09-10T21:06:05.885+0000] {dag.py:3239} INFO - Sync 1 DAGs
[2026-09-10T21:06:05.907+0000] {logging_mixin.py:190} INFO - [2026-09-10T21:06:05.907+0000] {dag.py:4180} INFO - Setting next_dagrun for 10_sql_operator_pro to None, run_after=None
[2026-09-10T21:06:05.929+0000] {processor.py:208} INFO - Processing /opt/airflow/dags/10_sql_operator_pro.py took 0.102 seconds
[2026-09-10T21:06:36.121+0000] {processor.py:186} INFO - Started process (PID=6807) to work on /opt/airflow/dags/10_sql_operator_pro.py
[2026-09-10T21:06:36.123+0000] {processor.py:914} INFO - Processing file /opt/airflow/dags/10_sql_operator_pro.py for tasks to queue
[2026-09-10T21:06:36.125+0000] {logging_mixin.py:190} INFO - [2026-09-10T21:06:36.125+0000] {dagbag.py:588} INFO - Filling up the DagBag from /opt/airflow/dags/10_sql_operator_pro.py
[2026-09-10T21:06:36.138+0000] {processor.py:925} INFO - DAG(s) '10_sql_operator_pro' retrieved from /opt/airflow/dags/10_sql_operator_pro.py
[2026-09-10T21:06:36.172+0000] {logging_mixin.py:190} INFO - [2026-09-10T21:06:36.172+0000] {dag.py:3239} INFO - Sync 1 DAGs
[2026-09-10T21:06:36.189+0000] {logging_mixin.py:190} INFO - [2026-09-10T21:06:36.188+0000] {dag.py:4180} INFO - Setting next_dagrun for 10_sql_operator_pro to None, run_after=None
[2026-09-10T21:06:36.207+0000] {processor.py:208} INFO - Processing /opt/airflow/dags/10_sql_operator_pro.py took 0.094 seconds
[2026-09-10T21:07:06.416+0000] {processor.py:186} INFO - Started process (PID=6877) to work on /opt/airflow/dags/10_sql_operator_pro.py
[2026-09-10T21:07:06.417+0000] {processor.py:914} INFO - Processing file /opt/airflow/dags/10_sql_operator_pro.py for tasks to queue
[2026-09-10T21:07:06.420+0000] {logging_mixin.py:190} INFO - [2026-09-10T21:07:06.419+0000] {dagbag.py:588} INFO - Filling up the DagBag from /opt/airflow/dags/10_sql_operator_pro.py
[2026-09-10T21:07:06.432+0000] {processor.py:925} INFO - DAG(s) '10_sql_operator_pro' retrieved from /opt/airflow/dags/10_sql_operator_pro.py
[2026-09-10T21:07:06.466+0000] {logging_mixin.py:190} INFO - [2026-09-10T21:07:06.466+0000] {dag.py:3239} INFO - Sync 1 DAGs
[2026-09-10T21:07:06.484+0000] {logging_mixin.py:190} INFO - [2026-09-10T21:07:06.483+0000] {dag.py:4180} INFO - Setting next_dagrun for 10_sql_operator_pro to None, run_after=None
[2026-09-10T21:07:06.504+0000] {processor.py:208} INFO - Processing /opt/airflow/dags/10_sql_operator_pro.py took 0.096 seconds
[2026-09-10T21:07:36.581+0000] {processor.py:186} INFO - Started process (PID=6947) to work on /opt/airflow/dags/10_sql_operator_pro.py
[2026-09-10T21:07:36.583+0000] {processor.py:914} INFO - Processing file /opt/airflow/dags/10_sql_operator_pro.py for tasks to queue
[2026-09-10T21:07:36.586+0000] {logging_mixin.py:190} INFO - [2026-09-10T21:07:36.585+0000] {dagbag.py:588} INFO - Filling up the DagBag from /opt/airflow/dags/10_sql_operator_pro.py
[2026-09-10T21:07:36.599+0000] {processor.py:925} INFO - DAG(s) '10_sql_operator_pro' retrieved from /opt/airflow/dags/10_sql_operator_pro.py
[2026-09-10T21:07:36.637+0000] {logging_mixin.py:190} INFO - [2026-09-10T21:07:36.637+0000] {dag.py:3239} INFO - Sync 1 DAGs
[2026-09-10T21:07:36.655+0000] {logging_mixin.py:190} INFO - [2026-09-10T21:07:36.655+0000] {dag.py:4180} INFO - Setting next_dagrun for 10_sql_operator_pro to None, run_after=None
[2026-09-10T21:07:36.680+0000] {processor.py:208} INFO - Processing /opt/airflow/dags/10_sql_operator_pro.py took 0.107 seconds
[2026-09-10T21:08:06.761+0000] {processor.py:186} INFO - Started process (PID=7017) to work on /opt/airflow/dags/10_sql_operator_pro.py
[2026-09-10T21:08:06.762+0000] {processor.py:914} INFO - Processing file /opt/airflow/dags/10_sql_operator_pro.py for tasks to queue
[2026-09-10T21:08:06.769+0000] {logging_mixin.py:190} INFO - [2026-09-10T21:08:06.769+0000] {dagbag.py:588} INFO - Filling up the DagBag from /opt/airflow/dags/10_sql_operator_pro.py
[2026-09-10T21:08:06.783+0000] {processor.py:925} INFO - DAG(s) '10_sql_operator_pro' retrieved from /opt/airflow/dags/10_sql_operator_pro.py
[2026-09-10T21:08:06.819+0000] {logging_mixin.py:190} INFO - [2026-09-10T21:08:06.818+0000] {dag.py:3239} INFO - Sync 1 DAGs
[2026-09-10T21:08:06.836+0000] {logging_mixin.py:190} INFO - [2026-09-10T21:08:06.836+0000] {dag.py:4180} INFO - Setting next_dagrun for 10_sql_operator_pro to None, run_after=None
[2026-09-10T21:08:06.856+0000] {processor.py:208} INFO - Processing /opt/airflow/dags/10_sql_operator_pro.py took 0.104 seconds
[2026-09-10T21:08:37.057+0000] {processor.py:186} INFO - Started process (PID=7087) to work on /opt/airflow/dags/10_sql_operator_pro.py
[2026-09-10T21:08:37.059+0000] {processor.py:914} INFO - Processing file /opt/airflow/dags/10_sql_operator_pro.py for tasks to queue
[2026-09-10T21:08:37.063+0000] {logging_mixin.py:190} INFO - [2026-09-10T21:08:37.063+0000] {dagbag.py:588} INFO - Filling up the DagBag from /opt/airflow/dags/10_sql_operator_pro.py
[2026-09-10T21:08:37.079+0000] {processor.py:925} INFO - DAG(s) '10_sql_operator_pro' retrieved from /opt/airflow/dags/10_sql_operator_pro.py
[2026-09-10T21:08:37.120+0000] {logging_mixin.py:190} INFO - [2026-09-10T21:08:37.119+0000] {dag.py:3239} INFO - Sync 1 DAGs
[2026-09-10T21:08:37.142+0000] {logging_mixin.py:190} INFO - [2026-09-10T21:08:37.141+0000] {dag.py:4180} INFO - Setting next_dagrun for 10_sql_operator_pro to None, run_after=None
[2026-09-10T21:08:37.162+0000] {processor.py:208} INFO - Processing /opt/airflow/dags/10_sql_operator_pro.py took 0.117 seconds
[2026-09-10T21:09:08.151+0000] {processor.py:186} INFO - Started process (PID=7157) to work on /opt/airflow/dags/10_sql_operator_pro.py
[2026-09-10T21:09:08.152+0000] {processor.py:914} INFO - Processing file /opt/airflow/dags/10_sql_operator_pro.py for tasks to queue
[2026-09-10T21:09:08.157+0000] {logging_mixin.py:190} INFO - [2026-09-10T21:09:08.156+0000] {dagbag.py:588} INFO - Filling up the DagBag from /opt/airflow/dags/10_sql_operator_pro.py
[2026-09-10T21:09:08.172+0000] {processor.py:925} INFO - DAG(s) '10_sql_operator_pro' retrieved from /opt/airflow/dags/10_sql_operator_pro.py
[2026-09-10T21:09:08.206+0000] {logging_mixin.py:190} INFO - [2026-09-10T21:09:08.206+0000] {dag.py:3239} INFO - Sync 1 DAGs
[2026-09-10T21:09:08.233+0000] {logging_mixin.py:190} INFO - [2026-09-10T21:09:08.233+0000] {dag.py:4180} INFO - Setting next_dagrun for 10_sql_operator_pro to None, run_after=None
[2026-09-10T21:09:08.254+0000] {processor.py:208} INFO - Processing /opt/airflow/dags/10_sql_operator_pro.py took 0.116 seconds
[2026-09-10T21:09:38.326+0000] {processor.py:186} INFO - Started process (PID=7227) to work on /opt/airflow/dags/10_sql_operator_pro.py
[2026-09-10T21:09:38.327+0000] {processor.py:914} INFO - Processing file /opt/airflow/dags/10_sql_operator_pro.py for tasks to queue
[2026-09-10T21:09:38.330+0000] {logging_mixin.py:190} INFO - [2026-09-10T21:09:38.330+0000] {dagbag.py:588} INFO - Filling up the DagBag from /opt/airflow/dags/10_sql_operator_pro.py
[2026-09-10T21:09:38.342+0000] {processor.py:925} INFO - DAG(s) '10_sql_operator_pro' retrieved from /opt/airflow/dags/10_sql_operator_pro.py
[2026-09-10T21:09:38.377+0000] {logging_mixin.py:190} INFO - [2026-09-10T21:09:38.377+0000] {dag.py:3239} INFO - Sync 1 DAGs
[2026-09-10T21:09:38.394+0000] {logging_mixin.py:190} INFO - [2026-09-10T21:09:38.394+0000] {dag.py:4180} INFO - Setting next_dagrun for 10_sql_operator_pro to None, run_after=None
[2026-09-10T21:09:38.413+0000] {processor.py:208} INFO - Processing /opt/airflow/dags/10_sql_operator_pro.py took 0.095 seconds
[2026-09-10T21:10:08.698+0000] {processor.py:186} INFO - Started process (PID=7297) to work on /opt/airflow/dags/10_sql_operator_pro.py
[2026-09-10T21:10:08.700+0000] {processor.py:914} INFO - Processing file /opt/airflow/dags/10_sql_operator_pro.py for tasks to queue
[2026-09-10T21:10:08.705+0000] {logging_mixin.py:190} INFO - [2026-09-10T21:10:08.704+0000] {dagbag.py:588} INFO - Filling up the DagBag from /opt/airflow/dags/10_sql_operator_pro.py
[2026-09-10T21:10:08.720+0000] {processor.py:925} INFO - DAG(s) '10_sql_operator_pro' retrieved from /opt/airflow/dags/10_sql_operator_pro.py
[2026-09-10T21:10:08.767+0000] {logging_mixin.py:190} INFO - [2026-09-10T21:10:08.766+0000] {dag.py:3239} INFO - Sync 1 DAGs
[2026-09-10T21:10:08.787+0000] {logging_mixin.py:190} INFO - [2026-09-10T21:10:08.786+0000] {dag.py:4180} INFO - Setting next_dagrun for 10_sql_operator_pro to None, run_after=None
[2026-09-10T21:10:08.806+0000] {processor.py:208} INFO - Processing /opt/airflow/dags/10_sql_operator_pro.py took 0.119 seconds
[2026-09-10T21:10:38.858+0000] {processor.py:186} INFO - Started process (PID=7367) to work on /opt/airflow/dags/10_sql_operator_pro.py
[2026-09-10T21:10:38.860+0000] {processor.py:914} INFO - Processing file /opt/airflow/dags/10_sql_operator_pro.py for tasks to queue
[2026-09-10T21:10:38.864+0000] {logging_mixin.py:190} INFO - [2026-09-10T21:10:38.864+0000] {dagbag.py:588} INFO - Filling up the DagBag from /opt/airflow/dags/10_sql_operator_pro.py
[2026-09-10T21:10:38.878+0000] {processor.py:925} INFO - DAG(s) '10_sql_operator_pro' retrieved from /opt/airflow/dags/10_sql_operator_pro.py
[2026-09-10T21:10:38.914+0000] {logging_mixin.py:190} INFO - [2026-09-10T21:10:38.914+0000] {dag.py:3239} INFO - Sync 1 DAGs
[2026-09-10T21:10:38.933+0000] {logging_mixin.py:190} INFO - [2026-09-10T21:10:38.932+0000] {dag.py:4180} INFO - Setting next_dagrun for 10_sql_operator_pro to None, run_after=None
[2026-09-10T21:10:38.954+0000] {processor.py:208} INFO - Processing /opt/airflow/dags/10_sql_operator_pro.py took 0.107 seconds
[2026-09-10T21:11:09.082+0000] {processor.py:186} INFO - Started process (PID=7437) to work on /opt/airflow/dags/10_sql_operator_pro.py
[2026-09-10T21:11:09.084+0000] {processor.py:914} INFO - Processing file /opt/airflow/dags/10_sql_operator_pro.py for tasks to queue
[2026-09-10T21:11:09.088+0000] {logging_mixin.py:190} INFO - [2026-09-10T21:11:09.087+0000] {dagbag.py:588} INFO - Filling up the DagBag from /opt/airflow/dags/10_sql_operator_pro.py
[2026-09-10T21:11:09.102+0000] {processor.py:925} INFO - DAG(s) '10_sql_operator_pro' retrieved from /opt/airflow/dags/10_sql_operator_pro.py
[2026-09-10T21:11:09.143+0000] {logging_mixin.py:190} INFO - [2026-09-10T21:11:09.143+0000] {dag.py:3239} INFO - Sync 1 DAGs
[2026-09-10T21:11:09.161+0000] {logging_mixin.py:190} INFO - [2026-09-10T21:11:09.160+0000] {dag.py:4180} INFO - Setting next_dagrun for 10_sql_operator_pro to None, run_after=None
[2026-09-10T21:11:09.181+0000] {processor.py:208} INFO - Processing /opt/airflow/dags/10_sql_operator_pro.py took 0.109 seconds
[2026-09-10T21:11:39.327+0000] {processor.py:186} INFO - Started process (PID=7507) to work on /opt/airflow/dags/10_sql_operator_pro.py
[2026-09-10T21:11:39.328+0000] {processor.py:914} INFO - Processing file /opt/airflow/dags/10_sql_operator_pro.py for tasks to queue
[2026-09-10T21:11:39.331+0000] {logging_mixin.py:190} INFO - [2026-09-10T21:11:39.331+0000] {dagbag.py:588} INFO - Filling up the DagBag from /opt/airflow/dags/10_sql_operator_pro.py
[2026-09-10T21:11:39.343+0000] {processor.py:925} INFO - DAG(s) '10_sql_operator_pro' retrieved from /opt/airflow/dags/10_sql_operator_pro.py
[2026-09-10T21:11:39.379+0000] {logging_mixin.py:190} INFO - [2026-09-10T21:11:39.379+0000] {dag.py:3239} INFO - Sync 1 DAGs
[2026-09-10T21:11:39.400+0000] {logging_mixin.py:190} INFO - [2026-09-10T21:11:39.399+0000] {dag.py:4180} INFO - Setting next_dagrun for 10_sql_operator_pro to None, run_after=None
[2026-09-10T21:11:39.446+0000] {processor.py:208} INFO - Processing /opt/airflow/dags/10_sql_operator_pro.py took 0.126 seconds
[2026-09-10T21:12:10.333+0000] {processor.py:186} INFO - Started process (PID=7577) to work on /opt/airflow/dags/10_sql_operator_pro.py
[2026-09-10T21:12:10.334+0000] {processor.py:914} INFO - Processing file /opt/airflow/dags/10_sql_operator_pro.py for tasks to queue
[2026-09-10T21:12:10.337+0000] {logging_mixin.py:190} INFO - [2026-09-10T21:12:10.336+0000] {dagbag.py:588} INFO - Filling up the DagBag from /opt/airflow/dags/10_sql_operator_pro.py
[2026-09-10T21:12:10.348+0000] {processor.py:925} INFO - DAG(s) '10_sql_operator_pro' retrieved from /opt/airflow/dags/10_sql_operator_pro.py
[2026-09-10T21:12:10.383+0000] {logging_mixin.py:190} INFO - [2026-09-10T21:12:10.382+0000] {dag.py:3239} INFO - Sync 1 DAGs
[2026-09-10T21:12:10.402+0000] {logging_mixin.py:190} INFO - [2026-09-10T21:12:10.401+0000] {dag.py:4180} INFO - Setting next_dagrun for 10_sql_operator_pro to None, run_after=None
[2026-09-10T21:12:10.422+0000] {processor.py:208} INFO - Processing /opt/airflow/dags/10_sql_operator_pro.py took 0.096 seconds
[2026-09-10T21:12:40.491+0000] {processor.py:186} INFO - Started process (PID=7647) to work on /opt/airflow/dags/10_sql_operator_pro.py
[2026-09-10T21:12:40.492+0000] {processor.py:914} INFO - Processing file /opt/airflow/dags/10_sql_operator_pro.py for tasks to queue
[2026-09-10T21:12:40.495+0000] {logging_mixin.py:190} INFO - [2026-09-10T21:12:40.495+0000] {dagbag.py:588} INFO - Filling up the DagBag from /opt/airflow/dags/10_sql_operator_pro.py
[2026-09-10T21:12:40.508+0000] {processor.py:925} INFO - DAG(s) '10_sql_operator_pro' retrieved from /opt/airflow/dags/10_sql_operator_pro.py
[2026-09-10T21:12:40.546+0000] {logging_mixin.py:190} INFO - [2026-09-10T21:12:40.546+0000] {dag.py:3239} INFO - Sync 1 DAGs
[2026-09-10T21:12:40.563+0000] {logging_mixin.py:190} INFO - [2026-09-10T21:12:40.562+0000] {dag.py:4180} INFO - Setting next_dagrun for 10_sql_operator_pro to None, run_after=None
[2026-09-10T21:12:40.583+0000] {processor.py:208} INFO - Processing /opt/airflow/dags/10_sql_operator_pro.py took 0.101 seconds
[2026-09-10T21:13:10.720+0000] {processor.py:186} INFO - Started process (PID=7717) to work on /opt/airflow/dags/10_sql_operator_pro.py
[2026-09-10T21:13:10.721+0000] {processor.py:914} INFO - Processing file /opt/airflow/dags/10_sql_operator_pro.py for tasks to queue
[2026-09-10T21:13:10.725+0000] {logging_mixin.py:190} INFO - [2026-09-10T21:13:10.724+0000] {dagbag.py:588} INFO - Filling up the DagBag from /opt/airflow/dags/10_sql_operator_pro.py
[2026-09-10T21:13:10.737+0000] {processor.py:925} INFO - DAG(s) '10_sql_operator_pro' retrieved from /opt/airflow/dags/10_sql_operator_pro.py
[2026-09-10T21:13:10.773+0000] {logging_mixin.py:190} INFO - [2026-09-10T21:13:10.772+0000] {dag.py:3239} INFO - Sync 1 DAGs
[2026-09-10T21:13:10.789+0000] {logging_mixin.py:190} INFO - [2026-09-10T21:13:10.789+0000] {dag.py:4180} INFO - Setting next_dagrun for 10_sql_operator_pro to None, run_after=None
[2026-09-10T21:13:10.809+0000] {processor.py:208} INFO - Processing /opt/airflow/dags/10_sql_operator_pro.py took 0.097 seconds
[2026-09-10T21:13:41.508+0000] {processor.py:186} INFO - Started process (PID=7787) to work on /opt/airflow/dags/10_sql_operator_pro.py
[2026-09-10T21:13:41.509+0000] {processor.py:914} INFO - Processing file /opt/airflow/dags/10_sql_operator_pro.py for tasks to queue
[2026-09-10T21:13:41.512+0000] {logging_mixin.py:190} INFO - [2026-09-10T21:13:41.512+0000] {dagbag.py:588} INFO - Filling up the DagBag from /opt/airflow/dags/10_sql_operator_pro.py
[2026-09-10T21:13:41.527+0000] {processor.py:925} INFO - DAG(s) '10_sql_operator_pro' retrieved from /opt/airflow/dags/10_sql_operator_pro.py
[2026-09-10T21:13:41.566+0000] {logging_mixin.py:190} INFO - [2026-09-10T21:13:41.566+0000] {dag.py:3239} INFO - Sync 1 DAGs
[2026-09-10T21:13:41.583+0000] {logging_mixin.py:190} INFO - [2026-09-10T21:13:41.583+0000] {dag.py:4180} INFO - Setting next_dagrun for 10_sql_operator_pro to None, run_after=None
[2026-09-10T21:13:41.604+0000] {processor.py:208} INFO - Processing /opt/airflow/dags/10_sql_operator_pro.py took 0.105 seconds
[2026-09-10T21:14:11.917+0000] {processor.py:186} INFO - Started process (PID=7857) to work on /opt/airflow/dags/10_sql_operator_pro.py
[2026-09-10T21:14:11.918+0000] {processor.py:914} INFO - Processing file /opt/airflow/dags/10_sql_operator_pro.py for tasks to queue
[2026-09-10T21:14:11.921+0000] {logging_mixin.py:190} INFO - [2026-09-10T21:14:11.921+0000] {dagbag.py:588} INFO - Filling up the DagBag from /opt/airflow/dags/10_sql_operator_pro.py
[2026-09-10T21:14:11.936+0000] {processor.py:925} INFO - DAG(s) '10_sql_operator_pro' retrieved from /opt/airflow/dags/10_sql_operator_pro.py
[2026-09-10T21:14:11.973+0000] {logging_mixin.py:190} INFO - [2026-09-10T21:14:11.973+0000] {dag.py:3239} INFO - Sync 1 DAGs
[2026-09-10T21:14:11.990+0000] {logging_mixin.py:190} INFO - [2026-09-10T21:14:11.990+0000] {dag.py:4180} INFO - Setting next_dagrun for 10_sql_operator_pro to None, run_after=None
[2026-09-10T21:14:12.200+0000] {processor.py:208} INFO - Processing /opt/airflow/dags/10_sql_operator_pro.py took 0.292 seconds
[2026-09-10T21:14:42.302+0000] {processor.py:186} INFO - Started process (PID=7929) to work on /opt/airflow/dags/10_sql_operator_pro.py
[2026-09-10T21:14:42.303+0000] {processor.py:914} INFO - Processing file /opt/airflow/dags/10_sql_operator_pro.py for tasks to queue
[2026-09-10T21:14:42.306+0000] {logging_mixin.py:190} INFO - [2026-09-10T21:14:42.306+0000] {dagbag.py:588} INFO - Filling up the DagBag from /opt/airflow/dags/10_sql_operator_pro.py
[2026-09-10T21:14:42.318+0000] {processor.py:925} INFO - DAG(s) '10_sql_operator_pro' retrieved from /opt/airflow/dags/10_sql_operator_pro.py
[2026-09-10T21:14:42.359+0000] {logging_mixin.py:190} INFO - [2026-09-10T21:14:42.358+0000] {dag.py:3239} INFO - Sync 1 DAGs
[2026-09-10T21:14:42.380+0000] {logging_mixin.py:190} INFO - [2026-09-10T21:14:42.380+0000] {dag.py:4180} INFO - Setting next_dagrun for 10_sql_operator_pro to None, run_after=None
[2026-09-10T21:14:42.399+0000] {processor.py:208} INFO - Processing /opt/airflow/dags/10_sql_operator_pro.py took 0.105 seconds
[2026-09-10T21:15:13.710+0000] {processor.py:186} INFO - Started process (PID=7999) to work on /opt/airflow/dags/10_sql_operator_pro.py
[2026-09-10T21:15:13.712+0000] {processor.py:914} INFO - Processing file /opt/airflow/dags/10_sql_operator_pro.py for tasks to queue
[2026-09-10T21:15:13.717+0000] {logging_mixin.py:190} INFO - [2026-09-10T21:15:13.717+0000] {dagbag.py:588} INFO - Filling up the DagBag from /opt/airflow/dags/10_sql_operator_pro.py
[2026-09-10T21:15:13.744+0000] {processor.py:925} INFO - DAG(s) '10_sql_operator_pro' retrieved from /opt/airflow/dags/10_sql_operator_pro.py
[2026-09-10T21:15:14.236+0000] {logging_mixin.py:190} INFO - [2026-09-10T21:15:14.236+0000] {dag.py:3239} INFO - Sync 1 DAGs
[2026-09-10T21:15:14.269+0000] {logging_mixin.py:190} INFO - [2026-09-10T21:15:14.269+0000] {dag.py:4180} INFO - Setting next_dagrun for 10_sql_operator_pro to None, run_after=None
[2026-09-10T21:15:14.302+0000] {processor.py:208} INFO - Processing /opt/airflow/dags/10_sql_operator_pro.py took 0.607 seconds
[2026-09-10T21:15:45.301+0000] {processor.py:186} INFO - Started process (PID=8069) to work on /opt/airflow/dags/10_sql_operator_pro.py
[2026-09-10T21:15:45.302+0000] {processor.py:914} INFO - Processing file /opt/airflow/dags/10_sql_operator_pro.py for tasks to queue
[2026-09-10T21:15:45.305+0000] {logging_mixin.py:190} INFO - [2026-09-10T21:15:45.305+0000] {dagbag.py:588} INFO - Filling up the DagBag from /opt/airflow/dags/10_sql_operator_pro.py
[2026-09-10T21:15:45.321+0000] {processor.py:925} INFO - DAG(s) '10_sql_operator_pro' retrieved from /opt/airflow/dags/10_sql_operator_pro.py
[2026-09-10T21:15:45.358+0000] {logging_mixin.py:190} INFO - [2026-09-10T21:15:45.358+0000] {dag.py:3239} INFO - Sync 1 DAGs
[2026-09-10T21:15:45.378+0000] {logging_mixin.py:190} INFO - [2026-09-10T21:15:45.378+0000] {dag.py:4180} INFO - Setting next_dagrun for 10_sql_operator_pro to None, run_after=None
[2026-09-10T21:15:45.407+0000] {processor.py:208} INFO - Processing /opt/airflow/dags/10_sql_operator_pro.py took 0.116 seconds
[2026-09-10T21:16:15.527+0000] {processor.py:186} INFO - Started process (PID=8139) to work on /opt/airflow/dags/10_sql_operator_pro.py
[2026-09-10T21:16:15.529+0000] {processor.py:914} INFO - Processing file /opt/airflow/dags/10_sql_operator_pro.py for tasks to queue
[2026-09-10T21:16:15.532+0000] {logging_mixin.py:190} INFO - [2026-09-10T21:16:15.532+0000] {dagbag.py:588} INFO - Filling up the DagBag from /opt/airflow/dags/10_sql_operator_pro.py
[2026-09-10T21:16:15.544+0000] {processor.py:925} INFO - DAG(s) '10_sql_operator_pro' retrieved from /opt/airflow/dags/10_sql_operator_pro.py
[2026-09-10T21:16:15.578+0000] {logging_mixin.py:190} INFO - [2026-09-10T21:16:15.578+0000] {dag.py:3239} INFO - Sync 1 DAGs
[2026-09-10T21:16:15.593+0000] {logging_mixin.py:190} INFO - [2026-09-10T21:16:15.593+0000] {dag.py:4180} INFO - Setting next_dagrun for 10_sql_operator_pro to None, run_after=None
[2026-09-10T21:16:15.613+0000] {processor.py:208} INFO - Processing /opt/airflow/dags/10_sql_operator_pro.py took 0.096 seconds
[2026-09-10T21:16:45.664+0000] {processor.py:186} INFO - Started process (PID=8209) to work on /opt/airflow/dags/10_sql_operator_pro.py
[2026-09-10T21:16:45.665+0000] {processor.py:914} INFO - Processing file /opt/airflow/dags/10_sql_operator_pro.py for tasks to queue
[2026-09-10T21:16:45.668+0000] {logging_mixin.py:190} INFO - [2026-09-10T21:16:45.668+0000] {dagbag.py:588} INFO - Filling up the DagBag from /opt/airflow/dags/10_sql_operator_pro.py
[2026-09-10T21:16:45.680+0000] {processor.py:925} INFO - DAG(s) '10_sql_operator_pro' retrieved from /opt/airflow/dags/10_sql_operator_pro.py
[2026-09-10T21:16:45.716+0000] {logging_mixin.py:190} INFO - [2026-09-10T21:16:45.716+0000] {dag.py:3239} INFO - Sync 1 DAGs
[2026-09-10T21:16:45.732+0000] {logging_mixin.py:190} INFO - [2026-09-10T21:16:45.732+0000] {dag.py:4180} INFO - Setting next_dagrun for 10_sql_operator_pro to None, run_after=None
[2026-09-10T21:16:45.754+0000] {processor.py:208} INFO - Processing /opt/airflow/dags/10_sql_operator_pro.py took 0.097 seconds
[2026-09-10T21:17:15.850+0000] {processor.py:186} INFO - Started process (PID=8279) to work on /opt/airflow/dags/10_sql_operator_pro.py
[2026-09-10T21:17:15.852+0000] {processor.py:914} INFO - Processing file /opt/airflow/dags/10_sql_operator_pro.py for tasks to queue
[2026-09-10T21:17:15.855+0000] {logging_mixin.py:190} INFO - [2026-09-10T21:17:15.855+0000] {dagbag.py:588} INFO - Filling up the DagBag from /opt/airflow/dags/10_sql_operator_pro.py
[2026-09-10T21:17:15.867+0000] {processor.py:925} INFO - DAG(s) '10_sql_operator_pro' retrieved from /opt/airflow/dags/10_sql_operator_pro.py
[2026-09-10T21:17:15.903+0000] {logging_mixin.py:190} INFO - [2026-09-10T21:17:15.903+0000] {dag.py:3239} INFO - Sync 1 DAGs
[2026-09-10T21:17:15.920+0000] {logging_mixin.py:190} INFO - [2026-09-10T21:17:15.920+0000] {dag.py:4180} INFO - Setting next_dagrun for 10_sql_operator_pro to None, run_after=None
[2026-09-10T21:17:15.941+0000] {processor.py:208} INFO - Processing /opt/airflow/dags/10_sql_operator_pro.py took 0.101 seconds
[2026-09-10T21:17:46.027+0000] {processor.py:186} INFO - Started process (PID=8349) to work on /opt/airflow/dags/10_sql_operator_pro.py
[2026-09-10T21:17:46.027+0000] {processor.py:914} INFO - Processing file /opt/airflow/dags/10_sql_operator_pro.py for tasks to queue
[2026-09-10T21:17:46.030+0000] {logging_mixin.py:190} INFO - [2026-09-10T21:17:46.030+0000] {dagbag.py:588} INFO - Filling up the DagBag from /opt/airflow/dags/10_sql_operator_pro.py
[2026-09-10T21:17:46.042+0000] {processor.py:925} INFO - DAG(s) '10_sql_operator_pro' retrieved from /opt/airflow/dags/10_sql_operator_pro.py
[2026-09-10T21:17:46.077+0000] {logging_mixin.py:190} INFO - [2026-09-10T21:17:46.077+0000] {dag.py:3239} INFO - Sync 1 DAGs
[2026-09-10T21:17:46.096+0000] {logging_mixin.py:190} INFO - [2026-09-10T21:17:46.096+0000] {dag.py:4180} INFO - Setting next_dagrun for 10_sql_operator_pro to None, run_after=None
[2026-09-10T21:17:46.116+0000] {processor.py:208} INFO - Processing /opt/airflow/dags/10_sql_operator_pro.py took 0.097 seconds
[2026-09-10T21:18:16.233+0000] {processor.py:186} INFO - Started process (PID=8419) to work on /opt/airflow/dags/10_sql_operator_pro.py
[2026-09-10T21:18:16.235+0000] {processor.py:914} INFO - Processing file /opt/airflow/dags/10_sql_operator_pro.py for tasks to queue
[2026-09-10T21:18:16.238+0000] {logging_mixin.py:190} INFO - [2026-09-10T21:18:16.238+0000] {dagbag.py:588} INFO - Filling up the DagBag from /opt/airflow/dags/10_sql_operator_pro.py
[2026-09-10T21:18:16.250+0000] {processor.py:925} INFO - DAG(s) '10_sql_operator_pro' retrieved from /opt/airflow/dags/10_sql_operator_pro.py
[2026-09-10T21:18:16.283+0000] {logging_mixin.py:190} INFO - [2026-09-10T21:18:16.282+0000] {dag.py:3239} INFO - Sync 1 DAGs
[2026-09-10T21:18:16.297+0000] {logging_mixin.py:190} INFO - [2026-09-10T21:18:16.297+0000] {dag.py:4180} INFO - Setting next_dagrun for 10_sql_operator_pro to None, run_after=None
[2026-09-10T21:18:16.316+0000] {processor.py:208} INFO - Processing /opt/airflow/dags/10_sql_operator_pro.py took 0.092 seconds
[2026-09-10T21:18:46.371+0000] {processor.py:186} INFO - Started process (PID=8489) to work on /opt/airflow/dags/10_sql_operator_pro.py
[2026-09-10T21:18:46.373+0000] {processor.py:914} INFO - Processing file /opt/airflow/dags/10_sql_operator_pro.py for tasks to queue
[2026-09-10T21:18:46.376+0000] {logging_mixin.py:190} INFO - [2026-09-10T21:18:46.375+0000] {dagbag.py:588} INFO - Filling up the DagBag from /opt/airflow/dags/10_sql_operator_pro.py
[2026-09-10T21:18:46.386+0000] {processor.py:925} INFO - DAG(s) '10_sql_operator_pro' retrieved from /opt/airflow/dags/10_sql_operator_pro.py
[2026-09-10T21:18:46.421+0000] {logging_mixin.py:190} INFO - [2026-09-10T21:18:46.421+0000] {dag.py:3239} INFO - Sync 1 DAGs
[2026-09-10T21:18:46.438+0000] {logging_mixin.py:190} INFO - [2026-09-10T21:18:46.437+0000] {dag.py:4180} INFO - Setting next_dagrun for 10_sql_operator_pro to None, run_after=None
[2026-09-10T21:18:46.458+0000] {processor.py:208} INFO - Processing /opt/airflow/dags/10_sql_operator_pro.py took 0.095 seconds
[2026-09-10T21:19:16.535+0000] {processor.py:186} INFO - Started process (PID=8559) to work on /opt/airflow/dags/10_sql_operator_pro.py
[2026-09-10T21:19:16.536+0000] {processor.py:914} INFO - Processing file /opt/airflow/dags/10_sql_operator_pro.py for tasks to queue
[2026-09-10T21:19:16.538+0000] {logging_mixin.py:190} INFO - [2026-09-10T21:19:16.538+0000] {dagbag.py:588} INFO - Filling up the DagBag from /opt/airflow/dags/10_sql_operator_pro.py
[2026-09-10T21:19:16.549+0000] {processor.py:925} INFO - DAG(s) '10_sql_operator_pro' retrieved from /opt/airflow/dags/10_sql_operator_pro.py
[2026-09-10T21:19:16.582+0000] {logging_mixin.py:190} INFO - [2026-09-10T21:19:16.582+0000] {dag.py:3239} INFO - Sync 1 DAGs
[2026-09-10T21:19:16.597+0000] {logging_mixin.py:190} INFO - [2026-09-10T21:19:16.597+0000] {dag.py:4180} INFO - Setting next_dagrun for 10_sql_operator_pro to None, run_after=None
[2026-09-10T21:19:16.614+0000] {processor.py:208} INFO - Processing /opt/airflow/dags/10_sql_operator_pro.py took 0.087 seconds
[2026-09-10T21:19:46.715+0000] {processor.py:186} INFO - Started process (PID=8627) to work on /opt/airflow/dags/10_sql_operator_pro.py
[2026-09-10T21:19:46.716+0000] {processor.py:914} INFO - Processing file /opt/airflow/dags/10_sql_operator_pro.py for tasks to queue
[2026-09-10T21:19:46.720+0000] {logging_mixin.py:190} INFO - [2026-09-10T21:19:46.719+0000] {dagbag.py:588} INFO - Filling up the DagBag from /opt/airflow/dags/10_sql_operator_pro.py
[2026-09-10T21:19:46.740+0000] {processor.py:925} INFO - DAG(s) '10_sql_operator_pro' retrieved from /opt/airflow/dags/10_sql_operator_pro.py
[2026-09-10T21:19:46.791+0000] {logging_mixin.py:190} INFO - [2026-09-10T21:19:46.791+0000] {dag.py:3239} INFO - Sync 1 DAGs
[2026-09-10T21:19:46.813+0000] {logging_mixin.py:190} INFO - [2026-09-10T21:19:46.813+0000] {dag.py:4180} INFO - Setting next_dagrun for 10_sql_operator_pro to None, run_after=None
[2026-09-10T21:19:46.835+0000] {processor.py:208} INFO - Processing /opt/airflow/dags/10_sql_operator_pro.py took 0.131 seconds
[2026-09-10T21:20:17.006+0000] {processor.py:186} INFO - Started process (PID=8699) to work on /opt/airflow/dags/10_sql_operator_pro.py
[2026-09-10T21:20:17.007+0000] {processor.py:914} INFO - Processing file /opt/airflow/dags/10_sql_operator_pro.py for tasks to queue
[2026-09-10T21:20:17.009+0000] {logging_mixin.py:190} INFO - [2026-09-10T21:20:17.009+0000] {dagbag.py:588} INFO - Filling up the DagBag from /opt/airflow/dags/10_sql_operator_pro.py
[2026-09-10T21:20:17.024+0000] {processor.py:925} INFO - DAG(s) '10_sql_operator_pro' retrieved from /opt/airflow/dags/10_sql_operator_pro.py
[2026-09-10T21:20:17.059+0000] {logging_mixin.py:190} INFO - [2026-09-10T21:20:17.059+0000] {dag.py:3239} INFO - Sync 1 DAGs
[2026-09-10T21:20:17.074+0000] {logging_mixin.py:190} INFO - [2026-09-10T21:20:17.074+0000] {dag.py:4180} INFO - Setting next_dagrun for 10_sql_operator_pro to None, run_after=None
[2026-09-10T21:20:17.092+0000] {processor.py:208} INFO - Processing /opt/airflow/dags/10_sql_operator_pro.py took 0.096 seconds
[2026-09-10T21:20:47.192+0000] {processor.py:186} INFO - Started process (PID=8769) to work on /opt/airflow/dags/10_sql_operator_pro.py
[2026-09-10T21:20:47.193+0000] {processor.py:914} INFO - Processing file /opt/airflow/dags/10_sql_operator_pro.py for tasks to queue
[2026-09-10T21:20:47.196+0000] {logging_mixin.py:190} INFO - [2026-09-10T21:20:47.195+0000] {dagbag.py:588} INFO - Filling up the DagBag from /opt/airflow/dags/10_sql_operator_pro.py
[2026-09-10T21:20:47.207+0000] {processor.py:925} INFO - DAG(s) '10_sql_operator_pro' retrieved from /opt/airflow/dags/10_sql_operator_pro.py
[2026-09-10T21:20:47.239+0000] {logging_mixin.py:190} INFO - [2026-09-10T21:20:47.239+0000] {dag.py:3239} INFO - Sync 1 DAGs
[2026-09-10T21:20:47.254+0000] {logging_mixin.py:190} INFO - [2026-09-10T21:20:47.254+0000] {dag.py:4180} INFO - Setting next_dagrun for 10_sql_operator_pro to None, run_after=None
[2026-09-10T21:20:47.272+0000] {processor.py:208} INFO - Processing /opt/airflow/dags/10_sql_operator_pro.py took 0.088 seconds
