[2026-09-10T20:19:03.589+0000] {processor.py:186} INFO - Started process (PID=176) to work on /opt/airflow/dags/1101_trigger_producer.py
[2026-09-10T20:19:03.590+0000] {processor.py:914} INFO - Processing file /opt/airflow/dags/1101_trigger_producer.py for tasks to queue
[2026-09-10T20:19:03.594+0000] {logging_mixin.py:190} INFO - [2026-09-10T20:19:03.593+0000] {dagbag.py:588} INFO - Filling up the DagBag from /opt/airflow/dags/1101_trigger_producer.py
[2026-09-10T20:19:03.611+0000] {processor.py:925} INFO - DAG(s) '1101_trigger_producer' retrieved from /opt/airflow/dags/1101_trigger_producer.py
[2026-09-10T20:19:03.846+0000] {logging_mixin.py:190} INFO - [2026-09-10T20:19:03.844+0000] {override.py:1911} INFO - Created Permission View: can read on DAG:1101_trigger_producer
[2026-09-10T20:19:03.869+0000] {logging_mixin.py:190} INFO - [2026-09-10T20:19:03.869+0000] {override.py:1911} INFO - Created Permission View: can delete on DAG:1101_trigger_producer
[2026-09-10T20:19:03.877+0000] {logging_mixin.py:190} INFO - [2026-09-10T20:19:03.877+0000] {override.py:1911} INFO - Created Permission View: can edit on DAG:1101_trigger_producer
[2026-09-10T20:19:03.885+0000] {logging_mixin.py:190} INFO - [2026-09-10T20:19:03.885+0000] {override.py:1911} INFO - Created Permission View: can read on DAG Run:1101_trigger_producer
[2026-09-10T20:19:03.892+0000] {logging_mixin.py:190} INFO - [2026-09-10T20:19:03.891+0000] {override.py:1911} INFO - Created Permission View: menu access on DAG Run:1101_trigger_producer
[2026-09-10T20:19:03.899+0000] {logging_mixin.py:190} INFO - [2026-09-10T20:19:03.898+0000] {override.py:1911} INFO - Created Permission View: can delete on DAG Run:1101_trigger_producer
[2026-09-10T20:19:03.907+0000] {logging_mixin.py:190} INFO - [2026-09-10T20:19:03.907+0000] {override.py:1911} INFO - Created Permission View: can create on DAG Run:1101_trigger_producer
[2026-09-10T20:19:03.909+0000] {logging_mixin.py:190} INFO - [2026-09-10T20:19:03.908+0000] {dag.py:3239} INFO - Sync 1 DAGs
[2026-09-10T20:19:03.929+0000] {logging_mixin.py:190} INFO - [2026-09-10T20:19:03.928+0000] {dag.py:3262} INFO - Creating ORM DAG for 1101_trigger_producer
[2026-09-10T20:19:03.930+0000] {logging_mixin.py:190} INFO - [2026-09-10T20:19:03.929+0000] {dag.py:4180} INFO - Setting next_dagrun for 1101_trigger_producer to None, run_after=None
[2026-09-10T20:19:03.958+0000] {processor.py:208} INFO - Processing /opt/airflow/dags/1101_trigger_producer.py took 0.379 seconds
[2026-09-10T20:19:34.371+0000] {processor.py:186} INFO - Started process (PID=246) to work on /opt/airflow/dags/1101_trigger_producer.py
[2026-09-10T20:19:34.372+0000] {processor.py:914} INFO - Processing file /opt/airflow/dags/1101_trigger_producer.py for tasks to queue
[2026-09-10T20:19:34.375+0000] {logging_mixin.py:190} INFO - [2026-09-10T20:19:34.375+0000] {dagbag.py:588} INFO - Filling up the DagBag from /opt/airflow/dags/1101_trigger_producer.py
[2026-09-10T20:19:34.385+0000] {processor.py:925} INFO - DAG(s) '1101_trigger_producer' retrieved from /opt/airflow/dags/1101_trigger_producer.py
[2026-09-10T20:19:34.420+0000] {logging_mixin.py:190} INFO - [2026-09-10T20:19:34.420+0000] {dag.py:3239} INFO - Sync 1 DAGs
[2026-09-10T20:19:34.437+0000] {logging_mixin.py:190} INFO - [2026-09-10T20:19:34.437+0000] {dag.py:4180} INFO - Setting next_dagrun for 1101_trigger_producer to None, run_after=None
[2026-09-10T20:19:34.461+0000] {processor.py:208} INFO - Processing /opt/airflow/dags/1101_trigger_producer.py took 0.098 seconds
[2026-09-10T20:20:04.589+0000] {processor.py:186} INFO - Started process (PID=316) to work on /opt/airflow/dags/1101_trigger_producer.py
[2026-09-10T20:20:04.591+0000] {processor.py:914} INFO - Processing file /opt/airflow/dags/1101_trigger_producer.py for tasks to queue
[2026-09-10T20:20:04.595+0000] {logging_mixin.py:190} INFO - [2026-09-10T20:20:04.594+0000] {dagbag.py:588} INFO - Filling up the DagBag from /opt/airflow/dags/1101_trigger_producer.py
[2026-09-10T20:20:04.606+0000] {processor.py:925} INFO - DAG(s) '1101_trigger_producer' retrieved from /opt/airflow/dags/1101_trigger_producer.py
[2026-09-10T20:20:04.635+0000] {logging_mixin.py:190} INFO - [2026-09-10T20:20:04.635+0000] {dag.py:3239} INFO - Sync 1 DAGs
[2026-09-10T20:20:04.656+0000] {logging_mixin.py:190} INFO - [2026-09-10T20:20:04.656+0000] {dag.py:4180} INFO - Setting next_dagrun for 1101_trigger_producer to None, run_after=None
[2026-09-10T20:20:04.684+0000] {processor.py:208} INFO - Processing /opt/airflow/dags/1101_trigger_producer.py took 0.106 seconds
[2026-09-10T20:20:34.881+0000] {processor.py:186} INFO - Started process (PID=386) to work on /opt/airflow/dags/1101_trigger_producer.py
[2026-09-10T20:20:34.883+0000] {processor.py:914} INFO - Processing file /opt/airflow/dags/1101_trigger_producer.py for tasks to queue
[2026-09-10T20:20:34.886+0000] {logging_mixin.py:190} INFO - [2026-09-10T20:20:34.886+0000] {dagbag.py:588} INFO - Filling up the DagBag from /opt/airflow/dags/1101_trigger_producer.py
[2026-09-10T20:20:34.899+0000] {processor.py:925} INFO - DAG(s) '1101_trigger_producer' retrieved from /opt/airflow/dags/1101_trigger_producer.py
[2026-09-10T20:20:34.934+0000] {logging_mixin.py:190} INFO - [2026-09-10T20:20:34.933+0000] {dag.py:3239} INFO - Sync 1 DAGs
[2026-09-10T20:20:34.950+0000] {logging_mixin.py:190} INFO - [2026-09-10T20:20:34.950+0000] {dag.py:4180} INFO - Setting next_dagrun for 1101_trigger_producer to None, run_after=None
[2026-09-10T20:20:34.976+0000] {processor.py:208} INFO - Processing /opt/airflow/dags/1101_trigger_producer.py took 0.105 seconds
[2026-09-10T20:21:05.091+0000] {processor.py:186} INFO - Started process (PID=456) to work on /opt/airflow/dags/1101_trigger_producer.py
[2026-09-10T20:21:05.092+0000] {processor.py:914} INFO - Processing file /opt/airflow/dags/1101_trigger_producer.py for tasks to queue
[2026-09-10T20:21:05.095+0000] {logging_mixin.py:190} INFO - [2026-09-10T20:21:05.095+0000] {dagbag.py:588} INFO - Filling up the DagBag from /opt/airflow/dags/1101_trigger_producer.py
[2026-09-10T20:21:05.111+0000] {processor.py:925} INFO - DAG(s) '1101_trigger_producer' retrieved from /opt/airflow/dags/1101_trigger_producer.py
[2026-09-10T20:21:05.150+0000] {logging_mixin.py:190} INFO - [2026-09-10T20:21:05.150+0000] {dag.py:3239} INFO - Sync 1 DAGs
[2026-09-10T20:21:05.175+0000] {logging_mixin.py:190} INFO - [2026-09-10T20:21:05.175+0000] {dag.py:4180} INFO - Setting next_dagrun for 1101_trigger_producer to None, run_after=None
[2026-09-10T20:21:05.440+0000] {processor.py:208} INFO - Processing /opt/airflow/dags/1101_trigger_producer.py took 0.360 seconds
[2026-09-10T20:21:35.521+0000] {processor.py:186} INFO - Started process (PID=523) to work on /opt/airflow/dags/1101_trigger_producer.py
[2026-09-10T20:21:35.523+0000] {processor.py:914} INFO - Processing file /opt/airflow/dags/1101_trigger_producer.py for tasks to queue
[2026-09-10T20:21:35.529+0000] {logging_mixin.py:190} INFO - [2026-09-10T20:21:35.527+0000] {dagbag.py:588} INFO - Filling up the DagBag from /opt/airflow/dags/1101_trigger_producer.py
[2026-09-10T20:21:35.553+0000] {processor.py:925} INFO - DAG(s) '1101_trigger_producer' retrieved from /opt/airflow/dags/1101_trigger_producer.py
[2026-09-10T20:21:35.613+0000] {logging_mixin.py:190} INFO - [2026-09-10T20:21:35.612+0000] {dag.py:3239} INFO - Sync 1 DAGs
[2026-09-10T20:21:35.652+0000] {logging_mixin.py:190} INFO - [2026-09-10T20:21:35.652+0000] {dag.py:4180} INFO - Setting next_dagrun for 1101_trigger_producer to None, run_after=None
[2026-09-10T20:21:35.696+0000] {processor.py:208} INFO - Processing /opt/airflow/dags/1101_trigger_producer.py took 0.189 seconds
[2026-09-10T20:22:06.340+0000] {processor.py:186} INFO - Started process (PID=596) to work on /opt/airflow/dags/1101_trigger_producer.py
[2026-09-10T20:22:06.342+0000] {processor.py:914} INFO - Processing file /opt/airflow/dags/1101_trigger_producer.py for tasks to queue
[2026-09-10T20:22:06.345+0000] {logging_mixin.py:190} INFO - [2026-09-10T20:22:06.344+0000] {dagbag.py:588} INFO - Filling up the DagBag from /opt/airflow/dags/1101_trigger_producer.py
[2026-09-10T20:22:06.355+0000] {processor.py:925} INFO - DAG(s) '1101_trigger_producer' retrieved from /opt/airflow/dags/1101_trigger_producer.py
[2026-09-10T20:22:06.389+0000] {logging_mixin.py:190} INFO - [2026-09-10T20:22:06.389+0000] {dag.py:3239} INFO - Sync 1 DAGs
[2026-09-10T20:22:06.605+0000] {logging_mixin.py:190} INFO - [2026-09-10T20:22:06.604+0000] {dag.py:4180} INFO - Setting next_dagrun for 1101_trigger_producer to None, run_after=None
[2026-09-10T20:22:06.629+0000] {processor.py:208} INFO - Processing /opt/airflow/dags/1101_trigger_producer.py took 0.297 seconds
[2026-09-10T20:22:37.090+0000] {processor.py:186} INFO - Started process (PID=666) to work on /opt/airflow/dags/1101_trigger_producer.py
[2026-09-10T20:22:37.092+0000] {processor.py:914} INFO - Processing file /opt/airflow/dags/1101_trigger_producer.py for tasks to queue
[2026-09-10T20:22:37.100+0000] {logging_mixin.py:190} INFO - [2026-09-10T20:22:37.099+0000] {dagbag.py:588} INFO - Filling up the DagBag from /opt/airflow/dags/1101_trigger_producer.py
[2026-09-10T20:22:37.112+0000] {processor.py:925} INFO - DAG(s) '1101_trigger_producer' retrieved from /opt/airflow/dags/1101_trigger_producer.py
[2026-09-10T20:22:37.153+0000] {logging_mixin.py:190} INFO - [2026-09-10T20:22:37.153+0000] {dag.py:3239} INFO - Sync 1 DAGs
[2026-09-10T20:22:37.172+0000] {logging_mixin.py:190} INFO - [2026-09-10T20:22:37.172+0000] {dag.py:4180} INFO - Setting next_dagrun for 1101_trigger_producer to None, run_after=None
[2026-09-10T20:22:37.208+0000] {processor.py:208} INFO - Processing /opt/airflow/dags/1101_trigger_producer.py took 0.128 seconds
[2026-09-10T20:23:07.608+0000] {processor.py:186} INFO - Started process (PID=736) to work on /opt/airflow/dags/1101_trigger_producer.py
[2026-09-10T20:23:07.611+0000] {processor.py:914} INFO - Processing file /opt/airflow/dags/1101_trigger_producer.py for tasks to queue
[2026-09-10T20:23:07.616+0000] {logging_mixin.py:190} INFO - [2026-09-10T20:23:07.615+0000] {dagbag.py:588} INFO - Filling up the DagBag from /opt/airflow/dags/1101_trigger_producer.py
[2026-09-10T20:23:07.649+0000] {processor.py:925} INFO - DAG(s) '1101_trigger_producer' retrieved from /opt/airflow/dags/1101_trigger_producer.py
[2026-09-10T20:23:07.758+0000] {logging_mixin.py:190} INFO - [2026-09-10T20:23:07.758+0000] {dag.py:3239} INFO - Sync 1 DAGs
[2026-09-10T20:23:07.795+0000] {logging_mixin.py:190} INFO - [2026-09-10T20:23:07.794+0000] {dag.py:4180} INFO - Setting next_dagrun for 1101_trigger_producer to None, run_after=None
[2026-09-10T20:23:07.832+0000] {processor.py:208} INFO - Processing /opt/airflow/dags/1101_trigger_producer.py took 0.233 seconds
[2026-09-10T20:23:37.943+0000] {processor.py:186} INFO - Started process (PID=818) to work on /opt/airflow/dags/1101_trigger_producer.py
[2026-09-10T20:23:37.944+0000] {processor.py:914} INFO - Processing file /opt/airflow/dags/1101_trigger_producer.py for tasks to queue
[2026-09-10T20:23:37.947+0000] {logging_mixin.py:190} INFO - [2026-09-10T20:23:37.947+0000] {dagbag.py:588} INFO - Filling up the DagBag from /opt/airflow/dags/1101_trigger_producer.py
[2026-09-10T20:23:37.957+0000] {processor.py:925} INFO - DAG(s) '1101_trigger_producer' retrieved from /opt/airflow/dags/1101_trigger_producer.py
[2026-09-10T20:23:37.988+0000] {logging_mixin.py:190} INFO - [2026-09-10T20:23:37.988+0000] {dag.py:3239} INFO - Sync 1 DAGs
[2026-09-10T20:23:38.006+0000] {logging_mixin.py:190} INFO - [2026-09-10T20:23:38.005+0000] {dag.py:4180} INFO - Setting next_dagrun for 1101_trigger_producer to None, run_after=None
[2026-09-10T20:23:38.034+0000] {processor.py:208} INFO - Processing /opt/airflow/dags/1101_trigger_producer.py took 0.101 seconds
[2026-09-10T20:24:08.179+0000] {processor.py:186} INFO - Started process (PID=888) to work on /opt/airflow/dags/1101_trigger_producer.py
[2026-09-10T20:24:08.180+0000] {processor.py:914} INFO - Processing file /opt/airflow/dags/1101_trigger_producer.py for tasks to queue
[2026-09-10T20:24:08.183+0000] {logging_mixin.py:190} INFO - [2026-09-10T20:24:08.182+0000] {dagbag.py:588} INFO - Filling up the DagBag from /opt/airflow/dags/1101_trigger_producer.py
[2026-09-10T20:24:08.191+0000] {processor.py:925} INFO - DAG(s) '1101_trigger_producer' retrieved from /opt/airflow/dags/1101_trigger_producer.py
[2026-09-10T20:24:08.218+0000] {logging_mixin.py:190} INFO - [2026-09-10T20:24:08.218+0000] {dag.py:3239} INFO - Sync 1 DAGs
[2026-09-10T20:24:08.233+0000] {logging_mixin.py:190} INFO - [2026-09-10T20:24:08.233+0000] {dag.py:4180} INFO - Setting next_dagrun for 1101_trigger_producer to None, run_after=None
[2026-09-10T20:24:08.256+0000] {processor.py:208} INFO - Processing /opt/airflow/dags/1101_trigger_producer.py took 0.084 seconds
[2026-09-10T20:24:39.207+0000] {processor.py:186} INFO - Started process (PID=958) to work on /opt/airflow/dags/1101_trigger_producer.py
[2026-09-10T20:24:39.208+0000] {processor.py:914} INFO - Processing file /opt/airflow/dags/1101_trigger_producer.py for tasks to queue
[2026-09-10T20:24:39.210+0000] {logging_mixin.py:190} INFO - [2026-09-10T20:24:39.210+0000] {dagbag.py:588} INFO - Filling up the DagBag from /opt/airflow/dags/1101_trigger_producer.py
[2026-09-10T20:24:39.219+0000] {processor.py:925} INFO - DAG(s) '1101_trigger_producer' retrieved from /opt/airflow/dags/1101_trigger_producer.py
[2026-09-10T20:24:39.253+0000] {logging_mixin.py:190} INFO - [2026-09-10T20:24:39.253+0000] {dag.py:3239} INFO - Sync 1 DAGs
[2026-09-10T20:24:39.269+0000] {logging_mixin.py:190} INFO - [2026-09-10T20:24:39.269+0000] {dag.py:4180} INFO - Setting next_dagrun for 1101_trigger_producer to None, run_after=None
[2026-09-10T20:24:39.293+0000] {processor.py:208} INFO - Processing /opt/airflow/dags/1101_trigger_producer.py took 0.093 seconds
[2026-09-10T20:25:09.400+0000] {processor.py:186} INFO - Started process (PID=1028) to work on /opt/airflow/dags/1101_trigger_producer.py
[2026-09-10T20:25:09.402+0000] {processor.py:914} INFO - Processing file /opt/airflow/dags/1101_trigger_producer.py for tasks to queue
[2026-09-10T20:25:09.405+0000] {logging_mixin.py:190} INFO - [2026-09-10T20:25:09.404+0000] {dagbag.py:588} INFO - Filling up the DagBag from /opt/airflow/dags/1101_trigger_producer.py
[2026-09-10T20:25:09.416+0000] {processor.py:925} INFO - DAG(s) '1101_trigger_producer' retrieved from /opt/airflow/dags/1101_trigger_producer.py
[2026-09-10T20:25:09.460+0000] {logging_mixin.py:190} INFO - [2026-09-10T20:25:09.459+0000] {dag.py:3239} INFO - Sync 1 DAGs
[2026-09-10T20:25:09.482+0000] {logging_mixin.py:190} INFO - [2026-09-10T20:25:09.482+0000] {dag.py:4180} INFO - Setting next_dagrun for 1101_trigger_producer to None, run_after=None
[2026-09-10T20:25:09.523+0000] {processor.py:208} INFO - Processing /opt/airflow/dags/1101_trigger_producer.py took 0.131 seconds
[2026-09-10T20:25:39.723+0000] {processor.py:186} INFO - Started process (PID=1098) to work on /opt/airflow/dags/1101_trigger_producer.py
[2026-09-10T20:25:39.724+0000] {processor.py:914} INFO - Processing file /opt/airflow/dags/1101_trigger_producer.py for tasks to queue
[2026-09-10T20:25:39.727+0000] {logging_mixin.py:190} INFO - [2026-09-10T20:25:39.727+0000] {dagbag.py:588} INFO - Filling up the DagBag from /opt/airflow/dags/1101_trigger_producer.py
[2026-09-10T20:25:39.738+0000] {processor.py:925} INFO - DAG(s) '1101_trigger_producer' retrieved from /opt/airflow/dags/1101_trigger_producer.py
[2026-09-10T20:25:39.766+0000] {logging_mixin.py:190} INFO - [2026-09-10T20:25:39.766+0000] {dag.py:3239} INFO - Sync 1 DAGs
[2026-09-10T20:25:39.782+0000] {logging_mixin.py:190} INFO - [2026-09-10T20:25:39.782+0000] {dag.py:4180} INFO - Setting next_dagrun for 1101_trigger_producer to None, run_after=None
[2026-09-10T20:25:39.810+0000] {processor.py:208} INFO - Processing /opt/airflow/dags/1101_trigger_producer.py took 0.095 seconds
[2026-09-10T20:26:09.854+0000] {processor.py:186} INFO - Started process (PID=1165) to work on /opt/airflow/dags/1101_trigger_producer.py
[2026-09-10T20:26:09.857+0000] {processor.py:914} INFO - Processing file /opt/airflow/dags/1101_trigger_producer.py for tasks to queue
[2026-09-10T20:26:09.860+0000] {logging_mixin.py:190} INFO - [2026-09-10T20:26:09.859+0000] {dagbag.py:588} INFO - Filling up the DagBag from /opt/airflow/dags/1101_trigger_producer.py
[2026-09-10T20:26:09.869+0000] {processor.py:925} INFO - DAG(s) '1101_trigger_producer' retrieved from /opt/airflow/dags/1101_trigger_producer.py
[2026-09-10T20:26:09.898+0000] {logging_mixin.py:190} INFO - [2026-09-10T20:26:09.898+0000] {dag.py:3239} INFO - Sync 1 DAGs
[2026-09-10T20:26:09.913+0000] {logging_mixin.py:190} INFO - [2026-09-10T20:26:09.913+0000] {dag.py:4180} INFO - Setting next_dagrun for 1101_trigger_producer to None, run_after=None
[2026-09-10T20:26:09.935+0000] {processor.py:208} INFO - Processing /opt/airflow/dags/1101_trigger_producer.py took 0.089 seconds
[2026-09-10T20:26:39.979+0000] {processor.py:186} INFO - Started process (PID=1235) to work on /opt/airflow/dags/1101_trigger_producer.py
[2026-09-10T20:26:39.981+0000] {processor.py:914} INFO - Processing file /opt/airflow/dags/1101_trigger_producer.py for tasks to queue
[2026-09-10T20:26:39.984+0000] {logging_mixin.py:190} INFO - [2026-09-10T20:26:39.984+0000] {dagbag.py:588} INFO - Filling up the DagBag from /opt/airflow/dags/1101_trigger_producer.py
[2026-09-10T20:26:39.994+0000] {processor.py:925} INFO - DAG(s) '1101_trigger_producer' retrieved from /opt/airflow/dags/1101_trigger_producer.py
[2026-09-10T20:26:40.026+0000] {logging_mixin.py:190} INFO - [2026-09-10T20:26:40.026+0000] {dag.py:3239} INFO - Sync 1 DAGs
[2026-09-10T20:26:40.041+0000] {logging_mixin.py:190} INFO - [2026-09-10T20:26:40.041+0000] {dag.py:4180} INFO - Setting next_dagrun for 1101_trigger_producer to None, run_after=None
[2026-09-10T20:26:40.064+0000] {processor.py:208} INFO - Processing /opt/airflow/dags/1101_trigger_producer.py took 0.095 seconds
[2026-09-10T20:27:10.162+0000] {processor.py:186} INFO - Started process (PID=1305) to work on /opt/airflow/dags/1101_trigger_producer.py
[2026-09-10T20:27:10.163+0000] {processor.py:914} INFO - Processing file /opt/airflow/dags/1101_trigger_producer.py for tasks to queue
[2026-09-10T20:27:10.166+0000] {logging_mixin.py:190} INFO - [2026-09-10T20:27:10.166+0000] {dagbag.py:588} INFO - Filling up the DagBag from /opt/airflow/dags/1101_trigger_producer.py
[2026-09-10T20:27:10.176+0000] {processor.py:925} INFO - DAG(s) '1101_trigger_producer' retrieved from /opt/airflow/dags/1101_trigger_producer.py
[2026-09-10T20:27:10.233+0000] {logging_mixin.py:190} INFO - [2026-09-10T20:27:10.233+0000] {dag.py:3239} INFO - Sync 1 DAGs
[2026-09-10T20:27:10.254+0000] {logging_mixin.py:190} INFO - [2026-09-10T20:27:10.253+0000] {dag.py:4180} INFO - Setting next_dagrun for 1101_trigger_producer to None, run_after=None
[2026-09-10T20:27:10.289+0000] {processor.py:208} INFO - Processing /opt/airflow/dags/1101_trigger_producer.py took 0.135 seconds
[2026-09-10T20:27:40.484+0000] {processor.py:186} INFO - Started process (PID=1375) to work on /opt/airflow/dags/1101_trigger_producer.py
[2026-09-10T20:27:40.485+0000] {processor.py:914} INFO - Processing file /opt/airflow/dags/1101_trigger_producer.py for tasks to queue
[2026-09-10T20:27:40.489+0000] {logging_mixin.py:190} INFO - [2026-09-10T20:27:40.488+0000] {dagbag.py:588} INFO - Filling up the DagBag from /opt/airflow/dags/1101_trigger_producer.py
[2026-09-10T20:27:40.499+0000] {processor.py:925} INFO - DAG(s) '1101_trigger_producer' retrieved from /opt/airflow/dags/1101_trigger_producer.py
[2026-09-10T20:27:40.529+0000] {logging_mixin.py:190} INFO - [2026-09-10T20:27:40.528+0000] {dag.py:3239} INFO - Sync 1 DAGs
[2026-09-10T20:27:40.551+0000] {logging_mixin.py:190} INFO - [2026-09-10T20:27:40.551+0000] {dag.py:4180} INFO - Setting next_dagrun for 1101_trigger_producer to None, run_after=None
[2026-09-10T20:27:40.574+0000] {processor.py:208} INFO - Processing /opt/airflow/dags/1101_trigger_producer.py took 0.099 seconds
[2026-09-10T20:28:10.710+0000] {processor.py:186} INFO - Started process (PID=1445) to work on /opt/airflow/dags/1101_trigger_producer.py
[2026-09-10T20:28:10.712+0000] {processor.py:914} INFO - Processing file /opt/airflow/dags/1101_trigger_producer.py for tasks to queue
[2026-09-10T20:28:10.715+0000] {logging_mixin.py:190} INFO - [2026-09-10T20:28:10.715+0000] {dagbag.py:588} INFO - Filling up the DagBag from /opt/airflow/dags/1101_trigger_producer.py
[2026-09-10T20:28:10.730+0000] {processor.py:925} INFO - DAG(s) '1101_trigger_producer' retrieved from /opt/airflow/dags/1101_trigger_producer.py
[2026-09-10T20:28:10.761+0000] {logging_mixin.py:190} INFO - [2026-09-10T20:28:10.761+0000] {dag.py:3239} INFO - Sync 1 DAGs
[2026-09-10T20:28:10.777+0000] {logging_mixin.py:190} INFO - [2026-09-10T20:28:10.777+0000] {dag.py:4180} INFO - Setting next_dagrun for 1101_trigger_producer to None, run_after=None
[2026-09-10T20:28:10.801+0000] {processor.py:208} INFO - Processing /opt/airflow/dags/1101_trigger_producer.py took 0.100 seconds
[2026-09-10T20:28:41.707+0000] {processor.py:186} INFO - Started process (PID=1515) to work on /opt/airflow/dags/1101_trigger_producer.py
[2026-09-10T20:28:41.709+0000] {processor.py:914} INFO - Processing file /opt/airflow/dags/1101_trigger_producer.py for tasks to queue
[2026-09-10T20:28:41.711+0000] {logging_mixin.py:190} INFO - [2026-09-10T20:28:41.711+0000] {dagbag.py:588} INFO - Filling up the DagBag from /opt/airflow/dags/1101_trigger_producer.py
[2026-09-10T20:28:41.719+0000] {processor.py:925} INFO - DAG(s) '1101_trigger_producer' retrieved from /opt/airflow/dags/1101_trigger_producer.py
[2026-09-10T20:28:41.750+0000] {logging_mixin.py:190} INFO - [2026-09-10T20:28:41.749+0000] {dag.py:3239} INFO - Sync 1 DAGs
[2026-09-10T20:28:41.768+0000] {logging_mixin.py:190} INFO - [2026-09-10T20:28:41.768+0000] {dag.py:4180} INFO - Setting next_dagrun for 1101_trigger_producer to None, run_after=None
[2026-09-10T20:28:41.795+0000] {processor.py:208} INFO - Processing /opt/airflow/dags/1101_trigger_producer.py took 0.095 seconds
[2026-09-10T20:29:11.997+0000] {processor.py:186} INFO - Started process (PID=1585) to work on /opt/airflow/dags/1101_trigger_producer.py
[2026-09-10T20:29:11.998+0000] {processor.py:914} INFO - Processing file /opt/airflow/dags/1101_trigger_producer.py for tasks to queue
[2026-09-10T20:29:12.002+0000] {logging_mixin.py:190} INFO - [2026-09-10T20:29:12.002+0000] {dagbag.py:588} INFO - Filling up the DagBag from /opt/airflow/dags/1101_trigger_producer.py
[2026-09-10T20:29:12.018+0000] {processor.py:925} INFO - DAG(s) '1101_trigger_producer' retrieved from /opt/airflow/dags/1101_trigger_producer.py
[2026-09-10T20:29:12.058+0000] {logging_mixin.py:190} INFO - [2026-09-10T20:29:12.058+0000] {dag.py:3239} INFO - Sync 1 DAGs
[2026-09-10T20:29:12.077+0000] {logging_mixin.py:190} INFO - [2026-09-10T20:29:12.077+0000] {dag.py:4180} INFO - Setting next_dagrun for 1101_trigger_producer to None, run_after=None
[2026-09-10T20:29:12.104+0000] {processor.py:208} INFO - Processing /opt/airflow/dags/1101_trigger_producer.py took 0.116 seconds
[2026-09-10T20:29:42.169+0000] {processor.py:186} INFO - Started process (PID=1655) to work on /opt/airflow/dags/1101_trigger_producer.py
[2026-09-10T20:29:42.171+0000] {processor.py:914} INFO - Processing file /opt/airflow/dags/1101_trigger_producer.py for tasks to queue
[2026-09-10T20:29:42.174+0000] {logging_mixin.py:190} INFO - [2026-09-10T20:29:42.174+0000] {dagbag.py:588} INFO - Filling up the DagBag from /opt/airflow/dags/1101_trigger_producer.py
[2026-09-10T20:29:42.186+0000] {processor.py:925} INFO - DAG(s) '1101_trigger_producer' retrieved from /opt/airflow/dags/1101_trigger_producer.py
[2026-09-10T20:29:42.221+0000] {logging_mixin.py:190} INFO - [2026-09-10T20:29:42.221+0000] {dag.py:3239} INFO - Sync 1 DAGs
[2026-09-10T20:29:42.243+0000] {logging_mixin.py:190} INFO - [2026-09-10T20:29:42.243+0000] {dag.py:4180} INFO - Setting next_dagrun for 1101_trigger_producer to None, run_after=None
[2026-09-10T20:29:42.267+0000] {processor.py:208} INFO - Processing /opt/airflow/dags/1101_trigger_producer.py took 0.107 seconds
[2026-09-10T20:30:13.290+0000] {processor.py:186} INFO - Started process (PID=1725) to work on /opt/airflow/dags/1101_trigger_producer.py
[2026-09-10T20:30:13.292+0000] {processor.py:914} INFO - Processing file /opt/airflow/dags/1101_trigger_producer.py for tasks to queue
[2026-09-10T20:30:13.295+0000] {logging_mixin.py:190} INFO - [2026-09-10T20:30:13.295+0000] {dagbag.py:588} INFO - Filling up the DagBag from /opt/airflow/dags/1101_trigger_producer.py
[2026-09-10T20:30:13.306+0000] {processor.py:925} INFO - DAG(s) '1101_trigger_producer' retrieved from /opt/airflow/dags/1101_trigger_producer.py
[2026-09-10T20:30:13.337+0000] {logging_mixin.py:190} INFO - [2026-09-10T20:30:13.336+0000] {dag.py:3239} INFO - Sync 1 DAGs
[2026-09-10T20:30:13.353+0000] {logging_mixin.py:190} INFO - [2026-09-10T20:30:13.353+0000] {dag.py:4180} INFO - Setting next_dagrun for 1101_trigger_producer to None, run_after=None
[2026-09-10T20:30:13.378+0000] {processor.py:208} INFO - Processing /opt/airflow/dags/1101_trigger_producer.py took 0.098 seconds
[2026-09-10T20:30:43.445+0000] {processor.py:186} INFO - Started process (PID=1795) to work on /opt/airflow/dags/1101_trigger_producer.py
[2026-09-10T20:30:43.446+0000] {processor.py:914} INFO - Processing file /opt/airflow/dags/1101_trigger_producer.py for tasks to queue
[2026-09-10T20:30:43.449+0000] {logging_mixin.py:190} INFO - [2026-09-10T20:30:43.449+0000] {dagbag.py:588} INFO - Filling up the DagBag from /opt/airflow/dags/1101_trigger_producer.py
[2026-09-10T20:30:43.459+0000] {processor.py:925} INFO - DAG(s) '1101_trigger_producer' retrieved from /opt/airflow/dags/1101_trigger_producer.py
[2026-09-10T20:30:43.488+0000] {logging_mixin.py:190} INFO - [2026-09-10T20:30:43.488+0000] {dag.py:3239} INFO - Sync 1 DAGs
[2026-09-10T20:30:43.503+0000] {logging_mixin.py:190} INFO - [2026-09-10T20:30:43.503+0000] {dag.py:4180} INFO - Setting next_dagrun for 1101_trigger_producer to None, run_after=None
[2026-09-10T20:30:43.528+0000] {processor.py:208} INFO - Processing /opt/airflow/dags/1101_trigger_producer.py took 0.092 seconds
[2026-09-10T20:31:13.721+0000] {processor.py:186} INFO - Started process (PID=1868) to work on /opt/airflow/dags/1101_trigger_producer.py
[2026-09-10T20:31:13.722+0000] {processor.py:914} INFO - Processing file /opt/airflow/dags/1101_trigger_producer.py for tasks to queue
[2026-09-10T20:31:13.724+0000] {logging_mixin.py:190} INFO - [2026-09-10T20:31:13.724+0000] {dagbag.py:588} INFO - Filling up the DagBag from /opt/airflow/dags/1101_trigger_producer.py
[2026-09-10T20:31:13.734+0000] {processor.py:925} INFO - DAG(s) '1101_trigger_producer' retrieved from /opt/airflow/dags/1101_trigger_producer.py
[2026-09-10T20:31:13.764+0000] {logging_mixin.py:190} INFO - [2026-09-10T20:31:13.763+0000] {dag.py:3239} INFO - Sync 1 DAGs
[2026-09-10T20:31:13.780+0000] {logging_mixin.py:190} INFO - [2026-09-10T20:31:13.780+0000] {dag.py:4180} INFO - Setting next_dagrun for 1101_trigger_producer to None, run_after=None
[2026-09-10T20:31:13.805+0000] {processor.py:208} INFO - Processing /opt/airflow/dags/1101_trigger_producer.py took 0.091 seconds
[2026-09-10T20:31:43.893+0000] {processor.py:186} INFO - Started process (PID=1938) to work on /opt/airflow/dags/1101_trigger_producer.py
[2026-09-10T20:31:43.894+0000] {processor.py:914} INFO - Processing file /opt/airflow/dags/1101_trigger_producer.py for tasks to queue
[2026-09-10T20:31:43.897+0000] {logging_mixin.py:190} INFO - [2026-09-10T20:31:43.897+0000] {dagbag.py:588} INFO - Filling up the DagBag from /opt/airflow/dags/1101_trigger_producer.py
[2026-09-10T20:31:43.912+0000] {processor.py:925} INFO - DAG(s) '1101_trigger_producer' retrieved from /opt/airflow/dags/1101_trigger_producer.py
[2026-09-10T20:31:43.945+0000] {logging_mixin.py:190} INFO - [2026-09-10T20:31:43.945+0000] {dag.py:3239} INFO - Sync 1 DAGs
[2026-09-10T20:31:43.961+0000] {logging_mixin.py:190} INFO - [2026-09-10T20:31:43.961+0000] {dag.py:4180} INFO - Setting next_dagrun for 1101_trigger_producer to None, run_after=None
[2026-09-10T20:31:43.987+0000] {processor.py:208} INFO - Processing /opt/airflow/dags/1101_trigger_producer.py took 0.104 seconds
[2026-09-10T20:32:14.247+0000] {processor.py:186} INFO - Started process (PID=2008) to work on /opt/airflow/dags/1101_trigger_producer.py
[2026-09-10T20:32:14.249+0000] {processor.py:914} INFO - Processing file /opt/airflow/dags/1101_trigger_producer.py for tasks to queue
[2026-09-10T20:32:14.252+0000] {logging_mixin.py:190} INFO - [2026-09-10T20:32:14.252+0000] {dagbag.py:588} INFO - Filling up the DagBag from /opt/airflow/dags/1101_trigger_producer.py
[2026-09-10T20:32:14.265+0000] {processor.py:925} INFO - DAG(s) '1101_trigger_producer' retrieved from /opt/airflow/dags/1101_trigger_producer.py
[2026-09-10T20:32:14.318+0000] {logging_mixin.py:190} INFO - [2026-09-10T20:32:14.318+0000] {dag.py:3239} INFO - Sync 1 DAGs
[2026-09-10T20:32:14.349+0000] {logging_mixin.py:190} INFO - [2026-09-10T20:32:14.349+0000] {dag.py:4180} INFO - Setting next_dagrun for 1101_trigger_producer to None, run_after=None
[2026-09-10T20:32:14.392+0000] {processor.py:208} INFO - Processing /opt/airflow/dags/1101_trigger_producer.py took 0.156 seconds
[2026-09-10T20:32:44.909+0000] {processor.py:186} INFO - Started process (PID=2078) to work on /opt/airflow/dags/1101_trigger_producer.py
[2026-09-10T20:32:44.910+0000] {processor.py:914} INFO - Processing file /opt/airflow/dags/1101_trigger_producer.py for tasks to queue
[2026-09-10T20:32:44.913+0000] {logging_mixin.py:190} INFO - [2026-09-10T20:32:44.912+0000] {dagbag.py:588} INFO - Filling up the DagBag from /opt/airflow/dags/1101_trigger_producer.py
[2026-09-10T20:32:44.922+0000] {processor.py:925} INFO - DAG(s) '1101_trigger_producer' retrieved from /opt/airflow/dags/1101_trigger_producer.py
[2026-09-10T20:32:44.947+0000] {logging_mixin.py:190} INFO - [2026-09-10T20:32:44.947+0000] {dag.py:3239} INFO - Sync 1 DAGs
[2026-09-10T20:32:44.962+0000] {logging_mixin.py:190} INFO - [2026-09-10T20:32:44.961+0000] {dag.py:4180} INFO - Setting next_dagrun for 1101_trigger_producer to None, run_after=None
[2026-09-10T20:32:44.984+0000] {processor.py:208} INFO - Processing /opt/airflow/dags/1101_trigger_producer.py took 0.082 seconds
[2026-09-10T20:33:15.203+0000] {processor.py:186} INFO - Started process (PID=2148) to work on /opt/airflow/dags/1101_trigger_producer.py
[2026-09-10T20:33:15.205+0000] {processor.py:914} INFO - Processing file /opt/airflow/dags/1101_trigger_producer.py for tasks to queue
[2026-09-10T20:33:15.207+0000] {logging_mixin.py:190} INFO - [2026-09-10T20:33:15.206+0000] {dagbag.py:588} INFO - Filling up the DagBag from /opt/airflow/dags/1101_trigger_producer.py
[2026-09-10T20:33:15.214+0000] {processor.py:925} INFO - DAG(s) '1101_trigger_producer' retrieved from /opt/airflow/dags/1101_trigger_producer.py
[2026-09-10T20:33:15.247+0000] {logging_mixin.py:190} INFO - [2026-09-10T20:33:15.247+0000] {dag.py:3239} INFO - Sync 1 DAGs
[2026-09-10T20:33:15.262+0000] {logging_mixin.py:190} INFO - [2026-09-10T20:33:15.262+0000] {dag.py:4180} INFO - Setting next_dagrun for 1101_trigger_producer to None, run_after=None
[2026-09-10T20:33:15.286+0000] {processor.py:208} INFO - Processing /opt/airflow/dags/1101_trigger_producer.py took 0.089 seconds
[2026-09-10T20:33:45.592+0000] {processor.py:186} INFO - Started process (PID=2218) to work on /opt/airflow/dags/1101_trigger_producer.py
[2026-09-10T20:33:45.593+0000] {processor.py:914} INFO - Processing file /opt/airflow/dags/1101_trigger_producer.py for tasks to queue
[2026-09-10T20:33:45.594+0000] {logging_mixin.py:190} INFO - [2026-09-10T20:33:45.594+0000] {dagbag.py:588} INFO - Filling up the DagBag from /opt/airflow/dags/1101_trigger_producer.py
[2026-09-10T20:33:45.602+0000] {processor.py:925} INFO - DAG(s) '1101_trigger_producer' retrieved from /opt/airflow/dags/1101_trigger_producer.py
[2026-09-10T20:33:45.630+0000] {logging_mixin.py:190} INFO - [2026-09-10T20:33:45.630+0000] {dag.py:3239} INFO - Sync 1 DAGs
[2026-09-10T20:33:45.645+0000] {logging_mixin.py:190} INFO - [2026-09-10T20:33:45.645+0000] {dag.py:4180} INFO - Setting next_dagrun for 1101_trigger_producer to None, run_after=None
[2026-09-10T20:33:45.670+0000] {processor.py:208} INFO - Processing /opt/airflow/dags/1101_trigger_producer.py took 0.085 seconds
[2026-09-10T20:34:15.831+0000] {processor.py:186} INFO - Started process (PID=2288) to work on /opt/airflow/dags/1101_trigger_producer.py
[2026-09-10T20:34:15.832+0000] {processor.py:914} INFO - Processing file /opt/airflow/dags/1101_trigger_producer.py for tasks to queue
[2026-09-10T20:34:15.835+0000] {logging_mixin.py:190} INFO - [2026-09-10T20:34:15.835+0000] {dagbag.py:588} INFO - Filling up the DagBag from /opt/airflow/dags/1101_trigger_producer.py
[2026-09-10T20:34:15.843+0000] {processor.py:925} INFO - DAG(s) '1101_trigger_producer' retrieved from /opt/airflow/dags/1101_trigger_producer.py
[2026-09-10T20:34:15.881+0000] {logging_mixin.py:190} INFO - [2026-09-10T20:34:15.881+0000] {dag.py:3239} INFO - Sync 1 DAGs
[2026-09-10T20:34:15.899+0000] {logging_mixin.py:190} INFO - [2026-09-10T20:34:15.899+0000] {dag.py:4180} INFO - Setting next_dagrun for 1101_trigger_producer to None, run_after=None
[2026-09-10T20:34:15.924+0000] {processor.py:208} INFO - Processing /opt/airflow/dags/1101_trigger_producer.py took 0.100 seconds
[2026-09-10T20:34:46.005+0000] {processor.py:186} INFO - Started process (PID=2358) to work on /opt/airflow/dags/1101_trigger_producer.py
[2026-09-10T20:34:46.006+0000] {processor.py:914} INFO - Processing file /opt/airflow/dags/1101_trigger_producer.py for tasks to queue
[2026-09-10T20:34:46.009+0000] {logging_mixin.py:190} INFO - [2026-09-10T20:34:46.008+0000] {dagbag.py:588} INFO - Filling up the DagBag from /opt/airflow/dags/1101_trigger_producer.py
[2026-09-10T20:34:46.024+0000] {processor.py:925} INFO - DAG(s) '1101_trigger_producer' retrieved from /opt/airflow/dags/1101_trigger_producer.py
[2026-09-10T20:34:46.061+0000] {logging_mixin.py:190} INFO - [2026-09-10T20:34:46.060+0000] {dag.py:3239} INFO - Sync 1 DAGs
[2026-09-10T20:34:46.076+0000] {logging_mixin.py:190} INFO - [2026-09-10T20:34:46.076+0000] {dag.py:4180} INFO - Setting next_dagrun for 1101_trigger_producer to None, run_after=None
[2026-09-10T20:34:46.100+0000] {processor.py:208} INFO - Processing /opt/airflow/dags/1101_trigger_producer.py took 0.104 seconds
[2026-09-10T20:35:16.272+0000] {processor.py:186} INFO - Started process (PID=2428) to work on /opt/airflow/dags/1101_trigger_producer.py
[2026-09-10T20:35:16.273+0000] {processor.py:914} INFO - Processing file /opt/airflow/dags/1101_trigger_producer.py for tasks to queue
[2026-09-10T20:35:16.276+0000] {logging_mixin.py:190} INFO - [2026-09-10T20:35:16.275+0000] {dagbag.py:588} INFO - Filling up the DagBag from /opt/airflow/dags/1101_trigger_producer.py
[2026-09-10T20:35:16.287+0000] {processor.py:925} INFO - DAG(s) '1101_trigger_producer' retrieved from /opt/airflow/dags/1101_trigger_producer.py
[2026-09-10T20:35:16.315+0000] {logging_mixin.py:190} INFO - [2026-09-10T20:35:16.315+0000] {dag.py:3239} INFO - Sync 1 DAGs
[2026-09-10T20:35:16.331+0000] {logging_mixin.py:190} INFO - [2026-09-10T20:35:16.331+0000] {dag.py:4180} INFO - Setting next_dagrun for 1101_trigger_producer to None, run_after=None
[2026-09-10T20:35:16.356+0000] {processor.py:208} INFO - Processing /opt/airflow/dags/1101_trigger_producer.py took 0.090 seconds
[2026-09-10T20:35:46.578+0000] {processor.py:186} INFO - Started process (PID=2498) to work on /opt/airflow/dags/1101_trigger_producer.py
[2026-09-10T20:35:46.580+0000] {processor.py:914} INFO - Processing file /opt/airflow/dags/1101_trigger_producer.py for tasks to queue
[2026-09-10T20:35:46.584+0000] {logging_mixin.py:190} INFO - [2026-09-10T20:35:46.583+0000] {dagbag.py:588} INFO - Filling up the DagBag from /opt/airflow/dags/1101_trigger_producer.py
[2026-09-10T20:35:46.600+0000] {processor.py:925} INFO - DAG(s) '1101_trigger_producer' retrieved from /opt/airflow/dags/1101_trigger_producer.py
[2026-09-10T20:35:46.636+0000] {logging_mixin.py:190} INFO - [2026-09-10T20:35:46.635+0000] {dag.py:3239} INFO - Sync 1 DAGs
[2026-09-10T20:35:46.659+0000] {logging_mixin.py:190} INFO - [2026-09-10T20:35:46.659+0000] {dag.py:4180} INFO - Setting next_dagrun for 1101_trigger_producer to None, run_after=None
[2026-09-10T20:35:46.689+0000] {processor.py:208} INFO - Processing /opt/airflow/dags/1101_trigger_producer.py took 0.120 seconds
[2026-09-10T20:36:16.783+0000] {processor.py:186} INFO - Started process (PID=2568) to work on /opt/airflow/dags/1101_trigger_producer.py
[2026-09-10T20:36:16.784+0000] {processor.py:914} INFO - Processing file /opt/airflow/dags/1101_trigger_producer.py for tasks to queue
[2026-09-10T20:36:16.786+0000] {logging_mixin.py:190} INFO - [2026-09-10T20:36:16.786+0000] {dagbag.py:588} INFO - Filling up the DagBag from /opt/airflow/dags/1101_trigger_producer.py
[2026-09-10T20:36:16.795+0000] {processor.py:925} INFO - DAG(s) '1101_trigger_producer' retrieved from /opt/airflow/dags/1101_trigger_producer.py
[2026-09-10T20:36:16.828+0000] {logging_mixin.py:190} INFO - [2026-09-10T20:36:16.828+0000] {dag.py:3239} INFO - Sync 1 DAGs
[2026-09-10T20:36:16.845+0000] {logging_mixin.py:190} INFO - [2026-09-10T20:36:16.844+0000] {dag.py:4180} INFO - Setting next_dagrun for 1101_trigger_producer to None, run_after=None
[2026-09-10T20:36:16.870+0000] {processor.py:208} INFO - Processing /opt/airflow/dags/1101_trigger_producer.py took 0.094 seconds
[2026-09-10T20:36:47.883+0000] {processor.py:186} INFO - Started process (PID=2638) to work on /opt/airflow/dags/1101_trigger_producer.py
[2026-09-10T20:36:47.884+0000] {processor.py:914} INFO - Processing file /opt/airflow/dags/1101_trigger_producer.py for tasks to queue
[2026-09-10T20:36:47.886+0000] {logging_mixin.py:190} INFO - [2026-09-10T20:36:47.886+0000] {dagbag.py:588} INFO - Filling up the DagBag from /opt/airflow/dags/1101_trigger_producer.py
[2026-09-10T20:36:47.894+0000] {processor.py:925} INFO - DAG(s) '1101_trigger_producer' retrieved from /opt/airflow/dags/1101_trigger_producer.py
[2026-09-10T20:36:47.924+0000] {logging_mixin.py:190} INFO - [2026-09-10T20:36:47.924+0000] {dag.py:3239} INFO - Sync 1 DAGs
[2026-09-10T20:36:47.939+0000] {logging_mixin.py:190} INFO - [2026-09-10T20:36:47.939+0000] {dag.py:4180} INFO - Setting next_dagrun for 1101_trigger_producer to None, run_after=None
[2026-09-10T20:36:47.962+0000] {processor.py:208} INFO - Processing /opt/airflow/dags/1101_trigger_producer.py took 0.087 seconds
[2026-09-10T20:37:18.137+0000] {processor.py:186} INFO - Started process (PID=2708) to work on /opt/airflow/dags/1101_trigger_producer.py
[2026-09-10T20:37:18.139+0000] {processor.py:914} INFO - Processing file /opt/airflow/dags/1101_trigger_producer.py for tasks to queue
[2026-09-10T20:37:18.141+0000] {logging_mixin.py:190} INFO - [2026-09-10T20:37:18.141+0000] {dagbag.py:588} INFO - Filling up the DagBag from /opt/airflow/dags/1101_trigger_producer.py
[2026-09-10T20:37:18.151+0000] {processor.py:925} INFO - DAG(s) '1101_trigger_producer' retrieved from /opt/airflow/dags/1101_trigger_producer.py
[2026-09-10T20:37:18.181+0000] {logging_mixin.py:190} INFO - [2026-09-10T20:37:18.181+0000] {dag.py:3239} INFO - Sync 1 DAGs
[2026-09-10T20:37:18.198+0000] {logging_mixin.py:190} INFO - [2026-09-10T20:37:18.198+0000] {dag.py:4180} INFO - Setting next_dagrun for 1101_trigger_producer to None, run_after=None
[2026-09-10T20:37:18.227+0000] {processor.py:208} INFO - Processing /opt/airflow/dags/1101_trigger_producer.py took 0.099 seconds
[2026-09-10T20:37:48.267+0000] {processor.py:186} INFO - Started process (PID=2775) to work on /opt/airflow/dags/1101_trigger_producer.py
[2026-09-10T20:37:48.268+0000] {processor.py:914} INFO - Processing file /opt/airflow/dags/1101_trigger_producer.py for tasks to queue
[2026-09-10T20:37:48.270+0000] {logging_mixin.py:190} INFO - [2026-09-10T20:37:48.270+0000] {dagbag.py:588} INFO - Filling up the DagBag from /opt/airflow/dags/1101_trigger_producer.py
[2026-09-10T20:37:48.280+0000] {processor.py:925} INFO - DAG(s) '1101_trigger_producer' retrieved from /opt/airflow/dags/1101_trigger_producer.py
[2026-09-10T20:37:48.312+0000] {logging_mixin.py:190} INFO - [2026-09-10T20:37:48.311+0000] {dag.py:3239} INFO - Sync 1 DAGs
[2026-09-10T20:37:48.328+0000] {logging_mixin.py:190} INFO - [2026-09-10T20:37:48.328+0000] {dag.py:4180} INFO - Setting next_dagrun for 1101_trigger_producer to None, run_after=None
[2026-09-10T20:37:48.353+0000] {processor.py:208} INFO - Processing /opt/airflow/dags/1101_trigger_producer.py took 0.095 seconds
[2026-09-10T20:38:18.425+0000] {processor.py:186} INFO - Started process (PID=2845) to work on /opt/airflow/dags/1101_trigger_producer.py
[2026-09-10T20:38:18.427+0000] {processor.py:914} INFO - Processing file /opt/airflow/dags/1101_trigger_producer.py for tasks to queue
[2026-09-10T20:38:18.430+0000] {logging_mixin.py:190} INFO - [2026-09-10T20:38:18.430+0000] {dagbag.py:588} INFO - Filling up the DagBag from /opt/airflow/dags/1101_trigger_producer.py
[2026-09-10T20:38:18.441+0000] {processor.py:925} INFO - DAG(s) '1101_trigger_producer' retrieved from /opt/airflow/dags/1101_trigger_producer.py
[2026-09-10T20:38:18.470+0000] {logging_mixin.py:190} INFO - [2026-09-10T20:38:18.470+0000] {dag.py:3239} INFO - Sync 1 DAGs
[2026-09-10T20:38:18.485+0000] {logging_mixin.py:190} INFO - [2026-09-10T20:38:18.484+0000] {dag.py:4180} INFO - Setting next_dagrun for 1101_trigger_producer to None, run_after=None
[2026-09-10T20:38:18.507+0000] {processor.py:208} INFO - Processing /opt/airflow/dags/1101_trigger_producer.py took 0.091 seconds
[2026-09-10T20:38:48.616+0000] {processor.py:186} INFO - Started process (PID=2915) to work on /opt/airflow/dags/1101_trigger_producer.py
[2026-09-10T20:38:48.617+0000] {processor.py:914} INFO - Processing file /opt/airflow/dags/1101_trigger_producer.py for tasks to queue
[2026-09-10T20:38:48.620+0000] {logging_mixin.py:190} INFO - [2026-09-10T20:38:48.619+0000] {dagbag.py:588} INFO - Filling up the DagBag from /opt/airflow/dags/1101_trigger_producer.py
[2026-09-10T20:38:48.629+0000] {processor.py:925} INFO - DAG(s) '1101_trigger_producer' retrieved from /opt/airflow/dags/1101_trigger_producer.py
[2026-09-10T20:38:48.657+0000] {logging_mixin.py:190} INFO - [2026-09-10T20:38:48.657+0000] {dag.py:3239} INFO - Sync 1 DAGs
[2026-09-10T20:38:48.673+0000] {logging_mixin.py:190} INFO - [2026-09-10T20:38:48.672+0000] {dag.py:4180} INFO - Setting next_dagrun for 1101_trigger_producer to None, run_after=None
[2026-09-10T20:38:48.698+0000] {processor.py:208} INFO - Processing /opt/airflow/dags/1101_trigger_producer.py took 0.093 seconds
[2026-09-10T20:39:18.911+0000] {processor.py:186} INFO - Started process (PID=2988) to work on /opt/airflow/dags/1101_trigger_producer.py
[2026-09-10T20:39:18.912+0000] {processor.py:914} INFO - Processing file /opt/airflow/dags/1101_trigger_producer.py for tasks to queue
[2026-09-10T20:39:18.914+0000] {logging_mixin.py:190} INFO - [2026-09-10T20:39:18.914+0000] {dagbag.py:588} INFO - Filling up the DagBag from /opt/airflow/dags/1101_trigger_producer.py
[2026-09-10T20:39:18.925+0000] {processor.py:925} INFO - DAG(s) '1101_trigger_producer' retrieved from /opt/airflow/dags/1101_trigger_producer.py
[2026-09-10T20:39:18.953+0000] {logging_mixin.py:190} INFO - [2026-09-10T20:39:18.953+0000] {dag.py:3239} INFO - Sync 1 DAGs
[2026-09-10T20:39:18.969+0000] {logging_mixin.py:190} INFO - [2026-09-10T20:39:18.969+0000] {dag.py:4180} INFO - Setting next_dagrun for 1101_trigger_producer to None, run_after=None
[2026-09-10T20:39:18.993+0000] {processor.py:208} INFO - Processing /opt/airflow/dags/1101_trigger_producer.py took 0.089 seconds
[2026-09-10T20:39:49.051+0000] {processor.py:186} INFO - Started process (PID=3055) to work on /opt/airflow/dags/1101_trigger_producer.py
[2026-09-10T20:39:49.052+0000] {processor.py:914} INFO - Processing file /opt/airflow/dags/1101_trigger_producer.py for tasks to queue
[2026-09-10T20:39:49.056+0000] {logging_mixin.py:190} INFO - [2026-09-10T20:39:49.055+0000] {dagbag.py:588} INFO - Filling up the DagBag from /opt/airflow/dags/1101_trigger_producer.py
[2026-09-10T20:39:49.069+0000] {processor.py:925} INFO - DAG(s) '1101_trigger_producer' retrieved from /opt/airflow/dags/1101_trigger_producer.py
[2026-09-10T20:39:49.104+0000] {logging_mixin.py:190} INFO - [2026-09-10T20:39:49.103+0000] {dag.py:3239} INFO - Sync 1 DAGs
[2026-09-10T20:39:49.124+0000] {logging_mixin.py:190} INFO - [2026-09-10T20:39:49.123+0000] {dag.py:4180} INFO - Setting next_dagrun for 1101_trigger_producer to None, run_after=None
[2026-09-10T20:39:49.167+0000] {processor.py:208} INFO - Processing /opt/airflow/dags/1101_trigger_producer.py took 0.128 seconds
[2026-09-10T20:40:19.328+0000] {processor.py:186} INFO - Started process (PID=3128) to work on /opt/airflow/dags/1101_trigger_producer.py
[2026-09-10T20:40:19.329+0000] {processor.py:914} INFO - Processing file /opt/airflow/dags/1101_trigger_producer.py for tasks to queue
[2026-09-10T20:40:19.332+0000] {logging_mixin.py:190} INFO - [2026-09-10T20:40:19.331+0000] {dagbag.py:588} INFO - Filling up the DagBag from /opt/airflow/dags/1101_trigger_producer.py
[2026-09-10T20:40:19.342+0000] {processor.py:925} INFO - DAG(s) '1101_trigger_producer' retrieved from /opt/airflow/dags/1101_trigger_producer.py
[2026-09-10T20:40:19.380+0000] {logging_mixin.py:190} INFO - [2026-09-10T20:40:19.379+0000] {dag.py:3239} INFO - Sync 1 DAGs
[2026-09-10T20:40:19.405+0000] {logging_mixin.py:190} INFO - [2026-09-10T20:40:19.405+0000] {dag.py:4180} INFO - Setting next_dagrun for 1101_trigger_producer to None, run_after=None
[2026-09-10T20:40:19.438+0000] {processor.py:208} INFO - Processing /opt/airflow/dags/1101_trigger_producer.py took 0.117 seconds
[2026-09-10T20:40:49.607+0000] {processor.py:186} INFO - Started process (PID=3198) to work on /opt/airflow/dags/1101_trigger_producer.py
[2026-09-10T20:40:49.607+0000] {processor.py:914} INFO - Processing file /opt/airflow/dags/1101_trigger_producer.py for tasks to queue
[2026-09-10T20:40:49.609+0000] {logging_mixin.py:190} INFO - [2026-09-10T20:40:49.609+0000] {dagbag.py:588} INFO - Filling up the DagBag from /opt/airflow/dags/1101_trigger_producer.py
[2026-09-10T20:40:49.617+0000] {processor.py:925} INFO - DAG(s) '1101_trigger_producer' retrieved from /opt/airflow/dags/1101_trigger_producer.py
[2026-09-10T20:40:49.646+0000] {logging_mixin.py:190} INFO - [2026-09-10T20:40:49.645+0000] {dag.py:3239} INFO - Sync 1 DAGs
[2026-09-10T20:40:49.661+0000] {logging_mixin.py:190} INFO - [2026-09-10T20:40:49.661+0000] {dag.py:4180} INFO - Setting next_dagrun for 1101_trigger_producer to None, run_after=None
[2026-09-10T20:40:49.685+0000] {processor.py:208} INFO - Processing /opt/airflow/dags/1101_trigger_producer.py took 0.085 seconds
[2026-09-10T20:41:19.835+0000] {processor.py:186} INFO - Started process (PID=3266) to work on /opt/airflow/dags/1101_trigger_producer.py
[2026-09-10T20:41:19.837+0000] {processor.py:914} INFO - Processing file /opt/airflow/dags/1101_trigger_producer.py for tasks to queue
[2026-09-10T20:41:19.840+0000] {logging_mixin.py:190} INFO - [2026-09-10T20:41:19.840+0000] {dagbag.py:588} INFO - Filling up the DagBag from /opt/airflow/dags/1101_trigger_producer.py
[2026-09-10T20:41:19.871+0000] {processor.py:925} INFO - DAG(s) '1101_trigger_producer' retrieved from /opt/airflow/dags/1101_trigger_producer.py
[2026-09-10T20:41:19.909+0000] {logging_mixin.py:190} INFO - [2026-09-10T20:41:19.909+0000] {dag.py:3239} INFO - Sync 1 DAGs
[2026-09-10T20:41:19.931+0000] {logging_mixin.py:190} INFO - [2026-09-10T20:41:19.931+0000] {dag.py:4180} INFO - Setting next_dagrun for 1101_trigger_producer to None, run_after=None
[2026-09-10T20:41:19.965+0000] {processor.py:208} INFO - Processing /opt/airflow/dags/1101_trigger_producer.py took 0.144 seconds
[2026-09-10T20:41:50.048+0000] {processor.py:186} INFO - Started process (PID=3338) to work on /opt/airflow/dags/1101_trigger_producer.py
[2026-09-10T20:41:50.049+0000] {processor.py:914} INFO - Processing file /opt/airflow/dags/1101_trigger_producer.py for tasks to queue
[2026-09-10T20:41:50.052+0000] {logging_mixin.py:190} INFO - [2026-09-10T20:41:50.052+0000] {dagbag.py:588} INFO - Filling up the DagBag from /opt/airflow/dags/1101_trigger_producer.py
[2026-09-10T20:41:50.063+0000] {processor.py:925} INFO - DAG(s) '1101_trigger_producer' retrieved from /opt/airflow/dags/1101_trigger_producer.py
[2026-09-10T20:41:50.095+0000] {logging_mixin.py:190} INFO - [2026-09-10T20:41:50.095+0000] {dag.py:3239} INFO - Sync 1 DAGs
[2026-09-10T20:41:50.112+0000] {logging_mixin.py:190} INFO - [2026-09-10T20:41:50.111+0000] {dag.py:4180} INFO - Setting next_dagrun for 1101_trigger_producer to None, run_after=None
[2026-09-10T20:41:50.139+0000] {processor.py:208} INFO - Processing /opt/airflow/dags/1101_trigger_producer.py took 0.100 seconds
[2026-09-10T20:42:21.114+0000] {processor.py:186} INFO - Started process (PID=3408) to work on /opt/airflow/dags/1101_trigger_producer.py
[2026-09-10T20:42:21.115+0000] {processor.py:914} INFO - Processing file /opt/airflow/dags/1101_trigger_producer.py for tasks to queue
[2026-09-10T20:42:21.117+0000] {logging_mixin.py:190} INFO - [2026-09-10T20:42:21.116+0000] {dagbag.py:588} INFO - Filling up the DagBag from /opt/airflow/dags/1101_trigger_producer.py
[2026-09-10T20:42:21.125+0000] {processor.py:925} INFO - DAG(s) '1101_trigger_producer' retrieved from /opt/airflow/dags/1101_trigger_producer.py
[2026-09-10T20:42:21.154+0000] {logging_mixin.py:190} INFO - [2026-09-10T20:42:21.153+0000] {dag.py:3239} INFO - Sync 1 DAGs
[2026-09-10T20:42:21.170+0000] {logging_mixin.py:190} INFO - [2026-09-10T20:42:21.169+0000] {dag.py:4180} INFO - Setting next_dagrun for 1101_trigger_producer to None, run_after=None
[2026-09-10T20:42:21.195+0000] {processor.py:208} INFO - Processing /opt/airflow/dags/1101_trigger_producer.py took 0.088 seconds
[2026-09-10T20:42:51.244+0000] {processor.py:186} INFO - Started process (PID=3475) to work on /opt/airflow/dags/1101_trigger_producer.py
[2026-09-10T20:42:51.245+0000] {processor.py:914} INFO - Processing file /opt/airflow/dags/1101_trigger_producer.py for tasks to queue
[2026-09-10T20:42:51.247+0000] {logging_mixin.py:190} INFO - [2026-09-10T20:42:51.247+0000] {dagbag.py:588} INFO - Filling up the DagBag from /opt/airflow/dags/1101_trigger_producer.py
[2026-09-10T20:42:51.257+0000] {processor.py:925} INFO - DAG(s) '1101_trigger_producer' retrieved from /opt/airflow/dags/1101_trigger_producer.py
[2026-09-10T20:42:51.285+0000] {logging_mixin.py:190} INFO - [2026-09-10T20:42:51.284+0000] {dag.py:3239} INFO - Sync 1 DAGs
[2026-09-10T20:42:51.300+0000] {logging_mixin.py:190} INFO - [2026-09-10T20:42:51.300+0000] {dag.py:4180} INFO - Setting next_dagrun for 1101_trigger_producer to None, run_after=None
[2026-09-10T20:42:51.325+0000] {processor.py:208} INFO - Processing /opt/airflow/dags/1101_trigger_producer.py took 0.091 seconds
[2026-09-10T20:43:21.506+0000] {processor.py:186} INFO - Started process (PID=3545) to work on /opt/airflow/dags/1101_trigger_producer.py
[2026-09-10T20:43:21.508+0000] {processor.py:914} INFO - Processing file /opt/airflow/dags/1101_trigger_producer.py for tasks to queue
[2026-09-10T20:43:21.511+0000] {logging_mixin.py:190} INFO - [2026-09-10T20:43:21.511+0000] {dagbag.py:588} INFO - Filling up the DagBag from /opt/airflow/dags/1101_trigger_producer.py
[2026-09-10T20:43:21.521+0000] {processor.py:925} INFO - DAG(s) '1101_trigger_producer' retrieved from /opt/airflow/dags/1101_trigger_producer.py
[2026-09-10T20:43:21.552+0000] {logging_mixin.py:190} INFO - [2026-09-10T20:43:21.552+0000] {dag.py:3239} INFO - Sync 1 DAGs
[2026-09-10T20:43:21.568+0000] {logging_mixin.py:190} INFO - [2026-09-10T20:43:21.568+0000] {dag.py:4180} INFO - Setting next_dagrun for 1101_trigger_producer to None, run_after=None
[2026-09-10T20:43:21.592+0000] {processor.py:208} INFO - Processing /opt/airflow/dags/1101_trigger_producer.py took 0.098 seconds
[2026-09-10T20:43:51.782+0000] {processor.py:186} INFO - Started process (PID=3618) to work on /opt/airflow/dags/1101_trigger_producer.py
[2026-09-10T20:43:51.782+0000] {processor.py:914} INFO - Processing file /opt/airflow/dags/1101_trigger_producer.py for tasks to queue
[2026-09-10T20:43:51.784+0000] {logging_mixin.py:190} INFO - [2026-09-10T20:43:51.784+0000] {dagbag.py:588} INFO - Filling up the DagBag from /opt/airflow/dags/1101_trigger_producer.py
[2026-09-10T20:43:51.793+0000] {processor.py:925} INFO - DAG(s) '1101_trigger_producer' retrieved from /opt/airflow/dags/1101_trigger_producer.py
[2026-09-10T20:43:51.824+0000] {logging_mixin.py:190} INFO - [2026-09-10T20:43:51.824+0000] {dag.py:3239} INFO - Sync 1 DAGs
[2026-09-10T20:43:51.840+0000] {logging_mixin.py:190} INFO - [2026-09-10T20:43:51.840+0000] {dag.py:4180} INFO - Setting next_dagrun for 1101_trigger_producer to None, run_after=None
[2026-09-10T20:43:51.865+0000] {processor.py:208} INFO - Processing /opt/airflow/dags/1101_trigger_producer.py took 0.090 seconds
[2026-09-10T20:44:21.925+0000] {processor.py:186} INFO - Started process (PID=3688) to work on /opt/airflow/dags/1101_trigger_producer.py
[2026-09-10T20:44:21.926+0000] {processor.py:914} INFO - Processing file /opt/airflow/dags/1101_trigger_producer.py for tasks to queue
[2026-09-10T20:44:21.931+0000] {logging_mixin.py:190} INFO - [2026-09-10T20:44:21.930+0000] {dagbag.py:588} INFO - Filling up the DagBag from /opt/airflow/dags/1101_trigger_producer.py
[2026-09-10T20:44:21.944+0000] {processor.py:925} INFO - DAG(s) '1101_trigger_producer' retrieved from /opt/airflow/dags/1101_trigger_producer.py
[2026-09-10T20:44:21.977+0000] {logging_mixin.py:190} INFO - [2026-09-10T20:44:21.977+0000] {dag.py:3239} INFO - Sync 1 DAGs
[2026-09-10T20:44:21.996+0000] {logging_mixin.py:190} INFO - [2026-09-10T20:44:21.996+0000] {dag.py:4180} INFO - Setting next_dagrun for 1101_trigger_producer to None, run_after=None
[2026-09-10T20:44:22.034+0000] {processor.py:208} INFO - Processing /opt/airflow/dags/1101_trigger_producer.py took 0.121 seconds
[2026-09-10T20:44:52.089+0000] {processor.py:186} INFO - Started process (PID=3758) to work on /opt/airflow/dags/1101_trigger_producer.py
[2026-09-10T20:44:52.090+0000] {processor.py:914} INFO - Processing file /opt/airflow/dags/1101_trigger_producer.py for tasks to queue
[2026-09-10T20:44:52.092+0000] {logging_mixin.py:190} INFO - [2026-09-10T20:44:52.092+0000] {dagbag.py:588} INFO - Filling up the DagBag from /opt/airflow/dags/1101_trigger_producer.py
[2026-09-10T20:44:52.100+0000] {processor.py:925} INFO - DAG(s) '1101_trigger_producer' retrieved from /opt/airflow/dags/1101_trigger_producer.py
[2026-09-10T20:44:52.130+0000] {logging_mixin.py:190} INFO - [2026-09-10T20:44:52.129+0000] {dag.py:3239} INFO - Sync 1 DAGs
[2026-09-10T20:44:52.146+0000] {logging_mixin.py:190} INFO - [2026-09-10T20:44:52.145+0000] {dag.py:4180} INFO - Setting next_dagrun for 1101_trigger_producer to None, run_after=None
[2026-09-10T20:44:52.176+0000] {processor.py:208} INFO - Processing /opt/airflow/dags/1101_trigger_producer.py took 0.093 seconds
[2026-09-10T20:45:22.263+0000] {processor.py:186} INFO - Started process (PID=3828) to work on /opt/airflow/dags/1101_trigger_producer.py
[2026-09-10T20:45:22.265+0000] {processor.py:914} INFO - Processing file /opt/airflow/dags/1101_trigger_producer.py for tasks to queue
[2026-09-10T20:45:22.268+0000] {logging_mixin.py:190} INFO - [2026-09-10T20:45:22.267+0000] {dagbag.py:588} INFO - Filling up the DagBag from /opt/airflow/dags/1101_trigger_producer.py
[2026-09-10T20:45:22.280+0000] {processor.py:925} INFO - DAG(s) '1101_trigger_producer' retrieved from /opt/airflow/dags/1101_trigger_producer.py
[2026-09-10T20:45:22.322+0000] {logging_mixin.py:190} INFO - [2026-09-10T20:45:22.322+0000] {dag.py:3239} INFO - Sync 1 DAGs
[2026-09-10T20:45:22.347+0000] {logging_mixin.py:190} INFO - [2026-09-10T20:45:22.347+0000] {dag.py:4180} INFO - Setting next_dagrun for 1101_trigger_producer to None, run_after=None
[2026-09-10T20:45:22.401+0000] {processor.py:208} INFO - Processing /opt/airflow/dags/1101_trigger_producer.py took 0.146 seconds
[2026-09-10T20:45:52.504+0000] {processor.py:186} INFO - Started process (PID=3922) to work on /opt/airflow/dags/1101_trigger_producer.py
[2026-09-10T20:45:52.505+0000] {processor.py:914} INFO - Processing file /opt/airflow/dags/1101_trigger_producer.py for tasks to queue
[2026-09-10T20:45:52.508+0000] {logging_mixin.py:190} INFO - [2026-09-10T20:45:52.508+0000] {dagbag.py:588} INFO - Filling up the DagBag from /opt/airflow/dags/1101_trigger_producer.py
[2026-09-10T20:45:52.521+0000] {processor.py:925} INFO - DAG(s) '1101_trigger_producer' retrieved from /opt/airflow/dags/1101_trigger_producer.py
[2026-09-10T20:45:52.551+0000] {logging_mixin.py:190} INFO - [2026-09-10T20:45:52.550+0000] {dag.py:3239} INFO - Sync 1 DAGs
[2026-09-10T20:45:52.566+0000] {logging_mixin.py:190} INFO - [2026-09-10T20:45:52.565+0000] {dag.py:4180} INFO - Setting next_dagrun for 1101_trigger_producer to None, run_after=None
[2026-09-10T20:45:52.588+0000] {processor.py:208} INFO - Processing /opt/airflow/dags/1101_trigger_producer.py took 0.094 seconds
[2026-09-10T20:46:22.706+0000] {processor.py:186} INFO - Started process (PID=3992) to work on /opt/airflow/dags/1101_trigger_producer.py
[2026-09-10T20:46:22.707+0000] {processor.py:914} INFO - Processing file /opt/airflow/dags/1101_trigger_producer.py for tasks to queue
[2026-09-10T20:46:22.711+0000] {logging_mixin.py:190} INFO - [2026-09-10T20:46:22.710+0000] {dagbag.py:588} INFO - Filling up the DagBag from /opt/airflow/dags/1101_trigger_producer.py
[2026-09-10T20:46:22.721+0000] {processor.py:925} INFO - DAG(s) '1101_trigger_producer' retrieved from /opt/airflow/dags/1101_trigger_producer.py
[2026-09-10T20:46:22.754+0000] {logging_mixin.py:190} INFO - [2026-09-10T20:46:22.753+0000] {dag.py:3239} INFO - Sync 1 DAGs
[2026-09-10T20:46:22.774+0000] {logging_mixin.py:190} INFO - [2026-09-10T20:46:22.774+0000] {dag.py:4180} INFO - Setting next_dagrun for 1101_trigger_producer to None, run_after=None
[2026-09-10T20:46:22.800+0000] {processor.py:208} INFO - Processing /opt/airflow/dags/1101_trigger_producer.py took 0.103 seconds
[2026-09-10T20:46:52.896+0000] {processor.py:186} INFO - Started process (PID=4062) to work on /opt/airflow/dags/1101_trigger_producer.py
[2026-09-10T20:46:52.897+0000] {processor.py:914} INFO - Processing file /opt/airflow/dags/1101_trigger_producer.py for tasks to queue
[2026-09-10T20:46:52.899+0000] {logging_mixin.py:190} INFO - [2026-09-10T20:46:52.899+0000] {dagbag.py:588} INFO - Filling up the DagBag from /opt/airflow/dags/1101_trigger_producer.py
[2026-09-10T20:46:52.910+0000] {processor.py:925} INFO - DAG(s) '1101_trigger_producer' retrieved from /opt/airflow/dags/1101_trigger_producer.py
[2026-09-10T20:46:52.941+0000] {logging_mixin.py:190} INFO - [2026-09-10T20:46:52.941+0000] {dag.py:3239} INFO - Sync 1 DAGs
[2026-09-10T20:46:52.957+0000] {logging_mixin.py:190} INFO - [2026-09-10T20:46:52.957+0000] {dag.py:4180} INFO - Setting next_dagrun for 1101_trigger_producer to None, run_after=None
[2026-09-10T20:46:52.984+0000] {processor.py:208} INFO - Processing /opt/airflow/dags/1101_trigger_producer.py took 0.097 seconds
[2026-09-10T20:47:24.030+0000] {processor.py:186} INFO - Started process (PID=4132) to work on /opt/airflow/dags/1101_trigger_producer.py
[2026-09-10T20:47:24.032+0000] {processor.py:914} INFO - Processing file /opt/airflow/dags/1101_trigger_producer.py for tasks to queue
[2026-09-10T20:47:24.034+0000] {logging_mixin.py:190} INFO - [2026-09-10T20:47:24.034+0000] {dagbag.py:588} INFO - Filling up the DagBag from /opt/airflow/dags/1101_trigger_producer.py
[2026-09-10T20:47:24.044+0000] {processor.py:925} INFO - DAG(s) '1101_trigger_producer' retrieved from /opt/airflow/dags/1101_trigger_producer.py
[2026-09-10T20:47:24.074+0000] {logging_mixin.py:190} INFO - [2026-09-10T20:47:24.073+0000] {dag.py:3239} INFO - Sync 1 DAGs
[2026-09-10T20:47:24.090+0000] {logging_mixin.py:190} INFO - [2026-09-10T20:47:24.089+0000] {dag.py:4180} INFO - Setting next_dagrun for 1101_trigger_producer to None, run_after=None
[2026-09-10T20:47:24.117+0000] {processor.py:208} INFO - Processing /opt/airflow/dags/1101_trigger_producer.py took 0.095 seconds
[2026-09-10T20:47:54.193+0000] {processor.py:186} INFO - Started process (PID=4202) to work on /opt/airflow/dags/1101_trigger_producer.py
[2026-09-10T20:47:54.194+0000] {processor.py:914} INFO - Processing file /opt/airflow/dags/1101_trigger_producer.py for tasks to queue
[2026-09-10T20:47:54.197+0000] {logging_mixin.py:190} INFO - [2026-09-10T20:47:54.196+0000] {dagbag.py:588} INFO - Filling up the DagBag from /opt/airflow/dags/1101_trigger_producer.py
[2026-09-10T20:47:54.208+0000] {processor.py:925} INFO - DAG(s) '1101_trigger_producer' retrieved from /opt/airflow/dags/1101_trigger_producer.py
[2026-09-10T20:47:54.241+0000] {logging_mixin.py:190} INFO - [2026-09-10T20:47:54.240+0000] {dag.py:3239} INFO - Sync 1 DAGs
[2026-09-10T20:47:54.257+0000] {logging_mixin.py:190} INFO - [2026-09-10T20:47:54.256+0000] {dag.py:4180} INFO - Setting next_dagrun for 1101_trigger_producer to None, run_after=None
[2026-09-10T20:47:54.282+0000] {processor.py:208} INFO - Processing /opt/airflow/dags/1101_trigger_producer.py took 0.096 seconds
[2026-09-10T20:48:24.470+0000] {processor.py:186} INFO - Started process (PID=4272) to work on /opt/airflow/dags/1101_trigger_producer.py
[2026-09-10T20:48:24.471+0000] {processor.py:914} INFO - Processing file /opt/airflow/dags/1101_trigger_producer.py for tasks to queue
[2026-09-10T20:48:24.473+0000] {logging_mixin.py:190} INFO - [2026-09-10T20:48:24.473+0000] {dagbag.py:588} INFO - Filling up the DagBag from /opt/airflow/dags/1101_trigger_producer.py
[2026-09-10T20:48:24.482+0000] {processor.py:925} INFO - DAG(s) '1101_trigger_producer' retrieved from /opt/airflow/dags/1101_trigger_producer.py
[2026-09-10T20:48:24.510+0000] {logging_mixin.py:190} INFO - [2026-09-10T20:48:24.510+0000] {dag.py:3239} INFO - Sync 1 DAGs
[2026-09-10T20:48:24.525+0000] {logging_mixin.py:190} INFO - [2026-09-10T20:48:24.525+0000] {dag.py:4180} INFO - Setting next_dagrun for 1101_trigger_producer to None, run_after=None
[2026-09-10T20:48:24.549+0000] {processor.py:208} INFO - Processing /opt/airflow/dags/1101_trigger_producer.py took 0.085 seconds
[2026-09-10T20:48:54.663+0000] {processor.py:186} INFO - Started process (PID=4342) to work on /opt/airflow/dags/1101_trigger_producer.py
[2026-09-10T20:48:54.664+0000] {processor.py:914} INFO - Processing file /opt/airflow/dags/1101_trigger_producer.py for tasks to queue
[2026-09-10T20:48:54.666+0000] {logging_mixin.py:190} INFO - [2026-09-10T20:48:54.666+0000] {dagbag.py:588} INFO - Filling up the DagBag from /opt/airflow/dags/1101_trigger_producer.py
[2026-09-10T20:48:54.675+0000] {processor.py:925} INFO - DAG(s) '1101_trigger_producer' retrieved from /opt/airflow/dags/1101_trigger_producer.py
[2026-09-10T20:48:54.704+0000] {logging_mixin.py:190} INFO - [2026-09-10T20:48:54.704+0000] {dag.py:3239} INFO - Sync 1 DAGs
[2026-09-10T20:48:54.719+0000] {logging_mixin.py:190} INFO - [2026-09-10T20:48:54.719+0000] {dag.py:4180} INFO - Setting next_dagrun for 1101_trigger_producer to None, run_after=None
[2026-09-10T20:48:54.744+0000] {processor.py:208} INFO - Processing /opt/airflow/dags/1101_trigger_producer.py took 0.088 seconds
[2026-09-10T20:49:25.782+0000] {processor.py:186} INFO - Started process (PID=4412) to work on /opt/airflow/dags/1101_trigger_producer.py
[2026-09-10T20:49:25.784+0000] {processor.py:914} INFO - Processing file /opt/airflow/dags/1101_trigger_producer.py for tasks to queue
[2026-09-10T20:49:25.787+0000] {logging_mixin.py:190} INFO - [2026-09-10T20:49:25.786+0000] {dagbag.py:588} INFO - Filling up the DagBag from /opt/airflow/dags/1101_trigger_producer.py
[2026-09-10T20:49:25.797+0000] {processor.py:925} INFO - DAG(s) '1101_trigger_producer' retrieved from /opt/airflow/dags/1101_trigger_producer.py
[2026-09-10T20:49:25.829+0000] {logging_mixin.py:190} INFO - [2026-09-10T20:49:25.829+0000] {dag.py:3239} INFO - Sync 1 DAGs
[2026-09-10T20:49:25.848+0000] {logging_mixin.py:190} INFO - [2026-09-10T20:49:25.848+0000] {dag.py:4180} INFO - Setting next_dagrun for 1101_trigger_producer to None, run_after=None
[2026-09-10T20:49:25.873+0000] {processor.py:208} INFO - Processing /opt/airflow/dags/1101_trigger_producer.py took 0.099 seconds
[2026-09-10T20:49:56.061+0000] {processor.py:186} INFO - Started process (PID=4482) to work on /opt/airflow/dags/1101_trigger_producer.py
[2026-09-10T20:49:56.062+0000] {processor.py:914} INFO - Processing file /opt/airflow/dags/1101_trigger_producer.py for tasks to queue
[2026-09-10T20:49:56.064+0000] {logging_mixin.py:190} INFO - [2026-09-10T20:49:56.064+0000] {dagbag.py:588} INFO - Filling up the DagBag from /opt/airflow/dags/1101_trigger_producer.py
[2026-09-10T20:49:56.072+0000] {processor.py:925} INFO - DAG(s) '1101_trigger_producer' retrieved from /opt/airflow/dags/1101_trigger_producer.py
[2026-09-10T20:49:56.098+0000] {logging_mixin.py:190} INFO - [2026-09-10T20:49:56.098+0000] {dag.py:3239} INFO - Sync 1 DAGs
[2026-09-10T20:49:56.113+0000] {logging_mixin.py:190} INFO - [2026-09-10T20:49:56.113+0000] {dag.py:4180} INFO - Setting next_dagrun for 1101_trigger_producer to None, run_after=None
[2026-09-10T20:49:56.137+0000] {processor.py:208} INFO - Processing /opt/airflow/dags/1101_trigger_producer.py took 0.082 seconds
[2026-09-10T20:50:26.274+0000] {processor.py:186} INFO - Started process (PID=4552) to work on /opt/airflow/dags/1101_trigger_producer.py
[2026-09-10T20:50:26.275+0000] {processor.py:914} INFO - Processing file /opt/airflow/dags/1101_trigger_producer.py for tasks to queue
[2026-09-10T20:50:26.278+0000] {logging_mixin.py:190} INFO - [2026-09-10T20:50:26.278+0000] {dagbag.py:588} INFO - Filling up the DagBag from /opt/airflow/dags/1101_trigger_producer.py
[2026-09-10T20:50:26.290+0000] {processor.py:925} INFO - DAG(s) '1101_trigger_producer' retrieved from /opt/airflow/dags/1101_trigger_producer.py
[2026-09-10T20:50:26.316+0000] {logging_mixin.py:190} INFO - [2026-09-10T20:50:26.316+0000] {dag.py:3239} INFO - Sync 1 DAGs
[2026-09-10T20:50:26.331+0000] {logging_mixin.py:190} INFO - [2026-09-10T20:50:26.331+0000] {dag.py:4180} INFO - Setting next_dagrun for 1101_trigger_producer to None, run_after=None
[2026-09-10T20:50:26.357+0000] {processor.py:208} INFO - Processing /opt/airflow/dags/1101_trigger_producer.py took 0.090 seconds
[2026-09-10T20:50:56.406+0000] {processor.py:186} INFO - Started process (PID=4619) to work on /opt/airflow/dags/1101_trigger_producer.py
[2026-09-10T20:50:56.407+0000] {processor.py:914} INFO - Processing file /opt/airflow/dags/1101_trigger_producer.py for tasks to queue
[2026-09-10T20:50:56.410+0000] {logging_mixin.py:190} INFO - [2026-09-10T20:50:56.410+0000] {dagbag.py:588} INFO - Filling up the DagBag from /opt/airflow/dags/1101_trigger_producer.py
[2026-09-10T20:50:56.421+0000] {processor.py:925} INFO - DAG(s) '1101_trigger_producer' retrieved from /opt/airflow/dags/1101_trigger_producer.py
[2026-09-10T20:50:56.451+0000] {logging_mixin.py:190} INFO - [2026-09-10T20:50:56.451+0000] {dag.py:3239} INFO - Sync 1 DAGs
[2026-09-10T20:50:56.467+0000] {logging_mixin.py:190} INFO - [2026-09-10T20:50:56.467+0000] {dag.py:4180} INFO - Setting next_dagrun for 1101_trigger_producer to None, run_after=None
[2026-09-10T20:50:56.493+0000] {processor.py:208} INFO - Processing /opt/airflow/dags/1101_trigger_producer.py took 0.094 seconds
[2026-09-10T20:51:26.620+0000] {processor.py:186} INFO - Started process (PID=4692) to work on /opt/airflow/dags/1101_trigger_producer.py
[2026-09-10T20:51:26.621+0000] {processor.py:914} INFO - Processing file /opt/airflow/dags/1101_trigger_producer.py for tasks to queue
[2026-09-10T20:51:26.624+0000] {logging_mixin.py:190} INFO - [2026-09-10T20:51:26.624+0000] {dagbag.py:588} INFO - Filling up the DagBag from /opt/airflow/dags/1101_trigger_producer.py
[2026-09-10T20:51:26.636+0000] {processor.py:925} INFO - DAG(s) '1101_trigger_producer' retrieved from /opt/airflow/dags/1101_trigger_producer.py
[2026-09-10T20:51:26.670+0000] {logging_mixin.py:190} INFO - [2026-09-10T20:51:26.670+0000] {dag.py:3239} INFO - Sync 1 DAGs
[2026-09-10T20:51:26.686+0000] {logging_mixin.py:190} INFO - [2026-09-10T20:51:26.686+0000] {dag.py:4180} INFO - Setting next_dagrun for 1101_trigger_producer to None, run_after=None
[2026-09-10T20:51:26.711+0000] {processor.py:208} INFO - Processing /opt/airflow/dags/1101_trigger_producer.py took 0.100 seconds
[2026-09-10T20:51:56.873+0000] {processor.py:186} INFO - Started process (PID=4762) to work on /opt/airflow/dags/1101_trigger_producer.py
[2026-09-10T20:51:56.874+0000] {processor.py:914} INFO - Processing file /opt/airflow/dags/1101_trigger_producer.py for tasks to queue
[2026-09-10T20:51:56.876+0000] {logging_mixin.py:190} INFO - [2026-09-10T20:51:56.875+0000] {dagbag.py:588} INFO - Filling up the DagBag from /opt/airflow/dags/1101_trigger_producer.py
[2026-09-10T20:51:56.884+0000] {processor.py:925} INFO - DAG(s) '1101_trigger_producer' retrieved from /opt/airflow/dags/1101_trigger_producer.py
[2026-09-10T20:51:56.913+0000] {logging_mixin.py:190} INFO - [2026-09-10T20:51:56.912+0000] {dag.py:3239} INFO - Sync 1 DAGs
[2026-09-10T20:51:56.928+0000] {logging_mixin.py:190} INFO - [2026-09-10T20:51:56.927+0000] {dag.py:4180} INFO - Setting next_dagrun for 1101_trigger_producer to None, run_after=None
[2026-09-10T20:51:56.953+0000] {processor.py:208} INFO - Processing /opt/airflow/dags/1101_trigger_producer.py took 0.087 seconds
[2026-09-10T20:52:27.046+0000] {processor.py:186} INFO - Started process (PID=4832) to work on /opt/airflow/dags/1101_trigger_producer.py
[2026-09-10T20:52:27.047+0000] {processor.py:914} INFO - Processing file /opt/airflow/dags/1101_trigger_producer.py for tasks to queue
[2026-09-10T20:52:27.049+0000] {logging_mixin.py:190} INFO - [2026-09-10T20:52:27.049+0000] {dagbag.py:588} INFO - Filling up the DagBag from /opt/airflow/dags/1101_trigger_producer.py
[2026-09-10T20:52:27.057+0000] {processor.py:925} INFO - DAG(s) '1101_trigger_producer' retrieved from /opt/airflow/dags/1101_trigger_producer.py
[2026-09-10T20:52:27.085+0000] {logging_mixin.py:190} INFO - [2026-09-10T20:52:27.085+0000] {dag.py:3239} INFO - Sync 1 DAGs
[2026-09-10T20:52:27.100+0000] {logging_mixin.py:190} INFO - [2026-09-10T20:52:27.100+0000] {dag.py:4180} INFO - Setting next_dagrun for 1101_trigger_producer to None, run_after=None
[2026-09-10T20:52:27.126+0000] {processor.py:208} INFO - Processing /opt/airflow/dags/1101_trigger_producer.py took 0.086 seconds
[2026-09-10T20:52:57.275+0000] {processor.py:186} INFO - Started process (PID=4902) to work on /opt/airflow/dags/1101_trigger_producer.py
[2026-09-10T20:52:57.276+0000] {processor.py:914} INFO - Processing file /opt/airflow/dags/1101_trigger_producer.py for tasks to queue
[2026-09-10T20:52:57.279+0000] {logging_mixin.py:190} INFO - [2026-09-10T20:52:57.279+0000] {dagbag.py:588} INFO - Filling up the DagBag from /opt/airflow/dags/1101_trigger_producer.py
[2026-09-10T20:52:57.291+0000] {processor.py:925} INFO - DAG(s) '1101_trigger_producer' retrieved from /opt/airflow/dags/1101_trigger_producer.py
[2026-09-10T20:52:57.322+0000] {logging_mixin.py:190} INFO - [2026-09-10T20:52:57.321+0000] {dag.py:3239} INFO - Sync 1 DAGs
[2026-09-10T20:52:57.337+0000] {logging_mixin.py:190} INFO - [2026-09-10T20:52:57.337+0000] {dag.py:4180} INFO - Setting next_dagrun for 1101_trigger_producer to None, run_after=None
[2026-09-10T20:52:57.360+0000] {processor.py:208} INFO - Processing /opt/airflow/dags/1101_trigger_producer.py took 0.094 seconds
[2026-09-10T20:53:27.428+0000] {processor.py:186} INFO - Started process (PID=4972) to work on /opt/airflow/dags/1101_trigger_producer.py
[2026-09-10T20:53:27.429+0000] {processor.py:914} INFO - Processing file /opt/airflow/dags/1101_trigger_producer.py for tasks to queue
[2026-09-10T20:53:27.432+0000] {logging_mixin.py:190} INFO - [2026-09-10T20:53:27.432+0000] {dagbag.py:588} INFO - Filling up the DagBag from /opt/airflow/dags/1101_trigger_producer.py
[2026-09-10T20:53:27.443+0000] {processor.py:925} INFO - DAG(s) '1101_trigger_producer' retrieved from /opt/airflow/dags/1101_trigger_producer.py
[2026-09-10T20:53:27.473+0000] {logging_mixin.py:190} INFO - [2026-09-10T20:53:27.473+0000] {dag.py:3239} INFO - Sync 1 DAGs
[2026-09-10T20:53:27.489+0000] {logging_mixin.py:190} INFO - [2026-09-10T20:53:27.489+0000] {dag.py:4180} INFO - Setting next_dagrun for 1101_trigger_producer to None, run_after=None
[2026-09-10T20:53:27.513+0000] {processor.py:208} INFO - Processing /opt/airflow/dags/1101_trigger_producer.py took 0.093 seconds
[2026-09-10T20:53:57.636+0000] {processor.py:186} INFO - Started process (PID=5042) to work on /opt/airflow/dags/1101_trigger_producer.py
[2026-09-10T20:53:57.637+0000] {processor.py:914} INFO - Processing file /opt/airflow/dags/1101_trigger_producer.py for tasks to queue
[2026-09-10T20:53:57.640+0000] {logging_mixin.py:190} INFO - [2026-09-10T20:53:57.639+0000] {dagbag.py:588} INFO - Filling up the DagBag from /opt/airflow/dags/1101_trigger_producer.py
[2026-09-10T20:53:57.654+0000] {processor.py:925} INFO - DAG(s) '1101_trigger_producer' retrieved from /opt/airflow/dags/1101_trigger_producer.py
[2026-09-10T20:53:57.690+0000] {logging_mixin.py:190} INFO - [2026-09-10T20:53:57.689+0000] {dag.py:3239} INFO - Sync 1 DAGs
[2026-09-10T20:53:57.708+0000] {logging_mixin.py:190} INFO - [2026-09-10T20:53:57.708+0000] {dag.py:4180} INFO - Setting next_dagrun for 1101_trigger_producer to None, run_after=None
[2026-09-10T20:53:57.738+0000] {processor.py:208} INFO - Processing /opt/airflow/dags/1101_trigger_producer.py took 0.109 seconds
[2026-09-10T20:54:27.970+0000] {processor.py:186} INFO - Started process (PID=5112) to work on /opt/airflow/dags/1101_trigger_producer.py
[2026-09-10T20:54:27.972+0000] {processor.py:914} INFO - Processing file /opt/airflow/dags/1101_trigger_producer.py for tasks to queue
[2026-09-10T20:54:27.974+0000] {logging_mixin.py:190} INFO - [2026-09-10T20:54:27.974+0000] {dagbag.py:588} INFO - Filling up the DagBag from /opt/airflow/dags/1101_trigger_producer.py
[2026-09-10T20:54:27.985+0000] {processor.py:925} INFO - DAG(s) '1101_trigger_producer' retrieved from /opt/airflow/dags/1101_trigger_producer.py
[2026-09-10T20:54:28.017+0000] {logging_mixin.py:190} INFO - [2026-09-10T20:54:28.016+0000] {dag.py:3239} INFO - Sync 1 DAGs
[2026-09-10T20:54:28.033+0000] {logging_mixin.py:190} INFO - [2026-09-10T20:54:28.033+0000] {dag.py:4180} INFO - Setting next_dagrun for 1101_trigger_producer to None, run_after=None
[2026-09-10T20:54:28.059+0000] {processor.py:208} INFO - Processing /opt/airflow/dags/1101_trigger_producer.py took 0.098 seconds
[2026-09-10T20:54:58.141+0000] {processor.py:186} INFO - Started process (PID=5182) to work on /opt/airflow/dags/1101_trigger_producer.py
[2026-09-10T20:54:58.141+0000] {processor.py:914} INFO - Processing file /opt/airflow/dags/1101_trigger_producer.py for tasks to queue
[2026-09-10T20:54:58.143+0000] {logging_mixin.py:190} INFO - [2026-09-10T20:54:58.143+0000] {dagbag.py:588} INFO - Filling up the DagBag from /opt/airflow/dags/1101_trigger_producer.py
[2026-09-10T20:54:58.152+0000] {processor.py:925} INFO - DAG(s) '1101_trigger_producer' retrieved from /opt/airflow/dags/1101_trigger_producer.py
[2026-09-10T20:54:58.180+0000] {logging_mixin.py:190} INFO - [2026-09-10T20:54:58.180+0000] {dag.py:3239} INFO - Sync 1 DAGs
[2026-09-10T20:54:58.197+0000] {logging_mixin.py:190} INFO - [2026-09-10T20:54:58.196+0000] {dag.py:4180} INFO - Setting next_dagrun for 1101_trigger_producer to None, run_after=None
[2026-09-10T20:54:58.221+0000] {processor.py:208} INFO - Processing /opt/airflow/dags/1101_trigger_producer.py took 0.087 seconds
[2026-09-10T20:55:28.387+0000] {processor.py:186} INFO - Started process (PID=5251) to work on /opt/airflow/dags/1101_trigger_producer.py
[2026-09-10T20:55:28.388+0000] {processor.py:914} INFO - Processing file /opt/airflow/dags/1101_trigger_producer.py for tasks to queue
[2026-09-10T20:55:28.392+0000] {logging_mixin.py:190} INFO - [2026-09-10T20:55:28.392+0000] {dagbag.py:588} INFO - Filling up the DagBag from /opt/airflow/dags/1101_trigger_producer.py
[2026-09-10T20:55:28.414+0000] {processor.py:925} INFO - DAG(s) '1101_trigger_producer' retrieved from /opt/airflow/dags/1101_trigger_producer.py
[2026-09-10T20:55:28.449+0000] {logging_mixin.py:190} INFO - [2026-09-10T20:55:28.449+0000] {dag.py:3239} INFO - Sync 1 DAGs
[2026-09-10T20:55:28.465+0000] {logging_mixin.py:190} INFO - [2026-09-10T20:55:28.465+0000] {dag.py:4180} INFO - Setting next_dagrun for 1101_trigger_producer to None, run_after=None
[2026-09-10T20:55:28.490+0000] {processor.py:208} INFO - Processing /opt/airflow/dags/1101_trigger_producer.py took 0.130 seconds
[2026-09-10T20:55:58.534+0000] {processor.py:186} INFO - Started process (PID=5319) to work on /opt/airflow/dags/1101_trigger_producer.py
[2026-09-10T20:55:58.535+0000] {processor.py:914} INFO - Processing file /opt/airflow/dags/1101_trigger_producer.py for tasks to queue
[2026-09-10T20:55:58.538+0000] {logging_mixin.py:190} INFO - [2026-09-10T20:55:58.537+0000] {dagbag.py:588} INFO - Filling up the DagBag from /opt/airflow/dags/1101_trigger_producer.py
[2026-09-10T20:55:58.547+0000] {processor.py:925} INFO - DAG(s) '1101_trigger_producer' retrieved from /opt/airflow/dags/1101_trigger_producer.py
[2026-09-10T20:55:58.576+0000] {logging_mixin.py:190} INFO - [2026-09-10T20:55:58.576+0000] {dag.py:3239} INFO - Sync 1 DAGs
[2026-09-10T20:55:58.593+0000] {logging_mixin.py:190} INFO - [2026-09-10T20:55:58.592+0000] {dag.py:4180} INFO - Setting next_dagrun for 1101_trigger_producer to None, run_after=None
[2026-09-10T20:55:58.624+0000] {processor.py:208} INFO - Processing /opt/airflow/dags/1101_trigger_producer.py took 0.098 seconds
[2026-09-10T20:56:28.884+0000] {processor.py:186} INFO - Started process (PID=5392) to work on /opt/airflow/dags/1101_trigger_producer.py
[2026-09-10T20:56:28.885+0000] {processor.py:914} INFO - Processing file /opt/airflow/dags/1101_trigger_producer.py for tasks to queue
[2026-09-10T20:56:28.888+0000] {logging_mixin.py:190} INFO - [2026-09-10T20:56:28.888+0000] {dagbag.py:588} INFO - Filling up the DagBag from /opt/airflow/dags/1101_trigger_producer.py
[2026-09-10T20:56:28.900+0000] {processor.py:925} INFO - DAG(s) '1101_trigger_producer' retrieved from /opt/airflow/dags/1101_trigger_producer.py
[2026-09-10T20:56:28.933+0000] {logging_mixin.py:190} INFO - [2026-09-10T20:56:28.933+0000] {dag.py:3239} INFO - Sync 1 DAGs
[2026-09-10T20:56:28.951+0000] {logging_mixin.py:190} INFO - [2026-09-10T20:56:28.951+0000] {dag.py:4180} INFO - Setting next_dagrun for 1101_trigger_producer to None, run_after=None
[2026-09-10T20:56:28.977+0000] {processor.py:208} INFO - Processing /opt/airflow/dags/1101_trigger_producer.py took 0.102 seconds
[2026-09-10T20:56:59.100+0000] {processor.py:186} INFO - Started process (PID=5462) to work on /opt/airflow/dags/1101_trigger_producer.py
[2026-09-10T20:56:59.101+0000] {processor.py:914} INFO - Processing file /opt/airflow/dags/1101_trigger_producer.py for tasks to queue
[2026-09-10T20:56:59.103+0000] {logging_mixin.py:190} INFO - [2026-09-10T20:56:59.102+0000] {dagbag.py:588} INFO - Filling up the DagBag from /opt/airflow/dags/1101_trigger_producer.py
[2026-09-10T20:56:59.111+0000] {processor.py:925} INFO - DAG(s) '1101_trigger_producer' retrieved from /opt/airflow/dags/1101_trigger_producer.py
[2026-09-10T20:56:59.143+0000] {logging_mixin.py:190} INFO - [2026-09-10T20:56:59.143+0000] {dag.py:3239} INFO - Sync 1 DAGs
[2026-09-10T20:56:59.165+0000] {logging_mixin.py:190} INFO - [2026-09-10T20:56:59.164+0000] {dag.py:4180} INFO - Setting next_dagrun for 1101_trigger_producer to None, run_after=None
[2026-09-10T20:56:59.196+0000] {processor.py:208} INFO - Processing /opt/airflow/dags/1101_trigger_producer.py took 0.103 seconds
[2026-09-10T20:57:29.320+0000] {processor.py:186} INFO - Started process (PID=5532) to work on /opt/airflow/dags/1101_trigger_producer.py
[2026-09-10T20:57:29.321+0000] {processor.py:914} INFO - Processing file /opt/airflow/dags/1101_trigger_producer.py for tasks to queue
[2026-09-10T20:57:29.325+0000] {logging_mixin.py:190} INFO - [2026-09-10T20:57:29.325+0000] {dagbag.py:588} INFO - Filling up the DagBag from /opt/airflow/dags/1101_trigger_producer.py
[2026-09-10T20:57:29.337+0000] {processor.py:925} INFO - DAG(s) '1101_trigger_producer' retrieved from /opt/airflow/dags/1101_trigger_producer.py
[2026-09-10T20:57:29.367+0000] {logging_mixin.py:190} INFO - [2026-09-10T20:57:29.367+0000] {dag.py:3239} INFO - Sync 1 DAGs
[2026-09-10T20:57:29.383+0000] {logging_mixin.py:190} INFO - [2026-09-10T20:57:29.383+0000] {dag.py:4180} INFO - Setting next_dagrun for 1101_trigger_producer to None, run_after=None
[2026-09-10T20:57:29.412+0000] {processor.py:208} INFO - Processing /opt/airflow/dags/1101_trigger_producer.py took 0.101 seconds
[2026-09-10T20:57:59.596+0000] {processor.py:186} INFO - Started process (PID=5604) to work on /opt/airflow/dags/1101_trigger_producer.py
[2026-09-10T20:57:59.597+0000] {processor.py:914} INFO - Processing file /opt/airflow/dags/1101_trigger_producer.py for tasks to queue
[2026-09-10T20:57:59.601+0000] {logging_mixin.py:190} INFO - [2026-09-10T20:57:59.601+0000] {dagbag.py:588} INFO - Filling up the DagBag from /opt/airflow/dags/1101_trigger_producer.py
[2026-09-10T20:57:59.614+0000] {processor.py:925} INFO - DAG(s) '1101_trigger_producer' retrieved from /opt/airflow/dags/1101_trigger_producer.py
[2026-09-10T20:57:59.651+0000] {logging_mixin.py:190} INFO - [2026-09-10T20:57:59.650+0000] {dag.py:3239} INFO - Sync 1 DAGs
[2026-09-10T20:57:59.669+0000] {logging_mixin.py:190} INFO - [2026-09-10T20:57:59.669+0000] {dag.py:4180} INFO - Setting next_dagrun for 1101_trigger_producer to None, run_after=None
[2026-09-10T20:57:59.692+0000] {processor.py:208} INFO - Processing /opt/airflow/dags/1101_trigger_producer.py took 0.106 seconds
[2026-09-10T20:58:29.912+0000] {processor.py:186} INFO - Started process (PID=5672) to work on /opt/airflow/dags/1101_trigger_producer.py
[2026-09-10T20:58:29.913+0000] {processor.py:914} INFO - Processing file /opt/airflow/dags/1101_trigger_producer.py for tasks to queue
[2026-09-10T20:58:29.916+0000] {logging_mixin.py:190} INFO - [2026-09-10T20:58:29.916+0000] {dagbag.py:588} INFO - Filling up the DagBag from /opt/airflow/dags/1101_trigger_producer.py
[2026-09-10T20:58:29.931+0000] {processor.py:925} INFO - DAG(s) '1101_trigger_producer' retrieved from /opt/airflow/dags/1101_trigger_producer.py
[2026-09-10T20:58:29.960+0000] {logging_mixin.py:190} INFO - [2026-09-10T20:58:29.959+0000] {dag.py:3239} INFO - Sync 1 DAGs
[2026-09-10T20:58:29.975+0000] {logging_mixin.py:190} INFO - [2026-09-10T20:58:29.975+0000] {dag.py:4180} INFO - Setting next_dagrun for 1101_trigger_producer to None, run_after=None
[2026-09-10T20:58:30.004+0000] {processor.py:208} INFO - Processing /opt/airflow/dags/1101_trigger_producer.py took 0.102 seconds
[2026-09-10T20:59:00.534+0000] {processor.py:186} INFO - Started process (PID=5742) to work on /opt/airflow/dags/1101_trigger_producer.py
[2026-09-10T20:59:00.535+0000] {processor.py:914} INFO - Processing file /opt/airflow/dags/1101_trigger_producer.py for tasks to queue
[2026-09-10T20:59:00.538+0000] {logging_mixin.py:190} INFO - [2026-09-10T20:59:00.537+0000] {dagbag.py:588} INFO - Filling up the DagBag from /opt/airflow/dags/1101_trigger_producer.py
[2026-09-10T20:59:00.547+0000] {processor.py:925} INFO - DAG(s) '1101_trigger_producer' retrieved from /opt/airflow/dags/1101_trigger_producer.py
[2026-09-10T20:59:00.582+0000] {logging_mixin.py:190} INFO - [2026-09-10T20:59:00.582+0000] {dag.py:3239} INFO - Sync 1 DAGs
[2026-09-10T20:59:00.599+0000] {logging_mixin.py:190} INFO - [2026-09-10T20:59:00.599+0000] {dag.py:4180} INFO - Setting next_dagrun for 1101_trigger_producer to None, run_after=None
[2026-09-10T20:59:00.629+0000] {processor.py:208} INFO - Processing /opt/airflow/dags/1101_trigger_producer.py took 0.101 seconds
[2026-09-10T20:59:30.909+0000] {processor.py:186} INFO - Started process (PID=5812) to work on /opt/airflow/dags/1101_trigger_producer.py
[2026-09-10T20:59:30.910+0000] {processor.py:914} INFO - Processing file /opt/airflow/dags/1101_trigger_producer.py for tasks to queue
[2026-09-10T20:59:30.914+0000] {logging_mixin.py:190} INFO - [2026-09-10T20:59:30.913+0000] {dagbag.py:588} INFO - Filling up the DagBag from /opt/airflow/dags/1101_trigger_producer.py
[2026-09-10T20:59:30.924+0000] {processor.py:925} INFO - DAG(s) '1101_trigger_producer' retrieved from /opt/airflow/dags/1101_trigger_producer.py
[2026-09-10T20:59:30.955+0000] {logging_mixin.py:190} INFO - [2026-09-10T20:59:30.955+0000] {dag.py:3239} INFO - Sync 1 DAGs
[2026-09-10T20:59:30.970+0000] {logging_mixin.py:190} INFO - [2026-09-10T20:59:30.970+0000] {dag.py:4180} INFO - Setting next_dagrun for 1101_trigger_producer to None, run_after=None
[2026-09-10T20:59:31.004+0000] {processor.py:208} INFO - Processing /opt/airflow/dags/1101_trigger_producer.py took 0.104 seconds
[2026-09-10T21:00:01.131+0000] {processor.py:186} INFO - Started process (PID=5882) to work on /opt/airflow/dags/1101_trigger_producer.py
[2026-09-10T21:00:01.132+0000] {processor.py:914} INFO - Processing file /opt/airflow/dags/1101_trigger_producer.py for tasks to queue
[2026-09-10T21:00:01.134+0000] {logging_mixin.py:190} INFO - [2026-09-10T21:00:01.134+0000] {dagbag.py:588} INFO - Filling up the DagBag from /opt/airflow/dags/1101_trigger_producer.py
[2026-09-10T21:00:01.145+0000] {processor.py:925} INFO - DAG(s) '1101_trigger_producer' retrieved from /opt/airflow/dags/1101_trigger_producer.py
[2026-09-10T21:00:01.180+0000] {logging_mixin.py:190} INFO - [2026-09-10T21:00:01.179+0000] {dag.py:3239} INFO - Sync 1 DAGs
[2026-09-10T21:00:01.200+0000] {logging_mixin.py:190} INFO - [2026-09-10T21:00:01.199+0000] {dag.py:4180} INFO - Setting next_dagrun for 1101_trigger_producer to None, run_after=None
[2026-09-10T21:00:01.232+0000] {processor.py:208} INFO - Processing /opt/airflow/dags/1101_trigger_producer.py took 0.109 seconds
[2026-09-10T21:00:31.344+0000] {processor.py:186} INFO - Started process (PID=5952) to work on /opt/airflow/dags/1101_trigger_producer.py
[2026-09-10T21:00:31.345+0000] {processor.py:914} INFO - Processing file /opt/airflow/dags/1101_trigger_producer.py for tasks to queue
[2026-09-10T21:00:31.348+0000] {logging_mixin.py:190} INFO - [2026-09-10T21:00:31.348+0000] {dagbag.py:588} INFO - Filling up the DagBag from /opt/airflow/dags/1101_trigger_producer.py
[2026-09-10T21:00:31.360+0000] {processor.py:925} INFO - DAG(s) '1101_trigger_producer' retrieved from /opt/airflow/dags/1101_trigger_producer.py
[2026-09-10T21:00:31.391+0000] {logging_mixin.py:190} INFO - [2026-09-10T21:00:31.391+0000] {dag.py:3239} INFO - Sync 1 DAGs
[2026-09-10T21:00:31.409+0000] {logging_mixin.py:190} INFO - [2026-09-10T21:00:31.408+0000] {dag.py:4180} INFO - Setting next_dagrun for 1101_trigger_producer to None, run_after=None
[2026-09-10T21:00:31.436+0000] {processor.py:208} INFO - Processing /opt/airflow/dags/1101_trigger_producer.py took 0.102 seconds
[2026-09-10T21:01:01.589+0000] {processor.py:186} INFO - Started process (PID=6022) to work on /opt/airflow/dags/1101_trigger_producer.py
[2026-09-10T21:01:01.590+0000] {processor.py:914} INFO - Processing file /opt/airflow/dags/1101_trigger_producer.py for tasks to queue
[2026-09-10T21:01:01.594+0000] {logging_mixin.py:190} INFO - [2026-09-10T21:01:01.593+0000] {dagbag.py:588} INFO - Filling up the DagBag from /opt/airflow/dags/1101_trigger_producer.py
[2026-09-10T21:01:01.608+0000] {processor.py:925} INFO - DAG(s) '1101_trigger_producer' retrieved from /opt/airflow/dags/1101_trigger_producer.py
[2026-09-10T21:01:01.641+0000] {logging_mixin.py:190} INFO - [2026-09-10T21:01:01.641+0000] {dag.py:3239} INFO - Sync 1 DAGs
[2026-09-10T21:01:01.660+0000] {logging_mixin.py:190} INFO - [2026-09-10T21:01:01.659+0000] {dag.py:4180} INFO - Setting next_dagrun for 1101_trigger_producer to None, run_after=None
[2026-09-10T21:01:01.689+0000] {processor.py:208} INFO - Processing /opt/airflow/dags/1101_trigger_producer.py took 0.109 seconds
[2026-09-10T21:01:32.664+0000] {processor.py:186} INFO - Started process (PID=6092) to work on /opt/airflow/dags/1101_trigger_producer.py
[2026-09-10T21:01:32.666+0000] {processor.py:914} INFO - Processing file /opt/airflow/dags/1101_trigger_producer.py for tasks to queue
[2026-09-10T21:01:32.669+0000] {logging_mixin.py:190} INFO - [2026-09-10T21:01:32.669+0000] {dagbag.py:588} INFO - Filling up the DagBag from /opt/airflow/dags/1101_trigger_producer.py
[2026-09-10T21:01:32.684+0000] {processor.py:925} INFO - DAG(s) '1101_trigger_producer' retrieved from /opt/airflow/dags/1101_trigger_producer.py
[2026-09-10T21:01:32.741+0000] {logging_mixin.py:190} INFO - [2026-09-10T21:01:32.740+0000] {dag.py:3239} INFO - Sync 1 DAGs
[2026-09-10T21:01:32.759+0000] {logging_mixin.py:190} INFO - [2026-09-10T21:01:32.758+0000] {dag.py:4180} INFO - Setting next_dagrun for 1101_trigger_producer to None, run_after=None
[2026-09-10T21:01:32.783+0000] {processor.py:208} INFO - Processing /opt/airflow/dags/1101_trigger_producer.py took 0.135 seconds
[2026-09-10T21:02:03.739+0000] {processor.py:186} INFO - Started process (PID=6162) to work on /opt/airflow/dags/1101_trigger_producer.py
[2026-09-10T21:02:03.740+0000] {processor.py:914} INFO - Processing file /opt/airflow/dags/1101_trigger_producer.py for tasks to queue
[2026-09-10T21:02:03.743+0000] {logging_mixin.py:190} INFO - [2026-09-10T21:02:03.742+0000] {dagbag.py:588} INFO - Filling up the DagBag from /opt/airflow/dags/1101_trigger_producer.py
[2026-09-10T21:02:03.751+0000] {processor.py:925} INFO - DAG(s) '1101_trigger_producer' retrieved from /opt/airflow/dags/1101_trigger_producer.py
[2026-09-10T21:02:03.780+0000] {logging_mixin.py:190} INFO - [2026-09-10T21:02:03.780+0000] {dag.py:3239} INFO - Sync 1 DAGs
[2026-09-10T21:02:03.797+0000] {logging_mixin.py:190} INFO - [2026-09-10T21:02:03.797+0000] {dag.py:4180} INFO - Setting next_dagrun for 1101_trigger_producer to None, run_after=None
[2026-09-10T21:02:03.822+0000] {processor.py:208} INFO - Processing /opt/airflow/dags/1101_trigger_producer.py took 0.090 seconds
[2026-09-10T21:02:34.113+0000] {processor.py:186} INFO - Started process (PID=6232) to work on /opt/airflow/dags/1101_trigger_producer.py
[2026-09-10T21:02:34.115+0000] {processor.py:914} INFO - Processing file /opt/airflow/dags/1101_trigger_producer.py for tasks to queue
[2026-09-10T21:02:34.119+0000] {logging_mixin.py:190} INFO - [2026-09-10T21:02:34.118+0000] {dagbag.py:588} INFO - Filling up the DagBag from /opt/airflow/dags/1101_trigger_producer.py
[2026-09-10T21:02:34.135+0000] {processor.py:925} INFO - DAG(s) '1101_trigger_producer' retrieved from /opt/airflow/dags/1101_trigger_producer.py
[2026-09-10T21:02:34.173+0000] {logging_mixin.py:190} INFO - [2026-09-10T21:02:34.172+0000] {dag.py:3239} INFO - Sync 1 DAGs
[2026-09-10T21:02:34.191+0000] {logging_mixin.py:190} INFO - [2026-09-10T21:02:34.191+0000] {dag.py:4180} INFO - Setting next_dagrun for 1101_trigger_producer to None, run_after=None
[2026-09-10T21:02:34.217+0000] {processor.py:208} INFO - Processing /opt/airflow/dags/1101_trigger_producer.py took 0.124 seconds
[2026-09-10T21:03:04.289+0000] {processor.py:186} INFO - Started process (PID=6302) to work on /opt/airflow/dags/1101_trigger_producer.py
[2026-09-10T21:03:04.290+0000] {processor.py:914} INFO - Processing file /opt/airflow/dags/1101_trigger_producer.py for tasks to queue
[2026-09-10T21:03:04.293+0000] {logging_mixin.py:190} INFO - [2026-09-10T21:03:04.293+0000] {dagbag.py:588} INFO - Filling up the DagBag from /opt/airflow/dags/1101_trigger_producer.py
[2026-09-10T21:03:04.305+0000] {processor.py:925} INFO - DAG(s) '1101_trigger_producer' retrieved from /opt/airflow/dags/1101_trigger_producer.py
[2026-09-10T21:03:04.341+0000] {logging_mixin.py:190} INFO - [2026-09-10T21:03:04.341+0000] {dag.py:3239} INFO - Sync 1 DAGs
[2026-09-10T21:03:04.359+0000] {logging_mixin.py:190} INFO - [2026-09-10T21:03:04.359+0000] {dag.py:4180} INFO - Setting next_dagrun for 1101_trigger_producer to None, run_after=None
[2026-09-10T21:03:04.384+0000] {processor.py:208} INFO - Processing /opt/airflow/dags/1101_trigger_producer.py took 0.104 seconds
[2026-09-10T21:03:34.424+0000] {processor.py:186} INFO - Started process (PID=6369) to work on /opt/airflow/dags/1101_trigger_producer.py
[2026-09-10T21:03:34.425+0000] {processor.py:914} INFO - Processing file /opt/airflow/dags/1101_trigger_producer.py for tasks to queue
[2026-09-10T21:03:34.428+0000] {logging_mixin.py:190} INFO - [2026-09-10T21:03:34.427+0000] {dagbag.py:588} INFO - Filling up the DagBag from /opt/airflow/dags/1101_trigger_producer.py
[2026-09-10T21:03:34.438+0000] {processor.py:925} INFO - DAG(s) '1101_trigger_producer' retrieved from /opt/airflow/dags/1101_trigger_producer.py
[2026-09-10T21:03:34.466+0000] {logging_mixin.py:190} INFO - [2026-09-10T21:03:34.466+0000] {dag.py:3239} INFO - Sync 1 DAGs
[2026-09-10T21:03:34.481+0000] {logging_mixin.py:190} INFO - [2026-09-10T21:03:34.481+0000] {dag.py:4180} INFO - Setting next_dagrun for 1101_trigger_producer to None, run_after=None
[2026-09-10T21:03:34.505+0000] {processor.py:208} INFO - Processing /opt/airflow/dags/1101_trigger_producer.py took 0.089 seconds
[2026-09-10T21:04:04.666+0000] {processor.py:186} INFO - Started process (PID=6439) to work on /opt/airflow/dags/1101_trigger_producer.py
[2026-09-10T21:04:04.667+0000] {processor.py:914} INFO - Processing file /opt/airflow/dags/1101_trigger_producer.py for tasks to queue
[2026-09-10T21:04:04.670+0000] {logging_mixin.py:190} INFO - [2026-09-10T21:04:04.670+0000] {dagbag.py:588} INFO - Filling up the DagBag from /opt/airflow/dags/1101_trigger_producer.py
[2026-09-10T21:04:04.680+0000] {processor.py:925} INFO - DAG(s) '1101_trigger_producer' retrieved from /opt/airflow/dags/1101_trigger_producer.py
[2026-09-10T21:04:04.708+0000] {logging_mixin.py:190} INFO - [2026-09-10T21:04:04.708+0000] {dag.py:3239} INFO - Sync 1 DAGs
[2026-09-10T21:04:04.725+0000] {logging_mixin.py:190} INFO - [2026-09-10T21:04:04.724+0000] {dag.py:4180} INFO - Setting next_dagrun for 1101_trigger_producer to None, run_after=None
[2026-09-10T21:04:04.750+0000] {processor.py:208} INFO - Processing /opt/airflow/dags/1101_trigger_producer.py took 0.092 seconds
[2026-09-10T21:04:34.987+0000] {processor.py:186} INFO - Started process (PID=6512) to work on /opt/airflow/dags/1101_trigger_producer.py
[2026-09-10T21:04:34.988+0000] {processor.py:914} INFO - Processing file /opt/airflow/dags/1101_trigger_producer.py for tasks to queue
[2026-09-10T21:04:34.990+0000] {logging_mixin.py:190} INFO - [2026-09-10T21:04:34.990+0000] {dagbag.py:588} INFO - Filling up the DagBag from /opt/airflow/dags/1101_trigger_producer.py
[2026-09-10T21:04:35.000+0000] {processor.py:925} INFO - DAG(s) '1101_trigger_producer' retrieved from /opt/airflow/dags/1101_trigger_producer.py
[2026-09-10T21:04:35.032+0000] {logging_mixin.py:190} INFO - [2026-09-10T21:04:35.032+0000] {dag.py:3239} INFO - Sync 1 DAGs
[2026-09-10T21:04:35.048+0000] {logging_mixin.py:190} INFO - [2026-09-10T21:04:35.048+0000] {dag.py:4180} INFO - Setting next_dagrun for 1101_trigger_producer to None, run_after=None
[2026-09-10T21:04:35.072+0000] {processor.py:208} INFO - Processing /opt/airflow/dags/1101_trigger_producer.py took 0.093 seconds
[2026-09-10T21:05:05.194+0000] {processor.py:186} INFO - Started process (PID=6582) to work on /opt/airflow/dags/1101_trigger_producer.py
[2026-09-10T21:05:05.196+0000] {processor.py:914} INFO - Processing file /opt/airflow/dags/1101_trigger_producer.py for tasks to queue
[2026-09-10T21:05:05.199+0000] {logging_mixin.py:190} INFO - [2026-09-10T21:05:05.198+0000] {dagbag.py:588} INFO - Filling up the DagBag from /opt/airflow/dags/1101_trigger_producer.py
[2026-09-10T21:05:05.210+0000] {processor.py:925} INFO - DAG(s) '1101_trigger_producer' retrieved from /opt/airflow/dags/1101_trigger_producer.py
[2026-09-10T21:05:05.242+0000] {logging_mixin.py:190} INFO - [2026-09-10T21:05:05.241+0000] {dag.py:3239} INFO - Sync 1 DAGs
[2026-09-10T21:05:05.258+0000] {logging_mixin.py:190} INFO - [2026-09-10T21:05:05.258+0000] {dag.py:4180} INFO - Setting next_dagrun for 1101_trigger_producer to None, run_after=None
[2026-09-10T21:05:05.282+0000] {processor.py:208} INFO - Processing /opt/airflow/dags/1101_trigger_producer.py took 0.096 seconds
[2026-09-10T21:05:35.371+0000] {processor.py:186} INFO - Started process (PID=6652) to work on /opt/airflow/dags/1101_trigger_producer.py
[2026-09-10T21:05:35.372+0000] {processor.py:914} INFO - Processing file /opt/airflow/dags/1101_trigger_producer.py for tasks to queue
[2026-09-10T21:05:35.375+0000] {logging_mixin.py:190} INFO - [2026-09-10T21:05:35.375+0000] {dagbag.py:588} INFO - Filling up the DagBag from /opt/airflow/dags/1101_trigger_producer.py
[2026-09-10T21:05:35.387+0000] {processor.py:925} INFO - DAG(s) '1101_trigger_producer' retrieved from /opt/airflow/dags/1101_trigger_producer.py
[2026-09-10T21:05:35.418+0000] {logging_mixin.py:190} INFO - [2026-09-10T21:05:35.418+0000] {dag.py:3239} INFO - Sync 1 DAGs
[2026-09-10T21:05:35.435+0000] {logging_mixin.py:190} INFO - [2026-09-10T21:05:35.435+0000] {dag.py:4180} INFO - Setting next_dagrun for 1101_trigger_producer to None, run_after=None
[2026-09-10T21:05:35.461+0000] {processor.py:208} INFO - Processing /opt/airflow/dags/1101_trigger_producer.py took 0.100 seconds
[2026-09-10T21:06:05.592+0000] {processor.py:186} INFO - Started process (PID=6722) to work on /opt/airflow/dags/1101_trigger_producer.py
[2026-09-10T21:06:05.593+0000] {processor.py:914} INFO - Processing file /opt/airflow/dags/1101_trigger_producer.py for tasks to queue
[2026-09-10T21:06:05.595+0000] {logging_mixin.py:190} INFO - [2026-09-10T21:06:05.595+0000] {dagbag.py:588} INFO - Filling up the DagBag from /opt/airflow/dags/1101_trigger_producer.py
[2026-09-10T21:06:05.604+0000] {processor.py:925} INFO - DAG(s) '1101_trigger_producer' retrieved from /opt/airflow/dags/1101_trigger_producer.py
[2026-09-10T21:06:05.634+0000] {logging_mixin.py:190} INFO - [2026-09-10T21:06:05.634+0000] {dag.py:3239} INFO - Sync 1 DAGs
[2026-09-10T21:06:05.651+0000] {logging_mixin.py:190} INFO - [2026-09-10T21:06:05.650+0000] {dag.py:4180} INFO - Setting next_dagrun for 1101_trigger_producer to None, run_after=None
[2026-09-10T21:06:05.676+0000] {processor.py:208} INFO - Processing /opt/airflow/dags/1101_trigger_producer.py took 0.092 seconds
[2026-09-10T21:06:35.864+0000] {processor.py:186} INFO - Started process (PID=6792) to work on /opt/airflow/dags/1101_trigger_producer.py
[2026-09-10T21:06:35.865+0000] {processor.py:914} INFO - Processing file /opt/airflow/dags/1101_trigger_producer.py for tasks to queue
[2026-09-10T21:06:35.870+0000] {logging_mixin.py:190} INFO - [2026-09-10T21:06:35.869+0000] {dagbag.py:588} INFO - Filling up the DagBag from /opt/airflow/dags/1101_trigger_producer.py
[2026-09-10T21:06:35.882+0000] {processor.py:925} INFO - DAG(s) '1101_trigger_producer' retrieved from /opt/airflow/dags/1101_trigger_producer.py
[2026-09-10T21:06:35.916+0000] {logging_mixin.py:190} INFO - [2026-09-10T21:06:35.915+0000] {dag.py:3239} INFO - Sync 1 DAGs
[2026-09-10T21:06:35.936+0000] {logging_mixin.py:190} INFO - [2026-09-10T21:06:35.936+0000] {dag.py:4180} INFO - Setting next_dagrun for 1101_trigger_producer to None, run_after=None
[2026-09-10T21:06:35.962+0000] {processor.py:208} INFO - Processing /opt/airflow/dags/1101_trigger_producer.py took 0.107 seconds
[2026-09-10T21:07:06.178+0000] {processor.py:186} INFO - Started process (PID=6862) to work on /opt/airflow/dags/1101_trigger_producer.py
[2026-09-10T21:07:06.179+0000] {processor.py:914} INFO - Processing file /opt/airflow/dags/1101_trigger_producer.py for tasks to queue
[2026-09-10T21:07:06.181+0000] {logging_mixin.py:190} INFO - [2026-09-10T21:07:06.181+0000] {dagbag.py:588} INFO - Filling up the DagBag from /opt/airflow/dags/1101_trigger_producer.py
[2026-09-10T21:07:06.190+0000] {processor.py:925} INFO - DAG(s) '1101_trigger_producer' retrieved from /opt/airflow/dags/1101_trigger_producer.py
[2026-09-10T21:07:06.218+0000] {logging_mixin.py:190} INFO - [2026-09-10T21:07:06.218+0000] {dag.py:3239} INFO - Sync 1 DAGs
[2026-09-10T21:07:06.235+0000] {logging_mixin.py:190} INFO - [2026-09-10T21:07:06.235+0000] {dag.py:4180} INFO - Setting next_dagrun for 1101_trigger_producer to None, run_after=None
[2026-09-10T21:07:06.261+0000] {processor.py:208} INFO - Processing /opt/airflow/dags/1101_trigger_producer.py took 0.090 seconds
[2026-09-10T21:07:36.332+0000] {processor.py:186} INFO - Started process (PID=6932) to work on /opt/airflow/dags/1101_trigger_producer.py
[2026-09-10T21:07:36.333+0000] {processor.py:914} INFO - Processing file /opt/airflow/dags/1101_trigger_producer.py for tasks to queue
[2026-09-10T21:07:36.335+0000] {logging_mixin.py:190} INFO - [2026-09-10T21:07:36.334+0000] {dagbag.py:588} INFO - Filling up the DagBag from /opt/airflow/dags/1101_trigger_producer.py
[2026-09-10T21:07:36.344+0000] {processor.py:925} INFO - DAG(s) '1101_trigger_producer' retrieved from /opt/airflow/dags/1101_trigger_producer.py
[2026-09-10T21:07:36.372+0000] {logging_mixin.py:190} INFO - [2026-09-10T21:07:36.372+0000] {dag.py:3239} INFO - Sync 1 DAGs
[2026-09-10T21:07:36.392+0000] {logging_mixin.py:190} INFO - [2026-09-10T21:07:36.392+0000] {dag.py:4180} INFO - Setting next_dagrun for 1101_trigger_producer to None, run_after=None
[2026-09-10T21:07:36.420+0000] {processor.py:208} INFO - Processing /opt/airflow/dags/1101_trigger_producer.py took 0.095 seconds
[2026-09-10T21:08:06.512+0000] {processor.py:186} INFO - Started process (PID=7002) to work on /opt/airflow/dags/1101_trigger_producer.py
[2026-09-10T21:08:06.513+0000] {processor.py:914} INFO - Processing file /opt/airflow/dags/1101_trigger_producer.py for tasks to queue
[2026-09-10T21:08:06.516+0000] {logging_mixin.py:190} INFO - [2026-09-10T21:08:06.516+0000] {dagbag.py:588} INFO - Filling up the DagBag from /opt/airflow/dags/1101_trigger_producer.py
[2026-09-10T21:08:06.527+0000] {processor.py:925} INFO - DAG(s) '1101_trigger_producer' retrieved from /opt/airflow/dags/1101_trigger_producer.py
[2026-09-10T21:08:06.559+0000] {logging_mixin.py:190} INFO - [2026-09-10T21:08:06.559+0000] {dag.py:3239} INFO - Sync 1 DAGs
[2026-09-10T21:08:06.576+0000] {logging_mixin.py:190} INFO - [2026-09-10T21:08:06.576+0000] {dag.py:4180} INFO - Setting next_dagrun for 1101_trigger_producer to None, run_after=None
[2026-09-10T21:08:06.602+0000] {processor.py:208} INFO - Processing /opt/airflow/dags/1101_trigger_producer.py took 0.099 seconds
[2026-09-10T21:08:36.768+0000] {processor.py:186} INFO - Started process (PID=7072) to work on /opt/airflow/dags/1101_trigger_producer.py
[2026-09-10T21:08:36.769+0000] {processor.py:914} INFO - Processing file /opt/airflow/dags/1101_trigger_producer.py for tasks to queue
[2026-09-10T21:08:36.772+0000] {logging_mixin.py:190} INFO - [2026-09-10T21:08:36.772+0000] {dagbag.py:588} INFO - Filling up the DagBag from /opt/airflow/dags/1101_trigger_producer.py
[2026-09-10T21:08:36.782+0000] {processor.py:925} INFO - DAG(s) '1101_trigger_producer' retrieved from /opt/airflow/dags/1101_trigger_producer.py
[2026-09-10T21:08:36.816+0000] {logging_mixin.py:190} INFO - [2026-09-10T21:08:36.816+0000] {dag.py:3239} INFO - Sync 1 DAGs
[2026-09-10T21:08:36.835+0000] {logging_mixin.py:190} INFO - [2026-09-10T21:08:36.835+0000] {dag.py:4180} INFO - Setting next_dagrun for 1101_trigger_producer to None, run_after=None
[2026-09-10T21:08:36.865+0000] {processor.py:208} INFO - Processing /opt/airflow/dags/1101_trigger_producer.py took 0.104 seconds
[2026-09-10T21:09:06.907+0000] {processor.py:186} INFO - Started process (PID=7139) to work on /opt/airflow/dags/1101_trigger_producer.py
[2026-09-10T21:09:06.908+0000] {processor.py:914} INFO - Processing file /opt/airflow/dags/1101_trigger_producer.py for tasks to queue
[2026-09-10T21:09:06.911+0000] {logging_mixin.py:190} INFO - [2026-09-10T21:09:06.911+0000] {dagbag.py:588} INFO - Filling up the DagBag from /opt/airflow/dags/1101_trigger_producer.py
[2026-09-10T21:09:06.922+0000] {processor.py:925} INFO - DAG(s) '1101_trigger_producer' retrieved from /opt/airflow/dags/1101_trigger_producer.py
[2026-09-10T21:09:06.950+0000] {logging_mixin.py:190} INFO - [2026-09-10T21:09:06.950+0000] {dag.py:3239} INFO - Sync 1 DAGs
[2026-09-10T21:09:06.966+0000] {logging_mixin.py:190} INFO - [2026-09-10T21:09:06.966+0000] {dag.py:4180} INFO - Setting next_dagrun for 1101_trigger_producer to None, run_after=None
[2026-09-10T21:09:07.001+0000] {processor.py:208} INFO - Processing /opt/airflow/dags/1101_trigger_producer.py took 0.101 seconds
[2026-09-10T21:09:37.159+0000] {processor.py:186} INFO - Started process (PID=7212) to work on /opt/airflow/dags/1101_trigger_producer.py
[2026-09-10T21:09:37.160+0000] {processor.py:914} INFO - Processing file /opt/airflow/dags/1101_trigger_producer.py for tasks to queue
[2026-09-10T21:09:37.164+0000] {logging_mixin.py:190} INFO - [2026-09-10T21:09:37.163+0000] {dagbag.py:588} INFO - Filling up the DagBag from /opt/airflow/dags/1101_trigger_producer.py
[2026-09-10T21:09:37.175+0000] {processor.py:925} INFO - DAG(s) '1101_trigger_producer' retrieved from /opt/airflow/dags/1101_trigger_producer.py
[2026-09-10T21:09:37.206+0000] {logging_mixin.py:190} INFO - [2026-09-10T21:09:37.205+0000] {dag.py:3239} INFO - Sync 1 DAGs
[2026-09-10T21:09:37.222+0000] {logging_mixin.py:190} INFO - [2026-09-10T21:09:37.222+0000] {dag.py:4180} INFO - Setting next_dagrun for 1101_trigger_producer to None, run_after=None
[2026-09-10T21:09:37.249+0000] {processor.py:208} INFO - Processing /opt/airflow/dags/1101_trigger_producer.py took 0.102 seconds
[2026-09-10T21:10:07.537+0000] {processor.py:186} INFO - Started process (PID=7282) to work on /opt/airflow/dags/1101_trigger_producer.py
[2026-09-10T21:10:07.539+0000] {processor.py:914} INFO - Processing file /opt/airflow/dags/1101_trigger_producer.py for tasks to queue
[2026-09-10T21:10:07.542+0000] {logging_mixin.py:190} INFO - [2026-09-10T21:10:07.541+0000] {dagbag.py:588} INFO - Filling up the DagBag from /opt/airflow/dags/1101_trigger_producer.py
[2026-09-10T21:10:07.556+0000] {processor.py:925} INFO - DAG(s) '1101_trigger_producer' retrieved from /opt/airflow/dags/1101_trigger_producer.py
[2026-09-10T21:10:07.587+0000] {logging_mixin.py:190} INFO - [2026-09-10T21:10:07.586+0000] {dag.py:3239} INFO - Sync 1 DAGs
[2026-09-10T21:10:07.603+0000] {logging_mixin.py:190} INFO - [2026-09-10T21:10:07.603+0000] {dag.py:4180} INFO - Setting next_dagrun for 1101_trigger_producer to None, run_after=None
[2026-09-10T21:10:07.630+0000] {processor.py:208} INFO - Processing /opt/airflow/dags/1101_trigger_producer.py took 0.102 seconds
[2026-09-10T21:10:37.687+0000] {processor.py:186} INFO - Started process (PID=7352) to work on /opt/airflow/dags/1101_trigger_producer.py
[2026-09-10T21:10:37.688+0000] {processor.py:914} INFO - Processing file /opt/airflow/dags/1101_trigger_producer.py for tasks to queue
[2026-09-10T21:10:37.691+0000] {logging_mixin.py:190} INFO - [2026-09-10T21:10:37.690+0000] {dagbag.py:588} INFO - Filling up the DagBag from /opt/airflow/dags/1101_trigger_producer.py
[2026-09-10T21:10:37.704+0000] {processor.py:925} INFO - DAG(s) '1101_trigger_producer' retrieved from /opt/airflow/dags/1101_trigger_producer.py
[2026-09-10T21:10:37.744+0000] {logging_mixin.py:190} INFO - [2026-09-10T21:10:37.744+0000] {dag.py:3239} INFO - Sync 1 DAGs
[2026-09-10T21:10:37.768+0000] {logging_mixin.py:190} INFO - [2026-09-10T21:10:37.767+0000] {dag.py:4180} INFO - Setting next_dagrun for 1101_trigger_producer to None, run_after=None
[2026-09-10T21:10:37.794+0000] {processor.py:208} INFO - Processing /opt/airflow/dags/1101_trigger_producer.py took 0.115 seconds
[2026-09-10T21:11:07.913+0000] {processor.py:186} INFO - Started process (PID=7422) to work on /opt/airflow/dags/1101_trigger_producer.py
[2026-09-10T21:11:07.914+0000] {processor.py:914} INFO - Processing file /opt/airflow/dags/1101_trigger_producer.py for tasks to queue
[2026-09-10T21:11:07.917+0000] {logging_mixin.py:190} INFO - [2026-09-10T21:11:07.917+0000] {dagbag.py:588} INFO - Filling up the DagBag from /opt/airflow/dags/1101_trigger_producer.py
[2026-09-10T21:11:07.931+0000] {processor.py:925} INFO - DAG(s) '1101_trigger_producer' retrieved from /opt/airflow/dags/1101_trigger_producer.py
[2026-09-10T21:11:07.962+0000] {logging_mixin.py:190} INFO - [2026-09-10T21:11:07.962+0000] {dag.py:3239} INFO - Sync 1 DAGs
[2026-09-10T21:11:07.978+0000] {logging_mixin.py:190} INFO - [2026-09-10T21:11:07.978+0000] {dag.py:4180} INFO - Setting next_dagrun for 1101_trigger_producer to None, run_after=None
[2026-09-10T21:11:08.005+0000] {processor.py:208} INFO - Processing /opt/airflow/dags/1101_trigger_producer.py took 0.102 seconds
[2026-09-10T21:11:38.098+0000] {processor.py:186} INFO - Started process (PID=7492) to work on /opt/airflow/dags/1101_trigger_producer.py
[2026-09-10T21:11:38.099+0000] {processor.py:914} INFO - Processing file /opt/airflow/dags/1101_trigger_producer.py for tasks to queue
[2026-09-10T21:11:38.102+0000] {logging_mixin.py:190} INFO - [2026-09-10T21:11:38.101+0000] {dagbag.py:588} INFO - Filling up the DagBag from /opt/airflow/dags/1101_trigger_producer.py
[2026-09-10T21:11:38.113+0000] {processor.py:925} INFO - DAG(s) '1101_trigger_producer' retrieved from /opt/airflow/dags/1101_trigger_producer.py
[2026-09-10T21:11:38.148+0000] {logging_mixin.py:190} INFO - [2026-09-10T21:11:38.147+0000] {dag.py:3239} INFO - Sync 1 DAGs
[2026-09-10T21:11:38.173+0000] {logging_mixin.py:190} INFO - [2026-09-10T21:11:38.173+0000] {dag.py:4180} INFO - Setting next_dagrun for 1101_trigger_producer to None, run_after=None
[2026-09-10T21:11:38.246+0000] {processor.py:208} INFO - Processing /opt/airflow/dags/1101_trigger_producer.py took 0.157 seconds
[2026-09-10T21:12:09.150+0000] {processor.py:186} INFO - Started process (PID=7562) to work on /opt/airflow/dags/1101_trigger_producer.py
[2026-09-10T21:12:09.152+0000] {processor.py:914} INFO - Processing file /opt/airflow/dags/1101_trigger_producer.py for tasks to queue
[2026-09-10T21:12:09.155+0000] {logging_mixin.py:190} INFO - [2026-09-10T21:12:09.154+0000] {dagbag.py:588} INFO - Filling up the DagBag from /opt/airflow/dags/1101_trigger_producer.py
[2026-09-10T21:12:09.167+0000] {processor.py:925} INFO - DAG(s) '1101_trigger_producer' retrieved from /opt/airflow/dags/1101_trigger_producer.py
[2026-09-10T21:12:09.202+0000] {logging_mixin.py:190} INFO - [2026-09-10T21:12:09.202+0000] {dag.py:3239} INFO - Sync 1 DAGs
[2026-09-10T21:12:09.220+0000] {logging_mixin.py:190} INFO - [2026-09-10T21:12:09.220+0000] {dag.py:4180} INFO - Setting next_dagrun for 1101_trigger_producer to None, run_after=None
[2026-09-10T21:12:09.246+0000] {processor.py:208} INFO - Processing /opt/airflow/dags/1101_trigger_producer.py took 0.105 seconds
[2026-09-10T21:12:40.239+0000] {processor.py:186} INFO - Started process (PID=7632) to work on /opt/airflow/dags/1101_trigger_producer.py
[2026-09-10T21:12:40.240+0000] {processor.py:914} INFO - Processing file /opt/airflow/dags/1101_trigger_producer.py for tasks to queue
[2026-09-10T21:12:40.243+0000] {logging_mixin.py:190} INFO - [2026-09-10T21:12:40.243+0000] {dagbag.py:588} INFO - Filling up the DagBag from /opt/airflow/dags/1101_trigger_producer.py
[2026-09-10T21:12:40.255+0000] {processor.py:925} INFO - DAG(s) '1101_trigger_producer' retrieved from /opt/airflow/dags/1101_trigger_producer.py
[2026-09-10T21:12:40.286+0000] {logging_mixin.py:190} INFO - [2026-09-10T21:12:40.286+0000] {dag.py:3239} INFO - Sync 1 DAGs
[2026-09-10T21:12:40.305+0000] {logging_mixin.py:190} INFO - [2026-09-10T21:12:40.304+0000] {dag.py:4180} INFO - Setting next_dagrun for 1101_trigger_producer to None, run_after=None
[2026-09-10T21:12:40.334+0000] {processor.py:208} INFO - Processing /opt/airflow/dags/1101_trigger_producer.py took 0.104 seconds
[2026-09-10T21:13:10.477+0000] {processor.py:186} INFO - Started process (PID=7702) to work on /opt/airflow/dags/1101_trigger_producer.py
[2026-09-10T21:13:10.479+0000] {processor.py:914} INFO - Processing file /opt/airflow/dags/1101_trigger_producer.py for tasks to queue
[2026-09-10T21:13:10.482+0000] {logging_mixin.py:190} INFO - [2026-09-10T21:13:10.481+0000] {dagbag.py:588} INFO - Filling up the DagBag from /opt/airflow/dags/1101_trigger_producer.py
[2026-09-10T21:13:10.494+0000] {processor.py:925} INFO - DAG(s) '1101_trigger_producer' retrieved from /opt/airflow/dags/1101_trigger_producer.py
[2026-09-10T21:13:10.524+0000] {logging_mixin.py:190} INFO - [2026-09-10T21:13:10.524+0000] {dag.py:3239} INFO - Sync 1 DAGs
[2026-09-10T21:13:10.541+0000] {logging_mixin.py:190} INFO - [2026-09-10T21:13:10.541+0000] {dag.py:4180} INFO - Setting next_dagrun for 1101_trigger_producer to None, run_after=None
[2026-09-10T21:13:10.568+0000] {processor.py:208} INFO - Processing /opt/airflow/dags/1101_trigger_producer.py took 0.099 seconds
[2026-09-10T21:13:40.918+0000] {processor.py:186} INFO - Started process (PID=7772) to work on /opt/airflow/dags/1101_trigger_producer.py
[2026-09-10T21:13:40.920+0000] {processor.py:914} INFO - Processing file /opt/airflow/dags/1101_trigger_producer.py for tasks to queue
[2026-09-10T21:13:40.923+0000] {logging_mixin.py:190} INFO - [2026-09-10T21:13:40.922+0000] {dagbag.py:588} INFO - Filling up the DagBag from /opt/airflow/dags/1101_trigger_producer.py
[2026-09-10T21:13:40.931+0000] {processor.py:925} INFO - DAG(s) '1101_trigger_producer' retrieved from /opt/airflow/dags/1101_trigger_producer.py
[2026-09-10T21:13:40.960+0000] {logging_mixin.py:190} INFO - [2026-09-10T21:13:40.960+0000] {dag.py:3239} INFO - Sync 1 DAGs
[2026-09-10T21:13:41.158+0000] {logging_mixin.py:190} INFO - [2026-09-10T21:13:41.158+0000] {dag.py:4180} INFO - Setting next_dagrun for 1101_trigger_producer to None, run_after=None
[2026-09-10T21:13:41.179+0000] {processor.py:208} INFO - Processing /opt/airflow/dags/1101_trigger_producer.py took 0.270 seconds
[2026-09-10T21:14:11.600+0000] {processor.py:186} INFO - Started process (PID=7842) to work on /opt/airflow/dags/1101_trigger_producer.py
[2026-09-10T21:14:11.601+0000] {processor.py:914} INFO - Processing file /opt/airflow/dags/1101_trigger_producer.py for tasks to queue
[2026-09-10T21:14:11.604+0000] {logging_mixin.py:190} INFO - [2026-09-10T21:14:11.604+0000] {dagbag.py:588} INFO - Filling up the DagBag from /opt/airflow/dags/1101_trigger_producer.py
[2026-09-10T21:14:11.616+0000] {processor.py:925} INFO - DAG(s) '1101_trigger_producer' retrieved from /opt/airflow/dags/1101_trigger_producer.py
[2026-09-10T21:14:11.649+0000] {logging_mixin.py:190} INFO - [2026-09-10T21:14:11.649+0000] {dag.py:3239} INFO - Sync 1 DAGs
[2026-09-10T21:14:11.670+0000] {logging_mixin.py:190} INFO - [2026-09-10T21:14:11.669+0000] {dag.py:4180} INFO - Setting next_dagrun for 1101_trigger_producer to None, run_after=None
[2026-09-10T21:14:11.698+0000] {processor.py:208} INFO - Processing /opt/airflow/dags/1101_trigger_producer.py took 0.110 seconds
[2026-09-10T21:14:41.946+0000] {processor.py:186} INFO - Started process (PID=7912) to work on /opt/airflow/dags/1101_trigger_producer.py
[2026-09-10T21:14:41.947+0000] {processor.py:914} INFO - Processing file /opt/airflow/dags/1101_trigger_producer.py for tasks to queue
[2026-09-10T21:14:41.950+0000] {logging_mixin.py:190} INFO - [2026-09-10T21:14:41.950+0000] {dagbag.py:588} INFO - Filling up the DagBag from /opt/airflow/dags/1101_trigger_producer.py
[2026-09-10T21:14:41.962+0000] {processor.py:925} INFO - DAG(s) '1101_trigger_producer' retrieved from /opt/airflow/dags/1101_trigger_producer.py
[2026-09-10T21:14:41.994+0000] {logging_mixin.py:190} INFO - [2026-09-10T21:14:41.993+0000] {dag.py:3239} INFO - Sync 1 DAGs
[2026-09-10T21:14:42.015+0000] {logging_mixin.py:190} INFO - [2026-09-10T21:14:42.014+0000] {dag.py:4180} INFO - Setting next_dagrun for 1101_trigger_producer to None, run_after=None
[2026-09-10T21:14:42.042+0000] {processor.py:208} INFO - Processing /opt/airflow/dags/1101_trigger_producer.py took 0.105 seconds
[2026-09-10T21:15:12.451+0000] {processor.py:186} INFO - Started process (PID=7982) to work on /opt/airflow/dags/1101_trigger_producer.py
[2026-09-10T21:15:12.452+0000] {processor.py:914} INFO - Processing file /opt/airflow/dags/1101_trigger_producer.py for tasks to queue
[2026-09-10T21:15:12.463+0000] {logging_mixin.py:190} INFO - [2026-09-10T21:15:12.462+0000] {dagbag.py:588} INFO - Filling up the DagBag from /opt/airflow/dags/1101_trigger_producer.py
[2026-09-10T21:15:12.486+0000] {processor.py:925} INFO - DAG(s) '1101_trigger_producer' retrieved from /opt/airflow/dags/1101_trigger_producer.py
[2026-09-10T21:15:12.545+0000] {logging_mixin.py:190} INFO - [2026-09-10T21:15:12.544+0000] {dag.py:3239} INFO - Sync 1 DAGs
[2026-09-10T21:15:12.926+0000] {logging_mixin.py:190} INFO - [2026-09-10T21:15:12.926+0000] {dag.py:4180} INFO - Setting next_dagrun for 1101_trigger_producer to None, run_after=None
[2026-09-10T21:15:12.972+0000] {processor.py:208} INFO - Processing /opt/airflow/dags/1101_trigger_producer.py took 0.539 seconds
[2026-09-10T21:15:43.144+0000] {processor.py:186} INFO - Started process (PID=8054) to work on /opt/airflow/dags/1101_trigger_producer.py
[2026-09-10T21:15:43.145+0000] {processor.py:914} INFO - Processing file /opt/airflow/dags/1101_trigger_producer.py for tasks to queue
[2026-09-10T21:15:43.149+0000] {logging_mixin.py:190} INFO - [2026-09-10T21:15:43.148+0000] {dagbag.py:588} INFO - Filling up the DagBag from /opt/airflow/dags/1101_trigger_producer.py
[2026-09-10T21:15:43.159+0000] {processor.py:925} INFO - DAG(s) '1101_trigger_producer' retrieved from /opt/airflow/dags/1101_trigger_producer.py
[2026-09-10T21:15:43.190+0000] {logging_mixin.py:190} INFO - [2026-09-10T21:15:43.189+0000] {dag.py:3239} INFO - Sync 1 DAGs
[2026-09-10T21:15:43.206+0000] {logging_mixin.py:190} INFO - [2026-09-10T21:15:43.206+0000] {dag.py:4180} INFO - Setting next_dagrun for 1101_trigger_producer to None, run_after=None
[2026-09-10T21:15:43.230+0000] {processor.py:208} INFO - Processing /opt/airflow/dags/1101_trigger_producer.py took 0.097 seconds
[2026-09-10T21:16:13.267+0000] {processor.py:186} INFO - Started process (PID=8124) to work on /opt/airflow/dags/1101_trigger_producer.py
[2026-09-10T21:16:13.268+0000] {processor.py:914} INFO - Processing file /opt/airflow/dags/1101_trigger_producer.py for tasks to queue
[2026-09-10T21:16:13.271+0000] {logging_mixin.py:190} INFO - [2026-09-10T21:16:13.270+0000] {dagbag.py:588} INFO - Filling up the DagBag from /opt/airflow/dags/1101_trigger_producer.py
[2026-09-10T21:16:13.279+0000] {processor.py:925} INFO - DAG(s) '1101_trigger_producer' retrieved from /opt/airflow/dags/1101_trigger_producer.py
[2026-09-10T21:16:13.306+0000] {logging_mixin.py:190} INFO - [2026-09-10T21:16:13.306+0000] {dag.py:3239} INFO - Sync 1 DAGs
[2026-09-10T21:16:13.321+0000] {logging_mixin.py:190} INFO - [2026-09-10T21:16:13.321+0000] {dag.py:4180} INFO - Setting next_dagrun for 1101_trigger_producer to None, run_after=None
[2026-09-10T21:16:13.342+0000] {processor.py:208} INFO - Processing /opt/airflow/dags/1101_trigger_producer.py took 0.081 seconds
[2026-09-10T21:16:43.404+0000] {processor.py:186} INFO - Started process (PID=8194) to work on /opt/airflow/dags/1101_trigger_producer.py
[2026-09-10T21:16:43.405+0000] {processor.py:914} INFO - Processing file /opt/airflow/dags/1101_trigger_producer.py for tasks to queue
[2026-09-10T21:16:43.407+0000] {logging_mixin.py:190} INFO - [2026-09-10T21:16:43.407+0000] {dagbag.py:588} INFO - Filling up the DagBag from /opt/airflow/dags/1101_trigger_producer.py
[2026-09-10T21:16:43.417+0000] {processor.py:925} INFO - DAG(s) '1101_trigger_producer' retrieved from /opt/airflow/dags/1101_trigger_producer.py
[2026-09-10T21:16:43.444+0000] {logging_mixin.py:190} INFO - [2026-09-10T21:16:43.444+0000] {dag.py:3239} INFO - Sync 1 DAGs
[2026-09-10T21:16:43.459+0000] {logging_mixin.py:190} INFO - [2026-09-10T21:16:43.458+0000] {dag.py:4180} INFO - Setting next_dagrun for 1101_trigger_producer to None, run_after=None
[2026-09-10T21:16:43.487+0000] {processor.py:208} INFO - Processing /opt/airflow/dags/1101_trigger_producer.py took 0.091 seconds
[2026-09-10T21:17:13.561+0000] {processor.py:186} INFO - Started process (PID=8262) to work on /opt/airflow/dags/1101_trigger_producer.py
[2026-09-10T21:17:13.562+0000] {processor.py:914} INFO - Processing file /opt/airflow/dags/1101_trigger_producer.py for tasks to queue
[2026-09-10T21:17:13.565+0000] {logging_mixin.py:190} INFO - [2026-09-10T21:17:13.565+0000] {dagbag.py:588} INFO - Filling up the DagBag from /opt/airflow/dags/1101_trigger_producer.py
[2026-09-10T21:17:13.576+0000] {processor.py:925} INFO - DAG(s) '1101_trigger_producer' retrieved from /opt/airflow/dags/1101_trigger_producer.py
[2026-09-10T21:17:13.607+0000] {logging_mixin.py:190} INFO - [2026-09-10T21:17:13.607+0000] {dag.py:3239} INFO - Sync 1 DAGs
[2026-09-10T21:17:13.623+0000] {logging_mixin.py:190} INFO - [2026-09-10T21:17:13.623+0000] {dag.py:4180} INFO - Setting next_dagrun for 1101_trigger_producer to None, run_after=None
[2026-09-10T21:17:13.650+0000] {processor.py:208} INFO - Processing /opt/airflow/dags/1101_trigger_producer.py took 0.097 seconds
[2026-09-10T21:17:43.762+0000] {processor.py:186} INFO - Started process (PID=8332) to work on /opt/airflow/dags/1101_trigger_producer.py
[2026-09-10T21:17:43.763+0000] {processor.py:914} INFO - Processing file /opt/airflow/dags/1101_trigger_producer.py for tasks to queue
[2026-09-10T21:17:43.766+0000] {logging_mixin.py:190} INFO - [2026-09-10T21:17:43.765+0000] {dagbag.py:588} INFO - Filling up the DagBag from /opt/airflow/dags/1101_trigger_producer.py
[2026-09-10T21:17:43.774+0000] {processor.py:925} INFO - DAG(s) '1101_trigger_producer' retrieved from /opt/airflow/dags/1101_trigger_producer.py
[2026-09-10T21:17:43.802+0000] {logging_mixin.py:190} INFO - [2026-09-10T21:17:43.802+0000] {dag.py:3239} INFO - Sync 1 DAGs
[2026-09-10T21:17:43.817+0000] {logging_mixin.py:190} INFO - [2026-09-10T21:17:43.817+0000] {dag.py:4180} INFO - Setting next_dagrun for 1101_trigger_producer to None, run_after=None
[2026-09-10T21:17:43.841+0000] {processor.py:208} INFO - Processing /opt/airflow/dags/1101_trigger_producer.py took 0.085 seconds
[2026-09-10T21:18:13.987+0000] {processor.py:186} INFO - Started process (PID=8402) to work on /opt/airflow/dags/1101_trigger_producer.py
[2026-09-10T21:18:13.988+0000] {processor.py:914} INFO - Processing file /opt/airflow/dags/1101_trigger_producer.py for tasks to queue
[2026-09-10T21:18:13.990+0000] {logging_mixin.py:190} INFO - [2026-09-10T21:18:13.990+0000] {dagbag.py:588} INFO - Filling up the DagBag from /opt/airflow/dags/1101_trigger_producer.py
[2026-09-10T21:18:13.999+0000] {processor.py:925} INFO - DAG(s) '1101_trigger_producer' retrieved from /opt/airflow/dags/1101_trigger_producer.py
[2026-09-10T21:18:14.030+0000] {logging_mixin.py:190} INFO - [2026-09-10T21:18:14.029+0000] {dag.py:3239} INFO - Sync 1 DAGs
[2026-09-10T21:18:14.047+0000] {logging_mixin.py:190} INFO - [2026-09-10T21:18:14.047+0000] {dag.py:4180} INFO - Setting next_dagrun for 1101_trigger_producer to None, run_after=None
[2026-09-10T21:18:14.071+0000] {processor.py:208} INFO - Processing /opt/airflow/dags/1101_trigger_producer.py took 0.091 seconds
[2026-09-10T21:18:44.208+0000] {processor.py:186} INFO - Started process (PID=8472) to work on /opt/airflow/dags/1101_trigger_producer.py
[2026-09-10T21:18:44.210+0000] {processor.py:914} INFO - Processing file /opt/airflow/dags/1101_trigger_producer.py for tasks to queue
[2026-09-10T21:18:44.212+0000] {logging_mixin.py:190} INFO - [2026-09-10T21:18:44.211+0000] {dagbag.py:588} INFO - Filling up the DagBag from /opt/airflow/dags/1101_trigger_producer.py
[2026-09-10T21:18:44.220+0000] {processor.py:925} INFO - DAG(s) '1101_trigger_producer' retrieved from /opt/airflow/dags/1101_trigger_producer.py
[2026-09-10T21:18:44.247+0000] {logging_mixin.py:190} INFO - [2026-09-10T21:18:44.247+0000] {dag.py:3239} INFO - Sync 1 DAGs
[2026-09-10T21:18:44.265+0000] {logging_mixin.py:190} INFO - [2026-09-10T21:18:44.265+0000] {dag.py:4180} INFO - Setting next_dagrun for 1101_trigger_producer to None, run_after=None
[2026-09-10T21:18:44.292+0000] {processor.py:208} INFO - Processing /opt/airflow/dags/1101_trigger_producer.py took 0.091 seconds
[2026-09-10T21:19:15.264+0000] {processor.py:186} INFO - Started process (PID=8542) to work on /opt/airflow/dags/1101_trigger_producer.py
[2026-09-10T21:19:15.265+0000] {processor.py:914} INFO - Processing file /opt/airflow/dags/1101_trigger_producer.py for tasks to queue
[2026-09-10T21:19:15.269+0000] {logging_mixin.py:190} INFO - [2026-09-10T21:19:15.268+0000] {dagbag.py:588} INFO - Filling up the DagBag from /opt/airflow/dags/1101_trigger_producer.py
[2026-09-10T21:19:15.283+0000] {processor.py:925} INFO - DAG(s) '1101_trigger_producer' retrieved from /opt/airflow/dags/1101_trigger_producer.py
[2026-09-10T21:19:15.314+0000] {logging_mixin.py:190} INFO - [2026-09-10T21:19:15.313+0000] {dag.py:3239} INFO - Sync 1 DAGs
[2026-09-10T21:19:15.329+0000] {logging_mixin.py:190} INFO - [2026-09-10T21:19:15.329+0000] {dag.py:4180} INFO - Setting next_dagrun for 1101_trigger_producer to None, run_after=None
[2026-09-10T21:19:15.357+0000] {processor.py:208} INFO - Processing /opt/airflow/dags/1101_trigger_producer.py took 0.102 seconds
[2026-09-10T21:19:45.509+0000] {processor.py:186} INFO - Started process (PID=8612) to work on /opt/airflow/dags/1101_trigger_producer.py
[2026-09-10T21:19:45.512+0000] {processor.py:914} INFO - Processing file /opt/airflow/dags/1101_trigger_producer.py for tasks to queue
[2026-09-10T21:19:45.514+0000] {logging_mixin.py:190} INFO - [2026-09-10T21:19:45.514+0000] {dagbag.py:588} INFO - Filling up the DagBag from /opt/airflow/dags/1101_trigger_producer.py
[2026-09-10T21:19:45.527+0000] {processor.py:925} INFO - DAG(s) '1101_trigger_producer' retrieved from /opt/airflow/dags/1101_trigger_producer.py
[2026-09-10T21:19:45.563+0000] {logging_mixin.py:190} INFO - [2026-09-10T21:19:45.563+0000] {dag.py:3239} INFO - Sync 1 DAGs
[2026-09-10T21:19:45.582+0000] {logging_mixin.py:190} INFO - [2026-09-10T21:19:45.582+0000] {dag.py:4180} INFO - Setting next_dagrun for 1101_trigger_producer to None, run_after=None
[2026-09-10T21:19:45.609+0000] {processor.py:208} INFO - Processing /opt/airflow/dags/1101_trigger_producer.py took 0.110 seconds
[2026-09-10T21:20:15.713+0000] {processor.py:186} INFO - Started process (PID=8682) to work on /opt/airflow/dags/1101_trigger_producer.py
[2026-09-10T21:20:15.714+0000] {processor.py:914} INFO - Processing file /opt/airflow/dags/1101_trigger_producer.py for tasks to queue
[2026-09-10T21:20:15.718+0000] {logging_mixin.py:190} INFO - [2026-09-10T21:20:15.718+0000] {dagbag.py:588} INFO - Filling up the DagBag from /opt/airflow/dags/1101_trigger_producer.py
[2026-09-10T21:20:15.730+0000] {processor.py:925} INFO - DAG(s) '1101_trigger_producer' retrieved from /opt/airflow/dags/1101_trigger_producer.py
[2026-09-10T21:20:15.774+0000] {logging_mixin.py:190} INFO - [2026-09-10T21:20:15.774+0000] {dag.py:3239} INFO - Sync 1 DAGs
[2026-09-10T21:20:15.794+0000] {logging_mixin.py:190} INFO - [2026-09-10T21:20:15.794+0000] {dag.py:4180} INFO - Setting next_dagrun for 1101_trigger_producer to None, run_after=None
[2026-09-10T21:20:15.828+0000] {processor.py:208} INFO - Processing /opt/airflow/dags/1101_trigger_producer.py took 0.125 seconds
[2026-09-10T21:20:45.945+0000] {processor.py:186} INFO - Started process (PID=8752) to work on /opt/airflow/dags/1101_trigger_producer.py
[2026-09-10T21:20:45.946+0000] {processor.py:914} INFO - Processing file /opt/airflow/dags/1101_trigger_producer.py for tasks to queue
[2026-09-10T21:20:45.949+0000] {logging_mixin.py:190} INFO - [2026-09-10T21:20:45.948+0000] {dagbag.py:588} INFO - Filling up the DagBag from /opt/airflow/dags/1101_trigger_producer.py
[2026-09-10T21:20:45.958+0000] {processor.py:925} INFO - DAG(s) '1101_trigger_producer' retrieved from /opt/airflow/dags/1101_trigger_producer.py
[2026-09-10T21:20:45.988+0000] {logging_mixin.py:190} INFO - [2026-09-10T21:20:45.988+0000] {dag.py:3239} INFO - Sync 1 DAGs
[2026-09-10T21:20:46.005+0000] {logging_mixin.py:190} INFO - [2026-09-10T21:20:46.004+0000] {dag.py:4180} INFO - Setting next_dagrun for 1101_trigger_producer to None, run_after=None
[2026-09-10T21:20:46.033+0000] {processor.py:208} INFO - Processing /opt/airflow/dags/1101_trigger_producer.py took 0.095 seconds
