[2026-09-10T20:19:03.292+0000] {processor.py:186} INFO - Started process (PID=173) to work on /opt/airflow/dags/1102_trigger_consumer.py
[2026-09-10T20:19:03.293+0000] {processor.py:914} INFO - Processing file /opt/airflow/dags/1102_trigger_consumer.py for tasks to queue
[2026-09-10T20:19:03.296+0000] {logging_mixin.py:190} INFO - [2026-09-10T20:19:03.296+0000] {dagbag.py:588} INFO - Filling up the DagBag from /opt/airflow/dags/1102_trigger_consumer.py
[2026-09-10T20:19:03.309+0000] {processor.py:925} INFO - DAG(s) '1102_trigger_consumer' retrieved from /opt/airflow/dags/1102_trigger_consumer.py
[2026-09-10T20:19:03.504+0000] {logging_mixin.py:190} INFO - [2026-09-10T20:19:03.503+0000] {override.py:1911} INFO - Created Permission View: can read on DAG:1102_trigger_consumer
[2026-09-10T20:19:03.517+0000] {logging_mixin.py:190} INFO - [2026-09-10T20:19:03.517+0000] {override.py:1911} INFO - Created Permission View: can delete on DAG:1102_trigger_consumer
[2026-09-10T20:19:03.526+0000] {logging_mixin.py:190} INFO - [2026-09-10T20:19:03.525+0000] {override.py:1911} INFO - Created Permission View: can edit on DAG:1102_trigger_consumer
[2026-09-10T20:19:03.535+0000] {logging_mixin.py:190} INFO - [2026-09-10T20:19:03.535+0000] {override.py:1911} INFO - Created Permission View: can read on DAG Run:1102_trigger_consumer
[2026-09-10T20:19:03.543+0000] {logging_mixin.py:190} INFO - [2026-09-10T20:19:03.543+0000] {override.py:1911} INFO - Created Permission View: menu access on DAG Run:1102_trigger_consumer
[2026-09-10T20:19:03.552+0000] {logging_mixin.py:190} INFO - [2026-09-10T20:19:03.552+0000] {override.py:1911} INFO - Created Permission View: can delete on DAG Run:1102_trigger_consumer
[2026-09-10T20:19:03.566+0000] {logging_mixin.py:190} INFO - [2026-09-10T20:19:03.565+0000] {override.py:1911} INFO - Created Permission View: can create on DAG Run:1102_trigger_consumer
[2026-09-10T20:19:03.566+0000] {logging_mixin.py:190} INFO - [2026-09-10T20:19:03.566+0000] {dag.py:3239} INFO - Sync 1 DAGs
[2026-09-10T20:19:03.589+0000] {logging_mixin.py:190} INFO - [2026-09-10T20:19:03.589+0000] {dag.py:3262} INFO - Creating ORM DAG for 1102_trigger_consumer
[2026-09-10T20:19:03.603+0000] {logging_mixin.py:190} INFO - [2026-09-10T20:19:03.603+0000] {dag.py:4180} INFO - Setting next_dagrun for 1102_trigger_consumer to None, run_after=None
[2026-09-10T20:19:03.634+0000] {processor.py:208} INFO - Processing /opt/airflow/dags/1102_trigger_consumer.py took 0.349 seconds
[2026-09-10T20:19:34.361+0000] {processor.py:186} INFO - Started process (PID=243) to work on /opt/airflow/dags/1102_trigger_consumer.py
[2026-09-10T20:19:34.363+0000] {processor.py:914} INFO - Processing file /opt/airflow/dags/1102_trigger_consumer.py for tasks to queue
[2026-09-10T20:19:34.365+0000] {logging_mixin.py:190} INFO - [2026-09-10T20:19:34.365+0000] {dagbag.py:588} INFO - Filling up the DagBag from /opt/airflow/dags/1102_trigger_consumer.py
[2026-09-10T20:19:34.375+0000] {processor.py:925} INFO - DAG(s) '1102_trigger_consumer' retrieved from /opt/airflow/dags/1102_trigger_consumer.py
[2026-09-10T20:19:34.406+0000] {logging_mixin.py:190} INFO - [2026-09-10T20:19:34.405+0000] {dag.py:3239} INFO - Sync 1 DAGs
[2026-09-10T20:19:34.433+0000] {logging_mixin.py:190} INFO - [2026-09-10T20:19:34.433+0000] {dag.py:4180} INFO - Setting next_dagrun for 1102_trigger_consumer to None, run_after=None
[2026-09-10T20:19:34.458+0000] {processor.py:208} INFO - Processing /opt/airflow/dags/1102_trigger_consumer.py took 0.105 seconds
[2026-09-10T20:20:04.577+0000] {processor.py:186} INFO - Started process (PID=313) to work on /opt/airflow/dags/1102_trigger_consumer.py
[2026-09-10T20:20:04.579+0000] {processor.py:914} INFO - Processing file /opt/airflow/dags/1102_trigger_consumer.py for tasks to queue
[2026-09-10T20:20:04.582+0000] {logging_mixin.py:190} INFO - [2026-09-10T20:20:04.581+0000] {dagbag.py:588} INFO - Filling up the DagBag from /opt/airflow/dags/1102_trigger_consumer.py
[2026-09-10T20:20:04.594+0000] {processor.py:925} INFO - DAG(s) '1102_trigger_consumer' retrieved from /opt/airflow/dags/1102_trigger_consumer.py
[2026-09-10T20:20:04.623+0000] {logging_mixin.py:190} INFO - [2026-09-10T20:20:04.623+0000] {dag.py:3239} INFO - Sync 1 DAGs
[2026-09-10T20:20:04.647+0000] {logging_mixin.py:190} INFO - [2026-09-10T20:20:04.647+0000] {dag.py:4180} INFO - Setting next_dagrun for 1102_trigger_consumer to None, run_after=None
[2026-09-10T20:20:04.679+0000] {processor.py:208} INFO - Processing /opt/airflow/dags/1102_trigger_consumer.py took 0.110 seconds
[2026-09-10T20:20:34.869+0000] {processor.py:186} INFO - Started process (PID=383) to work on /opt/airflow/dags/1102_trigger_consumer.py
[2026-09-10T20:20:34.870+0000] {processor.py:914} INFO - Processing file /opt/airflow/dags/1102_trigger_consumer.py for tasks to queue
[2026-09-10T20:20:34.873+0000] {logging_mixin.py:190} INFO - [2026-09-10T20:20:34.873+0000] {dagbag.py:588} INFO - Filling up the DagBag from /opt/airflow/dags/1102_trigger_consumer.py
[2026-09-10T20:20:34.887+0000] {processor.py:925} INFO - DAG(s) '1102_trigger_consumer' retrieved from /opt/airflow/dags/1102_trigger_consumer.py
[2026-09-10T20:20:34.924+0000] {logging_mixin.py:190} INFO - [2026-09-10T20:20:34.924+0000] {dag.py:3239} INFO - Sync 1 DAGs
[2026-09-10T20:20:34.953+0000] {logging_mixin.py:190} INFO - [2026-09-10T20:20:34.953+0000] {dag.py:4180} INFO - Setting next_dagrun for 1102_trigger_consumer to None, run_after=None
[2026-09-10T20:20:34.978+0000] {processor.py:208} INFO - Processing /opt/airflow/dags/1102_trigger_consumer.py took 0.118 seconds
[2026-09-10T20:21:05.083+0000] {processor.py:186} INFO - Started process (PID=453) to work on /opt/airflow/dags/1102_trigger_consumer.py
[2026-09-10T20:21:05.086+0000] {processor.py:914} INFO - Processing file /opt/airflow/dags/1102_trigger_consumer.py for tasks to queue
[2026-09-10T20:21:05.089+0000] {logging_mixin.py:190} INFO - [2026-09-10T20:21:05.088+0000] {dagbag.py:588} INFO - Filling up the DagBag from /opt/airflow/dags/1102_trigger_consumer.py
[2026-09-10T20:21:05.100+0000] {processor.py:925} INFO - DAG(s) '1102_trigger_consumer' retrieved from /opt/airflow/dags/1102_trigger_consumer.py
[2026-09-10T20:21:05.138+0000] {logging_mixin.py:190} INFO - [2026-09-10T20:21:05.138+0000] {dag.py:3239} INFO - Sync 1 DAGs
[2026-09-10T20:21:05.180+0000] {logging_mixin.py:190} INFO - [2026-09-10T20:21:05.180+0000] {dag.py:4180} INFO - Setting next_dagrun for 1102_trigger_consumer to None, run_after=None
[2026-09-10T20:21:05.470+0000] {processor.py:208} INFO - Processing /opt/airflow/dags/1102_trigger_consumer.py took 0.399 seconds
[2026-09-10T20:21:35.550+0000] {processor.py:186} INFO - Started process (PID=526) to work on /opt/airflow/dags/1102_trigger_consumer.py
[2026-09-10T20:21:35.551+0000] {processor.py:914} INFO - Processing file /opt/airflow/dags/1102_trigger_consumer.py for tasks to queue
[2026-09-10T20:21:35.559+0000] {logging_mixin.py:190} INFO - [2026-09-10T20:21:35.557+0000] {dagbag.py:588} INFO - Filling up the DagBag from /opt/airflow/dags/1102_trigger_consumer.py
[2026-09-10T20:21:35.574+0000] {processor.py:925} INFO - DAG(s) '1102_trigger_consumer' retrieved from /opt/airflow/dags/1102_trigger_consumer.py
[2026-09-10T20:21:35.643+0000] {logging_mixin.py:190} INFO - [2026-09-10T20:21:35.642+0000] {dag.py:3239} INFO - Sync 1 DAGs
[2026-09-10T20:21:35.701+0000] {logging_mixin.py:190} INFO - [2026-09-10T20:21:35.700+0000] {dag.py:4180} INFO - Setting next_dagrun for 1102_trigger_consumer to None, run_after=None
[2026-09-10T20:21:35.759+0000] {processor.py:208} INFO - Processing /opt/airflow/dags/1102_trigger_consumer.py took 0.222 seconds
[2026-09-10T20:22:06.330+0000] {processor.py:186} INFO - Started process (PID=593) to work on /opt/airflow/dags/1102_trigger_consumer.py
[2026-09-10T20:22:06.332+0000] {processor.py:914} INFO - Processing file /opt/airflow/dags/1102_trigger_consumer.py for tasks to queue
[2026-09-10T20:22:06.335+0000] {logging_mixin.py:190} INFO - [2026-09-10T20:22:06.335+0000] {dagbag.py:588} INFO - Filling up the DagBag from /opt/airflow/dags/1102_trigger_consumer.py
[2026-09-10T20:22:06.344+0000] {processor.py:925} INFO - DAG(s) '1102_trigger_consumer' retrieved from /opt/airflow/dags/1102_trigger_consumer.py
[2026-09-10T20:22:06.374+0000] {logging_mixin.py:190} INFO - [2026-09-10T20:22:06.374+0000] {dag.py:3239} INFO - Sync 1 DAGs
[2026-09-10T20:22:06.599+0000] {logging_mixin.py:190} INFO - [2026-09-10T20:22:06.599+0000] {dag.py:4180} INFO - Setting next_dagrun for 1102_trigger_consumer to None, run_after=None
[2026-09-10T20:22:06.621+0000] {processor.py:208} INFO - Processing /opt/airflow/dags/1102_trigger_consumer.py took 0.299 seconds
[2026-09-10T20:22:37.077+0000] {processor.py:186} INFO - Started process (PID=663) to work on /opt/airflow/dags/1102_trigger_consumer.py
[2026-09-10T20:22:37.078+0000] {processor.py:914} INFO - Processing file /opt/airflow/dags/1102_trigger_consumer.py for tasks to queue
[2026-09-10T20:22:37.081+0000] {logging_mixin.py:190} INFO - [2026-09-10T20:22:37.080+0000] {dagbag.py:588} INFO - Filling up the DagBag from /opt/airflow/dags/1102_trigger_consumer.py
[2026-09-10T20:22:37.094+0000] {processor.py:925} INFO - DAG(s) '1102_trigger_consumer' retrieved from /opt/airflow/dags/1102_trigger_consumer.py
[2026-09-10T20:22:37.139+0000] {logging_mixin.py:190} INFO - [2026-09-10T20:22:37.139+0000] {dag.py:3239} INFO - Sync 1 DAGs
[2026-09-10T20:22:37.190+0000] {logging_mixin.py:190} INFO - [2026-09-10T20:22:37.190+0000] {dag.py:4180} INFO - Setting next_dagrun for 1102_trigger_consumer to None, run_after=None
[2026-09-10T20:22:37.230+0000] {processor.py:208} INFO - Processing /opt/airflow/dags/1102_trigger_consumer.py took 0.165 seconds
[2026-09-10T20:23:07.603+0000] {processor.py:186} INFO - Started process (PID=733) to work on /opt/airflow/dags/1102_trigger_consumer.py
[2026-09-10T20:23:07.606+0000] {processor.py:914} INFO - Processing file /opt/airflow/dags/1102_trigger_consumer.py for tasks to queue
[2026-09-10T20:23:07.612+0000] {logging_mixin.py:190} INFO - [2026-09-10T20:23:07.611+0000] {dagbag.py:588} INFO - Filling up the DagBag from /opt/airflow/dags/1102_trigger_consumer.py
[2026-09-10T20:23:07.628+0000] {processor.py:925} INFO - DAG(s) '1102_trigger_consumer' retrieved from /opt/airflow/dags/1102_trigger_consumer.py
[2026-09-10T20:23:07.699+0000] {logging_mixin.py:190} INFO - [2026-09-10T20:23:07.698+0000] {dag.py:3239} INFO - Sync 1 DAGs
[2026-09-10T20:23:07.785+0000] {logging_mixin.py:190} INFO - [2026-09-10T20:23:07.785+0000] {dag.py:4180} INFO - Setting next_dagrun for 1102_trigger_consumer to None, run_after=None
[2026-09-10T20:23:07.832+0000] {processor.py:208} INFO - Processing /opt/airflow/dags/1102_trigger_consumer.py took 0.252 seconds
[2026-09-10T20:23:37.931+0000] {processor.py:186} INFO - Started process (PID=815) to work on /opt/airflow/dags/1102_trigger_consumer.py
[2026-09-10T20:23:37.933+0000] {processor.py:914} INFO - Processing file /opt/airflow/dags/1102_trigger_consumer.py for tasks to queue
[2026-09-10T20:23:37.937+0000] {logging_mixin.py:190} INFO - [2026-09-10T20:23:37.936+0000] {dagbag.py:588} INFO - Filling up the DagBag from /opt/airflow/dags/1102_trigger_consumer.py
[2026-09-10T20:23:37.946+0000] {processor.py:925} INFO - DAG(s) '1102_trigger_consumer' retrieved from /opt/airflow/dags/1102_trigger_consumer.py
[2026-09-10T20:23:37.975+0000] {logging_mixin.py:190} INFO - [2026-09-10T20:23:37.975+0000] {dag.py:3239} INFO - Sync 1 DAGs
[2026-09-10T20:23:38.003+0000] {logging_mixin.py:190} INFO - [2026-09-10T20:23:38.003+0000] {dag.py:4180} INFO - Setting next_dagrun for 1102_trigger_consumer to None, run_after=None
[2026-09-10T20:23:38.037+0000] {processor.py:208} INFO - Processing /opt/airflow/dags/1102_trigger_consumer.py took 0.114 seconds
[2026-09-10T20:24:08.173+0000] {processor.py:186} INFO - Started process (PID=885) to work on /opt/airflow/dags/1102_trigger_consumer.py
[2026-09-10T20:24:08.175+0000] {processor.py:914} INFO - Processing file /opt/airflow/dags/1102_trigger_consumer.py for tasks to queue
[2026-09-10T20:24:08.178+0000] {logging_mixin.py:190} INFO - [2026-09-10T20:24:08.177+0000] {dagbag.py:588} INFO - Filling up the DagBag from /opt/airflow/dags/1102_trigger_consumer.py
[2026-09-10T20:24:08.187+0000] {processor.py:925} INFO - DAG(s) '1102_trigger_consumer' retrieved from /opt/airflow/dags/1102_trigger_consumer.py
[2026-09-10T20:24:08.215+0000] {logging_mixin.py:190} INFO - [2026-09-10T20:24:08.215+0000] {dag.py:3239} INFO - Sync 1 DAGs
[2026-09-10T20:24:08.239+0000] {logging_mixin.py:190} INFO - [2026-09-10T20:24:08.238+0000] {dag.py:4180} INFO - Setting next_dagrun for 1102_trigger_consumer to None, run_after=None
[2026-09-10T20:24:08.260+0000] {processor.py:208} INFO - Processing /opt/airflow/dags/1102_trigger_consumer.py took 0.102 seconds
[2026-09-10T20:24:39.200+0000] {processor.py:186} INFO - Started process (PID=955) to work on /opt/airflow/dags/1102_trigger_consumer.py
[2026-09-10T20:24:39.201+0000] {processor.py:914} INFO - Processing file /opt/airflow/dags/1102_trigger_consumer.py for tasks to queue
[2026-09-10T20:24:39.204+0000] {logging_mixin.py:190} INFO - [2026-09-10T20:24:39.204+0000] {dagbag.py:588} INFO - Filling up the DagBag from /opt/airflow/dags/1102_trigger_consumer.py
[2026-09-10T20:24:39.214+0000] {processor.py:925} INFO - DAG(s) '1102_trigger_consumer' retrieved from /opt/airflow/dags/1102_trigger_consumer.py
[2026-09-10T20:24:39.248+0000] {logging_mixin.py:190} INFO - [2026-09-10T20:24:39.248+0000] {dag.py:3239} INFO - Sync 1 DAGs
[2026-09-10T20:24:39.273+0000] {logging_mixin.py:190} INFO - [2026-09-10T20:24:39.272+0000] {dag.py:4180} INFO - Setting next_dagrun for 1102_trigger_consumer to None, run_after=None
[2026-09-10T20:24:39.295+0000] {processor.py:208} INFO - Processing /opt/airflow/dags/1102_trigger_consumer.py took 0.106 seconds
[2026-09-10T20:25:09.386+0000] {processor.py:186} INFO - Started process (PID=1025) to work on /opt/airflow/dags/1102_trigger_consumer.py
[2026-09-10T20:25:09.388+0000] {processor.py:914} INFO - Processing file /opt/airflow/dags/1102_trigger_consumer.py for tasks to queue
[2026-09-10T20:25:09.391+0000] {logging_mixin.py:190} INFO - [2026-09-10T20:25:09.390+0000] {dagbag.py:588} INFO - Filling up the DagBag from /opt/airflow/dags/1102_trigger_consumer.py
[2026-09-10T20:25:09.399+0000] {processor.py:925} INFO - DAG(s) '1102_trigger_consumer' retrieved from /opt/airflow/dags/1102_trigger_consumer.py
[2026-09-10T20:25:09.426+0000] {logging_mixin.py:190} INFO - [2026-09-10T20:25:09.425+0000] {dag.py:3239} INFO - Sync 1 DAGs
[2026-09-10T20:25:09.454+0000] {logging_mixin.py:190} INFO - [2026-09-10T20:25:09.453+0000] {dag.py:4180} INFO - Setting next_dagrun for 1102_trigger_consumer to None, run_after=None
[2026-09-10T20:25:09.482+0000] {processor.py:208} INFO - Processing /opt/airflow/dags/1102_trigger_consumer.py took 0.103 seconds
[2026-09-10T20:25:39.719+0000] {processor.py:186} INFO - Started process (PID=1095) to work on /opt/airflow/dags/1102_trigger_consumer.py
[2026-09-10T20:25:39.720+0000] {processor.py:914} INFO - Processing file /opt/airflow/dags/1102_trigger_consumer.py for tasks to queue
[2026-09-10T20:25:39.724+0000] {logging_mixin.py:190} INFO - [2026-09-10T20:25:39.724+0000] {dagbag.py:588} INFO - Filling up the DagBag from /opt/airflow/dags/1102_trigger_consumer.py
[2026-09-10T20:25:39.734+0000] {processor.py:925} INFO - DAG(s) '1102_trigger_consumer' retrieved from /opt/airflow/dags/1102_trigger_consumer.py
[2026-09-10T20:25:39.762+0000] {logging_mixin.py:190} INFO - [2026-09-10T20:25:39.762+0000] {dag.py:3239} INFO - Sync 1 DAGs
[2026-09-10T20:25:39.792+0000] {logging_mixin.py:190} INFO - [2026-09-10T20:25:39.791+0000] {dag.py:4180} INFO - Setting next_dagrun for 1102_trigger_consumer to None, run_after=None
[2026-09-10T20:25:39.820+0000] {processor.py:208} INFO - Processing /opt/airflow/dags/1102_trigger_consumer.py took 0.115 seconds
[2026-09-10T20:26:09.971+0000] {processor.py:186} INFO - Started process (PID=1170) to work on /opt/airflow/dags/1102_trigger_consumer.py
[2026-09-10T20:26:09.973+0000] {processor.py:914} INFO - Processing file /opt/airflow/dags/1102_trigger_consumer.py for tasks to queue
[2026-09-10T20:26:09.976+0000] {logging_mixin.py:190} INFO - [2026-09-10T20:26:09.975+0000] {dagbag.py:588} INFO - Filling up the DagBag from /opt/airflow/dags/1102_trigger_consumer.py
[2026-09-10T20:26:09.986+0000] {processor.py:925} INFO - DAG(s) '1102_trigger_consumer' retrieved from /opt/airflow/dags/1102_trigger_consumer.py
[2026-09-10T20:26:10.019+0000] {logging_mixin.py:190} INFO - [2026-09-10T20:26:10.019+0000] {dag.py:3239} INFO - Sync 1 DAGs
[2026-09-10T20:26:10.044+0000] {logging_mixin.py:190} INFO - [2026-09-10T20:26:10.044+0000] {dag.py:4180} INFO - Setting next_dagrun for 1102_trigger_consumer to None, run_after=None
[2026-09-10T20:26:10.068+0000] {processor.py:208} INFO - Processing /opt/airflow/dags/1102_trigger_consumer.py took 0.105 seconds
[2026-09-10T20:26:40.213+0000] {processor.py:186} INFO - Started process (PID=1245) to work on /opt/airflow/dags/1102_trigger_consumer.py
[2026-09-10T20:26:40.214+0000] {processor.py:914} INFO - Processing file /opt/airflow/dags/1102_trigger_consumer.py for tasks to queue
[2026-09-10T20:26:40.217+0000] {logging_mixin.py:190} INFO - [2026-09-10T20:26:40.216+0000] {dagbag.py:588} INFO - Filling up the DagBag from /opt/airflow/dags/1102_trigger_consumer.py
[2026-09-10T20:26:40.226+0000] {processor.py:925} INFO - DAG(s) '1102_trigger_consumer' retrieved from /opt/airflow/dags/1102_trigger_consumer.py
[2026-09-10T20:26:40.254+0000] {logging_mixin.py:190} INFO - [2026-09-10T20:26:40.253+0000] {dag.py:3239} INFO - Sync 1 DAGs
[2026-09-10T20:26:40.278+0000] {logging_mixin.py:190} INFO - [2026-09-10T20:26:40.278+0000] {dag.py:4180} INFO - Setting next_dagrun for 1102_trigger_consumer to None, run_after=None
[2026-09-10T20:26:40.300+0000] {processor.py:208} INFO - Processing /opt/airflow/dags/1102_trigger_consumer.py took 0.094 seconds
[2026-09-10T20:27:10.439+0000] {processor.py:186} INFO - Started process (PID=1315) to work on /opt/airflow/dags/1102_trigger_consumer.py
[2026-09-10T20:27:10.440+0000] {processor.py:914} INFO - Processing file /opt/airflow/dags/1102_trigger_consumer.py for tasks to queue
[2026-09-10T20:27:10.443+0000] {logging_mixin.py:190} INFO - [2026-09-10T20:27:10.443+0000] {dagbag.py:588} INFO - Filling up the DagBag from /opt/airflow/dags/1102_trigger_consumer.py
[2026-09-10T20:27:10.454+0000] {processor.py:925} INFO - DAG(s) '1102_trigger_consumer' retrieved from /opt/airflow/dags/1102_trigger_consumer.py
[2026-09-10T20:27:10.483+0000] {logging_mixin.py:190} INFO - [2026-09-10T20:27:10.483+0000] {dag.py:3239} INFO - Sync 1 DAGs
[2026-09-10T20:27:10.548+0000] {logging_mixin.py:190} INFO - [2026-09-10T20:27:10.547+0000] {dag.py:4180} INFO - Setting next_dagrun for 1102_trigger_consumer to None, run_after=None
[2026-09-10T20:27:10.582+0000] {processor.py:208} INFO - Processing /opt/airflow/dags/1102_trigger_consumer.py took 0.156 seconds
[2026-09-10T20:27:41.616+0000] {processor.py:186} INFO - Started process (PID=1385) to work on /opt/airflow/dags/1102_trigger_consumer.py
[2026-09-10T20:27:41.617+0000] {processor.py:914} INFO - Processing file /opt/airflow/dags/1102_trigger_consumer.py for tasks to queue
[2026-09-10T20:27:41.621+0000] {logging_mixin.py:190} INFO - [2026-09-10T20:27:41.620+0000] {dagbag.py:588} INFO - Filling up the DagBag from /opt/airflow/dags/1102_trigger_consumer.py
[2026-09-10T20:27:41.631+0000] {processor.py:925} INFO - DAG(s) '1102_trigger_consumer' retrieved from /opt/airflow/dags/1102_trigger_consumer.py
[2026-09-10T20:27:41.664+0000] {logging_mixin.py:190} INFO - [2026-09-10T20:27:41.664+0000] {dag.py:3239} INFO - Sync 1 DAGs
[2026-09-10T20:27:41.688+0000] {logging_mixin.py:190} INFO - [2026-09-10T20:27:41.688+0000] {dag.py:4180} INFO - Setting next_dagrun for 1102_trigger_consumer to None, run_after=None
[2026-09-10T20:27:41.712+0000] {processor.py:208} INFO - Processing /opt/airflow/dags/1102_trigger_consumer.py took 0.105 seconds
[2026-09-10T20:28:11.848+0000] {processor.py:186} INFO - Started process (PID=1458) to work on /opt/airflow/dags/1102_trigger_consumer.py
[2026-09-10T20:28:11.850+0000] {processor.py:914} INFO - Processing file /opt/airflow/dags/1102_trigger_consumer.py for tasks to queue
[2026-09-10T20:28:11.853+0000] {logging_mixin.py:190} INFO - [2026-09-10T20:28:11.853+0000] {dagbag.py:588} INFO - Filling up the DagBag from /opt/airflow/dags/1102_trigger_consumer.py
[2026-09-10T20:28:11.863+0000] {processor.py:925} INFO - DAG(s) '1102_trigger_consumer' retrieved from /opt/airflow/dags/1102_trigger_consumer.py
[2026-09-10T20:28:11.893+0000] {logging_mixin.py:190} INFO - [2026-09-10T20:28:11.893+0000] {dag.py:3239} INFO - Sync 1 DAGs
[2026-09-10T20:28:11.918+0000] {logging_mixin.py:190} INFO - [2026-09-10T20:28:11.917+0000] {dag.py:4180} INFO - Setting next_dagrun for 1102_trigger_consumer to None, run_after=None
[2026-09-10T20:28:11.942+0000] {processor.py:208} INFO - Processing /opt/airflow/dags/1102_trigger_consumer.py took 0.103 seconds
[2026-09-10T20:28:42.866+0000] {processor.py:186} INFO - Started process (PID=1525) to work on /opt/airflow/dags/1102_trigger_consumer.py
[2026-09-10T20:28:42.867+0000] {processor.py:914} INFO - Processing file /opt/airflow/dags/1102_trigger_consumer.py for tasks to queue
[2026-09-10T20:28:42.870+0000] {logging_mixin.py:190} INFO - [2026-09-10T20:28:42.870+0000] {dagbag.py:588} INFO - Filling up the DagBag from /opt/airflow/dags/1102_trigger_consumer.py
[2026-09-10T20:28:42.880+0000] {processor.py:925} INFO - DAG(s) '1102_trigger_consumer' retrieved from /opt/airflow/dags/1102_trigger_consumer.py
[2026-09-10T20:28:42.909+0000] {logging_mixin.py:190} INFO - [2026-09-10T20:28:42.909+0000] {dag.py:3239} INFO - Sync 1 DAGs
[2026-09-10T20:28:42.935+0000] {logging_mixin.py:190} INFO - [2026-09-10T20:28:42.935+0000] {dag.py:4180} INFO - Setting next_dagrun for 1102_trigger_consumer to None, run_after=None
[2026-09-10T20:28:42.960+0000] {processor.py:208} INFO - Processing /opt/airflow/dags/1102_trigger_consumer.py took 0.105 seconds
[2026-09-10T20:29:13.036+0000] {processor.py:186} INFO - Started process (PID=1595) to work on /opt/airflow/dags/1102_trigger_consumer.py
[2026-09-10T20:29:13.039+0000] {processor.py:914} INFO - Processing file /opt/airflow/dags/1102_trigger_consumer.py for tasks to queue
[2026-09-10T20:29:13.042+0000] {logging_mixin.py:190} INFO - [2026-09-10T20:29:13.041+0000] {dagbag.py:588} INFO - Filling up the DagBag from /opt/airflow/dags/1102_trigger_consumer.py
[2026-09-10T20:29:13.051+0000] {processor.py:925} INFO - DAG(s) '1102_trigger_consumer' retrieved from /opt/airflow/dags/1102_trigger_consumer.py
[2026-09-10T20:29:13.077+0000] {logging_mixin.py:190} INFO - [2026-09-10T20:29:13.077+0000] {dag.py:3239} INFO - Sync 1 DAGs
[2026-09-10T20:29:13.102+0000] {logging_mixin.py:190} INFO - [2026-09-10T20:29:13.102+0000] {dag.py:4180} INFO - Setting next_dagrun for 1102_trigger_consumer to None, run_after=None
[2026-09-10T20:29:13.126+0000] {processor.py:208} INFO - Processing /opt/airflow/dags/1102_trigger_consumer.py took 0.097 seconds
[2026-09-10T20:29:43.209+0000] {processor.py:186} INFO - Started process (PID=1665) to work on /opt/airflow/dags/1102_trigger_consumer.py
[2026-09-10T20:29:43.210+0000] {processor.py:914} INFO - Processing file /opt/airflow/dags/1102_trigger_consumer.py for tasks to queue
[2026-09-10T20:29:43.212+0000] {logging_mixin.py:190} INFO - [2026-09-10T20:29:43.212+0000] {dagbag.py:588} INFO - Filling up the DagBag from /opt/airflow/dags/1102_trigger_consumer.py
[2026-09-10T20:29:43.222+0000] {processor.py:925} INFO - DAG(s) '1102_trigger_consumer' retrieved from /opt/airflow/dags/1102_trigger_consumer.py
[2026-09-10T20:29:43.251+0000] {logging_mixin.py:190} INFO - [2026-09-10T20:29:43.251+0000] {dag.py:3239} INFO - Sync 1 DAGs
[2026-09-10T20:29:43.275+0000] {logging_mixin.py:190} INFO - [2026-09-10T20:29:43.275+0000] {dag.py:4180} INFO - Setting next_dagrun for 1102_trigger_consumer to None, run_after=None
[2026-09-10T20:29:43.299+0000] {processor.py:208} INFO - Processing /opt/airflow/dags/1102_trigger_consumer.py took 0.100 seconds
[2026-09-10T20:30:13.414+0000] {processor.py:186} INFO - Started process (PID=1735) to work on /opt/airflow/dags/1102_trigger_consumer.py
[2026-09-10T20:30:13.415+0000] {processor.py:914} INFO - Processing file /opt/airflow/dags/1102_trigger_consumer.py for tasks to queue
[2026-09-10T20:30:13.418+0000] {logging_mixin.py:190} INFO - [2026-09-10T20:30:13.418+0000] {dagbag.py:588} INFO - Filling up the DagBag from /opt/airflow/dags/1102_trigger_consumer.py
[2026-09-10T20:30:13.428+0000] {processor.py:925} INFO - DAG(s) '1102_trigger_consumer' retrieved from /opt/airflow/dags/1102_trigger_consumer.py
[2026-09-10T20:30:13.457+0000] {logging_mixin.py:190} INFO - [2026-09-10T20:30:13.457+0000] {dag.py:3239} INFO - Sync 1 DAGs
[2026-09-10T20:30:13.482+0000] {logging_mixin.py:190} INFO - [2026-09-10T20:30:13.482+0000] {dag.py:4180} INFO - Setting next_dagrun for 1102_trigger_consumer to None, run_after=None
[2026-09-10T20:30:13.506+0000] {processor.py:208} INFO - Processing /opt/airflow/dags/1102_trigger_consumer.py took 0.101 seconds
[2026-09-10T20:30:43.559+0000] {processor.py:186} INFO - Started process (PID=1805) to work on /opt/airflow/dags/1102_trigger_consumer.py
[2026-09-10T20:30:43.560+0000] {processor.py:914} INFO - Processing file /opt/airflow/dags/1102_trigger_consumer.py for tasks to queue
[2026-09-10T20:30:43.562+0000] {logging_mixin.py:190} INFO - [2026-09-10T20:30:43.562+0000] {dagbag.py:588} INFO - Filling up the DagBag from /opt/airflow/dags/1102_trigger_consumer.py
[2026-09-10T20:30:43.571+0000] {processor.py:925} INFO - DAG(s) '1102_trigger_consumer' retrieved from /opt/airflow/dags/1102_trigger_consumer.py
[2026-09-10T20:30:43.598+0000] {logging_mixin.py:190} INFO - [2026-09-10T20:30:43.597+0000] {dag.py:3239} INFO - Sync 1 DAGs
[2026-09-10T20:30:43.621+0000] {logging_mixin.py:190} INFO - [2026-09-10T20:30:43.620+0000] {dag.py:4180} INFO - Setting next_dagrun for 1102_trigger_consumer to None, run_after=None
[2026-09-10T20:30:43.642+0000] {processor.py:208} INFO - Processing /opt/airflow/dags/1102_trigger_consumer.py took 0.090 seconds
[2026-09-10T20:31:13.714+0000] {processor.py:186} INFO - Started process (PID=1865) to work on /opt/airflow/dags/1102_trigger_consumer.py
[2026-09-10T20:31:13.716+0000] {processor.py:914} INFO - Processing file /opt/airflow/dags/1102_trigger_consumer.py for tasks to queue
[2026-09-10T20:31:13.719+0000] {logging_mixin.py:190} INFO - [2026-09-10T20:31:13.719+0000] {dagbag.py:588} INFO - Filling up the DagBag from /opt/airflow/dags/1102_trigger_consumer.py
[2026-09-10T20:31:13.729+0000] {processor.py:925} INFO - DAG(s) '1102_trigger_consumer' retrieved from /opt/airflow/dags/1102_trigger_consumer.py
[2026-09-10T20:31:13.760+0000] {logging_mixin.py:190} INFO - [2026-09-10T20:31:13.759+0000] {dag.py:3239} INFO - Sync 1 DAGs
[2026-09-10T20:31:13.785+0000] {logging_mixin.py:190} INFO - [2026-09-10T20:31:13.785+0000] {dag.py:4180} INFO - Setting next_dagrun for 1102_trigger_consumer to None, run_after=None
[2026-09-10T20:31:13.809+0000] {processor.py:208} INFO - Processing /opt/airflow/dags/1102_trigger_consumer.py took 0.108 seconds
[2026-09-10T20:31:43.883+0000] {processor.py:186} INFO - Started process (PID=1935) to work on /opt/airflow/dags/1102_trigger_consumer.py
[2026-09-10T20:31:43.885+0000] {processor.py:914} INFO - Processing file /opt/airflow/dags/1102_trigger_consumer.py for tasks to queue
[2026-09-10T20:31:43.889+0000] {logging_mixin.py:190} INFO - [2026-09-10T20:31:43.888+0000] {dagbag.py:588} INFO - Filling up the DagBag from /opt/airflow/dags/1102_trigger_consumer.py
[2026-09-10T20:31:43.900+0000] {processor.py:925} INFO - DAG(s) '1102_trigger_consumer' retrieved from /opt/airflow/dags/1102_trigger_consumer.py
[2026-09-10T20:31:43.935+0000] {logging_mixin.py:190} INFO - [2026-09-10T20:31:43.935+0000] {dag.py:3239} INFO - Sync 1 DAGs
[2026-09-10T20:31:43.961+0000] {logging_mixin.py:190} INFO - [2026-09-10T20:31:43.961+0000] {dag.py:4180} INFO - Setting next_dagrun for 1102_trigger_consumer to None, run_after=None
[2026-09-10T20:31:43.984+0000] {processor.py:208} INFO - Processing /opt/airflow/dags/1102_trigger_consumer.py took 0.114 seconds
[2026-09-10T20:32:14.237+0000] {processor.py:186} INFO - Started process (PID=2005) to work on /opt/airflow/dags/1102_trigger_consumer.py
[2026-09-10T20:32:14.240+0000] {processor.py:914} INFO - Processing file /opt/airflow/dags/1102_trigger_consumer.py for tasks to queue
[2026-09-10T20:32:14.245+0000] {logging_mixin.py:190} INFO - [2026-09-10T20:32:14.244+0000] {dagbag.py:588} INFO - Filling up the DagBag from /opt/airflow/dags/1102_trigger_consumer.py
[2026-09-10T20:32:14.260+0000] {processor.py:925} INFO - DAG(s) '1102_trigger_consumer' retrieved from /opt/airflow/dags/1102_trigger_consumer.py
[2026-09-10T20:32:14.313+0000] {logging_mixin.py:190} INFO - [2026-09-10T20:32:14.312+0000] {dag.py:3239} INFO - Sync 1 DAGs
[2026-09-10T20:32:14.364+0000] {logging_mixin.py:190} INFO - [2026-09-10T20:32:14.364+0000] {dag.py:4180} INFO - Setting next_dagrun for 1102_trigger_consumer to None, run_after=None
[2026-09-10T20:32:14.402+0000] {processor.py:208} INFO - Processing /opt/airflow/dags/1102_trigger_consumer.py took 0.179 seconds
[2026-09-10T20:32:44.902+0000] {processor.py:186} INFO - Started process (PID=2075) to work on /opt/airflow/dags/1102_trigger_consumer.py
[2026-09-10T20:32:44.903+0000] {processor.py:914} INFO - Processing file /opt/airflow/dags/1102_trigger_consumer.py for tasks to queue
[2026-09-10T20:32:44.907+0000] {logging_mixin.py:190} INFO - [2026-09-10T20:32:44.906+0000] {dagbag.py:588} INFO - Filling up the DagBag from /opt/airflow/dags/1102_trigger_consumer.py
[2026-09-10T20:32:44.916+0000] {processor.py:925} INFO - DAG(s) '1102_trigger_consumer' retrieved from /opt/airflow/dags/1102_trigger_consumer.py
[2026-09-10T20:32:44.946+0000] {logging_mixin.py:190} INFO - [2026-09-10T20:32:44.945+0000] {dag.py:3239} INFO - Sync 1 DAGs
[2026-09-10T20:32:44.970+0000] {logging_mixin.py:190} INFO - [2026-09-10T20:32:44.969+0000] {dag.py:4180} INFO - Setting next_dagrun for 1102_trigger_consumer to None, run_after=None
[2026-09-10T20:32:44.993+0000] {processor.py:208} INFO - Processing /opt/airflow/dags/1102_trigger_consumer.py took 0.101 seconds
[2026-09-10T20:33:15.197+0000] {processor.py:186} INFO - Started process (PID=2145) to work on /opt/airflow/dags/1102_trigger_consumer.py
[2026-09-10T20:33:15.199+0000] {processor.py:914} INFO - Processing file /opt/airflow/dags/1102_trigger_consumer.py for tasks to queue
[2026-09-10T20:33:15.202+0000] {logging_mixin.py:190} INFO - [2026-09-10T20:33:15.202+0000] {dagbag.py:588} INFO - Filling up the DagBag from /opt/airflow/dags/1102_trigger_consumer.py
[2026-09-10T20:33:15.212+0000] {processor.py:925} INFO - DAG(s) '1102_trigger_consumer' retrieved from /opt/airflow/dags/1102_trigger_consumer.py
[2026-09-10T20:33:15.245+0000] {logging_mixin.py:190} INFO - [2026-09-10T20:33:15.245+0000] {dag.py:3239} INFO - Sync 1 DAGs
[2026-09-10T20:33:15.269+0000] {logging_mixin.py:190} INFO - [2026-09-10T20:33:15.269+0000] {dag.py:4180} INFO - Setting next_dagrun for 1102_trigger_consumer to None, run_after=None
[2026-09-10T20:33:15.292+0000] {processor.py:208} INFO - Processing /opt/airflow/dags/1102_trigger_consumer.py took 0.105 seconds
[2026-09-10T20:33:45.585+0000] {processor.py:186} INFO - Started process (PID=2215) to work on /opt/airflow/dags/1102_trigger_consumer.py
[2026-09-10T20:33:45.586+0000] {processor.py:914} INFO - Processing file /opt/airflow/dags/1102_trigger_consumer.py for tasks to queue
[2026-09-10T20:33:45.589+0000] {logging_mixin.py:190} INFO - [2026-09-10T20:33:45.589+0000] {dagbag.py:588} INFO - Filling up the DagBag from /opt/airflow/dags/1102_trigger_consumer.py
[2026-09-10T20:33:45.598+0000] {processor.py:925} INFO - DAG(s) '1102_trigger_consumer' retrieved from /opt/airflow/dags/1102_trigger_consumer.py
[2026-09-10T20:33:45.627+0000] {logging_mixin.py:190} INFO - [2026-09-10T20:33:45.627+0000] {dag.py:3239} INFO - Sync 1 DAGs
[2026-09-10T20:33:45.653+0000] {logging_mixin.py:190} INFO - [2026-09-10T20:33:45.652+0000] {dag.py:4180} INFO - Setting next_dagrun for 1102_trigger_consumer to None, run_after=None
[2026-09-10T20:33:45.676+0000] {processor.py:208} INFO - Processing /opt/airflow/dags/1102_trigger_consumer.py took 0.100 seconds
[2026-09-10T20:34:15.824+0000] {processor.py:186} INFO - Started process (PID=2285) to work on /opt/airflow/dags/1102_trigger_consumer.py
[2026-09-10T20:34:15.826+0000] {processor.py:914} INFO - Processing file /opt/airflow/dags/1102_trigger_consumer.py for tasks to queue
[2026-09-10T20:34:15.829+0000] {logging_mixin.py:190} INFO - [2026-09-10T20:34:15.829+0000] {dagbag.py:588} INFO - Filling up the DagBag from /opt/airflow/dags/1102_trigger_consumer.py
[2026-09-10T20:34:15.839+0000] {processor.py:925} INFO - DAG(s) '1102_trigger_consumer' retrieved from /opt/airflow/dags/1102_trigger_consumer.py
[2026-09-10T20:34:15.873+0000] {logging_mixin.py:190} INFO - [2026-09-10T20:34:15.873+0000] {dag.py:3239} INFO - Sync 1 DAGs
[2026-09-10T20:34:15.902+0000] {logging_mixin.py:190} INFO - [2026-09-10T20:34:15.902+0000] {dag.py:4180} INFO - Setting next_dagrun for 1102_trigger_consumer to None, run_after=None
[2026-09-10T20:34:15.926+0000] {processor.py:208} INFO - Processing /opt/airflow/dags/1102_trigger_consumer.py took 0.111 seconds
[2026-09-10T20:34:45.994+0000] {processor.py:186} INFO - Started process (PID=2355) to work on /opt/airflow/dags/1102_trigger_consumer.py
[2026-09-10T20:34:45.995+0000] {processor.py:914} INFO - Processing file /opt/airflow/dags/1102_trigger_consumer.py for tasks to queue
[2026-09-10T20:34:45.998+0000] {logging_mixin.py:190} INFO - [2026-09-10T20:34:45.998+0000] {dagbag.py:588} INFO - Filling up the DagBag from /opt/airflow/dags/1102_trigger_consumer.py
[2026-09-10T20:34:46.008+0000] {processor.py:925} INFO - DAG(s) '1102_trigger_consumer' retrieved from /opt/airflow/dags/1102_trigger_consumer.py
[2026-09-10T20:34:46.040+0000] {logging_mixin.py:190} INFO - [2026-09-10T20:34:46.040+0000] {dag.py:3239} INFO - Sync 1 DAGs
[2026-09-10T20:34:46.069+0000] {logging_mixin.py:190} INFO - [2026-09-10T20:34:46.068+0000] {dag.py:4180} INFO - Setting next_dagrun for 1102_trigger_consumer to None, run_after=None
[2026-09-10T20:34:46.092+0000] {processor.py:208} INFO - Processing /opt/airflow/dags/1102_trigger_consumer.py took 0.107 seconds
[2026-09-10T20:35:16.267+0000] {processor.py:186} INFO - Started process (PID=2425) to work on /opt/airflow/dags/1102_trigger_consumer.py
[2026-09-10T20:35:16.268+0000] {processor.py:914} INFO - Processing file /opt/airflow/dags/1102_trigger_consumer.py for tasks to queue
[2026-09-10T20:35:16.271+0000] {logging_mixin.py:190} INFO - [2026-09-10T20:35:16.271+0000] {dagbag.py:588} INFO - Filling up the DagBag from /opt/airflow/dags/1102_trigger_consumer.py
[2026-09-10T20:35:16.283+0000] {processor.py:925} INFO - DAG(s) '1102_trigger_consumer' retrieved from /opt/airflow/dags/1102_trigger_consumer.py
[2026-09-10T20:35:16.314+0000] {logging_mixin.py:190} INFO - [2026-09-10T20:35:16.313+0000] {dag.py:3239} INFO - Sync 1 DAGs
[2026-09-10T20:35:16.339+0000] {logging_mixin.py:190} INFO - [2026-09-10T20:35:16.339+0000] {dag.py:4180} INFO - Setting next_dagrun for 1102_trigger_consumer to None, run_after=None
[2026-09-10T20:35:16.363+0000] {processor.py:208} INFO - Processing /opt/airflow/dags/1102_trigger_consumer.py took 0.108 seconds
[2026-09-10T20:35:46.567+0000] {processor.py:186} INFO - Started process (PID=2495) to work on /opt/airflow/dags/1102_trigger_consumer.py
[2026-09-10T20:35:46.568+0000] {processor.py:914} INFO - Processing file /opt/airflow/dags/1102_trigger_consumer.py for tasks to queue
[2026-09-10T20:35:46.572+0000] {logging_mixin.py:190} INFO - [2026-09-10T20:35:46.572+0000] {dagbag.py:588} INFO - Filling up the DagBag from /opt/airflow/dags/1102_trigger_consumer.py
[2026-09-10T20:35:46.583+0000] {processor.py:925} INFO - DAG(s) '1102_trigger_consumer' retrieved from /opt/airflow/dags/1102_trigger_consumer.py
[2026-09-10T20:35:46.625+0000] {logging_mixin.py:190} INFO - [2026-09-10T20:35:46.625+0000] {dag.py:3239} INFO - Sync 1 DAGs
[2026-09-10T20:35:46.658+0000] {logging_mixin.py:190} INFO - [2026-09-10T20:35:46.658+0000] {dag.py:4180} INFO - Setting next_dagrun for 1102_trigger_consumer to None, run_after=None
[2026-09-10T20:35:46.684+0000] {processor.py:208} INFO - Processing /opt/airflow/dags/1102_trigger_consumer.py took 0.127 seconds
[2026-09-10T20:36:16.775+0000] {processor.py:186} INFO - Started process (PID=2565) to work on /opt/airflow/dags/1102_trigger_consumer.py
[2026-09-10T20:36:16.777+0000] {processor.py:914} INFO - Processing file /opt/airflow/dags/1102_trigger_consumer.py for tasks to queue
[2026-09-10T20:36:16.780+0000] {logging_mixin.py:190} INFO - [2026-09-10T20:36:16.780+0000] {dagbag.py:588} INFO - Filling up the DagBag from /opt/airflow/dags/1102_trigger_consumer.py
[2026-09-10T20:36:16.790+0000] {processor.py:925} INFO - DAG(s) '1102_trigger_consumer' retrieved from /opt/airflow/dags/1102_trigger_consumer.py
[2026-09-10T20:36:16.824+0000] {logging_mixin.py:190} INFO - [2026-09-10T20:36:16.824+0000] {dag.py:3239} INFO - Sync 1 DAGs
[2026-09-10T20:36:16.850+0000] {logging_mixin.py:190} INFO - [2026-09-10T20:36:16.850+0000] {dag.py:4180} INFO - Setting next_dagrun for 1102_trigger_consumer to None, run_after=None
[2026-09-10T20:36:16.875+0000] {processor.py:208} INFO - Processing /opt/airflow/dags/1102_trigger_consumer.py took 0.109 seconds
[2026-09-10T20:36:47.875+0000] {processor.py:186} INFO - Started process (PID=2635) to work on /opt/airflow/dags/1102_trigger_consumer.py
[2026-09-10T20:36:47.876+0000] {processor.py:914} INFO - Processing file /opt/airflow/dags/1102_trigger_consumer.py for tasks to queue
[2026-09-10T20:36:47.880+0000] {logging_mixin.py:190} INFO - [2026-09-10T20:36:47.879+0000] {dagbag.py:588} INFO - Filling up the DagBag from /opt/airflow/dags/1102_trigger_consumer.py
[2026-09-10T20:36:47.889+0000] {processor.py:925} INFO - DAG(s) '1102_trigger_consumer' retrieved from /opt/airflow/dags/1102_trigger_consumer.py
[2026-09-10T20:36:47.918+0000] {logging_mixin.py:190} INFO - [2026-09-10T20:36:47.918+0000] {dag.py:3239} INFO - Sync 1 DAGs
[2026-09-10T20:36:47.942+0000] {logging_mixin.py:190} INFO - [2026-09-10T20:36:47.942+0000] {dag.py:4180} INFO - Setting next_dagrun for 1102_trigger_consumer to None, run_after=None
[2026-09-10T20:36:47.965+0000] {processor.py:208} INFO - Processing /opt/airflow/dags/1102_trigger_consumer.py took 0.101 seconds
[2026-09-10T20:37:18.127+0000] {processor.py:186} INFO - Started process (PID=2705) to work on /opt/airflow/dags/1102_trigger_consumer.py
[2026-09-10T20:37:18.129+0000] {processor.py:914} INFO - Processing file /opt/airflow/dags/1102_trigger_consumer.py for tasks to queue
[2026-09-10T20:37:18.133+0000] {logging_mixin.py:190} INFO - [2026-09-10T20:37:18.132+0000] {dagbag.py:588} INFO - Filling up the DagBag from /opt/airflow/dags/1102_trigger_consumer.py
[2026-09-10T20:37:18.144+0000] {processor.py:925} INFO - DAG(s) '1102_trigger_consumer' retrieved from /opt/airflow/dags/1102_trigger_consumer.py
[2026-09-10T20:37:18.178+0000] {logging_mixin.py:190} INFO - [2026-09-10T20:37:18.178+0000] {dag.py:3239} INFO - Sync 1 DAGs
[2026-09-10T20:37:18.207+0000] {logging_mixin.py:190} INFO - [2026-09-10T20:37:18.206+0000] {dag.py:4180} INFO - Setting next_dagrun for 1102_trigger_consumer to None, run_after=None
[2026-09-10T20:37:18.232+0000] {processor.py:208} INFO - Processing /opt/airflow/dags/1102_trigger_consumer.py took 0.115 seconds
[2026-09-10T20:37:48.316+0000] {processor.py:186} INFO - Started process (PID=2778) to work on /opt/airflow/dags/1102_trigger_consumer.py
[2026-09-10T20:37:48.317+0000] {processor.py:914} INFO - Processing file /opt/airflow/dags/1102_trigger_consumer.py for tasks to queue
[2026-09-10T20:37:48.320+0000] {logging_mixin.py:190} INFO - [2026-09-10T20:37:48.319+0000] {dagbag.py:588} INFO - Filling up the DagBag from /opt/airflow/dags/1102_trigger_consumer.py
[2026-09-10T20:37:48.329+0000] {processor.py:925} INFO - DAG(s) '1102_trigger_consumer' retrieved from /opt/airflow/dags/1102_trigger_consumer.py
[2026-09-10T20:37:48.359+0000] {logging_mixin.py:190} INFO - [2026-09-10T20:37:48.358+0000] {dag.py:3239} INFO - Sync 1 DAGs
[2026-09-10T20:37:48.384+0000] {logging_mixin.py:190} INFO - [2026-09-10T20:37:48.383+0000] {dag.py:4180} INFO - Setting next_dagrun for 1102_trigger_consumer to None, run_after=None
[2026-09-10T20:37:48.408+0000] {processor.py:208} INFO - Processing /opt/airflow/dags/1102_trigger_consumer.py took 0.101 seconds
[2026-09-10T20:38:18.530+0000] {processor.py:186} INFO - Started process (PID=2850) to work on /opt/airflow/dags/1102_trigger_consumer.py
[2026-09-10T20:38:18.531+0000] {processor.py:914} INFO - Processing file /opt/airflow/dags/1102_trigger_consumer.py for tasks to queue
[2026-09-10T20:38:18.533+0000] {logging_mixin.py:190} INFO - [2026-09-10T20:38:18.533+0000] {dagbag.py:588} INFO - Filling up the DagBag from /opt/airflow/dags/1102_trigger_consumer.py
[2026-09-10T20:38:18.541+0000] {processor.py:925} INFO - DAG(s) '1102_trigger_consumer' retrieved from /opt/airflow/dags/1102_trigger_consumer.py
[2026-09-10T20:38:18.576+0000] {logging_mixin.py:190} INFO - [2026-09-10T20:38:18.575+0000] {dag.py:3239} INFO - Sync 1 DAGs
[2026-09-10T20:38:18.609+0000] {logging_mixin.py:190} INFO - [2026-09-10T20:38:18.608+0000] {dag.py:4180} INFO - Setting next_dagrun for 1102_trigger_consumer to None, run_after=None
[2026-09-10T20:38:18.641+0000] {processor.py:208} INFO - Processing /opt/airflow/dags/1102_trigger_consumer.py took 0.118 seconds
[2026-09-10T20:38:48.691+0000] {processor.py:186} INFO - Started process (PID=2918) to work on /opt/airflow/dags/1102_trigger_consumer.py
[2026-09-10T20:38:48.692+0000] {processor.py:914} INFO - Processing file /opt/airflow/dags/1102_trigger_consumer.py for tasks to queue
[2026-09-10T20:38:48.695+0000] {logging_mixin.py:190} INFO - [2026-09-10T20:38:48.694+0000] {dagbag.py:588} INFO - Filling up the DagBag from /opt/airflow/dags/1102_trigger_consumer.py
[2026-09-10T20:38:48.709+0000] {processor.py:925} INFO - DAG(s) '1102_trigger_consumer' retrieved from /opt/airflow/dags/1102_trigger_consumer.py
[2026-09-10T20:38:48.739+0000] {logging_mixin.py:190} INFO - [2026-09-10T20:38:48.739+0000] {dag.py:3239} INFO - Sync 1 DAGs
[2026-09-10T20:38:48.768+0000] {logging_mixin.py:190} INFO - [2026-09-10T20:38:48.767+0000] {dag.py:4180} INFO - Setting next_dagrun for 1102_trigger_consumer to None, run_after=None
[2026-09-10T20:38:48.792+0000] {processor.py:208} INFO - Processing /opt/airflow/dags/1102_trigger_consumer.py took 0.110 seconds
[2026-09-10T20:39:18.905+0000] {processor.py:186} INFO - Started process (PID=2985) to work on /opt/airflow/dags/1102_trigger_consumer.py
[2026-09-10T20:39:18.907+0000] {processor.py:914} INFO - Processing file /opt/airflow/dags/1102_trigger_consumer.py for tasks to queue
[2026-09-10T20:39:18.910+0000] {logging_mixin.py:190} INFO - [2026-09-10T20:39:18.910+0000] {dagbag.py:588} INFO - Filling up the DagBag from /opt/airflow/dags/1102_trigger_consumer.py
[2026-09-10T20:39:18.919+0000] {processor.py:925} INFO - DAG(s) '1102_trigger_consumer' retrieved from /opt/airflow/dags/1102_trigger_consumer.py
[2026-09-10T20:39:18.951+0000] {logging_mixin.py:190} INFO - [2026-09-10T20:39:18.950+0000] {dag.py:3239} INFO - Sync 1 DAGs
[2026-09-10T20:39:18.976+0000] {logging_mixin.py:190} INFO - [2026-09-10T20:39:18.975+0000] {dag.py:4180} INFO - Setting next_dagrun for 1102_trigger_consumer to None, run_after=None
[2026-09-10T20:39:18.999+0000] {processor.py:208} INFO - Processing /opt/airflow/dags/1102_trigger_consumer.py took 0.105 seconds
[2026-09-10T20:39:49.083+0000] {processor.py:186} INFO - Started process (PID=3058) to work on /opt/airflow/dags/1102_trigger_consumer.py
[2026-09-10T20:39:49.085+0000] {processor.py:914} INFO - Processing file /opt/airflow/dags/1102_trigger_consumer.py for tasks to queue
[2026-09-10T20:39:49.091+0000] {logging_mixin.py:190} INFO - [2026-09-10T20:39:49.090+0000] {dagbag.py:588} INFO - Filling up the DagBag from /opt/airflow/dags/1102_trigger_consumer.py
[2026-09-10T20:39:49.107+0000] {processor.py:925} INFO - DAG(s) '1102_trigger_consumer' retrieved from /opt/airflow/dags/1102_trigger_consumer.py
[2026-09-10T20:39:49.143+0000] {logging_mixin.py:190} INFO - [2026-09-10T20:39:49.142+0000] {dag.py:3239} INFO - Sync 1 DAGs
[2026-09-10T20:39:49.178+0000] {logging_mixin.py:190} INFO - [2026-09-10T20:39:49.177+0000] {dag.py:4180} INFO - Setting next_dagrun for 1102_trigger_consumer to None, run_after=None
[2026-09-10T20:39:49.211+0000] {processor.py:208} INFO - Processing /opt/airflow/dags/1102_trigger_consumer.py took 0.143 seconds
[2026-09-10T20:40:19.325+0000] {processor.py:186} INFO - Started process (PID=3125) to work on /opt/airflow/dags/1102_trigger_consumer.py
[2026-09-10T20:40:19.326+0000] {processor.py:914} INFO - Processing file /opt/airflow/dags/1102_trigger_consumer.py for tasks to queue
[2026-09-10T20:40:19.330+0000] {logging_mixin.py:190} INFO - [2026-09-10T20:40:19.329+0000] {dagbag.py:588} INFO - Filling up the DagBag from /opt/airflow/dags/1102_trigger_consumer.py
[2026-09-10T20:40:19.344+0000] {processor.py:925} INFO - DAG(s) '1102_trigger_consumer' retrieved from /opt/airflow/dags/1102_trigger_consumer.py
[2026-09-10T20:40:19.382+0000] {logging_mixin.py:190} INFO - [2026-09-10T20:40:19.382+0000] {dag.py:3239} INFO - Sync 1 DAGs
[2026-09-10T20:40:19.432+0000] {logging_mixin.py:190} INFO - [2026-09-10T20:40:19.432+0000] {dag.py:4180} INFO - Setting next_dagrun for 1102_trigger_consumer to None, run_after=None
[2026-09-10T20:40:19.461+0000] {processor.py:208} INFO - Processing /opt/airflow/dags/1102_trigger_consumer.py took 0.150 seconds
[2026-09-10T20:40:49.599+0000] {processor.py:186} INFO - Started process (PID=3195) to work on /opt/airflow/dags/1102_trigger_consumer.py
[2026-09-10T20:40:49.600+0000] {processor.py:914} INFO - Processing file /opt/airflow/dags/1102_trigger_consumer.py for tasks to queue
[2026-09-10T20:40:49.604+0000] {logging_mixin.py:190} INFO - [2026-09-10T20:40:49.604+0000] {dagbag.py:588} INFO - Filling up the DagBag from /opt/airflow/dags/1102_trigger_consumer.py
[2026-09-10T20:40:49.614+0000] {processor.py:925} INFO - DAG(s) '1102_trigger_consumer' retrieved from /opt/airflow/dags/1102_trigger_consumer.py
[2026-09-10T20:40:49.643+0000] {logging_mixin.py:190} INFO - [2026-09-10T20:40:49.643+0000] {dag.py:3239} INFO - Sync 1 DAGs
[2026-09-10T20:40:49.668+0000] {logging_mixin.py:190} INFO - [2026-09-10T20:40:49.667+0000] {dag.py:4180} INFO - Setting next_dagrun for 1102_trigger_consumer to None, run_after=None
[2026-09-10T20:40:49.691+0000] {processor.py:208} INFO - Processing /opt/airflow/dags/1102_trigger_consumer.py took 0.101 seconds
[2026-09-10T20:41:19.835+0000] {processor.py:186} INFO - Started process (PID=3265) to work on /opt/airflow/dags/1102_trigger_consumer.py
[2026-09-10T20:41:19.837+0000] {processor.py:914} INFO - Processing file /opt/airflow/dags/1102_trigger_consumer.py for tasks to queue
[2026-09-10T20:41:19.840+0000] {logging_mixin.py:190} INFO - [2026-09-10T20:41:19.840+0000] {dagbag.py:588} INFO - Filling up the DagBag from /opt/airflow/dags/1102_trigger_consumer.py
[2026-09-10T20:41:19.871+0000] {processor.py:925} INFO - DAG(s) '1102_trigger_consumer' retrieved from /opt/airflow/dags/1102_trigger_consumer.py
[2026-09-10T20:41:19.911+0000] {logging_mixin.py:190} INFO - [2026-09-10T20:41:19.911+0000] {dag.py:3239} INFO - Sync 1 DAGs
[2026-09-10T20:41:19.950+0000] {logging_mixin.py:190} INFO - [2026-09-10T20:41:19.950+0000] {dag.py:4180} INFO - Setting next_dagrun for 1102_trigger_consumer to None, run_after=None
[2026-09-10T20:41:19.975+0000] {processor.py:208} INFO - Processing /opt/airflow/dags/1102_trigger_consumer.py took 0.153 seconds
[2026-09-10T20:41:50.039+0000] {processor.py:186} INFO - Started process (PID=3335) to work on /opt/airflow/dags/1102_trigger_consumer.py
[2026-09-10T20:41:50.040+0000] {processor.py:914} INFO - Processing file /opt/airflow/dags/1102_trigger_consumer.py for tasks to queue
[2026-09-10T20:41:50.043+0000] {logging_mixin.py:190} INFO - [2026-09-10T20:41:50.042+0000] {dagbag.py:588} INFO - Filling up the DagBag from /opt/airflow/dags/1102_trigger_consumer.py
[2026-09-10T20:41:50.052+0000] {processor.py:925} INFO - DAG(s) '1102_trigger_consumer' retrieved from /opt/airflow/dags/1102_trigger_consumer.py
[2026-09-10T20:41:50.082+0000] {logging_mixin.py:190} INFO - [2026-09-10T20:41:50.082+0000] {dag.py:3239} INFO - Sync 1 DAGs
[2026-09-10T20:41:50.109+0000] {logging_mixin.py:190} INFO - [2026-09-10T20:41:50.109+0000] {dag.py:4180} INFO - Setting next_dagrun for 1102_trigger_consumer to None, run_after=None
[2026-09-10T20:41:50.136+0000] {processor.py:208} INFO - Processing /opt/airflow/dags/1102_trigger_consumer.py took 0.106 seconds
[2026-09-10T20:42:21.107+0000] {processor.py:186} INFO - Started process (PID=3405) to work on /opt/airflow/dags/1102_trigger_consumer.py
[2026-09-10T20:42:21.110+0000] {processor.py:914} INFO - Processing file /opt/airflow/dags/1102_trigger_consumer.py for tasks to queue
[2026-09-10T20:42:21.113+0000] {logging_mixin.py:190} INFO - [2026-09-10T20:42:21.112+0000] {dagbag.py:588} INFO - Filling up the DagBag from /opt/airflow/dags/1102_trigger_consumer.py
[2026-09-10T20:42:21.122+0000] {processor.py:925} INFO - DAG(s) '1102_trigger_consumer' retrieved from /opt/airflow/dags/1102_trigger_consumer.py
[2026-09-10T20:42:21.152+0000] {logging_mixin.py:190} INFO - [2026-09-10T20:42:21.151+0000] {dag.py:3239} INFO - Sync 1 DAGs
[2026-09-10T20:42:21.178+0000] {logging_mixin.py:190} INFO - [2026-09-10T20:42:21.177+0000] {dag.py:4180} INFO - Setting next_dagrun for 1102_trigger_consumer to None, run_after=None
[2026-09-10T20:42:21.204+0000] {processor.py:208} INFO - Processing /opt/airflow/dags/1102_trigger_consumer.py took 0.107 seconds
[2026-09-10T20:42:51.360+0000] {processor.py:186} INFO - Started process (PID=3480) to work on /opt/airflow/dags/1102_trigger_consumer.py
[2026-09-10T20:42:51.361+0000] {processor.py:914} INFO - Processing file /opt/airflow/dags/1102_trigger_consumer.py for tasks to queue
[2026-09-10T20:42:51.364+0000] {logging_mixin.py:190} INFO - [2026-09-10T20:42:51.363+0000] {dagbag.py:588} INFO - Filling up the DagBag from /opt/airflow/dags/1102_trigger_consumer.py
[2026-09-10T20:42:51.373+0000] {processor.py:925} INFO - DAG(s) '1102_trigger_consumer' retrieved from /opt/airflow/dags/1102_trigger_consumer.py
[2026-09-10T20:42:51.403+0000] {logging_mixin.py:190} INFO - [2026-09-10T20:42:51.403+0000] {dag.py:3239} INFO - Sync 1 DAGs
[2026-09-10T20:42:51.429+0000] {logging_mixin.py:190} INFO - [2026-09-10T20:42:51.429+0000] {dag.py:4180} INFO - Setting next_dagrun for 1102_trigger_consumer to None, run_after=None
[2026-09-10T20:42:51.453+0000] {processor.py:208} INFO - Processing /opt/airflow/dags/1102_trigger_consumer.py took 0.101 seconds
[2026-09-10T20:43:21.629+0000] {processor.py:186} INFO - Started process (PID=3555) to work on /opt/airflow/dags/1102_trigger_consumer.py
[2026-09-10T20:43:21.631+0000] {processor.py:914} INFO - Processing file /opt/airflow/dags/1102_trigger_consumer.py for tasks to queue
[2026-09-10T20:43:21.634+0000] {logging_mixin.py:190} INFO - [2026-09-10T20:43:21.633+0000] {dagbag.py:588} INFO - Filling up the DagBag from /opt/airflow/dags/1102_trigger_consumer.py
[2026-09-10T20:43:21.643+0000] {processor.py:925} INFO - DAG(s) '1102_trigger_consumer' retrieved from /opt/airflow/dags/1102_trigger_consumer.py
[2026-09-10T20:43:21.670+0000] {logging_mixin.py:190} INFO - [2026-09-10T20:43:21.670+0000] {dag.py:3239} INFO - Sync 1 DAGs
[2026-09-10T20:43:21.697+0000] {logging_mixin.py:190} INFO - [2026-09-10T20:43:21.696+0000] {dag.py:4180} INFO - Setting next_dagrun for 1102_trigger_consumer to None, run_after=None
[2026-09-10T20:43:21.718+0000] {processor.py:208} INFO - Processing /opt/airflow/dags/1102_trigger_consumer.py took 0.097 seconds
[2026-09-10T20:43:51.772+0000] {processor.py:186} INFO - Started process (PID=3615) to work on /opt/airflow/dags/1102_trigger_consumer.py
[2026-09-10T20:43:51.773+0000] {processor.py:914} INFO - Processing file /opt/airflow/dags/1102_trigger_consumer.py for tasks to queue
[2026-09-10T20:43:51.776+0000] {logging_mixin.py:190} INFO - [2026-09-10T20:43:51.776+0000] {dagbag.py:588} INFO - Filling up the DagBag from /opt/airflow/dags/1102_trigger_consumer.py
[2026-09-10T20:43:51.784+0000] {processor.py:925} INFO - DAG(s) '1102_trigger_consumer' retrieved from /opt/airflow/dags/1102_trigger_consumer.py
[2026-09-10T20:43:51.812+0000] {logging_mixin.py:190} INFO - [2026-09-10T20:43:51.812+0000] {dag.py:3239} INFO - Sync 1 DAGs
[2026-09-10T20:43:51.837+0000] {logging_mixin.py:190} INFO - [2026-09-10T20:43:51.837+0000] {dag.py:4180} INFO - Setting next_dagrun for 1102_trigger_consumer to None, run_after=None
[2026-09-10T20:43:51.862+0000] {processor.py:208} INFO - Processing /opt/airflow/dags/1102_trigger_consumer.py took 0.097 seconds
[2026-09-10T20:44:21.910+0000] {processor.py:186} INFO - Started process (PID=3685) to work on /opt/airflow/dags/1102_trigger_consumer.py
[2026-09-10T20:44:21.912+0000] {processor.py:914} INFO - Processing file /opt/airflow/dags/1102_trigger_consumer.py for tasks to queue
[2026-09-10T20:44:21.916+0000] {logging_mixin.py:190} INFO - [2026-09-10T20:44:21.915+0000] {dagbag.py:588} INFO - Filling up the DagBag from /opt/airflow/dags/1102_trigger_consumer.py
[2026-09-10T20:44:21.926+0000] {processor.py:925} INFO - DAG(s) '1102_trigger_consumer' retrieved from /opt/airflow/dags/1102_trigger_consumer.py
[2026-09-10T20:44:21.960+0000] {logging_mixin.py:190} INFO - [2026-09-10T20:44:21.960+0000] {dag.py:3239} INFO - Sync 1 DAGs
[2026-09-10T20:44:21.991+0000] {logging_mixin.py:190} INFO - [2026-09-10T20:44:21.991+0000] {dag.py:4180} INFO - Setting next_dagrun for 1102_trigger_consumer to None, run_after=None
[2026-09-10T20:44:22.024+0000] {processor.py:208} INFO - Processing /opt/airflow/dags/1102_trigger_consumer.py took 0.122 seconds
[2026-09-10T20:44:52.082+0000] {processor.py:186} INFO - Started process (PID=3755) to work on /opt/airflow/dags/1102_trigger_consumer.py
[2026-09-10T20:44:52.083+0000] {processor.py:914} INFO - Processing file /opt/airflow/dags/1102_trigger_consumer.py for tasks to queue
[2026-09-10T20:44:52.086+0000] {logging_mixin.py:190} INFO - [2026-09-10T20:44:52.086+0000] {dagbag.py:588} INFO - Filling up the DagBag from /opt/airflow/dags/1102_trigger_consumer.py
[2026-09-10T20:44:52.095+0000] {processor.py:925} INFO - DAG(s) '1102_trigger_consumer' retrieved from /opt/airflow/dags/1102_trigger_consumer.py
[2026-09-10T20:44:52.125+0000] {logging_mixin.py:190} INFO - [2026-09-10T20:44:52.125+0000] {dag.py:3239} INFO - Sync 1 DAGs
[2026-09-10T20:44:52.150+0000] {logging_mixin.py:190} INFO - [2026-09-10T20:44:52.150+0000] {dag.py:4180} INFO - Setting next_dagrun for 1102_trigger_consumer to None, run_after=None
[2026-09-10T20:44:52.179+0000] {processor.py:208} INFO - Processing /opt/airflow/dags/1102_trigger_consumer.py took 0.106 seconds
[2026-09-10T20:45:22.252+0000] {processor.py:186} INFO - Started process (PID=3825) to work on /opt/airflow/dags/1102_trigger_consumer.py
[2026-09-10T20:45:22.254+0000] {processor.py:914} INFO - Processing file /opt/airflow/dags/1102_trigger_consumer.py for tasks to queue
[2026-09-10T20:45:22.257+0000] {logging_mixin.py:190} INFO - [2026-09-10T20:45:22.257+0000] {dagbag.py:588} INFO - Filling up the DagBag from /opt/airflow/dags/1102_trigger_consumer.py
[2026-09-10T20:45:22.267+0000] {processor.py:925} INFO - DAG(s) '1102_trigger_consumer' retrieved from /opt/airflow/dags/1102_trigger_consumer.py
[2026-09-10T20:45:22.300+0000] {logging_mixin.py:190} INFO - [2026-09-10T20:45:22.300+0000] {dag.py:3239} INFO - Sync 1 DAGs
[2026-09-10T20:45:22.337+0000] {logging_mixin.py:190} INFO - [2026-09-10T20:45:22.337+0000] {dag.py:4180} INFO - Setting next_dagrun for 1102_trigger_consumer to None, run_after=None
[2026-09-10T20:45:22.379+0000] {processor.py:208} INFO - Processing /opt/airflow/dags/1102_trigger_consumer.py took 0.135 seconds
[2026-09-10T20:45:52.418+0000] {processor.py:186} INFO - Started process (PID=3919) to work on /opt/airflow/dags/1102_trigger_consumer.py
[2026-09-10T20:45:52.419+0000] {processor.py:914} INFO - Processing file /opt/airflow/dags/1102_trigger_consumer.py for tasks to queue
[2026-09-10T20:45:52.421+0000] {logging_mixin.py:190} INFO - [2026-09-10T20:45:52.421+0000] {dagbag.py:588} INFO - Filling up the DagBag from /opt/airflow/dags/1102_trigger_consumer.py
[2026-09-10T20:45:52.431+0000] {processor.py:925} INFO - DAG(s) '1102_trigger_consumer' retrieved from /opt/airflow/dags/1102_trigger_consumer.py
[2026-09-10T20:45:52.462+0000] {logging_mixin.py:190} INFO - [2026-09-10T20:45:52.462+0000] {dag.py:3239} INFO - Sync 1 DAGs
[2026-09-10T20:45:52.487+0000] {logging_mixin.py:190} INFO - [2026-09-10T20:45:52.486+0000] {dag.py:4180} INFO - Setting next_dagrun for 1102_trigger_consumer to None, run_after=None
[2026-09-10T20:45:52.514+0000] {processor.py:208} INFO - Processing /opt/airflow/dags/1102_trigger_consumer.py took 0.103 seconds
[2026-09-10T20:46:22.698+0000] {processor.py:186} INFO - Started process (PID=3989) to work on /opt/airflow/dags/1102_trigger_consumer.py
[2026-09-10T20:46:22.700+0000] {processor.py:914} INFO - Processing file /opt/airflow/dags/1102_trigger_consumer.py for tasks to queue
[2026-09-10T20:46:22.703+0000] {logging_mixin.py:190} INFO - [2026-09-10T20:46:22.703+0000] {dagbag.py:588} INFO - Filling up the DagBag from /opt/airflow/dags/1102_trigger_consumer.py
[2026-09-10T20:46:22.713+0000] {processor.py:925} INFO - DAG(s) '1102_trigger_consumer' retrieved from /opt/airflow/dags/1102_trigger_consumer.py
[2026-09-10T20:46:22.746+0000] {logging_mixin.py:190} INFO - [2026-09-10T20:46:22.746+0000] {dag.py:3239} INFO - Sync 1 DAGs
[2026-09-10T20:46:22.775+0000] {logging_mixin.py:190} INFO - [2026-09-10T20:46:22.775+0000] {dag.py:4180} INFO - Setting next_dagrun for 1102_trigger_consumer to None, run_after=None
[2026-09-10T20:46:22.802+0000] {processor.py:208} INFO - Processing /opt/airflow/dags/1102_trigger_consumer.py took 0.115 seconds
[2026-09-10T20:46:52.885+0000] {processor.py:186} INFO - Started process (PID=4059) to work on /opt/airflow/dags/1102_trigger_consumer.py
[2026-09-10T20:46:52.886+0000] {processor.py:914} INFO - Processing file /opt/airflow/dags/1102_trigger_consumer.py for tasks to queue
[2026-09-10T20:46:52.890+0000] {logging_mixin.py:190} INFO - [2026-09-10T20:46:52.889+0000] {dagbag.py:588} INFO - Filling up the DagBag from /opt/airflow/dags/1102_trigger_consumer.py
[2026-09-10T20:46:52.900+0000] {processor.py:925} INFO - DAG(s) '1102_trigger_consumer' retrieved from /opt/airflow/dags/1102_trigger_consumer.py
[2026-09-10T20:46:52.931+0000] {logging_mixin.py:190} INFO - [2026-09-10T20:46:52.931+0000] {dag.py:3239} INFO - Sync 1 DAGs
[2026-09-10T20:46:52.956+0000] {logging_mixin.py:190} INFO - [2026-09-10T20:46:52.956+0000] {dag.py:4180} INFO - Setting next_dagrun for 1102_trigger_consumer to None, run_after=None
[2026-09-10T20:46:52.983+0000] {processor.py:208} INFO - Processing /opt/airflow/dags/1102_trigger_consumer.py took 0.108 seconds
[2026-09-10T20:47:24.021+0000] {processor.py:186} INFO - Started process (PID=4129) to work on /opt/airflow/dags/1102_trigger_consumer.py
[2026-09-10T20:47:24.023+0000] {processor.py:914} INFO - Processing file /opt/airflow/dags/1102_trigger_consumer.py for tasks to queue
[2026-09-10T20:47:24.025+0000] {logging_mixin.py:190} INFO - [2026-09-10T20:47:24.025+0000] {dagbag.py:588} INFO - Filling up the DagBag from /opt/airflow/dags/1102_trigger_consumer.py
[2026-09-10T20:47:24.034+0000] {processor.py:925} INFO - DAG(s) '1102_trigger_consumer' retrieved from /opt/airflow/dags/1102_trigger_consumer.py
[2026-09-10T20:47:24.063+0000] {logging_mixin.py:190} INFO - [2026-09-10T20:47:24.063+0000] {dag.py:3239} INFO - Sync 1 DAGs
[2026-09-10T20:47:24.088+0000] {logging_mixin.py:190} INFO - [2026-09-10T20:47:24.087+0000] {dag.py:4180} INFO - Setting next_dagrun for 1102_trigger_consumer to None, run_after=None
[2026-09-10T20:47:24.113+0000] {processor.py:208} INFO - Processing /opt/airflow/dags/1102_trigger_consumer.py took 0.105 seconds
[2026-09-10T20:47:54.185+0000] {processor.py:186} INFO - Started process (PID=4199) to work on /opt/airflow/dags/1102_trigger_consumer.py
[2026-09-10T20:47:54.186+0000] {processor.py:914} INFO - Processing file /opt/airflow/dags/1102_trigger_consumer.py for tasks to queue
[2026-09-10T20:47:54.188+0000] {logging_mixin.py:190} INFO - [2026-09-10T20:47:54.188+0000] {dagbag.py:588} INFO - Filling up the DagBag from /opt/airflow/dags/1102_trigger_consumer.py
[2026-09-10T20:47:54.198+0000] {processor.py:925} INFO - DAG(s) '1102_trigger_consumer' retrieved from /opt/airflow/dags/1102_trigger_consumer.py
[2026-09-10T20:47:54.228+0000] {logging_mixin.py:190} INFO - [2026-09-10T20:47:54.227+0000] {dag.py:3239} INFO - Sync 1 DAGs
[2026-09-10T20:47:54.255+0000] {logging_mixin.py:190} INFO - [2026-09-10T20:47:54.255+0000] {dag.py:4180} INFO - Setting next_dagrun for 1102_trigger_consumer to None, run_after=None
[2026-09-10T20:47:54.279+0000] {processor.py:208} INFO - Processing /opt/airflow/dags/1102_trigger_consumer.py took 0.104 seconds
[2026-09-10T20:48:24.463+0000] {processor.py:186} INFO - Started process (PID=4269) to work on /opt/airflow/dags/1102_trigger_consumer.py
[2026-09-10T20:48:24.466+0000] {processor.py:914} INFO - Processing file /opt/airflow/dags/1102_trigger_consumer.py for tasks to queue
[2026-09-10T20:48:24.469+0000] {logging_mixin.py:190} INFO - [2026-09-10T20:48:24.469+0000] {dagbag.py:588} INFO - Filling up the DagBag from /opt/airflow/dags/1102_trigger_consumer.py
[2026-09-10T20:48:24.479+0000] {processor.py:925} INFO - DAG(s) '1102_trigger_consumer' retrieved from /opt/airflow/dags/1102_trigger_consumer.py
[2026-09-10T20:48:24.508+0000] {logging_mixin.py:190} INFO - [2026-09-10T20:48:24.508+0000] {dag.py:3239} INFO - Sync 1 DAGs
[2026-09-10T20:48:24.532+0000] {logging_mixin.py:190} INFO - [2026-09-10T20:48:24.532+0000] {dag.py:4180} INFO - Setting next_dagrun for 1102_trigger_consumer to None, run_after=None
[2026-09-10T20:48:24.555+0000] {processor.py:208} INFO - Processing /opt/airflow/dags/1102_trigger_consumer.py took 0.102 seconds
[2026-09-10T20:48:54.655+0000] {processor.py:186} INFO - Started process (PID=4339) to work on /opt/airflow/dags/1102_trigger_consumer.py
[2026-09-10T20:48:54.657+0000] {processor.py:914} INFO - Processing file /opt/airflow/dags/1102_trigger_consumer.py for tasks to queue
[2026-09-10T20:48:54.660+0000] {logging_mixin.py:190} INFO - [2026-09-10T20:48:54.660+0000] {dagbag.py:588} INFO - Filling up the DagBag from /opt/airflow/dags/1102_trigger_consumer.py
[2026-09-10T20:48:54.670+0000] {processor.py:925} INFO - DAG(s) '1102_trigger_consumer' retrieved from /opt/airflow/dags/1102_trigger_consumer.py
[2026-09-10T20:48:54.700+0000] {logging_mixin.py:190} INFO - [2026-09-10T20:48:54.700+0000] {dag.py:3239} INFO - Sync 1 DAGs
[2026-09-10T20:48:54.725+0000] {logging_mixin.py:190} INFO - [2026-09-10T20:48:54.724+0000] {dag.py:4180} INFO - Setting next_dagrun for 1102_trigger_consumer to None, run_after=None
[2026-09-10T20:48:54.748+0000] {processor.py:208} INFO - Processing /opt/airflow/dags/1102_trigger_consumer.py took 0.104 seconds
[2026-09-10T20:49:25.774+0000] {processor.py:186} INFO - Started process (PID=4409) to work on /opt/airflow/dags/1102_trigger_consumer.py
[2026-09-10T20:49:25.776+0000] {processor.py:914} INFO - Processing file /opt/airflow/dags/1102_trigger_consumer.py for tasks to queue
[2026-09-10T20:49:25.779+0000] {logging_mixin.py:190} INFO - [2026-09-10T20:49:25.779+0000] {dagbag.py:588} INFO - Filling up the DagBag from /opt/airflow/dags/1102_trigger_consumer.py
[2026-09-10T20:49:25.789+0000] {processor.py:925} INFO - DAG(s) '1102_trigger_consumer' retrieved from /opt/airflow/dags/1102_trigger_consumer.py
[2026-09-10T20:49:25.821+0000] {logging_mixin.py:190} INFO - [2026-09-10T20:49:25.820+0000] {dag.py:3239} INFO - Sync 1 DAGs
[2026-09-10T20:49:25.850+0000] {logging_mixin.py:190} INFO - [2026-09-10T20:49:25.850+0000] {dag.py:4180} INFO - Setting next_dagrun for 1102_trigger_consumer to None, run_after=None
[2026-09-10T20:49:25.876+0000] {processor.py:208} INFO - Processing /opt/airflow/dags/1102_trigger_consumer.py took 0.112 seconds
[2026-09-10T20:49:56.055+0000] {processor.py:186} INFO - Started process (PID=4479) to work on /opt/airflow/dags/1102_trigger_consumer.py
[2026-09-10T20:49:56.056+0000] {processor.py:914} INFO - Processing file /opt/airflow/dags/1102_trigger_consumer.py for tasks to queue
[2026-09-10T20:49:56.059+0000] {logging_mixin.py:190} INFO - [2026-09-10T20:49:56.059+0000] {dagbag.py:588} INFO - Filling up the DagBag from /opt/airflow/dags/1102_trigger_consumer.py
[2026-09-10T20:49:56.069+0000] {processor.py:925} INFO - DAG(s) '1102_trigger_consumer' retrieved from /opt/airflow/dags/1102_trigger_consumer.py
[2026-09-10T20:49:56.099+0000] {logging_mixin.py:190} INFO - [2026-09-10T20:49:56.098+0000] {dag.py:3239} INFO - Sync 1 DAGs
[2026-09-10T20:49:56.123+0000] {logging_mixin.py:190} INFO - [2026-09-10T20:49:56.122+0000] {dag.py:4180} INFO - Setting next_dagrun for 1102_trigger_consumer to None, run_after=None
[2026-09-10T20:49:56.146+0000] {processor.py:208} INFO - Processing /opt/airflow/dags/1102_trigger_consumer.py took 0.101 seconds
[2026-09-10T20:50:26.270+0000] {processor.py:186} INFO - Started process (PID=4549) to work on /opt/airflow/dags/1102_trigger_consumer.py
[2026-09-10T20:50:26.272+0000] {processor.py:914} INFO - Processing file /opt/airflow/dags/1102_trigger_consumer.py for tasks to queue
[2026-09-10T20:50:26.275+0000] {logging_mixin.py:190} INFO - [2026-09-10T20:50:26.274+0000] {dagbag.py:588} INFO - Filling up the DagBag from /opt/airflow/dags/1102_trigger_consumer.py
[2026-09-10T20:50:26.287+0000] {processor.py:925} INFO - DAG(s) '1102_trigger_consumer' retrieved from /opt/airflow/dags/1102_trigger_consumer.py
[2026-09-10T20:50:26.316+0000] {logging_mixin.py:190} INFO - [2026-09-10T20:50:26.316+0000] {dag.py:3239} INFO - Sync 1 DAGs
[2026-09-10T20:50:26.340+0000] {logging_mixin.py:190} INFO - [2026-09-10T20:50:26.340+0000] {dag.py:4180} INFO - Setting next_dagrun for 1102_trigger_consumer to None, run_after=None
[2026-09-10T20:50:26.370+0000] {processor.py:208} INFO - Processing /opt/airflow/dags/1102_trigger_consumer.py took 0.113 seconds
[2026-09-10T20:50:56.427+0000] {processor.py:186} INFO - Started process (PID=4622) to work on /opt/airflow/dags/1102_trigger_consumer.py
[2026-09-10T20:50:56.428+0000] {processor.py:914} INFO - Processing file /opt/airflow/dags/1102_trigger_consumer.py for tasks to queue
[2026-09-10T20:50:56.431+0000] {logging_mixin.py:190} INFO - [2026-09-10T20:50:56.431+0000] {dagbag.py:588} INFO - Filling up the DagBag from /opt/airflow/dags/1102_trigger_consumer.py
[2026-09-10T20:50:56.441+0000] {processor.py:925} INFO - DAG(s) '1102_trigger_consumer' retrieved from /opt/airflow/dags/1102_trigger_consumer.py
[2026-09-10T20:50:56.471+0000] {logging_mixin.py:190} INFO - [2026-09-10T20:50:56.471+0000] {dag.py:3239} INFO - Sync 1 DAGs
[2026-09-10T20:50:56.499+0000] {logging_mixin.py:190} INFO - [2026-09-10T20:50:56.499+0000] {dag.py:4180} INFO - Setting next_dagrun for 1102_trigger_consumer to None, run_after=None
[2026-09-10T20:50:56.524+0000] {processor.py:208} INFO - Processing /opt/airflow/dags/1102_trigger_consumer.py took 0.105 seconds
[2026-09-10T20:51:26.610+0000] {processor.py:186} INFO - Started process (PID=4689) to work on /opt/airflow/dags/1102_trigger_consumer.py
[2026-09-10T20:51:26.612+0000] {processor.py:914} INFO - Processing file /opt/airflow/dags/1102_trigger_consumer.py for tasks to queue
[2026-09-10T20:51:26.616+0000] {logging_mixin.py:190} INFO - [2026-09-10T20:51:26.615+0000] {dagbag.py:588} INFO - Filling up the DagBag from /opt/airflow/dags/1102_trigger_consumer.py
[2026-09-10T20:51:26.629+0000] {processor.py:925} INFO - DAG(s) '1102_trigger_consumer' retrieved from /opt/airflow/dags/1102_trigger_consumer.py
[2026-09-10T20:51:26.661+0000] {logging_mixin.py:190} INFO - [2026-09-10T20:51:26.660+0000] {dag.py:3239} INFO - Sync 1 DAGs
[2026-09-10T20:51:26.691+0000] {logging_mixin.py:190} INFO - [2026-09-10T20:51:26.691+0000] {dag.py:4180} INFO - Setting next_dagrun for 1102_trigger_consumer to None, run_after=None
[2026-09-10T20:51:26.715+0000] {processor.py:208} INFO - Processing /opt/airflow/dags/1102_trigger_consumer.py took 0.115 seconds
[2026-09-10T20:51:56.863+0000] {processor.py:186} INFO - Started process (PID=4759) to work on /opt/airflow/dags/1102_trigger_consumer.py
[2026-09-10T20:51:56.864+0000] {processor.py:914} INFO - Processing file /opt/airflow/dags/1102_trigger_consumer.py for tasks to queue
[2026-09-10T20:51:56.868+0000] {logging_mixin.py:190} INFO - [2026-09-10T20:51:56.867+0000] {dagbag.py:588} INFO - Filling up the DagBag from /opt/airflow/dags/1102_trigger_consumer.py
[2026-09-10T20:51:56.875+0000] {processor.py:925} INFO - DAG(s) '1102_trigger_consumer' retrieved from /opt/airflow/dags/1102_trigger_consumer.py
[2026-09-10T20:51:56.904+0000] {logging_mixin.py:190} INFO - [2026-09-10T20:51:56.904+0000] {dag.py:3239} INFO - Sync 1 DAGs
[2026-09-10T20:51:56.928+0000] {logging_mixin.py:190} INFO - [2026-09-10T20:51:56.927+0000] {dag.py:4180} INFO - Setting next_dagrun for 1102_trigger_consumer to None, run_after=None
[2026-09-10T20:51:56.951+0000] {processor.py:208} INFO - Processing /opt/airflow/dags/1102_trigger_consumer.py took 0.096 seconds
[2026-09-10T20:52:27.041+0000] {processor.py:186} INFO - Started process (PID=4829) to work on /opt/airflow/dags/1102_trigger_consumer.py
[2026-09-10T20:52:27.042+0000] {processor.py:914} INFO - Processing file /opt/airflow/dags/1102_trigger_consumer.py for tasks to queue
[2026-09-10T20:52:27.045+0000] {logging_mixin.py:190} INFO - [2026-09-10T20:52:27.045+0000] {dagbag.py:588} INFO - Filling up the DagBag from /opt/airflow/dags/1102_trigger_consumer.py
[2026-09-10T20:52:27.054+0000] {processor.py:925} INFO - DAG(s) '1102_trigger_consumer' retrieved from /opt/airflow/dags/1102_trigger_consumer.py
[2026-09-10T20:52:27.084+0000] {logging_mixin.py:190} INFO - [2026-09-10T20:52:27.083+0000] {dag.py:3239} INFO - Sync 1 DAGs
[2026-09-10T20:52:27.109+0000] {logging_mixin.py:190} INFO - [2026-09-10T20:52:27.109+0000] {dag.py:4180} INFO - Setting next_dagrun for 1102_trigger_consumer to None, run_after=None
[2026-09-10T20:52:27.132+0000] {processor.py:208} INFO - Processing /opt/airflow/dags/1102_trigger_consumer.py took 0.101 seconds
[2026-09-10T20:52:57.266+0000] {processor.py:186} INFO - Started process (PID=4899) to work on /opt/airflow/dags/1102_trigger_consumer.py
[2026-09-10T20:52:57.267+0000] {processor.py:914} INFO - Processing file /opt/airflow/dags/1102_trigger_consumer.py for tasks to queue
[2026-09-10T20:52:57.271+0000] {logging_mixin.py:190} INFO - [2026-09-10T20:52:57.270+0000] {dagbag.py:588} INFO - Filling up the DagBag from /opt/airflow/dags/1102_trigger_consumer.py
[2026-09-10T20:52:57.284+0000] {processor.py:925} INFO - DAG(s) '1102_trigger_consumer' retrieved from /opt/airflow/dags/1102_trigger_consumer.py
[2026-09-10T20:52:57.316+0000] {logging_mixin.py:190} INFO - [2026-09-10T20:52:57.316+0000] {dag.py:3239} INFO - Sync 1 DAGs
[2026-09-10T20:52:57.340+0000] {logging_mixin.py:190} INFO - [2026-09-10T20:52:57.340+0000] {dag.py:4180} INFO - Setting next_dagrun for 1102_trigger_consumer to None, run_after=None
[2026-09-10T20:52:57.364+0000] {processor.py:208} INFO - Processing /opt/airflow/dags/1102_trigger_consumer.py took 0.109 seconds
[2026-09-10T20:53:27.420+0000] {processor.py:186} INFO - Started process (PID=4969) to work on /opt/airflow/dags/1102_trigger_consumer.py
[2026-09-10T20:53:27.422+0000] {processor.py:914} INFO - Processing file /opt/airflow/dags/1102_trigger_consumer.py for tasks to queue
[2026-09-10T20:53:27.425+0000] {logging_mixin.py:190} INFO - [2026-09-10T20:53:27.424+0000] {dagbag.py:588} INFO - Filling up the DagBag from /opt/airflow/dags/1102_trigger_consumer.py
[2026-09-10T20:53:27.435+0000] {processor.py:925} INFO - DAG(s) '1102_trigger_consumer' retrieved from /opt/airflow/dags/1102_trigger_consumer.py
[2026-09-10T20:53:27.465+0000] {logging_mixin.py:190} INFO - [2026-09-10T20:53:27.465+0000] {dag.py:3239} INFO - Sync 1 DAGs
[2026-09-10T20:53:27.492+0000] {logging_mixin.py:190} INFO - [2026-09-10T20:53:27.491+0000] {dag.py:4180} INFO - Setting next_dagrun for 1102_trigger_consumer to None, run_after=None
[2026-09-10T20:53:27.516+0000] {processor.py:208} INFO - Processing /opt/airflow/dags/1102_trigger_consumer.py took 0.107 seconds
[2026-09-10T20:53:57.627+0000] {processor.py:186} INFO - Started process (PID=5039) to work on /opt/airflow/dags/1102_trigger_consumer.py
[2026-09-10T20:53:57.629+0000] {processor.py:914} INFO - Processing file /opt/airflow/dags/1102_trigger_consumer.py for tasks to queue
[2026-09-10T20:53:57.633+0000] {logging_mixin.py:190} INFO - [2026-09-10T20:53:57.632+0000] {dagbag.py:588} INFO - Filling up the DagBag from /opt/airflow/dags/1102_trigger_consumer.py
[2026-09-10T20:53:57.643+0000] {processor.py:925} INFO - DAG(s) '1102_trigger_consumer' retrieved from /opt/airflow/dags/1102_trigger_consumer.py
[2026-09-10T20:53:57.679+0000] {logging_mixin.py:190} INFO - [2026-09-10T20:53:57.678+0000] {dag.py:3239} INFO - Sync 1 DAGs
[2026-09-10T20:53:57.707+0000] {logging_mixin.py:190} INFO - [2026-09-10T20:53:57.707+0000] {dag.py:4180} INFO - Setting next_dagrun for 1102_trigger_consumer to None, run_after=None
[2026-09-10T20:53:57.735+0000] {processor.py:208} INFO - Processing /opt/airflow/dags/1102_trigger_consumer.py took 0.118 seconds
[2026-09-10T20:54:27.962+0000] {processor.py:186} INFO - Started process (PID=5109) to work on /opt/airflow/dags/1102_trigger_consumer.py
[2026-09-10T20:54:27.964+0000] {processor.py:914} INFO - Processing file /opt/airflow/dags/1102_trigger_consumer.py for tasks to queue
[2026-09-10T20:54:27.967+0000] {logging_mixin.py:190} INFO - [2026-09-10T20:54:27.967+0000] {dagbag.py:588} INFO - Filling up the DagBag from /opt/airflow/dags/1102_trigger_consumer.py
[2026-09-10T20:54:27.978+0000] {processor.py:925} INFO - DAG(s) '1102_trigger_consumer' retrieved from /opt/airflow/dags/1102_trigger_consumer.py
[2026-09-10T20:54:28.007+0000] {logging_mixin.py:190} INFO - [2026-09-10T20:54:28.007+0000] {dag.py:3239} INFO - Sync 1 DAGs
[2026-09-10T20:54:28.035+0000] {logging_mixin.py:190} INFO - [2026-09-10T20:54:28.034+0000] {dag.py:4180} INFO - Setting next_dagrun for 1102_trigger_consumer to None, run_after=None
[2026-09-10T20:54:28.063+0000] {processor.py:208} INFO - Processing /opt/airflow/dags/1102_trigger_consumer.py took 0.111 seconds
[2026-09-10T20:54:58.133+0000] {processor.py:186} INFO - Started process (PID=5179) to work on /opt/airflow/dags/1102_trigger_consumer.py
[2026-09-10T20:54:58.135+0000] {processor.py:914} INFO - Processing file /opt/airflow/dags/1102_trigger_consumer.py for tasks to queue
[2026-09-10T20:54:58.138+0000] {logging_mixin.py:190} INFO - [2026-09-10T20:54:58.137+0000] {dagbag.py:588} INFO - Filling up the DagBag from /opt/airflow/dags/1102_trigger_consumer.py
[2026-09-10T20:54:58.147+0000] {processor.py:925} INFO - DAG(s) '1102_trigger_consumer' retrieved from /opt/airflow/dags/1102_trigger_consumer.py
[2026-09-10T20:54:58.176+0000] {logging_mixin.py:190} INFO - [2026-09-10T20:54:58.176+0000] {dag.py:3239} INFO - Sync 1 DAGs
[2026-09-10T20:54:58.201+0000] {logging_mixin.py:190} INFO - [2026-09-10T20:54:58.201+0000] {dag.py:4180} INFO - Setting next_dagrun for 1102_trigger_consumer to None, run_after=None
[2026-09-10T20:54:58.226+0000] {processor.py:208} INFO - Processing /opt/airflow/dags/1102_trigger_consumer.py took 0.102 seconds
[2026-09-10T20:55:28.387+0000] {processor.py:186} INFO - Started process (PID=5249) to work on /opt/airflow/dags/1102_trigger_consumer.py
[2026-09-10T20:55:28.388+0000] {processor.py:914} INFO - Processing file /opt/airflow/dags/1102_trigger_consumer.py for tasks to queue
[2026-09-10T20:55:28.392+0000] {logging_mixin.py:190} INFO - [2026-09-10T20:55:28.392+0000] {dagbag.py:588} INFO - Filling up the DagBag from /opt/airflow/dags/1102_trigger_consumer.py
[2026-09-10T20:55:28.414+0000] {processor.py:925} INFO - DAG(s) '1102_trigger_consumer' retrieved from /opt/airflow/dags/1102_trigger_consumer.py
[2026-09-10T20:55:28.449+0000] {logging_mixin.py:190} INFO - [2026-09-10T20:55:28.449+0000] {dag.py:3239} INFO - Sync 1 DAGs
[2026-09-10T20:55:28.474+0000] {logging_mixin.py:190} INFO - [2026-09-10T20:55:28.474+0000] {dag.py:4180} INFO - Setting next_dagrun for 1102_trigger_consumer to None, run_after=None
[2026-09-10T20:55:28.497+0000] {processor.py:208} INFO - Processing /opt/airflow/dags/1102_trigger_consumer.py took 0.140 seconds
[2026-09-10T20:55:58.660+0000] {processor.py:186} INFO - Started process (PID=5324) to work on /opt/airflow/dags/1102_trigger_consumer.py
[2026-09-10T20:55:58.661+0000] {processor.py:914} INFO - Processing file /opt/airflow/dags/1102_trigger_consumer.py for tasks to queue
[2026-09-10T20:55:58.663+0000] {logging_mixin.py:190} INFO - [2026-09-10T20:55:58.663+0000] {dagbag.py:588} INFO - Filling up the DagBag from /opt/airflow/dags/1102_trigger_consumer.py
[2026-09-10T20:55:58.672+0000] {processor.py:925} INFO - DAG(s) '1102_trigger_consumer' retrieved from /opt/airflow/dags/1102_trigger_consumer.py
[2026-09-10T20:55:58.700+0000] {logging_mixin.py:190} INFO - [2026-09-10T20:55:58.700+0000] {dag.py:3239} INFO - Sync 1 DAGs
[2026-09-10T20:55:58.724+0000] {logging_mixin.py:190} INFO - [2026-09-10T20:55:58.724+0000] {dag.py:4180} INFO - Setting next_dagrun for 1102_trigger_consumer to None, run_after=None
[2026-09-10T20:55:58.747+0000] {processor.py:208} INFO - Processing /opt/airflow/dags/1102_trigger_consumer.py took 0.095 seconds
[2026-09-10T20:56:28.874+0000] {processor.py:186} INFO - Started process (PID=5389) to work on /opt/airflow/dags/1102_trigger_consumer.py
[2026-09-10T20:56:28.876+0000] {processor.py:914} INFO - Processing file /opt/airflow/dags/1102_trigger_consumer.py for tasks to queue
[2026-09-10T20:56:28.879+0000] {logging_mixin.py:190} INFO - [2026-09-10T20:56:28.878+0000] {dagbag.py:588} INFO - Filling up the DagBag from /opt/airflow/dags/1102_trigger_consumer.py
[2026-09-10T20:56:28.889+0000] {processor.py:925} INFO - DAG(s) '1102_trigger_consumer' retrieved from /opt/airflow/dags/1102_trigger_consumer.py
[2026-09-10T20:56:28.920+0000] {logging_mixin.py:190} INFO - [2026-09-10T20:56:28.920+0000] {dag.py:3239} INFO - Sync 1 DAGs
[2026-09-10T20:56:28.958+0000] {logging_mixin.py:190} INFO - [2026-09-10T20:56:28.958+0000] {dag.py:4180} INFO - Setting next_dagrun for 1102_trigger_consumer to None, run_after=None
[2026-09-10T20:56:28.982+0000] {processor.py:208} INFO - Processing /opt/airflow/dags/1102_trigger_consumer.py took 0.118 seconds
[2026-09-10T20:56:59.090+0000] {processor.py:186} INFO - Started process (PID=5459) to work on /opt/airflow/dags/1102_trigger_consumer.py
[2026-09-10T20:56:59.091+0000] {processor.py:914} INFO - Processing file /opt/airflow/dags/1102_trigger_consumer.py for tasks to queue
[2026-09-10T20:56:59.094+0000] {logging_mixin.py:190} INFO - [2026-09-10T20:56:59.094+0000] {dagbag.py:588} INFO - Filling up the DagBag from /opt/airflow/dags/1102_trigger_consumer.py
[2026-09-10T20:56:59.102+0000] {processor.py:925} INFO - DAG(s) '1102_trigger_consumer' retrieved from /opt/airflow/dags/1102_trigger_consumer.py
[2026-09-10T20:56:59.132+0000] {logging_mixin.py:190} INFO - [2026-09-10T20:56:59.132+0000] {dag.py:3239} INFO - Sync 1 DAGs
[2026-09-10T20:56:59.166+0000] {logging_mixin.py:190} INFO - [2026-09-10T20:56:59.166+0000] {dag.py:4180} INFO - Setting next_dagrun for 1102_trigger_consumer to None, run_after=None
[2026-09-10T20:56:59.198+0000] {processor.py:208} INFO - Processing /opt/airflow/dags/1102_trigger_consumer.py took 0.119 seconds
[2026-09-10T20:57:29.310+0000] {processor.py:186} INFO - Started process (PID=5529) to work on /opt/airflow/dags/1102_trigger_consumer.py
[2026-09-10T20:57:29.312+0000] {processor.py:914} INFO - Processing file /opt/airflow/dags/1102_trigger_consumer.py for tasks to queue
[2026-09-10T20:57:29.315+0000] {logging_mixin.py:190} INFO - [2026-09-10T20:57:29.314+0000] {dagbag.py:588} INFO - Filling up the DagBag from /opt/airflow/dags/1102_trigger_consumer.py
[2026-09-10T20:57:29.326+0000] {processor.py:925} INFO - DAG(s) '1102_trigger_consumer' retrieved from /opt/airflow/dags/1102_trigger_consumer.py
[2026-09-10T20:57:29.355+0000] {logging_mixin.py:190} INFO - [2026-09-10T20:57:29.354+0000] {dag.py:3239} INFO - Sync 1 DAGs
[2026-09-10T20:57:29.379+0000] {logging_mixin.py:190} INFO - [2026-09-10T20:57:29.379+0000] {dag.py:4180} INFO - Setting next_dagrun for 1102_trigger_consumer to None, run_after=None
[2026-09-10T20:57:29.407+0000] {processor.py:208} INFO - Processing /opt/airflow/dags/1102_trigger_consumer.py took 0.107 seconds
[2026-09-10T20:57:59.445+0000] {processor.py:186} INFO - Started process (PID=5599) to work on /opt/airflow/dags/1102_trigger_consumer.py
[2026-09-10T20:57:59.446+0000] {processor.py:914} INFO - Processing file /opt/airflow/dags/1102_trigger_consumer.py for tasks to queue
[2026-09-10T20:57:59.450+0000] {logging_mixin.py:190} INFO - [2026-09-10T20:57:59.449+0000] {dagbag.py:588} INFO - Filling up the DagBag from /opt/airflow/dags/1102_trigger_consumer.py
[2026-09-10T20:57:59.461+0000] {processor.py:925} INFO - DAG(s) '1102_trigger_consumer' retrieved from /opt/airflow/dags/1102_trigger_consumer.py
[2026-09-10T20:57:59.494+0000] {logging_mixin.py:190} INFO - [2026-09-10T20:57:59.494+0000] {dag.py:3239} INFO - Sync 1 DAGs
[2026-09-10T20:57:59.521+0000] {logging_mixin.py:190} INFO - [2026-09-10T20:57:59.521+0000] {dag.py:4180} INFO - Setting next_dagrun for 1102_trigger_consumer to None, run_after=None
[2026-09-10T20:57:59.550+0000] {processor.py:208} INFO - Processing /opt/airflow/dags/1102_trigger_consumer.py took 0.113 seconds
[2026-09-10T20:58:29.903+0000] {processor.py:186} INFO - Started process (PID=5669) to work on /opt/airflow/dags/1102_trigger_consumer.py
[2026-09-10T20:58:29.906+0000] {processor.py:914} INFO - Processing file /opt/airflow/dags/1102_trigger_consumer.py for tasks to queue
[2026-09-10T20:58:29.909+0000] {logging_mixin.py:190} INFO - [2026-09-10T20:58:29.909+0000] {dagbag.py:588} INFO - Filling up the DagBag from /opt/airflow/dags/1102_trigger_consumer.py
[2026-09-10T20:58:29.923+0000] {processor.py:925} INFO - DAG(s) '1102_trigger_consumer' retrieved from /opt/airflow/dags/1102_trigger_consumer.py
[2026-09-10T20:58:29.954+0000] {logging_mixin.py:190} INFO - [2026-09-10T20:58:29.953+0000] {dag.py:3239} INFO - Sync 1 DAGs
[2026-09-10T20:58:29.979+0000] {logging_mixin.py:190} INFO - [2026-09-10T20:58:29.979+0000] {dag.py:4180} INFO - Setting next_dagrun for 1102_trigger_consumer to None, run_after=None
[2026-09-10T20:58:30.008+0000] {processor.py:208} INFO - Processing /opt/airflow/dags/1102_trigger_consumer.py took 0.117 seconds
[2026-09-10T20:59:00.529+0000] {processor.py:186} INFO - Started process (PID=5739) to work on /opt/airflow/dags/1102_trigger_consumer.py
[2026-09-10T20:59:00.530+0000] {processor.py:914} INFO - Processing file /opt/airflow/dags/1102_trigger_consumer.py for tasks to queue
[2026-09-10T20:59:00.533+0000] {logging_mixin.py:190} INFO - [2026-09-10T20:59:00.533+0000] {dagbag.py:588} INFO - Filling up the DagBag from /opt/airflow/dags/1102_trigger_consumer.py
[2026-09-10T20:59:00.543+0000] {processor.py:925} INFO - DAG(s) '1102_trigger_consumer' retrieved from /opt/airflow/dags/1102_trigger_consumer.py
[2026-09-10T20:59:00.578+0000] {logging_mixin.py:190} INFO - [2026-09-10T20:59:00.578+0000] {dag.py:3239} INFO - Sync 1 DAGs
[2026-09-10T20:59:00.607+0000] {logging_mixin.py:190} INFO - [2026-09-10T20:59:00.606+0000] {dag.py:4180} INFO - Setting next_dagrun for 1102_trigger_consumer to None, run_after=None
[2026-09-10T20:59:00.635+0000] {processor.py:208} INFO - Processing /opt/airflow/dags/1102_trigger_consumer.py took 0.117 seconds
[2026-09-10T20:59:30.899+0000] {processor.py:186} INFO - Started process (PID=5809) to work on /opt/airflow/dags/1102_trigger_consumer.py
[2026-09-10T20:59:30.901+0000] {processor.py:914} INFO - Processing file /opt/airflow/dags/1102_trigger_consumer.py for tasks to queue
[2026-09-10T20:59:30.904+0000] {logging_mixin.py:190} INFO - [2026-09-10T20:59:30.904+0000] {dagbag.py:588} INFO - Filling up the DagBag from /opt/airflow/dags/1102_trigger_consumer.py
[2026-09-10T20:59:30.921+0000] {processor.py:925} INFO - DAG(s) '1102_trigger_consumer' retrieved from /opt/airflow/dags/1102_trigger_consumer.py
[2026-09-10T20:59:30.950+0000] {logging_mixin.py:190} INFO - [2026-09-10T20:59:30.950+0000] {dag.py:3239} INFO - Sync 1 DAGs
[2026-09-10T20:59:30.976+0000] {logging_mixin.py:190} INFO - [2026-09-10T20:59:30.975+0000] {dag.py:4180} INFO - Setting next_dagrun for 1102_trigger_consumer to None, run_after=None
[2026-09-10T20:59:31.000+0000] {processor.py:208} INFO - Processing /opt/airflow/dags/1102_trigger_consumer.py took 0.112 seconds
[2026-09-10T21:00:01.125+0000] {processor.py:186} INFO - Started process (PID=5879) to work on /opt/airflow/dags/1102_trigger_consumer.py
[2026-09-10T21:00:01.126+0000] {processor.py:914} INFO - Processing file /opt/airflow/dags/1102_trigger_consumer.py for tasks to queue
[2026-09-10T21:00:01.130+0000] {logging_mixin.py:190} INFO - [2026-09-10T21:00:01.129+0000] {dagbag.py:588} INFO - Filling up the DagBag from /opt/airflow/dags/1102_trigger_consumer.py
[2026-09-10T21:00:01.141+0000] {processor.py:925} INFO - DAG(s) '1102_trigger_consumer' retrieved from /opt/airflow/dags/1102_trigger_consumer.py
[2026-09-10T21:00:01.176+0000] {logging_mixin.py:190} INFO - [2026-09-10T21:00:01.176+0000] {dag.py:3239} INFO - Sync 1 DAGs
[2026-09-10T21:00:01.209+0000] {logging_mixin.py:190} INFO - [2026-09-10T21:00:01.209+0000] {dag.py:4180} INFO - Setting next_dagrun for 1102_trigger_consumer to None, run_after=None
[2026-09-10T21:00:01.238+0000] {processor.py:208} INFO - Processing /opt/airflow/dags/1102_trigger_consumer.py took 0.125 seconds
[2026-09-10T21:00:31.334+0000] {processor.py:186} INFO - Started process (PID=5949) to work on /opt/airflow/dags/1102_trigger_consumer.py
[2026-09-10T21:00:31.336+0000] {processor.py:914} INFO - Processing file /opt/airflow/dags/1102_trigger_consumer.py for tasks to queue
[2026-09-10T21:00:31.339+0000] {logging_mixin.py:190} INFO - [2026-09-10T21:00:31.339+0000] {dagbag.py:588} INFO - Filling up the DagBag from /opt/airflow/dags/1102_trigger_consumer.py
[2026-09-10T21:00:31.349+0000] {processor.py:925} INFO - DAG(s) '1102_trigger_consumer' retrieved from /opt/airflow/dags/1102_trigger_consumer.py
[2026-09-10T21:00:31.379+0000] {logging_mixin.py:190} INFO - [2026-09-10T21:00:31.379+0000] {dag.py:3239} INFO - Sync 1 DAGs
[2026-09-10T21:00:31.405+0000] {logging_mixin.py:190} INFO - [2026-09-10T21:00:31.405+0000] {dag.py:4180} INFO - Setting next_dagrun for 1102_trigger_consumer to None, run_after=None
[2026-09-10T21:00:31.431+0000] {processor.py:208} INFO - Processing /opt/airflow/dags/1102_trigger_consumer.py took 0.111 seconds
[2026-09-10T21:01:01.580+0000] {processor.py:186} INFO - Started process (PID=6019) to work on /opt/airflow/dags/1102_trigger_consumer.py
[2026-09-10T21:01:01.582+0000] {processor.py:914} INFO - Processing file /opt/airflow/dags/1102_trigger_consumer.py for tasks to queue
[2026-09-10T21:01:01.586+0000] {logging_mixin.py:190} INFO - [2026-09-10T21:01:01.585+0000] {dagbag.py:588} INFO - Filling up the DagBag from /opt/airflow/dags/1102_trigger_consumer.py
[2026-09-10T21:01:01.598+0000] {processor.py:925} INFO - DAG(s) '1102_trigger_consumer' retrieved from /opt/airflow/dags/1102_trigger_consumer.py
[2026-09-10T21:01:01.634+0000] {logging_mixin.py:190} INFO - [2026-09-10T21:01:01.633+0000] {dag.py:3239} INFO - Sync 1 DAGs
[2026-09-10T21:01:01.663+0000] {logging_mixin.py:190} INFO - [2026-09-10T21:01:01.662+0000] {dag.py:4180} INFO - Setting next_dagrun for 1102_trigger_consumer to None, run_after=None
[2026-09-10T21:01:01.687+0000] {processor.py:208} INFO - Processing /opt/airflow/dags/1102_trigger_consumer.py took 0.118 seconds
[2026-09-10T21:01:32.648+0000] {processor.py:186} INFO - Started process (PID=6089) to work on /opt/airflow/dags/1102_trigger_consumer.py
[2026-09-10T21:01:32.650+0000] {processor.py:914} INFO - Processing file /opt/airflow/dags/1102_trigger_consumer.py for tasks to queue
[2026-09-10T21:01:32.655+0000] {logging_mixin.py:190} INFO - [2026-09-10T21:01:32.654+0000] {dagbag.py:588} INFO - Filling up the DagBag from /opt/airflow/dags/1102_trigger_consumer.py
[2026-09-10T21:01:32.671+0000] {processor.py:925} INFO - DAG(s) '1102_trigger_consumer' retrieved from /opt/airflow/dags/1102_trigger_consumer.py
[2026-09-10T21:01:32.709+0000] {logging_mixin.py:190} INFO - [2026-09-10T21:01:32.709+0000] {dag.py:3239} INFO - Sync 1 DAGs
[2026-09-10T21:01:32.743+0000] {logging_mixin.py:190} INFO - [2026-09-10T21:01:32.742+0000] {dag.py:4180} INFO - Setting next_dagrun for 1102_trigger_consumer to None, run_after=None
[2026-09-10T21:01:32.767+0000] {processor.py:208} INFO - Processing /opt/airflow/dags/1102_trigger_consumer.py took 0.130 seconds
[2026-09-10T21:02:03.733+0000] {processor.py:186} INFO - Started process (PID=6159) to work on /opt/airflow/dags/1102_trigger_consumer.py
[2026-09-10T21:02:03.735+0000] {processor.py:914} INFO - Processing file /opt/airflow/dags/1102_trigger_consumer.py for tasks to queue
[2026-09-10T21:02:03.738+0000] {logging_mixin.py:190} INFO - [2026-09-10T21:02:03.738+0000] {dagbag.py:588} INFO - Filling up the DagBag from /opt/airflow/dags/1102_trigger_consumer.py
[2026-09-10T21:02:03.748+0000] {processor.py:925} INFO - DAG(s) '1102_trigger_consumer' retrieved from /opt/airflow/dags/1102_trigger_consumer.py
[2026-09-10T21:02:03.777+0000] {logging_mixin.py:190} INFO - [2026-09-10T21:02:03.777+0000] {dag.py:3239} INFO - Sync 1 DAGs
[2026-09-10T21:02:03.803+0000] {logging_mixin.py:190} INFO - [2026-09-10T21:02:03.803+0000] {dag.py:4180} INFO - Setting next_dagrun for 1102_trigger_consumer to None, run_after=None
[2026-09-10T21:02:03.827+0000] {processor.py:208} INFO - Processing /opt/airflow/dags/1102_trigger_consumer.py took 0.105 seconds
[2026-09-10T21:02:34.082+0000] {processor.py:186} INFO - Started process (PID=6229) to work on /opt/airflow/dags/1102_trigger_consumer.py
[2026-09-10T21:02:34.084+0000] {processor.py:914} INFO - Processing file /opt/airflow/dags/1102_trigger_consumer.py for tasks to queue
[2026-09-10T21:02:34.089+0000] {logging_mixin.py:190} INFO - [2026-09-10T21:02:34.088+0000] {dagbag.py:588} INFO - Filling up the DagBag from /opt/airflow/dags/1102_trigger_consumer.py
[2026-09-10T21:02:34.103+0000] {processor.py:925} INFO - DAG(s) '1102_trigger_consumer' retrieved from /opt/airflow/dags/1102_trigger_consumer.py
[2026-09-10T21:02:34.143+0000] {logging_mixin.py:190} INFO - [2026-09-10T21:02:34.143+0000] {dag.py:3239} INFO - Sync 1 DAGs
[2026-09-10T21:02:34.175+0000] {logging_mixin.py:190} INFO - [2026-09-10T21:02:34.175+0000] {dag.py:4180} INFO - Setting next_dagrun for 1102_trigger_consumer to None, run_after=None
[2026-09-10T21:02:34.199+0000] {processor.py:208} INFO - Processing /opt/airflow/dags/1102_trigger_consumer.py took 0.131 seconds
[2026-09-10T21:03:04.282+0000] {processor.py:186} INFO - Started process (PID=6299) to work on /opt/airflow/dags/1102_trigger_consumer.py
[2026-09-10T21:03:04.284+0000] {processor.py:914} INFO - Processing file /opt/airflow/dags/1102_trigger_consumer.py for tasks to queue
[2026-09-10T21:03:04.288+0000] {logging_mixin.py:190} INFO - [2026-09-10T21:03:04.288+0000] {dagbag.py:588} INFO - Filling up the DagBag from /opt/airflow/dags/1102_trigger_consumer.py
[2026-09-10T21:03:04.299+0000] {processor.py:925} INFO - DAG(s) '1102_trigger_consumer' retrieved from /opt/airflow/dags/1102_trigger_consumer.py
[2026-09-10T21:03:04.335+0000] {logging_mixin.py:190} INFO - [2026-09-10T21:03:04.335+0000] {dag.py:3239} INFO - Sync 1 DAGs
[2026-09-10T21:03:04.362+0000] {logging_mixin.py:190} INFO - [2026-09-10T21:03:04.362+0000] {dag.py:4180} INFO - Setting next_dagrun for 1102_trigger_consumer to None, run_after=None
[2026-09-10T21:03:04.386+0000] {processor.py:208} INFO - Processing /opt/airflow/dags/1102_trigger_consumer.py took 0.120 seconds
[2026-09-10T21:03:34.534+0000] {processor.py:186} INFO - Started process (PID=6374) to work on /opt/airflow/dags/1102_trigger_consumer.py
[2026-09-10T21:03:34.535+0000] {processor.py:914} INFO - Processing file /opt/airflow/dags/1102_trigger_consumer.py for tasks to queue
[2026-09-10T21:03:34.538+0000] {logging_mixin.py:190} INFO - [2026-09-10T21:03:34.537+0000] {dagbag.py:588} INFO - Filling up the DagBag from /opt/airflow/dags/1102_trigger_consumer.py
[2026-09-10T21:03:34.547+0000] {processor.py:925} INFO - DAG(s) '1102_trigger_consumer' retrieved from /opt/airflow/dags/1102_trigger_consumer.py
[2026-09-10T21:03:34.585+0000] {logging_mixin.py:190} INFO - [2026-09-10T21:03:34.585+0000] {dag.py:3239} INFO - Sync 1 DAGs
[2026-09-10T21:03:34.623+0000] {logging_mixin.py:190} INFO - [2026-09-10T21:03:34.623+0000] {dag.py:4180} INFO - Setting next_dagrun for 1102_trigger_consumer to None, run_after=None
[2026-09-10T21:03:34.650+0000] {processor.py:208} INFO - Processing /opt/airflow/dags/1102_trigger_consumer.py took 0.123 seconds
[2026-09-10T21:04:04.741+0000] {processor.py:186} INFO - Started process (PID=6442) to work on /opt/airflow/dags/1102_trigger_consumer.py
[2026-09-10T21:04:04.743+0000] {processor.py:914} INFO - Processing file /opt/airflow/dags/1102_trigger_consumer.py for tasks to queue
[2026-09-10T21:04:04.746+0000] {logging_mixin.py:190} INFO - [2026-09-10T21:04:04.746+0000] {dagbag.py:588} INFO - Filling up the DagBag from /opt/airflow/dags/1102_trigger_consumer.py
[2026-09-10T21:04:04.756+0000] {processor.py:925} INFO - DAG(s) '1102_trigger_consumer' retrieved from /opt/airflow/dags/1102_trigger_consumer.py
[2026-09-10T21:04:04.785+0000] {logging_mixin.py:190} INFO - [2026-09-10T21:04:04.784+0000] {dag.py:3239} INFO - Sync 1 DAGs
[2026-09-10T21:04:04.808+0000] {logging_mixin.py:190} INFO - [2026-09-10T21:04:04.807+0000] {dag.py:4180} INFO - Setting next_dagrun for 1102_trigger_consumer to None, run_after=None
[2026-09-10T21:04:04.829+0000] {processor.py:208} INFO - Processing /opt/airflow/dags/1102_trigger_consumer.py took 0.096 seconds
[2026-09-10T21:04:34.980+0000] {processor.py:186} INFO - Started process (PID=6509) to work on /opt/airflow/dags/1102_trigger_consumer.py
[2026-09-10T21:04:34.981+0000] {processor.py:914} INFO - Processing file /opt/airflow/dags/1102_trigger_consumer.py for tasks to queue
[2026-09-10T21:04:34.985+0000] {logging_mixin.py:190} INFO - [2026-09-10T21:04:34.985+0000] {dagbag.py:588} INFO - Filling up the DagBag from /opt/airflow/dags/1102_trigger_consumer.py
[2026-09-10T21:04:34.996+0000] {processor.py:925} INFO - DAG(s) '1102_trigger_consumer' retrieved from /opt/airflow/dags/1102_trigger_consumer.py
[2026-09-10T21:04:35.028+0000] {logging_mixin.py:190} INFO - [2026-09-10T21:04:35.028+0000] {dag.py:3239} INFO - Sync 1 DAGs
[2026-09-10T21:04:35.052+0000] {logging_mixin.py:190} INFO - [2026-09-10T21:04:35.052+0000] {dag.py:4180} INFO - Setting next_dagrun for 1102_trigger_consumer to None, run_after=None
[2026-09-10T21:04:35.076+0000] {processor.py:208} INFO - Processing /opt/airflow/dags/1102_trigger_consumer.py took 0.106 seconds
[2026-09-10T21:05:05.185+0000] {processor.py:186} INFO - Started process (PID=6579) to work on /opt/airflow/dags/1102_trigger_consumer.py
[2026-09-10T21:05:05.187+0000] {processor.py:914} INFO - Processing file /opt/airflow/dags/1102_trigger_consumer.py for tasks to queue
[2026-09-10T21:05:05.190+0000] {logging_mixin.py:190} INFO - [2026-09-10T21:05:05.190+0000] {dagbag.py:588} INFO - Filling up the DagBag from /opt/airflow/dags/1102_trigger_consumer.py
[2026-09-10T21:05:05.200+0000] {processor.py:925} INFO - DAG(s) '1102_trigger_consumer' retrieved from /opt/airflow/dags/1102_trigger_consumer.py
[2026-09-10T21:05:05.230+0000] {logging_mixin.py:190} INFO - [2026-09-10T21:05:05.230+0000] {dag.py:3239} INFO - Sync 1 DAGs
[2026-09-10T21:05:05.255+0000] {logging_mixin.py:190} INFO - [2026-09-10T21:05:05.255+0000] {dag.py:4180} INFO - Setting next_dagrun for 1102_trigger_consumer to None, run_after=None
[2026-09-10T21:05:05.278+0000] {processor.py:208} INFO - Processing /opt/airflow/dags/1102_trigger_consumer.py took 0.103 seconds
[2026-09-10T21:05:35.361+0000] {processor.py:186} INFO - Started process (PID=6649) to work on /opt/airflow/dags/1102_trigger_consumer.py
[2026-09-10T21:05:35.362+0000] {processor.py:914} INFO - Processing file /opt/airflow/dags/1102_trigger_consumer.py for tasks to queue
[2026-09-10T21:05:35.365+0000] {logging_mixin.py:190} INFO - [2026-09-10T21:05:35.365+0000] {dagbag.py:588} INFO - Filling up the DagBag from /opt/airflow/dags/1102_trigger_consumer.py
[2026-09-10T21:05:35.376+0000] {processor.py:925} INFO - DAG(s) '1102_trigger_consumer' retrieved from /opt/airflow/dags/1102_trigger_consumer.py
[2026-09-10T21:05:35.406+0000] {logging_mixin.py:190} INFO - [2026-09-10T21:05:35.406+0000] {dag.py:3239} INFO - Sync 1 DAGs
[2026-09-10T21:05:35.432+0000] {logging_mixin.py:190} INFO - [2026-09-10T21:05:35.432+0000] {dag.py:4180} INFO - Setting next_dagrun for 1102_trigger_consumer to None, run_after=None
[2026-09-10T21:05:35.457+0000] {processor.py:208} INFO - Processing /opt/airflow/dags/1102_trigger_consumer.py took 0.105 seconds
[2026-09-10T21:06:05.582+0000] {processor.py:186} INFO - Started process (PID=6719) to work on /opt/airflow/dags/1102_trigger_consumer.py
[2026-09-10T21:06:05.584+0000] {processor.py:914} INFO - Processing file /opt/airflow/dags/1102_trigger_consumer.py for tasks to queue
[2026-09-10T21:06:05.587+0000] {logging_mixin.py:190} INFO - [2026-09-10T21:06:05.587+0000] {dagbag.py:588} INFO - Filling up the DagBag from /opt/airflow/dags/1102_trigger_consumer.py
[2026-09-10T21:06:05.596+0000] {processor.py:925} INFO - DAG(s) '1102_trigger_consumer' retrieved from /opt/airflow/dags/1102_trigger_consumer.py
[2026-09-10T21:06:05.625+0000] {logging_mixin.py:190} INFO - [2026-09-10T21:06:05.625+0000] {dag.py:3239} INFO - Sync 1 DAGs
[2026-09-10T21:06:05.651+0000] {logging_mixin.py:190} INFO - [2026-09-10T21:06:05.651+0000] {dag.py:4180} INFO - Setting next_dagrun for 1102_trigger_consumer to None, run_after=None
[2026-09-10T21:06:05.680+0000] {processor.py:208} INFO - Processing /opt/airflow/dags/1102_trigger_consumer.py took 0.106 seconds
[2026-09-10T21:06:35.851+0000] {processor.py:186} INFO - Started process (PID=6789) to work on /opt/airflow/dags/1102_trigger_consumer.py
[2026-09-10T21:06:35.853+0000] {processor.py:914} INFO - Processing file /opt/airflow/dags/1102_trigger_consumer.py for tasks to queue
[2026-09-10T21:06:35.856+0000] {logging_mixin.py:190} INFO - [2026-09-10T21:06:35.855+0000] {dagbag.py:588} INFO - Filling up the DagBag from /opt/airflow/dags/1102_trigger_consumer.py
[2026-09-10T21:06:35.868+0000] {processor.py:925} INFO - DAG(s) '1102_trigger_consumer' retrieved from /opt/airflow/dags/1102_trigger_consumer.py
[2026-09-10T21:06:35.902+0000] {logging_mixin.py:190} INFO - [2026-09-10T21:06:35.902+0000] {dag.py:3239} INFO - Sync 1 DAGs
[2026-09-10T21:06:35.943+0000] {logging_mixin.py:190} INFO - [2026-09-10T21:06:35.942+0000] {dag.py:4180} INFO - Setting next_dagrun for 1102_trigger_consumer to None, run_after=None
[2026-09-10T21:06:35.968+0000] {processor.py:208} INFO - Processing /opt/airflow/dags/1102_trigger_consumer.py took 0.125 seconds
[2026-09-10T21:07:06.171+0000] {processor.py:186} INFO - Started process (PID=6859) to work on /opt/airflow/dags/1102_trigger_consumer.py
[2026-09-10T21:07:06.173+0000] {processor.py:914} INFO - Processing file /opt/airflow/dags/1102_trigger_consumer.py for tasks to queue
[2026-09-10T21:07:06.176+0000] {logging_mixin.py:190} INFO - [2026-09-10T21:07:06.176+0000] {dagbag.py:588} INFO - Filling up the DagBag from /opt/airflow/dags/1102_trigger_consumer.py
[2026-09-10T21:07:06.186+0000] {processor.py:925} INFO - DAG(s) '1102_trigger_consumer' retrieved from /opt/airflow/dags/1102_trigger_consumer.py
[2026-09-10T21:07:06.215+0000] {logging_mixin.py:190} INFO - [2026-09-10T21:07:06.215+0000] {dag.py:3239} INFO - Sync 1 DAGs
[2026-09-10T21:07:06.243+0000] {logging_mixin.py:190} INFO - [2026-09-10T21:07:06.242+0000] {dag.py:4180} INFO - Setting next_dagrun for 1102_trigger_consumer to None, run_after=None
[2026-09-10T21:07:06.266+0000] {processor.py:208} INFO - Processing /opt/airflow/dags/1102_trigger_consumer.py took 0.106 seconds
[2026-09-10T21:07:36.325+0000] {processor.py:186} INFO - Started process (PID=6929) to work on /opt/airflow/dags/1102_trigger_consumer.py
[2026-09-10T21:07:36.326+0000] {processor.py:914} INFO - Processing file /opt/airflow/dags/1102_trigger_consumer.py for tasks to queue
[2026-09-10T21:07:36.330+0000] {logging_mixin.py:190} INFO - [2026-09-10T21:07:36.329+0000] {dagbag.py:588} INFO - Filling up the DagBag from /opt/airflow/dags/1102_trigger_consumer.py
[2026-09-10T21:07:36.339+0000] {processor.py:925} INFO - DAG(s) '1102_trigger_consumer' retrieved from /opt/airflow/dags/1102_trigger_consumer.py
[2026-09-10T21:07:36.368+0000] {logging_mixin.py:190} INFO - [2026-09-10T21:07:36.368+0000] {dag.py:3239} INFO - Sync 1 DAGs
[2026-09-10T21:07:36.399+0000] {logging_mixin.py:190} INFO - [2026-09-10T21:07:36.398+0000] {dag.py:4180} INFO - Setting next_dagrun for 1102_trigger_consumer to None, run_after=None
[2026-09-10T21:07:36.426+0000] {processor.py:208} INFO - Processing /opt/airflow/dags/1102_trigger_consumer.py took 0.111 seconds
[2026-09-10T21:08:06.503+0000] {processor.py:186} INFO - Started process (PID=6999) to work on /opt/airflow/dags/1102_trigger_consumer.py
[2026-09-10T21:08:06.505+0000] {processor.py:914} INFO - Processing file /opt/airflow/dags/1102_trigger_consumer.py for tasks to queue
[2026-09-10T21:08:06.507+0000] {logging_mixin.py:190} INFO - [2026-09-10T21:08:06.507+0000] {dagbag.py:588} INFO - Filling up the DagBag from /opt/airflow/dags/1102_trigger_consumer.py
[2026-09-10T21:08:06.518+0000] {processor.py:925} INFO - DAG(s) '1102_trigger_consumer' retrieved from /opt/airflow/dags/1102_trigger_consumer.py
[2026-09-10T21:08:06.548+0000] {logging_mixin.py:190} INFO - [2026-09-10T21:08:06.548+0000] {dag.py:3239} INFO - Sync 1 DAGs
[2026-09-10T21:08:06.575+0000] {logging_mixin.py:190} INFO - [2026-09-10T21:08:06.575+0000] {dag.py:4180} INFO - Setting next_dagrun for 1102_trigger_consumer to None, run_after=None
[2026-09-10T21:08:06.599+0000] {processor.py:208} INFO - Processing /opt/airflow/dags/1102_trigger_consumer.py took 0.106 seconds
[2026-09-10T21:08:36.760+0000] {processor.py:186} INFO - Started process (PID=7069) to work on /opt/airflow/dags/1102_trigger_consumer.py
[2026-09-10T21:08:36.761+0000] {processor.py:914} INFO - Processing file /opt/airflow/dags/1102_trigger_consumer.py for tasks to queue
[2026-09-10T21:08:36.764+0000] {logging_mixin.py:190} INFO - [2026-09-10T21:08:36.764+0000] {dagbag.py:588} INFO - Filling up the DagBag from /opt/airflow/dags/1102_trigger_consumer.py
[2026-09-10T21:08:36.776+0000] {processor.py:925} INFO - DAG(s) '1102_trigger_consumer' retrieved from /opt/airflow/dags/1102_trigger_consumer.py
[2026-09-10T21:08:36.811+0000] {logging_mixin.py:190} INFO - [2026-09-10T21:08:36.810+0000] {dag.py:3239} INFO - Sync 1 DAGs
[2026-09-10T21:08:36.843+0000] {logging_mixin.py:190} INFO - [2026-09-10T21:08:36.842+0000] {dag.py:4180} INFO - Setting next_dagrun for 1102_trigger_consumer to None, run_after=None
[2026-09-10T21:08:36.872+0000] {processor.py:208} INFO - Processing /opt/airflow/dags/1102_trigger_consumer.py took 0.124 seconds
[2026-09-10T21:09:06.988+0000] {processor.py:186} INFO - Started process (PID=7142) to work on /opt/airflow/dags/1102_trigger_consumer.py
[2026-09-10T21:09:06.990+0000] {processor.py:914} INFO - Processing file /opt/airflow/dags/1102_trigger_consumer.py for tasks to queue
[2026-09-10T21:09:06.996+0000] {logging_mixin.py:190} INFO - [2026-09-10T21:09:06.993+0000] {dagbag.py:588} INFO - Filling up the DagBag from /opt/airflow/dags/1102_trigger_consumer.py
[2026-09-10T21:09:07.008+0000] {processor.py:925} INFO - DAG(s) '1102_trigger_consumer' retrieved from /opt/airflow/dags/1102_trigger_consumer.py
[2026-09-10T21:09:07.040+0000] {logging_mixin.py:190} INFO - [2026-09-10T21:09:07.039+0000] {dag.py:3239} INFO - Sync 1 DAGs
[2026-09-10T21:09:07.065+0000] {logging_mixin.py:190} INFO - [2026-09-10T21:09:07.065+0000] {dag.py:4180} INFO - Setting next_dagrun for 1102_trigger_consumer to None, run_after=None
[2026-09-10T21:09:07.089+0000] {processor.py:208} INFO - Processing /opt/airflow/dags/1102_trigger_consumer.py took 0.110 seconds
[2026-09-10T21:09:37.144+0000] {processor.py:186} INFO - Started process (PID=7209) to work on /opt/airflow/dags/1102_trigger_consumer.py
[2026-09-10T21:09:37.145+0000] {processor.py:914} INFO - Processing file /opt/airflow/dags/1102_trigger_consumer.py for tasks to queue
[2026-09-10T21:09:37.148+0000] {logging_mixin.py:190} INFO - [2026-09-10T21:09:37.148+0000] {dagbag.py:588} INFO - Filling up the DagBag from /opt/airflow/dags/1102_trigger_consumer.py
[2026-09-10T21:09:37.160+0000] {processor.py:925} INFO - DAG(s) '1102_trigger_consumer' retrieved from /opt/airflow/dags/1102_trigger_consumer.py
[2026-09-10T21:09:37.190+0000] {logging_mixin.py:190} INFO - [2026-09-10T21:09:37.190+0000] {dag.py:3239} INFO - Sync 1 DAGs
[2026-09-10T21:09:37.215+0000] {logging_mixin.py:190} INFO - [2026-09-10T21:09:37.215+0000] {dag.py:4180} INFO - Setting next_dagrun for 1102_trigger_consumer to None, run_after=None
[2026-09-10T21:09:37.241+0000] {processor.py:208} INFO - Processing /opt/airflow/dags/1102_trigger_consumer.py took 0.105 seconds
[2026-09-10T21:10:07.533+0000] {processor.py:186} INFO - Started process (PID=7279) to work on /opt/airflow/dags/1102_trigger_consumer.py
[2026-09-10T21:10:07.535+0000] {processor.py:914} INFO - Processing file /opt/airflow/dags/1102_trigger_consumer.py for tasks to queue
[2026-09-10T21:10:07.539+0000] {logging_mixin.py:190} INFO - [2026-09-10T21:10:07.538+0000] {dagbag.py:588} INFO - Filling up the DagBag from /opt/airflow/dags/1102_trigger_consumer.py
[2026-09-10T21:10:07.552+0000] {processor.py:925} INFO - DAG(s) '1102_trigger_consumer' retrieved from /opt/airflow/dags/1102_trigger_consumer.py
[2026-09-10T21:10:07.585+0000] {logging_mixin.py:190} INFO - [2026-09-10T21:10:07.585+0000] {dag.py:3239} INFO - Sync 1 DAGs
[2026-09-10T21:10:07.612+0000] {logging_mixin.py:190} INFO - [2026-09-10T21:10:07.612+0000] {dag.py:4180} INFO - Setting next_dagrun for 1102_trigger_consumer to None, run_after=None
[2026-09-10T21:10:07.638+0000] {processor.py:208} INFO - Processing /opt/airflow/dags/1102_trigger_consumer.py took 0.120 seconds
[2026-09-10T21:10:37.677+0000] {processor.py:186} INFO - Started process (PID=7349) to work on /opt/airflow/dags/1102_trigger_consumer.py
[2026-09-10T21:10:37.678+0000] {processor.py:914} INFO - Processing file /opt/airflow/dags/1102_trigger_consumer.py for tasks to queue
[2026-09-10T21:10:37.681+0000] {logging_mixin.py:190} INFO - [2026-09-10T21:10:37.681+0000] {dagbag.py:588} INFO - Filling up the DagBag from /opt/airflow/dags/1102_trigger_consumer.py
[2026-09-10T21:10:37.691+0000] {processor.py:925} INFO - DAG(s) '1102_trigger_consumer' retrieved from /opt/airflow/dags/1102_trigger_consumer.py
[2026-09-10T21:10:37.725+0000] {logging_mixin.py:190} INFO - [2026-09-10T21:10:37.725+0000] {dag.py:3239} INFO - Sync 1 DAGs
[2026-09-10T21:10:37.764+0000] {logging_mixin.py:190} INFO - [2026-09-10T21:10:37.764+0000] {dag.py:4180} INFO - Setting next_dagrun for 1102_trigger_consumer to None, run_after=None
[2026-09-10T21:10:37.791+0000] {processor.py:208} INFO - Processing /opt/airflow/dags/1102_trigger_consumer.py took 0.122 seconds
[2026-09-10T21:11:07.902+0000] {processor.py:186} INFO - Started process (PID=7419) to work on /opt/airflow/dags/1102_trigger_consumer.py
[2026-09-10T21:11:07.904+0000] {processor.py:914} INFO - Processing file /opt/airflow/dags/1102_trigger_consumer.py for tasks to queue
[2026-09-10T21:11:07.908+0000] {logging_mixin.py:190} INFO - [2026-09-10T21:11:07.907+0000] {dagbag.py:588} INFO - Filling up the DagBag from /opt/airflow/dags/1102_trigger_consumer.py
[2026-09-10T21:11:07.919+0000] {processor.py:925} INFO - DAG(s) '1102_trigger_consumer' retrieved from /opt/airflow/dags/1102_trigger_consumer.py
[2026-09-10T21:11:07.951+0000] {logging_mixin.py:190} INFO - [2026-09-10T21:11:07.951+0000] {dag.py:3239} INFO - Sync 1 DAGs
[2026-09-10T21:11:07.977+0000] {logging_mixin.py:190} INFO - [2026-09-10T21:11:07.977+0000] {dag.py:4180} INFO - Setting next_dagrun for 1102_trigger_consumer to None, run_after=None
[2026-09-10T21:11:08.001+0000] {processor.py:208} INFO - Processing /opt/airflow/dags/1102_trigger_consumer.py took 0.109 seconds
[2026-09-10T21:11:38.089+0000] {processor.py:186} INFO - Started process (PID=7489) to work on /opt/airflow/dags/1102_trigger_consumer.py
[2026-09-10T21:11:38.090+0000] {processor.py:914} INFO - Processing file /opt/airflow/dags/1102_trigger_consumer.py for tasks to queue
[2026-09-10T21:11:38.093+0000] {logging_mixin.py:190} INFO - [2026-09-10T21:11:38.092+0000] {dagbag.py:588} INFO - Filling up the DagBag from /opt/airflow/dags/1102_trigger_consumer.py
[2026-09-10T21:11:38.104+0000] {processor.py:925} INFO - DAG(s) '1102_trigger_consumer' retrieved from /opt/airflow/dags/1102_trigger_consumer.py
[2026-09-10T21:11:38.134+0000] {logging_mixin.py:190} INFO - [2026-09-10T21:11:38.134+0000] {dag.py:3239} INFO - Sync 1 DAGs
[2026-09-10T21:11:38.220+0000] {logging_mixin.py:190} INFO - [2026-09-10T21:11:38.220+0000] {dag.py:4180} INFO - Setting next_dagrun for 1102_trigger_consumer to None, run_after=None
[2026-09-10T21:11:38.271+0000] {processor.py:208} INFO - Processing /opt/airflow/dags/1102_trigger_consumer.py took 0.191 seconds
[2026-09-10T21:12:09.140+0000] {processor.py:186} INFO - Started process (PID=7559) to work on /opt/airflow/dags/1102_trigger_consumer.py
[2026-09-10T21:12:09.142+0000] {processor.py:914} INFO - Processing file /opt/airflow/dags/1102_trigger_consumer.py for tasks to queue
[2026-09-10T21:12:09.146+0000] {logging_mixin.py:190} INFO - [2026-09-10T21:12:09.145+0000] {dagbag.py:588} INFO - Filling up the DagBag from /opt/airflow/dags/1102_trigger_consumer.py
[2026-09-10T21:12:09.156+0000] {processor.py:925} INFO - DAG(s) '1102_trigger_consumer' retrieved from /opt/airflow/dags/1102_trigger_consumer.py
[2026-09-10T21:12:09.195+0000] {logging_mixin.py:190} INFO - [2026-09-10T21:12:09.195+0000] {dag.py:3239} INFO - Sync 1 DAGs
[2026-09-10T21:12:09.225+0000] {logging_mixin.py:190} INFO - [2026-09-10T21:12:09.224+0000] {dag.py:4180} INFO - Setting next_dagrun for 1102_trigger_consumer to None, run_after=None
[2026-09-10T21:12:09.248+0000] {processor.py:208} INFO - Processing /opt/airflow/dags/1102_trigger_consumer.py took 0.117 seconds
[2026-09-10T21:12:40.227+0000] {processor.py:186} INFO - Started process (PID=7629) to work on /opt/airflow/dags/1102_trigger_consumer.py
[2026-09-10T21:12:40.229+0000] {processor.py:914} INFO - Processing file /opt/airflow/dags/1102_trigger_consumer.py for tasks to queue
[2026-09-10T21:12:40.232+0000] {logging_mixin.py:190} INFO - [2026-09-10T21:12:40.232+0000] {dagbag.py:588} INFO - Filling up the DagBag from /opt/airflow/dags/1102_trigger_consumer.py
[2026-09-10T21:12:40.244+0000] {processor.py:925} INFO - DAG(s) '1102_trigger_consumer' retrieved from /opt/airflow/dags/1102_trigger_consumer.py
[2026-09-10T21:12:40.274+0000] {logging_mixin.py:190} INFO - [2026-09-10T21:12:40.274+0000] {dag.py:3239} INFO - Sync 1 DAGs
[2026-09-10T21:12:40.304+0000] {logging_mixin.py:190} INFO - [2026-09-10T21:12:40.304+0000] {dag.py:4180} INFO - Setting next_dagrun for 1102_trigger_consumer to None, run_after=None
[2026-09-10T21:12:40.331+0000] {processor.py:208} INFO - Processing /opt/airflow/dags/1102_trigger_consumer.py took 0.116 seconds
[2026-09-10T21:13:10.468+0000] {processor.py:186} INFO - Started process (PID=7699) to work on /opt/airflow/dags/1102_trigger_consumer.py
[2026-09-10T21:13:10.470+0000] {processor.py:914} INFO - Processing file /opt/airflow/dags/1102_trigger_consumer.py for tasks to queue
[2026-09-10T21:13:10.474+0000] {logging_mixin.py:190} INFO - [2026-09-10T21:13:10.474+0000] {dagbag.py:588} INFO - Filling up the DagBag from /opt/airflow/dags/1102_trigger_consumer.py
[2026-09-10T21:13:10.484+0000] {processor.py:925} INFO - DAG(s) '1102_trigger_consumer' retrieved from /opt/airflow/dags/1102_trigger_consumer.py
[2026-09-10T21:13:10.515+0000] {logging_mixin.py:190} INFO - [2026-09-10T21:13:10.514+0000] {dag.py:3239} INFO - Sync 1 DAGs
[2026-09-10T21:13:10.541+0000] {logging_mixin.py:190} INFO - [2026-09-10T21:13:10.541+0000] {dag.py:4180} INFO - Setting next_dagrun for 1102_trigger_consumer to None, run_after=None
[2026-09-10T21:13:10.565+0000] {processor.py:208} INFO - Processing /opt/airflow/dags/1102_trigger_consumer.py took 0.106 seconds
[2026-09-10T21:13:40.910+0000] {processor.py:186} INFO - Started process (PID=7769) to work on /opt/airflow/dags/1102_trigger_consumer.py
[2026-09-10T21:13:40.912+0000] {processor.py:914} INFO - Processing file /opt/airflow/dags/1102_trigger_consumer.py for tasks to queue
[2026-09-10T21:13:40.916+0000] {logging_mixin.py:190} INFO - [2026-09-10T21:13:40.915+0000] {dagbag.py:588} INFO - Filling up the DagBag from /opt/airflow/dags/1102_trigger_consumer.py
[2026-09-10T21:13:40.928+0000] {processor.py:925} INFO - DAG(s) '1102_trigger_consumer' retrieved from /opt/airflow/dags/1102_trigger_consumer.py
[2026-09-10T21:13:40.958+0000] {logging_mixin.py:190} INFO - [2026-09-10T21:13:40.957+0000] {dag.py:3239} INFO - Sync 1 DAGs
[2026-09-10T21:13:41.164+0000] {logging_mixin.py:190} INFO - [2026-09-10T21:13:41.164+0000] {dag.py:4180} INFO - Setting next_dagrun for 1102_trigger_consumer to None, run_after=None
[2026-09-10T21:13:41.186+0000] {processor.py:208} INFO - Processing /opt/airflow/dags/1102_trigger_consumer.py took 0.285 seconds
[2026-09-10T21:14:11.587+0000] {processor.py:186} INFO - Started process (PID=7839) to work on /opt/airflow/dags/1102_trigger_consumer.py
[2026-09-10T21:14:11.588+0000] {processor.py:914} INFO - Processing file /opt/airflow/dags/1102_trigger_consumer.py for tasks to queue
[2026-09-10T21:14:11.592+0000] {logging_mixin.py:190} INFO - [2026-09-10T21:14:11.591+0000] {dagbag.py:588} INFO - Filling up the DagBag from /opt/airflow/dags/1102_trigger_consumer.py
[2026-09-10T21:14:11.604+0000] {processor.py:925} INFO - DAG(s) '1102_trigger_consumer' retrieved from /opt/airflow/dags/1102_trigger_consumer.py
[2026-09-10T21:14:11.640+0000] {logging_mixin.py:190} INFO - [2026-09-10T21:14:11.639+0000] {dag.py:3239} INFO - Sync 1 DAGs
[2026-09-10T21:14:11.670+0000] {logging_mixin.py:190} INFO - [2026-09-10T21:14:11.669+0000] {dag.py:4180} INFO - Setting next_dagrun for 1102_trigger_consumer to None, run_after=None
[2026-09-10T21:14:11.872+0000] {processor.py:208} INFO - Processing /opt/airflow/dags/1102_trigger_consumer.py took 0.295 seconds
[2026-09-10T21:14:41.937+0000] {processor.py:186} INFO - Started process (PID=7909) to work on /opt/airflow/dags/1102_trigger_consumer.py
[2026-09-10T21:14:41.938+0000] {processor.py:914} INFO - Processing file /opt/airflow/dags/1102_trigger_consumer.py for tasks to queue
[2026-09-10T21:14:41.941+0000] {logging_mixin.py:190} INFO - [2026-09-10T21:14:41.941+0000] {dagbag.py:588} INFO - Filling up the DagBag from /opt/airflow/dags/1102_trigger_consumer.py
[2026-09-10T21:14:41.952+0000] {processor.py:925} INFO - DAG(s) '1102_trigger_consumer' retrieved from /opt/airflow/dags/1102_trigger_consumer.py
[2026-09-10T21:14:41.984+0000] {logging_mixin.py:190} INFO - [2026-09-10T21:14:41.984+0000] {dag.py:3239} INFO - Sync 1 DAGs
[2026-09-10T21:14:42.013+0000] {logging_mixin.py:190} INFO - [2026-09-10T21:14:42.012+0000] {dag.py:4180} INFO - Setting next_dagrun for 1102_trigger_consumer to None, run_after=None
[2026-09-10T21:14:42.039+0000] {processor.py:208} INFO - Processing /opt/airflow/dags/1102_trigger_consumer.py took 0.112 seconds
[2026-09-10T21:15:12.435+0000] {processor.py:186} INFO - Started process (PID=7979) to work on /opt/airflow/dags/1102_trigger_consumer.py
[2026-09-10T21:15:12.438+0000] {processor.py:914} INFO - Processing file /opt/airflow/dags/1102_trigger_consumer.py for tasks to queue
[2026-09-10T21:15:12.447+0000] {logging_mixin.py:190} INFO - [2026-09-10T21:15:12.446+0000] {dagbag.py:588} INFO - Filling up the DagBag from /opt/airflow/dags/1102_trigger_consumer.py
[2026-09-10T21:15:12.464+0000] {processor.py:925} INFO - DAG(s) '1102_trigger_consumer' retrieved from /opt/airflow/dags/1102_trigger_consumer.py
[2026-09-10T21:15:12.520+0000] {logging_mixin.py:190} INFO - [2026-09-10T21:15:12.520+0000] {dag.py:3239} INFO - Sync 1 DAGs
[2026-09-10T21:15:12.908+0000] {logging_mixin.py:190} INFO - [2026-09-10T21:15:12.908+0000] {dag.py:4180} INFO - Setting next_dagrun for 1102_trigger_consumer to None, run_after=None
[2026-09-10T21:15:12.951+0000] {processor.py:208} INFO - Processing /opt/airflow/dags/1102_trigger_consumer.py took 0.536 seconds
[2026-09-10T21:15:43.000+0000] {processor.py:186} INFO - Started process (PID=8049) to work on /opt/airflow/dags/1102_trigger_consumer.py
[2026-09-10T21:15:43.001+0000] {processor.py:914} INFO - Processing file /opt/airflow/dags/1102_trigger_consumer.py for tasks to queue
[2026-09-10T21:15:43.005+0000] {logging_mixin.py:190} INFO - [2026-09-10T21:15:43.005+0000] {dagbag.py:588} INFO - Filling up the DagBag from /opt/airflow/dags/1102_trigger_consumer.py
[2026-09-10T21:15:43.020+0000] {processor.py:925} INFO - DAG(s) '1102_trigger_consumer' retrieved from /opt/airflow/dags/1102_trigger_consumer.py
[2026-09-10T21:15:43.049+0000] {logging_mixin.py:190} INFO - [2026-09-10T21:15:43.048+0000] {dag.py:3239} INFO - Sync 1 DAGs
[2026-09-10T21:15:43.073+0000] {logging_mixin.py:190} INFO - [2026-09-10T21:15:43.073+0000] {dag.py:4180} INFO - Setting next_dagrun for 1102_trigger_consumer to None, run_after=None
[2026-09-10T21:15:43.100+0000] {processor.py:208} INFO - Processing /opt/airflow/dags/1102_trigger_consumer.py took 0.109 seconds
[2026-09-10T21:16:13.154+0000] {processor.py:186} INFO - Started process (PID=8119) to work on /opt/airflow/dags/1102_trigger_consumer.py
[2026-09-10T21:16:13.156+0000] {processor.py:914} INFO - Processing file /opt/airflow/dags/1102_trigger_consumer.py for tasks to queue
[2026-09-10T21:16:13.158+0000] {logging_mixin.py:190} INFO - [2026-09-10T21:16:13.158+0000] {dagbag.py:588} INFO - Filling up the DagBag from /opt/airflow/dags/1102_trigger_consumer.py
[2026-09-10T21:16:13.166+0000] {processor.py:925} INFO - DAG(s) '1102_trigger_consumer' retrieved from /opt/airflow/dags/1102_trigger_consumer.py
[2026-09-10T21:16:13.191+0000] {logging_mixin.py:190} INFO - [2026-09-10T21:16:13.191+0000] {dag.py:3239} INFO - Sync 1 DAGs
[2026-09-10T21:16:13.214+0000] {logging_mixin.py:190} INFO - [2026-09-10T21:16:13.213+0000] {dag.py:4180} INFO - Setting next_dagrun for 1102_trigger_consumer to None, run_after=None
[2026-09-10T21:16:13.235+0000] {processor.py:208} INFO - Processing /opt/airflow/dags/1102_trigger_consumer.py took 0.087 seconds
[2026-09-10T21:16:43.300+0000] {processor.py:186} INFO - Started process (PID=8189) to work on /opt/airflow/dags/1102_trigger_consumer.py
[2026-09-10T21:16:43.301+0000] {processor.py:914} INFO - Processing file /opt/airflow/dags/1102_trigger_consumer.py for tasks to queue
[2026-09-10T21:16:43.304+0000] {logging_mixin.py:190} INFO - [2026-09-10T21:16:43.304+0000] {dagbag.py:588} INFO - Filling up the DagBag from /opt/airflow/dags/1102_trigger_consumer.py
[2026-09-10T21:16:43.314+0000] {processor.py:925} INFO - DAG(s) '1102_trigger_consumer' retrieved from /opt/airflow/dags/1102_trigger_consumer.py
[2026-09-10T21:16:43.341+0000] {logging_mixin.py:190} INFO - [2026-09-10T21:16:43.341+0000] {dag.py:3239} INFO - Sync 1 DAGs
[2026-09-10T21:16:43.364+0000] {logging_mixin.py:190} INFO - [2026-09-10T21:16:43.364+0000] {dag.py:4180} INFO - Setting next_dagrun for 1102_trigger_consumer to None, run_after=None
[2026-09-10T21:16:43.386+0000] {processor.py:208} INFO - Processing /opt/airflow/dags/1102_trigger_consumer.py took 0.097 seconds
[2026-09-10T21:17:13.551+0000] {processor.py:186} INFO - Started process (PID=8259) to work on /opt/airflow/dags/1102_trigger_consumer.py
[2026-09-10T21:17:13.553+0000] {processor.py:914} INFO - Processing file /opt/airflow/dags/1102_trigger_consumer.py for tasks to queue
[2026-09-10T21:17:13.556+0000] {logging_mixin.py:190} INFO - [2026-09-10T21:17:13.556+0000] {dagbag.py:588} INFO - Filling up the DagBag from /opt/airflow/dags/1102_trigger_consumer.py
[2026-09-10T21:17:13.566+0000] {processor.py:925} INFO - DAG(s) '1102_trigger_consumer' retrieved from /opt/airflow/dags/1102_trigger_consumer.py
[2026-09-10T21:17:13.596+0000] {logging_mixin.py:190} INFO - [2026-09-10T21:17:13.596+0000] {dag.py:3239} INFO - Sync 1 DAGs
[2026-09-10T21:17:13.621+0000] {logging_mixin.py:190} INFO - [2026-09-10T21:17:13.620+0000] {dag.py:4180} INFO - Setting next_dagrun for 1102_trigger_consumer to None, run_after=None
[2026-09-10T21:17:13.646+0000] {processor.py:208} INFO - Processing /opt/airflow/dags/1102_trigger_consumer.py took 0.104 seconds
[2026-09-10T21:17:43.755+0000] {processor.py:186} INFO - Started process (PID=8329) to work on /opt/airflow/dags/1102_trigger_consumer.py
[2026-09-10T21:17:43.756+0000] {processor.py:914} INFO - Processing file /opt/airflow/dags/1102_trigger_consumer.py for tasks to queue
[2026-09-10T21:17:43.759+0000] {logging_mixin.py:190} INFO - [2026-09-10T21:17:43.758+0000] {dagbag.py:588} INFO - Filling up the DagBag from /opt/airflow/dags/1102_trigger_consumer.py
[2026-09-10T21:17:43.769+0000] {processor.py:925} INFO - DAG(s) '1102_trigger_consumer' retrieved from /opt/airflow/dags/1102_trigger_consumer.py
[2026-09-10T21:17:43.797+0000] {logging_mixin.py:190} INFO - [2026-09-10T21:17:43.797+0000] {dag.py:3239} INFO - Sync 1 DAGs
[2026-09-10T21:17:43.820+0000] {logging_mixin.py:190} INFO - [2026-09-10T21:17:43.820+0000] {dag.py:4180} INFO - Setting next_dagrun for 1102_trigger_consumer to None, run_after=None
[2026-09-10T21:17:43.859+0000] {processor.py:208} INFO - Processing /opt/airflow/dags/1102_trigger_consumer.py took 0.114 seconds
[2026-09-10T21:18:13.979+0000] {processor.py:186} INFO - Started process (PID=8399) to work on /opt/airflow/dags/1102_trigger_consumer.py
[2026-09-10T21:18:13.981+0000] {processor.py:914} INFO - Processing file /opt/airflow/dags/1102_trigger_consumer.py for tasks to queue
[2026-09-10T21:18:13.985+0000] {logging_mixin.py:190} INFO - [2026-09-10T21:18:13.984+0000] {dagbag.py:588} INFO - Filling up the DagBag from /opt/airflow/dags/1102_trigger_consumer.py
[2026-09-10T21:18:13.994+0000] {processor.py:925} INFO - DAG(s) '1102_trigger_consumer' retrieved from /opt/airflow/dags/1102_trigger_consumer.py
[2026-09-10T21:18:14.024+0000] {logging_mixin.py:190} INFO - [2026-09-10T21:18:14.024+0000] {dag.py:3239} INFO - Sync 1 DAGs
[2026-09-10T21:18:14.050+0000] {logging_mixin.py:190} INFO - [2026-09-10T21:18:14.050+0000] {dag.py:4180} INFO - Setting next_dagrun for 1102_trigger_consumer to None, run_after=None
[2026-09-10T21:18:14.074+0000] {processor.py:208} INFO - Processing /opt/airflow/dags/1102_trigger_consumer.py took 0.103 seconds
[2026-09-10T21:18:44.201+0000] {processor.py:186} INFO - Started process (PID=8469) to work on /opt/airflow/dags/1102_trigger_consumer.py
[2026-09-10T21:18:44.202+0000] {processor.py:914} INFO - Processing file /opt/airflow/dags/1102_trigger_consumer.py for tasks to queue
[2026-09-10T21:18:44.206+0000] {logging_mixin.py:190} INFO - [2026-09-10T21:18:44.205+0000] {dagbag.py:588} INFO - Filling up the DagBag from /opt/airflow/dags/1102_trigger_consumer.py
[2026-09-10T21:18:44.215+0000] {processor.py:925} INFO - DAG(s) '1102_trigger_consumer' retrieved from /opt/airflow/dags/1102_trigger_consumer.py
[2026-09-10T21:18:44.243+0000] {logging_mixin.py:190} INFO - [2026-09-10T21:18:44.243+0000] {dag.py:3239} INFO - Sync 1 DAGs
[2026-09-10T21:18:44.272+0000] {logging_mixin.py:190} INFO - [2026-09-10T21:18:44.271+0000] {dag.py:4180} INFO - Setting next_dagrun for 1102_trigger_consumer to None, run_after=None
[2026-09-10T21:18:44.297+0000] {processor.py:208} INFO - Processing /opt/airflow/dags/1102_trigger_consumer.py took 0.105 seconds
[2026-09-10T21:19:15.254+0000] {processor.py:186} INFO - Started process (PID=8539) to work on /opt/airflow/dags/1102_trigger_consumer.py
[2026-09-10T21:19:15.256+0000] {processor.py:914} INFO - Processing file /opt/airflow/dags/1102_trigger_consumer.py for tasks to queue
[2026-09-10T21:19:15.259+0000] {logging_mixin.py:190} INFO - [2026-09-10T21:19:15.258+0000] {dagbag.py:588} INFO - Filling up the DagBag from /opt/airflow/dags/1102_trigger_consumer.py
[2026-09-10T21:19:15.270+0000] {processor.py:925} INFO - DAG(s) '1102_trigger_consumer' retrieved from /opt/airflow/dags/1102_trigger_consumer.py
[2026-09-10T21:19:15.305+0000] {logging_mixin.py:190} INFO - [2026-09-10T21:19:15.305+0000] {dag.py:3239} INFO - Sync 1 DAGs
[2026-09-10T21:19:15.330+0000] {logging_mixin.py:190} INFO - [2026-09-10T21:19:15.330+0000] {dag.py:4180} INFO - Setting next_dagrun for 1102_trigger_consumer to None, run_after=None
[2026-09-10T21:19:15.355+0000] {processor.py:208} INFO - Processing /opt/airflow/dags/1102_trigger_consumer.py took 0.112 seconds
[2026-09-10T21:19:45.498+0000] {processor.py:186} INFO - Started process (PID=8609) to work on /opt/airflow/dags/1102_trigger_consumer.py
[2026-09-10T21:19:45.499+0000] {processor.py:914} INFO - Processing file /opt/airflow/dags/1102_trigger_consumer.py for tasks to queue
[2026-09-10T21:19:45.503+0000] {logging_mixin.py:190} INFO - [2026-09-10T21:19:45.502+0000] {dagbag.py:588} INFO - Filling up the DagBag from /opt/airflow/dags/1102_trigger_consumer.py
[2026-09-10T21:19:45.515+0000] {processor.py:925} INFO - DAG(s) '1102_trigger_consumer' retrieved from /opt/airflow/dags/1102_trigger_consumer.py
[2026-09-10T21:19:45.548+0000] {logging_mixin.py:190} INFO - [2026-09-10T21:19:45.548+0000] {dag.py:3239} INFO - Sync 1 DAGs
[2026-09-10T21:19:45.579+0000] {logging_mixin.py:190} INFO - [2026-09-10T21:19:45.579+0000] {dag.py:4180} INFO - Setting next_dagrun for 1102_trigger_consumer to None, run_after=None
[2026-09-10T21:19:45.606+0000] {processor.py:208} INFO - Processing /opt/airflow/dags/1102_trigger_consumer.py took 0.118 seconds
[2026-09-10T21:20:15.698+0000] {processor.py:186} INFO - Started process (PID=8679) to work on /opt/airflow/dags/1102_trigger_consumer.py
[2026-09-10T21:20:15.701+0000] {processor.py:914} INFO - Processing file /opt/airflow/dags/1102_trigger_consumer.py for tasks to queue
[2026-09-10T21:20:15.705+0000] {logging_mixin.py:190} INFO - [2026-09-10T21:20:15.704+0000] {dagbag.py:588} INFO - Filling up the DagBag from /opt/airflow/dags/1102_trigger_consumer.py
[2026-09-10T21:20:15.717+0000] {processor.py:925} INFO - DAG(s) '1102_trigger_consumer' retrieved from /opt/airflow/dags/1102_trigger_consumer.py
[2026-09-10T21:20:15.750+0000] {logging_mixin.py:190} INFO - [2026-09-10T21:20:15.750+0000] {dag.py:3239} INFO - Sync 1 DAGs
[2026-09-10T21:20:15.780+0000] {logging_mixin.py:190} INFO - [2026-09-10T21:20:15.780+0000] {dag.py:4180} INFO - Setting next_dagrun for 1102_trigger_consumer to None, run_after=None
[2026-09-10T21:20:15.811+0000] {processor.py:208} INFO - Processing /opt/airflow/dags/1102_trigger_consumer.py took 0.121 seconds
[2026-09-10T21:20:45.936+0000] {processor.py:186} INFO - Started process (PID=8749) to work on /opt/airflow/dags/1102_trigger_consumer.py
[2026-09-10T21:20:45.938+0000] {processor.py:914} INFO - Processing file /opt/airflow/dags/1102_trigger_consumer.py for tasks to queue
[2026-09-10T21:20:45.941+0000] {logging_mixin.py:190} INFO - [2026-09-10T21:20:45.941+0000] {dagbag.py:588} INFO - Filling up the DagBag from /opt/airflow/dags/1102_trigger_consumer.py
[2026-09-10T21:20:45.952+0000] {processor.py:925} INFO - DAG(s) '1102_trigger_consumer' retrieved from /opt/airflow/dags/1102_trigger_consumer.py
[2026-09-10T21:20:45.982+0000] {logging_mixin.py:190} INFO - [2026-09-10T21:20:45.982+0000] {dag.py:3239} INFO - Sync 1 DAGs
[2026-09-10T21:20:46.008+0000] {logging_mixin.py:190} INFO - [2026-09-10T21:20:46.008+0000] {dag.py:4180} INFO - Setting next_dagrun for 1102_trigger_consumer to None, run_after=None
[2026-09-10T21:20:46.038+0000] {processor.py:208} INFO - Processing /opt/airflow/dags/1102_trigger_consumer.py took 0.111 seconds
[2026-09-10T21:21:16.076+0000] {processor.py:186} INFO - Started process (PID=8819) to work on /opt/airflow/dags/1102_trigger_consumer.py
[2026-09-10T21:21:16.078+0000] {processor.py:914} INFO - Processing file /opt/airflow/dags/1102_trigger_consumer.py for tasks to queue
[2026-09-10T21:21:16.081+0000] {logging_mixin.py:190} INFO - [2026-09-10T21:21:16.081+0000] {dagbag.py:588} INFO - Filling up the DagBag from /opt/airflow/dags/1102_trigger_consumer.py
[2026-09-10T21:21:16.093+0000] {processor.py:925} INFO - DAG(s) '1102_trigger_consumer' retrieved from /opt/airflow/dags/1102_trigger_consumer.py
[2026-09-10T21:21:16.123+0000] {logging_mixin.py:190} INFO - [2026-09-10T21:21:16.123+0000] {dag.py:3239} INFO - Sync 1 DAGs
[2026-09-10T21:21:16.148+0000] {logging_mixin.py:190} INFO - [2026-09-10T21:21:16.148+0000] {dag.py:4180} INFO - Setting next_dagrun for 1102_trigger_consumer to None, run_after=None
[2026-09-10T21:21:16.172+0000] {processor.py:208} INFO - Processing /opt/airflow/dags/1102_trigger_consumer.py took 0.104 seconds
[2026-09-10T21:21:46.268+0000] {processor.py:186} INFO - Started process (PID=8889) to work on /opt/airflow/dags/1102_trigger_consumer.py
[2026-09-10T21:21:46.269+0000] {processor.py:914} INFO - Processing file /opt/airflow/dags/1102_trigger_consumer.py for tasks to queue
[2026-09-10T21:21:46.272+0000] {logging_mixin.py:190} INFO - [2026-09-10T21:21:46.272+0000] {dagbag.py:588} INFO - Filling up the DagBag from /opt/airflow/dags/1102_trigger_consumer.py
[2026-09-10T21:21:46.282+0000] {processor.py:925} INFO - DAG(s) '1102_trigger_consumer' retrieved from /opt/airflow/dags/1102_trigger_consumer.py
[2026-09-10T21:21:46.314+0000] {logging_mixin.py:190} INFO - [2026-09-10T21:21:46.314+0000] {dag.py:3239} INFO - Sync 1 DAGs
[2026-09-10T21:21:46.346+0000] {logging_mixin.py:190} INFO - [2026-09-10T21:21:46.346+0000] {dag.py:4180} INFO - Setting next_dagrun for 1102_trigger_consumer to None, run_after=None
[2026-09-10T21:21:46.370+0000] {processor.py:208} INFO - Processing /opt/airflow/dags/1102_trigger_consumer.py took 0.112 seconds
[2026-09-10T21:22:16.425+0000] {processor.py:186} INFO - Started process (PID=8959) to work on /opt/airflow/dags/1102_trigger_consumer.py
[2026-09-10T21:22:16.426+0000] {processor.py:914} INFO - Processing file /opt/airflow/dags/1102_trigger_consumer.py for tasks to queue
[2026-09-10T21:22:16.429+0000] {logging_mixin.py:190} INFO - [2026-09-10T21:22:16.429+0000] {dagbag.py:588} INFO - Filling up the DagBag from /opt/airflow/dags/1102_trigger_consumer.py
[2026-09-10T21:22:16.438+0000] {processor.py:925} INFO - DAG(s) '1102_trigger_consumer' retrieved from /opt/airflow/dags/1102_trigger_consumer.py
[2026-09-10T21:22:16.468+0000] {logging_mixin.py:190} INFO - [2026-09-10T21:22:16.468+0000] {dag.py:3239} INFO - Sync 1 DAGs
[2026-09-10T21:22:16.494+0000] {logging_mixin.py:190} INFO - [2026-09-10T21:22:16.494+0000] {dag.py:4180} INFO - Setting next_dagrun for 1102_trigger_consumer to None, run_after=None
[2026-09-10T21:22:16.518+0000] {processor.py:208} INFO - Processing /opt/airflow/dags/1102_trigger_consumer.py took 0.101 seconds
[2026-09-10T21:22:46.684+0000] {processor.py:186} INFO - Started process (PID=9029) to work on /opt/airflow/dags/1102_trigger_consumer.py
[2026-09-10T21:22:46.687+0000] {processor.py:914} INFO - Processing file /opt/airflow/dags/1102_trigger_consumer.py for tasks to queue
[2026-09-10T21:22:46.691+0000] {logging_mixin.py:190} INFO - [2026-09-10T21:22:46.690+0000] {dagbag.py:588} INFO - Filling up the DagBag from /opt/airflow/dags/1102_trigger_consumer.py
[2026-09-10T21:22:46.701+0000] {processor.py:925} INFO - DAG(s) '1102_trigger_consumer' retrieved from /opt/airflow/dags/1102_trigger_consumer.py
[2026-09-10T21:22:46.732+0000] {logging_mixin.py:190} INFO - [2026-09-10T21:22:46.732+0000] {dag.py:3239} INFO - Sync 1 DAGs
[2026-09-10T21:22:46.758+0000] {logging_mixin.py:190} INFO - [2026-09-10T21:22:46.758+0000] {dag.py:4180} INFO - Setting next_dagrun for 1102_trigger_consumer to None, run_after=None
[2026-09-10T21:22:46.783+0000] {processor.py:208} INFO - Processing /opt/airflow/dags/1102_trigger_consumer.py took 0.109 seconds
[2026-09-10T21:23:16.935+0000] {processor.py:186} INFO - Started process (PID=9099) to work on /opt/airflow/dags/1102_trigger_consumer.py
[2026-09-10T21:23:16.936+0000] {processor.py:914} INFO - Processing file /opt/airflow/dags/1102_trigger_consumer.py for tasks to queue
[2026-09-10T21:23:16.939+0000] {logging_mixin.py:190} INFO - [2026-09-10T21:23:16.939+0000] {dagbag.py:588} INFO - Filling up the DagBag from /opt/airflow/dags/1102_trigger_consumer.py
[2026-09-10T21:23:16.948+0000] {processor.py:925} INFO - DAG(s) '1102_trigger_consumer' retrieved from /opt/airflow/dags/1102_trigger_consumer.py
[2026-09-10T21:23:16.979+0000] {logging_mixin.py:190} INFO - [2026-09-10T21:23:16.978+0000] {dag.py:3239} INFO - Sync 1 DAGs
[2026-09-10T21:23:17.020+0000] {logging_mixin.py:190} INFO - [2026-09-10T21:23:17.020+0000] {dag.py:4180} INFO - Setting next_dagrun for 1102_trigger_consumer to None, run_after=None
[2026-09-10T21:23:17.045+0000] {processor.py:208} INFO - Processing /opt/airflow/dags/1102_trigger_consumer.py took 0.121 seconds
[2026-09-10T21:23:47.168+0000] {processor.py:186} INFO - Started process (PID=9169) to work on /opt/airflow/dags/1102_trigger_consumer.py
[2026-09-10T21:23:47.170+0000] {processor.py:914} INFO - Processing file /opt/airflow/dags/1102_trigger_consumer.py for tasks to queue
[2026-09-10T21:23:47.173+0000] {logging_mixin.py:190} INFO - [2026-09-10T21:23:47.173+0000] {dagbag.py:588} INFO - Filling up the DagBag from /opt/airflow/dags/1102_trigger_consumer.py
[2026-09-10T21:23:47.183+0000] {processor.py:925} INFO - DAG(s) '1102_trigger_consumer' retrieved from /opt/airflow/dags/1102_trigger_consumer.py
[2026-09-10T21:23:47.213+0000] {logging_mixin.py:190} INFO - [2026-09-10T21:23:47.213+0000] {dag.py:3239} INFO - Sync 1 DAGs
[2026-09-10T21:23:47.238+0000] {logging_mixin.py:190} INFO - [2026-09-10T21:23:47.238+0000] {dag.py:4180} INFO - Setting next_dagrun for 1102_trigger_consumer to None, run_after=None
[2026-09-10T21:23:47.262+0000] {processor.py:208} INFO - Processing /opt/airflow/dags/1102_trigger_consumer.py took 0.104 seconds
[2026-09-10T21:24:17.349+0000] {processor.py:186} INFO - Started process (PID=9239) to work on /opt/airflow/dags/1102_trigger_consumer.py
[2026-09-10T21:24:17.350+0000] {processor.py:914} INFO - Processing file /opt/airflow/dags/1102_trigger_consumer.py for tasks to queue
[2026-09-10T21:24:17.353+0000] {logging_mixin.py:190} INFO - [2026-09-10T21:24:17.353+0000] {dagbag.py:588} INFO - Filling up the DagBag from /opt/airflow/dags/1102_trigger_consumer.py
[2026-09-10T21:24:17.364+0000] {processor.py:925} INFO - DAG(s) '1102_trigger_consumer' retrieved from /opt/airflow/dags/1102_trigger_consumer.py
[2026-09-10T21:24:17.394+0000] {logging_mixin.py:190} INFO - [2026-09-10T21:24:17.394+0000] {dag.py:3239} INFO - Sync 1 DAGs
[2026-09-10T21:24:17.425+0000] {logging_mixin.py:190} INFO - [2026-09-10T21:24:17.425+0000] {dag.py:4180} INFO - Setting next_dagrun for 1102_trigger_consumer to None, run_after=None
[2026-09-10T21:24:17.454+0000] {processor.py:208} INFO - Processing /opt/airflow/dags/1102_trigger_consumer.py took 0.114 seconds
[2026-09-10T21:24:47.628+0000] {processor.py:186} INFO - Started process (PID=9309) to work on /opt/airflow/dags/1102_trigger_consumer.py
[2026-09-10T21:24:47.630+0000] {processor.py:914} INFO - Processing file /opt/airflow/dags/1102_trigger_consumer.py for tasks to queue
[2026-09-10T21:24:47.633+0000] {logging_mixin.py:190} INFO - [2026-09-10T21:24:47.633+0000] {dagbag.py:588} INFO - Filling up the DagBag from /opt/airflow/dags/1102_trigger_consumer.py
[2026-09-10T21:24:47.643+0000] {processor.py:925} INFO - DAG(s) '1102_trigger_consumer' retrieved from /opt/airflow/dags/1102_trigger_consumer.py
[2026-09-10T21:24:47.670+0000] {logging_mixin.py:190} INFO - [2026-09-10T21:24:47.670+0000] {dag.py:3239} INFO - Sync 1 DAGs
[2026-09-10T21:24:47.693+0000] {logging_mixin.py:190} INFO - [2026-09-10T21:24:47.692+0000] {dag.py:4180} INFO - Setting next_dagrun for 1102_trigger_consumer to None, run_after=None
[2026-09-10T21:24:47.717+0000] {processor.py:208} INFO - Processing /opt/airflow/dags/1102_trigger_consumer.py took 0.100 seconds
[2026-09-10T21:25:17.786+0000] {processor.py:186} INFO - Started process (PID=9379) to work on /opt/airflow/dags/1102_trigger_consumer.py
[2026-09-10T21:25:17.787+0000] {processor.py:914} INFO - Processing file /opt/airflow/dags/1102_trigger_consumer.py for tasks to queue
[2026-09-10T21:25:17.790+0000] {logging_mixin.py:190} INFO - [2026-09-10T21:25:17.790+0000] {dagbag.py:588} INFO - Filling up the DagBag from /opt/airflow/dags/1102_trigger_consumer.py
[2026-09-10T21:25:17.800+0000] {processor.py:925} INFO - DAG(s) '1102_trigger_consumer' retrieved from /opt/airflow/dags/1102_trigger_consumer.py
[2026-09-10T21:25:17.832+0000] {logging_mixin.py:190} INFO - [2026-09-10T21:25:17.831+0000] {dag.py:3239} INFO - Sync 1 DAGs
[2026-09-10T21:25:17.858+0000] {logging_mixin.py:190} INFO - [2026-09-10T21:25:17.858+0000] {dag.py:4180} INFO - Setting next_dagrun for 1102_trigger_consumer to None, run_after=None
[2026-09-10T21:25:17.881+0000] {processor.py:208} INFO - Processing /opt/airflow/dags/1102_trigger_consumer.py took 0.103 seconds
[2026-09-10T21:25:48.021+0000] {processor.py:186} INFO - Started process (PID=9449) to work on /opt/airflow/dags/1102_trigger_consumer.py
[2026-09-10T21:25:48.022+0000] {processor.py:914} INFO - Processing file /opt/airflow/dags/1102_trigger_consumer.py for tasks to queue
[2026-09-10T21:25:48.026+0000] {logging_mixin.py:190} INFO - [2026-09-10T21:25:48.025+0000] {dagbag.py:588} INFO - Filling up the DagBag from /opt/airflow/dags/1102_trigger_consumer.py
[2026-09-10T21:25:48.034+0000] {processor.py:925} INFO - DAG(s) '1102_trigger_consumer' retrieved from /opt/airflow/dags/1102_trigger_consumer.py
[2026-09-10T21:25:48.063+0000] {logging_mixin.py:190} INFO - [2026-09-10T21:25:48.063+0000] {dag.py:3239} INFO - Sync 1 DAGs
[2026-09-10T21:25:48.090+0000] {logging_mixin.py:190} INFO - [2026-09-10T21:25:48.090+0000] {dag.py:4180} INFO - Setting next_dagrun for 1102_trigger_consumer to None, run_after=None
[2026-09-10T21:25:48.114+0000] {processor.py:208} INFO - Processing /opt/airflow/dags/1102_trigger_consumer.py took 0.102 seconds
[2026-09-10T21:26:18.160+0000] {processor.py:186} INFO - Started process (PID=9519) to work on /opt/airflow/dags/1102_trigger_consumer.py
[2026-09-10T21:26:18.161+0000] {processor.py:914} INFO - Processing file /opt/airflow/dags/1102_trigger_consumer.py for tasks to queue
[2026-09-10T21:26:18.163+0000] {logging_mixin.py:190} INFO - [2026-09-10T21:26:18.163+0000] {dagbag.py:588} INFO - Filling up the DagBag from /opt/airflow/dags/1102_trigger_consumer.py
[2026-09-10T21:26:18.172+0000] {processor.py:925} INFO - DAG(s) '1102_trigger_consumer' retrieved from /opt/airflow/dags/1102_trigger_consumer.py
[2026-09-10T21:26:18.201+0000] {logging_mixin.py:190} INFO - [2026-09-10T21:26:18.201+0000] {dag.py:3239} INFO - Sync 1 DAGs
[2026-09-10T21:26:18.223+0000] {logging_mixin.py:190} INFO - [2026-09-10T21:26:18.223+0000] {dag.py:4180} INFO - Setting next_dagrun for 1102_trigger_consumer to None, run_after=None
[2026-09-10T21:26:18.245+0000] {processor.py:208} INFO - Processing /opt/airflow/dags/1102_trigger_consumer.py took 0.091 seconds
[2026-09-10T21:26:48.306+0000] {processor.py:186} INFO - Started process (PID=9589) to work on /opt/airflow/dags/1102_trigger_consumer.py
[2026-09-10T21:26:48.307+0000] {processor.py:914} INFO - Processing file /opt/airflow/dags/1102_trigger_consumer.py for tasks to queue
[2026-09-10T21:26:48.309+0000] {logging_mixin.py:190} INFO - [2026-09-10T21:26:48.309+0000] {dagbag.py:588} INFO - Filling up the DagBag from /opt/airflow/dags/1102_trigger_consumer.py
[2026-09-10T21:26:48.316+0000] {processor.py:925} INFO - DAG(s) '1102_trigger_consumer' retrieved from /opt/airflow/dags/1102_trigger_consumer.py
[2026-09-10T21:26:48.341+0000] {logging_mixin.py:190} INFO - [2026-09-10T21:26:48.341+0000] {dag.py:3239} INFO - Sync 1 DAGs
[2026-09-10T21:26:48.364+0000] {logging_mixin.py:190} INFO - [2026-09-10T21:26:48.363+0000] {dag.py:4180} INFO - Setting next_dagrun for 1102_trigger_consumer to None, run_after=None
[2026-09-10T21:26:48.385+0000] {processor.py:208} INFO - Processing /opt/airflow/dags/1102_trigger_consumer.py took 0.086 seconds
[2026-09-10T21:27:18.520+0000] {processor.py:186} INFO - Started process (PID=9659) to work on /opt/airflow/dags/1102_trigger_consumer.py
[2026-09-10T21:27:18.521+0000] {processor.py:914} INFO - Processing file /opt/airflow/dags/1102_trigger_consumer.py for tasks to queue
[2026-09-10T21:27:18.526+0000] {logging_mixin.py:190} INFO - [2026-09-10T21:27:18.526+0000] {dagbag.py:588} INFO - Filling up the DagBag from /opt/airflow/dags/1102_trigger_consumer.py
[2026-09-10T21:27:18.538+0000] {processor.py:925} INFO - DAG(s) '1102_trigger_consumer' retrieved from /opt/airflow/dags/1102_trigger_consumer.py
[2026-09-10T21:27:18.575+0000] {logging_mixin.py:190} INFO - [2026-09-10T21:27:18.575+0000] {dag.py:3239} INFO - Sync 1 DAGs
[2026-09-10T21:27:18.613+0000] {logging_mixin.py:190} INFO - [2026-09-10T21:27:18.613+0000] {dag.py:4180} INFO - Setting next_dagrun for 1102_trigger_consumer to None, run_after=None
[2026-09-10T21:27:18.671+0000] {processor.py:208} INFO - Processing /opt/airflow/dags/1102_trigger_consumer.py took 0.167 seconds
[2026-09-10T21:27:48.912+0000] {processor.py:186} INFO - Started process (PID=9729) to work on /opt/airflow/dags/1102_trigger_consumer.py
[2026-09-10T21:27:48.914+0000] {processor.py:914} INFO - Processing file /opt/airflow/dags/1102_trigger_consumer.py for tasks to queue
[2026-09-10T21:27:48.917+0000] {logging_mixin.py:190} INFO - [2026-09-10T21:27:48.917+0000] {dagbag.py:588} INFO - Filling up the DagBag from /opt/airflow/dags/1102_trigger_consumer.py
[2026-09-10T21:27:48.928+0000] {processor.py:925} INFO - DAG(s) '1102_trigger_consumer' retrieved from /opt/airflow/dags/1102_trigger_consumer.py
[2026-09-10T21:27:48.964+0000] {logging_mixin.py:190} INFO - [2026-09-10T21:27:48.964+0000] {dag.py:3239} INFO - Sync 1 DAGs
[2026-09-10T21:27:49.023+0000] {logging_mixin.py:190} INFO - [2026-09-10T21:27:49.023+0000] {dag.py:4180} INFO - Setting next_dagrun for 1102_trigger_consumer to None, run_after=None
[2026-09-10T21:27:49.067+0000] {processor.py:208} INFO - Processing /opt/airflow/dags/1102_trigger_consumer.py took 0.164 seconds
[2026-09-10T21:28:19.132+0000] {processor.py:186} INFO - Started process (PID=9799) to work on /opt/airflow/dags/1102_trigger_consumer.py
[2026-09-10T21:28:19.133+0000] {processor.py:914} INFO - Processing file /opt/airflow/dags/1102_trigger_consumer.py for tasks to queue
[2026-09-10T21:28:19.137+0000] {logging_mixin.py:190} INFO - [2026-09-10T21:28:19.136+0000] {dagbag.py:588} INFO - Filling up the DagBag from /opt/airflow/dags/1102_trigger_consumer.py
[2026-09-10T21:28:19.147+0000] {processor.py:925} INFO - DAG(s) '1102_trigger_consumer' retrieved from /opt/airflow/dags/1102_trigger_consumer.py
[2026-09-10T21:28:19.177+0000] {logging_mixin.py:190} INFO - [2026-09-10T21:28:19.176+0000] {dag.py:3239} INFO - Sync 1 DAGs
[2026-09-10T21:28:19.204+0000] {logging_mixin.py:190} INFO - [2026-09-10T21:28:19.203+0000] {dag.py:4180} INFO - Setting next_dagrun for 1102_trigger_consumer to None, run_after=None
[2026-09-10T21:28:19.230+0000] {processor.py:208} INFO - Processing /opt/airflow/dags/1102_trigger_consumer.py took 0.107 seconds
[2026-09-10T21:28:49.305+0000] {processor.py:186} INFO - Started process (PID=9869) to work on /opt/airflow/dags/1102_trigger_consumer.py
[2026-09-10T21:28:49.307+0000] {processor.py:914} INFO - Processing file /opt/airflow/dags/1102_trigger_consumer.py for tasks to queue
[2026-09-10T21:28:49.309+0000] {logging_mixin.py:190} INFO - [2026-09-10T21:28:49.308+0000] {dagbag.py:588} INFO - Filling up the DagBag from /opt/airflow/dags/1102_trigger_consumer.py
[2026-09-10T21:28:49.318+0000] {processor.py:925} INFO - DAG(s) '1102_trigger_consumer' retrieved from /opt/airflow/dags/1102_trigger_consumer.py
[2026-09-10T21:28:49.350+0000] {logging_mixin.py:190} INFO - [2026-09-10T21:28:49.349+0000] {dag.py:3239} INFO - Sync 1 DAGs
[2026-09-10T21:28:49.386+0000] {logging_mixin.py:190} INFO - [2026-09-10T21:28:49.386+0000] {dag.py:4180} INFO - Setting next_dagrun for 1102_trigger_consumer to None, run_after=None
[2026-09-10T21:28:49.420+0000] {processor.py:208} INFO - Processing /opt/airflow/dags/1102_trigger_consumer.py took 0.122 seconds
[2026-09-10T21:29:19.619+0000] {processor.py:186} INFO - Started process (PID=9939) to work on /opt/airflow/dags/1102_trigger_consumer.py
[2026-09-10T21:29:19.620+0000] {processor.py:914} INFO - Processing file /opt/airflow/dags/1102_trigger_consumer.py for tasks to queue
[2026-09-10T21:29:19.624+0000] {logging_mixin.py:190} INFO - [2026-09-10T21:29:19.623+0000] {dagbag.py:588} INFO - Filling up the DagBag from /opt/airflow/dags/1102_trigger_consumer.py
[2026-09-10T21:29:19.634+0000] {processor.py:925} INFO - DAG(s) '1102_trigger_consumer' retrieved from /opt/airflow/dags/1102_trigger_consumer.py
[2026-09-10T21:29:19.663+0000] {logging_mixin.py:190} INFO - [2026-09-10T21:29:19.663+0000] {dag.py:3239} INFO - Sync 1 DAGs
[2026-09-10T21:29:19.688+0000] {logging_mixin.py:190} INFO - [2026-09-10T21:29:19.688+0000] {dag.py:4180} INFO - Setting next_dagrun for 1102_trigger_consumer to None, run_after=None
[2026-09-10T21:29:19.712+0000] {processor.py:208} INFO - Processing /opt/airflow/dags/1102_trigger_consumer.py took 0.104 seconds
[2026-09-10T21:29:49.806+0000] {processor.py:186} INFO - Started process (PID=10009) to work on /opt/airflow/dags/1102_trigger_consumer.py
[2026-09-10T21:29:49.808+0000] {processor.py:914} INFO - Processing file /opt/airflow/dags/1102_trigger_consumer.py for tasks to queue
[2026-09-10T21:29:49.811+0000] {logging_mixin.py:190} INFO - [2026-09-10T21:29:49.811+0000] {dagbag.py:588} INFO - Filling up the DagBag from /opt/airflow/dags/1102_trigger_consumer.py
[2026-09-10T21:29:49.822+0000] {processor.py:925} INFO - DAG(s) '1102_trigger_consumer' retrieved from /opt/airflow/dags/1102_trigger_consumer.py
[2026-09-10T21:29:49.853+0000] {logging_mixin.py:190} INFO - [2026-09-10T21:29:49.853+0000] {dag.py:3239} INFO - Sync 1 DAGs
[2026-09-10T21:29:49.879+0000] {logging_mixin.py:190} INFO - [2026-09-10T21:29:49.879+0000] {dag.py:4180} INFO - Setting next_dagrun for 1102_trigger_consumer to None, run_after=None
[2026-09-10T21:29:49.910+0000] {processor.py:208} INFO - Processing /opt/airflow/dags/1102_trigger_consumer.py took 0.117 seconds
[2026-09-10T21:30:20.128+0000] {processor.py:186} INFO - Started process (PID=10079) to work on /opt/airflow/dags/1102_trigger_consumer.py
[2026-09-10T21:30:20.129+0000] {processor.py:914} INFO - Processing file /opt/airflow/dags/1102_trigger_consumer.py for tasks to queue
[2026-09-10T21:30:20.132+0000] {logging_mixin.py:190} INFO - [2026-09-10T21:30:20.132+0000] {dagbag.py:588} INFO - Filling up the DagBag from /opt/airflow/dags/1102_trigger_consumer.py
[2026-09-10T21:30:20.143+0000] {processor.py:925} INFO - DAG(s) '1102_trigger_consumer' retrieved from /opt/airflow/dags/1102_trigger_consumer.py
[2026-09-10T21:30:20.174+0000] {logging_mixin.py:190} INFO - [2026-09-10T21:30:20.174+0000] {dag.py:3239} INFO - Sync 1 DAGs
[2026-09-10T21:30:20.200+0000] {logging_mixin.py:190} INFO - [2026-09-10T21:30:20.199+0000] {dag.py:4180} INFO - Setting next_dagrun for 1102_trigger_consumer to None, run_after=None
[2026-09-10T21:30:20.224+0000] {processor.py:208} INFO - Processing /opt/airflow/dags/1102_trigger_consumer.py took 0.108 seconds
[2026-09-10T21:30:50.351+0000] {processor.py:186} INFO - Started process (PID=10149) to work on /opt/airflow/dags/1102_trigger_consumer.py
[2026-09-10T21:30:50.354+0000] {processor.py:914} INFO - Processing file /opt/airflow/dags/1102_trigger_consumer.py for tasks to queue
[2026-09-10T21:30:50.357+0000] {logging_mixin.py:190} INFO - [2026-09-10T21:30:50.357+0000] {dagbag.py:588} INFO - Filling up the DagBag from /opt/airflow/dags/1102_trigger_consumer.py
[2026-09-10T21:30:50.367+0000] {processor.py:925} INFO - DAG(s) '1102_trigger_consumer' retrieved from /opt/airflow/dags/1102_trigger_consumer.py
[2026-09-10T21:30:50.400+0000] {logging_mixin.py:190} INFO - [2026-09-10T21:30:50.400+0000] {dag.py:3239} INFO - Sync 1 DAGs
[2026-09-10T21:30:50.427+0000] {logging_mixin.py:190} INFO - [2026-09-10T21:30:50.426+0000] {dag.py:4180} INFO - Setting next_dagrun for 1102_trigger_consumer to None, run_after=None
[2026-09-10T21:30:50.451+0000] {processor.py:208} INFO - Processing /opt/airflow/dags/1102_trigger_consumer.py took 0.110 seconds
[2026-09-10T21:31:20.603+0000] {processor.py:186} INFO - Started process (PID=10219) to work on /opt/airflow/dags/1102_trigger_consumer.py
[2026-09-10T21:31:20.604+0000] {processor.py:914} INFO - Processing file /opt/airflow/dags/1102_trigger_consumer.py for tasks to queue
[2026-09-10T21:31:20.608+0000] {logging_mixin.py:190} INFO - [2026-09-10T21:31:20.607+0000] {dagbag.py:588} INFO - Filling up the DagBag from /opt/airflow/dags/1102_trigger_consumer.py
[2026-09-10T21:31:20.617+0000] {processor.py:925} INFO - DAG(s) '1102_trigger_consumer' retrieved from /opt/airflow/dags/1102_trigger_consumer.py
[2026-09-10T21:31:20.646+0000] {logging_mixin.py:190} INFO - [2026-09-10T21:31:20.646+0000] {dag.py:3239} INFO - Sync 1 DAGs
[2026-09-10T21:31:20.671+0000] {logging_mixin.py:190} INFO - [2026-09-10T21:31:20.671+0000] {dag.py:4180} INFO - Setting next_dagrun for 1102_trigger_consumer to None, run_after=None
[2026-09-10T21:31:20.694+0000] {processor.py:208} INFO - Processing /opt/airflow/dags/1102_trigger_consumer.py took 0.100 seconds
[2026-09-10T21:31:50.878+0000] {processor.py:186} INFO - Started process (PID=10289) to work on /opt/airflow/dags/1102_trigger_consumer.py
[2026-09-10T21:31:50.881+0000] {processor.py:914} INFO - Processing file /opt/airflow/dags/1102_trigger_consumer.py for tasks to queue
[2026-09-10T21:31:50.884+0000] {logging_mixin.py:190} INFO - [2026-09-10T21:31:50.883+0000] {dagbag.py:588} INFO - Filling up the DagBag from /opt/airflow/dags/1102_trigger_consumer.py
[2026-09-10T21:31:50.893+0000] {processor.py:925} INFO - DAG(s) '1102_trigger_consumer' retrieved from /opt/airflow/dags/1102_trigger_consumer.py
[2026-09-10T21:31:50.922+0000] {logging_mixin.py:190} INFO - [2026-09-10T21:31:50.922+0000] {dag.py:3239} INFO - Sync 1 DAGs
[2026-09-10T21:31:50.947+0000] {logging_mixin.py:190} INFO - [2026-09-10T21:31:50.947+0000] {dag.py:4180} INFO - Setting next_dagrun for 1102_trigger_consumer to None, run_after=None
[2026-09-10T21:31:50.970+0000] {processor.py:208} INFO - Processing /opt/airflow/dags/1102_trigger_consumer.py took 0.103 seconds
[2026-09-10T21:32:21.060+0000] {processor.py:186} INFO - Started process (PID=10359) to work on /opt/airflow/dags/1102_trigger_consumer.py
[2026-09-10T21:32:21.061+0000] {processor.py:914} INFO - Processing file /opt/airflow/dags/1102_trigger_consumer.py for tasks to queue
[2026-09-10T21:32:21.064+0000] {logging_mixin.py:190} INFO - [2026-09-10T21:32:21.064+0000] {dagbag.py:588} INFO - Filling up the DagBag from /opt/airflow/dags/1102_trigger_consumer.py
[2026-09-10T21:32:21.074+0000] {processor.py:925} INFO - DAG(s) '1102_trigger_consumer' retrieved from /opt/airflow/dags/1102_trigger_consumer.py
[2026-09-10T21:32:21.107+0000] {logging_mixin.py:190} INFO - [2026-09-10T21:32:21.107+0000] {dag.py:3239} INFO - Sync 1 DAGs
[2026-09-10T21:32:21.131+0000] {logging_mixin.py:190} INFO - [2026-09-10T21:32:21.131+0000] {dag.py:4180} INFO - Setting next_dagrun for 1102_trigger_consumer to None, run_after=None
[2026-09-10T21:32:21.158+0000] {processor.py:208} INFO - Processing /opt/airflow/dags/1102_trigger_consumer.py took 0.109 seconds
[2026-09-10T21:32:51.322+0000] {processor.py:186} INFO - Started process (PID=10429) to work on /opt/airflow/dags/1102_trigger_consumer.py
[2026-09-10T21:32:51.324+0000] {processor.py:914} INFO - Processing file /opt/airflow/dags/1102_trigger_consumer.py for tasks to queue
[2026-09-10T21:32:51.327+0000] {logging_mixin.py:190} INFO - [2026-09-10T21:32:51.327+0000] {dagbag.py:588} INFO - Filling up the DagBag from /opt/airflow/dags/1102_trigger_consumer.py
[2026-09-10T21:32:51.337+0000] {processor.py:925} INFO - DAG(s) '1102_trigger_consumer' retrieved from /opt/airflow/dags/1102_trigger_consumer.py
[2026-09-10T21:32:51.367+0000] {logging_mixin.py:190} INFO - [2026-09-10T21:32:51.366+0000] {dag.py:3239} INFO - Sync 1 DAGs
[2026-09-10T21:32:51.395+0000] {logging_mixin.py:190} INFO - [2026-09-10T21:32:51.394+0000] {dag.py:4180} INFO - Setting next_dagrun for 1102_trigger_consumer to None, run_after=None
[2026-09-10T21:32:51.420+0000] {processor.py:208} INFO - Processing /opt/airflow/dags/1102_trigger_consumer.py took 0.109 seconds
[2026-09-10T21:33:21.579+0000] {processor.py:186} INFO - Started process (PID=10499) to work on /opt/airflow/dags/1102_trigger_consumer.py
[2026-09-10T21:33:21.580+0000] {processor.py:914} INFO - Processing file /opt/airflow/dags/1102_trigger_consumer.py for tasks to queue
[2026-09-10T21:33:21.584+0000] {logging_mixin.py:190} INFO - [2026-09-10T21:33:21.583+0000] {dagbag.py:588} INFO - Filling up the DagBag from /opt/airflow/dags/1102_trigger_consumer.py
[2026-09-10T21:33:21.594+0000] {processor.py:925} INFO - DAG(s) '1102_trigger_consumer' retrieved from /opt/airflow/dags/1102_trigger_consumer.py
[2026-09-10T21:33:21.622+0000] {logging_mixin.py:190} INFO - [2026-09-10T21:33:21.622+0000] {dag.py:3239} INFO - Sync 1 DAGs
[2026-09-10T21:33:21.647+0000] {logging_mixin.py:190} INFO - [2026-09-10T21:33:21.647+0000] {dag.py:4180} INFO - Setting next_dagrun for 1102_trigger_consumer to None, run_after=None
[2026-09-10T21:33:21.679+0000] {processor.py:208} INFO - Processing /opt/airflow/dags/1102_trigger_consumer.py took 0.109 seconds
[2026-09-10T21:33:51.760+0000] {processor.py:186} INFO - Started process (PID=10569) to work on /opt/airflow/dags/1102_trigger_consumer.py
[2026-09-10T21:33:51.761+0000] {processor.py:914} INFO - Processing file /opt/airflow/dags/1102_trigger_consumer.py for tasks to queue
[2026-09-10T21:33:51.764+0000] {logging_mixin.py:190} INFO - [2026-09-10T21:33:51.764+0000] {dagbag.py:588} INFO - Filling up the DagBag from /opt/airflow/dags/1102_trigger_consumer.py
[2026-09-10T21:33:51.773+0000] {processor.py:925} INFO - DAG(s) '1102_trigger_consumer' retrieved from /opt/airflow/dags/1102_trigger_consumer.py
[2026-09-10T21:33:51.803+0000] {logging_mixin.py:190} INFO - [2026-09-10T21:33:51.802+0000] {dag.py:3239} INFO - Sync 1 DAGs
[2026-09-10T21:33:51.835+0000] {logging_mixin.py:190} INFO - [2026-09-10T21:33:51.835+0000] {dag.py:4180} INFO - Setting next_dagrun for 1102_trigger_consumer to None, run_after=None
[2026-09-10T21:33:51.860+0000] {processor.py:208} INFO - Processing /opt/airflow/dags/1102_trigger_consumer.py took 0.108 seconds
[2026-09-10T21:34:22.789+0000] {processor.py:186} INFO - Started process (PID=10639) to work on /opt/airflow/dags/1102_trigger_consumer.py
[2026-09-10T21:34:22.790+0000] {processor.py:914} INFO - Processing file /opt/airflow/dags/1102_trigger_consumer.py for tasks to queue
[2026-09-10T21:34:22.793+0000] {logging_mixin.py:190} INFO - [2026-09-10T21:34:22.793+0000] {dagbag.py:588} INFO - Filling up the DagBag from /opt/airflow/dags/1102_trigger_consumer.py
[2026-09-10T21:34:22.804+0000] {processor.py:925} INFO - DAG(s) '1102_trigger_consumer' retrieved from /opt/airflow/dags/1102_trigger_consumer.py
[2026-09-10T21:34:22.840+0000] {logging_mixin.py:190} INFO - [2026-09-10T21:34:22.839+0000] {dag.py:3239} INFO - Sync 1 DAGs
[2026-09-10T21:34:22.866+0000] {logging_mixin.py:190} INFO - [2026-09-10T21:34:22.865+0000] {dag.py:4180} INFO - Setting next_dagrun for 1102_trigger_consumer to None, run_after=None
[2026-09-10T21:34:22.890+0000] {processor.py:208} INFO - Processing /opt/airflow/dags/1102_trigger_consumer.py took 0.111 seconds
[2026-09-10T21:34:52.980+0000] {processor.py:186} INFO - Started process (PID=10709) to work on /opt/airflow/dags/1102_trigger_consumer.py
[2026-09-10T21:34:52.982+0000] {processor.py:914} INFO - Processing file /opt/airflow/dags/1102_trigger_consumer.py for tasks to queue
[2026-09-10T21:34:52.984+0000] {logging_mixin.py:190} INFO - [2026-09-10T21:34:52.984+0000] {dagbag.py:588} INFO - Filling up the DagBag from /opt/airflow/dags/1102_trigger_consumer.py
[2026-09-10T21:34:52.994+0000] {processor.py:925} INFO - DAG(s) '1102_trigger_consumer' retrieved from /opt/airflow/dags/1102_trigger_consumer.py
[2026-09-10T21:34:53.023+0000] {logging_mixin.py:190} INFO - [2026-09-10T21:34:53.023+0000] {dag.py:3239} INFO - Sync 1 DAGs
[2026-09-10T21:34:53.046+0000] {logging_mixin.py:190} INFO - [2026-09-10T21:34:53.046+0000] {dag.py:4180} INFO - Setting next_dagrun for 1102_trigger_consumer to None, run_after=None
[2026-09-10T21:34:53.070+0000] {processor.py:208} INFO - Processing /opt/airflow/dags/1102_trigger_consumer.py took 0.097 seconds
[2026-09-10T21:35:23.313+0000] {processor.py:186} INFO - Started process (PID=10779) to work on /opt/airflow/dags/1102_trigger_consumer.py
[2026-09-10T21:35:23.314+0000] {processor.py:914} INFO - Processing file /opt/airflow/dags/1102_trigger_consumer.py for tasks to queue
[2026-09-10T21:35:23.322+0000] {logging_mixin.py:190} INFO - [2026-09-10T21:35:23.320+0000] {dagbag.py:588} INFO - Filling up the DagBag from /opt/airflow/dags/1102_trigger_consumer.py
[2026-09-10T21:35:23.336+0000] {processor.py:925} INFO - DAG(s) '1102_trigger_consumer' retrieved from /opt/airflow/dags/1102_trigger_consumer.py
[2026-09-10T21:35:23.370+0000] {logging_mixin.py:190} INFO - [2026-09-10T21:35:23.369+0000] {dag.py:3239} INFO - Sync 1 DAGs
[2026-09-10T21:35:23.405+0000] {logging_mixin.py:190} INFO - [2026-09-10T21:35:23.404+0000] {dag.py:4180} INFO - Setting next_dagrun for 1102_trigger_consumer to None, run_after=None
[2026-09-10T21:35:23.447+0000] {processor.py:208} INFO - Processing /opt/airflow/dags/1102_trigger_consumer.py took 0.144 seconds
[2026-09-10T21:35:53.858+0000] {processor.py:186} INFO - Started process (PID=10849) to work on /opt/airflow/dags/1102_trigger_consumer.py
[2026-09-10T21:35:53.860+0000] {processor.py:914} INFO - Processing file /opt/airflow/dags/1102_trigger_consumer.py for tasks to queue
[2026-09-10T21:35:53.862+0000] {logging_mixin.py:190} INFO - [2026-09-10T21:35:53.862+0000] {dagbag.py:588} INFO - Filling up the DagBag from /opt/airflow/dags/1102_trigger_consumer.py
[2026-09-10T21:35:53.872+0000] {processor.py:925} INFO - DAG(s) '1102_trigger_consumer' retrieved from /opt/airflow/dags/1102_trigger_consumer.py
[2026-09-10T21:35:53.903+0000] {logging_mixin.py:190} INFO - [2026-09-10T21:35:53.902+0000] {dag.py:3239} INFO - Sync 1 DAGs
[2026-09-10T21:35:53.925+0000] {logging_mixin.py:190} INFO - [2026-09-10T21:35:53.925+0000] {dag.py:4180} INFO - Setting next_dagrun for 1102_trigger_consumer to None, run_after=None
[2026-09-10T21:35:53.946+0000] {processor.py:208} INFO - Processing /opt/airflow/dags/1102_trigger_consumer.py took 0.096 seconds
[2026-09-10T21:36:24.093+0000] {processor.py:186} INFO - Started process (PID=10919) to work on /opt/airflow/dags/1102_trigger_consumer.py
[2026-09-10T21:36:24.094+0000] {processor.py:914} INFO - Processing file /opt/airflow/dags/1102_trigger_consumer.py for tasks to queue
[2026-09-10T21:36:24.097+0000] {logging_mixin.py:190} INFO - [2026-09-10T21:36:24.096+0000] {dagbag.py:588} INFO - Filling up the DagBag from /opt/airflow/dags/1102_trigger_consumer.py
[2026-09-10T21:36:24.105+0000] {processor.py:925} INFO - DAG(s) '1102_trigger_consumer' retrieved from /opt/airflow/dags/1102_trigger_consumer.py
[2026-09-10T21:36:24.133+0000] {logging_mixin.py:190} INFO - [2026-09-10T21:36:24.133+0000] {dag.py:3239} INFO - Sync 1 DAGs
[2026-09-10T21:36:24.157+0000] {logging_mixin.py:190} INFO - [2026-09-10T21:36:24.156+0000] {dag.py:4180} INFO - Setting next_dagrun for 1102_trigger_consumer to None, run_after=None
[2026-09-10T21:36:24.179+0000] {processor.py:208} INFO - Processing /opt/airflow/dags/1102_trigger_consumer.py took 0.093 seconds
[2026-09-10T21:36:54.340+0000] {processor.py:186} INFO - Started process (PID=10989) to work on /opt/airflow/dags/1102_trigger_consumer.py
[2026-09-10T21:36:54.341+0000] {processor.py:914} INFO - Processing file /opt/airflow/dags/1102_trigger_consumer.py for tasks to queue
[2026-09-10T21:36:54.344+0000] {logging_mixin.py:190} INFO - [2026-09-10T21:36:54.343+0000] {dagbag.py:588} INFO - Filling up the DagBag from /opt/airflow/dags/1102_trigger_consumer.py
[2026-09-10T21:36:54.352+0000] {processor.py:925} INFO - DAG(s) '1102_trigger_consumer' retrieved from /opt/airflow/dags/1102_trigger_consumer.py
[2026-09-10T21:36:54.390+0000] {logging_mixin.py:190} INFO - [2026-09-10T21:36:54.389+0000] {dag.py:3239} INFO - Sync 1 DAGs
[2026-09-10T21:36:54.419+0000] {logging_mixin.py:190} INFO - [2026-09-10T21:36:54.419+0000] {dag.py:4180} INFO - Setting next_dagrun for 1102_trigger_consumer to None, run_after=None
[2026-09-10T21:36:54.443+0000] {processor.py:208} INFO - Processing /opt/airflow/dags/1102_trigger_consumer.py took 0.113 seconds
[2026-09-10T21:37:24.658+0000] {processor.py:186} INFO - Started process (PID=11059) to work on /opt/airflow/dags/1102_trigger_consumer.py
[2026-09-10T21:37:24.659+0000] {processor.py:914} INFO - Processing file /opt/airflow/dags/1102_trigger_consumer.py for tasks to queue
[2026-09-10T21:37:24.661+0000] {logging_mixin.py:190} INFO - [2026-09-10T21:37:24.661+0000] {dagbag.py:588} INFO - Filling up the DagBag from /opt/airflow/dags/1102_trigger_consumer.py
[2026-09-10T21:37:24.670+0000] {processor.py:925} INFO - DAG(s) '1102_trigger_consumer' retrieved from /opt/airflow/dags/1102_trigger_consumer.py
[2026-09-10T21:37:24.699+0000] {logging_mixin.py:190} INFO - [2026-09-10T21:37:24.699+0000] {dag.py:3239} INFO - Sync 1 DAGs
[2026-09-10T21:37:24.723+0000] {logging_mixin.py:190} INFO - [2026-09-10T21:37:24.723+0000] {dag.py:4180} INFO - Setting next_dagrun for 1102_trigger_consumer to None, run_after=None
[2026-09-10T21:37:24.744+0000] {processor.py:208} INFO - Processing /opt/airflow/dags/1102_trigger_consumer.py took 0.094 seconds
[2026-09-10T21:37:54.827+0000] {processor.py:186} INFO - Started process (PID=11129) to work on /opt/airflow/dags/1102_trigger_consumer.py
[2026-09-10T21:37:54.830+0000] {processor.py:914} INFO - Processing file /opt/airflow/dags/1102_trigger_consumer.py for tasks to queue
[2026-09-10T21:37:54.833+0000] {logging_mixin.py:190} INFO - [2026-09-10T21:37:54.832+0000] {dagbag.py:588} INFO - Filling up the DagBag from /opt/airflow/dags/1102_trigger_consumer.py
[2026-09-10T21:37:54.842+0000] {processor.py:925} INFO - DAG(s) '1102_trigger_consumer' retrieved from /opt/airflow/dags/1102_trigger_consumer.py
[2026-09-10T21:37:54.871+0000] {logging_mixin.py:190} INFO - [2026-09-10T21:37:54.871+0000] {dag.py:3239} INFO - Sync 1 DAGs
[2026-09-10T21:37:54.895+0000] {logging_mixin.py:190} INFO - [2026-09-10T21:37:54.894+0000] {dag.py:4180} INFO - Setting next_dagrun for 1102_trigger_consumer to None, run_after=None
[2026-09-10T21:37:54.916+0000] {processor.py:208} INFO - Processing /opt/airflow/dags/1102_trigger_consumer.py took 0.098 seconds
[2026-09-10T21:38:25.115+0000] {processor.py:186} INFO - Started process (PID=11199) to work on /opt/airflow/dags/1102_trigger_consumer.py
[2026-09-10T21:38:25.116+0000] {processor.py:914} INFO - Processing file /opt/airflow/dags/1102_trigger_consumer.py for tasks to queue
[2026-09-10T21:38:25.119+0000] {logging_mixin.py:190} INFO - [2026-09-10T21:38:25.118+0000] {dagbag.py:588} INFO - Filling up the DagBag from /opt/airflow/dags/1102_trigger_consumer.py
[2026-09-10T21:38:25.128+0000] {processor.py:925} INFO - DAG(s) '1102_trigger_consumer' retrieved from /opt/airflow/dags/1102_trigger_consumer.py
[2026-09-10T21:38:25.156+0000] {logging_mixin.py:190} INFO - [2026-09-10T21:38:25.156+0000] {dag.py:3239} INFO - Sync 1 DAGs
[2026-09-10T21:38:25.179+0000] {logging_mixin.py:190} INFO - [2026-09-10T21:38:25.179+0000] {dag.py:4180} INFO - Setting next_dagrun for 1102_trigger_consumer to None, run_after=None
[2026-09-10T21:38:25.203+0000] {processor.py:208} INFO - Processing /opt/airflow/dags/1102_trigger_consumer.py took 0.095 seconds
[2026-09-10T21:38:55.260+0000] {processor.py:186} INFO - Started process (PID=11269) to work on /opt/airflow/dags/1102_trigger_consumer.py
[2026-09-10T21:38:55.261+0000] {processor.py:914} INFO - Processing file /opt/airflow/dags/1102_trigger_consumer.py for tasks to queue
[2026-09-10T21:38:55.263+0000] {logging_mixin.py:190} INFO - [2026-09-10T21:38:55.263+0000] {dagbag.py:588} INFO - Filling up the DagBag from /opt/airflow/dags/1102_trigger_consumer.py
[2026-09-10T21:38:55.270+0000] {processor.py:925} INFO - DAG(s) '1102_trigger_consumer' retrieved from /opt/airflow/dags/1102_trigger_consumer.py
[2026-09-10T21:38:55.296+0000] {logging_mixin.py:190} INFO - [2026-09-10T21:38:55.296+0000] {dag.py:3239} INFO - Sync 1 DAGs
[2026-09-10T21:38:55.319+0000] {logging_mixin.py:190} INFO - [2026-09-10T21:38:55.319+0000] {dag.py:4180} INFO - Setting next_dagrun for 1102_trigger_consumer to None, run_after=None
[2026-09-10T21:38:55.340+0000] {processor.py:208} INFO - Processing /opt/airflow/dags/1102_trigger_consumer.py took 0.086 seconds
[2026-09-10T21:39:25.388+0000] {processor.py:186} INFO - Started process (PID=11337) to work on /opt/airflow/dags/1102_trigger_consumer.py
[2026-09-10T21:39:25.390+0000] {processor.py:914} INFO - Processing file /opt/airflow/dags/1102_trigger_consumer.py for tasks to queue
[2026-09-10T21:39:25.393+0000] {logging_mixin.py:190} INFO - [2026-09-10T21:39:25.392+0000] {dagbag.py:588} INFO - Filling up the DagBag from /opt/airflow/dags/1102_trigger_consumer.py
[2026-09-10T21:39:25.403+0000] {processor.py:925} INFO - DAG(s) '1102_trigger_consumer' retrieved from /opt/airflow/dags/1102_trigger_consumer.py
[2026-09-10T21:39:25.433+0000] {logging_mixin.py:190} INFO - [2026-09-10T21:39:25.433+0000] {dag.py:3239} INFO - Sync 1 DAGs
[2026-09-10T21:39:25.459+0000] {logging_mixin.py:190} INFO - [2026-09-10T21:39:25.459+0000] {dag.py:4180} INFO - Setting next_dagrun for 1102_trigger_consumer to None, run_after=None
[2026-09-10T21:39:25.486+0000] {processor.py:208} INFO - Processing /opt/airflow/dags/1102_trigger_consumer.py took 0.106 seconds
[2026-09-10T21:39:55.794+0000] {processor.py:186} INFO - Started process (PID=11409) to work on /opt/airflow/dags/1102_trigger_consumer.py
[2026-09-10T21:39:55.795+0000] {processor.py:914} INFO - Processing file /opt/airflow/dags/1102_trigger_consumer.py for tasks to queue
[2026-09-10T21:39:55.796+0000] {logging_mixin.py:190} INFO - [2026-09-10T21:39:55.796+0000] {dagbag.py:588} INFO - Filling up the DagBag from /opt/airflow/dags/1102_trigger_consumer.py
[2026-09-10T21:39:55.804+0000] {processor.py:925} INFO - DAG(s) '1102_trigger_consumer' retrieved from /opt/airflow/dags/1102_trigger_consumer.py
[2026-09-10T21:39:55.830+0000] {logging_mixin.py:190} INFO - [2026-09-10T21:39:55.830+0000] {dag.py:3239} INFO - Sync 1 DAGs
[2026-09-10T21:39:55.855+0000] {logging_mixin.py:190} INFO - [2026-09-10T21:39:55.855+0000] {dag.py:4180} INFO - Setting next_dagrun for 1102_trigger_consumer to None, run_after=None
[2026-09-10T21:39:55.879+0000] {processor.py:208} INFO - Processing /opt/airflow/dags/1102_trigger_consumer.py took 0.091 seconds
[2026-09-10T21:40:25.978+0000] {processor.py:186} INFO - Started process (PID=11479) to work on /opt/airflow/dags/1102_trigger_consumer.py
[2026-09-10T21:40:25.979+0000] {processor.py:914} INFO - Processing file /opt/airflow/dags/1102_trigger_consumer.py for tasks to queue
[2026-09-10T21:40:25.982+0000] {logging_mixin.py:190} INFO - [2026-09-10T21:40:25.982+0000] {dagbag.py:588} INFO - Filling up the DagBag from /opt/airflow/dags/1102_trigger_consumer.py
[2026-09-10T21:40:25.991+0000] {processor.py:925} INFO - DAG(s) '1102_trigger_consumer' retrieved from /opt/airflow/dags/1102_trigger_consumer.py
[2026-09-10T21:40:26.022+0000] {logging_mixin.py:190} INFO - [2026-09-10T21:40:26.021+0000] {dag.py:3239} INFO - Sync 1 DAGs
[2026-09-10T21:40:26.044+0000] {logging_mixin.py:190} INFO - [2026-09-10T21:40:26.044+0000] {dag.py:4180} INFO - Setting next_dagrun for 1102_trigger_consumer to None, run_after=None
[2026-09-10T21:40:26.072+0000] {processor.py:208} INFO - Processing /opt/airflow/dags/1102_trigger_consumer.py took 0.101 seconds
[2026-09-10T21:40:56.173+0000] {processor.py:186} INFO - Started process (PID=11549) to work on /opt/airflow/dags/1102_trigger_consumer.py
[2026-09-10T21:40:56.174+0000] {processor.py:914} INFO - Processing file /opt/airflow/dags/1102_trigger_consumer.py for tasks to queue
[2026-09-10T21:40:56.177+0000] {logging_mixin.py:190} INFO - [2026-09-10T21:40:56.176+0000] {dagbag.py:588} INFO - Filling up the DagBag from /opt/airflow/dags/1102_trigger_consumer.py
[2026-09-10T21:40:56.185+0000] {processor.py:925} INFO - DAG(s) '1102_trigger_consumer' retrieved from /opt/airflow/dags/1102_trigger_consumer.py
[2026-09-10T21:40:56.218+0000] {logging_mixin.py:190} INFO - [2026-09-10T21:40:56.217+0000] {dag.py:3239} INFO - Sync 1 DAGs
[2026-09-10T21:40:56.242+0000] {logging_mixin.py:190} INFO - [2026-09-10T21:40:56.242+0000] {dag.py:4180} INFO - Setting next_dagrun for 1102_trigger_consumer to None, run_after=None
[2026-09-10T21:40:56.263+0000] {processor.py:208} INFO - Processing /opt/airflow/dags/1102_trigger_consumer.py took 0.097 seconds
[2026-09-10T21:41:26.348+0000] {processor.py:186} INFO - Started process (PID=11619) to work on /opt/airflow/dags/1102_trigger_consumer.py
[2026-09-10T21:41:26.350+0000] {processor.py:914} INFO - Processing file /opt/airflow/dags/1102_trigger_consumer.py for tasks to queue
[2026-09-10T21:41:26.352+0000] {logging_mixin.py:190} INFO - [2026-09-10T21:41:26.352+0000] {dagbag.py:588} INFO - Filling up the DagBag from /opt/airflow/dags/1102_trigger_consumer.py
[2026-09-10T21:41:26.361+0000] {processor.py:925} INFO - DAG(s) '1102_trigger_consumer' retrieved from /opt/airflow/dags/1102_trigger_consumer.py
[2026-09-10T21:41:26.388+0000] {logging_mixin.py:190} INFO - [2026-09-10T21:41:26.388+0000] {dag.py:3239} INFO - Sync 1 DAGs
[2026-09-10T21:41:26.411+0000] {logging_mixin.py:190} INFO - [2026-09-10T21:41:26.411+0000] {dag.py:4180} INFO - Setting next_dagrun for 1102_trigger_consumer to None, run_after=None
[2026-09-10T21:41:26.433+0000] {processor.py:208} INFO - Processing /opt/airflow/dags/1102_trigger_consumer.py took 0.093 seconds
[2026-09-10T21:41:56.642+0000] {processor.py:186} INFO - Started process (PID=11689) to work on /opt/airflow/dags/1102_trigger_consumer.py
[2026-09-10T21:41:56.643+0000] {processor.py:914} INFO - Processing file /opt/airflow/dags/1102_trigger_consumer.py for tasks to queue
[2026-09-10T21:41:56.645+0000] {logging_mixin.py:190} INFO - [2026-09-10T21:41:56.645+0000] {dagbag.py:588} INFO - Filling up the DagBag from /opt/airflow/dags/1102_trigger_consumer.py
[2026-09-10T21:41:56.654+0000] {processor.py:925} INFO - DAG(s) '1102_trigger_consumer' retrieved from /opt/airflow/dags/1102_trigger_consumer.py
[2026-09-10T21:41:56.684+0000] {logging_mixin.py:190} INFO - [2026-09-10T21:41:56.683+0000] {dag.py:3239} INFO - Sync 1 DAGs
[2026-09-10T21:41:56.710+0000] {logging_mixin.py:190} INFO - [2026-09-10T21:41:56.710+0000] {dag.py:4180} INFO - Setting next_dagrun for 1102_trigger_consumer to None, run_after=None
[2026-09-10T21:41:56.733+0000] {processor.py:208} INFO - Processing /opt/airflow/dags/1102_trigger_consumer.py took 0.098 seconds
[2026-09-10T21:42:26.981+0000] {processor.py:186} INFO - Started process (PID=11759) to work on /opt/airflow/dags/1102_trigger_consumer.py
[2026-09-10T21:42:26.982+0000] {processor.py:914} INFO - Processing file /opt/airflow/dags/1102_trigger_consumer.py for tasks to queue
[2026-09-10T21:42:26.984+0000] {logging_mixin.py:190} INFO - [2026-09-10T21:42:26.984+0000] {dagbag.py:588} INFO - Filling up the DagBag from /opt/airflow/dags/1102_trigger_consumer.py
[2026-09-10T21:42:26.992+0000] {processor.py:925} INFO - DAG(s) '1102_trigger_consumer' retrieved from /opt/airflow/dags/1102_trigger_consumer.py
[2026-09-10T21:42:27.024+0000] {logging_mixin.py:190} INFO - [2026-09-10T21:42:27.024+0000] {dag.py:3239} INFO - Sync 1 DAGs
[2026-09-10T21:42:27.053+0000] {logging_mixin.py:190} INFO - [2026-09-10T21:42:27.052+0000] {dag.py:4180} INFO - Setting next_dagrun for 1102_trigger_consumer to None, run_after=None
[2026-09-10T21:42:27.076+0000] {processor.py:208} INFO - Processing /opt/airflow/dags/1102_trigger_consumer.py took 0.101 seconds
[2026-09-10T21:42:58.052+0000] {processor.py:186} INFO - Started process (PID=11829) to work on /opt/airflow/dags/1102_trigger_consumer.py
[2026-09-10T21:42:58.053+0000] {processor.py:914} INFO - Processing file /opt/airflow/dags/1102_trigger_consumer.py for tasks to queue
[2026-09-10T21:42:58.056+0000] {logging_mixin.py:190} INFO - [2026-09-10T21:42:58.055+0000] {dagbag.py:588} INFO - Filling up the DagBag from /opt/airflow/dags/1102_trigger_consumer.py
[2026-09-10T21:42:58.065+0000] {processor.py:925} INFO - DAG(s) '1102_trigger_consumer' retrieved from /opt/airflow/dags/1102_trigger_consumer.py
[2026-09-10T21:42:58.093+0000] {logging_mixin.py:190} INFO - [2026-09-10T21:42:58.093+0000] {dag.py:3239} INFO - Sync 1 DAGs
[2026-09-10T21:42:58.123+0000] {logging_mixin.py:190} INFO - [2026-09-10T21:42:58.122+0000] {dag.py:4180} INFO - Setting next_dagrun for 1102_trigger_consumer to None, run_after=None
[2026-09-10T21:42:58.154+0000] {processor.py:208} INFO - Processing /opt/airflow/dags/1102_trigger_consumer.py took 0.110 seconds
[2026-09-10T21:43:28.343+0000] {processor.py:186} INFO - Started process (PID=11899) to work on /opt/airflow/dags/1102_trigger_consumer.py
[2026-09-10T21:43:28.345+0000] {processor.py:914} INFO - Processing file /opt/airflow/dags/1102_trigger_consumer.py for tasks to queue
[2026-09-10T21:43:28.347+0000] {logging_mixin.py:190} INFO - [2026-09-10T21:43:28.347+0000] {dagbag.py:588} INFO - Filling up the DagBag from /opt/airflow/dags/1102_trigger_consumer.py
[2026-09-10T21:43:28.356+0000] {processor.py:925} INFO - DAG(s) '1102_trigger_consumer' retrieved from /opt/airflow/dags/1102_trigger_consumer.py
[2026-09-10T21:43:28.383+0000] {logging_mixin.py:190} INFO - [2026-09-10T21:43:28.383+0000] {dag.py:3239} INFO - Sync 1 DAGs
[2026-09-10T21:43:28.410+0000] {logging_mixin.py:190} INFO - [2026-09-10T21:43:28.410+0000] {dag.py:4180} INFO - Setting next_dagrun for 1102_trigger_consumer to None, run_after=None
[2026-09-10T21:43:28.432+0000] {processor.py:208} INFO - Processing /opt/airflow/dags/1102_trigger_consumer.py took 0.096 seconds
[2026-09-10T21:43:58.631+0000] {processor.py:186} INFO - Started process (PID=11969) to work on /opt/airflow/dags/1102_trigger_consumer.py
[2026-09-10T21:43:58.632+0000] {processor.py:914} INFO - Processing file /opt/airflow/dags/1102_trigger_consumer.py for tasks to queue
[2026-09-10T21:43:58.635+0000] {logging_mixin.py:190} INFO - [2026-09-10T21:43:58.634+0000] {dagbag.py:588} INFO - Filling up the DagBag from /opt/airflow/dags/1102_trigger_consumer.py
[2026-09-10T21:43:58.643+0000] {processor.py:925} INFO - DAG(s) '1102_trigger_consumer' retrieved from /opt/airflow/dags/1102_trigger_consumer.py
[2026-09-10T21:43:58.673+0000] {logging_mixin.py:190} INFO - [2026-09-10T21:43:58.672+0000] {dag.py:3239} INFO - Sync 1 DAGs
[2026-09-10T21:43:58.697+0000] {logging_mixin.py:190} INFO - [2026-09-10T21:43:58.697+0000] {dag.py:4180} INFO - Setting next_dagrun for 1102_trigger_consumer to None, run_after=None
[2026-09-10T21:43:58.720+0000] {processor.py:208} INFO - Processing /opt/airflow/dags/1102_trigger_consumer.py took 0.097 seconds
[2026-09-10T21:44:28.849+0000] {processor.py:186} INFO - Started process (PID=12039) to work on /opt/airflow/dags/1102_trigger_consumer.py
[2026-09-10T21:44:28.850+0000] {processor.py:914} INFO - Processing file /opt/airflow/dags/1102_trigger_consumer.py for tasks to queue
[2026-09-10T21:44:28.853+0000] {logging_mixin.py:190} INFO - [2026-09-10T21:44:28.853+0000] {dagbag.py:588} INFO - Filling up the DagBag from /opt/airflow/dags/1102_trigger_consumer.py
[2026-09-10T21:44:28.862+0000] {processor.py:925} INFO - DAG(s) '1102_trigger_consumer' retrieved from /opt/airflow/dags/1102_trigger_consumer.py
[2026-09-10T21:44:28.889+0000] {logging_mixin.py:190} INFO - [2026-09-10T21:44:28.889+0000] {dag.py:3239} INFO - Sync 1 DAGs
[2026-09-10T21:44:28.911+0000] {logging_mixin.py:190} INFO - [2026-09-10T21:44:28.911+0000] {dag.py:4180} INFO - Setting next_dagrun for 1102_trigger_consumer to None, run_after=None
[2026-09-10T21:44:28.934+0000] {processor.py:208} INFO - Processing /opt/airflow/dags/1102_trigger_consumer.py took 0.093 seconds
[2026-09-10T21:44:59.160+0000] {processor.py:186} INFO - Started process (PID=12109) to work on /opt/airflow/dags/1102_trigger_consumer.py
[2026-09-10T21:44:59.161+0000] {processor.py:914} INFO - Processing file /opt/airflow/dags/1102_trigger_consumer.py for tasks to queue
[2026-09-10T21:44:59.164+0000] {logging_mixin.py:190} INFO - [2026-09-10T21:44:59.163+0000] {dagbag.py:588} INFO - Filling up the DagBag from /opt/airflow/dags/1102_trigger_consumer.py
[2026-09-10T21:44:59.172+0000] {processor.py:925} INFO - DAG(s) '1102_trigger_consumer' retrieved from /opt/airflow/dags/1102_trigger_consumer.py
[2026-09-10T21:44:59.199+0000] {logging_mixin.py:190} INFO - [2026-09-10T21:44:59.199+0000] {dag.py:3239} INFO - Sync 1 DAGs
[2026-09-10T21:44:59.222+0000] {logging_mixin.py:190} INFO - [2026-09-10T21:44:59.221+0000] {dag.py:4180} INFO - Setting next_dagrun for 1102_trigger_consumer to None, run_after=None
[2026-09-10T21:44:59.243+0000] {processor.py:208} INFO - Processing /opt/airflow/dags/1102_trigger_consumer.py took 0.090 seconds
[2026-09-10T21:45:29.409+0000] {processor.py:186} INFO - Started process (PID=12177) to work on /opt/airflow/dags/1102_trigger_consumer.py
[2026-09-10T21:45:29.411+0000] {processor.py:914} INFO - Processing file /opt/airflow/dags/1102_trigger_consumer.py for tasks to queue
[2026-09-10T21:45:29.419+0000] {logging_mixin.py:190} INFO - [2026-09-10T21:45:29.418+0000] {dagbag.py:588} INFO - Filling up the DagBag from /opt/airflow/dags/1102_trigger_consumer.py
[2026-09-10T21:45:29.434+0000] {processor.py:925} INFO - DAG(s) '1102_trigger_consumer' retrieved from /opt/airflow/dags/1102_trigger_consumer.py
[2026-09-10T21:45:29.463+0000] {logging_mixin.py:190} INFO - [2026-09-10T21:45:29.463+0000] {dag.py:3239} INFO - Sync 1 DAGs
[2026-09-10T21:45:29.492+0000] {logging_mixin.py:190} INFO - [2026-09-10T21:45:29.491+0000] {dag.py:4180} INFO - Setting next_dagrun for 1102_trigger_consumer to None, run_after=None
[2026-09-10T21:45:29.525+0000] {processor.py:208} INFO - Processing /opt/airflow/dags/1102_trigger_consumer.py took 0.136 seconds
[2026-09-10T21:46:00.084+0000] {processor.py:186} INFO - Started process (PID=12249) to work on /opt/airflow/dags/1102_trigger_consumer.py
[2026-09-10T21:46:00.086+0000] {processor.py:914} INFO - Processing file /opt/airflow/dags/1102_trigger_consumer.py for tasks to queue
[2026-09-10T21:46:00.089+0000] {logging_mixin.py:190} INFO - [2026-09-10T21:46:00.088+0000] {dagbag.py:588} INFO - Filling up the DagBag from /opt/airflow/dags/1102_trigger_consumer.py
[2026-09-10T21:46:00.097+0000] {processor.py:925} INFO - DAG(s) '1102_trigger_consumer' retrieved from /opt/airflow/dags/1102_trigger_consumer.py
[2026-09-10T21:46:00.124+0000] {logging_mixin.py:190} INFO - [2026-09-10T21:46:00.124+0000] {dag.py:3239} INFO - Sync 1 DAGs
[2026-09-10T21:46:00.146+0000] {logging_mixin.py:190} INFO - [2026-09-10T21:46:00.146+0000] {dag.py:4180} INFO - Setting next_dagrun for 1102_trigger_consumer to None, run_after=None
[2026-09-10T21:46:00.169+0000] {processor.py:208} INFO - Processing /opt/airflow/dags/1102_trigger_consumer.py took 0.092 seconds
[2026-09-10T21:46:30.426+0000] {processor.py:186} INFO - Started process (PID=12319) to work on /opt/airflow/dags/1102_trigger_consumer.py
[2026-09-10T21:46:30.428+0000] {processor.py:914} INFO - Processing file /opt/airflow/dags/1102_trigger_consumer.py for tasks to queue
[2026-09-10T21:46:30.431+0000] {logging_mixin.py:190} INFO - [2026-09-10T21:46:30.430+0000] {dagbag.py:588} INFO - Filling up the DagBag from /opt/airflow/dags/1102_trigger_consumer.py
[2026-09-10T21:46:30.439+0000] {processor.py:925} INFO - DAG(s) '1102_trigger_consumer' retrieved from /opt/airflow/dags/1102_trigger_consumer.py
[2026-09-10T21:46:30.466+0000] {logging_mixin.py:190} INFO - [2026-09-10T21:46:30.466+0000] {dag.py:3239} INFO - Sync 1 DAGs
[2026-09-10T21:46:30.490+0000] {logging_mixin.py:190} INFO - [2026-09-10T21:46:30.490+0000] {dag.py:4180} INFO - Setting next_dagrun for 1102_trigger_consumer to None, run_after=None
[2026-09-10T21:46:30.513+0000] {processor.py:208} INFO - Processing /opt/airflow/dags/1102_trigger_consumer.py took 0.094 seconds
[2026-09-10T21:47:00.662+0000] {processor.py:186} INFO - Started process (PID=12389) to work on /opt/airflow/dags/1102_trigger_consumer.py
[2026-09-10T21:47:00.663+0000] {processor.py:914} INFO - Processing file /opt/airflow/dags/1102_trigger_consumer.py for tasks to queue
[2026-09-10T21:47:00.666+0000] {logging_mixin.py:190} INFO - [2026-09-10T21:47:00.666+0000] {dagbag.py:588} INFO - Filling up the DagBag from /opt/airflow/dags/1102_trigger_consumer.py
[2026-09-10T21:47:00.675+0000] {processor.py:925} INFO - DAG(s) '1102_trigger_consumer' retrieved from /opt/airflow/dags/1102_trigger_consumer.py
[2026-09-10T21:47:00.708+0000] {logging_mixin.py:190} INFO - [2026-09-10T21:47:00.708+0000] {dag.py:3239} INFO - Sync 1 DAGs
[2026-09-10T21:47:00.736+0000] {logging_mixin.py:190} INFO - [2026-09-10T21:47:00.736+0000] {dag.py:4180} INFO - Setting next_dagrun for 1102_trigger_consumer to None, run_after=None
[2026-09-10T21:47:00.760+0000] {processor.py:208} INFO - Processing /opt/airflow/dags/1102_trigger_consumer.py took 0.106 seconds
[2026-09-10T21:47:30.877+0000] {processor.py:186} INFO - Started process (PID=12459) to work on /opt/airflow/dags/1102_trigger_consumer.py
[2026-09-10T21:47:30.878+0000] {processor.py:914} INFO - Processing file /opt/airflow/dags/1102_trigger_consumer.py for tasks to queue
[2026-09-10T21:47:30.880+0000] {logging_mixin.py:190} INFO - [2026-09-10T21:47:30.880+0000] {dagbag.py:588} INFO - Filling up the DagBag from /opt/airflow/dags/1102_trigger_consumer.py
[2026-09-10T21:47:30.887+0000] {processor.py:925} INFO - DAG(s) '1102_trigger_consumer' retrieved from /opt/airflow/dags/1102_trigger_consumer.py
[2026-09-10T21:47:30.913+0000] {logging_mixin.py:190} INFO - [2026-09-10T21:47:30.913+0000] {dag.py:3239} INFO - Sync 1 DAGs
[2026-09-10T21:47:30.936+0000] {logging_mixin.py:190} INFO - [2026-09-10T21:47:30.936+0000] {dag.py:4180} INFO - Setting next_dagrun for 1102_trigger_consumer to None, run_after=None
[2026-09-10T21:47:30.959+0000] {processor.py:208} INFO - Processing /opt/airflow/dags/1102_trigger_consumer.py took 0.088 seconds
[2026-09-10T21:48:01.052+0000] {processor.py:186} INFO - Started process (PID=12529) to work on /opt/airflow/dags/1102_trigger_consumer.py
[2026-09-10T21:48:01.052+0000] {processor.py:914} INFO - Processing file /opt/airflow/dags/1102_trigger_consumer.py for tasks to queue
[2026-09-10T21:48:01.054+0000] {logging_mixin.py:190} INFO - [2026-09-10T21:48:01.054+0000] {dagbag.py:588} INFO - Filling up the DagBag from /opt/airflow/dags/1102_trigger_consumer.py
[2026-09-10T21:48:01.062+0000] {processor.py:925} INFO - DAG(s) '1102_trigger_consumer' retrieved from /opt/airflow/dags/1102_trigger_consumer.py
[2026-09-10T21:48:01.092+0000] {logging_mixin.py:190} INFO - [2026-09-10T21:48:01.091+0000] {dag.py:3239} INFO - Sync 1 DAGs
[2026-09-10T21:48:01.118+0000] {logging_mixin.py:190} INFO - [2026-09-10T21:48:01.118+0000] {dag.py:4180} INFO - Setting next_dagrun for 1102_trigger_consumer to None, run_after=None
[2026-09-10T21:48:01.142+0000] {processor.py:208} INFO - Processing /opt/airflow/dags/1102_trigger_consumer.py took 0.098 seconds
[2026-09-10T21:48:31.274+0000] {processor.py:186} INFO - Started process (PID=12599) to work on /opt/airflow/dags/1102_trigger_consumer.py
[2026-09-10T21:48:31.276+0000] {processor.py:914} INFO - Processing file /opt/airflow/dags/1102_trigger_consumer.py for tasks to queue
[2026-09-10T21:48:31.279+0000] {logging_mixin.py:190} INFO - [2026-09-10T21:48:31.278+0000] {dagbag.py:588} INFO - Filling up the DagBag from /opt/airflow/dags/1102_trigger_consumer.py
[2026-09-10T21:48:31.289+0000] {processor.py:925} INFO - DAG(s) '1102_trigger_consumer' retrieved from /opt/airflow/dags/1102_trigger_consumer.py
[2026-09-10T21:48:31.318+0000] {logging_mixin.py:190} INFO - [2026-09-10T21:48:31.318+0000] {dag.py:3239} INFO - Sync 1 DAGs
[2026-09-10T21:48:31.341+0000] {logging_mixin.py:190} INFO - [2026-09-10T21:48:31.341+0000] {dag.py:4180} INFO - Setting next_dagrun for 1102_trigger_consumer to None, run_after=None
[2026-09-10T21:48:31.364+0000] {processor.py:208} INFO - Processing /opt/airflow/dags/1102_trigger_consumer.py took 0.099 seconds
[2026-09-10T21:49:01.781+0000] {processor.py:186} INFO - Started process (PID=12669) to work on /opt/airflow/dags/1102_trigger_consumer.py
[2026-09-10T21:49:01.782+0000] {processor.py:914} INFO - Processing file /opt/airflow/dags/1102_trigger_consumer.py for tasks to queue
[2026-09-10T21:49:01.786+0000] {logging_mixin.py:190} INFO - [2026-09-10T21:49:01.786+0000] {dagbag.py:588} INFO - Filling up the DagBag from /opt/airflow/dags/1102_trigger_consumer.py
[2026-09-10T21:49:01.796+0000] {processor.py:925} INFO - DAG(s) '1102_trigger_consumer' retrieved from /opt/airflow/dags/1102_trigger_consumer.py
[2026-09-10T21:49:01.827+0000] {logging_mixin.py:190} INFO - [2026-09-10T21:49:01.827+0000] {dag.py:3239} INFO - Sync 1 DAGs
[2026-09-10T21:49:01.857+0000] {logging_mixin.py:190} INFO - [2026-09-10T21:49:01.857+0000] {dag.py:4180} INFO - Setting next_dagrun for 1102_trigger_consumer to None, run_after=None
[2026-09-10T21:49:01.894+0000] {processor.py:208} INFO - Processing /opt/airflow/dags/1102_trigger_consumer.py took 0.121 seconds
[2026-09-10T21:49:32.071+0000] {processor.py:186} INFO - Started process (PID=12739) to work on /opt/airflow/dags/1102_trigger_consumer.py
[2026-09-10T21:49:32.072+0000] {processor.py:914} INFO - Processing file /opt/airflow/dags/1102_trigger_consumer.py for tasks to queue
[2026-09-10T21:49:32.075+0000] {logging_mixin.py:190} INFO - [2026-09-10T21:49:32.075+0000] {dagbag.py:588} INFO - Filling up the DagBag from /opt/airflow/dags/1102_trigger_consumer.py
[2026-09-10T21:49:32.084+0000] {processor.py:925} INFO - DAG(s) '1102_trigger_consumer' retrieved from /opt/airflow/dags/1102_trigger_consumer.py
[2026-09-10T21:49:32.111+0000] {logging_mixin.py:190} INFO - [2026-09-10T21:49:32.111+0000] {dag.py:3239} INFO - Sync 1 DAGs
[2026-09-10T21:49:32.134+0000] {logging_mixin.py:190} INFO - [2026-09-10T21:49:32.134+0000] {dag.py:4180} INFO - Setting next_dagrun for 1102_trigger_consumer to None, run_after=None
[2026-09-10T21:49:32.156+0000] {processor.py:208} INFO - Processing /opt/airflow/dags/1102_trigger_consumer.py took 0.093 seconds
[2026-09-10T21:50:02.503+0000] {processor.py:186} INFO - Started process (PID=12809) to work on /opt/airflow/dags/1102_trigger_consumer.py
[2026-09-10T21:50:02.504+0000] {processor.py:914} INFO - Processing file /opt/airflow/dags/1102_trigger_consumer.py for tasks to queue
[2026-09-10T21:50:02.507+0000] {logging_mixin.py:190} INFO - [2026-09-10T21:50:02.506+0000] {dagbag.py:588} INFO - Filling up the DagBag from /opt/airflow/dags/1102_trigger_consumer.py
[2026-09-10T21:50:02.516+0000] {processor.py:925} INFO - DAG(s) '1102_trigger_consumer' retrieved from /opt/airflow/dags/1102_trigger_consumer.py
[2026-09-10T21:50:02.546+0000] {logging_mixin.py:190} INFO - [2026-09-10T21:50:02.545+0000] {dag.py:3239} INFO - Sync 1 DAGs
[2026-09-10T21:50:02.571+0000] {logging_mixin.py:190} INFO - [2026-09-10T21:50:02.571+0000] {dag.py:4180} INFO - Setting next_dagrun for 1102_trigger_consumer to None, run_after=None
[2026-09-10T21:50:02.595+0000] {processor.py:208} INFO - Processing /opt/airflow/dags/1102_trigger_consumer.py took 0.100 seconds
[2026-09-10T21:50:32.846+0000] {processor.py:186} INFO - Started process (PID=12879) to work on /opt/airflow/dags/1102_trigger_consumer.py
[2026-09-10T21:50:32.847+0000] {processor.py:914} INFO - Processing file /opt/airflow/dags/1102_trigger_consumer.py for tasks to queue
[2026-09-10T21:50:32.850+0000] {logging_mixin.py:190} INFO - [2026-09-10T21:50:32.850+0000] {dagbag.py:588} INFO - Filling up the DagBag from /opt/airflow/dags/1102_trigger_consumer.py
[2026-09-10T21:50:32.861+0000] {processor.py:925} INFO - DAG(s) '1102_trigger_consumer' retrieved from /opt/airflow/dags/1102_trigger_consumer.py
[2026-09-10T21:50:32.892+0000] {logging_mixin.py:190} INFO - [2026-09-10T21:50:32.891+0000] {dag.py:3239} INFO - Sync 1 DAGs
[2026-09-10T21:50:32.914+0000] {logging_mixin.py:190} INFO - [2026-09-10T21:50:32.914+0000] {dag.py:4180} INFO - Setting next_dagrun for 1102_trigger_consumer to None, run_after=None
[2026-09-10T21:50:32.935+0000] {processor.py:208} INFO - Processing /opt/airflow/dags/1102_trigger_consumer.py took 0.098 seconds
[2026-09-10T21:51:03.194+0000] {processor.py:186} INFO - Started process (PID=12949) to work on /opt/airflow/dags/1102_trigger_consumer.py
[2026-09-10T21:51:03.195+0000] {processor.py:914} INFO - Processing file /opt/airflow/dags/1102_trigger_consumer.py for tasks to queue
[2026-09-10T21:51:03.197+0000] {logging_mixin.py:190} INFO - [2026-09-10T21:51:03.197+0000] {dagbag.py:588} INFO - Filling up the DagBag from /opt/airflow/dags/1102_trigger_consumer.py
[2026-09-10T21:51:03.206+0000] {processor.py:925} INFO - DAG(s) '1102_trigger_consumer' retrieved from /opt/airflow/dags/1102_trigger_consumer.py
[2026-09-10T21:51:03.235+0000] {logging_mixin.py:190} INFO - [2026-09-10T21:51:03.234+0000] {dag.py:3239} INFO - Sync 1 DAGs
[2026-09-10T21:51:03.260+0000] {logging_mixin.py:190} INFO - [2026-09-10T21:51:03.260+0000] {dag.py:4180} INFO - Setting next_dagrun for 1102_trigger_consumer to None, run_after=None
[2026-09-10T21:51:03.284+0000] {processor.py:208} INFO - Processing /opt/airflow/dags/1102_trigger_consumer.py took 0.099 seconds
[2026-09-10T21:51:33.338+0000] {processor.py:186} INFO - Started process (PID=13017) to work on /opt/airflow/dags/1102_trigger_consumer.py
[2026-09-10T21:51:33.340+0000] {processor.py:914} INFO - Processing file /opt/airflow/dags/1102_trigger_consumer.py for tasks to queue
[2026-09-10T21:51:33.342+0000] {logging_mixin.py:190} INFO - [2026-09-10T21:51:33.342+0000] {dagbag.py:588} INFO - Filling up the DagBag from /opt/airflow/dags/1102_trigger_consumer.py
[2026-09-10T21:51:33.353+0000] {processor.py:925} INFO - DAG(s) '1102_trigger_consumer' retrieved from /opt/airflow/dags/1102_trigger_consumer.py
[2026-09-10T21:51:33.383+0000] {logging_mixin.py:190} INFO - [2026-09-10T21:51:33.383+0000] {dag.py:3239} INFO - Sync 1 DAGs
[2026-09-10T21:51:33.407+0000] {logging_mixin.py:190} INFO - [2026-09-10T21:51:33.406+0000] {dag.py:4180} INFO - Setting next_dagrun for 1102_trigger_consumer to None, run_after=None
[2026-09-10T21:51:33.430+0000] {processor.py:208} INFO - Processing /opt/airflow/dags/1102_trigger_consumer.py took 0.100 seconds
[2026-09-10T21:52:03.514+0000] {processor.py:186} INFO - Started process (PID=13087) to work on /opt/airflow/dags/1102_trigger_consumer.py
[2026-09-10T21:52:03.515+0000] {processor.py:914} INFO - Processing file /opt/airflow/dags/1102_trigger_consumer.py for tasks to queue
[2026-09-10T21:52:03.518+0000] {logging_mixin.py:190} INFO - [2026-09-10T21:52:03.517+0000] {dagbag.py:588} INFO - Filling up the DagBag from /opt/airflow/dags/1102_trigger_consumer.py
[2026-09-10T21:52:03.531+0000] {processor.py:925} INFO - DAG(s) '1102_trigger_consumer' retrieved from /opt/airflow/dags/1102_trigger_consumer.py
[2026-09-10T21:52:03.569+0000] {logging_mixin.py:190} INFO - [2026-09-10T21:52:03.568+0000] {dag.py:3239} INFO - Sync 1 DAGs
[2026-09-10T21:52:03.606+0000] {logging_mixin.py:190} INFO - [2026-09-10T21:52:03.606+0000] {dag.py:4180} INFO - Setting next_dagrun for 1102_trigger_consumer to None, run_after=None
[2026-09-10T21:52:03.638+0000] {processor.py:208} INFO - Processing /opt/airflow/dags/1102_trigger_consumer.py took 0.134 seconds
[2026-09-10T21:52:33.717+0000] {processor.py:186} INFO - Started process (PID=13157) to work on /opt/airflow/dags/1102_trigger_consumer.py
[2026-09-10T21:52:33.718+0000] {processor.py:914} INFO - Processing file /opt/airflow/dags/1102_trigger_consumer.py for tasks to queue
[2026-09-10T21:52:33.721+0000] {logging_mixin.py:190} INFO - [2026-09-10T21:52:33.721+0000] {dagbag.py:588} INFO - Filling up the DagBag from /opt/airflow/dags/1102_trigger_consumer.py
[2026-09-10T21:52:33.731+0000] {processor.py:925} INFO - DAG(s) '1102_trigger_consumer' retrieved from /opt/airflow/dags/1102_trigger_consumer.py
[2026-09-10T21:52:33.767+0000] {logging_mixin.py:190} INFO - [2026-09-10T21:52:33.766+0000] {dag.py:3239} INFO - Sync 1 DAGs
[2026-09-10T21:52:33.802+0000] {logging_mixin.py:190} INFO - [2026-09-10T21:52:33.802+0000] {dag.py:4180} INFO - Setting next_dagrun for 1102_trigger_consumer to None, run_after=None
[2026-09-10T21:52:33.832+0000] {processor.py:208} INFO - Processing /opt/airflow/dags/1102_trigger_consumer.py took 0.123 seconds
[2026-09-10T21:53:03.924+0000] {processor.py:186} INFO - Started process (PID=13229) to work on /opt/airflow/dags/1102_trigger_consumer.py
[2026-09-10T21:53:03.925+0000] {processor.py:914} INFO - Processing file /opt/airflow/dags/1102_trigger_consumer.py for tasks to queue
[2026-09-10T21:53:03.928+0000] {logging_mixin.py:190} INFO - [2026-09-10T21:53:03.928+0000] {dagbag.py:588} INFO - Filling up the DagBag from /opt/airflow/dags/1102_trigger_consumer.py
[2026-09-10T21:53:03.940+0000] {processor.py:925} INFO - DAG(s) '1102_trigger_consumer' retrieved from /opt/airflow/dags/1102_trigger_consumer.py
[2026-09-10T21:53:03.974+0000] {logging_mixin.py:190} INFO - [2026-09-10T21:53:03.974+0000] {dag.py:3239} INFO - Sync 1 DAGs
[2026-09-10T21:53:04.004+0000] {logging_mixin.py:190} INFO - [2026-09-10T21:53:04.004+0000] {dag.py:4180} INFO - Setting next_dagrun for 1102_trigger_consumer to None, run_after=None
[2026-09-10T21:53:04.032+0000] {processor.py:208} INFO - Processing /opt/airflow/dags/1102_trigger_consumer.py took 0.116 seconds
[2026-09-10T21:53:34.122+0000] {processor.py:186} INFO - Started process (PID=13299) to work on /opt/airflow/dags/1102_trigger_consumer.py
[2026-09-10T21:53:34.124+0000] {processor.py:914} INFO - Processing file /opt/airflow/dags/1102_trigger_consumer.py for tasks to queue
[2026-09-10T21:53:34.127+0000] {logging_mixin.py:190} INFO - [2026-09-10T21:53:34.126+0000] {dagbag.py:588} INFO - Filling up the DagBag from /opt/airflow/dags/1102_trigger_consumer.py
[2026-09-10T21:53:34.138+0000] {processor.py:925} INFO - DAG(s) '1102_trigger_consumer' retrieved from /opt/airflow/dags/1102_trigger_consumer.py
[2026-09-10T21:53:34.176+0000] {logging_mixin.py:190} INFO - [2026-09-10T21:53:34.175+0000] {dag.py:3239} INFO - Sync 1 DAGs
[2026-09-10T21:53:34.208+0000] {logging_mixin.py:190} INFO - [2026-09-10T21:53:34.208+0000] {dag.py:4180} INFO - Setting next_dagrun for 1102_trigger_consumer to None, run_after=None
[2026-09-10T21:53:34.243+0000] {processor.py:208} INFO - Processing /opt/airflow/dags/1102_trigger_consumer.py took 0.133 seconds
[2026-09-10T21:54:04.335+0000] {processor.py:186} INFO - Started process (PID=13369) to work on /opt/airflow/dags/1102_trigger_consumer.py
[2026-09-10T21:54:04.336+0000] {processor.py:914} INFO - Processing file /opt/airflow/dags/1102_trigger_consumer.py for tasks to queue
[2026-09-10T21:54:04.339+0000] {logging_mixin.py:190} INFO - [2026-09-10T21:54:04.338+0000] {dagbag.py:588} INFO - Filling up the DagBag from /opt/airflow/dags/1102_trigger_consumer.py
[2026-09-10T21:54:04.350+0000] {processor.py:925} INFO - DAG(s) '1102_trigger_consumer' retrieved from /opt/airflow/dags/1102_trigger_consumer.py
[2026-09-10T21:54:04.381+0000] {logging_mixin.py:190} INFO - [2026-09-10T21:54:04.381+0000] {dag.py:3239} INFO - Sync 1 DAGs
[2026-09-10T21:54:04.407+0000] {logging_mixin.py:190} INFO - [2026-09-10T21:54:04.407+0000] {dag.py:4180} INFO - Setting next_dagrun for 1102_trigger_consumer to None, run_after=None
[2026-09-10T21:54:04.430+0000] {processor.py:208} INFO - Processing /opt/airflow/dags/1102_trigger_consumer.py took 0.104 seconds
[2026-09-10T21:54:34.622+0000] {processor.py:186} INFO - Started process (PID=13438) to work on /opt/airflow/dags/1102_trigger_consumer.py
[2026-09-10T21:54:34.625+0000] {processor.py:914} INFO - Processing file /opt/airflow/dags/1102_trigger_consumer.py for tasks to queue
[2026-09-10T21:54:34.631+0000] {logging_mixin.py:190} INFO - [2026-09-10T21:54:34.629+0000] {dagbag.py:588} INFO - Filling up the DagBag from /opt/airflow/dags/1102_trigger_consumer.py
[2026-09-10T21:54:34.651+0000] {processor.py:925} INFO - DAG(s) '1102_trigger_consumer' retrieved from /opt/airflow/dags/1102_trigger_consumer.py
[2026-09-10T21:54:34.694+0000] {logging_mixin.py:190} INFO - [2026-09-10T21:54:34.693+0000] {dag.py:3239} INFO - Sync 1 DAGs
[2026-09-10T21:54:34.723+0000] {logging_mixin.py:190} INFO - [2026-09-10T21:54:34.723+0000] {dag.py:4180} INFO - Setting next_dagrun for 1102_trigger_consumer to None, run_after=None
[2026-09-10T21:54:34.749+0000] {processor.py:208} INFO - Processing /opt/airflow/dags/1102_trigger_consumer.py took 0.142 seconds
[2026-09-10T21:55:04.925+0000] {processor.py:186} INFO - Started process (PID=13509) to work on /opt/airflow/dags/1102_trigger_consumer.py
[2026-09-10T21:55:04.926+0000] {processor.py:914} INFO - Processing file /opt/airflow/dags/1102_trigger_consumer.py for tasks to queue
[2026-09-10T21:55:04.930+0000] {logging_mixin.py:190} INFO - [2026-09-10T21:55:04.929+0000] {dagbag.py:588} INFO - Filling up the DagBag from /opt/airflow/dags/1102_trigger_consumer.py
[2026-09-10T21:55:04.942+0000] {processor.py:925} INFO - DAG(s) '1102_trigger_consumer' retrieved from /opt/airflow/dags/1102_trigger_consumer.py
[2026-09-10T21:55:04.980+0000] {logging_mixin.py:190} INFO - [2026-09-10T21:55:04.980+0000] {dag.py:3239} INFO - Sync 1 DAGs
[2026-09-10T21:55:05.012+0000] {logging_mixin.py:190} INFO - [2026-09-10T21:55:05.011+0000] {dag.py:4180} INFO - Setting next_dagrun for 1102_trigger_consumer to None, run_after=None
[2026-09-10T21:55:05.038+0000] {processor.py:208} INFO - Processing /opt/airflow/dags/1102_trigger_consumer.py took 0.125 seconds
[2026-09-10T21:55:35.187+0000] {processor.py:186} INFO - Started process (PID=13579) to work on /opt/airflow/dags/1102_trigger_consumer.py
[2026-09-10T21:55:35.188+0000] {processor.py:914} INFO - Processing file /opt/airflow/dags/1102_trigger_consumer.py for tasks to queue
[2026-09-10T21:55:35.191+0000] {logging_mixin.py:190} INFO - [2026-09-10T21:55:35.190+0000] {dagbag.py:588} INFO - Filling up the DagBag from /opt/airflow/dags/1102_trigger_consumer.py
[2026-09-10T21:55:35.200+0000] {processor.py:925} INFO - DAG(s) '1102_trigger_consumer' retrieved from /opt/airflow/dags/1102_trigger_consumer.py
[2026-09-10T21:55:35.227+0000] {logging_mixin.py:190} INFO - [2026-09-10T21:55:35.227+0000] {dag.py:3239} INFO - Sync 1 DAGs
[2026-09-10T21:55:35.251+0000] {logging_mixin.py:190} INFO - [2026-09-10T21:55:35.251+0000] {dag.py:4180} INFO - Setting next_dagrun for 1102_trigger_consumer to None, run_after=None
[2026-09-10T21:55:35.273+0000] {processor.py:208} INFO - Processing /opt/airflow/dags/1102_trigger_consumer.py took 0.095 seconds
[2026-09-10T21:56:05.406+0000] {processor.py:186} INFO - Started process (PID=13649) to work on /opt/airflow/dags/1102_trigger_consumer.py
[2026-09-10T21:56:05.407+0000] {processor.py:914} INFO - Processing file /opt/airflow/dags/1102_trigger_consumer.py for tasks to queue
[2026-09-10T21:56:05.410+0000] {logging_mixin.py:190} INFO - [2026-09-10T21:56:05.410+0000] {dagbag.py:588} INFO - Filling up the DagBag from /opt/airflow/dags/1102_trigger_consumer.py
[2026-09-10T21:56:05.419+0000] {processor.py:925} INFO - DAG(s) '1102_trigger_consumer' retrieved from /opt/airflow/dags/1102_trigger_consumer.py
[2026-09-10T21:56:05.449+0000] {logging_mixin.py:190} INFO - [2026-09-10T21:56:05.448+0000] {dag.py:3239} INFO - Sync 1 DAGs
[2026-09-10T21:56:05.484+0000] {logging_mixin.py:190} INFO - [2026-09-10T21:56:05.484+0000] {dag.py:4180} INFO - Setting next_dagrun for 1102_trigger_consumer to None, run_after=None
[2026-09-10T21:56:05.509+0000] {processor.py:208} INFO - Processing /opt/airflow/dags/1102_trigger_consumer.py took 0.112 seconds
[2026-09-10T21:56:35.667+0000] {processor.py:186} INFO - Started process (PID=13719) to work on /opt/airflow/dags/1102_trigger_consumer.py
[2026-09-10T21:56:35.669+0000] {processor.py:914} INFO - Processing file /opt/airflow/dags/1102_trigger_consumer.py for tasks to queue
[2026-09-10T21:56:35.672+0000] {logging_mixin.py:190} INFO - [2026-09-10T21:56:35.672+0000] {dagbag.py:588} INFO - Filling up the DagBag from /opt/airflow/dags/1102_trigger_consumer.py
[2026-09-10T21:56:35.682+0000] {processor.py:925} INFO - DAG(s) '1102_trigger_consumer' retrieved from /opt/airflow/dags/1102_trigger_consumer.py
[2026-09-10T21:56:35.711+0000] {logging_mixin.py:190} INFO - [2026-09-10T21:56:35.711+0000] {dag.py:3239} INFO - Sync 1 DAGs
[2026-09-10T21:56:35.737+0000] {logging_mixin.py:190} INFO - [2026-09-10T21:56:35.737+0000] {dag.py:4180} INFO - Setting next_dagrun for 1102_trigger_consumer to None, run_after=None
[2026-09-10T21:56:35.764+0000] {processor.py:208} INFO - Processing /opt/airflow/dags/1102_trigger_consumer.py took 0.105 seconds
[2026-09-10T21:57:05.814+0000] {processor.py:186} INFO - Started process (PID=13789) to work on /opt/airflow/dags/1102_trigger_consumer.py
[2026-09-10T21:57:05.815+0000] {processor.py:914} INFO - Processing file /opt/airflow/dags/1102_trigger_consumer.py for tasks to queue
[2026-09-10T21:57:05.817+0000] {logging_mixin.py:190} INFO - [2026-09-10T21:57:05.817+0000] {dagbag.py:588} INFO - Filling up the DagBag from /opt/airflow/dags/1102_trigger_consumer.py
[2026-09-10T21:57:05.826+0000] {processor.py:925} INFO - DAG(s) '1102_trigger_consumer' retrieved from /opt/airflow/dags/1102_trigger_consumer.py
[2026-09-10T21:57:05.853+0000] {logging_mixin.py:190} INFO - [2026-09-10T21:57:05.853+0000] {dag.py:3239} INFO - Sync 1 DAGs
[2026-09-10T21:57:05.881+0000] {logging_mixin.py:190} INFO - [2026-09-10T21:57:05.881+0000] {dag.py:4180} INFO - Setting next_dagrun for 1102_trigger_consumer to None, run_after=None
[2026-09-10T21:57:05.904+0000] {processor.py:208} INFO - Processing /opt/airflow/dags/1102_trigger_consumer.py took 0.099 seconds
[2026-09-10T21:57:36.025+0000] {processor.py:186} INFO - Started process (PID=13859) to work on /opt/airflow/dags/1102_trigger_consumer.py
[2026-09-10T21:57:36.027+0000] {processor.py:914} INFO - Processing file /opt/airflow/dags/1102_trigger_consumer.py for tasks to queue
[2026-09-10T21:57:36.029+0000] {logging_mixin.py:190} INFO - [2026-09-10T21:57:36.029+0000] {dagbag.py:588} INFO - Filling up the DagBag from /opt/airflow/dags/1102_trigger_consumer.py
[2026-09-10T21:57:36.038+0000] {processor.py:925} INFO - DAG(s) '1102_trigger_consumer' retrieved from /opt/airflow/dags/1102_trigger_consumer.py
[2026-09-10T21:57:36.070+0000] {logging_mixin.py:190} INFO - [2026-09-10T21:57:36.070+0000] {dag.py:3239} INFO - Sync 1 DAGs
[2026-09-10T21:57:36.096+0000] {logging_mixin.py:190} INFO - [2026-09-10T21:57:36.096+0000] {dag.py:4180} INFO - Setting next_dagrun for 1102_trigger_consumer to None, run_after=None
[2026-09-10T21:57:36.118+0000] {processor.py:208} INFO - Processing /opt/airflow/dags/1102_trigger_consumer.py took 0.100 seconds
[2026-09-10T21:58:06.228+0000] {processor.py:186} INFO - Started process (PID=13929) to work on /opt/airflow/dags/1102_trigger_consumer.py
[2026-09-10T21:58:06.229+0000] {processor.py:914} INFO - Processing file /opt/airflow/dags/1102_trigger_consumer.py for tasks to queue
[2026-09-10T21:58:06.232+0000] {logging_mixin.py:190} INFO - [2026-09-10T21:58:06.232+0000] {dagbag.py:588} INFO - Filling up the DagBag from /opt/airflow/dags/1102_trigger_consumer.py
[2026-09-10T21:58:06.241+0000] {processor.py:925} INFO - DAG(s) '1102_trigger_consumer' retrieved from /opt/airflow/dags/1102_trigger_consumer.py
[2026-09-10T21:58:06.269+0000] {logging_mixin.py:190} INFO - [2026-09-10T21:58:06.269+0000] {dag.py:3239} INFO - Sync 1 DAGs
[2026-09-10T21:58:06.294+0000] {logging_mixin.py:190} INFO - [2026-09-10T21:58:06.294+0000] {dag.py:4180} INFO - Setting next_dagrun for 1102_trigger_consumer to None, run_after=None
[2026-09-10T21:58:06.321+0000] {processor.py:208} INFO - Processing /opt/airflow/dags/1102_trigger_consumer.py took 0.102 seconds
[2026-09-10T21:58:36.467+0000] {processor.py:186} INFO - Started process (PID=13999) to work on /opt/airflow/dags/1102_trigger_consumer.py
[2026-09-10T21:58:36.469+0000] {processor.py:914} INFO - Processing file /opt/airflow/dags/1102_trigger_consumer.py for tasks to queue
[2026-09-10T21:58:36.473+0000] {logging_mixin.py:190} INFO - [2026-09-10T21:58:36.473+0000] {dagbag.py:588} INFO - Filling up the DagBag from /opt/airflow/dags/1102_trigger_consumer.py
[2026-09-10T21:58:36.489+0000] {processor.py:925} INFO - DAG(s) '1102_trigger_consumer' retrieved from /opt/airflow/dags/1102_trigger_consumer.py
[2026-09-10T21:58:36.527+0000] {logging_mixin.py:190} INFO - [2026-09-10T21:58:36.527+0000] {dag.py:3239} INFO - Sync 1 DAGs
[2026-09-10T21:58:36.557+0000] {logging_mixin.py:190} INFO - [2026-09-10T21:58:36.557+0000] {dag.py:4180} INFO - Setting next_dagrun for 1102_trigger_consumer to None, run_after=None
[2026-09-10T21:58:36.583+0000] {processor.py:208} INFO - Processing /opt/airflow/dags/1102_trigger_consumer.py took 0.126 seconds
[2026-09-10T21:59:06.651+0000] {processor.py:186} INFO - Started process (PID=14069) to work on /opt/airflow/dags/1102_trigger_consumer.py
[2026-09-10T21:59:06.652+0000] {processor.py:914} INFO - Processing file /opt/airflow/dags/1102_trigger_consumer.py for tasks to queue
[2026-09-10T21:59:06.654+0000] {logging_mixin.py:190} INFO - [2026-09-10T21:59:06.654+0000] {dagbag.py:588} INFO - Filling up the DagBag from /opt/airflow/dags/1102_trigger_consumer.py
[2026-09-10T21:59:06.663+0000] {processor.py:925} INFO - DAG(s) '1102_trigger_consumer' retrieved from /opt/airflow/dags/1102_trigger_consumer.py
[2026-09-10T21:59:06.692+0000] {logging_mixin.py:190} INFO - [2026-09-10T21:59:06.691+0000] {dag.py:3239} INFO - Sync 1 DAGs
[2026-09-10T21:59:06.718+0000] {logging_mixin.py:190} INFO - [2026-09-10T21:59:06.718+0000] {dag.py:4180} INFO - Setting next_dagrun for 1102_trigger_consumer to None, run_after=None
[2026-09-10T21:59:06.742+0000] {processor.py:208} INFO - Processing /opt/airflow/dags/1102_trigger_consumer.py took 0.098 seconds
[2026-09-10T21:59:37.623+0000] {processor.py:186} INFO - Started process (PID=14139) to work on /opt/airflow/dags/1102_trigger_consumer.py
[2026-09-10T21:59:37.624+0000] {processor.py:914} INFO - Processing file /opt/airflow/dags/1102_trigger_consumer.py for tasks to queue
[2026-09-10T21:59:37.627+0000] {logging_mixin.py:190} INFO - [2026-09-10T21:59:37.627+0000] {dagbag.py:588} INFO - Filling up the DagBag from /opt/airflow/dags/1102_trigger_consumer.py
[2026-09-10T21:59:37.637+0000] {processor.py:925} INFO - DAG(s) '1102_trigger_consumer' retrieved from /opt/airflow/dags/1102_trigger_consumer.py
[2026-09-10T21:59:37.669+0000] {logging_mixin.py:190} INFO - [2026-09-10T21:59:37.669+0000] {dag.py:3239} INFO - Sync 1 DAGs
[2026-09-10T21:59:37.694+0000] {logging_mixin.py:190} INFO - [2026-09-10T21:59:37.694+0000] {dag.py:4180} INFO - Setting next_dagrun for 1102_trigger_consumer to None, run_after=None
[2026-09-10T21:59:37.717+0000] {processor.py:208} INFO - Processing /opt/airflow/dags/1102_trigger_consumer.py took 0.102 seconds
[2026-09-10T22:00:08.676+0000] {processor.py:186} INFO - Started process (PID=14209) to work on /opt/airflow/dags/1102_trigger_consumer.py
[2026-09-10T22:00:08.676+0000] {processor.py:914} INFO - Processing file /opt/airflow/dags/1102_trigger_consumer.py for tasks to queue
[2026-09-10T22:00:08.679+0000] {logging_mixin.py:190} INFO - [2026-09-10T22:00:08.679+0000] {dagbag.py:588} INFO - Filling up the DagBag from /opt/airflow/dags/1102_trigger_consumer.py
[2026-09-10T22:00:08.691+0000] {processor.py:925} INFO - DAG(s) '1102_trigger_consumer' retrieved from /opt/airflow/dags/1102_trigger_consumer.py
[2026-09-10T22:00:08.720+0000] {logging_mixin.py:190} INFO - [2026-09-10T22:00:08.719+0000] {dag.py:3239} INFO - Sync 1 DAGs
[2026-09-10T22:00:08.744+0000] {logging_mixin.py:190} INFO - [2026-09-10T22:00:08.744+0000] {dag.py:4180} INFO - Setting next_dagrun for 1102_trigger_consumer to None, run_after=None
[2026-09-10T22:00:08.765+0000] {processor.py:208} INFO - Processing /opt/airflow/dags/1102_trigger_consumer.py took 0.096 seconds
[2026-09-10T22:00:38.934+0000] {processor.py:186} INFO - Started process (PID=14279) to work on /opt/airflow/dags/1102_trigger_consumer.py
[2026-09-10T22:00:38.936+0000] {processor.py:914} INFO - Processing file /opt/airflow/dags/1102_trigger_consumer.py for tasks to queue
[2026-09-10T22:00:38.939+0000] {logging_mixin.py:190} INFO - [2026-09-10T22:00:38.939+0000] {dagbag.py:588} INFO - Filling up the DagBag from /opt/airflow/dags/1102_trigger_consumer.py
[2026-09-10T22:00:38.951+0000] {processor.py:925} INFO - DAG(s) '1102_trigger_consumer' retrieved from /opt/airflow/dags/1102_trigger_consumer.py
[2026-09-10T22:00:38.985+0000] {logging_mixin.py:190} INFO - [2026-09-10T22:00:38.985+0000] {dag.py:3239} INFO - Sync 1 DAGs
[2026-09-10T22:00:39.021+0000] {logging_mixin.py:190} INFO - [2026-09-10T22:00:39.020+0000] {dag.py:4180} INFO - Setting next_dagrun for 1102_trigger_consumer to None, run_after=None
[2026-09-10T22:00:39.053+0000] {processor.py:208} INFO - Processing /opt/airflow/dags/1102_trigger_consumer.py took 0.135 seconds
