[2026-09-10T20:19:02.528+0000] {processor.py:186} INFO - Started process (PID=166) to work on /opt/airflow/dags/1201_payload_producer.py
[2026-09-10T20:19:02.532+0000] {processor.py:914} INFO - Processing file /opt/airflow/dags/1201_payload_producer.py for tasks to queue
[2026-09-10T20:19:02.538+0000] {logging_mixin.py:190} INFO - [2026-09-10T20:19:02.536+0000] {dagbag.py:588} INFO - Filling up the DagBag from /opt/airflow/dags/1201_payload_producer.py
[2026-09-10T20:19:02.562+0000] {processor.py:925} INFO - DAG(s) '1201_payload_producer' retrieved from /opt/airflow/dags/1201_payload_producer.py
[2026-09-10T20:19:02.951+0000] {logging_mixin.py:190} INFO - [2026-09-10T20:19:02.950+0000] {override.py:1911} INFO - Created Permission View: can read on DAG:1201_payload_producer
[2026-09-10T20:19:02.962+0000] {logging_mixin.py:190} INFO - [2026-09-10T20:19:02.961+0000] {override.py:1911} INFO - Created Permission View: can delete on DAG:1201_payload_producer
[2026-09-10T20:19:02.969+0000] {logging_mixin.py:190} INFO - [2026-09-10T20:19:02.969+0000] {override.py:1911} INFO - Created Permission View: can edit on DAG:1201_payload_producer
[2026-09-10T20:19:02.979+0000] {logging_mixin.py:190} INFO - [2026-09-10T20:19:02.979+0000] {override.py:1911} INFO - Created Permission View: can read on DAG Run:1201_payload_producer
[2026-09-10T20:19:02.990+0000] {logging_mixin.py:190} INFO - [2026-09-10T20:19:02.990+0000] {override.py:1911} INFO - Created Permission View: menu access on DAG Run:1201_payload_producer
[2026-09-10T20:19:02.997+0000] {logging_mixin.py:190} INFO - [2026-09-10T20:19:02.996+0000] {override.py:1911} INFO - Created Permission View: can delete on DAG Run:1201_payload_producer
[2026-09-10T20:19:03.021+0000] {logging_mixin.py:190} INFO - [2026-09-10T20:19:03.020+0000] {override.py:1911} INFO - Created Permission View: can create on DAG Run:1201_payload_producer
[2026-09-10T20:19:03.023+0000] {logging_mixin.py:190} INFO - [2026-09-10T20:19:03.023+0000] {dag.py:3239} INFO - Sync 1 DAGs
[2026-09-10T20:19:03.113+0000] {logging_mixin.py:190} INFO - [2026-09-10T20:19:03.113+0000] {dag.py:3262} INFO - Creating ORM DAG for 1201_payload_producer
[2026-09-10T20:19:03.117+0000] {logging_mixin.py:190} INFO - [2026-09-10T20:19:03.117+0000] {dag.py:4180} INFO - Setting next_dagrun for 1201_payload_producer to None, run_after=None
[2026-09-10T20:19:03.170+0000] {processor.py:208} INFO - Processing /opt/airflow/dags/1201_payload_producer.py took 0.663 seconds
[2026-09-10T20:19:33.344+0000] {processor.py:186} INFO - Started process (PID=238) to work on /opt/airflow/dags/1201_payload_producer.py
[2026-09-10T20:19:33.345+0000] {processor.py:914} INFO - Processing file /opt/airflow/dags/1201_payload_producer.py for tasks to queue
[2026-09-10T20:19:33.348+0000] {logging_mixin.py:190} INFO - [2026-09-10T20:19:33.347+0000] {dagbag.py:588} INFO - Filling up the DagBag from /opt/airflow/dags/1201_payload_producer.py
[2026-09-10T20:19:33.356+0000] {processor.py:925} INFO - DAG(s) '1201_payload_producer' retrieved from /opt/airflow/dags/1201_payload_producer.py
[2026-09-10T20:19:33.386+0000] {logging_mixin.py:190} INFO - [2026-09-10T20:19:33.386+0000] {dag.py:3239} INFO - Sync 1 DAGs
[2026-09-10T20:19:33.402+0000] {logging_mixin.py:190} INFO - [2026-09-10T20:19:33.401+0000] {dag.py:4180} INFO - Setting next_dagrun for 1201_payload_producer to None, run_after=None
[2026-09-10T20:19:33.420+0000] {processor.py:208} INFO - Processing /opt/airflow/dags/1201_payload_producer.py took 0.082 seconds
[2026-09-10T20:20:03.547+0000] {processor.py:186} INFO - Started process (PID=308) to work on /opt/airflow/dags/1201_payload_producer.py
[2026-09-10T20:20:03.549+0000] {processor.py:914} INFO - Processing file /opt/airflow/dags/1201_payload_producer.py for tasks to queue
[2026-09-10T20:20:03.551+0000] {logging_mixin.py:190} INFO - [2026-09-10T20:20:03.551+0000] {dagbag.py:588} INFO - Filling up the DagBag from /opt/airflow/dags/1201_payload_producer.py
[2026-09-10T20:20:03.561+0000] {processor.py:925} INFO - DAG(s) '1201_payload_producer' retrieved from /opt/airflow/dags/1201_payload_producer.py
[2026-09-10T20:20:03.589+0000] {logging_mixin.py:190} INFO - [2026-09-10T20:20:03.589+0000] {dag.py:3239} INFO - Sync 1 DAGs
[2026-09-10T20:20:03.603+0000] {logging_mixin.py:190} INFO - [2026-09-10T20:20:03.603+0000] {dag.py:4180} INFO - Setting next_dagrun for 1201_payload_producer to None, run_after=None
[2026-09-10T20:20:03.624+0000] {processor.py:208} INFO - Processing /opt/airflow/dags/1201_payload_producer.py took 0.084 seconds
[2026-09-10T20:20:33.773+0000] {processor.py:186} INFO - Started process (PID=376) to work on /opt/airflow/dags/1201_payload_producer.py
[2026-09-10T20:20:33.774+0000] {processor.py:914} INFO - Processing file /opt/airflow/dags/1201_payload_producer.py for tasks to queue
[2026-09-10T20:20:33.776+0000] {logging_mixin.py:190} INFO - [2026-09-10T20:20:33.775+0000] {dagbag.py:588} INFO - Filling up the DagBag from /opt/airflow/dags/1201_payload_producer.py
[2026-09-10T20:20:33.783+0000] {processor.py:925} INFO - DAG(s) '1201_payload_producer' retrieved from /opt/airflow/dags/1201_payload_producer.py
[2026-09-10T20:20:33.812+0000] {logging_mixin.py:190} INFO - [2026-09-10T20:20:33.811+0000] {dag.py:3239} INFO - Sync 1 DAGs
[2026-09-10T20:20:33.827+0000] {logging_mixin.py:190} INFO - [2026-09-10T20:20:33.827+0000] {dag.py:4180} INFO - Setting next_dagrun for 1201_payload_producer to None, run_after=None
[2026-09-10T20:20:33.847+0000] {processor.py:208} INFO - Processing /opt/airflow/dags/1201_payload_producer.py took 0.080 seconds
[2026-09-10T20:21:03.920+0000] {processor.py:186} INFO - Started process (PID=446) to work on /opt/airflow/dags/1201_payload_producer.py
[2026-09-10T20:21:03.922+0000] {processor.py:914} INFO - Processing file /opt/airflow/dags/1201_payload_producer.py for tasks to queue
[2026-09-10T20:21:03.925+0000] {logging_mixin.py:190} INFO - [2026-09-10T20:21:03.925+0000] {dagbag.py:588} INFO - Filling up the DagBag from /opt/airflow/dags/1201_payload_producer.py
[2026-09-10T20:21:03.939+0000] {processor.py:925} INFO - DAG(s) '1201_payload_producer' retrieved from /opt/airflow/dags/1201_payload_producer.py
[2026-09-10T20:21:03.980+0000] {logging_mixin.py:190} INFO - [2026-09-10T20:21:03.980+0000] {dag.py:3239} INFO - Sync 1 DAGs
[2026-09-10T20:21:04.009+0000] {logging_mixin.py:190} INFO - [2026-09-10T20:21:04.008+0000] {dag.py:4180} INFO - Setting next_dagrun for 1201_payload_producer to None, run_after=None
[2026-09-10T20:21:04.041+0000] {processor.py:208} INFO - Processing /opt/airflow/dags/1201_payload_producer.py took 0.130 seconds
[2026-09-10T20:21:34.315+0000] {processor.py:186} INFO - Started process (PID=516) to work on /opt/airflow/dags/1201_payload_producer.py
[2026-09-10T20:21:34.316+0000] {processor.py:914} INFO - Processing file /opt/airflow/dags/1201_payload_producer.py for tasks to queue
[2026-09-10T20:21:34.321+0000] {logging_mixin.py:190} INFO - [2026-09-10T20:21:34.320+0000] {dagbag.py:588} INFO - Filling up the DagBag from /opt/airflow/dags/1201_payload_producer.py
[2026-09-10T20:21:34.339+0000] {processor.py:925} INFO - DAG(s) '1201_payload_producer' retrieved from /opt/airflow/dags/1201_payload_producer.py
[2026-09-10T20:21:34.396+0000] {logging_mixin.py:190} INFO - [2026-09-10T20:21:34.396+0000] {dag.py:3239} INFO - Sync 1 DAGs
[2026-09-10T20:21:34.432+0000] {logging_mixin.py:190} INFO - [2026-09-10T20:21:34.431+0000] {dag.py:4180} INFO - Setting next_dagrun for 1201_payload_producer to None, run_after=None
[2026-09-10T20:21:34.467+0000] {processor.py:208} INFO - Processing /opt/airflow/dags/1201_payload_producer.py took 0.168 seconds
[2026-09-10T20:22:05.294+0000] {processor.py:186} INFO - Started process (PID=586) to work on /opt/airflow/dags/1201_payload_producer.py
[2026-09-10T20:22:05.295+0000] {processor.py:914} INFO - Processing file /opt/airflow/dags/1201_payload_producer.py for tasks to queue
[2026-09-10T20:22:05.297+0000] {logging_mixin.py:190} INFO - [2026-09-10T20:22:05.297+0000] {dagbag.py:588} INFO - Filling up the DagBag from /opt/airflow/dags/1201_payload_producer.py
[2026-09-10T20:22:05.307+0000] {processor.py:925} INFO - DAG(s) '1201_payload_producer' retrieved from /opt/airflow/dags/1201_payload_producer.py
[2026-09-10T20:22:05.339+0000] {logging_mixin.py:190} INFO - [2026-09-10T20:22:05.338+0000] {dag.py:3239} INFO - Sync 1 DAGs
[2026-09-10T20:22:05.541+0000] {logging_mixin.py:190} INFO - [2026-09-10T20:22:05.541+0000] {dag.py:4180} INFO - Setting next_dagrun for 1201_payload_producer to None, run_after=None
[2026-09-10T20:22:05.560+0000] {processor.py:208} INFO - Processing /opt/airflow/dags/1201_payload_producer.py took 0.275 seconds
[2026-09-10T20:22:36.036+0000] {processor.py:186} INFO - Started process (PID=656) to work on /opt/airflow/dags/1201_payload_producer.py
[2026-09-10T20:22:36.038+0000] {processor.py:914} INFO - Processing file /opt/airflow/dags/1201_payload_producer.py for tasks to queue
[2026-09-10T20:22:36.044+0000] {logging_mixin.py:190} INFO - [2026-09-10T20:22:36.043+0000] {dagbag.py:588} INFO - Filling up the DagBag from /opt/airflow/dags/1201_payload_producer.py
[2026-09-10T20:22:36.074+0000] {processor.py:925} INFO - DAG(s) '1201_payload_producer' retrieved from /opt/airflow/dags/1201_payload_producer.py
[2026-09-10T20:22:36.177+0000] {logging_mixin.py:190} INFO - [2026-09-10T20:22:36.176+0000] {dag.py:3239} INFO - Sync 1 DAGs
[2026-09-10T20:22:36.208+0000] {logging_mixin.py:190} INFO - [2026-09-10T20:22:36.208+0000] {dag.py:4180} INFO - Setting next_dagrun for 1201_payload_producer to None, run_after=None
[2026-09-10T20:22:36.259+0000] {processor.py:208} INFO - Processing /opt/airflow/dags/1201_payload_producer.py took 0.232 seconds
[2026-09-10T20:23:06.444+0000] {processor.py:186} INFO - Started process (PID=726) to work on /opt/airflow/dags/1201_payload_producer.py
[2026-09-10T20:23:06.445+0000] {processor.py:914} INFO - Processing file /opt/airflow/dags/1201_payload_producer.py for tasks to queue
[2026-09-10T20:23:06.448+0000] {logging_mixin.py:190} INFO - [2026-09-10T20:23:06.447+0000] {dagbag.py:588} INFO - Filling up the DagBag from /opt/airflow/dags/1201_payload_producer.py
[2026-09-10T20:23:06.464+0000] {processor.py:925} INFO - DAG(s) '1201_payload_producer' retrieved from /opt/airflow/dags/1201_payload_producer.py
[2026-09-10T20:23:06.496+0000] {logging_mixin.py:190} INFO - [2026-09-10T20:23:06.496+0000] {dag.py:3239} INFO - Sync 1 DAGs
[2026-09-10T20:23:06.515+0000] {logging_mixin.py:190} INFO - [2026-09-10T20:23:06.514+0000] {dag.py:4180} INFO - Setting next_dagrun for 1201_payload_producer to None, run_after=None
[2026-09-10T20:23:06.536+0000] {processor.py:208} INFO - Processing /opt/airflow/dags/1201_payload_producer.py took 0.104 seconds
[2026-09-10T20:23:36.889+0000] {processor.py:186} INFO - Started process (PID=808) to work on /opt/airflow/dags/1201_payload_producer.py
[2026-09-10T20:23:36.890+0000] {processor.py:914} INFO - Processing file /opt/airflow/dags/1201_payload_producer.py for tasks to queue
[2026-09-10T20:23:36.892+0000] {logging_mixin.py:190} INFO - [2026-09-10T20:23:36.892+0000] {dagbag.py:588} INFO - Filling up the DagBag from /opt/airflow/dags/1201_payload_producer.py
[2026-09-10T20:23:36.902+0000] {processor.py:925} INFO - DAG(s) '1201_payload_producer' retrieved from /opt/airflow/dags/1201_payload_producer.py
[2026-09-10T20:23:36.932+0000] {logging_mixin.py:190} INFO - [2026-09-10T20:23:36.932+0000] {dag.py:3239} INFO - Sync 1 DAGs
[2026-09-10T20:23:36.948+0000] {logging_mixin.py:190} INFO - [2026-09-10T20:23:36.948+0000] {dag.py:4180} INFO - Setting next_dagrun for 1201_payload_producer to None, run_after=None
[2026-09-10T20:23:36.966+0000] {processor.py:208} INFO - Processing /opt/airflow/dags/1201_payload_producer.py took 0.084 seconds
[2026-09-10T20:24:07.036+0000] {processor.py:186} INFO - Started process (PID=878) to work on /opt/airflow/dags/1201_payload_producer.py
[2026-09-10T20:24:07.037+0000] {processor.py:914} INFO - Processing file /opt/airflow/dags/1201_payload_producer.py for tasks to queue
[2026-09-10T20:24:07.040+0000] {logging_mixin.py:190} INFO - [2026-09-10T20:24:07.040+0000] {dagbag.py:588} INFO - Filling up the DagBag from /opt/airflow/dags/1201_payload_producer.py
[2026-09-10T20:24:07.050+0000] {processor.py:925} INFO - DAG(s) '1201_payload_producer' retrieved from /opt/airflow/dags/1201_payload_producer.py
[2026-09-10T20:24:07.079+0000] {logging_mixin.py:190} INFO - [2026-09-10T20:24:07.079+0000] {dag.py:3239} INFO - Sync 1 DAGs
[2026-09-10T20:24:07.095+0000] {logging_mixin.py:190} INFO - [2026-09-10T20:24:07.095+0000] {dag.py:4180} INFO - Setting next_dagrun for 1201_payload_producer to None, run_after=None
[2026-09-10T20:24:07.114+0000] {processor.py:208} INFO - Processing /opt/airflow/dags/1201_payload_producer.py took 0.089 seconds
[2026-09-10T20:24:38.059+0000] {processor.py:186} INFO - Started process (PID=948) to work on /opt/airflow/dags/1201_payload_producer.py
[2026-09-10T20:24:38.060+0000] {processor.py:914} INFO - Processing file /opt/airflow/dags/1201_payload_producer.py for tasks to queue
[2026-09-10T20:24:38.063+0000] {logging_mixin.py:190} INFO - [2026-09-10T20:24:38.063+0000] {dagbag.py:588} INFO - Filling up the DagBag from /opt/airflow/dags/1201_payload_producer.py
[2026-09-10T20:24:38.073+0000] {processor.py:925} INFO - DAG(s) '1201_payload_producer' retrieved from /opt/airflow/dags/1201_payload_producer.py
[2026-09-10T20:24:38.108+0000] {logging_mixin.py:190} INFO - [2026-09-10T20:24:38.108+0000] {dag.py:3239} INFO - Sync 1 DAGs
[2026-09-10T20:24:38.124+0000] {logging_mixin.py:190} INFO - [2026-09-10T20:24:38.124+0000] {dag.py:4180} INFO - Setting next_dagrun for 1201_payload_producer to None, run_after=None
[2026-09-10T20:24:38.145+0000] {processor.py:208} INFO - Processing /opt/airflow/dags/1201_payload_producer.py took 0.094 seconds
[2026-09-10T20:25:08.273+0000] {processor.py:186} INFO - Started process (PID=1018) to work on /opt/airflow/dags/1201_payload_producer.py
[2026-09-10T20:25:08.274+0000] {processor.py:914} INFO - Processing file /opt/airflow/dags/1201_payload_producer.py for tasks to queue
[2026-09-10T20:25:08.276+0000] {logging_mixin.py:190} INFO - [2026-09-10T20:25:08.276+0000] {dagbag.py:588} INFO - Filling up the DagBag from /opt/airflow/dags/1201_payload_producer.py
[2026-09-10T20:25:08.284+0000] {processor.py:925} INFO - DAG(s) '1201_payload_producer' retrieved from /opt/airflow/dags/1201_payload_producer.py
[2026-09-10T20:25:08.312+0000] {logging_mixin.py:190} INFO - [2026-09-10T20:25:08.312+0000] {dag.py:3239} INFO - Sync 1 DAGs
[2026-09-10T20:25:08.330+0000] {logging_mixin.py:190} INFO - [2026-09-10T20:25:08.330+0000] {dag.py:4180} INFO - Setting next_dagrun for 1201_payload_producer to None, run_after=None
[2026-09-10T20:25:08.349+0000] {processor.py:208} INFO - Processing /opt/airflow/dags/1201_payload_producer.py took 0.083 seconds
[2026-09-10T20:25:38.592+0000] {processor.py:186} INFO - Started process (PID=1088) to work on /opt/airflow/dags/1201_payload_producer.py
[2026-09-10T20:25:38.593+0000] {processor.py:914} INFO - Processing file /opt/airflow/dags/1201_payload_producer.py for tasks to queue
[2026-09-10T20:25:38.596+0000] {logging_mixin.py:190} INFO - [2026-09-10T20:25:38.596+0000] {dagbag.py:588} INFO - Filling up the DagBag from /opt/airflow/dags/1201_payload_producer.py
[2026-09-10T20:25:38.606+0000] {processor.py:925} INFO - DAG(s) '1201_payload_producer' retrieved from /opt/airflow/dags/1201_payload_producer.py
[2026-09-10T20:25:38.638+0000] {logging_mixin.py:190} INFO - [2026-09-10T20:25:38.638+0000] {dag.py:3239} INFO - Sync 1 DAGs
[2026-09-10T20:25:38.653+0000] {logging_mixin.py:190} INFO - [2026-09-10T20:25:38.653+0000] {dag.py:4180} INFO - Setting next_dagrun for 1201_payload_producer to None, run_after=None
[2026-09-10T20:25:38.672+0000] {processor.py:208} INFO - Processing /opt/airflow/dags/1201_payload_producer.py took 0.089 seconds
[2026-09-10T20:26:08.720+0000] {processor.py:186} INFO - Started process (PID=1158) to work on /opt/airflow/dags/1201_payload_producer.py
[2026-09-10T20:26:08.722+0000] {processor.py:914} INFO - Processing file /opt/airflow/dags/1201_payload_producer.py for tasks to queue
[2026-09-10T20:26:08.725+0000] {logging_mixin.py:190} INFO - [2026-09-10T20:26:08.724+0000] {dagbag.py:588} INFO - Filling up the DagBag from /opt/airflow/dags/1201_payload_producer.py
[2026-09-10T20:26:08.735+0000] {processor.py:925} INFO - DAG(s) '1201_payload_producer' retrieved from /opt/airflow/dags/1201_payload_producer.py
[2026-09-10T20:26:08.768+0000] {logging_mixin.py:190} INFO - [2026-09-10T20:26:08.767+0000] {dag.py:3239} INFO - Sync 1 DAGs
[2026-09-10T20:26:08.784+0000] {logging_mixin.py:190} INFO - [2026-09-10T20:26:08.784+0000] {dag.py:4180} INFO - Setting next_dagrun for 1201_payload_producer to None, run_after=None
[2026-09-10T20:26:08.806+0000] {processor.py:208} INFO - Processing /opt/airflow/dags/1201_payload_producer.py took 0.094 seconds
[2026-09-10T20:26:38.949+0000] {processor.py:186} INFO - Started process (PID=1228) to work on /opt/airflow/dags/1201_payload_producer.py
[2026-09-10T20:26:38.949+0000] {processor.py:914} INFO - Processing file /opt/airflow/dags/1201_payload_producer.py for tasks to queue
[2026-09-10T20:26:38.952+0000] {logging_mixin.py:190} INFO - [2026-09-10T20:26:38.951+0000] {dagbag.py:588} INFO - Filling up the DagBag from /opt/airflow/dags/1201_payload_producer.py
[2026-09-10T20:26:38.960+0000] {processor.py:925} INFO - DAG(s) '1201_payload_producer' retrieved from /opt/airflow/dags/1201_payload_producer.py
[2026-09-10T20:26:38.989+0000] {logging_mixin.py:190} INFO - [2026-09-10T20:26:38.989+0000] {dag.py:3239} INFO - Sync 1 DAGs
[2026-09-10T20:26:39.005+0000] {logging_mixin.py:190} INFO - [2026-09-10T20:26:39.005+0000] {dag.py:4180} INFO - Setting next_dagrun for 1201_payload_producer to None, run_after=None
[2026-09-10T20:26:39.027+0000] {processor.py:208} INFO - Processing /opt/airflow/dags/1201_payload_producer.py took 0.085 seconds
[2026-09-10T20:27:09.150+0000] {processor.py:186} INFO - Started process (PID=1298) to work on /opt/airflow/dags/1201_payload_producer.py
[2026-09-10T20:27:09.151+0000] {processor.py:914} INFO - Processing file /opt/airflow/dags/1201_payload_producer.py for tasks to queue
[2026-09-10T20:27:09.155+0000] {logging_mixin.py:190} INFO - [2026-09-10T20:27:09.154+0000] {dagbag.py:588} INFO - Filling up the DagBag from /opt/airflow/dags/1201_payload_producer.py
[2026-09-10T20:27:09.168+0000] {processor.py:925} INFO - DAG(s) '1201_payload_producer' retrieved from /opt/airflow/dags/1201_payload_producer.py
[2026-09-10T20:27:09.213+0000] {logging_mixin.py:190} INFO - [2026-09-10T20:27:09.212+0000] {dag.py:3239} INFO - Sync 1 DAGs
[2026-09-10T20:27:09.238+0000] {logging_mixin.py:190} INFO - [2026-09-10T20:27:09.238+0000] {dag.py:4180} INFO - Setting next_dagrun for 1201_payload_producer to None, run_after=None
[2026-09-10T20:27:09.267+0000] {processor.py:208} INFO - Processing /opt/airflow/dags/1201_payload_producer.py took 0.125 seconds
[2026-09-10T20:27:39.378+0000] {processor.py:186} INFO - Started process (PID=1368) to work on /opt/airflow/dags/1201_payload_producer.py
[2026-09-10T20:27:39.379+0000] {processor.py:914} INFO - Processing file /opt/airflow/dags/1201_payload_producer.py for tasks to queue
[2026-09-10T20:27:39.382+0000] {logging_mixin.py:190} INFO - [2026-09-10T20:27:39.381+0000] {dagbag.py:588} INFO - Filling up the DagBag from /opt/airflow/dags/1201_payload_producer.py
[2026-09-10T20:27:39.392+0000] {processor.py:925} INFO - DAG(s) '1201_payload_producer' retrieved from /opt/airflow/dags/1201_payload_producer.py
[2026-09-10T20:27:39.423+0000] {logging_mixin.py:190} INFO - [2026-09-10T20:27:39.422+0000] {dag.py:3239} INFO - Sync 1 DAGs
[2026-09-10T20:27:39.439+0000] {logging_mixin.py:190} INFO - [2026-09-10T20:27:39.438+0000] {dag.py:4180} INFO - Setting next_dagrun for 1201_payload_producer to None, run_after=None
[2026-09-10T20:27:39.459+0000] {processor.py:208} INFO - Processing /opt/airflow/dags/1201_payload_producer.py took 0.088 seconds
[2026-09-10T20:28:09.569+0000] {processor.py:186} INFO - Started process (PID=1438) to work on /opt/airflow/dags/1201_payload_producer.py
[2026-09-10T20:28:09.569+0000] {processor.py:914} INFO - Processing file /opt/airflow/dags/1201_payload_producer.py for tasks to queue
[2026-09-10T20:28:09.572+0000] {logging_mixin.py:190} INFO - [2026-09-10T20:28:09.572+0000] {dagbag.py:588} INFO - Filling up the DagBag from /opt/airflow/dags/1201_payload_producer.py
[2026-09-10T20:28:09.582+0000] {processor.py:925} INFO - DAG(s) '1201_payload_producer' retrieved from /opt/airflow/dags/1201_payload_producer.py
[2026-09-10T20:28:09.613+0000] {logging_mixin.py:190} INFO - [2026-09-10T20:28:09.613+0000] {dag.py:3239} INFO - Sync 1 DAGs
[2026-09-10T20:28:09.632+0000] {logging_mixin.py:190} INFO - [2026-09-10T20:28:09.632+0000] {dag.py:4180} INFO - Setting next_dagrun for 1201_payload_producer to None, run_after=None
[2026-09-10T20:28:09.651+0000] {processor.py:208} INFO - Processing /opt/airflow/dags/1201_payload_producer.py took 0.090 seconds
[2026-09-10T20:28:40.682+0000] {processor.py:186} INFO - Started process (PID=1508) to work on /opt/airflow/dags/1201_payload_producer.py
[2026-09-10T20:28:40.684+0000] {processor.py:914} INFO - Processing file /opt/airflow/dags/1201_payload_producer.py for tasks to queue
[2026-09-10T20:28:40.686+0000] {logging_mixin.py:190} INFO - [2026-09-10T20:28:40.686+0000] {dagbag.py:588} INFO - Filling up the DagBag from /opt/airflow/dags/1201_payload_producer.py
[2026-09-10T20:28:40.695+0000] {processor.py:925} INFO - DAG(s) '1201_payload_producer' retrieved from /opt/airflow/dags/1201_payload_producer.py
[2026-09-10T20:28:40.724+0000] {logging_mixin.py:190} INFO - [2026-09-10T20:28:40.723+0000] {dag.py:3239} INFO - Sync 1 DAGs
[2026-09-10T20:28:40.740+0000] {logging_mixin.py:190} INFO - [2026-09-10T20:28:40.740+0000] {dag.py:4180} INFO - Setting next_dagrun for 1201_payload_producer to None, run_after=None
[2026-09-10T20:28:40.760+0000] {processor.py:208} INFO - Processing /opt/airflow/dags/1201_payload_producer.py took 0.084 seconds
[2026-09-10T20:29:10.883+0000] {processor.py:186} INFO - Started process (PID=1578) to work on /opt/airflow/dags/1201_payload_producer.py
[2026-09-10T20:29:10.884+0000] {processor.py:914} INFO - Processing file /opt/airflow/dags/1201_payload_producer.py for tasks to queue
[2026-09-10T20:29:10.886+0000] {logging_mixin.py:190} INFO - [2026-09-10T20:29:10.886+0000] {dagbag.py:588} INFO - Filling up the DagBag from /opt/airflow/dags/1201_payload_producer.py
[2026-09-10T20:29:10.897+0000] {processor.py:925} INFO - DAG(s) '1201_payload_producer' retrieved from /opt/airflow/dags/1201_payload_producer.py
[2026-09-10T20:29:10.929+0000] {logging_mixin.py:190} INFO - [2026-09-10T20:29:10.929+0000] {dag.py:3239} INFO - Sync 1 DAGs
[2026-09-10T20:29:10.946+0000] {logging_mixin.py:190} INFO - [2026-09-10T20:29:10.946+0000] {dag.py:4180} INFO - Setting next_dagrun for 1201_payload_producer to None, run_after=None
[2026-09-10T20:29:10.965+0000] {processor.py:208} INFO - Processing /opt/airflow/dags/1201_payload_producer.py took 0.091 seconds
[2026-09-10T20:29:41.051+0000] {processor.py:186} INFO - Started process (PID=1648) to work on /opt/airflow/dags/1201_payload_producer.py
[2026-09-10T20:29:41.052+0000] {processor.py:914} INFO - Processing file /opt/airflow/dags/1201_payload_producer.py for tasks to queue
[2026-09-10T20:29:41.055+0000] {logging_mixin.py:190} INFO - [2026-09-10T20:29:41.055+0000] {dagbag.py:588} INFO - Filling up the DagBag from /opt/airflow/dags/1201_payload_producer.py
[2026-09-10T20:29:41.065+0000] {processor.py:925} INFO - DAG(s) '1201_payload_producer' retrieved from /opt/airflow/dags/1201_payload_producer.py
[2026-09-10T20:29:41.098+0000] {logging_mixin.py:190} INFO - [2026-09-10T20:29:41.098+0000] {dag.py:3239} INFO - Sync 1 DAGs
[2026-09-10T20:29:41.119+0000] {logging_mixin.py:190} INFO - [2026-09-10T20:29:41.119+0000] {dag.py:4180} INFO - Setting next_dagrun for 1201_payload_producer to None, run_after=None
[2026-09-10T20:29:41.139+0000] {processor.py:208} INFO - Processing /opt/airflow/dags/1201_payload_producer.py took 0.098 seconds
[2026-09-10T20:30:12.148+0000] {processor.py:186} INFO - Started process (PID=1718) to work on /opt/airflow/dags/1201_payload_producer.py
[2026-09-10T20:30:12.149+0000] {processor.py:914} INFO - Processing file /opt/airflow/dags/1201_payload_producer.py for tasks to queue
[2026-09-10T20:30:12.156+0000] {logging_mixin.py:190} INFO - [2026-09-10T20:30:12.155+0000] {dagbag.py:588} INFO - Filling up the DagBag from /opt/airflow/dags/1201_payload_producer.py
[2026-09-10T20:30:12.166+0000] {processor.py:925} INFO - DAG(s) '1201_payload_producer' retrieved from /opt/airflow/dags/1201_payload_producer.py
[2026-09-10T20:30:12.196+0000] {logging_mixin.py:190} INFO - [2026-09-10T20:30:12.196+0000] {dag.py:3239} INFO - Sync 1 DAGs
[2026-09-10T20:30:12.211+0000] {logging_mixin.py:190} INFO - [2026-09-10T20:30:12.211+0000] {dag.py:4180} INFO - Setting next_dagrun for 1201_payload_producer to None, run_after=None
[2026-09-10T20:30:12.233+0000] {processor.py:208} INFO - Processing /opt/airflow/dags/1201_payload_producer.py took 0.093 seconds
[2026-09-10T20:30:42.290+0000] {processor.py:186} INFO - Started process (PID=1788) to work on /opt/airflow/dags/1201_payload_producer.py
[2026-09-10T20:30:42.291+0000] {processor.py:914} INFO - Processing file /opt/airflow/dags/1201_payload_producer.py for tasks to queue
[2026-09-10T20:30:42.294+0000] {logging_mixin.py:190} INFO - [2026-09-10T20:30:42.294+0000] {dagbag.py:588} INFO - Filling up the DagBag from /opt/airflow/dags/1201_payload_producer.py
[2026-09-10T20:30:42.308+0000] {processor.py:925} INFO - DAG(s) '1201_payload_producer' retrieved from /opt/airflow/dags/1201_payload_producer.py
[2026-09-10T20:30:42.345+0000] {logging_mixin.py:190} INFO - [2026-09-10T20:30:42.345+0000] {dag.py:3239} INFO - Sync 1 DAGs
[2026-09-10T20:30:42.366+0000] {logging_mixin.py:190} INFO - [2026-09-10T20:30:42.366+0000] {dag.py:4180} INFO - Setting next_dagrun for 1201_payload_producer to None, run_after=None
[2026-09-10T20:30:42.389+0000] {processor.py:208} INFO - Processing /opt/airflow/dags/1201_payload_producer.py took 0.109 seconds
[2026-09-10T20:31:12.564+0000] {processor.py:186} INFO - Started process (PID=1858) to work on /opt/airflow/dags/1201_payload_producer.py
[2026-09-10T20:31:12.565+0000] {processor.py:914} INFO - Processing file /opt/airflow/dags/1201_payload_producer.py for tasks to queue
[2026-09-10T20:31:12.567+0000] {logging_mixin.py:190} INFO - [2026-09-10T20:31:12.567+0000] {dagbag.py:588} INFO - Filling up the DagBag from /opt/airflow/dags/1201_payload_producer.py
[2026-09-10T20:31:12.575+0000] {processor.py:925} INFO - DAG(s) '1201_payload_producer' retrieved from /opt/airflow/dags/1201_payload_producer.py
[2026-09-10T20:31:12.606+0000] {logging_mixin.py:190} INFO - [2026-09-10T20:31:12.606+0000] {dag.py:3239} INFO - Sync 1 DAGs
[2026-09-10T20:31:12.624+0000] {logging_mixin.py:190} INFO - [2026-09-10T20:31:12.624+0000] {dag.py:4180} INFO - Setting next_dagrun for 1201_payload_producer to None, run_after=None
[2026-09-10T20:31:12.648+0000] {processor.py:208} INFO - Processing /opt/airflow/dags/1201_payload_producer.py took 0.091 seconds
[2026-09-10T20:31:42.766+0000] {processor.py:186} INFO - Started process (PID=1928) to work on /opt/airflow/dags/1201_payload_producer.py
[2026-09-10T20:31:42.767+0000] {processor.py:914} INFO - Processing file /opt/airflow/dags/1201_payload_producer.py for tasks to queue
[2026-09-10T20:31:42.770+0000] {logging_mixin.py:190} INFO - [2026-09-10T20:31:42.770+0000] {dagbag.py:588} INFO - Filling up the DagBag from /opt/airflow/dags/1201_payload_producer.py
[2026-09-10T20:31:42.780+0000] {processor.py:925} INFO - DAG(s) '1201_payload_producer' retrieved from /opt/airflow/dags/1201_payload_producer.py
[2026-09-10T20:31:42.809+0000] {logging_mixin.py:190} INFO - [2026-09-10T20:31:42.809+0000] {dag.py:3239} INFO - Sync 1 DAGs
[2026-09-10T20:31:42.825+0000] {logging_mixin.py:190} INFO - [2026-09-10T20:31:42.825+0000] {dag.py:4180} INFO - Setting next_dagrun for 1201_payload_producer to None, run_after=None
[2026-09-10T20:31:42.846+0000] {processor.py:208} INFO - Processing /opt/airflow/dags/1201_payload_producer.py took 0.089 seconds
[2026-09-10T20:32:13.076+0000] {processor.py:186} INFO - Started process (PID=1998) to work on /opt/airflow/dags/1201_payload_producer.py
[2026-09-10T20:32:13.077+0000] {processor.py:914} INFO - Processing file /opt/airflow/dags/1201_payload_producer.py for tasks to queue
[2026-09-10T20:32:13.082+0000] {logging_mixin.py:190} INFO - [2026-09-10T20:32:13.081+0000] {dagbag.py:588} INFO - Filling up the DagBag from /opt/airflow/dags/1201_payload_producer.py
[2026-09-10T20:32:13.095+0000] {processor.py:925} INFO - DAG(s) '1201_payload_producer' retrieved from /opt/airflow/dags/1201_payload_producer.py
[2026-09-10T20:32:13.145+0000] {logging_mixin.py:190} INFO - [2026-09-10T20:32:13.145+0000] {dag.py:3239} INFO - Sync 1 DAGs
[2026-09-10T20:32:13.172+0000] {logging_mixin.py:190} INFO - [2026-09-10T20:32:13.172+0000] {dag.py:4180} INFO - Setting next_dagrun for 1201_payload_producer to None, run_after=None
[2026-09-10T20:32:13.203+0000] {processor.py:208} INFO - Processing /opt/airflow/dags/1201_payload_producer.py took 0.141 seconds
[2026-09-10T20:32:43.768+0000] {processor.py:186} INFO - Started process (PID=2068) to work on /opt/airflow/dags/1201_payload_producer.py
[2026-09-10T20:32:43.769+0000] {processor.py:914} INFO - Processing file /opt/airflow/dags/1201_payload_producer.py for tasks to queue
[2026-09-10T20:32:43.772+0000] {logging_mixin.py:190} INFO - [2026-09-10T20:32:43.772+0000] {dagbag.py:588} INFO - Filling up the DagBag from /opt/airflow/dags/1201_payload_producer.py
[2026-09-10T20:32:43.783+0000] {processor.py:925} INFO - DAG(s) '1201_payload_producer' retrieved from /opt/airflow/dags/1201_payload_producer.py
[2026-09-10T20:32:43.815+0000] {logging_mixin.py:190} INFO - [2026-09-10T20:32:43.814+0000] {dag.py:3239} INFO - Sync 1 DAGs
[2026-09-10T20:32:43.831+0000] {logging_mixin.py:190} INFO - [2026-09-10T20:32:43.831+0000] {dag.py:4180} INFO - Setting next_dagrun for 1201_payload_producer to None, run_after=None
[2026-09-10T20:32:43.852+0000] {processor.py:208} INFO - Processing /opt/airflow/dags/1201_payload_producer.py took 0.093 seconds
[2026-09-10T20:33:14.063+0000] {processor.py:186} INFO - Started process (PID=2138) to work on /opt/airflow/dags/1201_payload_producer.py
[2026-09-10T20:33:14.064+0000] {processor.py:914} INFO - Processing file /opt/airflow/dags/1201_payload_producer.py for tasks to queue
[2026-09-10T20:33:14.067+0000] {logging_mixin.py:190} INFO - [2026-09-10T20:33:14.067+0000] {dagbag.py:588} INFO - Filling up the DagBag from /opt/airflow/dags/1201_payload_producer.py
[2026-09-10T20:33:14.078+0000] {processor.py:925} INFO - DAG(s) '1201_payload_producer' retrieved from /opt/airflow/dags/1201_payload_producer.py
[2026-09-10T20:33:14.107+0000] {logging_mixin.py:190} INFO - [2026-09-10T20:33:14.107+0000] {dag.py:3239} INFO - Sync 1 DAGs
[2026-09-10T20:33:14.124+0000] {logging_mixin.py:190} INFO - [2026-09-10T20:33:14.123+0000] {dag.py:4180} INFO - Setting next_dagrun for 1201_payload_producer to None, run_after=None
[2026-09-10T20:33:14.147+0000] {processor.py:208} INFO - Processing /opt/airflow/dags/1201_payload_producer.py took 0.093 seconds
[2026-09-10T20:33:44.464+0000] {processor.py:186} INFO - Started process (PID=2208) to work on /opt/airflow/dags/1201_payload_producer.py
[2026-09-10T20:33:44.465+0000] {processor.py:914} INFO - Processing file /opt/airflow/dags/1201_payload_producer.py for tasks to queue
[2026-09-10T20:33:44.468+0000] {logging_mixin.py:190} INFO - [2026-09-10T20:33:44.467+0000] {dagbag.py:588} INFO - Filling up the DagBag from /opt/airflow/dags/1201_payload_producer.py
[2026-09-10T20:33:44.477+0000] {processor.py:925} INFO - DAG(s) '1201_payload_producer' retrieved from /opt/airflow/dags/1201_payload_producer.py
[2026-09-10T20:33:44.509+0000] {logging_mixin.py:190} INFO - [2026-09-10T20:33:44.508+0000] {dag.py:3239} INFO - Sync 1 DAGs
[2026-09-10T20:33:44.525+0000] {logging_mixin.py:190} INFO - [2026-09-10T20:33:44.525+0000] {dag.py:4180} INFO - Setting next_dagrun for 1201_payload_producer to None, run_after=None
[2026-09-10T20:33:44.551+0000] {processor.py:208} INFO - Processing /opt/airflow/dags/1201_payload_producer.py took 0.095 seconds
[2026-09-10T20:34:14.707+0000] {processor.py:186} INFO - Started process (PID=2278) to work on /opt/airflow/dags/1201_payload_producer.py
[2026-09-10T20:34:14.708+0000] {processor.py:914} INFO - Processing file /opt/airflow/dags/1201_payload_producer.py for tasks to queue
[2026-09-10T20:34:14.710+0000] {logging_mixin.py:190} INFO - [2026-09-10T20:34:14.710+0000] {dagbag.py:588} INFO - Filling up the DagBag from /opt/airflow/dags/1201_payload_producer.py
[2026-09-10T20:34:14.719+0000] {processor.py:925} INFO - DAG(s) '1201_payload_producer' retrieved from /opt/airflow/dags/1201_payload_producer.py
[2026-09-10T20:34:14.750+0000] {logging_mixin.py:190} INFO - [2026-09-10T20:34:14.750+0000] {dag.py:3239} INFO - Sync 1 DAGs
[2026-09-10T20:34:14.772+0000] {logging_mixin.py:190} INFO - [2026-09-10T20:34:14.772+0000] {dag.py:4180} INFO - Setting next_dagrun for 1201_payload_producer to None, run_after=None
[2026-09-10T20:34:14.792+0000] {processor.py:208} INFO - Processing /opt/airflow/dags/1201_payload_producer.py took 0.093 seconds
[2026-09-10T20:34:44.949+0000] {processor.py:186} INFO - Started process (PID=2348) to work on /opt/airflow/dags/1201_payload_producer.py
[2026-09-10T20:34:44.950+0000] {processor.py:914} INFO - Processing file /opt/airflow/dags/1201_payload_producer.py for tasks to queue
[2026-09-10T20:34:44.952+0000] {logging_mixin.py:190} INFO - [2026-09-10T20:34:44.952+0000] {dagbag.py:588} INFO - Filling up the DagBag from /opt/airflow/dags/1201_payload_producer.py
[2026-09-10T20:34:44.964+0000] {processor.py:925} INFO - DAG(s) '1201_payload_producer' retrieved from /opt/airflow/dags/1201_payload_producer.py
[2026-09-10T20:34:44.992+0000] {logging_mixin.py:190} INFO - [2026-09-10T20:34:44.991+0000] {dag.py:3239} INFO - Sync 1 DAGs
[2026-09-10T20:34:45.006+0000] {logging_mixin.py:190} INFO - [2026-09-10T20:34:45.006+0000] {dag.py:4180} INFO - Setting next_dagrun for 1201_payload_producer to None, run_after=None
[2026-09-10T20:34:45.030+0000] {processor.py:208} INFO - Processing /opt/airflow/dags/1201_payload_producer.py took 0.088 seconds
[2026-09-10T20:35:15.123+0000] {processor.py:186} INFO - Started process (PID=2418) to work on /opt/airflow/dags/1201_payload_producer.py
[2026-09-10T20:35:15.124+0000] {processor.py:914} INFO - Processing file /opt/airflow/dags/1201_payload_producer.py for tasks to queue
[2026-09-10T20:35:15.127+0000] {logging_mixin.py:190} INFO - [2026-09-10T20:35:15.127+0000] {dagbag.py:588} INFO - Filling up the DagBag from /opt/airflow/dags/1201_payload_producer.py
[2026-09-10T20:35:15.141+0000] {processor.py:925} INFO - DAG(s) '1201_payload_producer' retrieved from /opt/airflow/dags/1201_payload_producer.py
[2026-09-10T20:35:15.179+0000] {logging_mixin.py:190} INFO - [2026-09-10T20:35:15.179+0000] {dag.py:3239} INFO - Sync 1 DAGs
[2026-09-10T20:35:15.198+0000] {logging_mixin.py:190} INFO - [2026-09-10T20:35:15.197+0000] {dag.py:4180} INFO - Setting next_dagrun for 1201_payload_producer to None, run_after=None
[2026-09-10T20:35:15.219+0000] {processor.py:208} INFO - Processing /opt/airflow/dags/1201_payload_producer.py took 0.104 seconds
[2026-09-10T20:35:45.413+0000] {processor.py:186} INFO - Started process (PID=2488) to work on /opt/airflow/dags/1201_payload_producer.py
[2026-09-10T20:35:45.414+0000] {processor.py:914} INFO - Processing file /opt/airflow/dags/1201_payload_producer.py for tasks to queue
[2026-09-10T20:35:45.418+0000] {logging_mixin.py:190} INFO - [2026-09-10T20:35:45.417+0000] {dagbag.py:588} INFO - Filling up the DagBag from /opt/airflow/dags/1201_payload_producer.py
[2026-09-10T20:35:45.436+0000] {processor.py:925} INFO - DAG(s) '1201_payload_producer' retrieved from /opt/airflow/dags/1201_payload_producer.py
[2026-09-10T20:35:45.478+0000] {logging_mixin.py:190} INFO - [2026-09-10T20:35:45.477+0000] {dag.py:3239} INFO - Sync 1 DAGs
[2026-09-10T20:35:45.502+0000] {logging_mixin.py:190} INFO - [2026-09-10T20:35:45.501+0000] {dag.py:4180} INFO - Setting next_dagrun for 1201_payload_producer to None, run_after=None
[2026-09-10T20:35:45.525+0000] {processor.py:208} INFO - Processing /opt/airflow/dags/1201_payload_producer.py took 0.118 seconds
[2026-09-10T20:36:15.665+0000] {processor.py:186} INFO - Started process (PID=2558) to work on /opt/airflow/dags/1201_payload_producer.py
[2026-09-10T20:36:15.666+0000] {processor.py:914} INFO - Processing file /opt/airflow/dags/1201_payload_producer.py for tasks to queue
[2026-09-10T20:36:15.669+0000] {logging_mixin.py:190} INFO - [2026-09-10T20:36:15.668+0000] {dagbag.py:588} INFO - Filling up the DagBag from /opt/airflow/dags/1201_payload_producer.py
[2026-09-10T20:36:15.678+0000] {processor.py:925} INFO - DAG(s) '1201_payload_producer' retrieved from /opt/airflow/dags/1201_payload_producer.py
[2026-09-10T20:36:15.713+0000] {logging_mixin.py:190} INFO - [2026-09-10T20:36:15.713+0000] {dag.py:3239} INFO - Sync 1 DAGs
[2026-09-10T20:36:15.732+0000] {logging_mixin.py:190} INFO - [2026-09-10T20:36:15.731+0000] {dag.py:4180} INFO - Setting next_dagrun for 1201_payload_producer to None, run_after=None
[2026-09-10T20:36:15.750+0000] {processor.py:208} INFO - Processing /opt/airflow/dags/1201_payload_producer.py took 0.092 seconds
[2026-09-10T20:36:46.734+0000] {processor.py:186} INFO - Started process (PID=2628) to work on /opt/airflow/dags/1201_payload_producer.py
[2026-09-10T20:36:46.735+0000] {processor.py:914} INFO - Processing file /opt/airflow/dags/1201_payload_producer.py for tasks to queue
[2026-09-10T20:36:46.739+0000] {logging_mixin.py:190} INFO - [2026-09-10T20:36:46.738+0000] {dagbag.py:588} INFO - Filling up the DagBag from /opt/airflow/dags/1201_payload_producer.py
[2026-09-10T20:36:46.750+0000] {processor.py:925} INFO - DAG(s) '1201_payload_producer' retrieved from /opt/airflow/dags/1201_payload_producer.py
[2026-09-10T20:36:46.781+0000] {logging_mixin.py:190} INFO - [2026-09-10T20:36:46.781+0000] {dag.py:3239} INFO - Sync 1 DAGs
[2026-09-10T20:36:46.797+0000] {logging_mixin.py:190} INFO - [2026-09-10T20:36:46.796+0000] {dag.py:4180} INFO - Setting next_dagrun for 1201_payload_producer to None, run_after=None
[2026-09-10T20:36:46.815+0000] {processor.py:208} INFO - Processing /opt/airflow/dags/1201_payload_producer.py took 0.088 seconds
[2026-09-10T20:37:17.007+0000] {processor.py:186} INFO - Started process (PID=2698) to work on /opt/airflow/dags/1201_payload_producer.py
[2026-09-10T20:37:17.010+0000] {processor.py:914} INFO - Processing file /opt/airflow/dags/1201_payload_producer.py for tasks to queue
[2026-09-10T20:37:17.014+0000] {logging_mixin.py:190} INFO - [2026-09-10T20:37:17.014+0000] {dagbag.py:588} INFO - Filling up the DagBag from /opt/airflow/dags/1201_payload_producer.py
[2026-09-10T20:37:17.025+0000] {processor.py:925} INFO - DAG(s) '1201_payload_producer' retrieved from /opt/airflow/dags/1201_payload_producer.py
[2026-09-10T20:37:17.057+0000] {logging_mixin.py:190} INFO - [2026-09-10T20:37:17.056+0000] {dag.py:3239} INFO - Sync 1 DAGs
[2026-09-10T20:37:17.073+0000] {logging_mixin.py:190} INFO - [2026-09-10T20:37:17.072+0000] {dag.py:4180} INFO - Setting next_dagrun for 1201_payload_producer to None, run_after=None
[2026-09-10T20:37:17.091+0000] {processor.py:208} INFO - Processing /opt/airflow/dags/1201_payload_producer.py took 0.095 seconds
[2026-09-10T20:37:47.183+0000] {processor.py:186} INFO - Started process (PID=2768) to work on /opt/airflow/dags/1201_payload_producer.py
[2026-09-10T20:37:47.184+0000] {processor.py:914} INFO - Processing file /opt/airflow/dags/1201_payload_producer.py for tasks to queue
[2026-09-10T20:37:47.187+0000] {logging_mixin.py:190} INFO - [2026-09-10T20:37:47.187+0000] {dagbag.py:588} INFO - Filling up the DagBag from /opt/airflow/dags/1201_payload_producer.py
[2026-09-10T20:37:47.198+0000] {processor.py:925} INFO - DAG(s) '1201_payload_producer' retrieved from /opt/airflow/dags/1201_payload_producer.py
[2026-09-10T20:37:47.234+0000] {logging_mixin.py:190} INFO - [2026-09-10T20:37:47.233+0000] {dag.py:3239} INFO - Sync 1 DAGs
[2026-09-10T20:37:47.250+0000] {logging_mixin.py:190} INFO - [2026-09-10T20:37:47.249+0000] {dag.py:4180} INFO - Setting next_dagrun for 1201_payload_producer to None, run_after=None
[2026-09-10T20:37:47.267+0000] {processor.py:208} INFO - Processing /opt/airflow/dags/1201_payload_producer.py took 0.092 seconds
[2026-09-10T20:38:17.413+0000] {processor.py:186} INFO - Started process (PID=2840) to work on /opt/airflow/dags/1201_payload_producer.py
[2026-09-10T20:38:17.415+0000] {processor.py:914} INFO - Processing file /opt/airflow/dags/1201_payload_producer.py for tasks to queue
[2026-09-10T20:38:17.418+0000] {logging_mixin.py:190} INFO - [2026-09-10T20:38:17.418+0000] {dagbag.py:588} INFO - Filling up the DagBag from /opt/airflow/dags/1201_payload_producer.py
[2026-09-10T20:38:17.428+0000] {processor.py:925} INFO - DAG(s) '1201_payload_producer' retrieved from /opt/airflow/dags/1201_payload_producer.py
[2026-09-10T20:38:17.456+0000] {logging_mixin.py:190} INFO - [2026-09-10T20:38:17.455+0000] {dag.py:3239} INFO - Sync 1 DAGs
[2026-09-10T20:38:17.470+0000] {logging_mixin.py:190} INFO - [2026-09-10T20:38:17.470+0000] {dag.py:4180} INFO - Setting next_dagrun for 1201_payload_producer to None, run_after=None
[2026-09-10T20:38:17.490+0000] {processor.py:208} INFO - Processing /opt/airflow/dags/1201_payload_producer.py took 0.086 seconds
[2026-09-10T20:38:47.576+0000] {processor.py:186} INFO - Started process (PID=2910) to work on /opt/airflow/dags/1201_payload_producer.py
[2026-09-10T20:38:47.576+0000] {processor.py:914} INFO - Processing file /opt/airflow/dags/1201_payload_producer.py for tasks to queue
[2026-09-10T20:38:47.579+0000] {logging_mixin.py:190} INFO - [2026-09-10T20:38:47.579+0000] {dagbag.py:588} INFO - Filling up the DagBag from /opt/airflow/dags/1201_payload_producer.py
[2026-09-10T20:38:47.588+0000] {processor.py:925} INFO - DAG(s) '1201_payload_producer' retrieved from /opt/airflow/dags/1201_payload_producer.py
[2026-09-10T20:38:47.616+0000] {logging_mixin.py:190} INFO - [2026-09-10T20:38:47.615+0000] {dag.py:3239} INFO - Sync 1 DAGs
[2026-09-10T20:38:47.631+0000] {logging_mixin.py:190} INFO - [2026-09-10T20:38:47.630+0000] {dag.py:4180} INFO - Setting next_dagrun for 1201_payload_producer to None, run_after=None
[2026-09-10T20:38:47.647+0000] {processor.py:208} INFO - Processing /opt/airflow/dags/1201_payload_producer.py took 0.079 seconds
[2026-09-10T20:39:17.768+0000] {processor.py:186} INFO - Started process (PID=2978) to work on /opt/airflow/dags/1201_payload_producer.py
[2026-09-10T20:39:17.769+0000] {processor.py:914} INFO - Processing file /opt/airflow/dags/1201_payload_producer.py for tasks to queue
[2026-09-10T20:39:17.772+0000] {logging_mixin.py:190} INFO - [2026-09-10T20:39:17.771+0000] {dagbag.py:588} INFO - Filling up the DagBag from /opt/airflow/dags/1201_payload_producer.py
[2026-09-10T20:39:17.787+0000] {processor.py:925} INFO - DAG(s) '1201_payload_producer' retrieved from /opt/airflow/dags/1201_payload_producer.py
[2026-09-10T20:39:17.825+0000] {logging_mixin.py:190} INFO - [2026-09-10T20:39:17.824+0000] {dag.py:3239} INFO - Sync 1 DAGs
[2026-09-10T20:39:17.841+0000] {logging_mixin.py:190} INFO - [2026-09-10T20:39:17.840+0000] {dag.py:4180} INFO - Setting next_dagrun for 1201_payload_producer to None, run_after=None
[2026-09-10T20:39:17.859+0000] {processor.py:208} INFO - Processing /opt/airflow/dags/1201_payload_producer.py took 0.099 seconds
[2026-09-10T20:39:47.921+0000] {processor.py:186} INFO - Started process (PID=3048) to work on /opt/airflow/dags/1201_payload_producer.py
[2026-09-10T20:39:47.922+0000] {processor.py:914} INFO - Processing file /opt/airflow/dags/1201_payload_producer.py for tasks to queue
[2026-09-10T20:39:47.925+0000] {logging_mixin.py:190} INFO - [2026-09-10T20:39:47.925+0000] {dagbag.py:588} INFO - Filling up the DagBag from /opt/airflow/dags/1201_payload_producer.py
[2026-09-10T20:39:47.935+0000] {processor.py:925} INFO - DAG(s) '1201_payload_producer' retrieved from /opt/airflow/dags/1201_payload_producer.py
[2026-09-10T20:39:47.968+0000] {logging_mixin.py:190} INFO - [2026-09-10T20:39:47.967+0000] {dag.py:3239} INFO - Sync 1 DAGs
[2026-09-10T20:39:47.984+0000] {logging_mixin.py:190} INFO - [2026-09-10T20:39:47.984+0000] {dag.py:4180} INFO - Setting next_dagrun for 1201_payload_producer to None, run_after=None
[2026-09-10T20:39:48.005+0000] {processor.py:208} INFO - Processing /opt/airflow/dags/1201_payload_producer.py took 0.093 seconds
[2026-09-10T20:40:18.234+0000] {processor.py:186} INFO - Started process (PID=3118) to work on /opt/airflow/dags/1201_payload_producer.py
[2026-09-10T20:40:18.236+0000] {processor.py:914} INFO - Processing file /opt/airflow/dags/1201_payload_producer.py for tasks to queue
[2026-09-10T20:40:18.240+0000] {logging_mixin.py:190} INFO - [2026-09-10T20:40:18.240+0000] {dagbag.py:588} INFO - Filling up the DagBag from /opt/airflow/dags/1201_payload_producer.py
[2026-09-10T20:40:18.251+0000] {processor.py:925} INFO - DAG(s) '1201_payload_producer' retrieved from /opt/airflow/dags/1201_payload_producer.py
[2026-09-10T20:40:18.306+0000] {logging_mixin.py:190} INFO - [2026-09-10T20:40:18.305+0000] {dag.py:3239} INFO - Sync 1 DAGs
[2026-09-10T20:40:18.346+0000] {logging_mixin.py:190} INFO - [2026-09-10T20:40:18.346+0000] {dag.py:4180} INFO - Setting next_dagrun for 1201_payload_producer to None, run_after=None
[2026-09-10T20:40:18.377+0000] {processor.py:208} INFO - Processing /opt/airflow/dags/1201_payload_producer.py took 0.153 seconds
[2026-09-10T20:40:48.473+0000] {processor.py:186} INFO - Started process (PID=3188) to work on /opt/airflow/dags/1201_payload_producer.py
[2026-09-10T20:40:48.474+0000] {processor.py:914} INFO - Processing file /opt/airflow/dags/1201_payload_producer.py for tasks to queue
[2026-09-10T20:40:48.477+0000] {logging_mixin.py:190} INFO - [2026-09-10T20:40:48.476+0000] {dagbag.py:588} INFO - Filling up the DagBag from /opt/airflow/dags/1201_payload_producer.py
[2026-09-10T20:40:48.487+0000] {processor.py:925} INFO - DAG(s) '1201_payload_producer' retrieved from /opt/airflow/dags/1201_payload_producer.py
[2026-09-10T20:40:48.519+0000] {logging_mixin.py:190} INFO - [2026-09-10T20:40:48.519+0000] {dag.py:3239} INFO - Sync 1 DAGs
[2026-09-10T20:40:48.536+0000] {logging_mixin.py:190} INFO - [2026-09-10T20:40:48.536+0000] {dag.py:4180} INFO - Setting next_dagrun for 1201_payload_producer to None, run_after=None
[2026-09-10T20:40:48.556+0000] {processor.py:208} INFO - Processing /opt/airflow/dags/1201_payload_producer.py took 0.091 seconds
[2026-09-10T20:41:18.693+0000] {processor.py:186} INFO - Started process (PID=3258) to work on /opt/airflow/dags/1201_payload_producer.py
[2026-09-10T20:41:18.695+0000] {processor.py:914} INFO - Processing file /opt/airflow/dags/1201_payload_producer.py for tasks to queue
[2026-09-10T20:41:18.698+0000] {logging_mixin.py:190} INFO - [2026-09-10T20:41:18.697+0000] {dagbag.py:588} INFO - Filling up the DagBag from /opt/airflow/dags/1201_payload_producer.py
[2026-09-10T20:41:18.708+0000] {processor.py:925} INFO - DAG(s) '1201_payload_producer' retrieved from /opt/airflow/dags/1201_payload_producer.py
[2026-09-10T20:41:18.740+0000] {logging_mixin.py:190} INFO - [2026-09-10T20:41:18.740+0000] {dag.py:3239} INFO - Sync 1 DAGs
[2026-09-10T20:41:18.757+0000] {logging_mixin.py:190} INFO - [2026-09-10T20:41:18.757+0000] {dag.py:4180} INFO - Setting next_dagrun for 1201_payload_producer to None, run_after=None
[2026-09-10T20:41:18.777+0000] {processor.py:208} INFO - Processing /opt/airflow/dags/1201_payload_producer.py took 0.093 seconds
[2026-09-10T20:41:49.009+0000] {processor.py:186} INFO - Started process (PID=3328) to work on /opt/airflow/dags/1201_payload_producer.py
[2026-09-10T20:41:49.010+0000] {processor.py:914} INFO - Processing file /opt/airflow/dags/1201_payload_producer.py for tasks to queue
[2026-09-10T20:41:49.013+0000] {logging_mixin.py:190} INFO - [2026-09-10T20:41:49.012+0000] {dagbag.py:588} INFO - Filling up the DagBag from /opt/airflow/dags/1201_payload_producer.py
[2026-09-10T20:41:49.023+0000] {processor.py:925} INFO - DAG(s) '1201_payload_producer' retrieved from /opt/airflow/dags/1201_payload_producer.py
[2026-09-10T20:41:49.049+0000] {logging_mixin.py:190} INFO - [2026-09-10T20:41:49.049+0000] {dag.py:3239} INFO - Sync 1 DAGs
[2026-09-10T20:41:49.063+0000] {logging_mixin.py:190} INFO - [2026-09-10T20:41:49.063+0000] {dag.py:4180} INFO - Setting next_dagrun for 1201_payload_producer to None, run_after=None
[2026-09-10T20:41:49.081+0000] {processor.py:208} INFO - Processing /opt/airflow/dags/1201_payload_producer.py took 0.079 seconds
[2026-09-10T20:42:19.982+0000] {processor.py:186} INFO - Started process (PID=3398) to work on /opt/airflow/dags/1201_payload_producer.py
[2026-09-10T20:42:19.983+0000] {processor.py:914} INFO - Processing file /opt/airflow/dags/1201_payload_producer.py for tasks to queue
[2026-09-10T20:42:19.986+0000] {logging_mixin.py:190} INFO - [2026-09-10T20:42:19.986+0000] {dagbag.py:588} INFO - Filling up the DagBag from /opt/airflow/dags/1201_payload_producer.py
[2026-09-10T20:42:19.997+0000] {processor.py:925} INFO - DAG(s) '1201_payload_producer' retrieved from /opt/airflow/dags/1201_payload_producer.py
[2026-09-10T20:42:20.037+0000] {logging_mixin.py:190} INFO - [2026-09-10T20:42:20.037+0000] {dag.py:3239} INFO - Sync 1 DAGs
[2026-09-10T20:42:20.053+0000] {logging_mixin.py:190} INFO - [2026-09-10T20:42:20.053+0000] {dag.py:4180} INFO - Setting next_dagrun for 1201_payload_producer to None, run_after=None
[2026-09-10T20:42:20.074+0000] {processor.py:208} INFO - Processing /opt/airflow/dags/1201_payload_producer.py took 0.100 seconds
[2026-09-10T20:42:50.118+0000] {processor.py:186} INFO - Started process (PID=3468) to work on /opt/airflow/dags/1201_payload_producer.py
[2026-09-10T20:42:50.119+0000] {processor.py:914} INFO - Processing file /opt/airflow/dags/1201_payload_producer.py for tasks to queue
[2026-09-10T20:42:50.121+0000] {logging_mixin.py:190} INFO - [2026-09-10T20:42:50.121+0000] {dagbag.py:588} INFO - Filling up the DagBag from /opt/airflow/dags/1201_payload_producer.py
[2026-09-10T20:42:50.130+0000] {processor.py:925} INFO - DAG(s) '1201_payload_producer' retrieved from /opt/airflow/dags/1201_payload_producer.py
[2026-09-10T20:42:50.159+0000] {logging_mixin.py:190} INFO - [2026-09-10T20:42:50.159+0000] {dag.py:3239} INFO - Sync 1 DAGs
[2026-09-10T20:42:50.176+0000] {logging_mixin.py:190} INFO - [2026-09-10T20:42:50.176+0000] {dag.py:4180} INFO - Setting next_dagrun for 1201_payload_producer to None, run_after=None
[2026-09-10T20:42:50.197+0000] {processor.py:208} INFO - Processing /opt/airflow/dags/1201_payload_producer.py took 0.085 seconds
[2026-09-10T20:43:20.359+0000] {processor.py:186} INFO - Started process (PID=3538) to work on /opt/airflow/dags/1201_payload_producer.py
[2026-09-10T20:43:20.361+0000] {processor.py:914} INFO - Processing file /opt/airflow/dags/1201_payload_producer.py for tasks to queue
[2026-09-10T20:43:20.364+0000] {logging_mixin.py:190} INFO - [2026-09-10T20:43:20.363+0000] {dagbag.py:588} INFO - Filling up the DagBag from /opt/airflow/dags/1201_payload_producer.py
[2026-09-10T20:43:20.379+0000] {processor.py:925} INFO - DAG(s) '1201_payload_producer' retrieved from /opt/airflow/dags/1201_payload_producer.py
[2026-09-10T20:43:20.413+0000] {logging_mixin.py:190} INFO - [2026-09-10T20:43:20.413+0000] {dag.py:3239} INFO - Sync 1 DAGs
[2026-09-10T20:43:20.437+0000] {logging_mixin.py:190} INFO - [2026-09-10T20:43:20.436+0000] {dag.py:4180} INFO - Setting next_dagrun for 1201_payload_producer to None, run_after=None
[2026-09-10T20:43:20.458+0000] {processor.py:208} INFO - Processing /opt/airflow/dags/1201_payload_producer.py took 0.105 seconds
[2026-09-10T20:43:50.656+0000] {processor.py:186} INFO - Started process (PID=3608) to work on /opt/airflow/dags/1201_payload_producer.py
[2026-09-10T20:43:50.657+0000] {processor.py:914} INFO - Processing file /opt/airflow/dags/1201_payload_producer.py for tasks to queue
[2026-09-10T20:43:50.660+0000] {logging_mixin.py:190} INFO - [2026-09-10T20:43:50.659+0000] {dagbag.py:588} INFO - Filling up the DagBag from /opt/airflow/dags/1201_payload_producer.py
[2026-09-10T20:43:50.672+0000] {processor.py:925} INFO - DAG(s) '1201_payload_producer' retrieved from /opt/airflow/dags/1201_payload_producer.py
[2026-09-10T20:43:50.703+0000] {logging_mixin.py:190} INFO - [2026-09-10T20:43:50.702+0000] {dag.py:3239} INFO - Sync 1 DAGs
[2026-09-10T20:43:50.720+0000] {logging_mixin.py:190} INFO - [2026-09-10T20:43:50.719+0000] {dag.py:4180} INFO - Setting next_dagrun for 1201_payload_producer to None, run_after=None
[2026-09-10T20:43:50.743+0000] {processor.py:208} INFO - Processing /opt/airflow/dags/1201_payload_producer.py took 0.095 seconds
[2026-09-10T20:44:20.813+0000] {processor.py:186} INFO - Started process (PID=3678) to work on /opt/airflow/dags/1201_payload_producer.py
[2026-09-10T20:44:20.815+0000] {processor.py:914} INFO - Processing file /opt/airflow/dags/1201_payload_producer.py for tasks to queue
[2026-09-10T20:44:20.818+0000] {logging_mixin.py:190} INFO - [2026-09-10T20:44:20.818+0000] {dagbag.py:588} INFO - Filling up the DagBag from /opt/airflow/dags/1201_payload_producer.py
[2026-09-10T20:44:20.829+0000] {processor.py:925} INFO - DAG(s) '1201_payload_producer' retrieved from /opt/airflow/dags/1201_payload_producer.py
[2026-09-10T20:44:20.867+0000] {logging_mixin.py:190} INFO - [2026-09-10T20:44:20.867+0000] {dag.py:3239} INFO - Sync 1 DAGs
[2026-09-10T20:44:20.884+0000] {logging_mixin.py:190} INFO - [2026-09-10T20:44:20.884+0000] {dag.py:4180} INFO - Setting next_dagrun for 1201_payload_producer to None, run_after=None
[2026-09-10T20:44:20.904+0000] {processor.py:208} INFO - Processing /opt/airflow/dags/1201_payload_producer.py took 0.100 seconds
[2026-09-10T20:44:50.957+0000] {processor.py:186} INFO - Started process (PID=3748) to work on /opt/airflow/dags/1201_payload_producer.py
[2026-09-10T20:44:50.958+0000] {processor.py:914} INFO - Processing file /opt/airflow/dags/1201_payload_producer.py for tasks to queue
[2026-09-10T20:44:50.961+0000] {logging_mixin.py:190} INFO - [2026-09-10T20:44:50.960+0000] {dagbag.py:588} INFO - Filling up the DagBag from /opt/airflow/dags/1201_payload_producer.py
[2026-09-10T20:44:50.972+0000] {processor.py:925} INFO - DAG(s) '1201_payload_producer' retrieved from /opt/airflow/dags/1201_payload_producer.py
[2026-09-10T20:44:51.006+0000] {logging_mixin.py:190} INFO - [2026-09-10T20:44:51.006+0000] {dag.py:3239} INFO - Sync 1 DAGs
[2026-09-10T20:44:51.028+0000] {logging_mixin.py:190} INFO - [2026-09-10T20:44:51.027+0000] {dag.py:4180} INFO - Setting next_dagrun for 1201_payload_producer to None, run_after=None
[2026-09-10T20:44:51.048+0000] {processor.py:208} INFO - Processing /opt/airflow/dags/1201_payload_producer.py took 0.099 seconds
[2026-09-10T20:45:21.137+0000] {processor.py:186} INFO - Started process (PID=3818) to work on /opt/airflow/dags/1201_payload_producer.py
[2026-09-10T20:45:21.140+0000] {processor.py:914} INFO - Processing file /opt/airflow/dags/1201_payload_producer.py for tasks to queue
[2026-09-10T20:45:21.147+0000] {logging_mixin.py:190} INFO - [2026-09-10T20:45:21.143+0000] {dagbag.py:588} INFO - Filling up the DagBag from /opt/airflow/dags/1201_payload_producer.py
[2026-09-10T20:45:21.166+0000] {processor.py:925} INFO - DAG(s) '1201_payload_producer' retrieved from /opt/airflow/dags/1201_payload_producer.py
[2026-09-10T20:45:21.217+0000] {logging_mixin.py:190} INFO - [2026-09-10T20:45:21.216+0000] {dag.py:3239} INFO - Sync 1 DAGs
[2026-09-10T20:45:21.243+0000] {logging_mixin.py:190} INFO - [2026-09-10T20:45:21.242+0000] {dag.py:4180} INFO - Setting next_dagrun for 1201_payload_producer to None, run_after=None
[2026-09-10T20:45:21.269+0000] {processor.py:208} INFO - Processing /opt/airflow/dags/1201_payload_producer.py took 0.155 seconds
[2026-09-10T20:45:51.380+0000] {processor.py:186} INFO - Started process (PID=3912) to work on /opt/airflow/dags/1201_payload_producer.py
[2026-09-10T20:45:51.381+0000] {processor.py:914} INFO - Processing file /opt/airflow/dags/1201_payload_producer.py for tasks to queue
[2026-09-10T20:45:51.386+0000] {logging_mixin.py:190} INFO - [2026-09-10T20:45:51.385+0000] {dagbag.py:588} INFO - Filling up the DagBag from /opt/airflow/dags/1201_payload_producer.py
[2026-09-10T20:45:51.396+0000] {processor.py:925} INFO - DAG(s) '1201_payload_producer' retrieved from /opt/airflow/dags/1201_payload_producer.py
[2026-09-10T20:45:51.425+0000] {logging_mixin.py:190} INFO - [2026-09-10T20:45:51.425+0000] {dag.py:3239} INFO - Sync 1 DAGs
[2026-09-10T20:45:51.440+0000] {logging_mixin.py:190} INFO - [2026-09-10T20:45:51.440+0000] {dag.py:4180} INFO - Setting next_dagrun for 1201_payload_producer to None, run_after=None
[2026-09-10T20:45:51.458+0000] {processor.py:208} INFO - Processing /opt/airflow/dags/1201_payload_producer.py took 0.087 seconds
[2026-09-10T20:46:21.555+0000] {processor.py:186} INFO - Started process (PID=3982) to work on /opt/airflow/dags/1201_payload_producer.py
[2026-09-10T20:46:21.557+0000] {processor.py:914} INFO - Processing file /opt/airflow/dags/1201_payload_producer.py for tasks to queue
[2026-09-10T20:46:21.560+0000] {logging_mixin.py:190} INFO - [2026-09-10T20:46:21.560+0000] {dagbag.py:588} INFO - Filling up the DagBag from /opt/airflow/dags/1201_payload_producer.py
[2026-09-10T20:46:21.572+0000] {processor.py:925} INFO - DAG(s) '1201_payload_producer' retrieved from /opt/airflow/dags/1201_payload_producer.py
[2026-09-10T20:46:21.603+0000] {logging_mixin.py:190} INFO - [2026-09-10T20:46:21.603+0000] {dag.py:3239} INFO - Sync 1 DAGs
[2026-09-10T20:46:21.620+0000] {logging_mixin.py:190} INFO - [2026-09-10T20:46:21.619+0000] {dag.py:4180} INFO - Setting next_dagrun for 1201_payload_producer to None, run_after=None
[2026-09-10T20:46:21.639+0000] {processor.py:208} INFO - Processing /opt/airflow/dags/1201_payload_producer.py took 0.094 seconds
[2026-09-10T20:46:51.749+0000] {processor.py:186} INFO - Started process (PID=4052) to work on /opt/airflow/dags/1201_payload_producer.py
[2026-09-10T20:46:51.750+0000] {processor.py:914} INFO - Processing file /opt/airflow/dags/1201_payload_producer.py for tasks to queue
[2026-09-10T20:46:51.752+0000] {logging_mixin.py:190} INFO - [2026-09-10T20:46:51.752+0000] {dagbag.py:588} INFO - Filling up the DagBag from /opt/airflow/dags/1201_payload_producer.py
[2026-09-10T20:46:51.762+0000] {processor.py:925} INFO - DAG(s) '1201_payload_producer' retrieved from /opt/airflow/dags/1201_payload_producer.py
[2026-09-10T20:46:51.793+0000] {logging_mixin.py:190} INFO - [2026-09-10T20:46:51.793+0000] {dag.py:3239} INFO - Sync 1 DAGs
[2026-09-10T20:46:51.810+0000] {logging_mixin.py:190} INFO - [2026-09-10T20:46:51.809+0000] {dag.py:4180} INFO - Setting next_dagrun for 1201_payload_producer to None, run_after=None
[2026-09-10T20:46:51.831+0000] {processor.py:208} INFO - Processing /opt/airflow/dags/1201_payload_producer.py took 0.090 seconds
[2026-09-10T20:47:21.883+0000] {processor.py:186} INFO - Started process (PID=4122) to work on /opt/airflow/dags/1201_payload_producer.py
[2026-09-10T20:47:21.884+0000] {processor.py:914} INFO - Processing file /opt/airflow/dags/1201_payload_producer.py for tasks to queue
[2026-09-10T20:47:21.887+0000] {logging_mixin.py:190} INFO - [2026-09-10T20:47:21.887+0000] {dagbag.py:588} INFO - Filling up the DagBag from /opt/airflow/dags/1201_payload_producer.py
[2026-09-10T20:47:21.898+0000] {processor.py:925} INFO - DAG(s) '1201_payload_producer' retrieved from /opt/airflow/dags/1201_payload_producer.py
[2026-09-10T20:47:21.931+0000] {logging_mixin.py:190} INFO - [2026-09-10T20:47:21.931+0000] {dag.py:3239} INFO - Sync 1 DAGs
[2026-09-10T20:47:21.947+0000] {logging_mixin.py:190} INFO - [2026-09-10T20:47:21.947+0000] {dag.py:4180} INFO - Setting next_dagrun for 1201_payload_producer to None, run_after=None
[2026-09-10T20:47:21.966+0000] {processor.py:208} INFO - Processing /opt/airflow/dags/1201_payload_producer.py took 0.091 seconds
[2026-09-10T20:47:52.131+0000] {processor.py:186} INFO - Started process (PID=4192) to work on /opt/airflow/dags/1201_payload_producer.py
[2026-09-10T20:47:52.131+0000] {processor.py:914} INFO - Processing file /opt/airflow/dags/1201_payload_producer.py for tasks to queue
[2026-09-10T20:47:52.133+0000] {logging_mixin.py:190} INFO - [2026-09-10T20:47:52.133+0000] {dagbag.py:588} INFO - Filling up the DagBag from /opt/airflow/dags/1201_payload_producer.py
[2026-09-10T20:47:52.141+0000] {processor.py:925} INFO - DAG(s) '1201_payload_producer' retrieved from /opt/airflow/dags/1201_payload_producer.py
[2026-09-10T20:47:52.168+0000] {logging_mixin.py:190} INFO - [2026-09-10T20:47:52.168+0000] {dag.py:3239} INFO - Sync 1 DAGs
[2026-09-10T20:47:52.184+0000] {logging_mixin.py:190} INFO - [2026-09-10T20:47:52.183+0000] {dag.py:4180} INFO - Setting next_dagrun for 1201_payload_producer to None, run_after=None
[2026-09-10T20:47:52.204+0000] {processor.py:208} INFO - Processing /opt/airflow/dags/1201_payload_producer.py took 0.080 seconds
[2026-09-10T20:48:22.321+0000] {processor.py:186} INFO - Started process (PID=4262) to work on /opt/airflow/dags/1201_payload_producer.py
[2026-09-10T20:48:22.322+0000] {processor.py:914} INFO - Processing file /opt/airflow/dags/1201_payload_producer.py for tasks to queue
[2026-09-10T20:48:22.325+0000] {logging_mixin.py:190} INFO - [2026-09-10T20:48:22.325+0000] {dagbag.py:588} INFO - Filling up the DagBag from /opt/airflow/dags/1201_payload_producer.py
[2026-09-10T20:48:22.336+0000] {processor.py:925} INFO - DAG(s) '1201_payload_producer' retrieved from /opt/airflow/dags/1201_payload_producer.py
[2026-09-10T20:48:22.367+0000] {logging_mixin.py:190} INFO - [2026-09-10T20:48:22.367+0000] {dag.py:3239} INFO - Sync 1 DAGs
[2026-09-10T20:48:22.385+0000] {logging_mixin.py:190} INFO - [2026-09-10T20:48:22.385+0000] {dag.py:4180} INFO - Setting next_dagrun for 1201_payload_producer to None, run_after=None
[2026-09-10T20:48:22.406+0000] {processor.py:208} INFO - Processing /opt/airflow/dags/1201_payload_producer.py took 0.094 seconds
[2026-09-10T20:48:52.505+0000] {processor.py:186} INFO - Started process (PID=4332) to work on /opt/airflow/dags/1201_payload_producer.py
[2026-09-10T20:48:52.506+0000] {processor.py:914} INFO - Processing file /opt/airflow/dags/1201_payload_producer.py for tasks to queue
[2026-09-10T20:48:52.509+0000] {logging_mixin.py:190} INFO - [2026-09-10T20:48:52.508+0000] {dagbag.py:588} INFO - Filling up the DagBag from /opt/airflow/dags/1201_payload_producer.py
[2026-09-10T20:48:52.518+0000] {processor.py:925} INFO - DAG(s) '1201_payload_producer' retrieved from /opt/airflow/dags/1201_payload_producer.py
[2026-09-10T20:48:52.547+0000] {logging_mixin.py:190} INFO - [2026-09-10T20:48:52.547+0000] {dag.py:3239} INFO - Sync 1 DAGs
[2026-09-10T20:48:52.562+0000] {logging_mixin.py:190} INFO - [2026-09-10T20:48:52.562+0000] {dag.py:4180} INFO - Setting next_dagrun for 1201_payload_producer to None, run_after=None
[2026-09-10T20:48:52.581+0000] {processor.py:208} INFO - Processing /opt/airflow/dags/1201_payload_producer.py took 0.084 seconds
[2026-09-10T20:49:22.627+0000] {processor.py:186} INFO - Started process (PID=4402) to work on /opt/airflow/dags/1201_payload_producer.py
[2026-09-10T20:49:22.628+0000] {processor.py:914} INFO - Processing file /opt/airflow/dags/1201_payload_producer.py for tasks to queue
[2026-09-10T20:49:22.631+0000] {logging_mixin.py:190} INFO - [2026-09-10T20:49:22.630+0000] {dagbag.py:588} INFO - Filling up the DagBag from /opt/airflow/dags/1201_payload_producer.py
[2026-09-10T20:49:22.642+0000] {processor.py:925} INFO - DAG(s) '1201_payload_producer' retrieved from /opt/airflow/dags/1201_payload_producer.py
[2026-09-10T20:49:22.673+0000] {logging_mixin.py:190} INFO - [2026-09-10T20:49:22.672+0000] {dag.py:3239} INFO - Sync 1 DAGs
[2026-09-10T20:49:22.689+0000] {logging_mixin.py:190} INFO - [2026-09-10T20:49:22.688+0000] {dag.py:4180} INFO - Setting next_dagrun for 1201_payload_producer to None, run_after=None
[2026-09-10T20:49:22.709+0000] {processor.py:208} INFO - Processing /opt/airflow/dags/1201_payload_producer.py took 0.090 seconds
[2026-09-10T20:49:52.892+0000] {processor.py:186} INFO - Started process (PID=4472) to work on /opt/airflow/dags/1201_payload_producer.py
[2026-09-10T20:49:52.893+0000] {processor.py:914} INFO - Processing file /opt/airflow/dags/1201_payload_producer.py for tasks to queue
[2026-09-10T20:49:52.896+0000] {logging_mixin.py:190} INFO - [2026-09-10T20:49:52.896+0000] {dagbag.py:588} INFO - Filling up the DagBag from /opt/airflow/dags/1201_payload_producer.py
[2026-09-10T20:49:52.907+0000] {processor.py:925} INFO - DAG(s) '1201_payload_producer' retrieved from /opt/airflow/dags/1201_payload_producer.py
[2026-09-10T20:49:52.941+0000] {logging_mixin.py:190} INFO - [2026-09-10T20:49:52.941+0000] {dag.py:3239} INFO - Sync 1 DAGs
[2026-09-10T20:49:52.966+0000] {logging_mixin.py:190} INFO - [2026-09-10T20:49:52.966+0000] {dag.py:4180} INFO - Setting next_dagrun for 1201_payload_producer to None, run_after=None
[2026-09-10T20:49:52.986+0000] {processor.py:208} INFO - Processing /opt/airflow/dags/1201_payload_producer.py took 0.102 seconds
[2026-09-10T20:50:23.118+0000] {processor.py:186} INFO - Started process (PID=4542) to work on /opt/airflow/dags/1201_payload_producer.py
[2026-09-10T20:50:23.120+0000] {processor.py:914} INFO - Processing file /opt/airflow/dags/1201_payload_producer.py for tasks to queue
[2026-09-10T20:50:23.124+0000] {logging_mixin.py:190} INFO - [2026-09-10T20:50:23.123+0000] {dagbag.py:588} INFO - Filling up the DagBag from /opt/airflow/dags/1201_payload_producer.py
[2026-09-10T20:50:23.139+0000] {processor.py:925} INFO - DAG(s) '1201_payload_producer' retrieved from /opt/airflow/dags/1201_payload_producer.py
[2026-09-10T20:50:23.178+0000] {logging_mixin.py:190} INFO - [2026-09-10T20:50:23.178+0000] {dag.py:3239} INFO - Sync 1 DAGs
[2026-09-10T20:50:23.200+0000] {logging_mixin.py:190} INFO - [2026-09-10T20:50:23.200+0000] {dag.py:4180} INFO - Setting next_dagrun for 1201_payload_producer to None, run_after=None
[2026-09-10T20:50:23.219+0000] {processor.py:208} INFO - Processing /opt/airflow/dags/1201_payload_producer.py took 0.115 seconds
[2026-09-10T20:50:53.273+0000] {processor.py:186} INFO - Started process (PID=4612) to work on /opt/airflow/dags/1201_payload_producer.py
[2026-09-10T20:50:53.274+0000] {processor.py:914} INFO - Processing file /opt/airflow/dags/1201_payload_producer.py for tasks to queue
[2026-09-10T20:50:53.277+0000] {logging_mixin.py:190} INFO - [2026-09-10T20:50:53.276+0000] {dagbag.py:588} INFO - Filling up the DagBag from /opt/airflow/dags/1201_payload_producer.py
[2026-09-10T20:50:53.287+0000] {processor.py:925} INFO - DAG(s) '1201_payload_producer' retrieved from /opt/airflow/dags/1201_payload_producer.py
[2026-09-10T20:50:53.321+0000] {logging_mixin.py:190} INFO - [2026-09-10T20:50:53.321+0000] {dag.py:3239} INFO - Sync 1 DAGs
[2026-09-10T20:50:53.338+0000] {logging_mixin.py:190} INFO - [2026-09-10T20:50:53.338+0000] {dag.py:4180} INFO - Setting next_dagrun for 1201_payload_producer to None, run_after=None
[2026-09-10T20:50:53.358+0000] {processor.py:208} INFO - Processing /opt/airflow/dags/1201_payload_producer.py took 0.094 seconds
[2026-09-10T20:51:23.538+0000] {processor.py:186} INFO - Started process (PID=4682) to work on /opt/airflow/dags/1201_payload_producer.py
[2026-09-10T20:51:23.539+0000] {processor.py:914} INFO - Processing file /opt/airflow/dags/1201_payload_producer.py for tasks to queue
[2026-09-10T20:51:23.544+0000] {logging_mixin.py:190} INFO - [2026-09-10T20:51:23.543+0000] {dagbag.py:588} INFO - Filling up the DagBag from /opt/airflow/dags/1201_payload_producer.py
[2026-09-10T20:51:23.569+0000] {processor.py:925} INFO - DAG(s) '1201_payload_producer' retrieved from /opt/airflow/dags/1201_payload_producer.py
[2026-09-10T20:51:23.601+0000] {logging_mixin.py:190} INFO - [2026-09-10T20:51:23.601+0000] {dag.py:3239} INFO - Sync 1 DAGs
[2026-09-10T20:51:23.618+0000] {logging_mixin.py:190} INFO - [2026-09-10T20:51:23.618+0000] {dag.py:4180} INFO - Setting next_dagrun for 1201_payload_producer to None, run_after=None
[2026-09-10T20:51:23.637+0000] {processor.py:208} INFO - Processing /opt/airflow/dags/1201_payload_producer.py took 0.106 seconds
[2026-09-10T20:51:53.700+0000] {processor.py:186} INFO - Started process (PID=4752) to work on /opt/airflow/dags/1201_payload_producer.py
[2026-09-10T20:51:53.701+0000] {processor.py:914} INFO - Processing file /opt/airflow/dags/1201_payload_producer.py for tasks to queue
[2026-09-10T20:51:53.704+0000] {logging_mixin.py:190} INFO - [2026-09-10T20:51:53.704+0000] {dagbag.py:588} INFO - Filling up the DagBag from /opt/airflow/dags/1201_payload_producer.py
[2026-09-10T20:51:53.715+0000] {processor.py:925} INFO - DAG(s) '1201_payload_producer' retrieved from /opt/airflow/dags/1201_payload_producer.py
[2026-09-10T20:51:53.747+0000] {logging_mixin.py:190} INFO - [2026-09-10T20:51:53.747+0000] {dag.py:3239} INFO - Sync 1 DAGs
[2026-09-10T20:51:53.764+0000] {logging_mixin.py:190} INFO - [2026-09-10T20:51:53.763+0000] {dag.py:4180} INFO - Setting next_dagrun for 1201_payload_producer to None, run_after=None
[2026-09-10T20:51:53.783+0000] {processor.py:208} INFO - Processing /opt/airflow/dags/1201_payload_producer.py took 0.090 seconds
[2026-09-10T20:52:23.883+0000] {processor.py:186} INFO - Started process (PID=4822) to work on /opt/airflow/dags/1201_payload_producer.py
[2026-09-10T20:52:23.885+0000] {processor.py:914} INFO - Processing file /opt/airflow/dags/1201_payload_producer.py for tasks to queue
[2026-09-10T20:52:23.887+0000] {logging_mixin.py:190} INFO - [2026-09-10T20:52:23.887+0000] {dagbag.py:588} INFO - Filling up the DagBag from /opt/airflow/dags/1201_payload_producer.py
[2026-09-10T20:52:23.897+0000] {processor.py:925} INFO - DAG(s) '1201_payload_producer' retrieved from /opt/airflow/dags/1201_payload_producer.py
[2026-09-10T20:52:23.929+0000] {logging_mixin.py:190} INFO - [2026-09-10T20:52:23.928+0000] {dag.py:3239} INFO - Sync 1 DAGs
[2026-09-10T20:52:23.948+0000] {logging_mixin.py:190} INFO - [2026-09-10T20:52:23.947+0000] {dag.py:4180} INFO - Setting next_dagrun for 1201_payload_producer to None, run_after=None
[2026-09-10T20:52:23.967+0000] {processor.py:208} INFO - Processing /opt/airflow/dags/1201_payload_producer.py took 0.092 seconds
[2026-09-10T20:52:54.105+0000] {processor.py:186} INFO - Started process (PID=4892) to work on /opt/airflow/dags/1201_payload_producer.py
[2026-09-10T20:52:54.106+0000] {processor.py:914} INFO - Processing file /opt/airflow/dags/1201_payload_producer.py for tasks to queue
[2026-09-10T20:52:54.109+0000] {logging_mixin.py:190} INFO - [2026-09-10T20:52:54.108+0000] {dagbag.py:588} INFO - Filling up the DagBag from /opt/airflow/dags/1201_payload_producer.py
[2026-09-10T20:52:54.119+0000] {processor.py:925} INFO - DAG(s) '1201_payload_producer' retrieved from /opt/airflow/dags/1201_payload_producer.py
[2026-09-10T20:52:54.150+0000] {logging_mixin.py:190} INFO - [2026-09-10T20:52:54.149+0000] {dag.py:3239} INFO - Sync 1 DAGs
[2026-09-10T20:52:54.166+0000] {logging_mixin.py:190} INFO - [2026-09-10T20:52:54.165+0000] {dag.py:4180} INFO - Setting next_dagrun for 1201_payload_producer to None, run_after=None
[2026-09-10T20:52:54.185+0000] {processor.py:208} INFO - Processing /opt/airflow/dags/1201_payload_producer.py took 0.089 seconds
[2026-09-10T20:53:24.261+0000] {processor.py:186} INFO - Started process (PID=4962) to work on /opt/airflow/dags/1201_payload_producer.py
[2026-09-10T20:53:24.263+0000] {processor.py:914} INFO - Processing file /opt/airflow/dags/1201_payload_producer.py for tasks to queue
[2026-09-10T20:53:24.266+0000] {logging_mixin.py:190} INFO - [2026-09-10T20:53:24.265+0000] {dagbag.py:588} INFO - Filling up the DagBag from /opt/airflow/dags/1201_payload_producer.py
[2026-09-10T20:53:24.275+0000] {processor.py:925} INFO - DAG(s) '1201_payload_producer' retrieved from /opt/airflow/dags/1201_payload_producer.py
[2026-09-10T20:53:24.308+0000] {logging_mixin.py:190} INFO - [2026-09-10T20:53:24.307+0000] {dag.py:3239} INFO - Sync 1 DAGs
[2026-09-10T20:53:24.328+0000] {logging_mixin.py:190} INFO - [2026-09-10T20:53:24.327+0000] {dag.py:4180} INFO - Setting next_dagrun for 1201_payload_producer to None, run_after=None
[2026-09-10T20:53:24.349+0000] {processor.py:208} INFO - Processing /opt/airflow/dags/1201_payload_producer.py took 0.095 seconds
[2026-09-10T20:53:54.451+0000] {processor.py:186} INFO - Started process (PID=5032) to work on /opt/airflow/dags/1201_payload_producer.py
[2026-09-10T20:53:54.452+0000] {processor.py:914} INFO - Processing file /opt/airflow/dags/1201_payload_producer.py for tasks to queue
[2026-09-10T20:53:54.456+0000] {logging_mixin.py:190} INFO - [2026-09-10T20:53:54.455+0000] {dagbag.py:588} INFO - Filling up the DagBag from /opt/airflow/dags/1201_payload_producer.py
[2026-09-10T20:53:54.471+0000] {processor.py:925} INFO - DAG(s) '1201_payload_producer' retrieved from /opt/airflow/dags/1201_payload_producer.py
[2026-09-10T20:53:54.513+0000] {logging_mixin.py:190} INFO - [2026-09-10T20:53:54.513+0000] {dag.py:3239} INFO - Sync 1 DAGs
[2026-09-10T20:53:54.537+0000] {logging_mixin.py:190} INFO - [2026-09-10T20:53:54.537+0000] {dag.py:4180} INFO - Setting next_dagrun for 1201_payload_producer to None, run_after=None
[2026-09-10T20:53:54.563+0000] {processor.py:208} INFO - Processing /opt/airflow/dags/1201_payload_producer.py took 0.122 seconds
[2026-09-10T20:54:24.747+0000] {processor.py:186} INFO - Started process (PID=5102) to work on /opt/airflow/dags/1201_payload_producer.py
[2026-09-10T20:54:24.750+0000] {processor.py:914} INFO - Processing file /opt/airflow/dags/1201_payload_producer.py for tasks to queue
[2026-09-10T20:54:24.757+0000] {logging_mixin.py:190} INFO - [2026-09-10T20:54:24.755+0000] {dagbag.py:588} INFO - Filling up the DagBag from /opt/airflow/dags/1201_payload_producer.py
[2026-09-10T20:54:24.774+0000] {processor.py:925} INFO - DAG(s) '1201_payload_producer' retrieved from /opt/airflow/dags/1201_payload_producer.py
[2026-09-10T20:54:24.831+0000] {logging_mixin.py:190} INFO - [2026-09-10T20:54:24.830+0000] {dag.py:3239} INFO - Sync 1 DAGs
[2026-09-10T20:54:24.861+0000] {logging_mixin.py:190} INFO - [2026-09-10T20:54:24.861+0000] {dag.py:4180} INFO - Setting next_dagrun for 1201_payload_producer to None, run_after=None
[2026-09-10T20:54:24.889+0000] {processor.py:208} INFO - Processing /opt/airflow/dags/1201_payload_producer.py took 0.163 seconds
[2026-09-10T20:54:54.999+0000] {processor.py:186} INFO - Started process (PID=5172) to work on /opt/airflow/dags/1201_payload_producer.py
[2026-09-10T20:54:55.001+0000] {processor.py:914} INFO - Processing file /opt/airflow/dags/1201_payload_producer.py for tasks to queue
[2026-09-10T20:54:55.004+0000] {logging_mixin.py:190} INFO - [2026-09-10T20:54:55.003+0000] {dagbag.py:588} INFO - Filling up the DagBag from /opt/airflow/dags/1201_payload_producer.py
[2026-09-10T20:54:55.016+0000] {processor.py:925} INFO - DAG(s) '1201_payload_producer' retrieved from /opt/airflow/dags/1201_payload_producer.py
[2026-09-10T20:54:55.046+0000] {logging_mixin.py:190} INFO - [2026-09-10T20:54:55.046+0000] {dag.py:3239} INFO - Sync 1 DAGs
[2026-09-10T20:54:55.064+0000] {logging_mixin.py:190} INFO - [2026-09-10T20:54:55.064+0000] {dag.py:4180} INFO - Setting next_dagrun for 1201_payload_producer to None, run_after=None
[2026-09-10T20:54:55.093+0000] {processor.py:208} INFO - Processing /opt/airflow/dags/1201_payload_producer.py took 0.101 seconds
[2026-09-10T20:55:25.189+0000] {processor.py:186} INFO - Started process (PID=5242) to work on /opt/airflow/dags/1201_payload_producer.py
[2026-09-10T20:55:25.191+0000] {processor.py:914} INFO - Processing file /opt/airflow/dags/1201_payload_producer.py for tasks to queue
[2026-09-10T20:55:25.194+0000] {logging_mixin.py:190} INFO - [2026-09-10T20:55:25.194+0000] {dagbag.py:588} INFO - Filling up the DagBag from /opt/airflow/dags/1201_payload_producer.py
[2026-09-10T20:55:25.206+0000] {processor.py:925} INFO - DAG(s) '1201_payload_producer' retrieved from /opt/airflow/dags/1201_payload_producer.py
[2026-09-10T20:55:25.250+0000] {logging_mixin.py:190} INFO - [2026-09-10T20:55:25.250+0000] {dag.py:3239} INFO - Sync 1 DAGs
[2026-09-10T20:55:25.275+0000] {logging_mixin.py:190} INFO - [2026-09-10T20:55:25.275+0000] {dag.py:4180} INFO - Setting next_dagrun for 1201_payload_producer to None, run_after=None
[2026-09-10T20:55:25.300+0000] {processor.py:208} INFO - Processing /opt/airflow/dags/1201_payload_producer.py took 0.120 seconds
[2026-09-10T20:55:55.388+0000] {processor.py:186} INFO - Started process (PID=5312) to work on /opt/airflow/dags/1201_payload_producer.py
[2026-09-10T20:55:55.388+0000] {processor.py:914} INFO - Processing file /opt/airflow/dags/1201_payload_producer.py for tasks to queue
[2026-09-10T20:55:55.391+0000] {logging_mixin.py:190} INFO - [2026-09-10T20:55:55.390+0000] {dagbag.py:588} INFO - Filling up the DagBag from /opt/airflow/dags/1201_payload_producer.py
[2026-09-10T20:55:55.399+0000] {processor.py:925} INFO - DAG(s) '1201_payload_producer' retrieved from /opt/airflow/dags/1201_payload_producer.py
[2026-09-10T20:55:55.429+0000] {logging_mixin.py:190} INFO - [2026-09-10T20:55:55.429+0000] {dag.py:3239} INFO - Sync 1 DAGs
[2026-09-10T20:55:55.446+0000] {logging_mixin.py:190} INFO - [2026-09-10T20:55:55.445+0000] {dag.py:4180} INFO - Setting next_dagrun for 1201_payload_producer to None, run_after=None
[2026-09-10T20:55:55.465+0000] {processor.py:208} INFO - Processing /opt/airflow/dags/1201_payload_producer.py took 0.085 seconds
[2026-09-10T20:56:25.801+0000] {processor.py:186} INFO - Started process (PID=5382) to work on /opt/airflow/dags/1201_payload_producer.py
[2026-09-10T20:56:25.802+0000] {processor.py:914} INFO - Processing file /opt/airflow/dags/1201_payload_producer.py for tasks to queue
[2026-09-10T20:56:25.805+0000] {logging_mixin.py:190} INFO - [2026-09-10T20:56:25.805+0000] {dagbag.py:588} INFO - Filling up the DagBag from /opt/airflow/dags/1201_payload_producer.py
[2026-09-10T20:56:25.819+0000] {processor.py:925} INFO - DAG(s) '1201_payload_producer' retrieved from /opt/airflow/dags/1201_payload_producer.py
[2026-09-10T20:56:25.869+0000] {logging_mixin.py:190} INFO - [2026-09-10T20:56:25.869+0000] {dag.py:3239} INFO - Sync 1 DAGs
[2026-09-10T20:56:25.918+0000] {logging_mixin.py:190} INFO - [2026-09-10T20:56:25.918+0000] {dag.py:4180} INFO - Setting next_dagrun for 1201_payload_producer to None, run_after=None
[2026-09-10T20:56:25.952+0000] {processor.py:208} INFO - Processing /opt/airflow/dags/1201_payload_producer.py took 0.161 seconds
[2026-09-10T20:56:56.956+0000] {processor.py:186} INFO - Started process (PID=5452) to work on /opt/airflow/dags/1201_payload_producer.py
[2026-09-10T20:56:56.957+0000] {processor.py:914} INFO - Processing file /opt/airflow/dags/1201_payload_producer.py for tasks to queue
[2026-09-10T20:56:56.959+0000] {logging_mixin.py:190} INFO - [2026-09-10T20:56:56.959+0000] {dagbag.py:588} INFO - Filling up the DagBag from /opt/airflow/dags/1201_payload_producer.py
[2026-09-10T20:56:56.970+0000] {processor.py:925} INFO - DAG(s) '1201_payload_producer' retrieved from /opt/airflow/dags/1201_payload_producer.py
[2026-09-10T20:56:57.001+0000] {logging_mixin.py:190} INFO - [2026-09-10T20:56:57.001+0000] {dag.py:3239} INFO - Sync 1 DAGs
[2026-09-10T20:56:57.020+0000] {logging_mixin.py:190} INFO - [2026-09-10T20:56:57.020+0000] {dag.py:4180} INFO - Setting next_dagrun for 1201_payload_producer to None, run_after=None
[2026-09-10T20:56:57.044+0000] {processor.py:208} INFO - Processing /opt/airflow/dags/1201_payload_producer.py took 0.096 seconds
[2026-09-10T20:57:27.151+0000] {processor.py:186} INFO - Started process (PID=5522) to work on /opt/airflow/dags/1201_payload_producer.py
[2026-09-10T20:57:27.153+0000] {processor.py:914} INFO - Processing file /opt/airflow/dags/1201_payload_producer.py for tasks to queue
[2026-09-10T20:57:27.156+0000] {logging_mixin.py:190} INFO - [2026-09-10T20:57:27.155+0000] {dagbag.py:588} INFO - Filling up the DagBag from /opt/airflow/dags/1201_payload_producer.py
[2026-09-10T20:57:27.166+0000] {processor.py:925} INFO - DAG(s) '1201_payload_producer' retrieved from /opt/airflow/dags/1201_payload_producer.py
[2026-09-10T20:57:27.197+0000] {logging_mixin.py:190} INFO - [2026-09-10T20:57:27.197+0000] {dag.py:3239} INFO - Sync 1 DAGs
[2026-09-10T20:57:27.214+0000] {logging_mixin.py:190} INFO - [2026-09-10T20:57:27.214+0000] {dag.py:4180} INFO - Setting next_dagrun for 1201_payload_producer to None, run_after=None
[2026-09-10T20:57:27.235+0000] {processor.py:208} INFO - Processing /opt/airflow/dags/1201_payload_producer.py took 0.093 seconds
[2026-09-10T20:57:57.301+0000] {processor.py:186} INFO - Started process (PID=5592) to work on /opt/airflow/dags/1201_payload_producer.py
[2026-09-10T20:57:57.302+0000] {processor.py:914} INFO - Processing file /opt/airflow/dags/1201_payload_producer.py for tasks to queue
[2026-09-10T20:57:57.305+0000] {logging_mixin.py:190} INFO - [2026-09-10T20:57:57.305+0000] {dagbag.py:588} INFO - Filling up the DagBag from /opt/airflow/dags/1201_payload_producer.py
[2026-09-10T20:57:57.315+0000] {processor.py:925} INFO - DAG(s) '1201_payload_producer' retrieved from /opt/airflow/dags/1201_payload_producer.py
[2026-09-10T20:57:57.349+0000] {logging_mixin.py:190} INFO - [2026-09-10T20:57:57.348+0000] {dag.py:3239} INFO - Sync 1 DAGs
[2026-09-10T20:57:57.368+0000] {logging_mixin.py:190} INFO - [2026-09-10T20:57:57.368+0000] {dag.py:4180} INFO - Setting next_dagrun for 1201_payload_producer to None, run_after=None
[2026-09-10T20:57:57.387+0000] {processor.py:208} INFO - Processing /opt/airflow/dags/1201_payload_producer.py took 0.094 seconds
[2026-09-10T20:58:27.775+0000] {processor.py:186} INFO - Started process (PID=5662) to work on /opt/airflow/dags/1201_payload_producer.py
[2026-09-10T20:58:27.777+0000] {processor.py:914} INFO - Processing file /opt/airflow/dags/1201_payload_producer.py for tasks to queue
[2026-09-10T20:58:27.780+0000] {logging_mixin.py:190} INFO - [2026-09-10T20:58:27.779+0000] {dagbag.py:588} INFO - Filling up the DagBag from /opt/airflow/dags/1201_payload_producer.py
[2026-09-10T20:58:27.790+0000] {processor.py:925} INFO - DAG(s) '1201_payload_producer' retrieved from /opt/airflow/dags/1201_payload_producer.py
[2026-09-10T20:58:27.824+0000] {logging_mixin.py:190} INFO - [2026-09-10T20:58:27.824+0000] {dag.py:3239} INFO - Sync 1 DAGs
[2026-09-10T20:58:27.844+0000] {logging_mixin.py:190} INFO - [2026-09-10T20:58:27.844+0000] {dag.py:4180} INFO - Setting next_dagrun for 1201_payload_producer to None, run_after=None
[2026-09-10T20:58:27.866+0000] {processor.py:208} INFO - Processing /opt/airflow/dags/1201_payload_producer.py took 0.101 seconds
[2026-09-10T20:58:58.403+0000] {processor.py:186} INFO - Started process (PID=5732) to work on /opt/airflow/dags/1201_payload_producer.py
[2026-09-10T20:58:58.404+0000] {processor.py:914} INFO - Processing file /opt/airflow/dags/1201_payload_producer.py for tasks to queue
[2026-09-10T20:58:58.408+0000] {logging_mixin.py:190} INFO - [2026-09-10T20:58:58.407+0000] {dagbag.py:588} INFO - Filling up the DagBag from /opt/airflow/dags/1201_payload_producer.py
[2026-09-10T20:58:58.419+0000] {processor.py:925} INFO - DAG(s) '1201_payload_producer' retrieved from /opt/airflow/dags/1201_payload_producer.py
[2026-09-10T20:58:58.451+0000] {logging_mixin.py:190} INFO - [2026-09-10T20:58:58.450+0000] {dag.py:3239} INFO - Sync 1 DAGs
[2026-09-10T20:58:58.468+0000] {logging_mixin.py:190} INFO - [2026-09-10T20:58:58.468+0000] {dag.py:4180} INFO - Setting next_dagrun for 1201_payload_producer to None, run_after=None
[2026-09-10T20:58:58.489+0000] {processor.py:208} INFO - Processing /opt/airflow/dags/1201_payload_producer.py took 0.098 seconds
[2026-09-10T20:59:28.794+0000] {processor.py:186} INFO - Started process (PID=5802) to work on /opt/airflow/dags/1201_payload_producer.py
[2026-09-10T20:59:28.795+0000] {processor.py:914} INFO - Processing file /opt/airflow/dags/1201_payload_producer.py for tasks to queue
[2026-09-10T20:59:28.801+0000] {logging_mixin.py:190} INFO - [2026-09-10T20:59:28.800+0000] {dagbag.py:588} INFO - Filling up the DagBag from /opt/airflow/dags/1201_payload_producer.py
[2026-09-10T20:59:28.816+0000] {processor.py:925} INFO - DAG(s) '1201_payload_producer' retrieved from /opt/airflow/dags/1201_payload_producer.py
[2026-09-10T20:59:28.857+0000] {logging_mixin.py:190} INFO - [2026-09-10T20:59:28.857+0000] {dag.py:3239} INFO - Sync 1 DAGs
[2026-09-10T20:59:28.895+0000] {logging_mixin.py:190} INFO - [2026-09-10T20:59:28.895+0000] {dag.py:4180} INFO - Setting next_dagrun for 1201_payload_producer to None, run_after=None
[2026-09-10T20:59:28.928+0000] {processor.py:208} INFO - Processing /opt/airflow/dags/1201_payload_producer.py took 0.144 seconds
[2026-09-10T20:59:58.982+0000] {processor.py:186} INFO - Started process (PID=5869) to work on /opt/airflow/dags/1201_payload_producer.py
[2026-09-10T20:59:58.984+0000] {processor.py:914} INFO - Processing file /opt/airflow/dags/1201_payload_producer.py for tasks to queue
[2026-09-10T20:59:58.987+0000] {logging_mixin.py:190} INFO - [2026-09-10T20:59:58.986+0000] {dagbag.py:588} INFO - Filling up the DagBag from /opt/airflow/dags/1201_payload_producer.py
[2026-09-10T20:59:58.997+0000] {processor.py:925} INFO - DAG(s) '1201_payload_producer' retrieved from /opt/airflow/dags/1201_payload_producer.py
[2026-09-10T20:59:59.030+0000] {logging_mixin.py:190} INFO - [2026-09-10T20:59:59.030+0000] {dag.py:3239} INFO - Sync 1 DAGs
[2026-09-10T20:59:59.046+0000] {logging_mixin.py:190} INFO - [2026-09-10T20:59:59.046+0000] {dag.py:4180} INFO - Setting next_dagrun for 1201_payload_producer to None, run_after=None
[2026-09-10T20:59:59.065+0000] {processor.py:208} INFO - Processing /opt/airflow/dags/1201_payload_producer.py took 0.091 seconds
[2026-09-10T21:00:29.273+0000] {processor.py:186} INFO - Started process (PID=5942) to work on /opt/airflow/dags/1201_payload_producer.py
[2026-09-10T21:00:29.273+0000] {processor.py:914} INFO - Processing file /opt/airflow/dags/1201_payload_producer.py for tasks to queue
[2026-09-10T21:00:29.284+0000] {logging_mixin.py:190} INFO - [2026-09-10T21:00:29.284+0000] {dagbag.py:588} INFO - Filling up the DagBag from /opt/airflow/dags/1201_payload_producer.py
[2026-09-10T21:00:29.319+0000] {processor.py:925} INFO - DAG(s) '1201_payload_producer' retrieved from /opt/airflow/dags/1201_payload_producer.py
[2026-09-10T21:00:29.382+0000] {logging_mixin.py:190} INFO - [2026-09-10T21:00:29.382+0000] {dag.py:3239} INFO - Sync 1 DAGs
[2026-09-10T21:00:29.403+0000] {logging_mixin.py:190} INFO - [2026-09-10T21:00:29.403+0000] {dag.py:4180} INFO - Setting next_dagrun for 1201_payload_producer to None, run_after=None
[2026-09-10T21:00:29.429+0000] {processor.py:208} INFO - Processing /opt/airflow/dags/1201_payload_producer.py took 0.165 seconds
[2026-09-10T21:01:00.448+0000] {processor.py:186} INFO - Started process (PID=6012) to work on /opt/airflow/dags/1201_payload_producer.py
[2026-09-10T21:01:00.450+0000] {processor.py:914} INFO - Processing file /opt/airflow/dags/1201_payload_producer.py for tasks to queue
[2026-09-10T21:01:00.454+0000] {logging_mixin.py:190} INFO - [2026-09-10T21:01:00.453+0000] {dagbag.py:588} INFO - Filling up the DagBag from /opt/airflow/dags/1201_payload_producer.py
[2026-09-10T21:01:00.465+0000] {processor.py:925} INFO - DAG(s) '1201_payload_producer' retrieved from /opt/airflow/dags/1201_payload_producer.py
[2026-09-10T21:01:00.501+0000] {logging_mixin.py:190} INFO - [2026-09-10T21:01:00.501+0000] {dag.py:3239} INFO - Sync 1 DAGs
[2026-09-10T21:01:00.526+0000] {logging_mixin.py:190} INFO - [2026-09-10T21:01:00.526+0000] {dag.py:4180} INFO - Setting next_dagrun for 1201_payload_producer to None, run_after=None
[2026-09-10T21:01:00.546+0000] {processor.py:208} INFO - Processing /opt/airflow/dags/1201_payload_producer.py took 0.109 seconds
[2026-09-10T21:01:30.604+0000] {processor.py:186} INFO - Started process (PID=6082) to work on /opt/airflow/dags/1201_payload_producer.py
[2026-09-10T21:01:30.605+0000] {processor.py:914} INFO - Processing file /opt/airflow/dags/1201_payload_producer.py for tasks to queue
[2026-09-10T21:01:30.607+0000] {logging_mixin.py:190} INFO - [2026-09-10T21:01:30.607+0000] {dagbag.py:588} INFO - Filling up the DagBag from /opt/airflow/dags/1201_payload_producer.py
[2026-09-10T21:01:30.615+0000] {processor.py:925} INFO - DAG(s) '1201_payload_producer' retrieved from /opt/airflow/dags/1201_payload_producer.py
[2026-09-10T21:01:30.647+0000] {logging_mixin.py:190} INFO - [2026-09-10T21:01:30.647+0000] {dag.py:3239} INFO - Sync 1 DAGs
[2026-09-10T21:01:30.663+0000] {logging_mixin.py:190} INFO - [2026-09-10T21:01:30.663+0000] {dag.py:4180} INFO - Setting next_dagrun for 1201_payload_producer to None, run_after=None
[2026-09-10T21:01:30.682+0000] {processor.py:208} INFO - Processing /opt/airflow/dags/1201_payload_producer.py took 0.085 seconds
[2026-09-10T21:02:01.573+0000] {processor.py:186} INFO - Started process (PID=6152) to work on /opt/airflow/dags/1201_payload_producer.py
[2026-09-10T21:02:01.575+0000] {processor.py:914} INFO - Processing file /opt/airflow/dags/1201_payload_producer.py for tasks to queue
[2026-09-10T21:02:01.578+0000] {logging_mixin.py:190} INFO - [2026-09-10T21:02:01.577+0000] {dagbag.py:588} INFO - Filling up the DagBag from /opt/airflow/dags/1201_payload_producer.py
[2026-09-10T21:02:01.590+0000] {processor.py:925} INFO - DAG(s) '1201_payload_producer' retrieved from /opt/airflow/dags/1201_payload_producer.py
[2026-09-10T21:02:01.628+0000] {logging_mixin.py:190} INFO - [2026-09-10T21:02:01.628+0000] {dag.py:3239} INFO - Sync 1 DAGs
[2026-09-10T21:02:01.649+0000] {logging_mixin.py:190} INFO - [2026-09-10T21:02:01.648+0000] {dag.py:4180} INFO - Setting next_dagrun for 1201_payload_producer to None, run_after=None
[2026-09-10T21:02:01.672+0000] {processor.py:208} INFO - Processing /opt/airflow/dags/1201_payload_producer.py took 0.108 seconds
[2026-09-10T21:02:31.919+0000] {processor.py:186} INFO - Started process (PID=6222) to work on /opt/airflow/dags/1201_payload_producer.py
[2026-09-10T21:02:31.920+0000] {processor.py:914} INFO - Processing file /opt/airflow/dags/1201_payload_producer.py for tasks to queue
[2026-09-10T21:02:31.924+0000] {logging_mixin.py:190} INFO - [2026-09-10T21:02:31.923+0000] {dagbag.py:588} INFO - Filling up the DagBag from /opt/airflow/dags/1201_payload_producer.py
[2026-09-10T21:02:31.936+0000] {processor.py:925} INFO - DAG(s) '1201_payload_producer' retrieved from /opt/airflow/dags/1201_payload_producer.py
[2026-09-10T21:02:31.968+0000] {logging_mixin.py:190} INFO - [2026-09-10T21:02:31.968+0000] {dag.py:3239} INFO - Sync 1 DAGs
[2026-09-10T21:02:31.985+0000] {logging_mixin.py:190} INFO - [2026-09-10T21:02:31.984+0000] {dag.py:4180} INFO - Setting next_dagrun for 1201_payload_producer to None, run_after=None
[2026-09-10T21:02:32.006+0000] {processor.py:208} INFO - Processing /opt/airflow/dags/1201_payload_producer.py took 0.101 seconds
[2026-09-10T21:03:02.128+0000] {processor.py:186} INFO - Started process (PID=6292) to work on /opt/airflow/dags/1201_payload_producer.py
[2026-09-10T21:03:02.130+0000] {processor.py:914} INFO - Processing file /opt/airflow/dags/1201_payload_producer.py for tasks to queue
[2026-09-10T21:03:02.133+0000] {logging_mixin.py:190} INFO - [2026-09-10T21:03:02.132+0000] {dagbag.py:588} INFO - Filling up the DagBag from /opt/airflow/dags/1201_payload_producer.py
[2026-09-10T21:03:02.143+0000] {processor.py:925} INFO - DAG(s) '1201_payload_producer' retrieved from /opt/airflow/dags/1201_payload_producer.py
[2026-09-10T21:03:02.174+0000] {logging_mixin.py:190} INFO - [2026-09-10T21:03:02.173+0000] {dag.py:3239} INFO - Sync 1 DAGs
[2026-09-10T21:03:02.190+0000] {logging_mixin.py:190} INFO - [2026-09-10T21:03:02.190+0000] {dag.py:4180} INFO - Setting next_dagrun for 1201_payload_producer to None, run_after=None
[2026-09-10T21:03:02.210+0000] {processor.py:208} INFO - Processing /opt/airflow/dags/1201_payload_producer.py took 0.090 seconds
[2026-09-10T21:03:32.398+0000] {processor.py:186} INFO - Started process (PID=6362) to work on /opt/airflow/dags/1201_payload_producer.py
[2026-09-10T21:03:32.399+0000] {processor.py:914} INFO - Processing file /opt/airflow/dags/1201_payload_producer.py for tasks to queue
[2026-09-10T21:03:32.402+0000] {logging_mixin.py:190} INFO - [2026-09-10T21:03:32.402+0000] {dagbag.py:588} INFO - Filling up the DagBag from /opt/airflow/dags/1201_payload_producer.py
[2026-09-10T21:03:32.412+0000] {processor.py:925} INFO - DAG(s) '1201_payload_producer' retrieved from /opt/airflow/dags/1201_payload_producer.py
[2026-09-10T21:03:32.448+0000] {logging_mixin.py:190} INFO - [2026-09-10T21:03:32.447+0000] {dag.py:3239} INFO - Sync 1 DAGs
[2026-09-10T21:03:32.468+0000] {logging_mixin.py:190} INFO - [2026-09-10T21:03:32.467+0000] {dag.py:4180} INFO - Setting next_dagrun for 1201_payload_producer to None, run_after=None
[2026-09-10T21:03:32.490+0000] {processor.py:208} INFO - Processing /opt/airflow/dags/1201_payload_producer.py took 0.101 seconds
[2026-09-10T21:04:02.616+0000] {processor.py:186} INFO - Started process (PID=6432) to work on /opt/airflow/dags/1201_payload_producer.py
[2026-09-10T21:04:02.617+0000] {processor.py:914} INFO - Processing file /opt/airflow/dags/1201_payload_producer.py for tasks to queue
[2026-09-10T21:04:02.620+0000] {logging_mixin.py:190} INFO - [2026-09-10T21:04:02.619+0000] {dagbag.py:588} INFO - Filling up the DagBag from /opt/airflow/dags/1201_payload_producer.py
[2026-09-10T21:04:02.629+0000] {processor.py:925} INFO - DAG(s) '1201_payload_producer' retrieved from /opt/airflow/dags/1201_payload_producer.py
[2026-09-10T21:04:02.659+0000] {logging_mixin.py:190} INFO - [2026-09-10T21:04:02.659+0000] {dag.py:3239} INFO - Sync 1 DAGs
[2026-09-10T21:04:02.674+0000] {logging_mixin.py:190} INFO - [2026-09-10T21:04:02.674+0000] {dag.py:4180} INFO - Setting next_dagrun for 1201_payload_producer to None, run_after=None
[2026-09-10T21:04:02.692+0000] {processor.py:208} INFO - Processing /opt/airflow/dags/1201_payload_producer.py took 0.084 seconds
[2026-09-10T21:04:32.829+0000] {processor.py:186} INFO - Started process (PID=6502) to work on /opt/airflow/dags/1201_payload_producer.py
[2026-09-10T21:04:32.830+0000] {processor.py:914} INFO - Processing file /opt/airflow/dags/1201_payload_producer.py for tasks to queue
[2026-09-10T21:04:32.834+0000] {logging_mixin.py:190} INFO - [2026-09-10T21:04:32.834+0000] {dagbag.py:588} INFO - Filling up the DagBag from /opt/airflow/dags/1201_payload_producer.py
[2026-09-10T21:04:32.846+0000] {processor.py:925} INFO - DAG(s) '1201_payload_producer' retrieved from /opt/airflow/dags/1201_payload_producer.py
[2026-09-10T21:04:32.879+0000] {logging_mixin.py:190} INFO - [2026-09-10T21:04:32.878+0000] {dag.py:3239} INFO - Sync 1 DAGs
[2026-09-10T21:04:32.897+0000] {logging_mixin.py:190} INFO - [2026-09-10T21:04:32.897+0000] {dag.py:4180} INFO - Setting next_dagrun for 1201_payload_producer to None, run_after=None
[2026-09-10T21:04:32.917+0000] {processor.py:208} INFO - Processing /opt/airflow/dags/1201_payload_producer.py took 0.099 seconds
[2026-09-10T21:05:03.039+0000] {processor.py:186} INFO - Started process (PID=6572) to work on /opt/airflow/dags/1201_payload_producer.py
[2026-09-10T21:05:03.040+0000] {processor.py:914} INFO - Processing file /opt/airflow/dags/1201_payload_producer.py for tasks to queue
[2026-09-10T21:05:03.044+0000] {logging_mixin.py:190} INFO - [2026-09-10T21:05:03.044+0000] {dagbag.py:588} INFO - Filling up the DagBag from /opt/airflow/dags/1201_payload_producer.py
[2026-09-10T21:05:03.055+0000] {processor.py:925} INFO - DAG(s) '1201_payload_producer' retrieved from /opt/airflow/dags/1201_payload_producer.py
[2026-09-10T21:05:03.084+0000] {logging_mixin.py:190} INFO - [2026-09-10T21:05:03.084+0000] {dag.py:3239} INFO - Sync 1 DAGs
[2026-09-10T21:05:03.099+0000] {logging_mixin.py:190} INFO - [2026-09-10T21:05:03.099+0000] {dag.py:4180} INFO - Setting next_dagrun for 1201_payload_producer to None, run_after=None
[2026-09-10T21:05:03.118+0000] {processor.py:208} INFO - Processing /opt/airflow/dags/1201_payload_producer.py took 0.089 seconds
[2026-09-10T21:05:33.226+0000] {processor.py:186} INFO - Started process (PID=6642) to work on /opt/airflow/dags/1201_payload_producer.py
[2026-09-10T21:05:33.227+0000] {processor.py:914} INFO - Processing file /opt/airflow/dags/1201_payload_producer.py for tasks to queue
[2026-09-10T21:05:33.229+0000] {logging_mixin.py:190} INFO - [2026-09-10T21:05:33.229+0000] {dagbag.py:588} INFO - Filling up the DagBag from /opt/airflow/dags/1201_payload_producer.py
[2026-09-10T21:05:33.238+0000] {processor.py:925} INFO - DAG(s) '1201_payload_producer' retrieved from /opt/airflow/dags/1201_payload_producer.py
[2026-09-10T21:05:33.268+0000] {logging_mixin.py:190} INFO - [2026-09-10T21:05:33.268+0000] {dag.py:3239} INFO - Sync 1 DAGs
[2026-09-10T21:05:33.284+0000] {logging_mixin.py:190} INFO - [2026-09-10T21:05:33.284+0000] {dag.py:4180} INFO - Setting next_dagrun for 1201_payload_producer to None, run_after=None
[2026-09-10T21:05:33.304+0000] {processor.py:208} INFO - Processing /opt/airflow/dags/1201_payload_producer.py took 0.084 seconds
[2026-09-10T21:06:03.454+0000] {processor.py:186} INFO - Started process (PID=6712) to work on /opt/airflow/dags/1201_payload_producer.py
[2026-09-10T21:06:03.456+0000] {processor.py:914} INFO - Processing file /opt/airflow/dags/1201_payload_producer.py for tasks to queue
[2026-09-10T21:06:03.459+0000] {logging_mixin.py:190} INFO - [2026-09-10T21:06:03.458+0000] {dagbag.py:588} INFO - Filling up the DagBag from /opt/airflow/dags/1201_payload_producer.py
[2026-09-10T21:06:03.471+0000] {processor.py:925} INFO - DAG(s) '1201_payload_producer' retrieved from /opt/airflow/dags/1201_payload_producer.py
[2026-09-10T21:06:03.500+0000] {logging_mixin.py:190} INFO - [2026-09-10T21:06:03.500+0000] {dag.py:3239} INFO - Sync 1 DAGs
[2026-09-10T21:06:03.517+0000] {logging_mixin.py:190} INFO - [2026-09-10T21:06:03.516+0000] {dag.py:4180} INFO - Setting next_dagrun for 1201_payload_producer to None, run_after=None
[2026-09-10T21:06:03.537+0000] {processor.py:208} INFO - Processing /opt/airflow/dags/1201_payload_producer.py took 0.091 seconds
[2026-09-10T21:06:33.654+0000] {processor.py:186} INFO - Started process (PID=6782) to work on /opt/airflow/dags/1201_payload_producer.py
[2026-09-10T21:06:33.655+0000] {processor.py:914} INFO - Processing file /opt/airflow/dags/1201_payload_producer.py for tasks to queue
[2026-09-10T21:06:33.658+0000] {logging_mixin.py:190} INFO - [2026-09-10T21:06:33.658+0000] {dagbag.py:588} INFO - Filling up the DagBag from /opt/airflow/dags/1201_payload_producer.py
[2026-09-10T21:06:33.692+0000] {processor.py:925} INFO - DAG(s) '1201_payload_producer' retrieved from /opt/airflow/dags/1201_payload_producer.py
[2026-09-10T21:06:33.737+0000] {logging_mixin.py:190} INFO - [2026-09-10T21:06:33.737+0000] {dag.py:3239} INFO - Sync 1 DAGs
[2026-09-10T21:06:33.762+0000] {logging_mixin.py:190} INFO - [2026-09-10T21:06:33.761+0000] {dag.py:4180} INFO - Setting next_dagrun for 1201_payload_producer to None, run_after=None
[2026-09-10T21:06:33.788+0000] {processor.py:208} INFO - Processing /opt/airflow/dags/1201_payload_producer.py took 0.142 seconds
[2026-09-10T21:07:04.024+0000] {processor.py:186} INFO - Started process (PID=6852) to work on /opt/airflow/dags/1201_payload_producer.py
[2026-09-10T21:07:04.025+0000] {processor.py:914} INFO - Processing file /opt/airflow/dags/1201_payload_producer.py for tasks to queue
[2026-09-10T21:07:04.029+0000] {logging_mixin.py:190} INFO - [2026-09-10T21:07:04.028+0000] {dagbag.py:588} INFO - Filling up the DagBag from /opt/airflow/dags/1201_payload_producer.py
[2026-09-10T21:07:04.040+0000] {processor.py:925} INFO - DAG(s) '1201_payload_producer' retrieved from /opt/airflow/dags/1201_payload_producer.py
[2026-09-10T21:07:04.074+0000] {logging_mixin.py:190} INFO - [2026-09-10T21:07:04.073+0000] {dag.py:3239} INFO - Sync 1 DAGs
[2026-09-10T21:07:04.091+0000] {logging_mixin.py:190} INFO - [2026-09-10T21:07:04.091+0000] {dag.py:4180} INFO - Setting next_dagrun for 1201_payload_producer to None, run_after=None
[2026-09-10T21:07:04.112+0000] {processor.py:208} INFO - Processing /opt/airflow/dags/1201_payload_producer.py took 0.098 seconds
[2026-09-10T21:07:34.195+0000] {processor.py:186} INFO - Started process (PID=6922) to work on /opt/airflow/dags/1201_payload_producer.py
[2026-09-10T21:07:34.196+0000] {processor.py:914} INFO - Processing file /opt/airflow/dags/1201_payload_producer.py for tasks to queue
[2026-09-10T21:07:34.199+0000] {logging_mixin.py:190} INFO - [2026-09-10T21:07:34.198+0000] {dagbag.py:588} INFO - Filling up the DagBag from /opt/airflow/dags/1201_payload_producer.py
[2026-09-10T21:07:34.209+0000] {processor.py:925} INFO - DAG(s) '1201_payload_producer' retrieved from /opt/airflow/dags/1201_payload_producer.py
[2026-09-10T21:07:34.240+0000] {logging_mixin.py:190} INFO - [2026-09-10T21:07:34.240+0000] {dag.py:3239} INFO - Sync 1 DAGs
[2026-09-10T21:07:34.256+0000] {logging_mixin.py:190} INFO - [2026-09-10T21:07:34.255+0000] {dag.py:4180} INFO - Setting next_dagrun for 1201_payload_producer to None, run_after=None
[2026-09-10T21:07:34.275+0000] {processor.py:208} INFO - Processing /opt/airflow/dags/1201_payload_producer.py took 0.090 seconds
[2026-09-10T21:08:04.455+0000] {processor.py:186} INFO - Started process (PID=6992) to work on /opt/airflow/dags/1201_payload_producer.py
[2026-09-10T21:08:04.456+0000] {processor.py:914} INFO - Processing file /opt/airflow/dags/1201_payload_producer.py for tasks to queue
[2026-09-10T21:08:04.459+0000] {logging_mixin.py:190} INFO - [2026-09-10T21:08:04.458+0000] {dagbag.py:588} INFO - Filling up the DagBag from /opt/airflow/dags/1201_payload_producer.py
[2026-09-10T21:08:04.467+0000] {processor.py:925} INFO - DAG(s) '1201_payload_producer' retrieved from /opt/airflow/dags/1201_payload_producer.py
[2026-09-10T21:08:04.501+0000] {logging_mixin.py:190} INFO - [2026-09-10T21:08:04.501+0000] {dag.py:3239} INFO - Sync 1 DAGs
[2026-09-10T21:08:04.517+0000] {logging_mixin.py:190} INFO - [2026-09-10T21:08:04.517+0000] {dag.py:4180} INFO - Setting next_dagrun for 1201_payload_producer to None, run_after=None
[2026-09-10T21:08:04.536+0000] {processor.py:208} INFO - Processing /opt/airflow/dags/1201_payload_producer.py took 0.088 seconds
[2026-09-10T21:08:34.617+0000] {processor.py:186} INFO - Started process (PID=7062) to work on /opt/airflow/dags/1201_payload_producer.py
[2026-09-10T21:08:34.618+0000] {processor.py:914} INFO - Processing file /opt/airflow/dags/1201_payload_producer.py for tasks to queue
[2026-09-10T21:08:34.620+0000] {logging_mixin.py:190} INFO - [2026-09-10T21:08:34.620+0000] {dagbag.py:588} INFO - Filling up the DagBag from /opt/airflow/dags/1201_payload_producer.py
[2026-09-10T21:08:34.631+0000] {processor.py:925} INFO - DAG(s) '1201_payload_producer' retrieved from /opt/airflow/dags/1201_payload_producer.py
[2026-09-10T21:08:34.684+0000] {logging_mixin.py:190} INFO - [2026-09-10T21:08:34.684+0000] {dag.py:3239} INFO - Sync 1 DAGs
[2026-09-10T21:08:34.703+0000] {logging_mixin.py:190} INFO - [2026-09-10T21:08:34.702+0000] {dag.py:4180} INFO - Setting next_dagrun for 1201_payload_producer to None, run_after=None
[2026-09-10T21:08:34.724+0000] {processor.py:208} INFO - Processing /opt/airflow/dags/1201_payload_producer.py took 0.118 seconds
[2026-09-10T21:09:04.862+0000] {processor.py:186} INFO - Started process (PID=7132) to work on /opt/airflow/dags/1201_payload_producer.py
[2026-09-10T21:09:04.864+0000] {processor.py:914} INFO - Processing file /opt/airflow/dags/1201_payload_producer.py for tasks to queue
[2026-09-10T21:09:04.866+0000] {logging_mixin.py:190} INFO - [2026-09-10T21:09:04.866+0000] {dagbag.py:588} INFO - Filling up the DagBag from /opt/airflow/dags/1201_payload_producer.py
[2026-09-10T21:09:04.875+0000] {processor.py:925} INFO - DAG(s) '1201_payload_producer' retrieved from /opt/airflow/dags/1201_payload_producer.py
[2026-09-10T21:09:04.905+0000] {logging_mixin.py:190} INFO - [2026-09-10T21:09:04.905+0000] {dag.py:3239} INFO - Sync 1 DAGs
[2026-09-10T21:09:04.921+0000] {logging_mixin.py:190} INFO - [2026-09-10T21:09:04.921+0000] {dag.py:4180} INFO - Setting next_dagrun for 1201_payload_producer to None, run_after=None
[2026-09-10T21:09:04.942+0000] {processor.py:208} INFO - Processing /opt/airflow/dags/1201_payload_producer.py took 0.088 seconds
[2026-09-10T21:09:35.106+0000] {processor.py:186} INFO - Started process (PID=7202) to work on /opt/airflow/dags/1201_payload_producer.py
[2026-09-10T21:09:35.107+0000] {processor.py:914} INFO - Processing file /opt/airflow/dags/1201_payload_producer.py for tasks to queue
[2026-09-10T21:09:35.109+0000] {logging_mixin.py:190} INFO - [2026-09-10T21:09:35.109+0000] {dagbag.py:588} INFO - Filling up the DagBag from /opt/airflow/dags/1201_payload_producer.py
[2026-09-10T21:09:35.117+0000] {processor.py:925} INFO - DAG(s) '1201_payload_producer' retrieved from /opt/airflow/dags/1201_payload_producer.py
[2026-09-10T21:09:35.146+0000] {logging_mixin.py:190} INFO - [2026-09-10T21:09:35.146+0000] {dag.py:3239} INFO - Sync 1 DAGs
[2026-09-10T21:09:35.169+0000] {logging_mixin.py:190} INFO - [2026-09-10T21:09:35.169+0000] {dag.py:4180} INFO - Setting next_dagrun for 1201_payload_producer to None, run_after=None
[2026-09-10T21:09:35.190+0000] {processor.py:208} INFO - Processing /opt/airflow/dags/1201_payload_producer.py took 0.091 seconds
[2026-09-10T21:10:05.403+0000] {processor.py:186} INFO - Started process (PID=7272) to work on /opt/airflow/dags/1201_payload_producer.py
[2026-09-10T21:10:05.405+0000] {processor.py:914} INFO - Processing file /opt/airflow/dags/1201_payload_producer.py for tasks to queue
[2026-09-10T21:10:05.408+0000] {logging_mixin.py:190} INFO - [2026-09-10T21:10:05.407+0000] {dagbag.py:588} INFO - Filling up the DagBag from /opt/airflow/dags/1201_payload_producer.py
[2026-09-10T21:10:05.418+0000] {processor.py:925} INFO - DAG(s) '1201_payload_producer' retrieved from /opt/airflow/dags/1201_payload_producer.py
[2026-09-10T21:10:05.451+0000] {logging_mixin.py:190} INFO - [2026-09-10T21:10:05.451+0000] {dag.py:3239} INFO - Sync 1 DAGs
[2026-09-10T21:10:05.468+0000] {logging_mixin.py:190} INFO - [2026-09-10T21:10:05.468+0000] {dag.py:4180} INFO - Setting next_dagrun for 1201_payload_producer to None, run_after=None
[2026-09-10T21:10:05.495+0000] {processor.py:208} INFO - Processing /opt/airflow/dags/1201_payload_producer.py took 0.099 seconds
[2026-09-10T21:10:35.615+0000] {processor.py:186} INFO - Started process (PID=7342) to work on /opt/airflow/dags/1201_payload_producer.py
[2026-09-10T21:10:35.617+0000] {processor.py:914} INFO - Processing file /opt/airflow/dags/1201_payload_producer.py for tasks to queue
[2026-09-10T21:10:35.620+0000] {logging_mixin.py:190} INFO - [2026-09-10T21:10:35.619+0000] {dagbag.py:588} INFO - Filling up the DagBag from /opt/airflow/dags/1201_payload_producer.py
[2026-09-10T21:10:35.633+0000] {processor.py:925} INFO - DAG(s) '1201_payload_producer' retrieved from /opt/airflow/dags/1201_payload_producer.py
[2026-09-10T21:10:35.663+0000] {logging_mixin.py:190} INFO - [2026-09-10T21:10:35.663+0000] {dag.py:3239} INFO - Sync 1 DAGs
[2026-09-10T21:10:35.680+0000] {logging_mixin.py:190} INFO - [2026-09-10T21:10:35.679+0000] {dag.py:4180} INFO - Setting next_dagrun for 1201_payload_producer to None, run_after=None
[2026-09-10T21:10:35.700+0000] {processor.py:208} INFO - Processing /opt/airflow/dags/1201_payload_producer.py took 0.093 seconds
[2026-09-10T21:11:05.748+0000] {processor.py:186} INFO - Started process (PID=7412) to work on /opt/airflow/dags/1201_payload_producer.py
[2026-09-10T21:11:05.750+0000] {processor.py:914} INFO - Processing file /opt/airflow/dags/1201_payload_producer.py for tasks to queue
[2026-09-10T21:11:05.754+0000] {logging_mixin.py:190} INFO - [2026-09-10T21:11:05.753+0000] {dagbag.py:588} INFO - Filling up the DagBag from /opt/airflow/dags/1201_payload_producer.py
[2026-09-10T21:11:05.765+0000] {processor.py:925} INFO - DAG(s) '1201_payload_producer' retrieved from /opt/airflow/dags/1201_payload_producer.py
[2026-09-10T21:11:05.796+0000] {logging_mixin.py:190} INFO - [2026-09-10T21:11:05.796+0000] {dag.py:3239} INFO - Sync 1 DAGs
[2026-09-10T21:11:05.815+0000] {logging_mixin.py:190} INFO - [2026-09-10T21:11:05.814+0000] {dag.py:4180} INFO - Setting next_dagrun for 1201_payload_producer to None, run_after=None
[2026-09-10T21:11:05.833+0000] {processor.py:208} INFO - Processing /opt/airflow/dags/1201_payload_producer.py took 0.093 seconds
[2026-09-10T21:11:35.886+0000] {processor.py:186} INFO - Started process (PID=7482) to work on /opt/airflow/dags/1201_payload_producer.py
[2026-09-10T21:11:35.887+0000] {processor.py:914} INFO - Processing file /opt/airflow/dags/1201_payload_producer.py for tasks to queue
[2026-09-10T21:11:35.890+0000] {logging_mixin.py:190} INFO - [2026-09-10T21:11:35.890+0000] {dagbag.py:588} INFO - Filling up the DagBag from /opt/airflow/dags/1201_payload_producer.py
[2026-09-10T21:11:35.901+0000] {processor.py:925} INFO - DAG(s) '1201_payload_producer' retrieved from /opt/airflow/dags/1201_payload_producer.py
[2026-09-10T21:11:35.971+0000] {logging_mixin.py:190} INFO - [2026-09-10T21:11:35.971+0000] {dag.py:3239} INFO - Sync 1 DAGs
[2026-09-10T21:11:36.001+0000] {logging_mixin.py:190} INFO - [2026-09-10T21:11:36.000+0000] {dag.py:4180} INFO - Setting next_dagrun for 1201_payload_producer to None, run_after=None
[2026-09-10T21:11:36.028+0000] {processor.py:208} INFO - Processing /opt/airflow/dags/1201_payload_producer.py took 0.151 seconds
[2026-09-10T21:12:06.094+0000] {processor.py:186} INFO - Started process (PID=7552) to work on /opt/airflow/dags/1201_payload_producer.py
[2026-09-10T21:12:06.096+0000] {processor.py:914} INFO - Processing file /opt/airflow/dags/1201_payload_producer.py for tasks to queue
[2026-09-10T21:12:06.098+0000] {logging_mixin.py:190} INFO - [2026-09-10T21:12:06.098+0000] {dagbag.py:588} INFO - Filling up the DagBag from /opt/airflow/dags/1201_payload_producer.py
[2026-09-10T21:12:06.108+0000] {processor.py:925} INFO - DAG(s) '1201_payload_producer' retrieved from /opt/airflow/dags/1201_payload_producer.py
[2026-09-10T21:12:06.143+0000] {logging_mixin.py:190} INFO - [2026-09-10T21:12:06.142+0000] {dag.py:3239} INFO - Sync 1 DAGs
[2026-09-10T21:12:06.157+0000] {logging_mixin.py:190} INFO - [2026-09-10T21:12:06.157+0000] {dag.py:4180} INFO - Setting next_dagrun for 1201_payload_producer to None, run_after=None
[2026-09-10T21:12:06.184+0000] {processor.py:208} INFO - Processing /opt/airflow/dags/1201_payload_producer.py took 0.097 seconds
[2026-09-10T21:12:37.081+0000] {processor.py:186} INFO - Started process (PID=7622) to work on /opt/airflow/dags/1201_payload_producer.py
[2026-09-10T21:12:37.082+0000] {processor.py:914} INFO - Processing file /opt/airflow/dags/1201_payload_producer.py for tasks to queue
[2026-09-10T21:12:37.086+0000] {logging_mixin.py:190} INFO - [2026-09-10T21:12:37.086+0000] {dagbag.py:588} INFO - Filling up the DagBag from /opt/airflow/dags/1201_payload_producer.py
[2026-09-10T21:12:37.099+0000] {processor.py:925} INFO - DAG(s) '1201_payload_producer' retrieved from /opt/airflow/dags/1201_payload_producer.py
[2026-09-10T21:12:37.127+0000] {logging_mixin.py:190} INFO - [2026-09-10T21:12:37.127+0000] {dag.py:3239} INFO - Sync 1 DAGs
[2026-09-10T21:12:37.143+0000] {logging_mixin.py:190} INFO - [2026-09-10T21:12:37.143+0000] {dag.py:4180} INFO - Setting next_dagrun for 1201_payload_producer to None, run_after=None
[2026-09-10T21:12:37.162+0000] {processor.py:208} INFO - Processing /opt/airflow/dags/1201_payload_producer.py took 0.092 seconds
[2026-09-10T21:13:07.336+0000] {processor.py:186} INFO - Started process (PID=7692) to work on /opt/airflow/dags/1201_payload_producer.py
[2026-09-10T21:13:07.337+0000] {processor.py:914} INFO - Processing file /opt/airflow/dags/1201_payload_producer.py for tasks to queue
[2026-09-10T21:13:07.340+0000] {logging_mixin.py:190} INFO - [2026-09-10T21:13:07.340+0000] {dagbag.py:588} INFO - Filling up the DagBag from /opt/airflow/dags/1201_payload_producer.py
[2026-09-10T21:13:07.350+0000] {processor.py:925} INFO - DAG(s) '1201_payload_producer' retrieved from /opt/airflow/dags/1201_payload_producer.py
[2026-09-10T21:13:07.379+0000] {logging_mixin.py:190} INFO - [2026-09-10T21:13:07.379+0000] {dag.py:3239} INFO - Sync 1 DAGs
[2026-09-10T21:13:07.395+0000] {logging_mixin.py:190} INFO - [2026-09-10T21:13:07.395+0000] {dag.py:4180} INFO - Setting next_dagrun for 1201_payload_producer to None, run_after=None
[2026-09-10T21:13:07.416+0000] {processor.py:208} INFO - Processing /opt/airflow/dags/1201_payload_producer.py took 0.089 seconds
[2026-09-10T21:13:37.577+0000] {processor.py:186} INFO - Started process (PID=7762) to work on /opt/airflow/dags/1201_payload_producer.py
[2026-09-10T21:13:37.578+0000] {processor.py:914} INFO - Processing file /opt/airflow/dags/1201_payload_producer.py for tasks to queue
[2026-09-10T21:13:37.580+0000] {logging_mixin.py:190} INFO - [2026-09-10T21:13:37.580+0000] {dagbag.py:588} INFO - Filling up the DagBag from /opt/airflow/dags/1201_payload_producer.py
[2026-09-10T21:13:37.591+0000] {processor.py:925} INFO - DAG(s) '1201_payload_producer' retrieved from /opt/airflow/dags/1201_payload_producer.py
[2026-09-10T21:13:37.622+0000] {logging_mixin.py:190} INFO - [2026-09-10T21:13:37.622+0000] {dag.py:3239} INFO - Sync 1 DAGs
[2026-09-10T21:13:37.824+0000] {logging_mixin.py:190} INFO - [2026-09-10T21:13:37.824+0000] {dag.py:4180} INFO - Setting next_dagrun for 1201_payload_producer to None, run_after=None
[2026-09-10T21:13:37.841+0000] {processor.py:208} INFO - Processing /opt/airflow/dags/1201_payload_producer.py took 0.273 seconds
[2026-09-10T21:14:08.446+0000] {processor.py:186} INFO - Started process (PID=7832) to work on /opt/airflow/dags/1201_payload_producer.py
[2026-09-10T21:14:08.447+0000] {processor.py:914} INFO - Processing file /opt/airflow/dags/1201_payload_producer.py for tasks to queue
[2026-09-10T21:14:08.450+0000] {logging_mixin.py:190} INFO - [2026-09-10T21:14:08.450+0000] {dagbag.py:588} INFO - Filling up the DagBag from /opt/airflow/dags/1201_payload_producer.py
[2026-09-10T21:14:08.462+0000] {processor.py:925} INFO - DAG(s) '1201_payload_producer' retrieved from /opt/airflow/dags/1201_payload_producer.py
[2026-09-10T21:14:08.494+0000] {logging_mixin.py:190} INFO - [2026-09-10T21:14:08.494+0000] {dag.py:3239} INFO - Sync 1 DAGs
[2026-09-10T21:14:08.512+0000] {logging_mixin.py:190} INFO - [2026-09-10T21:14:08.511+0000] {dag.py:4180} INFO - Setting next_dagrun for 1201_payload_producer to None, run_after=None
[2026-09-10T21:14:08.535+0000] {processor.py:208} INFO - Processing /opt/airflow/dags/1201_payload_producer.py took 0.099 seconds
[2026-09-10T21:14:38.789+0000] {processor.py:186} INFO - Started process (PID=7902) to work on /opt/airflow/dags/1201_payload_producer.py
[2026-09-10T21:14:38.790+0000] {processor.py:914} INFO - Processing file /opt/airflow/dags/1201_payload_producer.py for tasks to queue
[2026-09-10T21:14:38.793+0000] {logging_mixin.py:190} INFO - [2026-09-10T21:14:38.792+0000] {dagbag.py:588} INFO - Filling up the DagBag from /opt/airflow/dags/1201_payload_producer.py
[2026-09-10T21:14:38.803+0000] {processor.py:925} INFO - DAG(s) '1201_payload_producer' retrieved from /opt/airflow/dags/1201_payload_producer.py
[2026-09-10T21:14:38.837+0000] {logging_mixin.py:190} INFO - [2026-09-10T21:14:38.836+0000] {dag.py:3239} INFO - Sync 1 DAGs
[2026-09-10T21:14:38.855+0000] {logging_mixin.py:190} INFO - [2026-09-10T21:14:38.855+0000] {dag.py:4180} INFO - Setting next_dagrun for 1201_payload_producer to None, run_after=None
[2026-09-10T21:14:38.875+0000] {processor.py:208} INFO - Processing /opt/airflow/dags/1201_payload_producer.py took 0.094 seconds
[2026-09-10T21:15:09.091+0000] {processor.py:186} INFO - Started process (PID=7972) to work on /opt/airflow/dags/1201_payload_producer.py
[2026-09-10T21:15:09.092+0000] {processor.py:914} INFO - Processing file /opt/airflow/dags/1201_payload_producer.py for tasks to queue
[2026-09-10T21:15:09.094+0000] {logging_mixin.py:190} INFO - [2026-09-10T21:15:09.094+0000] {dagbag.py:588} INFO - Filling up the DagBag from /opt/airflow/dags/1201_payload_producer.py
[2026-09-10T21:15:09.102+0000] {processor.py:925} INFO - DAG(s) '1201_payload_producer' retrieved from /opt/airflow/dags/1201_payload_producer.py
[2026-09-10T21:15:09.138+0000] {logging_mixin.py:190} INFO - [2026-09-10T21:15:09.137+0000] {dag.py:3239} INFO - Sync 1 DAGs
[2026-09-10T21:15:09.345+0000] {logging_mixin.py:190} INFO - [2026-09-10T21:15:09.345+0000] {dag.py:4180} INFO - Setting next_dagrun for 1201_payload_producer to None, run_after=None
[2026-09-10T21:15:09.383+0000] {processor.py:208} INFO - Processing /opt/airflow/dags/1201_payload_producer.py took 0.300 seconds
[2026-09-10T21:15:39.858+0000] {processor.py:186} INFO - Started process (PID=8042) to work on /opt/airflow/dags/1201_payload_producer.py
[2026-09-10T21:15:39.859+0000] {processor.py:914} INFO - Processing file /opt/airflow/dags/1201_payload_producer.py for tasks to queue
[2026-09-10T21:15:39.862+0000] {logging_mixin.py:190} INFO - [2026-09-10T21:15:39.861+0000] {dagbag.py:588} INFO - Filling up the DagBag from /opt/airflow/dags/1201_payload_producer.py
[2026-09-10T21:15:39.873+0000] {processor.py:925} INFO - DAG(s) '1201_payload_producer' retrieved from /opt/airflow/dags/1201_payload_producer.py
[2026-09-10T21:15:39.904+0000] {logging_mixin.py:190} INFO - [2026-09-10T21:15:39.903+0000] {dag.py:3239} INFO - Sync 1 DAGs
[2026-09-10T21:15:39.927+0000] {logging_mixin.py:190} INFO - [2026-09-10T21:15:39.927+0000] {dag.py:4180} INFO - Setting next_dagrun for 1201_payload_producer to None, run_after=None
[2026-09-10T21:15:39.952+0000] {processor.py:208} INFO - Processing /opt/airflow/dags/1201_payload_producer.py took 0.102 seconds
[2026-09-10T21:16:10.037+0000] {processor.py:186} INFO - Started process (PID=8112) to work on /opt/airflow/dags/1201_payload_producer.py
[2026-09-10T21:16:10.038+0000] {processor.py:914} INFO - Processing file /opt/airflow/dags/1201_payload_producer.py for tasks to queue
[2026-09-10T21:16:10.042+0000] {logging_mixin.py:190} INFO - [2026-09-10T21:16:10.041+0000] {dagbag.py:588} INFO - Filling up the DagBag from /opt/airflow/dags/1201_payload_producer.py
[2026-09-10T21:16:10.057+0000] {processor.py:925} INFO - DAG(s) '1201_payload_producer' retrieved from /opt/airflow/dags/1201_payload_producer.py
[2026-09-10T21:16:10.093+0000] {logging_mixin.py:190} INFO - [2026-09-10T21:16:10.093+0000] {dag.py:3239} INFO - Sync 1 DAGs
[2026-09-10T21:16:10.111+0000] {logging_mixin.py:190} INFO - [2026-09-10T21:16:10.110+0000] {dag.py:4180} INFO - Setting next_dagrun for 1201_payload_producer to None, run_after=None
[2026-09-10T21:16:10.129+0000] {processor.py:208} INFO - Processing /opt/airflow/dags/1201_payload_producer.py took 0.102 seconds
[2026-09-10T21:16:40.243+0000] {processor.py:186} INFO - Started process (PID=8182) to work on /opt/airflow/dags/1201_payload_producer.py
[2026-09-10T21:16:40.244+0000] {processor.py:914} INFO - Processing file /opt/airflow/dags/1201_payload_producer.py for tasks to queue
[2026-09-10T21:16:40.247+0000] {logging_mixin.py:190} INFO - [2026-09-10T21:16:40.247+0000] {dagbag.py:588} INFO - Filling up the DagBag from /opt/airflow/dags/1201_payload_producer.py
[2026-09-10T21:16:40.257+0000] {processor.py:925} INFO - DAG(s) '1201_payload_producer' retrieved from /opt/airflow/dags/1201_payload_producer.py
[2026-09-10T21:16:40.292+0000] {logging_mixin.py:190} INFO - [2026-09-10T21:16:40.291+0000] {dag.py:3239} INFO - Sync 1 DAGs
[2026-09-10T21:16:40.314+0000] {logging_mixin.py:190} INFO - [2026-09-10T21:16:40.314+0000] {dag.py:4180} INFO - Setting next_dagrun for 1201_payload_producer to None, run_after=None
[2026-09-10T21:16:40.336+0000] {processor.py:208} INFO - Processing /opt/airflow/dags/1201_payload_producer.py took 0.101 seconds
[2026-09-10T21:17:10.512+0000] {processor.py:186} INFO - Started process (PID=8252) to work on /opt/airflow/dags/1201_payload_producer.py
[2026-09-10T21:17:10.514+0000] {processor.py:914} INFO - Processing file /opt/airflow/dags/1201_payload_producer.py for tasks to queue
[2026-09-10T21:17:10.516+0000] {logging_mixin.py:190} INFO - [2026-09-10T21:17:10.516+0000] {dagbag.py:588} INFO - Filling up the DagBag from /opt/airflow/dags/1201_payload_producer.py
[2026-09-10T21:17:10.525+0000] {processor.py:925} INFO - DAG(s) '1201_payload_producer' retrieved from /opt/airflow/dags/1201_payload_producer.py
[2026-09-10T21:17:10.559+0000] {logging_mixin.py:190} INFO - [2026-09-10T21:17:10.559+0000] {dag.py:3239} INFO - Sync 1 DAGs
[2026-09-10T21:17:10.575+0000] {logging_mixin.py:190} INFO - [2026-09-10T21:17:10.575+0000] {dag.py:4180} INFO - Setting next_dagrun for 1201_payload_producer to None, run_after=None
[2026-09-10T21:17:10.594+0000] {processor.py:208} INFO - Processing /opt/airflow/dags/1201_payload_producer.py took 0.088 seconds
[2026-09-10T21:17:41.617+0000] {processor.py:186} INFO - Started process (PID=8322) to work on /opt/airflow/dags/1201_payload_producer.py
[2026-09-10T21:17:41.618+0000] {processor.py:914} INFO - Processing file /opt/airflow/dags/1201_payload_producer.py for tasks to queue
[2026-09-10T21:17:41.620+0000] {logging_mixin.py:190} INFO - [2026-09-10T21:17:41.620+0000] {dagbag.py:588} INFO - Filling up the DagBag from /opt/airflow/dags/1201_payload_producer.py
[2026-09-10T21:17:41.628+0000] {processor.py:925} INFO - DAG(s) '1201_payload_producer' retrieved from /opt/airflow/dags/1201_payload_producer.py
[2026-09-10T21:17:41.658+0000] {logging_mixin.py:190} INFO - [2026-09-10T21:17:41.658+0000] {dag.py:3239} INFO - Sync 1 DAGs
[2026-09-10T21:17:41.675+0000] {logging_mixin.py:190} INFO - [2026-09-10T21:17:41.674+0000] {dag.py:4180} INFO - Setting next_dagrun for 1201_payload_producer to None, run_after=None
[2026-09-10T21:17:41.693+0000] {processor.py:208} INFO - Processing /opt/airflow/dags/1201_payload_producer.py took 0.084 seconds
[2026-09-10T21:18:11.829+0000] {processor.py:186} INFO - Started process (PID=8392) to work on /opt/airflow/dags/1201_payload_producer.py
[2026-09-10T21:18:11.830+0000] {processor.py:914} INFO - Processing file /opt/airflow/dags/1201_payload_producer.py for tasks to queue
[2026-09-10T21:18:11.832+0000] {logging_mixin.py:190} INFO - [2026-09-10T21:18:11.832+0000] {dagbag.py:588} INFO - Filling up the DagBag from /opt/airflow/dags/1201_payload_producer.py
[2026-09-10T21:18:11.841+0000] {processor.py:925} INFO - DAG(s) '1201_payload_producer' retrieved from /opt/airflow/dags/1201_payload_producer.py
[2026-09-10T21:18:11.871+0000] {logging_mixin.py:190} INFO - [2026-09-10T21:18:11.871+0000] {dag.py:3239} INFO - Sync 1 DAGs
[2026-09-10T21:18:11.887+0000] {logging_mixin.py:190} INFO - [2026-09-10T21:18:11.887+0000] {dag.py:4180} INFO - Setting next_dagrun for 1201_payload_producer to None, run_after=None
[2026-09-10T21:18:11.910+0000] {processor.py:208} INFO - Processing /opt/airflow/dags/1201_payload_producer.py took 0.088 seconds
[2026-09-10T21:18:42.070+0000] {processor.py:186} INFO - Started process (PID=8462) to work on /opt/airflow/dags/1201_payload_producer.py
[2026-09-10T21:18:42.071+0000] {processor.py:914} INFO - Processing file /opt/airflow/dags/1201_payload_producer.py for tasks to queue
[2026-09-10T21:18:42.074+0000] {logging_mixin.py:190} INFO - [2026-09-10T21:18:42.073+0000] {dagbag.py:588} INFO - Filling up the DagBag from /opt/airflow/dags/1201_payload_producer.py
[2026-09-10T21:18:42.084+0000] {processor.py:925} INFO - DAG(s) '1201_payload_producer' retrieved from /opt/airflow/dags/1201_payload_producer.py
[2026-09-10T21:18:42.115+0000] {logging_mixin.py:190} INFO - [2026-09-10T21:18:42.114+0000] {dag.py:3239} INFO - Sync 1 DAGs
[2026-09-10T21:18:42.131+0000] {logging_mixin.py:190} INFO - [2026-09-10T21:18:42.130+0000] {dag.py:4180} INFO - Setting next_dagrun for 1201_payload_producer to None, run_after=None
[2026-09-10T21:18:42.151+0000] {processor.py:208} INFO - Processing /opt/airflow/dags/1201_payload_producer.py took 0.090 seconds
[2026-09-10T21:19:13.185+0000] {processor.py:186} INFO - Started process (PID=8532) to work on /opt/airflow/dags/1201_payload_producer.py
[2026-09-10T21:19:13.186+0000] {processor.py:914} INFO - Processing file /opt/airflow/dags/1201_payload_producer.py for tasks to queue
[2026-09-10T21:19:13.189+0000] {logging_mixin.py:190} INFO - [2026-09-10T21:19:13.188+0000] {dagbag.py:588} INFO - Filling up the DagBag from /opt/airflow/dags/1201_payload_producer.py
[2026-09-10T21:19:13.197+0000] {processor.py:925} INFO - DAG(s) '1201_payload_producer' retrieved from /opt/airflow/dags/1201_payload_producer.py
[2026-09-10T21:19:13.229+0000] {logging_mixin.py:190} INFO - [2026-09-10T21:19:13.229+0000] {dag.py:3239} INFO - Sync 1 DAGs
[2026-09-10T21:19:13.246+0000] {logging_mixin.py:190} INFO - [2026-09-10T21:19:13.246+0000] {dag.py:4180} INFO - Setting next_dagrun for 1201_payload_producer to None, run_after=None
[2026-09-10T21:19:13.265+0000] {processor.py:208} INFO - Processing /opt/airflow/dags/1201_payload_producer.py took 0.087 seconds
[2026-09-10T21:19:43.349+0000] {processor.py:186} INFO - Started process (PID=8602) to work on /opt/airflow/dags/1201_payload_producer.py
[2026-09-10T21:19:43.350+0000] {processor.py:914} INFO - Processing file /opt/airflow/dags/1201_payload_producer.py for tasks to queue
[2026-09-10T21:19:43.354+0000] {logging_mixin.py:190} INFO - [2026-09-10T21:19:43.354+0000] {dagbag.py:588} INFO - Filling up the DagBag from /opt/airflow/dags/1201_payload_producer.py
[2026-09-10T21:19:43.368+0000] {processor.py:925} INFO - DAG(s) '1201_payload_producer' retrieved from /opt/airflow/dags/1201_payload_producer.py
[2026-09-10T21:19:43.411+0000] {logging_mixin.py:190} INFO - [2026-09-10T21:19:43.411+0000] {dag.py:3239} INFO - Sync 1 DAGs
[2026-09-10T21:19:43.429+0000] {logging_mixin.py:190} INFO - [2026-09-10T21:19:43.428+0000] {dag.py:4180} INFO - Setting next_dagrun for 1201_payload_producer to None, run_after=None
[2026-09-10T21:19:43.451+0000] {processor.py:208} INFO - Processing /opt/airflow/dags/1201_payload_producer.py took 0.110 seconds
[2026-09-10T21:20:13.574+0000] {processor.py:186} INFO - Started process (PID=8672) to work on /opt/airflow/dags/1201_payload_producer.py
[2026-09-10T21:20:13.575+0000] {processor.py:914} INFO - Processing file /opt/airflow/dags/1201_payload_producer.py for tasks to queue
[2026-09-10T21:20:13.578+0000] {logging_mixin.py:190} INFO - [2026-09-10T21:20:13.577+0000] {dagbag.py:588} INFO - Filling up the DagBag from /opt/airflow/dags/1201_payload_producer.py
[2026-09-10T21:20:13.589+0000] {processor.py:925} INFO - DAG(s) '1201_payload_producer' retrieved from /opt/airflow/dags/1201_payload_producer.py
[2026-09-10T21:20:13.616+0000] {logging_mixin.py:190} INFO - [2026-09-10T21:20:13.615+0000] {dag.py:3239} INFO - Sync 1 DAGs
[2026-09-10T21:20:13.631+0000] {logging_mixin.py:190} INFO - [2026-09-10T21:20:13.630+0000] {dag.py:4180} INFO - Setting next_dagrun for 1201_payload_producer to None, run_after=None
[2026-09-10T21:20:13.649+0000] {processor.py:208} INFO - Processing /opt/airflow/dags/1201_payload_producer.py took 0.083 seconds
[2026-09-10T21:20:43.797+0000] {processor.py:186} INFO - Started process (PID=8742) to work on /opt/airflow/dags/1201_payload_producer.py
[2026-09-10T21:20:43.799+0000] {processor.py:914} INFO - Processing file /opt/airflow/dags/1201_payload_producer.py for tasks to queue
[2026-09-10T21:20:43.802+0000] {logging_mixin.py:190} INFO - [2026-09-10T21:20:43.801+0000] {dagbag.py:588} INFO - Filling up the DagBag from /opt/airflow/dags/1201_payload_producer.py
[2026-09-10T21:20:43.812+0000] {processor.py:925} INFO - DAG(s) '1201_payload_producer' retrieved from /opt/airflow/dags/1201_payload_producer.py
[2026-09-10T21:20:43.844+0000] {logging_mixin.py:190} INFO - [2026-09-10T21:20:43.844+0000] {dag.py:3239} INFO - Sync 1 DAGs
[2026-09-10T21:20:43.860+0000] {logging_mixin.py:190} INFO - [2026-09-10T21:20:43.860+0000] {dag.py:4180} INFO - Setting next_dagrun for 1201_payload_producer to None, run_after=None
[2026-09-10T21:20:43.879+0000] {processor.py:208} INFO - Processing /opt/airflow/dags/1201_payload_producer.py took 0.090 seconds
[2026-09-10T21:21:14.043+0000] {processor.py:186} INFO - Started process (PID=8812) to work on /opt/airflow/dags/1201_payload_producer.py
[2026-09-10T21:21:14.044+0000] {processor.py:914} INFO - Processing file /opt/airflow/dags/1201_payload_producer.py for tasks to queue
[2026-09-10T21:21:14.047+0000] {logging_mixin.py:190} INFO - [2026-09-10T21:21:14.046+0000] {dagbag.py:588} INFO - Filling up the DagBag from /opt/airflow/dags/1201_payload_producer.py
[2026-09-10T21:21:14.059+0000] {processor.py:925} INFO - DAG(s) '1201_payload_producer' retrieved from /opt/airflow/dags/1201_payload_producer.py
[2026-09-10T21:21:14.088+0000] {logging_mixin.py:190} INFO - [2026-09-10T21:21:14.088+0000] {dag.py:3239} INFO - Sync 1 DAGs
[2026-09-10T21:21:14.104+0000] {logging_mixin.py:190} INFO - [2026-09-10T21:21:14.104+0000] {dag.py:4180} INFO - Setting next_dagrun for 1201_payload_producer to None, run_after=None
[2026-09-10T21:21:14.131+0000] {processor.py:208} INFO - Processing /opt/airflow/dags/1201_payload_producer.py took 0.095 seconds
[2026-09-10T21:21:45.141+0000] {processor.py:186} INFO - Started process (PID=8882) to work on /opt/airflow/dags/1201_payload_producer.py
[2026-09-10T21:21:45.142+0000] {processor.py:914} INFO - Processing file /opt/airflow/dags/1201_payload_producer.py for tasks to queue
[2026-09-10T21:21:45.145+0000] {logging_mixin.py:190} INFO - [2026-09-10T21:21:45.144+0000] {dagbag.py:588} INFO - Filling up the DagBag from /opt/airflow/dags/1201_payload_producer.py
[2026-09-10T21:21:45.153+0000] {processor.py:925} INFO - DAG(s) '1201_payload_producer' retrieved from /opt/airflow/dags/1201_payload_producer.py
[2026-09-10T21:21:45.181+0000] {logging_mixin.py:190} INFO - [2026-09-10T21:21:45.181+0000] {dag.py:3239} INFO - Sync 1 DAGs
[2026-09-10T21:21:45.196+0000] {logging_mixin.py:190} INFO - [2026-09-10T21:21:45.196+0000] {dag.py:4180} INFO - Setting next_dagrun for 1201_payload_producer to None, run_after=None
[2026-09-10T21:21:45.217+0000] {processor.py:208} INFO - Processing /opt/airflow/dags/1201_payload_producer.py took 0.083 seconds
[2026-09-10T21:22:15.399+0000] {processor.py:186} INFO - Started process (PID=8952) to work on /opt/airflow/dags/1201_payload_producer.py
[2026-09-10T21:22:15.400+0000] {processor.py:914} INFO - Processing file /opt/airflow/dags/1201_payload_producer.py for tasks to queue
[2026-09-10T21:22:15.402+0000] {logging_mixin.py:190} INFO - [2026-09-10T21:22:15.401+0000] {dagbag.py:588} INFO - Filling up the DagBag from /opt/airflow/dags/1201_payload_producer.py
[2026-09-10T21:22:15.410+0000] {processor.py:925} INFO - DAG(s) '1201_payload_producer' retrieved from /opt/airflow/dags/1201_payload_producer.py
[2026-09-10T21:22:15.439+0000] {logging_mixin.py:190} INFO - [2026-09-10T21:22:15.438+0000] {dag.py:3239} INFO - Sync 1 DAGs
[2026-09-10T21:22:15.454+0000] {logging_mixin.py:190} INFO - [2026-09-10T21:22:15.454+0000] {dag.py:4180} INFO - Setting next_dagrun for 1201_payload_producer to None, run_after=None
[2026-09-10T21:22:15.473+0000] {processor.py:208} INFO - Processing /opt/airflow/dags/1201_payload_producer.py took 0.081 seconds
[2026-09-10T21:22:45.550+0000] {processor.py:186} INFO - Started process (PID=9022) to work on /opt/airflow/dags/1201_payload_producer.py
[2026-09-10T21:22:45.551+0000] {processor.py:914} INFO - Processing file /opt/airflow/dags/1201_payload_producer.py for tasks to queue
[2026-09-10T21:22:45.553+0000] {logging_mixin.py:190} INFO - [2026-09-10T21:22:45.553+0000] {dagbag.py:588} INFO - Filling up the DagBag from /opt/airflow/dags/1201_payload_producer.py
[2026-09-10T21:22:45.562+0000] {processor.py:925} INFO - DAG(s) '1201_payload_producer' retrieved from /opt/airflow/dags/1201_payload_producer.py
[2026-09-10T21:22:45.593+0000] {logging_mixin.py:190} INFO - [2026-09-10T21:22:45.593+0000] {dag.py:3239} INFO - Sync 1 DAGs
[2026-09-10T21:22:45.610+0000] {logging_mixin.py:190} INFO - [2026-09-10T21:22:45.609+0000] {dag.py:4180} INFO - Setting next_dagrun for 1201_payload_producer to None, run_after=None
[2026-09-10T21:22:45.629+0000] {processor.py:208} INFO - Processing /opt/airflow/dags/1201_payload_producer.py took 0.086 seconds
[2026-09-10T21:23:15.797+0000] {processor.py:186} INFO - Started process (PID=9092) to work on /opt/airflow/dags/1201_payload_producer.py
[2026-09-10T21:23:15.798+0000] {processor.py:914} INFO - Processing file /opt/airflow/dags/1201_payload_producer.py for tasks to queue
[2026-09-10T21:23:15.802+0000] {logging_mixin.py:190} INFO - [2026-09-10T21:23:15.801+0000] {dagbag.py:588} INFO - Filling up the DagBag from /opt/airflow/dags/1201_payload_producer.py
[2026-09-10T21:23:15.812+0000] {processor.py:925} INFO - DAG(s) '1201_payload_producer' retrieved from /opt/airflow/dags/1201_payload_producer.py
[2026-09-10T21:23:15.842+0000] {logging_mixin.py:190} INFO - [2026-09-10T21:23:15.842+0000] {dag.py:3239} INFO - Sync 1 DAGs
[2026-09-10T21:23:15.859+0000] {logging_mixin.py:190} INFO - [2026-09-10T21:23:15.858+0000] {dag.py:4180} INFO - Setting next_dagrun for 1201_payload_producer to None, run_after=None
[2026-09-10T21:23:15.880+0000] {processor.py:208} INFO - Processing /opt/airflow/dags/1201_payload_producer.py took 0.092 seconds
[2026-09-10T21:23:46.051+0000] {processor.py:186} INFO - Started process (PID=9162) to work on /opt/airflow/dags/1201_payload_producer.py
[2026-09-10T21:23:46.053+0000] {processor.py:914} INFO - Processing file /opt/airflow/dags/1201_payload_producer.py for tasks to queue
[2026-09-10T21:23:46.056+0000] {logging_mixin.py:190} INFO - [2026-09-10T21:23:46.055+0000] {dagbag.py:588} INFO - Filling up the DagBag from /opt/airflow/dags/1201_payload_producer.py
[2026-09-10T21:23:46.067+0000] {processor.py:925} INFO - DAG(s) '1201_payload_producer' retrieved from /opt/airflow/dags/1201_payload_producer.py
[2026-09-10T21:23:46.096+0000] {logging_mixin.py:190} INFO - [2026-09-10T21:23:46.095+0000] {dag.py:3239} INFO - Sync 1 DAGs
[2026-09-10T21:23:46.111+0000] {logging_mixin.py:190} INFO - [2026-09-10T21:23:46.111+0000] {dag.py:4180} INFO - Setting next_dagrun for 1201_payload_producer to None, run_after=None
[2026-09-10T21:23:46.132+0000] {processor.py:208} INFO - Processing /opt/airflow/dags/1201_payload_producer.py took 0.091 seconds
[2026-09-10T21:24:16.228+0000] {processor.py:186} INFO - Started process (PID=9232) to work on /opt/airflow/dags/1201_payload_producer.py
[2026-09-10T21:24:16.229+0000] {processor.py:914} INFO - Processing file /opt/airflow/dags/1201_payload_producer.py for tasks to queue
[2026-09-10T21:24:16.232+0000] {logging_mixin.py:190} INFO - [2026-09-10T21:24:16.231+0000] {dagbag.py:588} INFO - Filling up the DagBag from /opt/airflow/dags/1201_payload_producer.py
[2026-09-10T21:24:16.243+0000] {processor.py:925} INFO - DAG(s) '1201_payload_producer' retrieved from /opt/airflow/dags/1201_payload_producer.py
[2026-09-10T21:24:16.279+0000] {logging_mixin.py:190} INFO - [2026-09-10T21:24:16.279+0000] {dag.py:3239} INFO - Sync 1 DAGs
[2026-09-10T21:24:16.301+0000] {logging_mixin.py:190} INFO - [2026-09-10T21:24:16.301+0000] {dag.py:4180} INFO - Setting next_dagrun for 1201_payload_producer to None, run_after=None
[2026-09-10T21:24:16.323+0000] {processor.py:208} INFO - Processing /opt/airflow/dags/1201_payload_producer.py took 0.103 seconds
[2026-09-10T21:24:46.495+0000] {processor.py:186} INFO - Started process (PID=9302) to work on /opt/airflow/dags/1201_payload_producer.py
[2026-09-10T21:24:46.496+0000] {processor.py:914} INFO - Processing file /opt/airflow/dags/1201_payload_producer.py for tasks to queue
[2026-09-10T21:24:46.499+0000] {logging_mixin.py:190} INFO - [2026-09-10T21:24:46.499+0000] {dagbag.py:588} INFO - Filling up the DagBag from /opt/airflow/dags/1201_payload_producer.py
[2026-09-10T21:24:46.510+0000] {processor.py:925} INFO - DAG(s) '1201_payload_producer' retrieved from /opt/airflow/dags/1201_payload_producer.py
[2026-09-10T21:24:46.547+0000] {logging_mixin.py:190} INFO - [2026-09-10T21:24:46.547+0000] {dag.py:3239} INFO - Sync 1 DAGs
[2026-09-10T21:24:46.568+0000] {logging_mixin.py:190} INFO - [2026-09-10T21:24:46.567+0000] {dag.py:4180} INFO - Setting next_dagrun for 1201_payload_producer to None, run_after=None
[2026-09-10T21:24:46.587+0000] {processor.py:208} INFO - Processing /opt/airflow/dags/1201_payload_producer.py took 0.104 seconds
[2026-09-10T21:25:16.665+0000] {processor.py:186} INFO - Started process (PID=9372) to work on /opt/airflow/dags/1201_payload_producer.py
[2026-09-10T21:25:16.666+0000] {processor.py:914} INFO - Processing file /opt/airflow/dags/1201_payload_producer.py for tasks to queue
[2026-09-10T21:25:16.669+0000] {logging_mixin.py:190} INFO - [2026-09-10T21:25:16.669+0000] {dagbag.py:588} INFO - Filling up the DagBag from /opt/airflow/dags/1201_payload_producer.py
[2026-09-10T21:25:16.679+0000] {processor.py:925} INFO - DAG(s) '1201_payload_producer' retrieved from /opt/airflow/dags/1201_payload_producer.py
[2026-09-10T21:25:16.711+0000] {logging_mixin.py:190} INFO - [2026-09-10T21:25:16.711+0000] {dag.py:3239} INFO - Sync 1 DAGs
[2026-09-10T21:25:16.727+0000] {logging_mixin.py:190} INFO - [2026-09-10T21:25:16.727+0000] {dag.py:4180} INFO - Setting next_dagrun for 1201_payload_producer to None, run_after=None
[2026-09-10T21:25:16.747+0000] {processor.py:208} INFO - Processing /opt/airflow/dags/1201_payload_producer.py took 0.091 seconds
[2026-09-10T21:25:46.890+0000] {processor.py:186} INFO - Started process (PID=9442) to work on /opt/airflow/dags/1201_payload_producer.py
[2026-09-10T21:25:46.891+0000] {processor.py:914} INFO - Processing file /opt/airflow/dags/1201_payload_producer.py for tasks to queue
[2026-09-10T21:25:46.894+0000] {logging_mixin.py:190} INFO - [2026-09-10T21:25:46.894+0000] {dagbag.py:588} INFO - Filling up the DagBag from /opt/airflow/dags/1201_payload_producer.py
[2026-09-10T21:25:46.904+0000] {processor.py:925} INFO - DAG(s) '1201_payload_producer' retrieved from /opt/airflow/dags/1201_payload_producer.py
[2026-09-10T21:25:46.936+0000] {logging_mixin.py:190} INFO - [2026-09-10T21:25:46.936+0000] {dag.py:3239} INFO - Sync 1 DAGs
[2026-09-10T21:25:46.952+0000] {logging_mixin.py:190} INFO - [2026-09-10T21:25:46.952+0000] {dag.py:4180} INFO - Setting next_dagrun for 1201_payload_producer to None, run_after=None
[2026-09-10T21:25:46.972+0000] {processor.py:208} INFO - Processing /opt/airflow/dags/1201_payload_producer.py took 0.089 seconds
[2026-09-10T21:26:17.026+0000] {processor.py:186} INFO - Started process (PID=9512) to work on /opt/airflow/dags/1201_payload_producer.py
[2026-09-10T21:26:17.027+0000] {processor.py:914} INFO - Processing file /opt/airflow/dags/1201_payload_producer.py for tasks to queue
[2026-09-10T21:26:17.030+0000] {logging_mixin.py:190} INFO - [2026-09-10T21:26:17.030+0000] {dagbag.py:588} INFO - Filling up the DagBag from /opt/airflow/dags/1201_payload_producer.py
[2026-09-10T21:26:17.040+0000] {processor.py:925} INFO - DAG(s) '1201_payload_producer' retrieved from /opt/airflow/dags/1201_payload_producer.py
[2026-09-10T21:26:17.074+0000] {logging_mixin.py:190} INFO - [2026-09-10T21:26:17.074+0000] {dag.py:3239} INFO - Sync 1 DAGs
[2026-09-10T21:26:17.090+0000] {logging_mixin.py:190} INFO - [2026-09-10T21:26:17.090+0000] {dag.py:4180} INFO - Setting next_dagrun for 1201_payload_producer to None, run_after=None
[2026-09-10T21:26:17.109+0000] {processor.py:208} INFO - Processing /opt/airflow/dags/1201_payload_producer.py took 0.091 seconds
[2026-09-10T21:26:47.191+0000] {processor.py:186} INFO - Started process (PID=9582) to work on /opt/airflow/dags/1201_payload_producer.py
[2026-09-10T21:26:47.192+0000] {processor.py:914} INFO - Processing file /opt/airflow/dags/1201_payload_producer.py for tasks to queue
[2026-09-10T21:26:47.196+0000] {logging_mixin.py:190} INFO - [2026-09-10T21:26:47.195+0000] {dagbag.py:588} INFO - Filling up the DagBag from /opt/airflow/dags/1201_payload_producer.py
[2026-09-10T21:26:47.210+0000] {processor.py:925} INFO - DAG(s) '1201_payload_producer' retrieved from /opt/airflow/dags/1201_payload_producer.py
[2026-09-10T21:26:47.242+0000] {logging_mixin.py:190} INFO - [2026-09-10T21:26:47.242+0000] {dag.py:3239} INFO - Sync 1 DAGs
[2026-09-10T21:26:47.260+0000] {logging_mixin.py:190} INFO - [2026-09-10T21:26:47.259+0000] {dag.py:4180} INFO - Setting next_dagrun for 1201_payload_producer to None, run_after=None
[2026-09-10T21:26:47.281+0000] {processor.py:208} INFO - Processing /opt/airflow/dags/1201_payload_producer.py took 0.099 seconds
[2026-09-10T21:27:17.357+0000] {processor.py:186} INFO - Started process (PID=9652) to work on /opt/airflow/dags/1201_payload_producer.py
[2026-09-10T21:27:17.358+0000] {processor.py:914} INFO - Processing file /opt/airflow/dags/1201_payload_producer.py for tasks to queue
[2026-09-10T21:27:17.361+0000] {logging_mixin.py:190} INFO - [2026-09-10T21:27:17.361+0000] {dagbag.py:588} INFO - Filling up the DagBag from /opt/airflow/dags/1201_payload_producer.py
[2026-09-10T21:27:17.372+0000] {processor.py:925} INFO - DAG(s) '1201_payload_producer' retrieved from /opt/airflow/dags/1201_payload_producer.py
[2026-09-10T21:27:17.401+0000] {logging_mixin.py:190} INFO - [2026-09-10T21:27:17.401+0000] {dag.py:3239} INFO - Sync 1 DAGs
[2026-09-10T21:27:17.417+0000] {logging_mixin.py:190} INFO - [2026-09-10T21:27:17.417+0000] {dag.py:4180} INFO - Setting next_dagrun for 1201_payload_producer to None, run_after=None
[2026-09-10T21:27:17.442+0000] {processor.py:208} INFO - Processing /opt/airflow/dags/1201_payload_producer.py took 0.096 seconds
[2026-09-10T21:27:47.789+0000] {processor.py:186} INFO - Started process (PID=9722) to work on /opt/airflow/dags/1201_payload_producer.py
[2026-09-10T21:27:47.790+0000] {processor.py:914} INFO - Processing file /opt/airflow/dags/1201_payload_producer.py for tasks to queue
[2026-09-10T21:27:47.794+0000] {logging_mixin.py:190} INFO - [2026-09-10T21:27:47.793+0000] {dagbag.py:588} INFO - Filling up the DagBag from /opt/airflow/dags/1201_payload_producer.py
[2026-09-10T21:27:47.804+0000] {processor.py:925} INFO - DAG(s) '1201_payload_producer' retrieved from /opt/airflow/dags/1201_payload_producer.py
[2026-09-10T21:27:47.838+0000] {logging_mixin.py:190} INFO - [2026-09-10T21:27:47.837+0000] {dag.py:3239} INFO - Sync 1 DAGs
[2026-09-10T21:27:47.856+0000] {logging_mixin.py:190} INFO - [2026-09-10T21:27:47.856+0000] {dag.py:4180} INFO - Setting next_dagrun for 1201_payload_producer to None, run_after=None
[2026-09-10T21:27:47.876+0000] {processor.py:208} INFO - Processing /opt/airflow/dags/1201_payload_producer.py took 0.098 seconds
[2026-09-10T21:28:17.976+0000] {processor.py:186} INFO - Started process (PID=9792) to work on /opt/airflow/dags/1201_payload_producer.py
[2026-09-10T21:28:17.977+0000] {processor.py:914} INFO - Processing file /opt/airflow/dags/1201_payload_producer.py for tasks to queue
[2026-09-10T21:28:17.982+0000] {logging_mixin.py:190} INFO - [2026-09-10T21:28:17.981+0000] {dagbag.py:588} INFO - Filling up the DagBag from /opt/airflow/dags/1201_payload_producer.py
[2026-09-10T21:28:17.999+0000] {processor.py:925} INFO - DAG(s) '1201_payload_producer' retrieved from /opt/airflow/dags/1201_payload_producer.py
[2026-09-10T21:28:18.049+0000] {logging_mixin.py:190} INFO - [2026-09-10T21:28:18.049+0000] {dag.py:3239} INFO - Sync 1 DAGs
[2026-09-10T21:28:18.070+0000] {logging_mixin.py:190} INFO - [2026-09-10T21:28:18.070+0000] {dag.py:4180} INFO - Setting next_dagrun for 1201_payload_producer to None, run_after=None
[2026-09-10T21:28:18.093+0000] {processor.py:208} INFO - Processing /opt/airflow/dags/1201_payload_producer.py took 0.125 seconds
[2026-09-10T21:28:48.278+0000] {processor.py:186} INFO - Started process (PID=9862) to work on /opt/airflow/dags/1201_payload_producer.py
[2026-09-10T21:28:48.279+0000] {processor.py:914} INFO - Processing file /opt/airflow/dags/1201_payload_producer.py for tasks to queue
[2026-09-10T21:28:48.282+0000] {logging_mixin.py:190} INFO - [2026-09-10T21:28:48.282+0000] {dagbag.py:588} INFO - Filling up the DagBag from /opt/airflow/dags/1201_payload_producer.py
[2026-09-10T21:28:48.291+0000] {processor.py:925} INFO - DAG(s) '1201_payload_producer' retrieved from /opt/airflow/dags/1201_payload_producer.py
[2026-09-10T21:28:48.325+0000] {logging_mixin.py:190} INFO - [2026-09-10T21:28:48.324+0000] {dag.py:3239} INFO - Sync 1 DAGs
[2026-09-10T21:28:48.344+0000] {logging_mixin.py:190} INFO - [2026-09-10T21:28:48.344+0000] {dag.py:4180} INFO - Setting next_dagrun for 1201_payload_producer to None, run_after=None
[2026-09-10T21:28:48.373+0000] {processor.py:208} INFO - Processing /opt/airflow/dags/1201_payload_producer.py took 0.102 seconds
[2026-09-10T21:29:18.479+0000] {processor.py:186} INFO - Started process (PID=9932) to work on /opt/airflow/dags/1201_payload_producer.py
[2026-09-10T21:29:18.480+0000] {processor.py:914} INFO - Processing file /opt/airflow/dags/1201_payload_producer.py for tasks to queue
[2026-09-10T21:29:18.486+0000] {logging_mixin.py:190} INFO - [2026-09-10T21:29:18.486+0000] {dagbag.py:588} INFO - Filling up the DagBag from /opt/airflow/dags/1201_payload_producer.py
[2026-09-10T21:29:18.500+0000] {processor.py:925} INFO - DAG(s) '1201_payload_producer' retrieved from /opt/airflow/dags/1201_payload_producer.py
[2026-09-10T21:29:18.536+0000] {logging_mixin.py:190} INFO - [2026-09-10T21:29:18.536+0000] {dag.py:3239} INFO - Sync 1 DAGs
[2026-09-10T21:29:18.556+0000] {logging_mixin.py:190} INFO - [2026-09-10T21:29:18.556+0000] {dag.py:4180} INFO - Setting next_dagrun for 1201_payload_producer to None, run_after=None
[2026-09-10T21:29:18.577+0000] {processor.py:208} INFO - Processing /opt/airflow/dags/1201_payload_producer.py took 0.108 seconds
[2026-09-10T21:29:48.660+0000] {processor.py:186} INFO - Started process (PID=10002) to work on /opt/airflow/dags/1201_payload_producer.py
[2026-09-10T21:29:48.662+0000] {processor.py:914} INFO - Processing file /opt/airflow/dags/1201_payload_producer.py for tasks to queue
[2026-09-10T21:29:48.665+0000] {logging_mixin.py:190} INFO - [2026-09-10T21:29:48.664+0000] {dagbag.py:588} INFO - Filling up the DagBag from /opt/airflow/dags/1201_payload_producer.py
[2026-09-10T21:29:48.676+0000] {processor.py:925} INFO - DAG(s) '1201_payload_producer' retrieved from /opt/airflow/dags/1201_payload_producer.py
[2026-09-10T21:29:48.710+0000] {logging_mixin.py:190} INFO - [2026-09-10T21:29:48.710+0000] {dag.py:3239} INFO - Sync 1 DAGs
[2026-09-10T21:29:48.727+0000] {logging_mixin.py:190} INFO - [2026-09-10T21:29:48.727+0000] {dag.py:4180} INFO - Setting next_dagrun for 1201_payload_producer to None, run_after=None
[2026-09-10T21:29:48.747+0000] {processor.py:208} INFO - Processing /opt/airflow/dags/1201_payload_producer.py took 0.096 seconds
[2026-09-10T21:30:18.981+0000] {processor.py:186} INFO - Started process (PID=10072) to work on /opt/airflow/dags/1201_payload_producer.py
[2026-09-10T21:30:18.982+0000] {processor.py:914} INFO - Processing file /opt/airflow/dags/1201_payload_producer.py for tasks to queue
[2026-09-10T21:30:18.987+0000] {logging_mixin.py:190} INFO - [2026-09-10T21:30:18.986+0000] {dagbag.py:588} INFO - Filling up the DagBag from /opt/airflow/dags/1201_payload_producer.py
[2026-09-10T21:30:18.999+0000] {processor.py:925} INFO - DAG(s) '1201_payload_producer' retrieved from /opt/airflow/dags/1201_payload_producer.py
[2026-09-10T21:30:19.039+0000] {logging_mixin.py:190} INFO - [2026-09-10T21:30:19.039+0000] {dag.py:3239} INFO - Sync 1 DAGs
[2026-09-10T21:30:19.058+0000] {logging_mixin.py:190} INFO - [2026-09-10T21:30:19.058+0000] {dag.py:4180} INFO - Setting next_dagrun for 1201_payload_producer to None, run_after=None
[2026-09-10T21:30:19.077+0000] {processor.py:208} INFO - Processing /opt/airflow/dags/1201_payload_producer.py took 0.110 seconds
[2026-09-10T21:30:49.300+0000] {processor.py:186} INFO - Started process (PID=10142) to work on /opt/airflow/dags/1201_payload_producer.py
[2026-09-10T21:30:49.301+0000] {processor.py:914} INFO - Processing file /opt/airflow/dags/1201_payload_producer.py for tasks to queue
[2026-09-10T21:30:49.304+0000] {logging_mixin.py:190} INFO - [2026-09-10T21:30:49.304+0000] {dagbag.py:588} INFO - Filling up the DagBag from /opt/airflow/dags/1201_payload_producer.py
[2026-09-10T21:30:49.312+0000] {processor.py:925} INFO - DAG(s) '1201_payload_producer' retrieved from /opt/airflow/dags/1201_payload_producer.py
[2026-09-10T21:30:49.341+0000] {logging_mixin.py:190} INFO - [2026-09-10T21:30:49.341+0000] {dag.py:3239} INFO - Sync 1 DAGs
[2026-09-10T21:30:49.356+0000] {logging_mixin.py:190} INFO - [2026-09-10T21:30:49.356+0000] {dag.py:4180} INFO - Setting next_dagrun for 1201_payload_producer to None, run_after=None
[2026-09-10T21:30:49.375+0000] {processor.py:208} INFO - Processing /opt/airflow/dags/1201_payload_producer.py took 0.082 seconds
[2026-09-10T21:31:19.472+0000] {processor.py:186} INFO - Started process (PID=10212) to work on /opt/airflow/dags/1201_payload_producer.py
[2026-09-10T21:31:19.474+0000] {processor.py:914} INFO - Processing file /opt/airflow/dags/1201_payload_producer.py for tasks to queue
[2026-09-10T21:31:19.477+0000] {logging_mixin.py:190} INFO - [2026-09-10T21:31:19.476+0000] {dagbag.py:588} INFO - Filling up the DagBag from /opt/airflow/dags/1201_payload_producer.py
[2026-09-10T21:31:19.489+0000] {processor.py:925} INFO - DAG(s) '1201_payload_producer' retrieved from /opt/airflow/dags/1201_payload_producer.py
[2026-09-10T21:31:19.529+0000] {logging_mixin.py:190} INFO - [2026-09-10T21:31:19.528+0000] {dag.py:3239} INFO - Sync 1 DAGs
[2026-09-10T21:31:19.549+0000] {logging_mixin.py:190} INFO - [2026-09-10T21:31:19.549+0000] {dag.py:4180} INFO - Setting next_dagrun for 1201_payload_producer to None, run_after=None
[2026-09-10T21:31:19.571+0000] {processor.py:208} INFO - Processing /opt/airflow/dags/1201_payload_producer.py took 0.108 seconds
[2026-09-10T21:31:49.730+0000] {processor.py:186} INFO - Started process (PID=10282) to work on /opt/airflow/dags/1201_payload_producer.py
[2026-09-10T21:31:49.731+0000] {processor.py:914} INFO - Processing file /opt/airflow/dags/1201_payload_producer.py for tasks to queue
[2026-09-10T21:31:49.734+0000] {logging_mixin.py:190} INFO - [2026-09-10T21:31:49.734+0000] {dagbag.py:588} INFO - Filling up the DagBag from /opt/airflow/dags/1201_payload_producer.py
[2026-09-10T21:31:49.748+0000] {processor.py:925} INFO - DAG(s) '1201_payload_producer' retrieved from /opt/airflow/dags/1201_payload_producer.py
[2026-09-10T21:31:49.780+0000] {logging_mixin.py:190} INFO - [2026-09-10T21:31:49.780+0000] {dag.py:3239} INFO - Sync 1 DAGs
[2026-09-10T21:31:49.796+0000] {logging_mixin.py:190} INFO - [2026-09-10T21:31:49.796+0000] {dag.py:4180} INFO - Setting next_dagrun for 1201_payload_producer to None, run_after=None
[2026-09-10T21:31:49.816+0000] {processor.py:208} INFO - Processing /opt/airflow/dags/1201_payload_producer.py took 0.095 seconds
[2026-09-10T21:32:19.933+0000] {processor.py:186} INFO - Started process (PID=10352) to work on /opt/airflow/dags/1201_payload_producer.py
[2026-09-10T21:32:19.934+0000] {processor.py:914} INFO - Processing file /opt/airflow/dags/1201_payload_producer.py for tasks to queue
[2026-09-10T21:32:19.936+0000] {logging_mixin.py:190} INFO - [2026-09-10T21:32:19.936+0000] {dagbag.py:588} INFO - Filling up the DagBag from /opt/airflow/dags/1201_payload_producer.py
[2026-09-10T21:32:19.944+0000] {processor.py:925} INFO - DAG(s) '1201_payload_producer' retrieved from /opt/airflow/dags/1201_payload_producer.py
[2026-09-10T21:32:19.970+0000] {logging_mixin.py:190} INFO - [2026-09-10T21:32:19.969+0000] {dag.py:3239} INFO - Sync 1 DAGs
[2026-09-10T21:32:19.982+0000] {logging_mixin.py:190} INFO - [2026-09-10T21:32:19.982+0000] {dag.py:4180} INFO - Setting next_dagrun for 1201_payload_producer to None, run_after=None
[2026-09-10T21:32:20.002+0000] {processor.py:208} INFO - Processing /opt/airflow/dags/1201_payload_producer.py took 0.076 seconds
[2026-09-10T21:32:50.184+0000] {processor.py:186} INFO - Started process (PID=10422) to work on /opt/airflow/dags/1201_payload_producer.py
[2026-09-10T21:32:50.186+0000] {processor.py:914} INFO - Processing file /opt/airflow/dags/1201_payload_producer.py for tasks to queue
[2026-09-10T21:32:50.188+0000] {logging_mixin.py:190} INFO - [2026-09-10T21:32:50.188+0000] {dagbag.py:588} INFO - Filling up the DagBag from /opt/airflow/dags/1201_payload_producer.py
[2026-09-10T21:32:50.198+0000] {processor.py:925} INFO - DAG(s) '1201_payload_producer' retrieved from /opt/airflow/dags/1201_payload_producer.py
[2026-09-10T21:32:50.228+0000] {logging_mixin.py:190} INFO - [2026-09-10T21:32:50.228+0000] {dag.py:3239} INFO - Sync 1 DAGs
[2026-09-10T21:32:50.245+0000] {logging_mixin.py:190} INFO - [2026-09-10T21:32:50.244+0000] {dag.py:4180} INFO - Setting next_dagrun for 1201_payload_producer to None, run_after=None
[2026-09-10T21:32:50.265+0000] {processor.py:208} INFO - Processing /opt/airflow/dags/1201_payload_producer.py took 0.090 seconds
[2026-09-10T21:33:20.463+0000] {processor.py:186} INFO - Started process (PID=10492) to work on /opt/airflow/dags/1201_payload_producer.py
[2026-09-10T21:33:20.464+0000] {processor.py:914} INFO - Processing file /opt/airflow/dags/1201_payload_producer.py for tasks to queue
[2026-09-10T21:33:20.467+0000] {logging_mixin.py:190} INFO - [2026-09-10T21:33:20.466+0000] {dagbag.py:588} INFO - Filling up the DagBag from /opt/airflow/dags/1201_payload_producer.py
[2026-09-10T21:33:20.476+0000] {processor.py:925} INFO - DAG(s) '1201_payload_producer' retrieved from /opt/airflow/dags/1201_payload_producer.py
[2026-09-10T21:33:20.507+0000] {logging_mixin.py:190} INFO - [2026-09-10T21:33:20.507+0000] {dag.py:3239} INFO - Sync 1 DAGs
[2026-09-10T21:33:20.523+0000] {logging_mixin.py:190} INFO - [2026-09-10T21:33:20.523+0000] {dag.py:4180} INFO - Setting next_dagrun for 1201_payload_producer to None, run_after=None
[2026-09-10T21:33:20.545+0000] {processor.py:208} INFO - Processing /opt/airflow/dags/1201_payload_producer.py took 0.091 seconds
[2026-09-10T21:33:50.636+0000] {processor.py:186} INFO - Started process (PID=10562) to work on /opt/airflow/dags/1201_payload_producer.py
[2026-09-10T21:33:50.637+0000] {processor.py:914} INFO - Processing file /opt/airflow/dags/1201_payload_producer.py for tasks to queue
[2026-09-10T21:33:50.639+0000] {logging_mixin.py:190} INFO - [2026-09-10T21:33:50.639+0000] {dagbag.py:588} INFO - Filling up the DagBag from /opt/airflow/dags/1201_payload_producer.py
[2026-09-10T21:33:50.647+0000] {processor.py:925} INFO - DAG(s) '1201_payload_producer' retrieved from /opt/airflow/dags/1201_payload_producer.py
[2026-09-10T21:33:50.678+0000] {logging_mixin.py:190} INFO - [2026-09-10T21:33:50.678+0000] {dag.py:3239} INFO - Sync 1 DAGs
[2026-09-10T21:33:50.695+0000] {logging_mixin.py:190} INFO - [2026-09-10T21:33:50.695+0000] {dag.py:4180} INFO - Setting next_dagrun for 1201_payload_producer to None, run_after=None
[2026-09-10T21:33:50.718+0000] {processor.py:208} INFO - Processing /opt/airflow/dags/1201_payload_producer.py took 0.089 seconds
[2026-09-10T21:34:21.764+0000] {processor.py:186} INFO - Started process (PID=10632) to work on /opt/airflow/dags/1201_payload_producer.py
[2026-09-10T21:34:21.764+0000] {processor.py:914} INFO - Processing file /opt/airflow/dags/1201_payload_producer.py for tasks to queue
[2026-09-10T21:34:21.767+0000] {logging_mixin.py:190} INFO - [2026-09-10T21:34:21.766+0000] {dagbag.py:588} INFO - Filling up the DagBag from /opt/airflow/dags/1201_payload_producer.py
[2026-09-10T21:34:21.775+0000] {processor.py:925} INFO - DAG(s) '1201_payload_producer' retrieved from /opt/airflow/dags/1201_payload_producer.py
[2026-09-10T21:34:21.812+0000] {logging_mixin.py:190} INFO - [2026-09-10T21:34:21.811+0000] {dag.py:3239} INFO - Sync 1 DAGs
[2026-09-10T21:34:21.830+0000] {logging_mixin.py:190} INFO - [2026-09-10T21:34:21.830+0000] {dag.py:4180} INFO - Setting next_dagrun for 1201_payload_producer to None, run_after=None
[2026-09-10T21:34:21.852+0000] {processor.py:208} INFO - Processing /opt/airflow/dags/1201_payload_producer.py took 0.094 seconds
[2026-09-10T21:34:52.876+0000] {processor.py:186} INFO - Started process (PID=10702) to work on /opt/airflow/dags/1201_payload_producer.py
[2026-09-10T21:34:52.877+0000] {processor.py:914} INFO - Processing file /opt/airflow/dags/1201_payload_producer.py for tasks to queue
[2026-09-10T21:34:52.879+0000] {logging_mixin.py:190} INFO - [2026-09-10T21:34:52.879+0000] {dagbag.py:588} INFO - Filling up the DagBag from /opt/airflow/dags/1201_payload_producer.py
[2026-09-10T21:34:52.887+0000] {processor.py:925} INFO - DAG(s) '1201_payload_producer' retrieved from /opt/airflow/dags/1201_payload_producer.py
[2026-09-10T21:34:52.915+0000] {logging_mixin.py:190} INFO - [2026-09-10T21:34:52.915+0000] {dag.py:3239} INFO - Sync 1 DAGs
[2026-09-10T21:34:52.930+0000] {logging_mixin.py:190} INFO - [2026-09-10T21:34:52.930+0000] {dag.py:4180} INFO - Setting next_dagrun for 1201_payload_producer to None, run_after=None
[2026-09-10T21:34:52.949+0000] {processor.py:208} INFO - Processing /opt/airflow/dags/1201_payload_producer.py took 0.080 seconds
[2026-09-10T21:35:23.152+0000] {processor.py:186} INFO - Started process (PID=10772) to work on /opt/airflow/dags/1201_payload_producer.py
[2026-09-10T21:35:23.153+0000] {processor.py:914} INFO - Processing file /opt/airflow/dags/1201_payload_producer.py for tasks to queue
[2026-09-10T21:35:23.162+0000] {logging_mixin.py:190} INFO - [2026-09-10T21:35:23.161+0000] {dagbag.py:588} INFO - Filling up the DagBag from /opt/airflow/dags/1201_payload_producer.py
[2026-09-10T21:35:23.188+0000] {processor.py:925} INFO - DAG(s) '1201_payload_producer' retrieved from /opt/airflow/dags/1201_payload_producer.py
[2026-09-10T21:35:23.233+0000] {logging_mixin.py:190} INFO - [2026-09-10T21:35:23.232+0000] {dag.py:3239} INFO - Sync 1 DAGs
[2026-09-10T21:35:23.258+0000] {logging_mixin.py:190} INFO - [2026-09-10T21:35:23.258+0000] {dag.py:4180} INFO - Setting next_dagrun for 1201_payload_producer to None, run_after=None
[2026-09-10T21:35:23.288+0000] {processor.py:208} INFO - Processing /opt/airflow/dags/1201_payload_producer.py took 0.174 seconds
[2026-09-10T21:35:53.754+0000] {processor.py:186} INFO - Started process (PID=10842) to work on /opt/airflow/dags/1201_payload_producer.py
[2026-09-10T21:35:53.756+0000] {processor.py:914} INFO - Processing file /opt/airflow/dags/1201_payload_producer.py for tasks to queue
[2026-09-10T21:35:53.758+0000] {logging_mixin.py:190} INFO - [2026-09-10T21:35:53.758+0000] {dagbag.py:588} INFO - Filling up the DagBag from /opt/airflow/dags/1201_payload_producer.py
[2026-09-10T21:35:53.768+0000] {processor.py:925} INFO - DAG(s) '1201_payload_producer' retrieved from /opt/airflow/dags/1201_payload_producer.py
[2026-09-10T21:35:53.798+0000] {logging_mixin.py:190} INFO - [2026-09-10T21:35:53.798+0000] {dag.py:3239} INFO - Sync 1 DAGs
[2026-09-10T21:35:53.813+0000] {logging_mixin.py:190} INFO - [2026-09-10T21:35:53.813+0000] {dag.py:4180} INFO - Setting next_dagrun for 1201_payload_producer to None, run_after=None
[2026-09-10T21:35:53.833+0000] {processor.py:208} INFO - Processing /opt/airflow/dags/1201_payload_producer.py took 0.090 seconds
[2026-09-10T21:36:23.968+0000] {processor.py:186} INFO - Started process (PID=10912) to work on /opt/airflow/dags/1201_payload_producer.py
[2026-09-10T21:36:23.969+0000] {processor.py:914} INFO - Processing file /opt/airflow/dags/1201_payload_producer.py for tasks to queue
[2026-09-10T21:36:23.971+0000] {logging_mixin.py:190} INFO - [2026-09-10T21:36:23.970+0000] {dagbag.py:588} INFO - Filling up the DagBag from /opt/airflow/dags/1201_payload_producer.py
[2026-09-10T21:36:23.978+0000] {processor.py:925} INFO - DAG(s) '1201_payload_producer' retrieved from /opt/airflow/dags/1201_payload_producer.py
[2026-09-10T21:36:24.019+0000] {logging_mixin.py:190} INFO - [2026-09-10T21:36:24.019+0000] {dag.py:3239} INFO - Sync 1 DAGs
[2026-09-10T21:36:24.038+0000] {logging_mixin.py:190} INFO - [2026-09-10T21:36:24.037+0000] {dag.py:4180} INFO - Setting next_dagrun for 1201_payload_producer to None, run_after=None
[2026-09-10T21:36:24.058+0000] {processor.py:208} INFO - Processing /opt/airflow/dags/1201_payload_producer.py took 0.097 seconds
[2026-09-10T21:36:54.217+0000] {processor.py:186} INFO - Started process (PID=10982) to work on /opt/airflow/dags/1201_payload_producer.py
[2026-09-10T21:36:54.219+0000] {processor.py:914} INFO - Processing file /opt/airflow/dags/1201_payload_producer.py for tasks to queue
[2026-09-10T21:36:54.222+0000] {logging_mixin.py:190} INFO - [2026-09-10T21:36:54.221+0000] {dagbag.py:588} INFO - Filling up the DagBag from /opt/airflow/dags/1201_payload_producer.py
[2026-09-10T21:36:54.233+0000] {processor.py:925} INFO - DAG(s) '1201_payload_producer' retrieved from /opt/airflow/dags/1201_payload_producer.py
[2026-09-10T21:36:54.268+0000] {logging_mixin.py:190} INFO - [2026-09-10T21:36:54.268+0000] {dag.py:3239} INFO - Sync 1 DAGs
[2026-09-10T21:36:54.286+0000] {logging_mixin.py:190} INFO - [2026-09-10T21:36:54.286+0000] {dag.py:4180} INFO - Setting next_dagrun for 1201_payload_producer to None, run_after=None
[2026-09-10T21:36:54.309+0000] {processor.py:208} INFO - Processing /opt/airflow/dags/1201_payload_producer.py took 0.100 seconds
[2026-09-10T21:37:24.547+0000] {processor.py:186} INFO - Started process (PID=11052) to work on /opt/airflow/dags/1201_payload_producer.py
[2026-09-10T21:37:24.548+0000] {processor.py:914} INFO - Processing file /opt/airflow/dags/1201_payload_producer.py for tasks to queue
[2026-09-10T21:37:24.551+0000] {logging_mixin.py:190} INFO - [2026-09-10T21:37:24.550+0000] {dagbag.py:588} INFO - Filling up the DagBag from /opt/airflow/dags/1201_payload_producer.py
[2026-09-10T21:37:24.561+0000] {processor.py:925} INFO - DAG(s) '1201_payload_producer' retrieved from /opt/airflow/dags/1201_payload_producer.py
[2026-09-10T21:37:24.594+0000] {logging_mixin.py:190} INFO - [2026-09-10T21:37:24.594+0000] {dag.py:3239} INFO - Sync 1 DAGs
[2026-09-10T21:37:24.610+0000] {logging_mixin.py:190} INFO - [2026-09-10T21:37:24.610+0000] {dag.py:4180} INFO - Setting next_dagrun for 1201_payload_producer to None, run_after=None
[2026-09-10T21:37:24.630+0000] {processor.py:208} INFO - Processing /opt/airflow/dags/1201_payload_producer.py took 0.092 seconds
[2026-09-10T21:37:54.716+0000] {processor.py:186} INFO - Started process (PID=11122) to work on /opt/airflow/dags/1201_payload_producer.py
[2026-09-10T21:37:54.717+0000] {processor.py:914} INFO - Processing file /opt/airflow/dags/1201_payload_producer.py for tasks to queue
[2026-09-10T21:37:54.719+0000] {logging_mixin.py:190} INFO - [2026-09-10T21:37:54.719+0000] {dagbag.py:588} INFO - Filling up the DagBag from /opt/airflow/dags/1201_payload_producer.py
[2026-09-10T21:37:54.729+0000] {processor.py:925} INFO - DAG(s) '1201_payload_producer' retrieved from /opt/airflow/dags/1201_payload_producer.py
[2026-09-10T21:37:54.759+0000] {logging_mixin.py:190} INFO - [2026-09-10T21:37:54.759+0000] {dag.py:3239} INFO - Sync 1 DAGs
[2026-09-10T21:37:54.775+0000] {logging_mixin.py:190} INFO - [2026-09-10T21:37:54.775+0000] {dag.py:4180} INFO - Setting next_dagrun for 1201_payload_producer to None, run_after=None
[2026-09-10T21:37:54.796+0000] {processor.py:208} INFO - Processing /opt/airflow/dags/1201_payload_producer.py took 0.088 seconds
[2026-09-10T21:38:24.992+0000] {processor.py:186} INFO - Started process (PID=11192) to work on /opt/airflow/dags/1201_payload_producer.py
[2026-09-10T21:38:24.994+0000] {processor.py:914} INFO - Processing file /opt/airflow/dags/1201_payload_producer.py for tasks to queue
[2026-09-10T21:38:24.998+0000] {logging_mixin.py:190} INFO - [2026-09-10T21:38:24.997+0000] {dagbag.py:588} INFO - Filling up the DagBag from /opt/airflow/dags/1201_payload_producer.py
[2026-09-10T21:38:25.016+0000] {processor.py:925} INFO - DAG(s) '1201_payload_producer' retrieved from /opt/airflow/dags/1201_payload_producer.py
[2026-09-10T21:38:25.046+0000] {logging_mixin.py:190} INFO - [2026-09-10T21:38:25.046+0000] {dag.py:3239} INFO - Sync 1 DAGs
[2026-09-10T21:38:25.063+0000] {logging_mixin.py:190} INFO - [2026-09-10T21:38:25.062+0000] {dag.py:4180} INFO - Setting next_dagrun for 1201_payload_producer to None, run_after=None
[2026-09-10T21:38:25.089+0000] {processor.py:208} INFO - Processing /opt/airflow/dags/1201_payload_producer.py took 0.106 seconds
[2026-09-10T21:38:55.154+0000] {processor.py:186} INFO - Started process (PID=11262) to work on /opt/airflow/dags/1201_payload_producer.py
[2026-09-10T21:38:55.155+0000] {processor.py:914} INFO - Processing file /opt/airflow/dags/1201_payload_producer.py for tasks to queue
[2026-09-10T21:38:55.158+0000] {logging_mixin.py:190} INFO - [2026-09-10T21:38:55.158+0000] {dagbag.py:588} INFO - Filling up the DagBag from /opt/airflow/dags/1201_payload_producer.py
[2026-09-10T21:38:55.168+0000] {processor.py:925} INFO - DAG(s) '1201_payload_producer' retrieved from /opt/airflow/dags/1201_payload_producer.py
[2026-09-10T21:38:55.202+0000] {logging_mixin.py:190} INFO - [2026-09-10T21:38:55.202+0000] {dag.py:3239} INFO - Sync 1 DAGs
[2026-09-10T21:38:55.219+0000] {logging_mixin.py:190} INFO - [2026-09-10T21:38:55.219+0000] {dag.py:4180} INFO - Setting next_dagrun for 1201_payload_producer to None, run_after=None
[2026-09-10T21:38:55.238+0000] {processor.py:208} INFO - Processing /opt/airflow/dags/1201_payload_producer.py took 0.092 seconds
[2026-09-10T21:39:25.378+0000] {processor.py:186} INFO - Started process (PID=11334) to work on /opt/airflow/dags/1201_payload_producer.py
[2026-09-10T21:39:25.380+0000] {processor.py:914} INFO - Processing file /opt/airflow/dags/1201_payload_producer.py for tasks to queue
[2026-09-10T21:39:25.383+0000] {logging_mixin.py:190} INFO - [2026-09-10T21:39:25.382+0000] {dagbag.py:588} INFO - Filling up the DagBag from /opt/airflow/dags/1201_payload_producer.py
[2026-09-10T21:39:25.393+0000] {processor.py:925} INFO - DAG(s) '1201_payload_producer' retrieved from /opt/airflow/dags/1201_payload_producer.py
[2026-09-10T21:39:25.425+0000] {logging_mixin.py:190} INFO - [2026-09-10T21:39:25.424+0000] {dag.py:3239} INFO - Sync 1 DAGs
[2026-09-10T21:39:25.441+0000] {logging_mixin.py:190} INFO - [2026-09-10T21:39:25.441+0000] {dag.py:4180} INFO - Setting next_dagrun for 1201_payload_producer to None, run_after=None
[2026-09-10T21:39:25.463+0000] {processor.py:208} INFO - Processing /opt/airflow/dags/1201_payload_producer.py took 0.093 seconds
[2026-09-10T21:39:55.689+0000] {processor.py:186} INFO - Started process (PID=11402) to work on /opt/airflow/dags/1201_payload_producer.py
[2026-09-10T21:39:55.690+0000] {processor.py:914} INFO - Processing file /opt/airflow/dags/1201_payload_producer.py for tasks to queue
[2026-09-10T21:39:55.693+0000] {logging_mixin.py:190} INFO - [2026-09-10T21:39:55.693+0000] {dagbag.py:588} INFO - Filling up the DagBag from /opt/airflow/dags/1201_payload_producer.py
[2026-09-10T21:39:55.703+0000] {processor.py:925} INFO - DAG(s) '1201_payload_producer' retrieved from /opt/airflow/dags/1201_payload_producer.py
[2026-09-10T21:39:55.732+0000] {logging_mixin.py:190} INFO - [2026-09-10T21:39:55.732+0000] {dag.py:3239} INFO - Sync 1 DAGs
[2026-09-10T21:39:55.750+0000] {logging_mixin.py:190} INFO - [2026-09-10T21:39:55.750+0000] {dag.py:4180} INFO - Setting next_dagrun for 1201_payload_producer to None, run_after=None
[2026-09-10T21:39:55.769+0000] {processor.py:208} INFO - Processing /opt/airflow/dags/1201_payload_producer.py took 0.089 seconds
[2026-09-10T21:40:25.862+0000] {processor.py:186} INFO - Started process (PID=11472) to work on /opt/airflow/dags/1201_payload_producer.py
[2026-09-10T21:40:25.863+0000] {processor.py:914} INFO - Processing file /opt/airflow/dags/1201_payload_producer.py for tasks to queue
[2026-09-10T21:40:25.866+0000] {logging_mixin.py:190} INFO - [2026-09-10T21:40:25.866+0000] {dagbag.py:588} INFO - Filling up the DagBag from /opt/airflow/dags/1201_payload_producer.py
[2026-09-10T21:40:25.880+0000] {processor.py:925} INFO - DAG(s) '1201_payload_producer' retrieved from /opt/airflow/dags/1201_payload_producer.py
[2026-09-10T21:40:25.912+0000] {logging_mixin.py:190} INFO - [2026-09-10T21:40:25.912+0000] {dag.py:3239} INFO - Sync 1 DAGs
[2026-09-10T21:40:25.928+0000] {logging_mixin.py:190} INFO - [2026-09-10T21:40:25.927+0000] {dag.py:4180} INFO - Setting next_dagrun for 1201_payload_producer to None, run_after=None
[2026-09-10T21:40:25.951+0000] {processor.py:208} INFO - Processing /opt/airflow/dags/1201_payload_producer.py took 0.095 seconds
[2026-09-10T21:40:56.058+0000] {processor.py:186} INFO - Started process (PID=11542) to work on /opt/airflow/dags/1201_payload_producer.py
[2026-09-10T21:40:56.059+0000] {processor.py:914} INFO - Processing file /opt/airflow/dags/1201_payload_producer.py for tasks to queue
[2026-09-10T21:40:56.065+0000] {logging_mixin.py:190} INFO - [2026-09-10T21:40:56.064+0000] {dagbag.py:588} INFO - Filling up the DagBag from /opt/airflow/dags/1201_payload_producer.py
[2026-09-10T21:40:56.078+0000] {processor.py:925} INFO - DAG(s) '1201_payload_producer' retrieved from /opt/airflow/dags/1201_payload_producer.py
[2026-09-10T21:40:56.107+0000] {logging_mixin.py:190} INFO - [2026-09-10T21:40:56.107+0000] {dag.py:3239} INFO - Sync 1 DAGs
[2026-09-10T21:40:56.124+0000] {logging_mixin.py:190} INFO - [2026-09-10T21:40:56.123+0000] {dag.py:4180} INFO - Setting next_dagrun for 1201_payload_producer to None, run_after=None
[2026-09-10T21:40:56.145+0000] {processor.py:208} INFO - Processing /opt/airflow/dags/1201_payload_producer.py took 0.093 seconds
[2026-09-10T21:41:26.238+0000] {processor.py:186} INFO - Started process (PID=11612) to work on /opt/airflow/dags/1201_payload_producer.py
[2026-09-10T21:41:26.239+0000] {processor.py:914} INFO - Processing file /opt/airflow/dags/1201_payload_producer.py for tasks to queue
[2026-09-10T21:41:26.242+0000] {logging_mixin.py:190} INFO - [2026-09-10T21:41:26.242+0000] {dagbag.py:588} INFO - Filling up the DagBag from /opt/airflow/dags/1201_payload_producer.py
[2026-09-10T21:41:26.252+0000] {processor.py:925} INFO - DAG(s) '1201_payload_producer' retrieved from /opt/airflow/dags/1201_payload_producer.py
[2026-09-10T21:41:26.285+0000] {logging_mixin.py:190} INFO - [2026-09-10T21:41:26.285+0000] {dag.py:3239} INFO - Sync 1 DAGs
[2026-09-10T21:41:26.305+0000] {logging_mixin.py:190} INFO - [2026-09-10T21:41:26.305+0000] {dag.py:4180} INFO - Setting next_dagrun for 1201_payload_producer to None, run_after=None
[2026-09-10T21:41:26.324+0000] {processor.py:208} INFO - Processing /opt/airflow/dags/1201_payload_producer.py took 0.095 seconds
[2026-09-10T21:41:56.498+0000] {processor.py:186} INFO - Started process (PID=11682) to work on /opt/airflow/dags/1201_payload_producer.py
[2026-09-10T21:41:56.499+0000] {processor.py:914} INFO - Processing file /opt/airflow/dags/1201_payload_producer.py for tasks to queue
[2026-09-10T21:41:56.503+0000] {logging_mixin.py:190} INFO - [2026-09-10T21:41:56.502+0000] {dagbag.py:588} INFO - Filling up the DagBag from /opt/airflow/dags/1201_payload_producer.py
[2026-09-10T21:41:56.518+0000] {processor.py:925} INFO - DAG(s) '1201_payload_producer' retrieved from /opt/airflow/dags/1201_payload_producer.py
[2026-09-10T21:41:56.568+0000] {logging_mixin.py:190} INFO - [2026-09-10T21:41:56.567+0000] {dag.py:3239} INFO - Sync 1 DAGs
[2026-09-10T21:41:56.599+0000] {logging_mixin.py:190} INFO - [2026-09-10T21:41:56.599+0000] {dag.py:4180} INFO - Setting next_dagrun for 1201_payload_producer to None, run_after=None
[2026-09-10T21:41:56.621+0000] {processor.py:208} INFO - Processing /opt/airflow/dags/1201_payload_producer.py took 0.136 seconds
[2026-09-10T21:42:26.866+0000] {processor.py:186} INFO - Started process (PID=11752) to work on /opt/airflow/dags/1201_payload_producer.py
[2026-09-10T21:42:26.868+0000] {processor.py:914} INFO - Processing file /opt/airflow/dags/1201_payload_producer.py for tasks to queue
[2026-09-10T21:42:26.871+0000] {logging_mixin.py:190} INFO - [2026-09-10T21:42:26.870+0000] {dagbag.py:588} INFO - Filling up the DagBag from /opt/airflow/dags/1201_payload_producer.py
[2026-09-10T21:42:26.882+0000] {processor.py:925} INFO - DAG(s) '1201_payload_producer' retrieved from /opt/airflow/dags/1201_payload_producer.py
[2026-09-10T21:42:26.913+0000] {logging_mixin.py:190} INFO - [2026-09-10T21:42:26.913+0000] {dag.py:3239} INFO - Sync 1 DAGs
[2026-09-10T21:42:26.932+0000] {logging_mixin.py:190} INFO - [2026-09-10T21:42:26.932+0000] {dag.py:4180} INFO - Setting next_dagrun for 1201_payload_producer to None, run_after=None
[2026-09-10T21:42:26.956+0000] {processor.py:208} INFO - Processing /opt/airflow/dags/1201_payload_producer.py took 0.099 seconds
[2026-09-10T21:42:57.919+0000] {processor.py:186} INFO - Started process (PID=11822) to work on /opt/airflow/dags/1201_payload_producer.py
[2026-09-10T21:42:57.920+0000] {processor.py:914} INFO - Processing file /opt/airflow/dags/1201_payload_producer.py for tasks to queue
[2026-09-10T21:42:57.924+0000] {logging_mixin.py:190} INFO - [2026-09-10T21:42:57.923+0000] {dagbag.py:588} INFO - Filling up the DagBag from /opt/airflow/dags/1201_payload_producer.py
[2026-09-10T21:42:57.939+0000] {processor.py:925} INFO - DAG(s) '1201_payload_producer' retrieved from /opt/airflow/dags/1201_payload_producer.py
[2026-09-10T21:42:57.975+0000] {logging_mixin.py:190} INFO - [2026-09-10T21:42:57.974+0000] {dag.py:3239} INFO - Sync 1 DAGs
[2026-09-10T21:42:57.991+0000] {logging_mixin.py:190} INFO - [2026-09-10T21:42:57.991+0000] {dag.py:4180} INFO - Setting next_dagrun for 1201_payload_producer to None, run_after=None
[2026-09-10T21:42:58.013+0000] {processor.py:208} INFO - Processing /opt/airflow/dags/1201_payload_producer.py took 0.104 seconds
[2026-09-10T21:43:28.237+0000] {processor.py:186} INFO - Started process (PID=11892) to work on /opt/airflow/dags/1201_payload_producer.py
[2026-09-10T21:43:28.239+0000] {processor.py:914} INFO - Processing file /opt/airflow/dags/1201_payload_producer.py for tasks to queue
[2026-09-10T21:43:28.241+0000] {logging_mixin.py:190} INFO - [2026-09-10T21:43:28.241+0000] {dagbag.py:588} INFO - Filling up the DagBag from /opt/airflow/dags/1201_payload_producer.py
[2026-09-10T21:43:28.251+0000] {processor.py:925} INFO - DAG(s) '1201_payload_producer' retrieved from /opt/airflow/dags/1201_payload_producer.py
[2026-09-10T21:43:28.280+0000] {logging_mixin.py:190} INFO - [2026-09-10T21:43:28.280+0000] {dag.py:3239} INFO - Sync 1 DAGs
[2026-09-10T21:43:28.296+0000] {logging_mixin.py:190} INFO - [2026-09-10T21:43:28.296+0000] {dag.py:4180} INFO - Setting next_dagrun for 1201_payload_producer to None, run_after=None
[2026-09-10T21:43:28.316+0000] {processor.py:208} INFO - Processing /opt/airflow/dags/1201_payload_producer.py took 0.087 seconds
[2026-09-10T21:43:58.515+0000] {processor.py:186} INFO - Started process (PID=11962) to work on /opt/airflow/dags/1201_payload_producer.py
[2026-09-10T21:43:58.517+0000] {processor.py:914} INFO - Processing file /opt/airflow/dags/1201_payload_producer.py for tasks to queue
[2026-09-10T21:43:58.522+0000] {logging_mixin.py:190} INFO - [2026-09-10T21:43:58.521+0000] {dagbag.py:588} INFO - Filling up the DagBag from /opt/airflow/dags/1201_payload_producer.py
[2026-09-10T21:43:58.534+0000] {processor.py:925} INFO - DAG(s) '1201_payload_producer' retrieved from /opt/airflow/dags/1201_payload_producer.py
[2026-09-10T21:43:58.572+0000] {logging_mixin.py:190} INFO - [2026-09-10T21:43:58.572+0000] {dag.py:3239} INFO - Sync 1 DAGs
[2026-09-10T21:43:58.588+0000] {logging_mixin.py:190} INFO - [2026-09-10T21:43:58.588+0000] {dag.py:4180} INFO - Setting next_dagrun for 1201_payload_producer to None, run_after=None
[2026-09-10T21:43:58.607+0000] {processor.py:208} INFO - Processing /opt/airflow/dags/1201_payload_producer.py took 0.105 seconds
[2026-09-10T21:44:28.740+0000] {processor.py:186} INFO - Started process (PID=12032) to work on /opt/airflow/dags/1201_payload_producer.py
[2026-09-10T21:44:28.742+0000] {processor.py:914} INFO - Processing file /opt/airflow/dags/1201_payload_producer.py for tasks to queue
[2026-09-10T21:44:28.744+0000] {logging_mixin.py:190} INFO - [2026-09-10T21:44:28.744+0000] {dagbag.py:588} INFO - Filling up the DagBag from /opt/airflow/dags/1201_payload_producer.py
[2026-09-10T21:44:28.755+0000] {processor.py:925} INFO - DAG(s) '1201_payload_producer' retrieved from /opt/airflow/dags/1201_payload_producer.py
[2026-09-10T21:44:28.785+0000] {logging_mixin.py:190} INFO - [2026-09-10T21:44:28.785+0000] {dag.py:3239} INFO - Sync 1 DAGs
[2026-09-10T21:44:28.802+0000] {logging_mixin.py:190} INFO - [2026-09-10T21:44:28.802+0000] {dag.py:4180} INFO - Setting next_dagrun for 1201_payload_producer to None, run_after=None
[2026-09-10T21:44:28.823+0000] {processor.py:208} INFO - Processing /opt/airflow/dags/1201_payload_producer.py took 0.091 seconds
[2026-09-10T21:44:59.047+0000] {processor.py:186} INFO - Started process (PID=12102) to work on /opt/airflow/dags/1201_payload_producer.py
[2026-09-10T21:44:59.048+0000] {processor.py:914} INFO - Processing file /opt/airflow/dags/1201_payload_producer.py for tasks to queue
[2026-09-10T21:44:59.053+0000] {logging_mixin.py:190} INFO - [2026-09-10T21:44:59.053+0000] {dagbag.py:588} INFO - Filling up the DagBag from /opt/airflow/dags/1201_payload_producer.py
[2026-09-10T21:44:59.062+0000] {processor.py:925} INFO - DAG(s) '1201_payload_producer' retrieved from /opt/airflow/dags/1201_payload_producer.py
[2026-09-10T21:44:59.090+0000] {logging_mixin.py:190} INFO - [2026-09-10T21:44:59.090+0000] {dag.py:3239} INFO - Sync 1 DAGs
[2026-09-10T21:44:59.106+0000] {logging_mixin.py:190} INFO - [2026-09-10T21:44:59.105+0000] {dag.py:4180} INFO - Setting next_dagrun for 1201_payload_producer to None, run_after=None
[2026-09-10T21:44:59.131+0000] {processor.py:208} INFO - Processing /opt/airflow/dags/1201_payload_producer.py took 0.092 seconds
[2026-09-10T21:45:29.231+0000] {processor.py:186} INFO - Started process (PID=12172) to work on /opt/airflow/dags/1201_payload_producer.py
[2026-09-10T21:45:29.232+0000] {processor.py:914} INFO - Processing file /opt/airflow/dags/1201_payload_producer.py for tasks to queue
[2026-09-10T21:45:29.235+0000] {logging_mixin.py:190} INFO - [2026-09-10T21:45:29.235+0000] {dagbag.py:588} INFO - Filling up the DagBag from /opt/airflow/dags/1201_payload_producer.py
[2026-09-10T21:45:29.257+0000] {processor.py:925} INFO - DAG(s) '1201_payload_producer' retrieved from /opt/airflow/dags/1201_payload_producer.py
[2026-09-10T21:45:29.314+0000] {logging_mixin.py:190} INFO - [2026-09-10T21:45:29.314+0000] {dag.py:3239} INFO - Sync 1 DAGs
[2026-09-10T21:45:29.338+0000] {logging_mixin.py:190} INFO - [2026-09-10T21:45:29.337+0000] {dag.py:4180} INFO - Setting next_dagrun for 1201_payload_producer to None, run_after=None
[2026-09-10T21:45:29.371+0000] {processor.py:208} INFO - Processing /opt/airflow/dags/1201_payload_producer.py took 0.149 seconds
[2026-09-10T21:45:59.975+0000] {processor.py:186} INFO - Started process (PID=12242) to work on /opt/airflow/dags/1201_payload_producer.py
[2026-09-10T21:45:59.976+0000] {processor.py:914} INFO - Processing file /opt/airflow/dags/1201_payload_producer.py for tasks to queue
[2026-09-10T21:45:59.979+0000] {logging_mixin.py:190} INFO - [2026-09-10T21:45:59.979+0000] {dagbag.py:588} INFO - Filling up the DagBag from /opt/airflow/dags/1201_payload_producer.py
[2026-09-10T21:45:59.988+0000] {processor.py:925} INFO - DAG(s) '1201_payload_producer' retrieved from /opt/airflow/dags/1201_payload_producer.py
[2026-09-10T21:46:00.021+0000] {logging_mixin.py:190} INFO - [2026-09-10T21:46:00.020+0000] {dag.py:3239} INFO - Sync 1 DAGs
[2026-09-10T21:46:00.036+0000] {logging_mixin.py:190} INFO - [2026-09-10T21:46:00.036+0000] {dag.py:4180} INFO - Setting next_dagrun for 1201_payload_producer to None, run_after=None
[2026-09-10T21:46:00.056+0000] {processor.py:208} INFO - Processing /opt/airflow/dags/1201_payload_producer.py took 0.089 seconds
[2026-09-10T21:46:30.320+0000] {processor.py:186} INFO - Started process (PID=12312) to work on /opt/airflow/dags/1201_payload_producer.py
[2026-09-10T21:46:30.321+0000] {processor.py:914} INFO - Processing file /opt/airflow/dags/1201_payload_producer.py for tasks to queue
[2026-09-10T21:46:30.323+0000] {logging_mixin.py:190} INFO - [2026-09-10T21:46:30.323+0000] {dagbag.py:588} INFO - Filling up the DagBag from /opt/airflow/dags/1201_payload_producer.py
[2026-09-10T21:46:30.331+0000] {processor.py:925} INFO - DAG(s) '1201_payload_producer' retrieved from /opt/airflow/dags/1201_payload_producer.py
[2026-09-10T21:46:30.360+0000] {logging_mixin.py:190} INFO - [2026-09-10T21:46:30.360+0000] {dag.py:3239} INFO - Sync 1 DAGs
[2026-09-10T21:46:30.375+0000] {logging_mixin.py:190} INFO - [2026-09-10T21:46:30.375+0000] {dag.py:4180} INFO - Setting next_dagrun for 1201_payload_producer to None, run_after=None
[2026-09-10T21:46:30.394+0000] {processor.py:208} INFO - Processing /opt/airflow/dags/1201_payload_producer.py took 0.081 seconds
[2026-09-10T21:47:00.540+0000] {processor.py:186} INFO - Started process (PID=12382) to work on /opt/airflow/dags/1201_payload_producer.py
[2026-09-10T21:47:00.541+0000] {processor.py:914} INFO - Processing file /opt/airflow/dags/1201_payload_producer.py for tasks to queue
[2026-09-10T21:47:00.545+0000] {logging_mixin.py:190} INFO - [2026-09-10T21:47:00.544+0000] {dagbag.py:588} INFO - Filling up the DagBag from /opt/airflow/dags/1201_payload_producer.py
[2026-09-10T21:47:00.556+0000] {processor.py:925} INFO - DAG(s) '1201_payload_producer' retrieved from /opt/airflow/dags/1201_payload_producer.py
[2026-09-10T21:47:00.587+0000] {logging_mixin.py:190} INFO - [2026-09-10T21:47:00.587+0000] {dag.py:3239} INFO - Sync 1 DAGs
[2026-09-10T21:47:00.605+0000] {logging_mixin.py:190} INFO - [2026-09-10T21:47:00.604+0000] {dag.py:4180} INFO - Setting next_dagrun for 1201_payload_producer to None, run_after=None
[2026-09-10T21:47:00.629+0000] {processor.py:208} INFO - Processing /opt/airflow/dags/1201_payload_producer.py took 0.097 seconds
[2026-09-10T21:47:30.771+0000] {processor.py:186} INFO - Started process (PID=12452) to work on /opt/airflow/dags/1201_payload_producer.py
[2026-09-10T21:47:30.773+0000] {processor.py:914} INFO - Processing file /opt/airflow/dags/1201_payload_producer.py for tasks to queue
[2026-09-10T21:47:30.777+0000] {logging_mixin.py:190} INFO - [2026-09-10T21:47:30.776+0000] {dagbag.py:588} INFO - Filling up the DagBag from /opt/airflow/dags/1201_payload_producer.py
[2026-09-10T21:47:30.787+0000] {processor.py:925} INFO - DAG(s) '1201_payload_producer' retrieved from /opt/airflow/dags/1201_payload_producer.py
[2026-09-10T21:47:30.817+0000] {logging_mixin.py:190} INFO - [2026-09-10T21:47:30.817+0000] {dag.py:3239} INFO - Sync 1 DAGs
[2026-09-10T21:47:30.835+0000] {logging_mixin.py:190} INFO - [2026-09-10T21:47:30.835+0000] {dag.py:4180} INFO - Setting next_dagrun for 1201_payload_producer to None, run_after=None
[2026-09-10T21:47:30.856+0000] {processor.py:208} INFO - Processing /opt/airflow/dags/1201_payload_producer.py took 0.094 seconds
[2026-09-10T21:48:00.925+0000] {processor.py:186} INFO - Started process (PID=12522) to work on /opt/airflow/dags/1201_payload_producer.py
[2026-09-10T21:48:00.926+0000] {processor.py:914} INFO - Processing file /opt/airflow/dags/1201_payload_producer.py for tasks to queue
[2026-09-10T21:48:00.930+0000] {logging_mixin.py:190} INFO - [2026-09-10T21:48:00.929+0000] {dagbag.py:588} INFO - Filling up the DagBag from /opt/airflow/dags/1201_payload_producer.py
[2026-09-10T21:48:00.944+0000] {processor.py:925} INFO - DAG(s) '1201_payload_producer' retrieved from /opt/airflow/dags/1201_payload_producer.py
[2026-09-10T21:48:00.978+0000] {logging_mixin.py:190} INFO - [2026-09-10T21:48:00.977+0000] {dag.py:3239} INFO - Sync 1 DAGs
[2026-09-10T21:48:00.999+0000] {logging_mixin.py:190} INFO - [2026-09-10T21:48:00.998+0000] {dag.py:4180} INFO - Setting next_dagrun for 1201_payload_producer to None, run_after=None
[2026-09-10T21:48:01.023+0000] {processor.py:208} INFO - Processing /opt/airflow/dags/1201_payload_producer.py took 0.108 seconds
[2026-09-10T21:48:31.139+0000] {processor.py:186} INFO - Started process (PID=12592) to work on /opt/airflow/dags/1201_payload_producer.py
[2026-09-10T21:48:31.141+0000] {processor.py:914} INFO - Processing file /opt/airflow/dags/1201_payload_producer.py for tasks to queue
[2026-09-10T21:48:31.144+0000] {logging_mixin.py:190} INFO - [2026-09-10T21:48:31.144+0000] {dagbag.py:588} INFO - Filling up the DagBag from /opt/airflow/dags/1201_payload_producer.py
[2026-09-10T21:48:31.157+0000] {processor.py:925} INFO - DAG(s) '1201_payload_producer' retrieved from /opt/airflow/dags/1201_payload_producer.py
[2026-09-10T21:48:31.196+0000] {logging_mixin.py:190} INFO - [2026-09-10T21:48:31.196+0000] {dag.py:3239} INFO - Sync 1 DAGs
[2026-09-10T21:48:31.221+0000] {logging_mixin.py:190} INFO - [2026-09-10T21:48:31.221+0000] {dag.py:4180} INFO - Setting next_dagrun for 1201_payload_producer to None, run_after=None
[2026-09-10T21:48:31.243+0000] {processor.py:208} INFO - Processing /opt/airflow/dags/1201_payload_producer.py took 0.117 seconds
[2026-09-10T21:49:01.656+0000] {processor.py:186} INFO - Started process (PID=12662) to work on /opt/airflow/dags/1201_payload_producer.py
[2026-09-10T21:49:01.657+0000] {processor.py:914} INFO - Processing file /opt/airflow/dags/1201_payload_producer.py for tasks to queue
[2026-09-10T21:49:01.660+0000] {logging_mixin.py:190} INFO - [2026-09-10T21:49:01.659+0000] {dagbag.py:588} INFO - Filling up the DagBag from /opt/airflow/dags/1201_payload_producer.py
[2026-09-10T21:49:01.673+0000] {processor.py:925} INFO - DAG(s) '1201_payload_producer' retrieved from /opt/airflow/dags/1201_payload_producer.py
[2026-09-10T21:49:01.712+0000] {logging_mixin.py:190} INFO - [2026-09-10T21:49:01.712+0000] {dag.py:3239} INFO - Sync 1 DAGs
[2026-09-10T21:49:01.731+0000] {logging_mixin.py:190} INFO - [2026-09-10T21:49:01.731+0000] {dag.py:4180} INFO - Setting next_dagrun for 1201_payload_producer to None, run_after=None
[2026-09-10T21:49:01.757+0000] {processor.py:208} INFO - Processing /opt/airflow/dags/1201_payload_producer.py took 0.112 seconds
[2026-09-10T21:49:31.956+0000] {processor.py:186} INFO - Started process (PID=12732) to work on /opt/airflow/dags/1201_payload_producer.py
[2026-09-10T21:49:31.958+0000] {processor.py:914} INFO - Processing file /opt/airflow/dags/1201_payload_producer.py for tasks to queue
[2026-09-10T21:49:31.960+0000] {logging_mixin.py:190} INFO - [2026-09-10T21:49:31.960+0000] {dagbag.py:588} INFO - Filling up the DagBag from /opt/airflow/dags/1201_payload_producer.py
[2026-09-10T21:49:31.971+0000] {processor.py:925} INFO - DAG(s) '1201_payload_producer' retrieved from /opt/airflow/dags/1201_payload_producer.py
[2026-09-10T21:49:32.006+0000] {logging_mixin.py:190} INFO - [2026-09-10T21:49:32.006+0000] {dag.py:3239} INFO - Sync 1 DAGs
[2026-09-10T21:49:32.025+0000] {logging_mixin.py:190} INFO - [2026-09-10T21:49:32.025+0000] {dag.py:4180} INFO - Setting next_dagrun for 1201_payload_producer to None, run_after=None
[2026-09-10T21:49:32.046+0000] {processor.py:208} INFO - Processing /opt/airflow/dags/1201_payload_producer.py took 0.098 seconds
[2026-09-10T21:50:02.394+0000] {processor.py:186} INFO - Started process (PID=12802) to work on /opt/airflow/dags/1201_payload_producer.py
[2026-09-10T21:50:02.395+0000] {processor.py:914} INFO - Processing file /opt/airflow/dags/1201_payload_producer.py for tasks to queue
[2026-09-10T21:50:02.397+0000] {logging_mixin.py:190} INFO - [2026-09-10T21:50:02.397+0000] {dagbag.py:588} INFO - Filling up the DagBag from /opt/airflow/dags/1201_payload_producer.py
[2026-09-10T21:50:02.408+0000] {processor.py:925} INFO - DAG(s) '1201_payload_producer' retrieved from /opt/airflow/dags/1201_payload_producer.py
[2026-09-10T21:50:02.435+0000] {logging_mixin.py:190} INFO - [2026-09-10T21:50:02.435+0000] {dag.py:3239} INFO - Sync 1 DAGs
[2026-09-10T21:50:02.449+0000] {logging_mixin.py:190} INFO - [2026-09-10T21:50:02.448+0000] {dag.py:4180} INFO - Setting next_dagrun for 1201_payload_producer to None, run_after=None
[2026-09-10T21:50:02.467+0000] {processor.py:208} INFO - Processing /opt/airflow/dags/1201_payload_producer.py took 0.079 seconds
[2026-09-10T21:50:32.715+0000] {processor.py:186} INFO - Started process (PID=12872) to work on /opt/airflow/dags/1201_payload_producer.py
[2026-09-10T21:50:32.717+0000] {processor.py:914} INFO - Processing file /opt/airflow/dags/1201_payload_producer.py for tasks to queue
[2026-09-10T21:50:32.719+0000] {logging_mixin.py:190} INFO - [2026-09-10T21:50:32.719+0000] {dagbag.py:588} INFO - Filling up the DagBag from /opt/airflow/dags/1201_payload_producer.py
[2026-09-10T21:50:32.731+0000] {processor.py:925} INFO - DAG(s) '1201_payload_producer' retrieved from /opt/airflow/dags/1201_payload_producer.py
[2026-09-10T21:50:32.759+0000] {logging_mixin.py:190} INFO - [2026-09-10T21:50:32.759+0000] {dag.py:3239} INFO - Sync 1 DAGs
[2026-09-10T21:50:32.773+0000] {logging_mixin.py:190} INFO - [2026-09-10T21:50:32.773+0000] {dag.py:4180} INFO - Setting next_dagrun for 1201_payload_producer to None, run_after=None
[2026-09-10T21:50:32.804+0000] {processor.py:208} INFO - Processing /opt/airflow/dags/1201_payload_producer.py took 0.096 seconds
[2026-09-10T21:51:03.073+0000] {processor.py:186} INFO - Started process (PID=12942) to work on /opt/airflow/dags/1201_payload_producer.py
[2026-09-10T21:51:03.073+0000] {processor.py:914} INFO - Processing file /opt/airflow/dags/1201_payload_producer.py for tasks to queue
[2026-09-10T21:51:03.076+0000] {logging_mixin.py:190} INFO - [2026-09-10T21:51:03.075+0000] {dagbag.py:588} INFO - Filling up the DagBag from /opt/airflow/dags/1201_payload_producer.py
[2026-09-10T21:51:03.085+0000] {processor.py:925} INFO - DAG(s) '1201_payload_producer' retrieved from /opt/airflow/dags/1201_payload_producer.py
[2026-09-10T21:51:03.119+0000] {logging_mixin.py:190} INFO - [2026-09-10T21:51:03.119+0000] {dag.py:3239} INFO - Sync 1 DAGs
[2026-09-10T21:51:03.141+0000] {logging_mixin.py:190} INFO - [2026-09-10T21:51:03.140+0000] {dag.py:4180} INFO - Setting next_dagrun for 1201_payload_producer to None, run_after=None
[2026-09-10T21:51:03.160+0000] {processor.py:208} INFO - Processing /opt/airflow/dags/1201_payload_producer.py took 0.098 seconds
[2026-09-10T21:51:33.328+0000] {processor.py:186} INFO - Started process (PID=13014) to work on /opt/airflow/dags/1201_payload_producer.py
[2026-09-10T21:51:33.332+0000] {processor.py:914} INFO - Processing file /opt/airflow/dags/1201_payload_producer.py for tasks to queue
[2026-09-10T21:51:33.334+0000] {logging_mixin.py:190} INFO - [2026-09-10T21:51:33.334+0000] {dagbag.py:588} INFO - Filling up the DagBag from /opt/airflow/dags/1201_payload_producer.py
[2026-09-10T21:51:33.345+0000] {processor.py:925} INFO - DAG(s) '1201_payload_producer' retrieved from /opt/airflow/dags/1201_payload_producer.py
[2026-09-10T21:51:33.379+0000] {logging_mixin.py:190} INFO - [2026-09-10T21:51:33.379+0000] {dag.py:3239} INFO - Sync 1 DAGs
[2026-09-10T21:51:33.394+0000] {logging_mixin.py:190} INFO - [2026-09-10T21:51:33.394+0000] {dag.py:4180} INFO - Setting next_dagrun for 1201_payload_producer to None, run_after=None
[2026-09-10T21:51:33.413+0000] {processor.py:208} INFO - Processing /opt/airflow/dags/1201_payload_producer.py took 0.093 seconds
[2026-09-10T21:52:03.450+0000] {processor.py:186} INFO - Started process (PID=13082) to work on /opt/airflow/dags/1201_payload_producer.py
[2026-09-10T21:52:03.451+0000] {processor.py:914} INFO - Processing file /opt/airflow/dags/1201_payload_producer.py for tasks to queue
[2026-09-10T21:52:03.454+0000] {logging_mixin.py:190} INFO - [2026-09-10T21:52:03.453+0000] {dagbag.py:588} INFO - Filling up the DagBag from /opt/airflow/dags/1201_payload_producer.py
[2026-09-10T21:52:03.465+0000] {processor.py:925} INFO - DAG(s) '1201_payload_producer' retrieved from /opt/airflow/dags/1201_payload_producer.py
[2026-09-10T21:52:03.509+0000] {logging_mixin.py:190} INFO - [2026-09-10T21:52:03.509+0000] {dag.py:3239} INFO - Sync 1 DAGs
[2026-09-10T21:52:03.527+0000] {logging_mixin.py:190} INFO - [2026-09-10T21:52:03.527+0000] {dag.py:4180} INFO - Setting next_dagrun for 1201_payload_producer to None, run_after=None
[2026-09-10T21:52:03.549+0000] {processor.py:208} INFO - Processing /opt/airflow/dags/1201_payload_producer.py took 0.107 seconds
[2026-09-10T21:52:33.650+0000] {processor.py:186} INFO - Started process (PID=13152) to work on /opt/airflow/dags/1201_payload_producer.py
[2026-09-10T21:52:33.651+0000] {processor.py:914} INFO - Processing file /opt/airflow/dags/1201_payload_producer.py for tasks to queue
[2026-09-10T21:52:33.654+0000] {logging_mixin.py:190} INFO - [2026-09-10T21:52:33.654+0000] {dagbag.py:588} INFO - Filling up the DagBag from /opt/airflow/dags/1201_payload_producer.py
[2026-09-10T21:52:33.666+0000] {processor.py:925} INFO - DAG(s) '1201_payload_producer' retrieved from /opt/airflow/dags/1201_payload_producer.py
[2026-09-10T21:52:33.706+0000] {logging_mixin.py:190} INFO - [2026-09-10T21:52:33.706+0000] {dag.py:3239} INFO - Sync 1 DAGs
[2026-09-10T21:52:33.722+0000] {logging_mixin.py:190} INFO - [2026-09-10T21:52:33.721+0000] {dag.py:4180} INFO - Setting next_dagrun for 1201_payload_producer to None, run_after=None
[2026-09-10T21:52:33.742+0000] {processor.py:208} INFO - Processing /opt/airflow/dags/1201_payload_producer.py took 0.103 seconds
[2026-09-10T21:53:03.803+0000] {processor.py:186} INFO - Started process (PID=13222) to work on /opt/airflow/dags/1201_payload_producer.py
[2026-09-10T21:53:03.806+0000] {processor.py:914} INFO - Processing file /opt/airflow/dags/1201_payload_producer.py for tasks to queue
[2026-09-10T21:53:03.810+0000] {logging_mixin.py:190} INFO - [2026-09-10T21:53:03.809+0000] {dagbag.py:588} INFO - Filling up the DagBag from /opt/airflow/dags/1201_payload_producer.py
[2026-09-10T21:53:03.821+0000] {processor.py:925} INFO - DAG(s) '1201_payload_producer' retrieved from /opt/airflow/dags/1201_payload_producer.py
[2026-09-10T21:53:03.853+0000] {logging_mixin.py:190} INFO - [2026-09-10T21:53:03.852+0000] {dag.py:3239} INFO - Sync 1 DAGs
[2026-09-10T21:53:03.869+0000] {logging_mixin.py:190} INFO - [2026-09-10T21:53:03.869+0000] {dag.py:4180} INFO - Setting next_dagrun for 1201_payload_producer to None, run_after=None
[2026-09-10T21:53:03.888+0000] {processor.py:208} INFO - Processing /opt/airflow/dags/1201_payload_producer.py took 0.093 seconds
[2026-09-10T21:53:33.986+0000] {processor.py:186} INFO - Started process (PID=13292) to work on /opt/airflow/dags/1201_payload_producer.py
[2026-09-10T21:53:33.988+0000] {processor.py:914} INFO - Processing file /opt/airflow/dags/1201_payload_producer.py for tasks to queue
[2026-09-10T21:53:33.991+0000] {logging_mixin.py:190} INFO - [2026-09-10T21:53:33.990+0000] {dagbag.py:588} INFO - Filling up the DagBag from /opt/airflow/dags/1201_payload_producer.py
[2026-09-10T21:53:34.001+0000] {processor.py:925} INFO - DAG(s) '1201_payload_producer' retrieved from /opt/airflow/dags/1201_payload_producer.py
[2026-09-10T21:53:34.037+0000] {logging_mixin.py:190} INFO - [2026-09-10T21:53:34.037+0000] {dag.py:3239} INFO - Sync 1 DAGs
[2026-09-10T21:53:34.056+0000] {logging_mixin.py:190} INFO - [2026-09-10T21:53:34.056+0000] {dag.py:4180} INFO - Setting next_dagrun for 1201_payload_producer to None, run_after=None
[2026-09-10T21:53:34.079+0000] {processor.py:208} INFO - Processing /opt/airflow/dags/1201_payload_producer.py took 0.101 seconds
[2026-09-10T21:54:04.211+0000] {processor.py:186} INFO - Started process (PID=13362) to work on /opt/airflow/dags/1201_payload_producer.py
[2026-09-10T21:54:04.212+0000] {processor.py:914} INFO - Processing file /opt/airflow/dags/1201_payload_producer.py for tasks to queue
[2026-09-10T21:54:04.215+0000] {logging_mixin.py:190} INFO - [2026-09-10T21:54:04.215+0000] {dagbag.py:588} INFO - Filling up the DagBag from /opt/airflow/dags/1201_payload_producer.py
[2026-09-10T21:54:04.227+0000] {processor.py:925} INFO - DAG(s) '1201_payload_producer' retrieved from /opt/airflow/dags/1201_payload_producer.py
[2026-09-10T21:54:04.261+0000] {logging_mixin.py:190} INFO - [2026-09-10T21:54:04.260+0000] {dag.py:3239} INFO - Sync 1 DAGs
[2026-09-10T21:54:04.280+0000] {logging_mixin.py:190} INFO - [2026-09-10T21:54:04.279+0000] {dag.py:4180} INFO - Setting next_dagrun for 1201_payload_producer to None, run_after=None
[2026-09-10T21:54:04.303+0000] {processor.py:208} INFO - Processing /opt/airflow/dags/1201_payload_producer.py took 0.101 seconds
[2026-09-10T21:54:34.469+0000] {processor.py:186} INFO - Started process (PID=13432) to work on /opt/airflow/dags/1201_payload_producer.py
[2026-09-10T21:54:34.470+0000] {processor.py:914} INFO - Processing file /opt/airflow/dags/1201_payload_producer.py for tasks to queue
[2026-09-10T21:54:34.473+0000] {logging_mixin.py:190} INFO - [2026-09-10T21:54:34.473+0000] {dagbag.py:588} INFO - Filling up the DagBag from /opt/airflow/dags/1201_payload_producer.py
[2026-09-10T21:54:34.487+0000] {processor.py:925} INFO - DAG(s) '1201_payload_producer' retrieved from /opt/airflow/dags/1201_payload_producer.py
[2026-09-10T21:54:34.525+0000] {logging_mixin.py:190} INFO - [2026-09-10T21:54:34.524+0000] {dag.py:3239} INFO - Sync 1 DAGs
[2026-09-10T21:54:34.551+0000] {logging_mixin.py:190} INFO - [2026-09-10T21:54:34.550+0000] {dag.py:4180} INFO - Setting next_dagrun for 1201_payload_producer to None, run_after=None
[2026-09-10T21:54:34.581+0000] {processor.py:208} INFO - Processing /opt/airflow/dags/1201_payload_producer.py took 0.121 seconds
[2026-09-10T21:55:04.771+0000] {processor.py:186} INFO - Started process (PID=13502) to work on /opt/airflow/dags/1201_payload_producer.py
[2026-09-10T21:55:04.772+0000] {processor.py:914} INFO - Processing file /opt/airflow/dags/1201_payload_producer.py for tasks to queue
[2026-09-10T21:55:04.775+0000] {logging_mixin.py:190} INFO - [2026-09-10T21:55:04.774+0000] {dagbag.py:588} INFO - Filling up the DagBag from /opt/airflow/dags/1201_payload_producer.py
[2026-09-10T21:55:04.784+0000] {processor.py:925} INFO - DAG(s) '1201_payload_producer' retrieved from /opt/airflow/dags/1201_payload_producer.py
[2026-09-10T21:55:04.824+0000] {logging_mixin.py:190} INFO - [2026-09-10T21:55:04.824+0000] {dag.py:3239} INFO - Sync 1 DAGs
[2026-09-10T21:55:04.850+0000] {logging_mixin.py:190} INFO - [2026-09-10T21:55:04.850+0000] {dag.py:4180} INFO - Setting next_dagrun for 1201_payload_producer to None, run_after=None
[2026-09-10T21:55:04.881+0000] {processor.py:208} INFO - Processing /opt/airflow/dags/1201_payload_producer.py took 0.117 seconds
[2026-09-10T21:55:35.052+0000] {processor.py:186} INFO - Started process (PID=13572) to work on /opt/airflow/dags/1201_payload_producer.py
[2026-09-10T21:55:35.053+0000] {processor.py:914} INFO - Processing file /opt/airflow/dags/1201_payload_producer.py for tasks to queue
[2026-09-10T21:55:35.056+0000] {logging_mixin.py:190} INFO - [2026-09-10T21:55:35.055+0000] {dagbag.py:588} INFO - Filling up the DagBag from /opt/airflow/dags/1201_payload_producer.py
[2026-09-10T21:55:35.067+0000] {processor.py:925} INFO - DAG(s) '1201_payload_producer' retrieved from /opt/airflow/dags/1201_payload_producer.py
[2026-09-10T21:55:35.104+0000] {logging_mixin.py:190} INFO - [2026-09-10T21:55:35.104+0000] {dag.py:3239} INFO - Sync 1 DAGs
[2026-09-10T21:55:35.124+0000] {logging_mixin.py:190} INFO - [2026-09-10T21:55:35.124+0000] {dag.py:4180} INFO - Setting next_dagrun for 1201_payload_producer to None, run_after=None
[2026-09-10T21:55:35.146+0000] {processor.py:208} INFO - Processing /opt/airflow/dags/1201_payload_producer.py took 0.104 seconds
[2026-09-10T21:56:05.277+0000] {processor.py:186} INFO - Started process (PID=13642) to work on /opt/airflow/dags/1201_payload_producer.py
[2026-09-10T21:56:05.278+0000] {processor.py:914} INFO - Processing file /opt/airflow/dags/1201_payload_producer.py for tasks to queue
[2026-09-10T21:56:05.281+0000] {logging_mixin.py:190} INFO - [2026-09-10T21:56:05.281+0000] {dagbag.py:588} INFO - Filling up the DagBag from /opt/airflow/dags/1201_payload_producer.py
[2026-09-10T21:56:05.295+0000] {processor.py:925} INFO - DAG(s) '1201_payload_producer' retrieved from /opt/airflow/dags/1201_payload_producer.py
[2026-09-10T21:56:05.331+0000] {logging_mixin.py:190} INFO - [2026-09-10T21:56:05.331+0000] {dag.py:3239} INFO - Sync 1 DAGs
[2026-09-10T21:56:05.353+0000] {logging_mixin.py:190} INFO - [2026-09-10T21:56:05.352+0000] {dag.py:4180} INFO - Setting next_dagrun for 1201_payload_producer to None, run_after=None
[2026-09-10T21:56:05.379+0000] {processor.py:208} INFO - Processing /opt/airflow/dags/1201_payload_producer.py took 0.110 seconds
[2026-09-10T21:56:35.539+0000] {processor.py:186} INFO - Started process (PID=13712) to work on /opt/airflow/dags/1201_payload_producer.py
[2026-09-10T21:56:35.541+0000] {processor.py:914} INFO - Processing file /opt/airflow/dags/1201_payload_producer.py for tasks to queue
[2026-09-10T21:56:35.543+0000] {logging_mixin.py:190} INFO - [2026-09-10T21:56:35.543+0000] {dagbag.py:588} INFO - Filling up the DagBag from /opt/airflow/dags/1201_payload_producer.py
[2026-09-10T21:56:35.553+0000] {processor.py:925} INFO - DAG(s) '1201_payload_producer' retrieved from /opt/airflow/dags/1201_payload_producer.py
[2026-09-10T21:56:35.586+0000] {logging_mixin.py:190} INFO - [2026-09-10T21:56:35.586+0000] {dag.py:3239} INFO - Sync 1 DAGs
[2026-09-10T21:56:35.602+0000] {logging_mixin.py:190} INFO - [2026-09-10T21:56:35.602+0000] {dag.py:4180} INFO - Setting next_dagrun for 1201_payload_producer to None, run_after=None
[2026-09-10T21:56:35.627+0000] {processor.py:208} INFO - Processing /opt/airflow/dags/1201_payload_producer.py took 0.096 seconds
[2026-09-10T21:57:05.685+0000] {processor.py:186} INFO - Started process (PID=13782) to work on /opt/airflow/dags/1201_payload_producer.py
[2026-09-10T21:57:05.686+0000] {processor.py:914} INFO - Processing file /opt/airflow/dags/1201_payload_producer.py for tasks to queue
[2026-09-10T21:57:05.689+0000] {logging_mixin.py:190} INFO - [2026-09-10T21:57:05.689+0000] {dagbag.py:588} INFO - Filling up the DagBag from /opt/airflow/dags/1201_payload_producer.py
[2026-09-10T21:57:05.701+0000] {processor.py:925} INFO - DAG(s) '1201_payload_producer' retrieved from /opt/airflow/dags/1201_payload_producer.py
[2026-09-10T21:57:05.743+0000] {logging_mixin.py:190} INFO - [2026-09-10T21:57:05.742+0000] {dag.py:3239} INFO - Sync 1 DAGs
[2026-09-10T21:57:05.765+0000] {logging_mixin.py:190} INFO - [2026-09-10T21:57:05.765+0000] {dag.py:4180} INFO - Setting next_dagrun for 1201_payload_producer to None, run_after=None
[2026-09-10T21:57:05.786+0000] {processor.py:208} INFO - Processing /opt/airflow/dags/1201_payload_producer.py took 0.109 seconds
[2026-09-10T21:57:35.899+0000] {processor.py:186} INFO - Started process (PID=13852) to work on /opt/airflow/dags/1201_payload_producer.py
[2026-09-10T21:57:35.900+0000] {processor.py:914} INFO - Processing file /opt/airflow/dags/1201_payload_producer.py for tasks to queue
[2026-09-10T21:57:35.904+0000] {logging_mixin.py:190} INFO - [2026-09-10T21:57:35.903+0000] {dagbag.py:588} INFO - Filling up the DagBag from /opt/airflow/dags/1201_payload_producer.py
[2026-09-10T21:57:35.916+0000] {processor.py:925} INFO - DAG(s) '1201_payload_producer' retrieved from /opt/airflow/dags/1201_payload_producer.py
[2026-09-10T21:57:35.950+0000] {logging_mixin.py:190} INFO - [2026-09-10T21:57:35.950+0000] {dag.py:3239} INFO - Sync 1 DAGs
[2026-09-10T21:57:35.968+0000] {logging_mixin.py:190} INFO - [2026-09-10T21:57:35.968+0000] {dag.py:4180} INFO - Setting next_dagrun for 1201_payload_producer to None, run_after=None
[2026-09-10T21:57:35.991+0000] {processor.py:208} INFO - Processing /opt/airflow/dags/1201_payload_producer.py took 0.102 seconds
[2026-09-10T21:58:06.099+0000] {processor.py:186} INFO - Started process (PID=13922) to work on /opt/airflow/dags/1201_payload_producer.py
[2026-09-10T21:58:06.101+0000] {processor.py:914} INFO - Processing file /opt/airflow/dags/1201_payload_producer.py for tasks to queue
[2026-09-10T21:58:06.104+0000] {logging_mixin.py:190} INFO - [2026-09-10T21:58:06.104+0000] {dagbag.py:588} INFO - Filling up the DagBag from /opt/airflow/dags/1201_payload_producer.py
[2026-09-10T21:58:06.116+0000] {processor.py:925} INFO - DAG(s) '1201_payload_producer' retrieved from /opt/airflow/dags/1201_payload_producer.py
[2026-09-10T21:58:06.154+0000] {logging_mixin.py:190} INFO - [2026-09-10T21:58:06.154+0000] {dag.py:3239} INFO - Sync 1 DAGs
[2026-09-10T21:58:06.172+0000] {logging_mixin.py:190} INFO - [2026-09-10T21:58:06.172+0000] {dag.py:4180} INFO - Setting next_dagrun for 1201_payload_producer to None, run_after=None
[2026-09-10T21:58:06.193+0000] {processor.py:208} INFO - Processing /opt/airflow/dags/1201_payload_producer.py took 0.103 seconds
[2026-09-10T21:58:36.321+0000] {processor.py:186} INFO - Started process (PID=13992) to work on /opt/airflow/dags/1201_payload_producer.py
[2026-09-10T21:58:36.323+0000] {processor.py:914} INFO - Processing file /opt/airflow/dags/1201_payload_producer.py for tasks to queue
[2026-09-10T21:58:36.326+0000] {logging_mixin.py:190} INFO - [2026-09-10T21:58:36.325+0000] {dagbag.py:588} INFO - Filling up the DagBag from /opt/airflow/dags/1201_payload_producer.py
[2026-09-10T21:58:36.337+0000] {processor.py:925} INFO - DAG(s) '1201_payload_producer' retrieved from /opt/airflow/dags/1201_payload_producer.py
[2026-09-10T21:58:36.374+0000] {logging_mixin.py:190} INFO - [2026-09-10T21:58:36.374+0000] {dag.py:3239} INFO - Sync 1 DAGs
[2026-09-10T21:58:36.394+0000] {logging_mixin.py:190} INFO - [2026-09-10T21:58:36.394+0000] {dag.py:4180} INFO - Setting next_dagrun for 1201_payload_producer to None, run_after=None
[2026-09-10T21:58:36.418+0000] {processor.py:208} INFO - Processing /opt/airflow/dags/1201_payload_producer.py took 0.110 seconds
[2026-09-10T21:59:06.519+0000] {processor.py:186} INFO - Started process (PID=14062) to work on /opt/airflow/dags/1201_payload_producer.py
[2026-09-10T21:59:06.520+0000] {processor.py:914} INFO - Processing file /opt/airflow/dags/1201_payload_producer.py for tasks to queue
[2026-09-10T21:59:06.523+0000] {logging_mixin.py:190} INFO - [2026-09-10T21:59:06.522+0000] {dagbag.py:588} INFO - Filling up the DagBag from /opt/airflow/dags/1201_payload_producer.py
[2026-09-10T21:59:06.534+0000] {processor.py:925} INFO - DAG(s) '1201_payload_producer' retrieved from /opt/airflow/dags/1201_payload_producer.py
[2026-09-10T21:59:06.576+0000] {logging_mixin.py:190} INFO - [2026-09-10T21:59:06.575+0000] {dag.py:3239} INFO - Sync 1 DAGs
[2026-09-10T21:59:06.598+0000] {logging_mixin.py:190} INFO - [2026-09-10T21:59:06.597+0000] {dag.py:4180} INFO - Setting next_dagrun for 1201_payload_producer to None, run_after=None
[2026-09-10T21:59:06.621+0000] {processor.py:208} INFO - Processing /opt/airflow/dags/1201_payload_producer.py took 0.111 seconds
[2026-09-10T21:59:37.501+0000] {processor.py:186} INFO - Started process (PID=14132) to work on /opt/airflow/dags/1201_payload_producer.py
[2026-09-10T21:59:37.503+0000] {processor.py:914} INFO - Processing file /opt/airflow/dags/1201_payload_producer.py for tasks to queue
[2026-09-10T21:59:37.506+0000] {logging_mixin.py:190} INFO - [2026-09-10T21:59:37.505+0000] {dagbag.py:588} INFO - Filling up the DagBag from /opt/airflow/dags/1201_payload_producer.py
[2026-09-10T21:59:37.518+0000] {processor.py:925} INFO - DAG(s) '1201_payload_producer' retrieved from /opt/airflow/dags/1201_payload_producer.py
[2026-09-10T21:59:37.550+0000] {logging_mixin.py:190} INFO - [2026-09-10T21:59:37.550+0000] {dag.py:3239} INFO - Sync 1 DAGs
[2026-09-10T21:59:37.572+0000] {logging_mixin.py:190} INFO - [2026-09-10T21:59:37.572+0000] {dag.py:4180} INFO - Setting next_dagrun for 1201_payload_producer to None, run_after=None
[2026-09-10T21:59:37.596+0000] {processor.py:208} INFO - Processing /opt/airflow/dags/1201_payload_producer.py took 0.103 seconds
[2026-09-10T22:00:08.549+0000] {processor.py:186} INFO - Started process (PID=14202) to work on /opt/airflow/dags/1201_payload_producer.py
[2026-09-10T22:00:08.550+0000] {processor.py:914} INFO - Processing file /opt/airflow/dags/1201_payload_producer.py for tasks to queue
[2026-09-10T22:00:08.552+0000] {logging_mixin.py:190} INFO - [2026-09-10T22:00:08.552+0000] {dagbag.py:588} INFO - Filling up the DagBag from /opt/airflow/dags/1201_payload_producer.py
[2026-09-10T22:00:08.561+0000] {processor.py:925} INFO - DAG(s) '1201_payload_producer' retrieved from /opt/airflow/dags/1201_payload_producer.py
[2026-09-10T22:00:08.597+0000] {logging_mixin.py:190} INFO - [2026-09-10T22:00:08.597+0000] {dag.py:3239} INFO - Sync 1 DAGs
[2026-09-10T22:00:08.621+0000] {logging_mixin.py:190} INFO - [2026-09-10T22:00:08.621+0000] {dag.py:4180} INFO - Setting next_dagrun for 1201_payload_producer to None, run_after=None
[2026-09-10T22:00:08.644+0000] {processor.py:208} INFO - Processing /opt/airflow/dags/1201_payload_producer.py took 0.103 seconds
[2026-09-10T22:00:38.804+0000] {processor.py:186} INFO - Started process (PID=14272) to work on /opt/airflow/dags/1201_payload_producer.py
[2026-09-10T22:00:38.805+0000] {processor.py:914} INFO - Processing file /opt/airflow/dags/1201_payload_producer.py for tasks to queue
[2026-09-10T22:00:38.808+0000] {logging_mixin.py:190} INFO - [2026-09-10T22:00:38.808+0000] {dagbag.py:588} INFO - Filling up the DagBag from /opt/airflow/dags/1201_payload_producer.py
[2026-09-10T22:00:38.819+0000] {processor.py:925} INFO - DAG(s) '1201_payload_producer' retrieved from /opt/airflow/dags/1201_payload_producer.py
[2026-09-10T22:00:38.858+0000] {logging_mixin.py:190} INFO - [2026-09-10T22:00:38.857+0000] {dag.py:3239} INFO - Sync 1 DAGs
[2026-09-10T22:00:38.878+0000] {logging_mixin.py:190} INFO - [2026-09-10T22:00:38.877+0000] {dag.py:4180} INFO - Setting next_dagrun for 1201_payload_producer to None, run_after=None
[2026-09-10T22:00:38.905+0000] {processor.py:208} INFO - Processing /opt/airflow/dags/1201_payload_producer.py took 0.109 seconds
