[2026-09-10T20:19:02.458+0000] {processor.py:186} INFO - Started process (PID=163) to work on /opt/airflow/dags/1202_payload_consumer.py
[2026-09-10T20:19:02.459+0000] {processor.py:914} INFO - Processing file /opt/airflow/dags/1202_payload_consumer.py for tasks to queue
[2026-09-10T20:19:02.463+0000] {logging_mixin.py:190} INFO - [2026-09-10T20:19:02.463+0000] {dagbag.py:588} INFO - Filling up the DagBag from /opt/airflow/dags/1202_payload_consumer.py
[2026-09-10T20:19:02.525+0000] {processor.py:925} INFO - DAG(s) '1202_payload_consumer' retrieved from /opt/airflow/dags/1202_payload_consumer.py
[2026-09-10T20:19:02.948+0000] {logging_mixin.py:190} INFO - [2026-09-10T20:19:02.947+0000] {override.py:1911} INFO - Created Permission View: can read on DAG:1202_payload_consumer
[2026-09-10T20:19:02.965+0000] {logging_mixin.py:190} INFO - [2026-09-10T20:19:02.965+0000] {override.py:1911} INFO - Created Permission View: can delete on DAG:1202_payload_consumer
[2026-09-10T20:19:02.976+0000] {logging_mixin.py:190} INFO - [2026-09-10T20:19:02.975+0000] {override.py:1911} INFO - Created Permission View: can edit on DAG:1202_payload_consumer
[2026-09-10T20:19:02.986+0000] {logging_mixin.py:190} INFO - [2026-09-10T20:19:02.985+0000] {override.py:1911} INFO - Created Permission View: can read on DAG Run:1202_payload_consumer
[2026-09-10T20:19:02.996+0000] {logging_mixin.py:190} INFO - [2026-09-10T20:19:02.996+0000] {override.py:1911} INFO - Created Permission View: menu access on DAG Run:1202_payload_consumer
[2026-09-10T20:19:03.017+0000] {logging_mixin.py:190} INFO - [2026-09-10T20:19:03.017+0000] {override.py:1911} INFO - Created Permission View: can delete on DAG Run:1202_payload_consumer
[2026-09-10T20:19:03.037+0000] {logging_mixin.py:190} INFO - [2026-09-10T20:19:03.036+0000] {override.py:1911} INFO - Created Permission View: can create on DAG Run:1202_payload_consumer
[2026-09-10T20:19:03.038+0000] {logging_mixin.py:190} INFO - [2026-09-10T20:19:03.037+0000] {dag.py:3239} INFO - Sync 1 DAGs
[2026-09-10T20:19:03.072+0000] {logging_mixin.py:190} INFO - [2026-09-10T20:19:03.071+0000] {dag.py:3262} INFO - Creating ORM DAG for 1202_payload_consumer
[2026-09-10T20:19:03.074+0000] {logging_mixin.py:190} INFO - [2026-09-10T20:19:03.074+0000] {dag.py:4180} INFO - Setting next_dagrun for 1202_payload_consumer to None, run_after=None
[2026-09-10T20:19:03.131+0000] {processor.py:208} INFO - Processing /opt/airflow/dags/1202_payload_consumer.py took 0.687 seconds
[2026-09-10T20:19:33.228+0000] {processor.py:186} INFO - Started process (PID=233) to work on /opt/airflow/dags/1202_payload_consumer.py
[2026-09-10T20:19:33.229+0000] {processor.py:914} INFO - Processing file /opt/airflow/dags/1202_payload_consumer.py for tasks to queue
[2026-09-10T20:19:33.232+0000] {logging_mixin.py:190} INFO - [2026-09-10T20:19:33.232+0000] {dagbag.py:588} INFO - Filling up the DagBag from /opt/airflow/dags/1202_payload_consumer.py
[2026-09-10T20:19:33.241+0000] {processor.py:925} INFO - DAG(s) '1202_payload_consumer' retrieved from /opt/airflow/dags/1202_payload_consumer.py
[2026-09-10T20:19:33.272+0000] {logging_mixin.py:190} INFO - [2026-09-10T20:19:33.271+0000] {dag.py:3239} INFO - Sync 1 DAGs
[2026-09-10T20:19:33.291+0000] {logging_mixin.py:190} INFO - [2026-09-10T20:19:33.290+0000] {dag.py:4180} INFO - Setting next_dagrun for 1202_payload_consumer to None, run_after=None
[2026-09-10T20:19:33.310+0000] {processor.py:208} INFO - Processing /opt/airflow/dags/1202_payload_consumer.py took 0.092 seconds
[2026-09-10T20:20:03.442+0000] {processor.py:186} INFO - Started process (PID=303) to work on /opt/airflow/dags/1202_payload_consumer.py
[2026-09-10T20:20:03.443+0000] {processor.py:914} INFO - Processing file /opt/airflow/dags/1202_payload_consumer.py for tasks to queue
[2026-09-10T20:20:03.446+0000] {logging_mixin.py:190} INFO - [2026-09-10T20:20:03.446+0000] {dagbag.py:588} INFO - Filling up the DagBag from /opt/airflow/dags/1202_payload_consumer.py
[2026-09-10T20:20:03.454+0000] {processor.py:925} INFO - DAG(s) '1202_payload_consumer' retrieved from /opt/airflow/dags/1202_payload_consumer.py
[2026-09-10T20:20:03.483+0000] {logging_mixin.py:190} INFO - [2026-09-10T20:20:03.483+0000] {dag.py:3239} INFO - Sync 1 DAGs
[2026-09-10T20:20:03.499+0000] {logging_mixin.py:190} INFO - [2026-09-10T20:20:03.499+0000] {dag.py:4180} INFO - Setting next_dagrun for 1202_payload_consumer to None, run_after=None
[2026-09-10T20:20:03.517+0000] {processor.py:208} INFO - Processing /opt/airflow/dags/1202_payload_consumer.py took 0.084 seconds
[2026-09-10T20:20:33.766+0000] {processor.py:186} INFO - Started process (PID=373) to work on /opt/airflow/dags/1202_payload_consumer.py
[2026-09-10T20:20:33.767+0000] {processor.py:914} INFO - Processing file /opt/airflow/dags/1202_payload_consumer.py for tasks to queue
[2026-09-10T20:20:33.770+0000] {logging_mixin.py:190} INFO - [2026-09-10T20:20:33.769+0000] {dagbag.py:588} INFO - Filling up the DagBag from /opt/airflow/dags/1202_payload_consumer.py
[2026-09-10T20:20:33.778+0000] {processor.py:925} INFO - DAG(s) '1202_payload_consumer' retrieved from /opt/airflow/dags/1202_payload_consumer.py
[2026-09-10T20:20:33.808+0000] {logging_mixin.py:190} INFO - [2026-09-10T20:20:33.808+0000] {dag.py:3239} INFO - Sync 1 DAGs
[2026-09-10T20:20:33.823+0000] {logging_mixin.py:190} INFO - [2026-09-10T20:20:33.822+0000] {dag.py:4180} INFO - Setting next_dagrun for 1202_payload_consumer to None, run_after=None
[2026-09-10T20:20:33.843+0000] {processor.py:208} INFO - Processing /opt/airflow/dags/1202_payload_consumer.py took 0.086 seconds
[2026-09-10T20:21:03.914+0000] {processor.py:186} INFO - Started process (PID=443) to work on /opt/airflow/dags/1202_payload_consumer.py
[2026-09-10T20:21:03.917+0000] {processor.py:914} INFO - Processing file /opt/airflow/dags/1202_payload_consumer.py for tasks to queue
[2026-09-10T20:21:03.920+0000] {logging_mixin.py:190} INFO - [2026-09-10T20:21:03.919+0000] {dagbag.py:588} INFO - Filling up the DagBag from /opt/airflow/dags/1202_payload_consumer.py
[2026-09-10T20:21:03.931+0000] {processor.py:925} INFO - DAG(s) '1202_payload_consumer' retrieved from /opt/airflow/dags/1202_payload_consumer.py
[2026-09-10T20:21:03.973+0000] {logging_mixin.py:190} INFO - [2026-09-10T20:21:03.973+0000] {dag.py:3239} INFO - Sync 1 DAGs
[2026-09-10T20:21:04.000+0000] {logging_mixin.py:190} INFO - [2026-09-10T20:21:03.999+0000] {dag.py:4180} INFO - Setting next_dagrun for 1202_payload_consumer to None, run_after=None
[2026-09-10T20:21:04.032+0000] {processor.py:208} INFO - Processing /opt/airflow/dags/1202_payload_consumer.py took 0.132 seconds
[2026-09-10T20:21:34.298+0000] {processor.py:186} INFO - Started process (PID=513) to work on /opt/airflow/dags/1202_payload_consumer.py
[2026-09-10T20:21:34.300+0000] {processor.py:914} INFO - Processing file /opt/airflow/dags/1202_payload_consumer.py for tasks to queue
[2026-09-10T20:21:34.304+0000] {logging_mixin.py:190} INFO - [2026-09-10T20:21:34.303+0000] {dagbag.py:588} INFO - Filling up the DagBag from /opt/airflow/dags/1202_payload_consumer.py
[2026-09-10T20:21:34.319+0000] {processor.py:925} INFO - DAG(s) '1202_payload_consumer' retrieved from /opt/airflow/dags/1202_payload_consumer.py
[2026-09-10T20:21:34.372+0000] {logging_mixin.py:190} INFO - [2026-09-10T20:21:34.372+0000] {dag.py:3239} INFO - Sync 1 DAGs
[2026-09-10T20:21:34.408+0000] {logging_mixin.py:190} INFO - [2026-09-10T20:21:34.408+0000] {dag.py:4180} INFO - Setting next_dagrun for 1202_payload_consumer to None, run_after=None
[2026-09-10T20:21:34.452+0000] {processor.py:208} INFO - Processing /opt/airflow/dags/1202_payload_consumer.py took 0.167 seconds
[2026-09-10T20:22:05.283+0000] {processor.py:186} INFO - Started process (PID=583) to work on /opt/airflow/dags/1202_payload_consumer.py
[2026-09-10T20:22:05.285+0000] {processor.py:914} INFO - Processing file /opt/airflow/dags/1202_payload_consumer.py for tasks to queue
[2026-09-10T20:22:05.289+0000] {logging_mixin.py:190} INFO - [2026-09-10T20:22:05.288+0000] {dagbag.py:588} INFO - Filling up the DagBag from /opt/airflow/dags/1202_payload_consumer.py
[2026-09-10T20:22:05.299+0000] {processor.py:925} INFO - DAG(s) '1202_payload_consumer' retrieved from /opt/airflow/dags/1202_payload_consumer.py
[2026-09-10T20:22:05.331+0000] {logging_mixin.py:190} INFO - [2026-09-10T20:22:05.330+0000] {dag.py:3239} INFO - Sync 1 DAGs
[2026-09-10T20:22:05.348+0000] {logging_mixin.py:190} INFO - [2026-09-10T20:22:05.348+0000] {dag.py:4180} INFO - Setting next_dagrun for 1202_payload_consumer to None, run_after=None
[2026-09-10T20:22:05.561+0000] {processor.py:208} INFO - Processing /opt/airflow/dags/1202_payload_consumer.py took 0.288 seconds
[2026-09-10T20:22:36.032+0000] {processor.py:186} INFO - Started process (PID=653) to work on /opt/airflow/dags/1202_payload_consumer.py
[2026-09-10T20:22:36.034+0000] {processor.py:914} INFO - Processing file /opt/airflow/dags/1202_payload_consumer.py for tasks to queue
[2026-09-10T20:22:36.046+0000] {logging_mixin.py:190} INFO - [2026-09-10T20:22:36.046+0000] {dagbag.py:588} INFO - Filling up the DagBag from /opt/airflow/dags/1202_payload_consumer.py
[2026-09-10T20:22:36.063+0000] {processor.py:925} INFO - DAG(s) '1202_payload_consumer' retrieved from /opt/airflow/dags/1202_payload_consumer.py
[2026-09-10T20:22:36.118+0000] {logging_mixin.py:190} INFO - [2026-09-10T20:22:36.117+0000] {dag.py:3239} INFO - Sync 1 DAGs
[2026-09-10T20:22:36.149+0000] {logging_mixin.py:190} INFO - [2026-09-10T20:22:36.148+0000] {dag.py:4180} INFO - Setting next_dagrun for 1202_payload_consumer to None, run_after=None
[2026-09-10T20:22:36.234+0000] {processor.py:208} INFO - Processing /opt/airflow/dags/1202_payload_consumer.py took 0.223 seconds
[2026-09-10T20:23:06.435+0000] {processor.py:186} INFO - Started process (PID=723) to work on /opt/airflow/dags/1202_payload_consumer.py
[2026-09-10T20:23:06.437+0000] {processor.py:914} INFO - Processing file /opt/airflow/dags/1202_payload_consumer.py for tasks to queue
[2026-09-10T20:23:06.443+0000] {logging_mixin.py:190} INFO - [2026-09-10T20:23:06.443+0000] {dagbag.py:588} INFO - Filling up the DagBag from /opt/airflow/dags/1202_payload_consumer.py
[2026-09-10T20:23:06.455+0000] {processor.py:925} INFO - DAG(s) '1202_payload_consumer' retrieved from /opt/airflow/dags/1202_payload_consumer.py
[2026-09-10T20:23:06.492+0000] {logging_mixin.py:190} INFO - [2026-09-10T20:23:06.492+0000] {dag.py:3239} INFO - Sync 1 DAGs
[2026-09-10T20:23:06.511+0000] {logging_mixin.py:190} INFO - [2026-09-10T20:23:06.511+0000] {dag.py:4180} INFO - Setting next_dagrun for 1202_payload_consumer to None, run_after=None
[2026-09-10T20:23:06.533+0000] {processor.py:208} INFO - Processing /opt/airflow/dags/1202_payload_consumer.py took 0.115 seconds
[2026-09-10T20:23:36.880+0000] {processor.py:186} INFO - Started process (PID=805) to work on /opt/airflow/dags/1202_payload_consumer.py
[2026-09-10T20:23:36.882+0000] {processor.py:914} INFO - Processing file /opt/airflow/dags/1202_payload_consumer.py for tasks to queue
[2026-09-10T20:23:36.885+0000] {logging_mixin.py:190} INFO - [2026-09-10T20:23:36.885+0000] {dagbag.py:588} INFO - Filling up the DagBag from /opt/airflow/dags/1202_payload_consumer.py
[2026-09-10T20:23:36.895+0000] {processor.py:925} INFO - DAG(s) '1202_payload_consumer' retrieved from /opt/airflow/dags/1202_payload_consumer.py
[2026-09-10T20:23:36.927+0000] {logging_mixin.py:190} INFO - [2026-09-10T20:23:36.927+0000] {dag.py:3239} INFO - Sync 1 DAGs
[2026-09-10T20:23:36.943+0000] {logging_mixin.py:190} INFO - [2026-09-10T20:23:36.942+0000] {dag.py:4180} INFO - Setting next_dagrun for 1202_payload_consumer to None, run_after=None
[2026-09-10T20:23:36.962+0000] {processor.py:208} INFO - Processing /opt/airflow/dags/1202_payload_consumer.py took 0.091 seconds
[2026-09-10T20:24:07.020+0000] {processor.py:186} INFO - Started process (PID=875) to work on /opt/airflow/dags/1202_payload_consumer.py
[2026-09-10T20:24:07.022+0000] {processor.py:914} INFO - Processing file /opt/airflow/dags/1202_payload_consumer.py for tasks to queue
[2026-09-10T20:24:07.026+0000] {logging_mixin.py:190} INFO - [2026-09-10T20:24:07.026+0000] {dagbag.py:588} INFO - Filling up the DagBag from /opt/airflow/dags/1202_payload_consumer.py
[2026-09-10T20:24:07.039+0000] {processor.py:925} INFO - DAG(s) '1202_payload_consumer' retrieved from /opt/airflow/dags/1202_payload_consumer.py
[2026-09-10T20:24:07.069+0000] {logging_mixin.py:190} INFO - [2026-09-10T20:24:07.069+0000] {dag.py:3239} INFO - Sync 1 DAGs
[2026-09-10T20:24:07.085+0000] {logging_mixin.py:190} INFO - [2026-09-10T20:24:07.084+0000] {dag.py:4180} INFO - Setting next_dagrun for 1202_payload_consumer to None, run_after=None
[2026-09-10T20:24:07.104+0000] {processor.py:208} INFO - Processing /opt/airflow/dags/1202_payload_consumer.py took 0.099 seconds
[2026-09-10T20:24:38.047+0000] {processor.py:186} INFO - Started process (PID=945) to work on /opt/airflow/dags/1202_payload_consumer.py
[2026-09-10T20:24:38.048+0000] {processor.py:914} INFO - Processing file /opt/airflow/dags/1202_payload_consumer.py for tasks to queue
[2026-09-10T20:24:38.052+0000] {logging_mixin.py:190} INFO - [2026-09-10T20:24:38.051+0000] {dagbag.py:588} INFO - Filling up the DagBag from /opt/airflow/dags/1202_payload_consumer.py
[2026-09-10T20:24:38.062+0000] {processor.py:925} INFO - DAG(s) '1202_payload_consumer' retrieved from /opt/airflow/dags/1202_payload_consumer.py
[2026-09-10T20:24:38.098+0000] {logging_mixin.py:190} INFO - [2026-09-10T20:24:38.098+0000] {dag.py:3239} INFO - Sync 1 DAGs
[2026-09-10T20:24:38.115+0000] {logging_mixin.py:190} INFO - [2026-09-10T20:24:38.115+0000] {dag.py:4180} INFO - Setting next_dagrun for 1202_payload_consumer to None, run_after=None
[2026-09-10T20:24:38.135+0000] {processor.py:208} INFO - Processing /opt/airflow/dags/1202_payload_consumer.py took 0.096 seconds
[2026-09-10T20:25:08.264+0000] {processor.py:186} INFO - Started process (PID=1015) to work on /opt/airflow/dags/1202_payload_consumer.py
[2026-09-10T20:25:08.266+0000] {processor.py:914} INFO - Processing file /opt/airflow/dags/1202_payload_consumer.py for tasks to queue
[2026-09-10T20:25:08.269+0000] {logging_mixin.py:190} INFO - [2026-09-10T20:25:08.269+0000] {dagbag.py:588} INFO - Filling up the DagBag from /opt/airflow/dags/1202_payload_consumer.py
[2026-09-10T20:25:08.279+0000] {processor.py:925} INFO - DAG(s) '1202_payload_consumer' retrieved from /opt/airflow/dags/1202_payload_consumer.py
[2026-09-10T20:25:08.308+0000] {logging_mixin.py:190} INFO - [2026-09-10T20:25:08.308+0000] {dag.py:3239} INFO - Sync 1 DAGs
[2026-09-10T20:25:08.326+0000] {logging_mixin.py:190} INFO - [2026-09-10T20:25:08.326+0000] {dag.py:4180} INFO - Setting next_dagrun for 1202_payload_consumer to None, run_after=None
[2026-09-10T20:25:08.346+0000] {processor.py:208} INFO - Processing /opt/airflow/dags/1202_payload_consumer.py took 0.091 seconds
[2026-09-10T20:25:38.580+0000] {processor.py:186} INFO - Started process (PID=1085) to work on /opt/airflow/dags/1202_payload_consumer.py
[2026-09-10T20:25:38.581+0000] {processor.py:914} INFO - Processing file /opt/airflow/dags/1202_payload_consumer.py for tasks to queue
[2026-09-10T20:25:38.584+0000] {logging_mixin.py:190} INFO - [2026-09-10T20:25:38.584+0000] {dagbag.py:588} INFO - Filling up the DagBag from /opt/airflow/dags/1202_payload_consumer.py
[2026-09-10T20:25:38.595+0000] {processor.py:925} INFO - DAG(s) '1202_payload_consumer' retrieved from /opt/airflow/dags/1202_payload_consumer.py
[2026-09-10T20:25:38.626+0000] {logging_mixin.py:190} INFO - [2026-09-10T20:25:38.626+0000] {dag.py:3239} INFO - Sync 1 DAGs
[2026-09-10T20:25:38.643+0000] {logging_mixin.py:190} INFO - [2026-09-10T20:25:38.643+0000] {dag.py:4180} INFO - Setting next_dagrun for 1202_payload_consumer to None, run_after=None
[2026-09-10T20:25:38.661+0000] {processor.py:208} INFO - Processing /opt/airflow/dags/1202_payload_consumer.py took 0.090 seconds
[2026-09-10T20:26:08.709+0000] {processor.py:186} INFO - Started process (PID=1155) to work on /opt/airflow/dags/1202_payload_consumer.py
[2026-09-10T20:26:08.710+0000] {processor.py:914} INFO - Processing file /opt/airflow/dags/1202_payload_consumer.py for tasks to queue
[2026-09-10T20:26:08.714+0000] {logging_mixin.py:190} INFO - [2026-09-10T20:26:08.713+0000] {dagbag.py:588} INFO - Filling up the DagBag from /opt/airflow/dags/1202_payload_consumer.py
[2026-09-10T20:26:08.723+0000] {processor.py:925} INFO - DAG(s) '1202_payload_consumer' retrieved from /opt/airflow/dags/1202_payload_consumer.py
[2026-09-10T20:26:08.758+0000] {logging_mixin.py:190} INFO - [2026-09-10T20:26:08.758+0000] {dag.py:3239} INFO - Sync 1 DAGs
[2026-09-10T20:26:08.774+0000] {logging_mixin.py:190} INFO - [2026-09-10T20:26:08.774+0000] {dag.py:4180} INFO - Setting next_dagrun for 1202_payload_consumer to None, run_after=None
[2026-09-10T20:26:08.795+0000] {processor.py:208} INFO - Processing /opt/airflow/dags/1202_payload_consumer.py took 0.094 seconds
[2026-09-10T20:26:38.941+0000] {processor.py:186} INFO - Started process (PID=1225) to work on /opt/airflow/dags/1202_payload_consumer.py
[2026-09-10T20:26:38.942+0000] {processor.py:914} INFO - Processing file /opt/airflow/dags/1202_payload_consumer.py for tasks to queue
[2026-09-10T20:26:38.945+0000] {logging_mixin.py:190} INFO - [2026-09-10T20:26:38.945+0000] {dagbag.py:588} INFO - Filling up the DagBag from /opt/airflow/dags/1202_payload_consumer.py
[2026-09-10T20:26:38.955+0000] {processor.py:925} INFO - DAG(s) '1202_payload_consumer' retrieved from /opt/airflow/dags/1202_payload_consumer.py
[2026-09-10T20:26:38.984+0000] {logging_mixin.py:190} INFO - [2026-09-10T20:26:38.984+0000] {dag.py:3239} INFO - Sync 1 DAGs
[2026-09-10T20:26:39.000+0000] {logging_mixin.py:190} INFO - [2026-09-10T20:26:39.000+0000] {dag.py:4180} INFO - Setting next_dagrun for 1202_payload_consumer to None, run_after=None
[2026-09-10T20:26:39.022+0000] {processor.py:208} INFO - Processing /opt/airflow/dags/1202_payload_consumer.py took 0.091 seconds
[2026-09-10T20:27:09.139+0000] {processor.py:186} INFO - Started process (PID=1295) to work on /opt/airflow/dags/1202_payload_consumer.py
[2026-09-10T20:27:09.140+0000] {processor.py:914} INFO - Processing file /opt/airflow/dags/1202_payload_consumer.py for tasks to queue
[2026-09-10T20:27:09.143+0000] {logging_mixin.py:190} INFO - [2026-09-10T20:27:09.142+0000] {dagbag.py:588} INFO - Filling up the DagBag from /opt/airflow/dags/1202_payload_consumer.py
[2026-09-10T20:27:09.155+0000] {processor.py:925} INFO - DAG(s) '1202_payload_consumer' retrieved from /opt/airflow/dags/1202_payload_consumer.py
[2026-09-10T20:27:09.221+0000] {logging_mixin.py:190} INFO - [2026-09-10T20:27:09.221+0000] {dag.py:3239} INFO - Sync 1 DAGs
[2026-09-10T20:27:09.248+0000] {logging_mixin.py:190} INFO - [2026-09-10T20:27:09.248+0000] {dag.py:4180} INFO - Setting next_dagrun for 1202_payload_consumer to None, run_after=None
[2026-09-10T20:27:09.269+0000] {processor.py:208} INFO - Processing /opt/airflow/dags/1202_payload_consumer.py took 0.140 seconds
[2026-09-10T20:27:39.365+0000] {processor.py:186} INFO - Started process (PID=1365) to work on /opt/airflow/dags/1202_payload_consumer.py
[2026-09-10T20:27:39.366+0000] {processor.py:914} INFO - Processing file /opt/airflow/dags/1202_payload_consumer.py for tasks to queue
[2026-09-10T20:27:39.368+0000] {logging_mixin.py:190} INFO - [2026-09-10T20:27:39.367+0000] {dagbag.py:588} INFO - Filling up the DagBag from /opt/airflow/dags/1202_payload_consumer.py
[2026-09-10T20:27:39.375+0000] {processor.py:925} INFO - DAG(s) '1202_payload_consumer' retrieved from /opt/airflow/dags/1202_payload_consumer.py
[2026-09-10T20:27:39.404+0000] {logging_mixin.py:190} INFO - [2026-09-10T20:27:39.404+0000] {dag.py:3239} INFO - Sync 1 DAGs
[2026-09-10T20:27:39.420+0000] {logging_mixin.py:190} INFO - [2026-09-10T20:27:39.420+0000] {dag.py:4180} INFO - Setting next_dagrun for 1202_payload_consumer to None, run_after=None
[2026-09-10T20:27:39.441+0000] {processor.py:208} INFO - Processing /opt/airflow/dags/1202_payload_consumer.py took 0.082 seconds
[2026-09-10T20:28:09.560+0000] {processor.py:186} INFO - Started process (PID=1435) to work on /opt/airflow/dags/1202_payload_consumer.py
[2026-09-10T20:28:09.561+0000] {processor.py:914} INFO - Processing file /opt/airflow/dags/1202_payload_consumer.py for tasks to queue
[2026-09-10T20:28:09.564+0000] {logging_mixin.py:190} INFO - [2026-09-10T20:28:09.564+0000] {dagbag.py:588} INFO - Filling up the DagBag from /opt/airflow/dags/1202_payload_consumer.py
[2026-09-10T20:28:09.574+0000] {processor.py:925} INFO - DAG(s) '1202_payload_consumer' retrieved from /opt/airflow/dags/1202_payload_consumer.py
[2026-09-10T20:28:09.606+0000] {logging_mixin.py:190} INFO - [2026-09-10T20:28:09.606+0000] {dag.py:3239} INFO - Sync 1 DAGs
[2026-09-10T20:28:09.624+0000] {logging_mixin.py:190} INFO - [2026-09-10T20:28:09.623+0000] {dag.py:4180} INFO - Setting next_dagrun for 1202_payload_consumer to None, run_after=None
[2026-09-10T20:28:09.646+0000] {processor.py:208} INFO - Processing /opt/airflow/dags/1202_payload_consumer.py took 0.096 seconds
[2026-09-10T20:28:40.677+0000] {processor.py:186} INFO - Started process (PID=1505) to work on /opt/airflow/dags/1202_payload_consumer.py
[2026-09-10T20:28:40.679+0000] {processor.py:914} INFO - Processing file /opt/airflow/dags/1202_payload_consumer.py for tasks to queue
[2026-09-10T20:28:40.682+0000] {logging_mixin.py:190} INFO - [2026-09-10T20:28:40.682+0000] {dagbag.py:588} INFO - Filling up the DagBag from /opt/airflow/dags/1202_payload_consumer.py
[2026-09-10T20:28:40.692+0000] {processor.py:925} INFO - DAG(s) '1202_payload_consumer' retrieved from /opt/airflow/dags/1202_payload_consumer.py
[2026-09-10T20:28:40.723+0000] {logging_mixin.py:190} INFO - [2026-09-10T20:28:40.723+0000] {dag.py:3239} INFO - Sync 1 DAGs
[2026-09-10T20:28:40.739+0000] {logging_mixin.py:190} INFO - [2026-09-10T20:28:40.739+0000] {dag.py:4180} INFO - Setting next_dagrun for 1202_payload_consumer to None, run_after=None
[2026-09-10T20:28:40.760+0000] {processor.py:208} INFO - Processing /opt/airflow/dags/1202_payload_consumer.py took 0.095 seconds
[2026-09-10T20:29:10.871+0000] {processor.py:186} INFO - Started process (PID=1575) to work on /opt/airflow/dags/1202_payload_consumer.py
[2026-09-10T20:29:10.872+0000] {processor.py:914} INFO - Processing file /opt/airflow/dags/1202_payload_consumer.py for tasks to queue
[2026-09-10T20:29:10.876+0000] {logging_mixin.py:190} INFO - [2026-09-10T20:29:10.875+0000] {dagbag.py:588} INFO - Filling up the DagBag from /opt/airflow/dags/1202_payload_consumer.py
[2026-09-10T20:29:10.885+0000] {processor.py:925} INFO - DAG(s) '1202_payload_consumer' retrieved from /opt/airflow/dags/1202_payload_consumer.py
[2026-09-10T20:29:10.917+0000] {logging_mixin.py:190} INFO - [2026-09-10T20:29:10.916+0000] {dag.py:3239} INFO - Sync 1 DAGs
[2026-09-10T20:29:10.933+0000] {logging_mixin.py:190} INFO - [2026-09-10T20:29:10.933+0000] {dag.py:4180} INFO - Setting next_dagrun for 1202_payload_consumer to None, run_after=None
[2026-09-10T20:29:10.952+0000] {processor.py:208} INFO - Processing /opt/airflow/dags/1202_payload_consumer.py took 0.089 seconds
[2026-09-10T20:29:41.037+0000] {processor.py:186} INFO - Started process (PID=1645) to work on /opt/airflow/dags/1202_payload_consumer.py
[2026-09-10T20:29:41.039+0000] {processor.py:914} INFO - Processing file /opt/airflow/dags/1202_payload_consumer.py for tasks to queue
[2026-09-10T20:29:41.043+0000] {logging_mixin.py:190} INFO - [2026-09-10T20:29:41.043+0000] {dagbag.py:588} INFO - Filling up the DagBag from /opt/airflow/dags/1202_payload_consumer.py
[2026-09-10T20:29:41.053+0000] {processor.py:925} INFO - DAG(s) '1202_payload_consumer' retrieved from /opt/airflow/dags/1202_payload_consumer.py
[2026-09-10T20:29:41.083+0000] {logging_mixin.py:190} INFO - [2026-09-10T20:29:41.083+0000] {dag.py:3239} INFO - Sync 1 DAGs
[2026-09-10T20:29:41.101+0000] {logging_mixin.py:190} INFO - [2026-09-10T20:29:41.101+0000] {dag.py:4180} INFO - Setting next_dagrun for 1202_payload_consumer to None, run_after=None
[2026-09-10T20:29:41.124+0000] {processor.py:208} INFO - Processing /opt/airflow/dags/1202_payload_consumer.py took 0.096 seconds
[2026-09-10T20:30:12.133+0000] {processor.py:186} INFO - Started process (PID=1715) to work on /opt/airflow/dags/1202_payload_consumer.py
[2026-09-10T20:30:12.134+0000] {processor.py:914} INFO - Processing file /opt/airflow/dags/1202_payload_consumer.py for tasks to queue
[2026-09-10T20:30:12.139+0000] {logging_mixin.py:190} INFO - [2026-09-10T20:30:12.138+0000] {dagbag.py:588} INFO - Filling up the DagBag from /opt/airflow/dags/1202_payload_consumer.py
[2026-09-10T20:30:12.152+0000] {processor.py:925} INFO - DAG(s) '1202_payload_consumer' retrieved from /opt/airflow/dags/1202_payload_consumer.py
[2026-09-10T20:30:12.187+0000] {logging_mixin.py:190} INFO - [2026-09-10T20:30:12.186+0000] {dag.py:3239} INFO - Sync 1 DAGs
[2026-09-10T20:30:12.204+0000] {logging_mixin.py:190} INFO - [2026-09-10T20:30:12.204+0000] {dag.py:4180} INFO - Setting next_dagrun for 1202_payload_consumer to None, run_after=None
[2026-09-10T20:30:12.224+0000] {processor.py:208} INFO - Processing /opt/airflow/dags/1202_payload_consumer.py took 0.099 seconds
[2026-09-10T20:30:42.278+0000] {processor.py:186} INFO - Started process (PID=1785) to work on /opt/airflow/dags/1202_payload_consumer.py
[2026-09-10T20:30:42.280+0000] {processor.py:914} INFO - Processing file /opt/airflow/dags/1202_payload_consumer.py for tasks to queue
[2026-09-10T20:30:42.283+0000] {logging_mixin.py:190} INFO - [2026-09-10T20:30:42.283+0000] {dagbag.py:588} INFO - Filling up the DagBag from /opt/airflow/dags/1202_payload_consumer.py
[2026-09-10T20:30:42.293+0000] {processor.py:925} INFO - DAG(s) '1202_payload_consumer' retrieved from /opt/airflow/dags/1202_payload_consumer.py
[2026-09-10T20:30:42.332+0000] {logging_mixin.py:190} INFO - [2026-09-10T20:30:42.332+0000] {dag.py:3239} INFO - Sync 1 DAGs
[2026-09-10T20:30:42.353+0000] {logging_mixin.py:190} INFO - [2026-09-10T20:30:42.353+0000] {dag.py:4180} INFO - Setting next_dagrun for 1202_payload_consumer to None, run_after=None
[2026-09-10T20:30:42.377+0000] {processor.py:208} INFO - Processing /opt/airflow/dags/1202_payload_consumer.py took 0.109 seconds
[2026-09-10T20:31:12.554+0000] {processor.py:186} INFO - Started process (PID=1855) to work on /opt/airflow/dags/1202_payload_consumer.py
[2026-09-10T20:31:12.555+0000] {processor.py:914} INFO - Processing file /opt/airflow/dags/1202_payload_consumer.py for tasks to queue
[2026-09-10T20:31:12.558+0000] {logging_mixin.py:190} INFO - [2026-09-10T20:31:12.558+0000] {dagbag.py:588} INFO - Filling up the DagBag from /opt/airflow/dags/1202_payload_consumer.py
[2026-09-10T20:31:12.567+0000] {processor.py:925} INFO - DAG(s) '1202_payload_consumer' retrieved from /opt/airflow/dags/1202_payload_consumer.py
[2026-09-10T20:31:12.598+0000] {logging_mixin.py:190} INFO - [2026-09-10T20:31:12.598+0000] {dag.py:3239} INFO - Sync 1 DAGs
[2026-09-10T20:31:12.614+0000] {logging_mixin.py:190} INFO - [2026-09-10T20:31:12.614+0000] {dag.py:4180} INFO - Setting next_dagrun for 1202_payload_consumer to None, run_after=None
[2026-09-10T20:31:12.639+0000] {processor.py:208} INFO - Processing /opt/airflow/dags/1202_payload_consumer.py took 0.097 seconds
[2026-09-10T20:31:42.755+0000] {processor.py:186} INFO - Started process (PID=1925) to work on /opt/airflow/dags/1202_payload_consumer.py
[2026-09-10T20:31:42.757+0000] {processor.py:914} INFO - Processing file /opt/airflow/dags/1202_payload_consumer.py for tasks to queue
[2026-09-10T20:31:42.760+0000] {logging_mixin.py:190} INFO - [2026-09-10T20:31:42.760+0000] {dagbag.py:588} INFO - Filling up the DagBag from /opt/airflow/dags/1202_payload_consumer.py
[2026-09-10T20:31:42.770+0000] {processor.py:925} INFO - DAG(s) '1202_payload_consumer' retrieved from /opt/airflow/dags/1202_payload_consumer.py
[2026-09-10T20:31:42.800+0000] {logging_mixin.py:190} INFO - [2026-09-10T20:31:42.800+0000] {dag.py:3239} INFO - Sync 1 DAGs
[2026-09-10T20:31:42.815+0000] {logging_mixin.py:190} INFO - [2026-09-10T20:31:42.815+0000] {dag.py:4180} INFO - Setting next_dagrun for 1202_payload_consumer to None, run_after=None
[2026-09-10T20:31:42.835+0000] {processor.py:208} INFO - Processing /opt/airflow/dags/1202_payload_consumer.py took 0.090 seconds
[2026-09-10T20:32:13.056+0000] {processor.py:186} INFO - Started process (PID=1995) to work on /opt/airflow/dags/1202_payload_consumer.py
[2026-09-10T20:32:13.057+0000] {processor.py:914} INFO - Processing file /opt/airflow/dags/1202_payload_consumer.py for tasks to queue
[2026-09-10T20:32:13.062+0000] {logging_mixin.py:190} INFO - [2026-09-10T20:32:13.062+0000] {dagbag.py:588} INFO - Filling up the DagBag from /opt/airflow/dags/1202_payload_consumer.py
[2026-09-10T20:32:13.077+0000] {processor.py:925} INFO - DAG(s) '1202_payload_consumer' retrieved from /opt/airflow/dags/1202_payload_consumer.py
[2026-09-10T20:32:13.125+0000] {logging_mixin.py:190} INFO - [2026-09-10T20:32:13.124+0000] {dag.py:3239} INFO - Sync 1 DAGs
[2026-09-10T20:32:13.153+0000] {logging_mixin.py:190} INFO - [2026-09-10T20:32:13.153+0000] {dag.py:4180} INFO - Setting next_dagrun for 1202_payload_consumer to None, run_after=None
[2026-09-10T20:32:13.181+0000] {processor.py:208} INFO - Processing /opt/airflow/dags/1202_payload_consumer.py took 0.139 seconds
[2026-09-10T20:32:43.756+0000] {processor.py:186} INFO - Started process (PID=2065) to work on /opt/airflow/dags/1202_payload_consumer.py
[2026-09-10T20:32:43.758+0000] {processor.py:914} INFO - Processing file /opt/airflow/dags/1202_payload_consumer.py for tasks to queue
[2026-09-10T20:32:43.761+0000] {logging_mixin.py:190} INFO - [2026-09-10T20:32:43.761+0000] {dagbag.py:588} INFO - Filling up the DagBag from /opt/airflow/dags/1202_payload_consumer.py
[2026-09-10T20:32:43.771+0000] {processor.py:925} INFO - DAG(s) '1202_payload_consumer' retrieved from /opt/airflow/dags/1202_payload_consumer.py
[2026-09-10T20:32:43.802+0000] {logging_mixin.py:190} INFO - [2026-09-10T20:32:43.801+0000] {dag.py:3239} INFO - Sync 1 DAGs
[2026-09-10T20:32:43.818+0000] {logging_mixin.py:190} INFO - [2026-09-10T20:32:43.818+0000] {dag.py:4180} INFO - Setting next_dagrun for 1202_payload_consumer to None, run_after=None
[2026-09-10T20:32:43.838+0000] {processor.py:208} INFO - Processing /opt/airflow/dags/1202_payload_consumer.py took 0.090 seconds
[2026-09-10T20:33:14.044+0000] {processor.py:186} INFO - Started process (PID=2135) to work on /opt/airflow/dags/1202_payload_consumer.py
[2026-09-10T20:33:14.045+0000] {processor.py:914} INFO - Processing file /opt/airflow/dags/1202_payload_consumer.py for tasks to queue
[2026-09-10T20:33:14.048+0000] {logging_mixin.py:190} INFO - [2026-09-10T20:33:14.047+0000] {dagbag.py:588} INFO - Filling up the DagBag from /opt/airflow/dags/1202_payload_consumer.py
[2026-09-10T20:33:14.058+0000] {processor.py:925} INFO - DAG(s) '1202_payload_consumer' retrieved from /opt/airflow/dags/1202_payload_consumer.py
[2026-09-10T20:33:14.087+0000] {logging_mixin.py:190} INFO - [2026-09-10T20:33:14.086+0000] {dag.py:3239} INFO - Sync 1 DAGs
[2026-09-10T20:33:14.102+0000] {logging_mixin.py:190} INFO - [2026-09-10T20:33:14.101+0000] {dag.py:4180} INFO - Setting next_dagrun for 1202_payload_consumer to None, run_after=None
[2026-09-10T20:33:14.122+0000] {processor.py:208} INFO - Processing /opt/airflow/dags/1202_payload_consumer.py took 0.084 seconds
[2026-09-10T20:33:44.453+0000] {processor.py:186} INFO - Started process (PID=2205) to work on /opt/airflow/dags/1202_payload_consumer.py
[2026-09-10T20:33:44.456+0000] {processor.py:914} INFO - Processing file /opt/airflow/dags/1202_payload_consumer.py for tasks to queue
[2026-09-10T20:33:44.459+0000] {logging_mixin.py:190} INFO - [2026-09-10T20:33:44.459+0000] {dagbag.py:588} INFO - Filling up the DagBag from /opt/airflow/dags/1202_payload_consumer.py
[2026-09-10T20:33:44.469+0000] {processor.py:925} INFO - DAG(s) '1202_payload_consumer' retrieved from /opt/airflow/dags/1202_payload_consumer.py
[2026-09-10T20:33:44.501+0000] {logging_mixin.py:190} INFO - [2026-09-10T20:33:44.501+0000] {dag.py:3239} INFO - Sync 1 DAGs
[2026-09-10T20:33:44.517+0000] {logging_mixin.py:190} INFO - [2026-09-10T20:33:44.517+0000] {dag.py:4180} INFO - Setting next_dagrun for 1202_payload_consumer to None, run_after=None
[2026-09-10T20:33:44.539+0000] {processor.py:208} INFO - Processing /opt/airflow/dags/1202_payload_consumer.py took 0.094 seconds
[2026-09-10T20:34:14.696+0000] {processor.py:186} INFO - Started process (PID=2275) to work on /opt/airflow/dags/1202_payload_consumer.py
[2026-09-10T20:34:14.697+0000] {processor.py:914} INFO - Processing file /opt/airflow/dags/1202_payload_consumer.py for tasks to queue
[2026-09-10T20:34:14.701+0000] {logging_mixin.py:190} INFO - [2026-09-10T20:34:14.700+0000] {dagbag.py:588} INFO - Filling up the DagBag from /opt/airflow/dags/1202_payload_consumer.py
[2026-09-10T20:34:14.710+0000] {processor.py:925} INFO - DAG(s) '1202_payload_consumer' retrieved from /opt/airflow/dags/1202_payload_consumer.py
[2026-09-10T20:34:14.744+0000] {logging_mixin.py:190} INFO - [2026-09-10T20:34:14.744+0000] {dag.py:3239} INFO - Sync 1 DAGs
[2026-09-10T20:34:14.760+0000] {logging_mixin.py:190} INFO - [2026-09-10T20:34:14.760+0000] {dag.py:4180} INFO - Setting next_dagrun for 1202_payload_consumer to None, run_after=None
[2026-09-10T20:34:14.780+0000] {processor.py:208} INFO - Processing /opt/airflow/dags/1202_payload_consumer.py took 0.093 seconds
[2026-09-10T20:34:44.940+0000] {processor.py:186} INFO - Started process (PID=2345) to work on /opt/airflow/dags/1202_payload_consumer.py
[2026-09-10T20:34:44.942+0000] {processor.py:914} INFO - Processing file /opt/airflow/dags/1202_payload_consumer.py for tasks to queue
[2026-09-10T20:34:44.946+0000] {logging_mixin.py:190} INFO - [2026-09-10T20:34:44.945+0000] {dagbag.py:588} INFO - Filling up the DagBag from /opt/airflow/dags/1202_payload_consumer.py
[2026-09-10T20:34:44.956+0000] {processor.py:925} INFO - DAG(s) '1202_payload_consumer' retrieved from /opt/airflow/dags/1202_payload_consumer.py
[2026-09-10T20:34:44.988+0000] {logging_mixin.py:190} INFO - [2026-09-10T20:34:44.988+0000] {dag.py:3239} INFO - Sync 1 DAGs
[2026-09-10T20:34:45.005+0000] {logging_mixin.py:190} INFO - [2026-09-10T20:34:45.004+0000] {dag.py:4180} INFO - Setting next_dagrun for 1202_payload_consumer to None, run_after=None
[2026-09-10T20:34:45.030+0000] {processor.py:208} INFO - Processing /opt/airflow/dags/1202_payload_consumer.py took 0.099 seconds
[2026-09-10T20:35:15.113+0000] {processor.py:186} INFO - Started process (PID=2415) to work on /opt/airflow/dags/1202_payload_consumer.py
[2026-09-10T20:35:15.115+0000] {processor.py:914} INFO - Processing file /opt/airflow/dags/1202_payload_consumer.py for tasks to queue
[2026-09-10T20:35:15.118+0000] {logging_mixin.py:190} INFO - [2026-09-10T20:35:15.118+0000] {dagbag.py:588} INFO - Filling up the DagBag from /opt/airflow/dags/1202_payload_consumer.py
[2026-09-10T20:35:15.129+0000] {processor.py:925} INFO - DAG(s) '1202_payload_consumer' retrieved from /opt/airflow/dags/1202_payload_consumer.py
[2026-09-10T20:35:15.168+0000] {logging_mixin.py:190} INFO - [2026-09-10T20:35:15.168+0000] {dag.py:3239} INFO - Sync 1 DAGs
[2026-09-10T20:35:15.185+0000] {logging_mixin.py:190} INFO - [2026-09-10T20:35:15.185+0000] {dag.py:4180} INFO - Setting next_dagrun for 1202_payload_consumer to None, run_after=None
[2026-09-10T20:35:15.208+0000] {processor.py:208} INFO - Processing /opt/airflow/dags/1202_payload_consumer.py took 0.104 seconds
[2026-09-10T20:35:45.402+0000] {processor.py:186} INFO - Started process (PID=2485) to work on /opt/airflow/dags/1202_payload_consumer.py
[2026-09-10T20:35:45.403+0000] {processor.py:914} INFO - Processing file /opt/airflow/dags/1202_payload_consumer.py for tasks to queue
[2026-09-10T20:35:45.411+0000] {logging_mixin.py:190} INFO - [2026-09-10T20:35:45.411+0000] {dagbag.py:588} INFO - Filling up the DagBag from /opt/airflow/dags/1202_payload_consumer.py
[2026-09-10T20:35:45.424+0000] {processor.py:925} INFO - DAG(s) '1202_payload_consumer' retrieved from /opt/airflow/dags/1202_payload_consumer.py
[2026-09-10T20:35:45.466+0000] {logging_mixin.py:190} INFO - [2026-09-10T20:35:45.466+0000] {dag.py:3239} INFO - Sync 1 DAGs
[2026-09-10T20:35:45.489+0000] {logging_mixin.py:190} INFO - [2026-09-10T20:35:45.489+0000] {dag.py:4180} INFO - Setting next_dagrun for 1202_payload_consumer to None, run_after=None
[2026-09-10T20:35:45.511+0000] {processor.py:208} INFO - Processing /opt/airflow/dags/1202_payload_consumer.py took 0.117 seconds
[2026-09-10T20:36:15.651+0000] {processor.py:186} INFO - Started process (PID=2555) to work on /opt/airflow/dags/1202_payload_consumer.py
[2026-09-10T20:36:15.652+0000] {processor.py:914} INFO - Processing file /opt/airflow/dags/1202_payload_consumer.py for tasks to queue
[2026-09-10T20:36:15.656+0000] {logging_mixin.py:190} INFO - [2026-09-10T20:36:15.655+0000] {dagbag.py:588} INFO - Filling up the DagBag from /opt/airflow/dags/1202_payload_consumer.py
[2026-09-10T20:36:15.663+0000] {processor.py:925} INFO - DAG(s) '1202_payload_consumer' retrieved from /opt/airflow/dags/1202_payload_consumer.py
[2026-09-10T20:36:15.690+0000] {logging_mixin.py:190} INFO - [2026-09-10T20:36:15.690+0000] {dag.py:3239} INFO - Sync 1 DAGs
[2026-09-10T20:36:15.705+0000] {logging_mixin.py:190} INFO - [2026-09-10T20:36:15.705+0000] {dag.py:4180} INFO - Setting next_dagrun for 1202_payload_consumer to None, run_after=None
[2026-09-10T20:36:15.728+0000] {processor.py:208} INFO - Processing /opt/airflow/dags/1202_payload_consumer.py took 0.083 seconds
[2026-09-10T20:36:46.723+0000] {processor.py:186} INFO - Started process (PID=2625) to work on /opt/airflow/dags/1202_payload_consumer.py
[2026-09-10T20:36:46.724+0000] {processor.py:914} INFO - Processing file /opt/airflow/dags/1202_payload_consumer.py for tasks to queue
[2026-09-10T20:36:46.727+0000] {logging_mixin.py:190} INFO - [2026-09-10T20:36:46.727+0000] {dagbag.py:588} INFO - Filling up the DagBag from /opt/airflow/dags/1202_payload_consumer.py
[2026-09-10T20:36:46.736+0000] {processor.py:925} INFO - DAG(s) '1202_payload_consumer' retrieved from /opt/airflow/dags/1202_payload_consumer.py
[2026-09-10T20:36:46.769+0000] {logging_mixin.py:190} INFO - [2026-09-10T20:36:46.768+0000] {dag.py:3239} INFO - Sync 1 DAGs
[2026-09-10T20:36:46.785+0000] {logging_mixin.py:190} INFO - [2026-09-10T20:36:46.784+0000] {dag.py:4180} INFO - Setting next_dagrun for 1202_payload_consumer to None, run_after=None
[2026-09-10T20:36:46.803+0000] {processor.py:208} INFO - Processing /opt/airflow/dags/1202_payload_consumer.py took 0.089 seconds
[2026-09-10T20:37:16.993+0000] {processor.py:186} INFO - Started process (PID=2695) to work on /opt/airflow/dags/1202_payload_consumer.py
[2026-09-10T20:37:16.994+0000] {processor.py:914} INFO - Processing file /opt/airflow/dags/1202_payload_consumer.py for tasks to queue
[2026-09-10T20:37:16.997+0000] {logging_mixin.py:190} INFO - [2026-09-10T20:37:16.997+0000] {dagbag.py:588} INFO - Filling up the DagBag from /opt/airflow/dags/1202_payload_consumer.py
[2026-09-10T20:37:17.008+0000] {processor.py:925} INFO - DAG(s) '1202_payload_consumer' retrieved from /opt/airflow/dags/1202_payload_consumer.py
[2026-09-10T20:37:17.042+0000] {logging_mixin.py:190} INFO - [2026-09-10T20:37:17.041+0000] {dag.py:3239} INFO - Sync 1 DAGs
[2026-09-10T20:37:17.058+0000] {logging_mixin.py:190} INFO - [2026-09-10T20:37:17.058+0000] {dag.py:4180} INFO - Setting next_dagrun for 1202_payload_consumer to None, run_after=None
[2026-09-10T20:37:17.077+0000] {processor.py:208} INFO - Processing /opt/airflow/dags/1202_payload_consumer.py took 0.094 seconds
[2026-09-10T20:37:47.138+0000] {processor.py:186} INFO - Started process (PID=2765) to work on /opt/airflow/dags/1202_payload_consumer.py
[2026-09-10T20:37:47.139+0000] {processor.py:914} INFO - Processing file /opt/airflow/dags/1202_payload_consumer.py for tasks to queue
[2026-09-10T20:37:47.141+0000] {logging_mixin.py:190} INFO - [2026-09-10T20:37:47.141+0000] {dagbag.py:588} INFO - Filling up the DagBag from /opt/airflow/dags/1202_payload_consumer.py
[2026-09-10T20:37:47.148+0000] {processor.py:925} INFO - DAG(s) '1202_payload_consumer' retrieved from /opt/airflow/dags/1202_payload_consumer.py
[2026-09-10T20:37:47.178+0000] {logging_mixin.py:190} INFO - [2026-09-10T20:37:47.178+0000] {dag.py:3239} INFO - Sync 1 DAGs
[2026-09-10T20:37:47.195+0000] {logging_mixin.py:190} INFO - [2026-09-10T20:37:47.195+0000] {dag.py:4180} INFO - Setting next_dagrun for 1202_payload_consumer to None, run_after=None
[2026-09-10T20:37:47.219+0000] {processor.py:208} INFO - Processing /opt/airflow/dags/1202_payload_consumer.py took 0.088 seconds
[2026-09-10T20:38:17.301+0000] {processor.py:186} INFO - Started process (PID=2835) to work on /opt/airflow/dags/1202_payload_consumer.py
[2026-09-10T20:38:17.303+0000] {processor.py:914} INFO - Processing file /opt/airflow/dags/1202_payload_consumer.py for tasks to queue
[2026-09-10T20:38:17.306+0000] {logging_mixin.py:190} INFO - [2026-09-10T20:38:17.306+0000] {dagbag.py:588} INFO - Filling up the DagBag from /opt/airflow/dags/1202_payload_consumer.py
[2026-09-10T20:38:17.314+0000] {processor.py:925} INFO - DAG(s) '1202_payload_consumer' retrieved from /opt/airflow/dags/1202_payload_consumer.py
[2026-09-10T20:38:17.343+0000] {logging_mixin.py:190} INFO - [2026-09-10T20:38:17.343+0000] {dag.py:3239} INFO - Sync 1 DAGs
[2026-09-10T20:38:17.357+0000] {logging_mixin.py:190} INFO - [2026-09-10T20:38:17.357+0000] {dag.py:4180} INFO - Setting next_dagrun for 1202_payload_consumer to None, run_after=None
[2026-09-10T20:38:17.374+0000] {processor.py:208} INFO - Processing /opt/airflow/dags/1202_payload_consumer.py took 0.081 seconds
[2026-09-10T20:38:47.463+0000] {processor.py:186} INFO - Started process (PID=2905) to work on /opt/airflow/dags/1202_payload_consumer.py
[2026-09-10T20:38:47.464+0000] {processor.py:914} INFO - Processing file /opt/airflow/dags/1202_payload_consumer.py for tasks to queue
[2026-09-10T20:38:47.467+0000] {logging_mixin.py:190} INFO - [2026-09-10T20:38:47.466+0000] {dagbag.py:588} INFO - Filling up the DagBag from /opt/airflow/dags/1202_payload_consumer.py
[2026-09-10T20:38:47.475+0000] {processor.py:925} INFO - DAG(s) '1202_payload_consumer' retrieved from /opt/airflow/dags/1202_payload_consumer.py
[2026-09-10T20:38:47.504+0000] {logging_mixin.py:190} INFO - [2026-09-10T20:38:47.504+0000] {dag.py:3239} INFO - Sync 1 DAGs
[2026-09-10T20:38:47.518+0000] {logging_mixin.py:190} INFO - [2026-09-10T20:38:47.518+0000] {dag.py:4180} INFO - Setting next_dagrun for 1202_payload_consumer to None, run_after=None
[2026-09-10T20:38:47.537+0000] {processor.py:208} INFO - Processing /opt/airflow/dags/1202_payload_consumer.py took 0.081 seconds
[2026-09-10T20:39:17.758+0000] {processor.py:186} INFO - Started process (PID=2975) to work on /opt/airflow/dags/1202_payload_consumer.py
[2026-09-10T20:39:17.759+0000] {processor.py:914} INFO - Processing file /opt/airflow/dags/1202_payload_consumer.py for tasks to queue
[2026-09-10T20:39:17.762+0000] {logging_mixin.py:190} INFO - [2026-09-10T20:39:17.761+0000] {dagbag.py:588} INFO - Filling up the DagBag from /opt/airflow/dags/1202_payload_consumer.py
[2026-09-10T20:39:17.770+0000] {processor.py:925} INFO - DAG(s) '1202_payload_consumer' retrieved from /opt/airflow/dags/1202_payload_consumer.py
[2026-09-10T20:39:17.803+0000] {logging_mixin.py:190} INFO - [2026-09-10T20:39:17.803+0000] {dag.py:3239} INFO - Sync 1 DAGs
[2026-09-10T20:39:17.822+0000] {logging_mixin.py:190} INFO - [2026-09-10T20:39:17.822+0000] {dag.py:4180} INFO - Setting next_dagrun for 1202_payload_consumer to None, run_after=None
[2026-09-10T20:39:17.841+0000] {processor.py:208} INFO - Processing /opt/airflow/dags/1202_payload_consumer.py took 0.091 seconds
[2026-09-10T20:39:47.910+0000] {processor.py:186} INFO - Started process (PID=3045) to work on /opt/airflow/dags/1202_payload_consumer.py
[2026-09-10T20:39:47.911+0000] {processor.py:914} INFO - Processing file /opt/airflow/dags/1202_payload_consumer.py for tasks to queue
[2026-09-10T20:39:47.914+0000] {logging_mixin.py:190} INFO - [2026-09-10T20:39:47.913+0000] {dagbag.py:588} INFO - Filling up the DagBag from /opt/airflow/dags/1202_payload_consumer.py
[2026-09-10T20:39:47.923+0000] {processor.py:925} INFO - DAG(s) '1202_payload_consumer' retrieved from /opt/airflow/dags/1202_payload_consumer.py
[2026-09-10T20:39:47.955+0000] {logging_mixin.py:190} INFO - [2026-09-10T20:39:47.955+0000] {dag.py:3239} INFO - Sync 1 DAGs
[2026-09-10T20:39:47.972+0000] {logging_mixin.py:190} INFO - [2026-09-10T20:39:47.971+0000] {dag.py:4180} INFO - Setting next_dagrun for 1202_payload_consumer to None, run_after=None
[2026-09-10T20:39:47.992+0000] {processor.py:208} INFO - Processing /opt/airflow/dags/1202_payload_consumer.py took 0.091 seconds
[2026-09-10T20:40:18.223+0000] {processor.py:186} INFO - Started process (PID=3115) to work on /opt/airflow/dags/1202_payload_consumer.py
[2026-09-10T20:40:18.225+0000] {processor.py:914} INFO - Processing file /opt/airflow/dags/1202_payload_consumer.py for tasks to queue
[2026-09-10T20:40:18.230+0000] {logging_mixin.py:190} INFO - [2026-09-10T20:40:18.229+0000] {dagbag.py:588} INFO - Filling up the DagBag from /opt/airflow/dags/1202_payload_consumer.py
[2026-09-10T20:40:18.243+0000] {processor.py:925} INFO - DAG(s) '1202_payload_consumer' retrieved from /opt/airflow/dags/1202_payload_consumer.py
[2026-09-10T20:40:18.305+0000] {logging_mixin.py:190} INFO - [2026-09-10T20:40:18.305+0000] {dag.py:3239} INFO - Sync 1 DAGs
[2026-09-10T20:40:18.346+0000] {logging_mixin.py:190} INFO - [2026-09-10T20:40:18.346+0000] {dag.py:4180} INFO - Setting next_dagrun for 1202_payload_consumer to None, run_after=None
[2026-09-10T20:40:18.377+0000] {processor.py:208} INFO - Processing /opt/airflow/dags/1202_payload_consumer.py took 0.169 seconds
[2026-09-10T20:40:48.463+0000] {processor.py:186} INFO - Started process (PID=3185) to work on /opt/airflow/dags/1202_payload_consumer.py
[2026-09-10T20:40:48.464+0000] {processor.py:914} INFO - Processing file /opt/airflow/dags/1202_payload_consumer.py for tasks to queue
[2026-09-10T20:40:48.467+0000] {logging_mixin.py:190} INFO - [2026-09-10T20:40:48.467+0000] {dagbag.py:588} INFO - Filling up the DagBag from /opt/airflow/dags/1202_payload_consumer.py
[2026-09-10T20:40:48.476+0000] {processor.py:925} INFO - DAG(s) '1202_payload_consumer' retrieved from /opt/airflow/dags/1202_payload_consumer.py
[2026-09-10T20:40:48.507+0000] {logging_mixin.py:190} INFO - [2026-09-10T20:40:48.507+0000] {dag.py:3239} INFO - Sync 1 DAGs
[2026-09-10T20:40:48.523+0000] {logging_mixin.py:190} INFO - [2026-09-10T20:40:48.523+0000] {dag.py:4180} INFO - Setting next_dagrun for 1202_payload_consumer to None, run_after=None
[2026-09-10T20:40:48.545+0000] {processor.py:208} INFO - Processing /opt/airflow/dags/1202_payload_consumer.py took 0.090 seconds
[2026-09-10T20:41:18.682+0000] {processor.py:186} INFO - Started process (PID=3255) to work on /opt/airflow/dags/1202_payload_consumer.py
[2026-09-10T20:41:18.684+0000] {processor.py:914} INFO - Processing file /opt/airflow/dags/1202_payload_consumer.py for tasks to queue
[2026-09-10T20:41:18.687+0000] {logging_mixin.py:190} INFO - [2026-09-10T20:41:18.687+0000] {dagbag.py:588} INFO - Filling up the DagBag from /opt/airflow/dags/1202_payload_consumer.py
[2026-09-10T20:41:18.696+0000] {processor.py:925} INFO - DAG(s) '1202_payload_consumer' retrieved from /opt/airflow/dags/1202_payload_consumer.py
[2026-09-10T20:41:18.728+0000] {logging_mixin.py:190} INFO - [2026-09-10T20:41:18.728+0000] {dag.py:3239} INFO - Sync 1 DAGs
[2026-09-10T20:41:18.746+0000] {logging_mixin.py:190} INFO - [2026-09-10T20:41:18.745+0000] {dag.py:4180} INFO - Setting next_dagrun for 1202_payload_consumer to None, run_after=None
[2026-09-10T20:41:18.765+0000] {processor.py:208} INFO - Processing /opt/airflow/dags/1202_payload_consumer.py took 0.091 seconds
[2026-09-10T20:41:49.001+0000] {processor.py:186} INFO - Started process (PID=3325) to work on /opt/airflow/dags/1202_payload_consumer.py
[2026-09-10T20:41:49.002+0000] {processor.py:914} INFO - Processing file /opt/airflow/dags/1202_payload_consumer.py for tasks to queue
[2026-09-10T20:41:49.005+0000] {logging_mixin.py:190} INFO - [2026-09-10T20:41:49.005+0000] {dagbag.py:588} INFO - Filling up the DagBag from /opt/airflow/dags/1202_payload_consumer.py
[2026-09-10T20:41:49.020+0000] {processor.py:925} INFO - DAG(s) '1202_payload_consumer' retrieved from /opt/airflow/dags/1202_payload_consumer.py
[2026-09-10T20:41:49.049+0000] {logging_mixin.py:190} INFO - [2026-09-10T20:41:49.049+0000] {dag.py:3239} INFO - Sync 1 DAGs
[2026-09-10T20:41:49.064+0000] {logging_mixin.py:190} INFO - [2026-09-10T20:41:49.063+0000] {dag.py:4180} INFO - Setting next_dagrun for 1202_payload_consumer to None, run_after=None
[2026-09-10T20:41:49.081+0000] {processor.py:208} INFO - Processing /opt/airflow/dags/1202_payload_consumer.py took 0.089 seconds
[2026-09-10T20:42:19.972+0000] {processor.py:186} INFO - Started process (PID=3395) to work on /opt/airflow/dags/1202_payload_consumer.py
[2026-09-10T20:42:19.973+0000] {processor.py:914} INFO - Processing file /opt/airflow/dags/1202_payload_consumer.py for tasks to queue
[2026-09-10T20:42:19.976+0000] {logging_mixin.py:190} INFO - [2026-09-10T20:42:19.975+0000] {dagbag.py:588} INFO - Filling up the DagBag from /opt/airflow/dags/1202_payload_consumer.py
[2026-09-10T20:42:19.985+0000] {processor.py:925} INFO - DAG(s) '1202_payload_consumer' retrieved from /opt/airflow/dags/1202_payload_consumer.py
[2026-09-10T20:42:20.023+0000] {logging_mixin.py:190} INFO - [2026-09-10T20:42:20.023+0000] {dag.py:3239} INFO - Sync 1 DAGs
[2026-09-10T20:42:20.042+0000] {logging_mixin.py:190} INFO - [2026-09-10T20:42:20.042+0000] {dag.py:4180} INFO - Setting next_dagrun for 1202_payload_consumer to None, run_after=None
[2026-09-10T20:42:20.064+0000] {processor.py:208} INFO - Processing /opt/airflow/dags/1202_payload_consumer.py took 0.101 seconds
[2026-09-10T20:42:50.111+0000] {processor.py:186} INFO - Started process (PID=3465) to work on /opt/airflow/dags/1202_payload_consumer.py
[2026-09-10T20:42:50.113+0000] {processor.py:914} INFO - Processing file /opt/airflow/dags/1202_payload_consumer.py for tasks to queue
[2026-09-10T20:42:50.117+0000] {logging_mixin.py:190} INFO - [2026-09-10T20:42:50.117+0000] {dagbag.py:588} INFO - Filling up the DagBag from /opt/airflow/dags/1202_payload_consumer.py
[2026-09-10T20:42:50.128+0000] {processor.py:925} INFO - DAG(s) '1202_payload_consumer' retrieved from /opt/airflow/dags/1202_payload_consumer.py
[2026-09-10T20:42:50.159+0000] {logging_mixin.py:190} INFO - [2026-09-10T20:42:50.159+0000] {dag.py:3239} INFO - Sync 1 DAGs
[2026-09-10T20:42:50.175+0000] {logging_mixin.py:190} INFO - [2026-09-10T20:42:50.175+0000] {dag.py:4180} INFO - Setting next_dagrun for 1202_payload_consumer to None, run_after=None
[2026-09-10T20:42:50.199+0000] {processor.py:208} INFO - Processing /opt/airflow/dags/1202_payload_consumer.py took 0.096 seconds
[2026-09-10T20:43:20.351+0000] {processor.py:186} INFO - Started process (PID=3535) to work on /opt/airflow/dags/1202_payload_consumer.py
[2026-09-10T20:43:20.352+0000] {processor.py:914} INFO - Processing file /opt/airflow/dags/1202_payload_consumer.py for tasks to queue
[2026-09-10T20:43:20.356+0000] {logging_mixin.py:190} INFO - [2026-09-10T20:43:20.356+0000] {dagbag.py:588} INFO - Filling up the DagBag from /opt/airflow/dags/1202_payload_consumer.py
[2026-09-10T20:43:20.366+0000] {processor.py:925} INFO - DAG(s) '1202_payload_consumer' retrieved from /opt/airflow/dags/1202_payload_consumer.py
[2026-09-10T20:43:20.400+0000] {logging_mixin.py:190} INFO - [2026-09-10T20:43:20.400+0000] {dag.py:3239} INFO - Sync 1 DAGs
[2026-09-10T20:43:20.417+0000] {logging_mixin.py:190} INFO - [2026-09-10T20:43:20.417+0000] {dag.py:4180} INFO - Setting next_dagrun for 1202_payload_consumer to None, run_after=None
[2026-09-10T20:43:20.439+0000] {processor.py:208} INFO - Processing /opt/airflow/dags/1202_payload_consumer.py took 0.097 seconds
[2026-09-10T20:43:50.644+0000] {processor.py:186} INFO - Started process (PID=3605) to work on /opt/airflow/dags/1202_payload_consumer.py
[2026-09-10T20:43:50.645+0000] {processor.py:914} INFO - Processing file /opt/airflow/dags/1202_payload_consumer.py for tasks to queue
[2026-09-10T20:43:50.648+0000] {logging_mixin.py:190} INFO - [2026-09-10T20:43:50.648+0000] {dagbag.py:588} INFO - Filling up the DagBag from /opt/airflow/dags/1202_payload_consumer.py
[2026-09-10T20:43:50.657+0000] {processor.py:925} INFO - DAG(s) '1202_payload_consumer' retrieved from /opt/airflow/dags/1202_payload_consumer.py
[2026-09-10T20:43:50.691+0000] {logging_mixin.py:190} INFO - [2026-09-10T20:43:50.690+0000] {dag.py:3239} INFO - Sync 1 DAGs
[2026-09-10T20:43:50.709+0000] {logging_mixin.py:190} INFO - [2026-09-10T20:43:50.708+0000] {dag.py:4180} INFO - Setting next_dagrun for 1202_payload_consumer to None, run_after=None
[2026-09-10T20:43:50.730+0000] {processor.py:208} INFO - Processing /opt/airflow/dags/1202_payload_consumer.py took 0.093 seconds
[2026-09-10T20:44:20.777+0000] {processor.py:186} INFO - Started process (PID=3675) to work on /opt/airflow/dags/1202_payload_consumer.py
[2026-09-10T20:44:20.778+0000] {processor.py:914} INFO - Processing file /opt/airflow/dags/1202_payload_consumer.py for tasks to queue
[2026-09-10T20:44:20.781+0000] {logging_mixin.py:190} INFO - [2026-09-10T20:44:20.781+0000] {dagbag.py:588} INFO - Filling up the DagBag from /opt/airflow/dags/1202_payload_consumer.py
[2026-09-10T20:44:20.790+0000] {processor.py:925} INFO - DAG(s) '1202_payload_consumer' retrieved from /opt/airflow/dags/1202_payload_consumer.py
[2026-09-10T20:44:20.821+0000] {logging_mixin.py:190} INFO - [2026-09-10T20:44:20.821+0000] {dag.py:3239} INFO - Sync 1 DAGs
[2026-09-10T20:44:20.840+0000] {logging_mixin.py:190} INFO - [2026-09-10T20:44:20.840+0000] {dag.py:4180} INFO - Setting next_dagrun for 1202_payload_consumer to None, run_after=None
[2026-09-10T20:44:20.865+0000] {processor.py:208} INFO - Processing /opt/airflow/dags/1202_payload_consumer.py took 0.094 seconds
[2026-09-10T20:44:50.947+0000] {processor.py:186} INFO - Started process (PID=3745) to work on /opt/airflow/dags/1202_payload_consumer.py
[2026-09-10T20:44:50.948+0000] {processor.py:914} INFO - Processing file /opt/airflow/dags/1202_payload_consumer.py for tasks to queue
[2026-09-10T20:44:50.950+0000] {logging_mixin.py:190} INFO - [2026-09-10T20:44:50.950+0000] {dagbag.py:588} INFO - Filling up the DagBag from /opt/airflow/dags/1202_payload_consumer.py
[2026-09-10T20:44:50.960+0000] {processor.py:925} INFO - DAG(s) '1202_payload_consumer' retrieved from /opt/airflow/dags/1202_payload_consumer.py
[2026-09-10T20:44:50.994+0000] {logging_mixin.py:190} INFO - [2026-09-10T20:44:50.994+0000] {dag.py:3239} INFO - Sync 1 DAGs
[2026-09-10T20:44:51.013+0000] {logging_mixin.py:190} INFO - [2026-09-10T20:44:51.013+0000] {dag.py:4180} INFO - Setting next_dagrun for 1202_payload_consumer to None, run_after=None
[2026-09-10T20:44:51.036+0000] {processor.py:208} INFO - Processing /opt/airflow/dags/1202_payload_consumer.py took 0.097 seconds
[2026-09-10T20:45:21.079+0000] {processor.py:186} INFO - Started process (PID=3815) to work on /opt/airflow/dags/1202_payload_consumer.py
[2026-09-10T20:45:21.080+0000] {processor.py:914} INFO - Processing file /opt/airflow/dags/1202_payload_consumer.py for tasks to queue
[2026-09-10T20:45:21.083+0000] {logging_mixin.py:190} INFO - [2026-09-10T20:45:21.082+0000] {dagbag.py:588} INFO - Filling up the DagBag from /opt/airflow/dags/1202_payload_consumer.py
[2026-09-10T20:45:21.096+0000] {processor.py:925} INFO - DAG(s) '1202_payload_consumer' retrieved from /opt/airflow/dags/1202_payload_consumer.py
[2026-09-10T20:45:21.139+0000] {logging_mixin.py:190} INFO - [2026-09-10T20:45:21.138+0000] {dag.py:3239} INFO - Sync 1 DAGs
[2026-09-10T20:45:21.169+0000] {logging_mixin.py:190} INFO - [2026-09-10T20:45:21.169+0000] {dag.py:4180} INFO - Setting next_dagrun for 1202_payload_consumer to None, run_after=None
[2026-09-10T20:45:21.204+0000] {processor.py:208} INFO - Processing /opt/airflow/dags/1202_payload_consumer.py took 0.136 seconds
[2026-09-10T20:45:51.294+0000] {processor.py:186} INFO - Started process (PID=3909) to work on /opt/airflow/dags/1202_payload_consumer.py
[2026-09-10T20:45:51.296+0000] {processor.py:914} INFO - Processing file /opt/airflow/dags/1202_payload_consumer.py for tasks to queue
[2026-09-10T20:45:51.299+0000] {logging_mixin.py:190} INFO - [2026-09-10T20:45:51.299+0000] {dagbag.py:588} INFO - Filling up the DagBag from /opt/airflow/dags/1202_payload_consumer.py
[2026-09-10T20:45:51.308+0000] {processor.py:925} INFO - DAG(s) '1202_payload_consumer' retrieved from /opt/airflow/dags/1202_payload_consumer.py
[2026-09-10T20:45:51.338+0000] {logging_mixin.py:190} INFO - [2026-09-10T20:45:51.337+0000] {dag.py:3239} INFO - Sync 1 DAGs
[2026-09-10T20:45:51.352+0000] {logging_mixin.py:190} INFO - [2026-09-10T20:45:51.352+0000] {dag.py:4180} INFO - Setting next_dagrun for 1202_payload_consumer to None, run_after=None
[2026-09-10T20:45:51.371+0000] {processor.py:208} INFO - Processing /opt/airflow/dags/1202_payload_consumer.py took 0.087 seconds
[2026-09-10T20:46:21.542+0000] {processor.py:186} INFO - Started process (PID=3979) to work on /opt/airflow/dags/1202_payload_consumer.py
[2026-09-10T20:46:21.544+0000] {processor.py:914} INFO - Processing file /opt/airflow/dags/1202_payload_consumer.py for tasks to queue
[2026-09-10T20:46:21.547+0000] {logging_mixin.py:190} INFO - [2026-09-10T20:46:21.547+0000] {dagbag.py:588} INFO - Filling up the DagBag from /opt/airflow/dags/1202_payload_consumer.py
[2026-09-10T20:46:21.558+0000] {processor.py:925} INFO - DAG(s) '1202_payload_consumer' retrieved from /opt/airflow/dags/1202_payload_consumer.py
[2026-09-10T20:46:21.592+0000] {logging_mixin.py:190} INFO - [2026-09-10T20:46:21.592+0000] {dag.py:3239} INFO - Sync 1 DAGs
[2026-09-10T20:46:21.609+0000] {logging_mixin.py:190} INFO - [2026-09-10T20:46:21.609+0000] {dag.py:4180} INFO - Setting next_dagrun for 1202_payload_consumer to None, run_after=None
[2026-09-10T20:46:21.629+0000] {processor.py:208} INFO - Processing /opt/airflow/dags/1202_payload_consumer.py took 0.095 seconds
[2026-09-10T20:46:51.739+0000] {processor.py:186} INFO - Started process (PID=4049) to work on /opt/airflow/dags/1202_payload_consumer.py
[2026-09-10T20:46:51.740+0000] {processor.py:914} INFO - Processing file /opt/airflow/dags/1202_payload_consumer.py for tasks to queue
[2026-09-10T20:46:51.744+0000] {logging_mixin.py:190} INFO - [2026-09-10T20:46:51.743+0000] {dagbag.py:588} INFO - Filling up the DagBag from /opt/airflow/dags/1202_payload_consumer.py
[2026-09-10T20:46:51.753+0000] {processor.py:925} INFO - DAG(s) '1202_payload_consumer' retrieved from /opt/airflow/dags/1202_payload_consumer.py
[2026-09-10T20:46:51.785+0000] {logging_mixin.py:190} INFO - [2026-09-10T20:46:51.785+0000] {dag.py:3239} INFO - Sync 1 DAGs
[2026-09-10T20:46:51.802+0000] {logging_mixin.py:190} INFO - [2026-09-10T20:46:51.801+0000] {dag.py:4180} INFO - Setting next_dagrun for 1202_payload_consumer to None, run_after=None
[2026-09-10T20:46:51.822+0000] {processor.py:208} INFO - Processing /opt/airflow/dags/1202_payload_consumer.py took 0.093 seconds
[2026-09-10T20:47:21.871+0000] {processor.py:186} INFO - Started process (PID=4119) to work on /opt/airflow/dags/1202_payload_consumer.py
[2026-09-10T20:47:21.872+0000] {processor.py:914} INFO - Processing file /opt/airflow/dags/1202_payload_consumer.py for tasks to queue
[2026-09-10T20:47:21.876+0000] {logging_mixin.py:190} INFO - [2026-09-10T20:47:21.875+0000] {dagbag.py:588} INFO - Filling up the DagBag from /opt/airflow/dags/1202_payload_consumer.py
[2026-09-10T20:47:21.885+0000] {processor.py:925} INFO - DAG(s) '1202_payload_consumer' retrieved from /opt/airflow/dags/1202_payload_consumer.py
[2026-09-10T20:47:21.917+0000] {logging_mixin.py:190} INFO - [2026-09-10T20:47:21.917+0000] {dag.py:3239} INFO - Sync 1 DAGs
[2026-09-10T20:47:21.936+0000] {logging_mixin.py:190} INFO - [2026-09-10T20:47:21.935+0000] {dag.py:4180} INFO - Setting next_dagrun for 1202_payload_consumer to None, run_after=None
[2026-09-10T20:47:21.955+0000] {processor.py:208} INFO - Processing /opt/airflow/dags/1202_payload_consumer.py took 0.092 seconds
[2026-09-10T20:47:52.125+0000] {processor.py:186} INFO - Started process (PID=4189) to work on /opt/airflow/dags/1202_payload_consumer.py
[2026-09-10T20:47:52.126+0000] {processor.py:914} INFO - Processing file /opt/airflow/dags/1202_payload_consumer.py for tasks to queue
[2026-09-10T20:47:52.129+0000] {logging_mixin.py:190} INFO - [2026-09-10T20:47:52.129+0000] {dagbag.py:588} INFO - Filling up the DagBag from /opt/airflow/dags/1202_payload_consumer.py
[2026-09-10T20:47:52.138+0000] {processor.py:925} INFO - DAG(s) '1202_payload_consumer' retrieved from /opt/airflow/dags/1202_payload_consumer.py
[2026-09-10T20:47:52.168+0000] {logging_mixin.py:190} INFO - [2026-09-10T20:47:52.168+0000] {dag.py:3239} INFO - Sync 1 DAGs
[2026-09-10T20:47:52.184+0000] {logging_mixin.py:190} INFO - [2026-09-10T20:47:52.183+0000] {dag.py:4180} INFO - Setting next_dagrun for 1202_payload_consumer to None, run_after=None
[2026-09-10T20:47:52.203+0000] {processor.py:208} INFO - Processing /opt/airflow/dags/1202_payload_consumer.py took 0.090 seconds
[2026-09-10T20:48:22.310+0000] {processor.py:186} INFO - Started process (PID=4259) to work on /opt/airflow/dags/1202_payload_consumer.py
[2026-09-10T20:48:22.313+0000] {processor.py:914} INFO - Processing file /opt/airflow/dags/1202_payload_consumer.py for tasks to queue
[2026-09-10T20:48:22.316+0000] {logging_mixin.py:190} INFO - [2026-09-10T20:48:22.315+0000] {dagbag.py:588} INFO - Filling up the DagBag from /opt/airflow/dags/1202_payload_consumer.py
[2026-09-10T20:48:22.325+0000] {processor.py:925} INFO - DAG(s) '1202_payload_consumer' retrieved from /opt/airflow/dags/1202_payload_consumer.py
[2026-09-10T20:48:22.358+0000] {logging_mixin.py:190} INFO - [2026-09-10T20:48:22.357+0000] {dag.py:3239} INFO - Sync 1 DAGs
[2026-09-10T20:48:22.375+0000] {logging_mixin.py:190} INFO - [2026-09-10T20:48:22.374+0000] {dag.py:4180} INFO - Setting next_dagrun for 1202_payload_consumer to None, run_after=None
[2026-09-10T20:48:22.395+0000] {processor.py:208} INFO - Processing /opt/airflow/dags/1202_payload_consumer.py took 0.093 seconds
[2026-09-10T20:48:52.494+0000] {processor.py:186} INFO - Started process (PID=4329) to work on /opt/airflow/dags/1202_payload_consumer.py
[2026-09-10T20:48:52.495+0000] {processor.py:914} INFO - Processing file /opt/airflow/dags/1202_payload_consumer.py for tasks to queue
[2026-09-10T20:48:52.498+0000] {logging_mixin.py:190} INFO - [2026-09-10T20:48:52.498+0000] {dagbag.py:588} INFO - Filling up the DagBag from /opt/airflow/dags/1202_payload_consumer.py
[2026-09-10T20:48:52.508+0000] {processor.py:925} INFO - DAG(s) '1202_payload_consumer' retrieved from /opt/airflow/dags/1202_payload_consumer.py
[2026-09-10T20:48:52.537+0000] {logging_mixin.py:190} INFO - [2026-09-10T20:48:52.537+0000] {dag.py:3239} INFO - Sync 1 DAGs
[2026-09-10T20:48:52.553+0000] {logging_mixin.py:190} INFO - [2026-09-10T20:48:52.553+0000] {dag.py:4180} INFO - Setting next_dagrun for 1202_payload_consumer to None, run_after=None
[2026-09-10T20:48:52.571+0000] {processor.py:208} INFO - Processing /opt/airflow/dags/1202_payload_consumer.py took 0.087 seconds
[2026-09-10T20:49:22.616+0000] {processor.py:186} INFO - Started process (PID=4399) to work on /opt/airflow/dags/1202_payload_consumer.py
[2026-09-10T20:49:22.617+0000] {processor.py:914} INFO - Processing file /opt/airflow/dags/1202_payload_consumer.py for tasks to queue
[2026-09-10T20:49:22.620+0000] {logging_mixin.py:190} INFO - [2026-09-10T20:49:22.620+0000] {dagbag.py:588} INFO - Filling up the DagBag from /opt/airflow/dags/1202_payload_consumer.py
[2026-09-10T20:49:22.629+0000] {processor.py:925} INFO - DAG(s) '1202_payload_consumer' retrieved from /opt/airflow/dags/1202_payload_consumer.py
[2026-09-10T20:49:22.660+0000] {logging_mixin.py:190} INFO - [2026-09-10T20:49:22.660+0000] {dag.py:3239} INFO - Sync 1 DAGs
[2026-09-10T20:49:22.676+0000] {logging_mixin.py:190} INFO - [2026-09-10T20:49:22.676+0000] {dag.py:4180} INFO - Setting next_dagrun for 1202_payload_consumer to None, run_after=None
[2026-09-10T20:49:22.697+0000] {processor.py:208} INFO - Processing /opt/airflow/dags/1202_payload_consumer.py took 0.089 seconds
[2026-09-10T20:49:52.880+0000] {processor.py:186} INFO - Started process (PID=4469) to work on /opt/airflow/dags/1202_payload_consumer.py
[2026-09-10T20:49:52.881+0000] {processor.py:914} INFO - Processing file /opt/airflow/dags/1202_payload_consumer.py for tasks to queue
[2026-09-10T20:49:52.884+0000] {logging_mixin.py:190} INFO - [2026-09-10T20:49:52.884+0000] {dagbag.py:588} INFO - Filling up the DagBag from /opt/airflow/dags/1202_payload_consumer.py
[2026-09-10T20:49:52.894+0000] {processor.py:925} INFO - DAG(s) '1202_payload_consumer' retrieved from /opt/airflow/dags/1202_payload_consumer.py
[2026-09-10T20:49:52.926+0000] {logging_mixin.py:190} INFO - [2026-09-10T20:49:52.926+0000] {dag.py:3239} INFO - Sync 1 DAGs
[2026-09-10T20:49:52.945+0000] {logging_mixin.py:190} INFO - [2026-09-10T20:49:52.945+0000] {dag.py:4180} INFO - Setting next_dagrun for 1202_payload_consumer to None, run_after=None
[2026-09-10T20:49:52.968+0000] {processor.py:208} INFO - Processing /opt/airflow/dags/1202_payload_consumer.py took 0.097 seconds
[2026-09-10T20:50:23.100+0000] {processor.py:186} INFO - Started process (PID=4539) to work on /opt/airflow/dags/1202_payload_consumer.py
[2026-09-10T20:50:23.103+0000] {processor.py:914} INFO - Processing file /opt/airflow/dags/1202_payload_consumer.py for tasks to queue
[2026-09-10T20:50:23.107+0000] {logging_mixin.py:190} INFO - [2026-09-10T20:50:23.107+0000] {dagbag.py:588} INFO - Filling up the DagBag from /opt/airflow/dags/1202_payload_consumer.py
[2026-09-10T20:50:23.123+0000] {processor.py:925} INFO - DAG(s) '1202_payload_consumer' retrieved from /opt/airflow/dags/1202_payload_consumer.py
[2026-09-10T20:50:23.163+0000] {logging_mixin.py:190} INFO - [2026-09-10T20:50:23.162+0000] {dag.py:3239} INFO - Sync 1 DAGs
[2026-09-10T20:50:23.184+0000] {logging_mixin.py:190} INFO - [2026-09-10T20:50:23.184+0000] {dag.py:4180} INFO - Setting next_dagrun for 1202_payload_consumer to None, run_after=None
[2026-09-10T20:50:23.207+0000] {processor.py:208} INFO - Processing /opt/airflow/dags/1202_payload_consumer.py took 0.119 seconds
[2026-09-10T20:50:53.259+0000] {processor.py:186} INFO - Started process (PID=4609) to work on /opt/airflow/dags/1202_payload_consumer.py
[2026-09-10T20:50:53.260+0000] {processor.py:914} INFO - Processing file /opt/airflow/dags/1202_payload_consumer.py for tasks to queue
[2026-09-10T20:50:53.263+0000] {logging_mixin.py:190} INFO - [2026-09-10T20:50:53.263+0000] {dagbag.py:588} INFO - Filling up the DagBag from /opt/airflow/dags/1202_payload_consumer.py
[2026-09-10T20:50:53.273+0000] {processor.py:925} INFO - DAG(s) '1202_payload_consumer' retrieved from /opt/airflow/dags/1202_payload_consumer.py
[2026-09-10T20:50:53.305+0000] {logging_mixin.py:190} INFO - [2026-09-10T20:50:53.305+0000] {dag.py:3239} INFO - Sync 1 DAGs
[2026-09-10T20:50:53.326+0000] {logging_mixin.py:190} INFO - [2026-09-10T20:50:53.325+0000] {dag.py:4180} INFO - Setting next_dagrun for 1202_payload_consumer to None, run_after=None
[2026-09-10T20:50:53.346+0000] {processor.py:208} INFO - Processing /opt/airflow/dags/1202_payload_consumer.py took 0.096 seconds
[2026-09-10T20:51:23.538+0000] {processor.py:186} INFO - Started process (PID=4679) to work on /opt/airflow/dags/1202_payload_consumer.py
[2026-09-10T20:51:23.539+0000] {processor.py:914} INFO - Processing file /opt/airflow/dags/1202_payload_consumer.py for tasks to queue
[2026-09-10T20:51:23.544+0000] {logging_mixin.py:190} INFO - [2026-09-10T20:51:23.543+0000] {dagbag.py:588} INFO - Filling up the DagBag from /opt/airflow/dags/1202_payload_consumer.py
[2026-09-10T20:51:23.569+0000] {processor.py:925} INFO - DAG(s) '1202_payload_consumer' retrieved from /opt/airflow/dags/1202_payload_consumer.py
[2026-09-10T20:51:23.601+0000] {logging_mixin.py:190} INFO - [2026-09-10T20:51:23.601+0000] {dag.py:3239} INFO - Sync 1 DAGs
[2026-09-10T20:51:23.618+0000] {logging_mixin.py:190} INFO - [2026-09-10T20:51:23.618+0000] {dag.py:4180} INFO - Setting next_dagrun for 1202_payload_consumer to None, run_after=None
[2026-09-10T20:51:23.638+0000] {processor.py:208} INFO - Processing /opt/airflow/dags/1202_payload_consumer.py took 0.113 seconds
[2026-09-10T20:51:53.694+0000] {processor.py:186} INFO - Started process (PID=4749) to work on /opt/airflow/dags/1202_payload_consumer.py
[2026-09-10T20:51:53.695+0000] {processor.py:914} INFO - Processing file /opt/airflow/dags/1202_payload_consumer.py for tasks to queue
[2026-09-10T20:51:53.698+0000] {logging_mixin.py:190} INFO - [2026-09-10T20:51:53.697+0000] {dagbag.py:588} INFO - Filling up the DagBag from /opt/airflow/dags/1202_payload_consumer.py
[2026-09-10T20:51:53.709+0000] {processor.py:925} INFO - DAG(s) '1202_payload_consumer' retrieved from /opt/airflow/dags/1202_payload_consumer.py
[2026-09-10T20:51:53.741+0000] {logging_mixin.py:190} INFO - [2026-09-10T20:51:53.741+0000] {dag.py:3239} INFO - Sync 1 DAGs
[2026-09-10T20:51:53.757+0000] {logging_mixin.py:190} INFO - [2026-09-10T20:51:53.757+0000] {dag.py:4180} INFO - Setting next_dagrun for 1202_payload_consumer to None, run_after=None
[2026-09-10T20:51:53.777+0000] {processor.py:208} INFO - Processing /opt/airflow/dags/1202_payload_consumer.py took 0.093 seconds
[2026-09-10T20:52:23.872+0000] {processor.py:186} INFO - Started process (PID=4819) to work on /opt/airflow/dags/1202_payload_consumer.py
[2026-09-10T20:52:23.874+0000] {processor.py:914} INFO - Processing file /opt/airflow/dags/1202_payload_consumer.py for tasks to queue
[2026-09-10T20:52:23.877+0000] {logging_mixin.py:190} INFO - [2026-09-10T20:52:23.876+0000] {dagbag.py:588} INFO - Filling up the DagBag from /opt/airflow/dags/1202_payload_consumer.py
[2026-09-10T20:52:23.887+0000] {processor.py:925} INFO - DAG(s) '1202_payload_consumer' retrieved from /opt/airflow/dags/1202_payload_consumer.py
[2026-09-10T20:52:23.917+0000] {logging_mixin.py:190} INFO - [2026-09-10T20:52:23.917+0000] {dag.py:3239} INFO - Sync 1 DAGs
[2026-09-10T20:52:23.933+0000] {logging_mixin.py:190} INFO - [2026-09-10T20:52:23.933+0000] {dag.py:4180} INFO - Setting next_dagrun for 1202_payload_consumer to None, run_after=None
[2026-09-10T20:52:23.956+0000] {processor.py:208} INFO - Processing /opt/airflow/dags/1202_payload_consumer.py took 0.092 seconds
[2026-09-10T20:52:54.093+0000] {processor.py:186} INFO - Started process (PID=4889) to work on /opt/airflow/dags/1202_payload_consumer.py
[2026-09-10T20:52:54.094+0000] {processor.py:914} INFO - Processing file /opt/airflow/dags/1202_payload_consumer.py for tasks to queue
[2026-09-10T20:52:54.097+0000] {logging_mixin.py:190} INFO - [2026-09-10T20:52:54.096+0000] {dagbag.py:588} INFO - Filling up the DagBag from /opt/airflow/dags/1202_payload_consumer.py
[2026-09-10T20:52:54.108+0000] {processor.py:925} INFO - DAG(s) '1202_payload_consumer' retrieved from /opt/airflow/dags/1202_payload_consumer.py
[2026-09-10T20:52:54.139+0000] {logging_mixin.py:190} INFO - [2026-09-10T20:52:54.138+0000] {dag.py:3239} INFO - Sync 1 DAGs
[2026-09-10T20:52:54.155+0000] {logging_mixin.py:190} INFO - [2026-09-10T20:52:54.155+0000] {dag.py:4180} INFO - Setting next_dagrun for 1202_payload_consumer to None, run_after=None
[2026-09-10T20:52:54.175+0000] {processor.py:208} INFO - Processing /opt/airflow/dags/1202_payload_consumer.py took 0.090 seconds
[2026-09-10T20:53:24.252+0000] {processor.py:186} INFO - Started process (PID=4959) to work on /opt/airflow/dags/1202_payload_consumer.py
[2026-09-10T20:53:24.254+0000] {processor.py:914} INFO - Processing file /opt/airflow/dags/1202_payload_consumer.py for tasks to queue
[2026-09-10T20:53:24.257+0000] {logging_mixin.py:190} INFO - [2026-09-10T20:53:24.256+0000] {dagbag.py:588} INFO - Filling up the DagBag from /opt/airflow/dags/1202_payload_consumer.py
[2026-09-10T20:53:24.268+0000] {processor.py:925} INFO - DAG(s) '1202_payload_consumer' retrieved from /opt/airflow/dags/1202_payload_consumer.py
[2026-09-10T20:53:24.301+0000] {logging_mixin.py:190} INFO - [2026-09-10T20:53:24.301+0000] {dag.py:3239} INFO - Sync 1 DAGs
[2026-09-10T20:53:24.321+0000] {logging_mixin.py:190} INFO - [2026-09-10T20:53:24.321+0000] {dag.py:4180} INFO - Setting next_dagrun for 1202_payload_consumer to None, run_after=None
[2026-09-10T20:53:24.342+0000] {processor.py:208} INFO - Processing /opt/airflow/dags/1202_payload_consumer.py took 0.100 seconds
[2026-09-10T20:53:54.439+0000] {processor.py:186} INFO - Started process (PID=5029) to work on /opt/airflow/dags/1202_payload_consumer.py
[2026-09-10T20:53:54.439+0000] {processor.py:914} INFO - Processing file /opt/airflow/dags/1202_payload_consumer.py for tasks to queue
[2026-09-10T20:53:54.442+0000] {logging_mixin.py:190} INFO - [2026-09-10T20:53:54.442+0000] {dagbag.py:588} INFO - Filling up the DagBag from /opt/airflow/dags/1202_payload_consumer.py
[2026-09-10T20:53:54.455+0000] {processor.py:925} INFO - DAG(s) '1202_payload_consumer' retrieved from /opt/airflow/dags/1202_payload_consumer.py
[2026-09-10T20:53:54.494+0000] {logging_mixin.py:190} INFO - [2026-09-10T20:53:54.494+0000] {dag.py:3239} INFO - Sync 1 DAGs
[2026-09-10T20:53:54.518+0000] {logging_mixin.py:190} INFO - [2026-09-10T20:53:54.517+0000] {dag.py:4180} INFO - Setting next_dagrun for 1202_payload_consumer to None, run_after=None
[2026-09-10T20:53:54.546+0000] {processor.py:208} INFO - Processing /opt/airflow/dags/1202_payload_consumer.py took 0.115 seconds
[2026-09-10T20:54:24.739+0000] {processor.py:186} INFO - Started process (PID=5099) to work on /opt/airflow/dags/1202_payload_consumer.py
[2026-09-10T20:54:24.741+0000] {processor.py:914} INFO - Processing file /opt/airflow/dags/1202_payload_consumer.py for tasks to queue
[2026-09-10T20:54:24.746+0000] {logging_mixin.py:190} INFO - [2026-09-10T20:54:24.745+0000] {dagbag.py:588} INFO - Filling up the DagBag from /opt/airflow/dags/1202_payload_consumer.py
[2026-09-10T20:54:24.776+0000] {processor.py:925} INFO - DAG(s) '1202_payload_consumer' retrieved from /opt/airflow/dags/1202_payload_consumer.py
[2026-09-10T20:54:24.831+0000] {logging_mixin.py:190} INFO - [2026-09-10T20:54:24.831+0000] {dag.py:3239} INFO - Sync 1 DAGs
[2026-09-10T20:54:24.869+0000] {logging_mixin.py:190} INFO - [2026-09-10T20:54:24.869+0000] {dag.py:4180} INFO - Setting next_dagrun for 1202_payload_consumer to None, run_after=None
[2026-09-10T20:54:24.916+0000] {processor.py:208} INFO - Processing /opt/airflow/dags/1202_payload_consumer.py took 0.209 seconds
[2026-09-10T20:54:54.987+0000] {processor.py:186} INFO - Started process (PID=5169) to work on /opt/airflow/dags/1202_payload_consumer.py
[2026-09-10T20:54:54.988+0000] {processor.py:914} INFO - Processing file /opt/airflow/dags/1202_payload_consumer.py for tasks to queue
[2026-09-10T20:54:54.991+0000] {logging_mixin.py:190} INFO - [2026-09-10T20:54:54.990+0000] {dagbag.py:588} INFO - Filling up the DagBag from /opt/airflow/dags/1202_payload_consumer.py
[2026-09-10T20:54:54.999+0000] {processor.py:925} INFO - DAG(s) '1202_payload_consumer' retrieved from /opt/airflow/dags/1202_payload_consumer.py
[2026-09-10T20:54:55.031+0000] {logging_mixin.py:190} INFO - [2026-09-10T20:54:55.031+0000] {dag.py:3239} INFO - Sync 1 DAGs
[2026-09-10T20:54:55.048+0000] {logging_mixin.py:190} INFO - [2026-09-10T20:54:55.048+0000] {dag.py:4180} INFO - Setting next_dagrun for 1202_payload_consumer to None, run_after=None
[2026-09-10T20:54:55.068+0000] {processor.py:208} INFO - Processing /opt/airflow/dags/1202_payload_consumer.py took 0.087 seconds
[2026-09-10T20:55:25.171+0000] {processor.py:186} INFO - Started process (PID=5239) to work on /opt/airflow/dags/1202_payload_consumer.py
[2026-09-10T20:55:25.173+0000] {processor.py:914} INFO - Processing file /opt/airflow/dags/1202_payload_consumer.py for tasks to queue
[2026-09-10T20:55:25.178+0000] {logging_mixin.py:190} INFO - [2026-09-10T20:55:25.178+0000] {dagbag.py:588} INFO - Filling up the DagBag from /opt/airflow/dags/1202_payload_consumer.py
[2026-09-10T20:55:25.204+0000] {processor.py:925} INFO - DAG(s) '1202_payload_consumer' retrieved from /opt/airflow/dags/1202_payload_consumer.py
[2026-09-10T20:55:25.250+0000] {logging_mixin.py:190} INFO - [2026-09-10T20:55:25.250+0000] {dag.py:3239} INFO - Sync 1 DAGs
[2026-09-10T20:55:25.272+0000] {logging_mixin.py:190} INFO - [2026-09-10T20:55:25.271+0000] {dag.py:4180} INFO - Setting next_dagrun for 1202_payload_consumer to None, run_after=None
[2026-09-10T20:55:25.299+0000] {processor.py:208} INFO - Processing /opt/airflow/dags/1202_payload_consumer.py took 0.139 seconds
[2026-09-10T20:55:55.377+0000] {processor.py:186} INFO - Started process (PID=5309) to work on /opt/airflow/dags/1202_payload_consumer.py
[2026-09-10T20:55:55.378+0000] {processor.py:914} INFO - Processing file /opt/airflow/dags/1202_payload_consumer.py for tasks to queue
[2026-09-10T20:55:55.381+0000] {logging_mixin.py:190} INFO - [2026-09-10T20:55:55.381+0000] {dagbag.py:588} INFO - Filling up the DagBag from /opt/airflow/dags/1202_payload_consumer.py
[2026-09-10T20:55:55.390+0000] {processor.py:925} INFO - DAG(s) '1202_payload_consumer' retrieved from /opt/airflow/dags/1202_payload_consumer.py
[2026-09-10T20:55:55.421+0000] {logging_mixin.py:190} INFO - [2026-09-10T20:55:55.421+0000] {dag.py:3239} INFO - Sync 1 DAGs
[2026-09-10T20:55:55.437+0000] {logging_mixin.py:190} INFO - [2026-09-10T20:55:55.437+0000] {dag.py:4180} INFO - Setting next_dagrun for 1202_payload_consumer to None, run_after=None
[2026-09-10T20:55:55.457+0000] {processor.py:208} INFO - Processing /opt/airflow/dags/1202_payload_consumer.py took 0.088 seconds
[2026-09-10T20:56:25.795+0000] {processor.py:186} INFO - Started process (PID=5379) to work on /opt/airflow/dags/1202_payload_consumer.py
[2026-09-10T20:56:25.797+0000] {processor.py:914} INFO - Processing file /opt/airflow/dags/1202_payload_consumer.py for tasks to queue
[2026-09-10T20:56:25.804+0000] {logging_mixin.py:190} INFO - [2026-09-10T20:56:25.803+0000] {dagbag.py:588} INFO - Filling up the DagBag from /opt/airflow/dags/1202_payload_consumer.py
[2026-09-10T20:56:25.819+0000] {processor.py:925} INFO - DAG(s) '1202_payload_consumer' retrieved from /opt/airflow/dags/1202_payload_consumer.py
[2026-09-10T20:56:25.869+0000] {logging_mixin.py:190} INFO - [2026-09-10T20:56:25.869+0000] {dag.py:3239} INFO - Sync 1 DAGs
[2026-09-10T20:56:25.918+0000] {logging_mixin.py:190} INFO - [2026-09-10T20:56:25.918+0000] {dag.py:4180} INFO - Setting next_dagrun for 1202_payload_consumer to None, run_after=None
[2026-09-10T20:56:25.952+0000] {processor.py:208} INFO - Processing /opt/airflow/dags/1202_payload_consumer.py took 0.174 seconds
[2026-09-10T20:56:56.947+0000] {processor.py:186} INFO - Started process (PID=5449) to work on /opt/airflow/dags/1202_payload_consumer.py
[2026-09-10T20:56:56.948+0000] {processor.py:914} INFO - Processing file /opt/airflow/dags/1202_payload_consumer.py for tasks to queue
[2026-09-10T20:56:56.950+0000] {logging_mixin.py:190} INFO - [2026-09-10T20:56:56.950+0000] {dagbag.py:588} INFO - Filling up the DagBag from /opt/airflow/dags/1202_payload_consumer.py
[2026-09-10T20:56:56.959+0000] {processor.py:925} INFO - DAG(s) '1202_payload_consumer' retrieved from /opt/airflow/dags/1202_payload_consumer.py
[2026-09-10T20:56:56.990+0000] {logging_mixin.py:190} INFO - [2026-09-10T20:56:56.989+0000] {dag.py:3239} INFO - Sync 1 DAGs
[2026-09-10T20:56:57.009+0000] {logging_mixin.py:190} INFO - [2026-09-10T20:56:57.008+0000] {dag.py:4180} INFO - Setting next_dagrun for 1202_payload_consumer to None, run_after=None
[2026-09-10T20:56:57.036+0000] {processor.py:208} INFO - Processing /opt/airflow/dags/1202_payload_consumer.py took 0.098 seconds
[2026-09-10T20:57:27.144+0000] {processor.py:186} INFO - Started process (PID=5519) to work on /opt/airflow/dags/1202_payload_consumer.py
[2026-09-10T20:57:27.146+0000] {processor.py:914} INFO - Processing file /opt/airflow/dags/1202_payload_consumer.py for tasks to queue
[2026-09-10T20:57:27.150+0000] {logging_mixin.py:190} INFO - [2026-09-10T20:57:27.150+0000] {dagbag.py:588} INFO - Filling up the DagBag from /opt/airflow/dags/1202_payload_consumer.py
[2026-09-10T20:57:27.160+0000] {processor.py:925} INFO - DAG(s) '1202_payload_consumer' retrieved from /opt/airflow/dags/1202_payload_consumer.py
[2026-09-10T20:57:27.192+0000] {logging_mixin.py:190} INFO - [2026-09-10T20:57:27.192+0000] {dag.py:3239} INFO - Sync 1 DAGs
[2026-09-10T20:57:27.210+0000] {logging_mixin.py:190} INFO - [2026-09-10T20:57:27.209+0000] {dag.py:4180} INFO - Setting next_dagrun for 1202_payload_consumer to None, run_after=None
[2026-09-10T20:57:27.231+0000] {processor.py:208} INFO - Processing /opt/airflow/dags/1202_payload_consumer.py took 0.098 seconds
[2026-09-10T20:57:57.291+0000] {processor.py:186} INFO - Started process (PID=5589) to work on /opt/airflow/dags/1202_payload_consumer.py
[2026-09-10T20:57:57.292+0000] {processor.py:914} INFO - Processing file /opt/airflow/dags/1202_payload_consumer.py for tasks to queue
[2026-09-10T20:57:57.295+0000] {logging_mixin.py:190} INFO - [2026-09-10T20:57:57.294+0000] {dagbag.py:588} INFO - Filling up the DagBag from /opt/airflow/dags/1202_payload_consumer.py
[2026-09-10T20:57:57.304+0000] {processor.py:925} INFO - DAG(s) '1202_payload_consumer' retrieved from /opt/airflow/dags/1202_payload_consumer.py
[2026-09-10T20:57:57.335+0000] {logging_mixin.py:190} INFO - [2026-09-10T20:57:57.335+0000] {dag.py:3239} INFO - Sync 1 DAGs
[2026-09-10T20:57:57.355+0000] {logging_mixin.py:190} INFO - [2026-09-10T20:57:57.354+0000] {dag.py:4180} INFO - Setting next_dagrun for 1202_payload_consumer to None, run_after=None
[2026-09-10T20:57:57.376+0000] {processor.py:208} INFO - Processing /opt/airflow/dags/1202_payload_consumer.py took 0.095 seconds
[2026-09-10T20:58:27.762+0000] {processor.py:186} INFO - Started process (PID=5659) to work on /opt/airflow/dags/1202_payload_consumer.py
[2026-09-10T20:58:27.764+0000] {processor.py:914} INFO - Processing file /opt/airflow/dags/1202_payload_consumer.py for tasks to queue
[2026-09-10T20:58:27.767+0000] {logging_mixin.py:190} INFO - [2026-09-10T20:58:27.766+0000] {dagbag.py:588} INFO - Filling up the DagBag from /opt/airflow/dags/1202_payload_consumer.py
[2026-09-10T20:58:27.779+0000] {processor.py:925} INFO - DAG(s) '1202_payload_consumer' retrieved from /opt/airflow/dags/1202_payload_consumer.py
[2026-09-10T20:58:27.811+0000] {logging_mixin.py:190} INFO - [2026-09-10T20:58:27.811+0000] {dag.py:3239} INFO - Sync 1 DAGs
[2026-09-10T20:58:27.829+0000] {logging_mixin.py:190} INFO - [2026-09-10T20:58:27.829+0000] {dag.py:4180} INFO - Setting next_dagrun for 1202_payload_consumer to None, run_after=None
[2026-09-10T20:58:27.852+0000] {processor.py:208} INFO - Processing /opt/airflow/dags/1202_payload_consumer.py took 0.097 seconds
[2026-09-10T20:58:58.389+0000] {processor.py:186} INFO - Started process (PID=5729) to work on /opt/airflow/dags/1202_payload_consumer.py
[2026-09-10T20:58:58.390+0000] {processor.py:914} INFO - Processing file /opt/airflow/dags/1202_payload_consumer.py for tasks to queue
[2026-09-10T20:58:58.393+0000] {logging_mixin.py:190} INFO - [2026-09-10T20:58:58.392+0000] {dagbag.py:588} INFO - Filling up the DagBag from /opt/airflow/dags/1202_payload_consumer.py
[2026-09-10T20:58:58.407+0000] {processor.py:925} INFO - DAG(s) '1202_payload_consumer' retrieved from /opt/airflow/dags/1202_payload_consumer.py
[2026-09-10T20:58:58.438+0000] {logging_mixin.py:190} INFO - [2026-09-10T20:58:58.438+0000] {dag.py:3239} INFO - Sync 1 DAGs
[2026-09-10T20:58:58.455+0000] {logging_mixin.py:190} INFO - [2026-09-10T20:58:58.455+0000] {dag.py:4180} INFO - Setting next_dagrun for 1202_payload_consumer to None, run_after=None
[2026-09-10T20:58:58.476+0000] {processor.py:208} INFO - Processing /opt/airflow/dags/1202_payload_consumer.py took 0.096 seconds
[2026-09-10T20:59:28.794+0000] {processor.py:186} INFO - Started process (PID=5799) to work on /opt/airflow/dags/1202_payload_consumer.py
[2026-09-10T20:59:28.795+0000] {processor.py:914} INFO - Processing file /opt/airflow/dags/1202_payload_consumer.py for tasks to queue
[2026-09-10T20:59:28.801+0000] {logging_mixin.py:190} INFO - [2026-09-10T20:59:28.800+0000] {dagbag.py:588} INFO - Filling up the DagBag from /opt/airflow/dags/1202_payload_consumer.py
[2026-09-10T20:59:28.815+0000] {processor.py:925} INFO - DAG(s) '1202_payload_consumer' retrieved from /opt/airflow/dags/1202_payload_consumer.py
[2026-09-10T20:59:28.857+0000] {logging_mixin.py:190} INFO - [2026-09-10T20:59:28.857+0000] {dag.py:3239} INFO - Sync 1 DAGs
[2026-09-10T20:59:28.895+0000] {logging_mixin.py:190} INFO - [2026-09-10T20:59:28.895+0000] {dag.py:4180} INFO - Setting next_dagrun for 1202_payload_consumer to None, run_after=None
[2026-09-10T20:59:28.928+0000] {processor.py:208} INFO - Processing /opt/airflow/dags/1202_payload_consumer.py took 0.148 seconds
[2026-09-10T20:59:59.002+0000] {processor.py:186} INFO - Started process (PID=5872) to work on /opt/airflow/dags/1202_payload_consumer.py
[2026-09-10T20:59:59.003+0000] {processor.py:914} INFO - Processing file /opt/airflow/dags/1202_payload_consumer.py for tasks to queue
[2026-09-10T20:59:59.006+0000] {logging_mixin.py:190} INFO - [2026-09-10T20:59:59.006+0000] {dagbag.py:588} INFO - Filling up the DagBag from /opt/airflow/dags/1202_payload_consumer.py
[2026-09-10T20:59:59.019+0000] {processor.py:925} INFO - DAG(s) '1202_payload_consumer' retrieved from /opt/airflow/dags/1202_payload_consumer.py
[2026-09-10T20:59:59.051+0000] {logging_mixin.py:190} INFO - [2026-09-10T20:59:59.050+0000] {dag.py:3239} INFO - Sync 1 DAGs
[2026-09-10T20:59:59.066+0000] {logging_mixin.py:190} INFO - [2026-09-10T20:59:59.066+0000] {dag.py:4180} INFO - Setting next_dagrun for 1202_payload_consumer to None, run_after=None
[2026-09-10T20:59:59.086+0000] {processor.py:208} INFO - Processing /opt/airflow/dags/1202_payload_consumer.py took 0.093 seconds
[2026-09-10T21:00:29.266+0000] {processor.py:186} INFO - Started process (PID=5939) to work on /opt/airflow/dags/1202_payload_consumer.py
[2026-09-10T21:00:29.267+0000] {processor.py:914} INFO - Processing file /opt/airflow/dags/1202_payload_consumer.py for tasks to queue
[2026-09-10T21:00:29.284+0000] {logging_mixin.py:190} INFO - [2026-09-10T21:00:29.284+0000] {dagbag.py:588} INFO - Filling up the DagBag from /opt/airflow/dags/1202_payload_consumer.py
[2026-09-10T21:00:29.319+0000] {processor.py:925} INFO - DAG(s) '1202_payload_consumer' retrieved from /opt/airflow/dags/1202_payload_consumer.py
[2026-09-10T21:00:29.382+0000] {logging_mixin.py:190} INFO - [2026-09-10T21:00:29.382+0000] {dag.py:3239} INFO - Sync 1 DAGs
[2026-09-10T21:00:29.403+0000] {logging_mixin.py:190} INFO - [2026-09-10T21:00:29.403+0000] {dag.py:4180} INFO - Setting next_dagrun for 1202_payload_consumer to None, run_after=None
[2026-09-10T21:00:29.430+0000] {processor.py:208} INFO - Processing /opt/airflow/dags/1202_payload_consumer.py took 0.175 seconds
[2026-09-10T21:01:00.435+0000] {processor.py:186} INFO - Started process (PID=6009) to work on /opt/airflow/dags/1202_payload_consumer.py
[2026-09-10T21:01:00.437+0000] {processor.py:914} INFO - Processing file /opt/airflow/dags/1202_payload_consumer.py for tasks to queue
[2026-09-10T21:01:00.441+0000] {logging_mixin.py:190} INFO - [2026-09-10T21:01:00.440+0000] {dagbag.py:588} INFO - Filling up the DagBag from /opt/airflow/dags/1202_payload_consumer.py
[2026-09-10T21:01:00.452+0000] {processor.py:925} INFO - DAG(s) '1202_payload_consumer' retrieved from /opt/airflow/dags/1202_payload_consumer.py
[2026-09-10T21:01:00.489+0000] {logging_mixin.py:190} INFO - [2026-09-10T21:01:00.489+0000] {dag.py:3239} INFO - Sync 1 DAGs
[2026-09-10T21:01:00.506+0000] {logging_mixin.py:190} INFO - [2026-09-10T21:01:00.505+0000] {dag.py:4180} INFO - Setting next_dagrun for 1202_payload_consumer to None, run_after=None
[2026-09-10T21:01:00.535+0000] {processor.py:208} INFO - Processing /opt/airflow/dags/1202_payload_consumer.py took 0.109 seconds
[2026-09-10T21:01:30.596+0000] {processor.py:186} INFO - Started process (PID=6079) to work on /opt/airflow/dags/1202_payload_consumer.py
[2026-09-10T21:01:30.597+0000] {processor.py:914} INFO - Processing file /opt/airflow/dags/1202_payload_consumer.py for tasks to queue
[2026-09-10T21:01:30.601+0000] {logging_mixin.py:190} INFO - [2026-09-10T21:01:30.600+0000] {dagbag.py:588} INFO - Filling up the DagBag from /opt/airflow/dags/1202_payload_consumer.py
[2026-09-10T21:01:30.610+0000] {processor.py:925} INFO - DAG(s) '1202_payload_consumer' retrieved from /opt/airflow/dags/1202_payload_consumer.py
[2026-09-10T21:01:30.644+0000] {logging_mixin.py:190} INFO - [2026-09-10T21:01:30.644+0000] {dag.py:3239} INFO - Sync 1 DAGs
[2026-09-10T21:01:30.660+0000] {logging_mixin.py:190} INFO - [2026-09-10T21:01:30.660+0000] {dag.py:4180} INFO - Setting next_dagrun for 1202_payload_consumer to None, run_after=None
[2026-09-10T21:01:30.679+0000] {processor.py:208} INFO - Processing /opt/airflow/dags/1202_payload_consumer.py took 0.093 seconds
[2026-09-10T21:02:01.561+0000] {processor.py:186} INFO - Started process (PID=6149) to work on /opt/airflow/dags/1202_payload_consumer.py
[2026-09-10T21:02:01.563+0000] {processor.py:914} INFO - Processing file /opt/airflow/dags/1202_payload_consumer.py for tasks to queue
[2026-09-10T21:02:01.568+0000] {logging_mixin.py:190} INFO - [2026-09-10T21:02:01.568+0000] {dagbag.py:588} INFO - Filling up the DagBag from /opt/airflow/dags/1202_payload_consumer.py
[2026-09-10T21:02:01.578+0000] {processor.py:925} INFO - DAG(s) '1202_payload_consumer' retrieved from /opt/airflow/dags/1202_payload_consumer.py
[2026-09-10T21:02:01.618+0000] {logging_mixin.py:190} INFO - [2026-09-10T21:02:01.618+0000] {dag.py:3239} INFO - Sync 1 DAGs
[2026-09-10T21:02:01.637+0000] {logging_mixin.py:190} INFO - [2026-09-10T21:02:01.637+0000] {dag.py:4180} INFO - Setting next_dagrun for 1202_payload_consumer to None, run_after=None
[2026-09-10T21:02:01.661+0000] {processor.py:208} INFO - Processing /opt/airflow/dags/1202_payload_consumer.py took 0.109 seconds
[2026-09-10T21:02:31.900+0000] {processor.py:186} INFO - Started process (PID=6219) to work on /opt/airflow/dags/1202_payload_consumer.py
[2026-09-10T21:02:31.904+0000] {processor.py:914} INFO - Processing file /opt/airflow/dags/1202_payload_consumer.py for tasks to queue
[2026-09-10T21:02:31.909+0000] {logging_mixin.py:190} INFO - [2026-09-10T21:02:31.909+0000] {dagbag.py:588} INFO - Filling up the DagBag from /opt/airflow/dags/1202_payload_consumer.py
[2026-09-10T21:02:31.923+0000] {processor.py:925} INFO - DAG(s) '1202_payload_consumer' retrieved from /opt/airflow/dags/1202_payload_consumer.py
[2026-09-10T21:02:31.957+0000] {logging_mixin.py:190} INFO - [2026-09-10T21:02:31.957+0000] {dag.py:3239} INFO - Sync 1 DAGs
[2026-09-10T21:02:31.974+0000] {logging_mixin.py:190} INFO - [2026-09-10T21:02:31.974+0000] {dag.py:4180} INFO - Setting next_dagrun for 1202_payload_consumer to None, run_after=None
[2026-09-10T21:02:31.993+0000] {processor.py:208} INFO - Processing /opt/airflow/dags/1202_payload_consumer.py took 0.107 seconds
[2026-09-10T21:03:02.119+0000] {processor.py:186} INFO - Started process (PID=6289) to work on /opt/airflow/dags/1202_payload_consumer.py
[2026-09-10T21:03:02.121+0000] {processor.py:914} INFO - Processing file /opt/airflow/dags/1202_payload_consumer.py for tasks to queue
[2026-09-10T21:03:02.124+0000] {logging_mixin.py:190} INFO - [2026-09-10T21:03:02.123+0000] {dagbag.py:588} INFO - Filling up the DagBag from /opt/airflow/dags/1202_payload_consumer.py
[2026-09-10T21:03:02.133+0000] {processor.py:925} INFO - DAG(s) '1202_payload_consumer' retrieved from /opt/airflow/dags/1202_payload_consumer.py
[2026-09-10T21:03:02.164+0000] {logging_mixin.py:190} INFO - [2026-09-10T21:03:02.164+0000] {dag.py:3239} INFO - Sync 1 DAGs
[2026-09-10T21:03:02.181+0000] {logging_mixin.py:190} INFO - [2026-09-10T21:03:02.181+0000] {dag.py:4180} INFO - Setting next_dagrun for 1202_payload_consumer to None, run_after=None
[2026-09-10T21:03:02.202+0000] {processor.py:208} INFO - Processing /opt/airflow/dags/1202_payload_consumer.py took 0.092 seconds
[2026-09-10T21:03:32.388+0000] {processor.py:186} INFO - Started process (PID=6359) to work on /opt/airflow/dags/1202_payload_consumer.py
[2026-09-10T21:03:32.389+0000] {processor.py:914} INFO - Processing file /opt/airflow/dags/1202_payload_consumer.py for tasks to queue
[2026-09-10T21:03:32.397+0000] {logging_mixin.py:190} INFO - [2026-09-10T21:03:32.396+0000] {dagbag.py:588} INFO - Filling up the DagBag from /opt/airflow/dags/1202_payload_consumer.py
[2026-09-10T21:03:32.412+0000] {processor.py:925} INFO - DAG(s) '1202_payload_consumer' retrieved from /opt/airflow/dags/1202_payload_consumer.py
[2026-09-10T21:03:32.448+0000] {logging_mixin.py:190} INFO - [2026-09-10T21:03:32.447+0000] {dag.py:3239} INFO - Sync 1 DAGs
[2026-09-10T21:03:32.468+0000] {logging_mixin.py:190} INFO - [2026-09-10T21:03:32.467+0000] {dag.py:4180} INFO - Setting next_dagrun for 1202_payload_consumer to None, run_after=None
[2026-09-10T21:03:32.490+0000] {processor.py:208} INFO - Processing /opt/airflow/dags/1202_payload_consumer.py took 0.112 seconds
[2026-09-10T21:04:02.605+0000] {processor.py:186} INFO - Started process (PID=6429) to work on /opt/airflow/dags/1202_payload_consumer.py
[2026-09-10T21:04:02.607+0000] {processor.py:914} INFO - Processing file /opt/airflow/dags/1202_payload_consumer.py for tasks to queue
[2026-09-10T21:04:02.612+0000] {logging_mixin.py:190} INFO - [2026-09-10T21:04:02.612+0000] {dagbag.py:588} INFO - Filling up the DagBag from /opt/airflow/dags/1202_payload_consumer.py
[2026-09-10T21:04:02.623+0000] {processor.py:925} INFO - DAG(s) '1202_payload_consumer' retrieved from /opt/airflow/dags/1202_payload_consumer.py
[2026-09-10T21:04:02.655+0000] {logging_mixin.py:190} INFO - [2026-09-10T21:04:02.655+0000] {dag.py:3239} INFO - Sync 1 DAGs
[2026-09-10T21:04:02.672+0000] {logging_mixin.py:190} INFO - [2026-09-10T21:04:02.671+0000] {dag.py:4180} INFO - Setting next_dagrun for 1202_payload_consumer to None, run_after=None
[2026-09-10T21:04:02.692+0000] {processor.py:208} INFO - Processing /opt/airflow/dags/1202_payload_consumer.py took 0.097 seconds
[2026-09-10T21:04:32.818+0000] {processor.py:186} INFO - Started process (PID=6499) to work on /opt/airflow/dags/1202_payload_consumer.py
[2026-09-10T21:04:32.819+0000] {processor.py:914} INFO - Processing file /opt/airflow/dags/1202_payload_consumer.py for tasks to queue
[2026-09-10T21:04:32.822+0000] {logging_mixin.py:190} INFO - [2026-09-10T21:04:32.822+0000] {dagbag.py:588} INFO - Filling up the DagBag from /opt/airflow/dags/1202_payload_consumer.py
[2026-09-10T21:04:32.835+0000] {processor.py:925} INFO - DAG(s) '1202_payload_consumer' retrieved from /opt/airflow/dags/1202_payload_consumer.py
[2026-09-10T21:04:32.868+0000] {logging_mixin.py:190} INFO - [2026-09-10T21:04:32.868+0000] {dag.py:3239} INFO - Sync 1 DAGs
[2026-09-10T21:04:32.885+0000] {logging_mixin.py:190} INFO - [2026-09-10T21:04:32.885+0000] {dag.py:4180} INFO - Setting next_dagrun for 1202_payload_consumer to None, run_after=None
[2026-09-10T21:04:32.907+0000] {processor.py:208} INFO - Processing /opt/airflow/dags/1202_payload_consumer.py took 0.100 seconds
[2026-09-10T21:05:02.952+0000] {processor.py:186} INFO - Started process (PID=6569) to work on /opt/airflow/dags/1202_payload_consumer.py
[2026-09-10T21:05:02.954+0000] {processor.py:914} INFO - Processing file /opt/airflow/dags/1202_payload_consumer.py for tasks to queue
[2026-09-10T21:05:02.957+0000] {logging_mixin.py:190} INFO - [2026-09-10T21:05:02.957+0000] {dagbag.py:588} INFO - Filling up the DagBag from /opt/airflow/dags/1202_payload_consumer.py
[2026-09-10T21:05:02.966+0000] {processor.py:925} INFO - DAG(s) '1202_payload_consumer' retrieved from /opt/airflow/dags/1202_payload_consumer.py
[2026-09-10T21:05:02.996+0000] {logging_mixin.py:190} INFO - [2026-09-10T21:05:02.995+0000] {dag.py:3239} INFO - Sync 1 DAGs
[2026-09-10T21:05:03.016+0000] {logging_mixin.py:190} INFO - [2026-09-10T21:05:03.015+0000] {dag.py:4180} INFO - Setting next_dagrun for 1202_payload_consumer to None, run_after=None
[2026-09-10T21:05:03.039+0000] {processor.py:208} INFO - Processing /opt/airflow/dags/1202_payload_consumer.py took 0.095 seconds
[2026-09-10T21:05:33.218+0000] {processor.py:186} INFO - Started process (PID=6639) to work on /opt/airflow/dags/1202_payload_consumer.py
[2026-09-10T21:05:33.219+0000] {processor.py:914} INFO - Processing file /opt/airflow/dags/1202_payload_consumer.py for tasks to queue
[2026-09-10T21:05:33.222+0000] {logging_mixin.py:190} INFO - [2026-09-10T21:05:33.222+0000] {dagbag.py:588} INFO - Filling up the DagBag from /opt/airflow/dags/1202_payload_consumer.py
[2026-09-10T21:05:33.233+0000] {processor.py:925} INFO - DAG(s) '1202_payload_consumer' retrieved from /opt/airflow/dags/1202_payload_consumer.py
[2026-09-10T21:05:33.266+0000] {logging_mixin.py:190} INFO - [2026-09-10T21:05:33.266+0000] {dag.py:3239} INFO - Sync 1 DAGs
[2026-09-10T21:05:33.282+0000] {logging_mixin.py:190} INFO - [2026-09-10T21:05:33.282+0000] {dag.py:4180} INFO - Setting next_dagrun for 1202_payload_consumer to None, run_after=None
[2026-09-10T21:05:33.303+0000] {processor.py:208} INFO - Processing /opt/airflow/dags/1202_payload_consumer.py took 0.094 seconds
[2026-09-10T21:06:03.444+0000] {processor.py:186} INFO - Started process (PID=6709) to work on /opt/airflow/dags/1202_payload_consumer.py
[2026-09-10T21:06:03.446+0000] {processor.py:914} INFO - Processing file /opt/airflow/dags/1202_payload_consumer.py for tasks to queue
[2026-09-10T21:06:03.449+0000] {logging_mixin.py:190} INFO - [2026-09-10T21:06:03.448+0000] {dagbag.py:588} INFO - Filling up the DagBag from /opt/airflow/dags/1202_payload_consumer.py
[2026-09-10T21:06:03.458+0000] {processor.py:925} INFO - DAG(s) '1202_payload_consumer' retrieved from /opt/airflow/dags/1202_payload_consumer.py
[2026-09-10T21:06:03.490+0000] {logging_mixin.py:190} INFO - [2026-09-10T21:06:03.489+0000] {dag.py:3239} INFO - Sync 1 DAGs
[2026-09-10T21:06:03.506+0000] {logging_mixin.py:190} INFO - [2026-09-10T21:06:03.505+0000] {dag.py:4180} INFO - Setting next_dagrun for 1202_payload_consumer to None, run_after=None
[2026-09-10T21:06:03.526+0000] {processor.py:208} INFO - Processing /opt/airflow/dags/1202_payload_consumer.py took 0.090 seconds
[2026-09-10T21:06:33.645+0000] {processor.py:186} INFO - Started process (PID=6779) to work on /opt/airflow/dags/1202_payload_consumer.py
[2026-09-10T21:06:33.646+0000] {processor.py:914} INFO - Processing file /opt/airflow/dags/1202_payload_consumer.py for tasks to queue
[2026-09-10T21:06:33.650+0000] {logging_mixin.py:190} INFO - [2026-09-10T21:06:33.649+0000] {dagbag.py:588} INFO - Filling up the DagBag from /opt/airflow/dags/1202_payload_consumer.py
[2026-09-10T21:06:33.692+0000] {processor.py:925} INFO - DAG(s) '1202_payload_consumer' retrieved from /opt/airflow/dags/1202_payload_consumer.py
[2026-09-10T21:06:33.737+0000] {logging_mixin.py:190} INFO - [2026-09-10T21:06:33.737+0000] {dag.py:3239} INFO - Sync 1 DAGs
[2026-09-10T21:06:33.762+0000] {logging_mixin.py:190} INFO - [2026-09-10T21:06:33.761+0000] {dag.py:4180} INFO - Setting next_dagrun for 1202_payload_consumer to None, run_after=None
[2026-09-10T21:06:33.785+0000] {processor.py:208} INFO - Processing /opt/airflow/dags/1202_payload_consumer.py took 0.149 seconds
[2026-09-10T21:07:04.008+0000] {processor.py:186} INFO - Started process (PID=6849) to work on /opt/airflow/dags/1202_payload_consumer.py
[2026-09-10T21:07:04.010+0000] {processor.py:914} INFO - Processing file /opt/airflow/dags/1202_payload_consumer.py for tasks to queue
[2026-09-10T21:07:04.015+0000] {logging_mixin.py:190} INFO - [2026-09-10T21:07:04.014+0000] {dagbag.py:588} INFO - Filling up the DagBag from /opt/airflow/dags/1202_payload_consumer.py
[2026-09-10T21:07:04.026+0000] {processor.py:925} INFO - DAG(s) '1202_payload_consumer' retrieved from /opt/airflow/dags/1202_payload_consumer.py
[2026-09-10T21:07:04.059+0000] {logging_mixin.py:190} INFO - [2026-09-10T21:07:04.059+0000] {dag.py:3239} INFO - Sync 1 DAGs
[2026-09-10T21:07:04.077+0000] {logging_mixin.py:190} INFO - [2026-09-10T21:07:04.076+0000] {dag.py:4180} INFO - Setting next_dagrun for 1202_payload_consumer to None, run_after=None
[2026-09-10T21:07:04.097+0000] {processor.py:208} INFO - Processing /opt/airflow/dags/1202_payload_consumer.py took 0.099 seconds
[2026-09-10T21:07:34.184+0000] {processor.py:186} INFO - Started process (PID=6919) to work on /opt/airflow/dags/1202_payload_consumer.py
[2026-09-10T21:07:34.185+0000] {processor.py:914} INFO - Processing file /opt/airflow/dags/1202_payload_consumer.py for tasks to queue
[2026-09-10T21:07:34.189+0000] {logging_mixin.py:190} INFO - [2026-09-10T21:07:34.188+0000] {dagbag.py:588} INFO - Filling up the DagBag from /opt/airflow/dags/1202_payload_consumer.py
[2026-09-10T21:07:34.200+0000] {processor.py:925} INFO - DAG(s) '1202_payload_consumer' retrieved from /opt/airflow/dags/1202_payload_consumer.py
[2026-09-10T21:07:34.232+0000] {logging_mixin.py:190} INFO - [2026-09-10T21:07:34.231+0000] {dag.py:3239} INFO - Sync 1 DAGs
[2026-09-10T21:07:34.248+0000] {logging_mixin.py:190} INFO - [2026-09-10T21:07:34.247+0000] {dag.py:4180} INFO - Setting next_dagrun for 1202_payload_consumer to None, run_after=None
[2026-09-10T21:07:34.267+0000] {processor.py:208} INFO - Processing /opt/airflow/dags/1202_payload_consumer.py took 0.093 seconds
[2026-09-10T21:08:04.448+0000] {processor.py:186} INFO - Started process (PID=6989) to work on /opt/airflow/dags/1202_payload_consumer.py
[2026-09-10T21:08:04.449+0000] {processor.py:914} INFO - Processing file /opt/airflow/dags/1202_payload_consumer.py for tasks to queue
[2026-09-10T21:08:04.453+0000] {logging_mixin.py:190} INFO - [2026-09-10T21:08:04.452+0000] {dagbag.py:588} INFO - Filling up the DagBag from /opt/airflow/dags/1202_payload_consumer.py
[2026-09-10T21:08:04.463+0000] {processor.py:925} INFO - DAG(s) '1202_payload_consumer' retrieved from /opt/airflow/dags/1202_payload_consumer.py
[2026-09-10T21:08:04.499+0000] {logging_mixin.py:190} INFO - [2026-09-10T21:08:04.498+0000] {dag.py:3239} INFO - Sync 1 DAGs
[2026-09-10T21:08:04.515+0000] {logging_mixin.py:190} INFO - [2026-09-10T21:08:04.515+0000] {dag.py:4180} INFO - Setting next_dagrun for 1202_payload_consumer to None, run_after=None
[2026-09-10T21:08:04.535+0000] {processor.py:208} INFO - Processing /opt/airflow/dags/1202_payload_consumer.py took 0.097 seconds
[2026-09-10T21:08:34.601+0000] {processor.py:186} INFO - Started process (PID=7059) to work on /opt/airflow/dags/1202_payload_consumer.py
[2026-09-10T21:08:34.602+0000] {processor.py:914} INFO - Processing file /opt/airflow/dags/1202_payload_consumer.py for tasks to queue
[2026-09-10T21:08:34.606+0000] {logging_mixin.py:190} INFO - [2026-09-10T21:08:34.605+0000] {dagbag.py:588} INFO - Filling up the DagBag from /opt/airflow/dags/1202_payload_consumer.py
[2026-09-10T21:08:34.621+0000] {processor.py:925} INFO - DAG(s) '1202_payload_consumer' retrieved from /opt/airflow/dags/1202_payload_consumer.py
[2026-09-10T21:08:34.659+0000] {logging_mixin.py:190} INFO - [2026-09-10T21:08:34.659+0000] {dag.py:3239} INFO - Sync 1 DAGs
[2026-09-10T21:08:34.681+0000] {logging_mixin.py:190} INFO - [2026-09-10T21:08:34.681+0000] {dag.py:4180} INFO - Setting next_dagrun for 1202_payload_consumer to None, run_after=None
[2026-09-10T21:08:34.704+0000] {processor.py:208} INFO - Processing /opt/airflow/dags/1202_payload_consumer.py took 0.114 seconds
[2026-09-10T21:09:04.853+0000] {processor.py:186} INFO - Started process (PID=7129) to work on /opt/airflow/dags/1202_payload_consumer.py
[2026-09-10T21:09:04.855+0000] {processor.py:914} INFO - Processing file /opt/airflow/dags/1202_payload_consumer.py for tasks to queue
[2026-09-10T21:09:04.858+0000] {logging_mixin.py:190} INFO - [2026-09-10T21:09:04.858+0000] {dagbag.py:588} INFO - Filling up the DagBag from /opt/airflow/dags/1202_payload_consumer.py
[2026-09-10T21:09:04.869+0000] {processor.py:925} INFO - DAG(s) '1202_payload_consumer' retrieved from /opt/airflow/dags/1202_payload_consumer.py
[2026-09-10T21:09:04.900+0000] {logging_mixin.py:190} INFO - [2026-09-10T21:09:04.900+0000] {dag.py:3239} INFO - Sync 1 DAGs
[2026-09-10T21:09:04.917+0000] {logging_mixin.py:190} INFO - [2026-09-10T21:09:04.917+0000] {dag.py:4180} INFO - Setting next_dagrun for 1202_payload_consumer to None, run_after=None
[2026-09-10T21:09:04.938+0000] {processor.py:208} INFO - Processing /opt/airflow/dags/1202_payload_consumer.py took 0.095 seconds
[2026-09-10T21:09:35.101+0000] {processor.py:186} INFO - Started process (PID=7199) to work on /opt/airflow/dags/1202_payload_consumer.py
[2026-09-10T21:09:35.102+0000] {processor.py:914} INFO - Processing file /opt/airflow/dags/1202_payload_consumer.py for tasks to queue
[2026-09-10T21:09:35.105+0000] {logging_mixin.py:190} INFO - [2026-09-10T21:09:35.104+0000] {dagbag.py:588} INFO - Filling up the DagBag from /opt/airflow/dags/1202_payload_consumer.py
[2026-09-10T21:09:35.114+0000] {processor.py:925} INFO - DAG(s) '1202_payload_consumer' retrieved from /opt/airflow/dags/1202_payload_consumer.py
[2026-09-10T21:09:35.149+0000] {logging_mixin.py:190} INFO - [2026-09-10T21:09:35.148+0000] {dag.py:3239} INFO - Sync 1 DAGs
[2026-09-10T21:09:35.170+0000] {logging_mixin.py:190} INFO - [2026-09-10T21:09:35.170+0000] {dag.py:4180} INFO - Setting next_dagrun for 1202_payload_consumer to None, run_after=None
[2026-09-10T21:09:35.191+0000] {processor.py:208} INFO - Processing /opt/airflow/dags/1202_payload_consumer.py took 0.102 seconds
[2026-09-10T21:10:05.393+0000] {processor.py:186} INFO - Started process (PID=7269) to work on /opt/airflow/dags/1202_payload_consumer.py
[2026-09-10T21:10:05.395+0000] {processor.py:914} INFO - Processing file /opt/airflow/dags/1202_payload_consumer.py for tasks to queue
[2026-09-10T21:10:05.397+0000] {logging_mixin.py:190} INFO - [2026-09-10T21:10:05.397+0000] {dagbag.py:588} INFO - Filling up the DagBag from /opt/airflow/dags/1202_payload_consumer.py
[2026-09-10T21:10:05.407+0000] {processor.py:925} INFO - DAG(s) '1202_payload_consumer' retrieved from /opt/airflow/dags/1202_payload_consumer.py
[2026-09-10T21:10:05.438+0000] {logging_mixin.py:190} INFO - [2026-09-10T21:10:05.438+0000] {dag.py:3239} INFO - Sync 1 DAGs
[2026-09-10T21:10:05.455+0000] {logging_mixin.py:190} INFO - [2026-09-10T21:10:05.455+0000] {dag.py:4180} INFO - Setting next_dagrun for 1202_payload_consumer to None, run_after=None
[2026-09-10T21:10:05.475+0000] {processor.py:208} INFO - Processing /opt/airflow/dags/1202_payload_consumer.py took 0.090 seconds
[2026-09-10T21:10:35.521+0000] {processor.py:186} INFO - Started process (PID=7339) to work on /opt/airflow/dags/1202_payload_consumer.py
[2026-09-10T21:10:35.522+0000] {processor.py:914} INFO - Processing file /opt/airflow/dags/1202_payload_consumer.py for tasks to queue
[2026-09-10T21:10:35.527+0000] {logging_mixin.py:190} INFO - [2026-09-10T21:10:35.527+0000] {dagbag.py:588} INFO - Filling up the DagBag from /opt/airflow/dags/1202_payload_consumer.py
[2026-09-10T21:10:35.540+0000] {processor.py:925} INFO - DAG(s) '1202_payload_consumer' retrieved from /opt/airflow/dags/1202_payload_consumer.py
[2026-09-10T21:10:35.585+0000] {logging_mixin.py:190} INFO - [2026-09-10T21:10:35.585+0000] {dag.py:3239} INFO - Sync 1 DAGs
[2026-09-10T21:10:35.605+0000] {logging_mixin.py:190} INFO - [2026-09-10T21:10:35.605+0000] {dag.py:4180} INFO - Setting next_dagrun for 1202_payload_consumer to None, run_after=None
[2026-09-10T21:10:35.626+0000] {processor.py:208} INFO - Processing /opt/airflow/dags/1202_payload_consumer.py took 0.113 seconds
[2026-09-10T21:11:05.676+0000] {processor.py:186} INFO - Started process (PID=7409) to work on /opt/airflow/dags/1202_payload_consumer.py
[2026-09-10T21:11:05.677+0000] {processor.py:914} INFO - Processing file /opt/airflow/dags/1202_payload_consumer.py for tasks to queue
[2026-09-10T21:11:05.679+0000] {logging_mixin.py:190} INFO - [2026-09-10T21:11:05.679+0000] {dagbag.py:588} INFO - Filling up the DagBag from /opt/airflow/dags/1202_payload_consumer.py
[2026-09-10T21:11:05.687+0000] {processor.py:925} INFO - DAG(s) '1202_payload_consumer' retrieved from /opt/airflow/dags/1202_payload_consumer.py
[2026-09-10T21:11:05.715+0000] {logging_mixin.py:190} INFO - [2026-09-10T21:11:05.715+0000] {dag.py:3239} INFO - Sync 1 DAGs
[2026-09-10T21:11:05.730+0000] {logging_mixin.py:190} INFO - [2026-09-10T21:11:05.730+0000] {dag.py:4180} INFO - Setting next_dagrun for 1202_payload_consumer to None, run_after=None
[2026-09-10T21:11:05.749+0000] {processor.py:208} INFO - Processing /opt/airflow/dags/1202_payload_consumer.py took 0.081 seconds
[2026-09-10T21:11:35.807+0000] {processor.py:186} INFO - Started process (PID=7479) to work on /opt/airflow/dags/1202_payload_consumer.py
[2026-09-10T21:11:35.808+0000] {processor.py:914} INFO - Processing file /opt/airflow/dags/1202_payload_consumer.py for tasks to queue
[2026-09-10T21:11:35.811+0000] {logging_mixin.py:190} INFO - [2026-09-10T21:11:35.810+0000] {dagbag.py:588} INFO - Filling up the DagBag from /opt/airflow/dags/1202_payload_consumer.py
[2026-09-10T21:11:35.824+0000] {processor.py:925} INFO - DAG(s) '1202_payload_consumer' retrieved from /opt/airflow/dags/1202_payload_consumer.py
[2026-09-10T21:11:35.860+0000] {logging_mixin.py:190} INFO - [2026-09-10T21:11:35.860+0000] {dag.py:3239} INFO - Sync 1 DAGs
[2026-09-10T21:11:35.884+0000] {logging_mixin.py:190} INFO - [2026-09-10T21:11:35.884+0000] {dag.py:4180} INFO - Setting next_dagrun for 1202_payload_consumer to None, run_after=None
[2026-09-10T21:11:35.905+0000] {processor.py:208} INFO - Processing /opt/airflow/dags/1202_payload_consumer.py took 0.107 seconds
[2026-09-10T21:12:06.085+0000] {processor.py:186} INFO - Started process (PID=7549) to work on /opt/airflow/dags/1202_payload_consumer.py
[2026-09-10T21:12:06.087+0000] {processor.py:914} INFO - Processing file /opt/airflow/dags/1202_payload_consumer.py for tasks to queue
[2026-09-10T21:12:06.090+0000] {logging_mixin.py:190} INFO - [2026-09-10T21:12:06.089+0000] {dagbag.py:588} INFO - Filling up the DagBag from /opt/airflow/dags/1202_payload_consumer.py
[2026-09-10T21:12:06.100+0000] {processor.py:925} INFO - DAG(s) '1202_payload_consumer' retrieved from /opt/airflow/dags/1202_payload_consumer.py
[2026-09-10T21:12:06.142+0000] {logging_mixin.py:190} INFO - [2026-09-10T21:12:06.141+0000] {dag.py:3239} INFO - Sync 1 DAGs
[2026-09-10T21:12:06.157+0000] {logging_mixin.py:190} INFO - [2026-09-10T21:12:06.157+0000] {dag.py:4180} INFO - Setting next_dagrun for 1202_payload_consumer to None, run_after=None
[2026-09-10T21:12:06.183+0000] {processor.py:208} INFO - Processing /opt/airflow/dags/1202_payload_consumer.py took 0.107 seconds
[2026-09-10T21:12:37.067+0000] {processor.py:186} INFO - Started process (PID=7619) to work on /opt/airflow/dags/1202_payload_consumer.py
[2026-09-10T21:12:37.068+0000] {processor.py:914} INFO - Processing file /opt/airflow/dags/1202_payload_consumer.py for tasks to queue
[2026-09-10T21:12:37.071+0000] {logging_mixin.py:190} INFO - [2026-09-10T21:12:37.071+0000] {dagbag.py:588} INFO - Filling up the DagBag from /opt/airflow/dags/1202_payload_consumer.py
[2026-09-10T21:12:37.085+0000] {processor.py:925} INFO - DAG(s) '1202_payload_consumer' retrieved from /opt/airflow/dags/1202_payload_consumer.py
[2026-09-10T21:12:37.117+0000] {logging_mixin.py:190} INFO - [2026-09-10T21:12:37.116+0000] {dag.py:3239} INFO - Sync 1 DAGs
[2026-09-10T21:12:37.132+0000] {logging_mixin.py:190} INFO - [2026-09-10T21:12:37.132+0000] {dag.py:4180} INFO - Setting next_dagrun for 1202_payload_consumer to None, run_after=None
[2026-09-10T21:12:37.152+0000] {processor.py:208} INFO - Processing /opt/airflow/dags/1202_payload_consumer.py took 0.092 seconds
[2026-09-10T21:13:07.323+0000] {processor.py:186} INFO - Started process (PID=7689) to work on /opt/airflow/dags/1202_payload_consumer.py
[2026-09-10T21:13:07.325+0000] {processor.py:914} INFO - Processing file /opt/airflow/dags/1202_payload_consumer.py for tasks to queue
[2026-09-10T21:13:07.329+0000] {logging_mixin.py:190} INFO - [2026-09-10T21:13:07.328+0000] {dagbag.py:588} INFO - Filling up the DagBag from /opt/airflow/dags/1202_payload_consumer.py
[2026-09-10T21:13:07.339+0000] {processor.py:925} INFO - DAG(s) '1202_payload_consumer' retrieved from /opt/airflow/dags/1202_payload_consumer.py
[2026-09-10T21:13:07.369+0000] {logging_mixin.py:190} INFO - [2026-09-10T21:13:07.368+0000] {dag.py:3239} INFO - Sync 1 DAGs
[2026-09-10T21:13:07.384+0000] {logging_mixin.py:190} INFO - [2026-09-10T21:13:07.384+0000] {dag.py:4180} INFO - Setting next_dagrun for 1202_payload_consumer to None, run_after=None
[2026-09-10T21:13:07.403+0000] {processor.py:208} INFO - Processing /opt/airflow/dags/1202_payload_consumer.py took 0.095 seconds
[2026-09-10T21:13:37.566+0000] {processor.py:186} INFO - Started process (PID=7759) to work on /opt/airflow/dags/1202_payload_consumer.py
[2026-09-10T21:13:37.567+0000] {processor.py:914} INFO - Processing file /opt/airflow/dags/1202_payload_consumer.py for tasks to queue
[2026-09-10T21:13:37.570+0000] {logging_mixin.py:190} INFO - [2026-09-10T21:13:37.570+0000] {dagbag.py:588} INFO - Filling up the DagBag from /opt/airflow/dags/1202_payload_consumer.py
[2026-09-10T21:13:37.580+0000] {processor.py:925} INFO - DAG(s) '1202_payload_consumer' retrieved from /opt/airflow/dags/1202_payload_consumer.py
[2026-09-10T21:13:37.610+0000] {logging_mixin.py:190} INFO - [2026-09-10T21:13:37.610+0000] {dag.py:3239} INFO - Sync 1 DAGs
[2026-09-10T21:13:37.627+0000] {logging_mixin.py:190} INFO - [2026-09-10T21:13:37.627+0000] {dag.py:4180} INFO - Setting next_dagrun for 1202_payload_consumer to None, run_after=None
[2026-09-10T21:13:37.826+0000] {processor.py:208} INFO - Processing /opt/airflow/dags/1202_payload_consumer.py took 0.267 seconds
[2026-09-10T21:14:08.431+0000] {processor.py:186} INFO - Started process (PID=7829) to work on /opt/airflow/dags/1202_payload_consumer.py
[2026-09-10T21:14:08.433+0000] {processor.py:914} INFO - Processing file /opt/airflow/dags/1202_payload_consumer.py for tasks to queue
[2026-09-10T21:14:08.438+0000] {logging_mixin.py:190} INFO - [2026-09-10T21:14:08.437+0000] {dagbag.py:588} INFO - Filling up the DagBag from /opt/airflow/dags/1202_payload_consumer.py
[2026-09-10T21:14:08.450+0000] {processor.py:925} INFO - DAG(s) '1202_payload_consumer' retrieved from /opt/airflow/dags/1202_payload_consumer.py
[2026-09-10T21:14:08.483+0000] {logging_mixin.py:190} INFO - [2026-09-10T21:14:08.483+0000] {dag.py:3239} INFO - Sync 1 DAGs
[2026-09-10T21:14:08.502+0000] {logging_mixin.py:190} INFO - [2026-09-10T21:14:08.501+0000] {dag.py:4180} INFO - Setting next_dagrun for 1202_payload_consumer to None, run_after=None
[2026-09-10T21:14:08.529+0000] {processor.py:208} INFO - Processing /opt/airflow/dags/1202_payload_consumer.py took 0.105 seconds
[2026-09-10T21:14:38.777+0000] {processor.py:186} INFO - Started process (PID=7899) to work on /opt/airflow/dags/1202_payload_consumer.py
[2026-09-10T21:14:38.778+0000] {processor.py:914} INFO - Processing file /opt/airflow/dags/1202_payload_consumer.py for tasks to queue
[2026-09-10T21:14:38.781+0000] {logging_mixin.py:190} INFO - [2026-09-10T21:14:38.781+0000] {dagbag.py:588} INFO - Filling up the DagBag from /opt/airflow/dags/1202_payload_consumer.py
[2026-09-10T21:14:38.791+0000] {processor.py:925} INFO - DAG(s) '1202_payload_consumer' retrieved from /opt/airflow/dags/1202_payload_consumer.py
[2026-09-10T21:14:38.823+0000] {logging_mixin.py:190} INFO - [2026-09-10T21:14:38.823+0000] {dag.py:3239} INFO - Sync 1 DAGs
[2026-09-10T21:14:38.842+0000] {logging_mixin.py:190} INFO - [2026-09-10T21:14:38.842+0000] {dag.py:4180} INFO - Setting next_dagrun for 1202_payload_consumer to None, run_after=None
[2026-09-10T21:14:38.862+0000] {processor.py:208} INFO - Processing /opt/airflow/dags/1202_payload_consumer.py took 0.094 seconds
[2026-09-10T21:15:09.083+0000] {processor.py:186} INFO - Started process (PID=7969) to work on /opt/airflow/dags/1202_payload_consumer.py
[2026-09-10T21:15:09.085+0000] {processor.py:914} INFO - Processing file /opt/airflow/dags/1202_payload_consumer.py for tasks to queue
[2026-09-10T21:15:09.088+0000] {logging_mixin.py:190} INFO - [2026-09-10T21:15:09.088+0000] {dagbag.py:588} INFO - Filling up the DagBag from /opt/airflow/dags/1202_payload_consumer.py
[2026-09-10T21:15:09.098+0000] {processor.py:925} INFO - DAG(s) '1202_payload_consumer' retrieved from /opt/airflow/dags/1202_payload_consumer.py
[2026-09-10T21:15:09.132+0000] {logging_mixin.py:190} INFO - [2026-09-10T21:15:09.132+0000] {dag.py:3239} INFO - Sync 1 DAGs
[2026-09-10T21:15:09.151+0000] {logging_mixin.py:190} INFO - [2026-09-10T21:15:09.150+0000] {dag.py:4180} INFO - Setting next_dagrun for 1202_payload_consumer to None, run_after=None
[2026-09-10T21:15:09.358+0000] {processor.py:208} INFO - Processing /opt/airflow/dags/1202_payload_consumer.py took 0.284 seconds
[2026-09-10T21:15:39.846+0000] {processor.py:186} INFO - Started process (PID=8039) to work on /opt/airflow/dags/1202_payload_consumer.py
[2026-09-10T21:15:39.847+0000] {processor.py:914} INFO - Processing file /opt/airflow/dags/1202_payload_consumer.py for tasks to queue
[2026-09-10T21:15:39.850+0000] {logging_mixin.py:190} INFO - [2026-09-10T21:15:39.850+0000] {dagbag.py:588} INFO - Filling up the DagBag from /opt/airflow/dags/1202_payload_consumer.py
[2026-09-10T21:15:39.859+0000] {processor.py:925} INFO - DAG(s) '1202_payload_consumer' retrieved from /opt/airflow/dags/1202_payload_consumer.py
[2026-09-10T21:15:39.890+0000] {logging_mixin.py:190} INFO - [2026-09-10T21:15:39.890+0000] {dag.py:3239} INFO - Sync 1 DAGs
[2026-09-10T21:15:39.906+0000] {logging_mixin.py:190} INFO - [2026-09-10T21:15:39.906+0000] {dag.py:4180} INFO - Setting next_dagrun for 1202_payload_consumer to None, run_after=None
[2026-09-10T21:15:39.928+0000] {processor.py:208} INFO - Processing /opt/airflow/dags/1202_payload_consumer.py took 0.090 seconds
[2026-09-10T21:16:10.014+0000] {processor.py:186} INFO - Started process (PID=8109) to work on /opt/airflow/dags/1202_payload_consumer.py
[2026-09-10T21:16:10.016+0000] {processor.py:914} INFO - Processing file /opt/airflow/dags/1202_payload_consumer.py for tasks to queue
[2026-09-10T21:16:10.020+0000] {logging_mixin.py:190} INFO - [2026-09-10T21:16:10.020+0000] {dagbag.py:588} INFO - Filling up the DagBag from /opt/airflow/dags/1202_payload_consumer.py
[2026-09-10T21:16:10.034+0000] {processor.py:925} INFO - DAG(s) '1202_payload_consumer' retrieved from /opt/airflow/dags/1202_payload_consumer.py
[2026-09-10T21:16:10.067+0000] {logging_mixin.py:190} INFO - [2026-09-10T21:16:10.067+0000] {dag.py:3239} INFO - Sync 1 DAGs
[2026-09-10T21:16:10.085+0000] {logging_mixin.py:190} INFO - [2026-09-10T21:16:10.085+0000] {dag.py:4180} INFO - Setting next_dagrun for 1202_payload_consumer to None, run_after=None
[2026-09-10T21:16:10.106+0000] {processor.py:208} INFO - Processing /opt/airflow/dags/1202_payload_consumer.py took 0.099 seconds
[2026-09-10T21:16:40.227+0000] {processor.py:186} INFO - Started process (PID=8179) to work on /opt/airflow/dags/1202_payload_consumer.py
[2026-09-10T21:16:40.229+0000] {processor.py:914} INFO - Processing file /opt/airflow/dags/1202_payload_consumer.py for tasks to queue
[2026-09-10T21:16:40.235+0000] {logging_mixin.py:190} INFO - [2026-09-10T21:16:40.234+0000] {dagbag.py:588} INFO - Filling up the DagBag from /opt/airflow/dags/1202_payload_consumer.py
[2026-09-10T21:16:40.248+0000] {processor.py:925} INFO - DAG(s) '1202_payload_consumer' retrieved from /opt/airflow/dags/1202_payload_consumer.py
[2026-09-10T21:16:40.285+0000] {logging_mixin.py:190} INFO - [2026-09-10T21:16:40.285+0000] {dag.py:3239} INFO - Sync 1 DAGs
[2026-09-10T21:16:40.310+0000] {logging_mixin.py:190} INFO - [2026-09-10T21:16:40.309+0000] {dag.py:4180} INFO - Setting next_dagrun for 1202_payload_consumer to None, run_after=None
[2026-09-10T21:16:40.335+0000] {processor.py:208} INFO - Processing /opt/airflow/dags/1202_payload_consumer.py took 0.117 seconds
[2026-09-10T21:17:10.505+0000] {processor.py:186} INFO - Started process (PID=8249) to work on /opt/airflow/dags/1202_payload_consumer.py
[2026-09-10T21:17:10.507+0000] {processor.py:914} INFO - Processing file /opt/airflow/dags/1202_payload_consumer.py for tasks to queue
[2026-09-10T21:17:10.510+0000] {logging_mixin.py:190} INFO - [2026-09-10T21:17:10.510+0000] {dagbag.py:588} INFO - Filling up the DagBag from /opt/airflow/dags/1202_payload_consumer.py
[2026-09-10T21:17:10.521+0000] {processor.py:925} INFO - DAG(s) '1202_payload_consumer' retrieved from /opt/airflow/dags/1202_payload_consumer.py
[2026-09-10T21:17:10.559+0000] {logging_mixin.py:190} INFO - [2026-09-10T21:17:10.559+0000] {dag.py:3239} INFO - Sync 1 DAGs
[2026-09-10T21:17:10.575+0000] {logging_mixin.py:190} INFO - [2026-09-10T21:17:10.575+0000] {dag.py:4180} INFO - Setting next_dagrun for 1202_payload_consumer to None, run_after=None
[2026-09-10T21:17:10.594+0000] {processor.py:208} INFO - Processing /opt/airflow/dags/1202_payload_consumer.py took 0.099 seconds
[2026-09-10T21:17:41.607+0000] {processor.py:186} INFO - Started process (PID=8319) to work on /opt/airflow/dags/1202_payload_consumer.py
[2026-09-10T21:17:41.608+0000] {processor.py:914} INFO - Processing file /opt/airflow/dags/1202_payload_consumer.py for tasks to queue
[2026-09-10T21:17:41.611+0000] {logging_mixin.py:190} INFO - [2026-09-10T21:17:41.611+0000] {dagbag.py:588} INFO - Filling up the DagBag from /opt/airflow/dags/1202_payload_consumer.py
[2026-09-10T21:17:41.622+0000] {processor.py:925} INFO - DAG(s) '1202_payload_consumer' retrieved from /opt/airflow/dags/1202_payload_consumer.py
[2026-09-10T21:17:41.652+0000] {logging_mixin.py:190} INFO - [2026-09-10T21:17:41.652+0000] {dag.py:3239} INFO - Sync 1 DAGs
[2026-09-10T21:17:41.669+0000] {logging_mixin.py:190} INFO - [2026-09-10T21:17:41.669+0000] {dag.py:4180} INFO - Setting next_dagrun for 1202_payload_consumer to None, run_after=None
[2026-09-10T21:17:41.688+0000] {processor.py:208} INFO - Processing /opt/airflow/dags/1202_payload_consumer.py took 0.090 seconds
[2026-09-10T21:18:11.818+0000] {processor.py:186} INFO - Started process (PID=8389) to work on /opt/airflow/dags/1202_payload_consumer.py
[2026-09-10T21:18:11.821+0000] {processor.py:914} INFO - Processing file /opt/airflow/dags/1202_payload_consumer.py for tasks to queue
[2026-09-10T21:18:11.824+0000] {logging_mixin.py:190} INFO - [2026-09-10T21:18:11.824+0000] {dagbag.py:588} INFO - Filling up the DagBag from /opt/airflow/dags/1202_payload_consumer.py
[2026-09-10T21:18:11.834+0000] {processor.py:925} INFO - DAG(s) '1202_payload_consumer' retrieved from /opt/airflow/dags/1202_payload_consumer.py
[2026-09-10T21:18:11.865+0000] {logging_mixin.py:190} INFO - [2026-09-10T21:18:11.864+0000] {dag.py:3239} INFO - Sync 1 DAGs
[2026-09-10T21:18:11.881+0000] {logging_mixin.py:190} INFO - [2026-09-10T21:18:11.880+0000] {dag.py:4180} INFO - Setting next_dagrun for 1202_payload_consumer to None, run_after=None
[2026-09-10T21:18:11.903+0000] {processor.py:208} INFO - Processing /opt/airflow/dags/1202_payload_consumer.py took 0.094 seconds
[2026-09-10T21:18:42.060+0000] {processor.py:186} INFO - Started process (PID=8459) to work on /opt/airflow/dags/1202_payload_consumer.py
[2026-09-10T21:18:42.061+0000] {processor.py:914} INFO - Processing file /opt/airflow/dags/1202_payload_consumer.py for tasks to queue
[2026-09-10T21:18:42.065+0000] {logging_mixin.py:190} INFO - [2026-09-10T21:18:42.064+0000] {dagbag.py:588} INFO - Filling up the DagBag from /opt/airflow/dags/1202_payload_consumer.py
[2026-09-10T21:18:42.075+0000] {processor.py:925} INFO - DAG(s) '1202_payload_consumer' retrieved from /opt/airflow/dags/1202_payload_consumer.py
[2026-09-10T21:18:42.106+0000] {logging_mixin.py:190} INFO - [2026-09-10T21:18:42.106+0000] {dag.py:3239} INFO - Sync 1 DAGs
[2026-09-10T21:18:42.123+0000] {logging_mixin.py:190} INFO - [2026-09-10T21:18:42.123+0000] {dag.py:4180} INFO - Setting next_dagrun for 1202_payload_consumer to None, run_after=None
[2026-09-10T21:18:42.144+0000] {processor.py:208} INFO - Processing /opt/airflow/dags/1202_payload_consumer.py took 0.094 seconds
[2026-09-10T21:19:13.177+0000] {processor.py:186} INFO - Started process (PID=8529) to work on /opt/airflow/dags/1202_payload_consumer.py
[2026-09-10T21:19:13.179+0000] {processor.py:914} INFO - Processing file /opt/airflow/dags/1202_payload_consumer.py for tasks to queue
[2026-09-10T21:19:13.182+0000] {logging_mixin.py:190} INFO - [2026-09-10T21:19:13.182+0000] {dagbag.py:588} INFO - Filling up the DagBag from /opt/airflow/dags/1202_payload_consumer.py
[2026-09-10T21:19:13.192+0000] {processor.py:925} INFO - DAG(s) '1202_payload_consumer' retrieved from /opt/airflow/dags/1202_payload_consumer.py
[2026-09-10T21:19:13.225+0000] {logging_mixin.py:190} INFO - [2026-09-10T21:19:13.225+0000] {dag.py:3239} INFO - Sync 1 DAGs
[2026-09-10T21:19:13.242+0000] {logging_mixin.py:190} INFO - [2026-09-10T21:19:13.242+0000] {dag.py:4180} INFO - Setting next_dagrun for 1202_payload_consumer to None, run_after=None
[2026-09-10T21:19:13.262+0000] {processor.py:208} INFO - Processing /opt/airflow/dags/1202_payload_consumer.py took 0.094 seconds
[2026-09-10T21:19:43.339+0000] {processor.py:186} INFO - Started process (PID=8599) to work on /opt/airflow/dags/1202_payload_consumer.py
[2026-09-10T21:19:43.340+0000] {processor.py:914} INFO - Processing file /opt/airflow/dags/1202_payload_consumer.py for tasks to queue
[2026-09-10T21:19:43.343+0000] {logging_mixin.py:190} INFO - [2026-09-10T21:19:43.342+0000] {dagbag.py:588} INFO - Filling up the DagBag from /opt/airflow/dags/1202_payload_consumer.py
[2026-09-10T21:19:43.352+0000] {processor.py:925} INFO - DAG(s) '1202_payload_consumer' retrieved from /opt/airflow/dags/1202_payload_consumer.py
[2026-09-10T21:19:43.389+0000] {logging_mixin.py:190} INFO - [2026-09-10T21:19:43.389+0000] {dag.py:3239} INFO - Sync 1 DAGs
[2026-09-10T21:19:43.415+0000] {logging_mixin.py:190} INFO - [2026-09-10T21:19:43.415+0000] {dag.py:4180} INFO - Setting next_dagrun for 1202_payload_consumer to None, run_after=None
[2026-09-10T21:19:43.436+0000] {processor.py:208} INFO - Processing /opt/airflow/dags/1202_payload_consumer.py took 0.107 seconds
[2026-09-10T21:20:13.485+0000] {processor.py:186} INFO - Started process (PID=8669) to work on /opt/airflow/dags/1202_payload_consumer.py
[2026-09-10T21:20:13.487+0000] {processor.py:914} INFO - Processing file /opt/airflow/dags/1202_payload_consumer.py for tasks to queue
[2026-09-10T21:20:13.489+0000] {logging_mixin.py:190} INFO - [2026-09-10T21:20:13.489+0000] {dagbag.py:588} INFO - Filling up the DagBag from /opt/airflow/dags/1202_payload_consumer.py
[2026-09-10T21:20:13.501+0000] {processor.py:925} INFO - DAG(s) '1202_payload_consumer' retrieved from /opt/airflow/dags/1202_payload_consumer.py
[2026-09-10T21:20:13.535+0000] {logging_mixin.py:190} INFO - [2026-09-10T21:20:13.535+0000] {dag.py:3239} INFO - Sync 1 DAGs
[2026-09-10T21:20:13.550+0000] {logging_mixin.py:190} INFO - [2026-09-10T21:20:13.550+0000] {dag.py:4180} INFO - Setting next_dagrun for 1202_payload_consumer to None, run_after=None
[2026-09-10T21:20:13.571+0000] {processor.py:208} INFO - Processing /opt/airflow/dags/1202_payload_consumer.py took 0.095 seconds
[2026-09-10T21:20:43.786+0000] {processor.py:186} INFO - Started process (PID=8739) to work on /opt/airflow/dags/1202_payload_consumer.py
[2026-09-10T21:20:43.787+0000] {processor.py:914} INFO - Processing file /opt/airflow/dags/1202_payload_consumer.py for tasks to queue
[2026-09-10T21:20:43.790+0000] {logging_mixin.py:190} INFO - [2026-09-10T21:20:43.790+0000] {dagbag.py:588} INFO - Filling up the DagBag from /opt/airflow/dags/1202_payload_consumer.py
[2026-09-10T21:20:43.800+0000] {processor.py:925} INFO - DAG(s) '1202_payload_consumer' retrieved from /opt/airflow/dags/1202_payload_consumer.py
[2026-09-10T21:20:43.831+0000] {logging_mixin.py:190} INFO - [2026-09-10T21:20:43.831+0000] {dag.py:3239} INFO - Sync 1 DAGs
[2026-09-10T21:20:43.849+0000] {logging_mixin.py:190} INFO - [2026-09-10T21:20:43.848+0000] {dag.py:4180} INFO - Setting next_dagrun for 1202_payload_consumer to None, run_after=None
[2026-09-10T21:20:43.868+0000] {processor.py:208} INFO - Processing /opt/airflow/dags/1202_payload_consumer.py took 0.090 seconds
