[2026-07-10T00:00:01.368+0000] {processor.py:186} INFO - Started process (PID=8981) to work on /opt/airflow/dags/01_load_csv.py
[2026-07-10T00:00:01.371+0000] {processor.py:914} INFO - Processing file /opt/airflow/dags/01_load_csv.py for tasks to queue
[2026-07-10T00:00:01.380+0000] {logging_mixin.py:190} INFO - [2026-07-10T00:00:01.379+0000] {dagbag.py:588} INFO - Filling up the DagBag from /opt/airflow/dags/01_load_csv.py
[2026-07-10T00:00:01.396+0000] {processor.py:925} INFO - DAG(s) '01_load_csv' retrieved from /opt/airflow/dags/01_load_csv.py
[2026-07-10T00:00:01.455+0000] {logging_mixin.py:190} INFO - [2026-07-10T00:00:01.454+0000] {dag.py:3239} INFO - Sync 1 DAGs
[2026-07-10T00:00:01.481+0000] {logging_mixin.py:190} INFO - [2026-07-10T00:00:01.480+0000] {dag.py:4180} INFO - Setting next_dagrun for 01_load_csv to None, run_after=None
[2026-07-10T00:00:01.509+0000] {processor.py:208} INFO - Processing /opt/airflow/dags/01_load_csv.py took 0.190 seconds
[2026-07-10T00:00:32.108+0000] {processor.py:186} INFO - Started process (PID=9016) to work on /opt/airflow/dags/01_load_csv.py
[2026-07-10T00:00:32.113+0000] {processor.py:914} INFO - Processing file /opt/airflow/dags/01_load_csv.py for tasks to queue
[2026-07-10T00:00:32.133+0000] {logging_mixin.py:190} INFO - [2026-07-10T00:00:32.129+0000] {dagbag.py:588} INFO - Filling up the DagBag from /opt/airflow/dags/01_load_csv.py
[2026-07-10T00:00:32.181+0000] {processor.py:925} INFO - DAG(s) '01_load_csv' retrieved from /opt/airflow/dags/01_load_csv.py
[2026-07-10T00:00:32.272+0000] {logging_mixin.py:190} INFO - [2026-07-10T00:00:32.272+0000] {dag.py:3239} INFO - Sync 1 DAGs
[2026-07-10T00:00:32.301+0000] {logging_mixin.py:190} INFO - [2026-07-10T00:00:32.301+0000] {dag.py:4180} INFO - Setting next_dagrun for 01_load_csv to None, run_after=None
[2026-07-10T00:00:32.350+0000] {processor.py:208} INFO - Processing /opt/airflow/dags/01_load_csv.py took 0.272 seconds
[2026-07-10T00:01:03.393+0000] {processor.py:186} INFO - Started process (PID=9051) to work on /opt/airflow/dags/01_load_csv.py
[2026-07-10T00:01:03.399+0000] {processor.py:914} INFO - Processing file /opt/airflow/dags/01_load_csv.py for tasks to queue
[2026-07-10T00:01:03.411+0000] {logging_mixin.py:190} INFO - [2026-07-10T00:01:03.409+0000] {dagbag.py:588} INFO - Filling up the DagBag from /opt/airflow/dags/01_load_csv.py
[2026-07-10T00:01:03.470+0000] {processor.py:925} INFO - DAG(s) '01_load_csv' retrieved from /opt/airflow/dags/01_load_csv.py
[2026-07-10T00:01:03.552+0000] {logging_mixin.py:190} INFO - [2026-07-10T00:01:03.551+0000] {dag.py:3239} INFO - Sync 1 DAGs
[2026-07-10T00:01:03.577+0000] {logging_mixin.py:190} INFO - [2026-07-10T00:01:03.577+0000] {dag.py:4180} INFO - Setting next_dagrun for 01_load_csv to None, run_after=None
[2026-07-10T00:01:03.607+0000] {processor.py:208} INFO - Processing /opt/airflow/dags/01_load_csv.py took 0.268 seconds
[2026-07-10T00:01:34.344+0000] {processor.py:186} INFO - Started process (PID=9086) to work on /opt/airflow/dags/01_load_csv.py
[2026-07-10T00:01:34.346+0000] {processor.py:914} INFO - Processing file /opt/airflow/dags/01_load_csv.py for tasks to queue
[2026-07-10T00:01:34.355+0000] {logging_mixin.py:190} INFO - [2026-07-10T00:01:34.354+0000] {dagbag.py:588} INFO - Filling up the DagBag from /opt/airflow/dags/01_load_csv.py
[2026-07-10T00:01:34.376+0000] {processor.py:925} INFO - DAG(s) '01_load_csv' retrieved from /opt/airflow/dags/01_load_csv.py
[2026-07-10T00:01:34.421+0000] {logging_mixin.py:190} INFO - [2026-07-10T00:01:34.421+0000] {dag.py:3239} INFO - Sync 1 DAGs
[2026-07-10T00:01:34.440+0000] {logging_mixin.py:190} INFO - [2026-07-10T00:01:34.440+0000] {dag.py:4180} INFO - Setting next_dagrun for 01_load_csv to None, run_after=None
[2026-07-10T00:01:34.463+0000] {processor.py:208} INFO - Processing /opt/airflow/dags/01_load_csv.py took 0.153 seconds
[2026-07-10T00:02:05.252+0000] {processor.py:186} INFO - Started process (PID=9121) to work on /opt/airflow/dags/01_load_csv.py
[2026-07-10T00:02:05.255+0000] {processor.py:914} INFO - Processing file /opt/airflow/dags/01_load_csv.py for tasks to queue
[2026-07-10T00:02:05.260+0000] {logging_mixin.py:190} INFO - [2026-07-10T00:02:05.260+0000] {dagbag.py:588} INFO - Filling up the DagBag from /opt/airflow/dags/01_load_csv.py
[2026-07-10T00:02:05.275+0000] {processor.py:925} INFO - DAG(s) '01_load_csv' retrieved from /opt/airflow/dags/01_load_csv.py
[2026-07-10T00:02:05.320+0000] {logging_mixin.py:190} INFO - [2026-07-10T00:02:05.319+0000] {dag.py:3239} INFO - Sync 1 DAGs
[2026-07-10T00:02:05.339+0000] {logging_mixin.py:190} INFO - [2026-07-10T00:02:05.339+0000] {dag.py:4180} INFO - Setting next_dagrun for 01_load_csv to None, run_after=None
[2026-07-10T00:02:05.368+0000] {processor.py:208} INFO - Processing /opt/airflow/dags/01_load_csv.py took 0.150 seconds
[2026-07-10T00:02:36.084+0000] {processor.py:186} INFO - Started process (PID=9156) to work on /opt/airflow/dags/01_load_csv.py
[2026-07-10T00:02:36.086+0000] {processor.py:914} INFO - Processing file /opt/airflow/dags/01_load_csv.py for tasks to queue
[2026-07-10T00:02:36.090+0000] {logging_mixin.py:190} INFO - [2026-07-10T00:02:36.089+0000] {dagbag.py:588} INFO - Filling up the DagBag from /opt/airflow/dags/01_load_csv.py
[2026-07-10T00:02:36.102+0000] {processor.py:925} INFO - DAG(s) '01_load_csv' retrieved from /opt/airflow/dags/01_load_csv.py
[2026-07-10T00:02:36.170+0000] {logging_mixin.py:190} INFO - [2026-07-10T00:02:36.169+0000] {dag.py:3239} INFO - Sync 1 DAGs
[2026-07-10T00:02:36.189+0000] {logging_mixin.py:190} INFO - [2026-07-10T00:02:36.188+0000] {dag.py:4180} INFO - Setting next_dagrun for 01_load_csv to None, run_after=None
[2026-07-10T00:02:36.210+0000] {processor.py:208} INFO - Processing /opt/airflow/dags/01_load_csv.py took 0.136 seconds
[2026-07-10T00:03:06.506+0000] {processor.py:186} INFO - Started process (PID=9193) to work on /opt/airflow/dags/01_load_csv.py
[2026-07-10T00:03:06.508+0000] {processor.py:914} INFO - Processing file /opt/airflow/dags/01_load_csv.py for tasks to queue
[2026-07-10T00:03:06.511+0000] {logging_mixin.py:190} INFO - [2026-07-10T00:03:06.511+0000] {dagbag.py:588} INFO - Filling up the DagBag from /opt/airflow/dags/01_load_csv.py
[2026-07-10T00:03:06.523+0000] {processor.py:925} INFO - DAG(s) '01_load_csv' retrieved from /opt/airflow/dags/01_load_csv.py
[2026-07-10T00:03:06.569+0000] {logging_mixin.py:190} INFO - [2026-07-10T00:03:06.568+0000] {dag.py:3239} INFO - Sync 1 DAGs
[2026-07-10T00:03:06.589+0000] {logging_mixin.py:190} INFO - [2026-07-10T00:03:06.589+0000] {dag.py:4180} INFO - Setting next_dagrun for 01_load_csv to None, run_after=None
[2026-07-10T00:03:06.609+0000] {processor.py:208} INFO - Processing /opt/airflow/dags/01_load_csv.py took 0.113 seconds
[2026-07-10T00:03:36.664+0000] {processor.py:186} INFO - Started process (PID=9228) to work on /opt/airflow/dags/01_load_csv.py
[2026-07-10T00:03:36.666+0000] {processor.py:914} INFO - Processing file /opt/airflow/dags/01_load_csv.py for tasks to queue
[2026-07-10T00:03:36.669+0000] {logging_mixin.py:190} INFO - [2026-07-10T00:03:36.669+0000] {dagbag.py:588} INFO - Filling up the DagBag from /opt/airflow/dags/01_load_csv.py
[2026-07-10T00:03:36.685+0000] {processor.py:925} INFO - DAG(s) '01_load_csv' retrieved from /opt/airflow/dags/01_load_csv.py
[2026-07-10T00:03:36.733+0000] {logging_mixin.py:190} INFO - [2026-07-10T00:03:36.732+0000] {dag.py:3239} INFO - Sync 1 DAGs
[2026-07-10T00:03:36.754+0000] {logging_mixin.py:190} INFO - [2026-07-10T00:03:36.754+0000] {dag.py:4180} INFO - Setting next_dagrun for 01_load_csv to None, run_after=None
[2026-07-10T00:03:36.783+0000] {processor.py:208} INFO - Processing /opt/airflow/dags/01_load_csv.py took 0.131 seconds
[2026-07-10T00:04:07.717+0000] {processor.py:186} INFO - Started process (PID=9261) to work on /opt/airflow/dags/01_load_csv.py
[2026-07-10T00:04:07.723+0000] {processor.py:914} INFO - Processing file /opt/airflow/dags/01_load_csv.py for tasks to queue
[2026-07-10T00:04:07.727+0000] {logging_mixin.py:190} INFO - [2026-07-10T00:04:07.727+0000] {dagbag.py:588} INFO - Filling up the DagBag from /opt/airflow/dags/01_load_csv.py
[2026-07-10T00:04:07.745+0000] {processor.py:925} INFO - DAG(s) '01_load_csv' retrieved from /opt/airflow/dags/01_load_csv.py
[2026-07-10T00:04:07.794+0000] {logging_mixin.py:190} INFO - [2026-07-10T00:04:07.794+0000] {dag.py:3239} INFO - Sync 1 DAGs
[2026-07-10T00:04:07.815+0000] {logging_mixin.py:190} INFO - [2026-07-10T00:04:07.815+0000] {dag.py:4180} INFO - Setting next_dagrun for 01_load_csv to None, run_after=None
[2026-07-10T00:04:07.842+0000] {processor.py:208} INFO - Processing /opt/airflow/dags/01_load_csv.py took 0.151 seconds
[2026-07-10T00:04:38.469+0000] {processor.py:186} INFO - Started process (PID=9296) to work on /opt/airflow/dags/01_load_csv.py
[2026-07-10T00:04:38.471+0000] {processor.py:914} INFO - Processing file /opt/airflow/dags/01_load_csv.py for tasks to queue
[2026-07-10T00:04:38.476+0000] {logging_mixin.py:190} INFO - [2026-07-10T00:04:38.475+0000] {dagbag.py:588} INFO - Filling up the DagBag from /opt/airflow/dags/01_load_csv.py
[2026-07-10T00:04:38.492+0000] {processor.py:925} INFO - DAG(s) '01_load_csv' retrieved from /opt/airflow/dags/01_load_csv.py
[2026-07-10T00:04:38.551+0000] {logging_mixin.py:190} INFO - [2026-07-10T00:04:38.550+0000] {dag.py:3239} INFO - Sync 1 DAGs
[2026-07-10T00:04:38.586+0000] {logging_mixin.py:190} INFO - [2026-07-10T00:04:38.585+0000] {dag.py:4180} INFO - Setting next_dagrun for 01_load_csv to None, run_after=None
[2026-07-10T00:04:38.628+0000] {processor.py:208} INFO - Processing /opt/airflow/dags/01_load_csv.py took 0.169 seconds
[2026-07-10T00:05:09.244+0000] {processor.py:186} INFO - Started process (PID=9340) to work on /opt/airflow/dags/01_load_csv.py
[2026-07-10T00:05:09.246+0000] {processor.py:914} INFO - Processing file /opt/airflow/dags/01_load_csv.py for tasks to queue
[2026-07-10T00:05:09.255+0000] {logging_mixin.py:190} INFO - [2026-07-10T00:05:09.254+0000] {dagbag.py:588} INFO - Filling up the DagBag from /opt/airflow/dags/01_load_csv.py
[2026-07-10T00:05:09.273+0000] {processor.py:925} INFO - DAG(s) '01_load_csv' retrieved from /opt/airflow/dags/01_load_csv.py
[2026-07-10T00:05:09.328+0000] {logging_mixin.py:190} INFO - [2026-07-10T00:05:09.328+0000] {dag.py:3239} INFO - Sync 1 DAGs
[2026-07-10T00:05:09.349+0000] {logging_mixin.py:190} INFO - [2026-07-10T00:05:09.349+0000] {dag.py:4180} INFO - Setting next_dagrun for 01_load_csv to None, run_after=None
[2026-07-10T00:05:09.433+0000] {processor.py:208} INFO - Processing /opt/airflow/dags/01_load_csv.py took 0.205 seconds
[2026-07-10T00:05:40.449+0000] {processor.py:186} INFO - Started process (PID=9375) to work on /opt/airflow/dags/01_load_csv.py
[2026-07-10T00:05:40.451+0000] {processor.py:914} INFO - Processing file /opt/airflow/dags/01_load_csv.py for tasks to queue
[2026-07-10T00:05:40.456+0000] {logging_mixin.py:190} INFO - [2026-07-10T00:05:40.455+0000] {dagbag.py:588} INFO - Filling up the DagBag from /opt/airflow/dags/01_load_csv.py
[2026-07-10T00:05:40.474+0000] {processor.py:925} INFO - DAG(s) '01_load_csv' retrieved from /opt/airflow/dags/01_load_csv.py
[2026-07-10T00:05:40.513+0000] {logging_mixin.py:190} INFO - [2026-07-10T00:05:40.513+0000] {dag.py:3239} INFO - Sync 1 DAGs
[2026-07-10T00:05:40.531+0000] {logging_mixin.py:190} INFO - [2026-07-10T00:05:40.531+0000] {dag.py:4180} INFO - Setting next_dagrun for 01_load_csv to None, run_after=None
[2026-07-10T00:05:40.555+0000] {processor.py:208} INFO - Processing /opt/airflow/dags/01_load_csv.py took 0.129 seconds
[2026-07-10T00:06:11.447+0000] {processor.py:186} INFO - Started process (PID=9410) to work on /opt/airflow/dags/01_load_csv.py
[2026-07-10T00:06:11.450+0000] {processor.py:914} INFO - Processing file /opt/airflow/dags/01_load_csv.py for tasks to queue
[2026-07-10T00:06:11.455+0000] {logging_mixin.py:190} INFO - [2026-07-10T00:06:11.454+0000] {dagbag.py:588} INFO - Filling up the DagBag from /opt/airflow/dags/01_load_csv.py
[2026-07-10T00:06:11.470+0000] {processor.py:925} INFO - DAG(s) '01_load_csv' retrieved from /opt/airflow/dags/01_load_csv.py
[2026-07-10T00:06:11.538+0000] {logging_mixin.py:190} INFO - [2026-07-10T00:06:11.538+0000] {dag.py:3239} INFO - Sync 1 DAGs
[2026-07-10T00:06:11.570+0000] {logging_mixin.py:190} INFO - [2026-07-10T00:06:11.570+0000] {dag.py:4180} INFO - Setting next_dagrun for 01_load_csv to None, run_after=None
[2026-07-10T00:06:11.611+0000] {processor.py:208} INFO - Processing /opt/airflow/dags/01_load_csv.py took 0.192 seconds
[2026-07-10T00:06:42.606+0000] {processor.py:186} INFO - Started process (PID=9445) to work on /opt/airflow/dags/01_load_csv.py
[2026-07-10T00:06:42.608+0000] {processor.py:914} INFO - Processing file /opt/airflow/dags/01_load_csv.py for tasks to queue
[2026-07-10T00:06:42.615+0000] {logging_mixin.py:190} INFO - [2026-07-10T00:06:42.614+0000] {dagbag.py:588} INFO - Filling up the DagBag from /opt/airflow/dags/01_load_csv.py
[2026-07-10T00:06:42.632+0000] {processor.py:925} INFO - DAG(s) '01_load_csv' retrieved from /opt/airflow/dags/01_load_csv.py
[2026-07-10T00:06:42.677+0000] {logging_mixin.py:190} INFO - [2026-07-10T00:06:42.676+0000] {dag.py:3239} INFO - Sync 1 DAGs
[2026-07-10T00:06:42.699+0000] {logging_mixin.py:190} INFO - [2026-07-10T00:06:42.698+0000] {dag.py:4180} INFO - Setting next_dagrun for 01_load_csv to None, run_after=None
[2026-07-10T00:06:42.721+0000] {processor.py:208} INFO - Processing /opt/airflow/dags/01_load_csv.py took 0.124 seconds
[2026-07-10T00:07:13.742+0000] {processor.py:186} INFO - Started process (PID=9480) to work on /opt/airflow/dags/01_load_csv.py
[2026-07-10T00:07:13.744+0000] {processor.py:914} INFO - Processing file /opt/airflow/dags/01_load_csv.py for tasks to queue
[2026-07-10T00:07:13.751+0000] {logging_mixin.py:190} INFO - [2026-07-10T00:07:13.750+0000] {dagbag.py:588} INFO - Filling up the DagBag from /opt/airflow/dags/01_load_csv.py
[2026-07-10T00:07:13.771+0000] {processor.py:925} INFO - DAG(s) '01_load_csv' retrieved from /opt/airflow/dags/01_load_csv.py
[2026-07-10T00:07:13.839+0000] {logging_mixin.py:190} INFO - [2026-07-10T00:07:13.839+0000] {dag.py:3239} INFO - Sync 1 DAGs
[2026-07-10T00:07:13.869+0000] {logging_mixin.py:190} INFO - [2026-07-10T00:07:13.869+0000] {dag.py:4180} INFO - Setting next_dagrun for 01_load_csv to None, run_after=None
[2026-07-10T00:07:13.903+0000] {processor.py:208} INFO - Processing /opt/airflow/dags/01_load_csv.py took 0.195 seconds
[2026-07-10T00:07:44.002+0000] {processor.py:186} INFO - Started process (PID=9515) to work on /opt/airflow/dags/01_load_csv.py
[2026-07-10T00:07:44.003+0000] {processor.py:914} INFO - Processing file /opt/airflow/dags/01_load_csv.py for tasks to queue
[2026-07-10T00:07:44.005+0000] {logging_mixin.py:190} INFO - [2026-07-10T00:07:44.004+0000] {dagbag.py:588} INFO - Filling up the DagBag from /opt/airflow/dags/01_load_csv.py
[2026-07-10T00:07:44.026+0000] {processor.py:925} INFO - DAG(s) '01_load_csv' retrieved from /opt/airflow/dags/01_load_csv.py
[2026-07-10T00:07:44.084+0000] {logging_mixin.py:190} INFO - [2026-07-10T00:07:44.083+0000] {dag.py:3239} INFO - Sync 1 DAGs
[2026-07-10T00:07:44.107+0000] {logging_mixin.py:190} INFO - [2026-07-10T00:07:44.106+0000] {dag.py:4180} INFO - Setting next_dagrun for 01_load_csv to None, run_after=None
[2026-07-10T00:07:44.134+0000] {processor.py:208} INFO - Processing /opt/airflow/dags/01_load_csv.py took 0.138 seconds
[2026-07-10T00:08:14.681+0000] {processor.py:186} INFO - Started process (PID=9550) to work on /opt/airflow/dags/01_load_csv.py
[2026-07-10T00:08:14.685+0000] {processor.py:914} INFO - Processing file /opt/airflow/dags/01_load_csv.py for tasks to queue
[2026-07-10T00:08:14.693+0000] {logging_mixin.py:190} INFO - [2026-07-10T00:08:14.692+0000] {dagbag.py:588} INFO - Filling up the DagBag from /opt/airflow/dags/01_load_csv.py
[2026-07-10T00:08:14.723+0000] {processor.py:925} INFO - DAG(s) '01_load_csv' retrieved from /opt/airflow/dags/01_load_csv.py
[2026-07-10T00:08:14.778+0000] {logging_mixin.py:190} INFO - [2026-07-10T00:08:14.777+0000] {dag.py:3239} INFO - Sync 1 DAGs
[2026-07-10T00:08:14.809+0000] {logging_mixin.py:190} INFO - [2026-07-10T00:08:14.808+0000] {dag.py:4180} INFO - Setting next_dagrun for 01_load_csv to None, run_after=None
[2026-07-10T00:08:14.836+0000] {processor.py:208} INFO - Processing /opt/airflow/dags/01_load_csv.py took 0.186 seconds
[2026-07-10T00:08:44.975+0000] {processor.py:186} INFO - Started process (PID=9587) to work on /opt/airflow/dags/01_load_csv.py
[2026-07-10T00:08:44.979+0000] {processor.py:914} INFO - Processing file /opt/airflow/dags/01_load_csv.py for tasks to queue
[2026-07-10T00:08:44.993+0000] {logging_mixin.py:190} INFO - [2026-07-10T00:08:44.991+0000] {dagbag.py:588} INFO - Filling up the DagBag from /opt/airflow/dags/01_load_csv.py
[2026-07-10T00:08:45.038+0000] {processor.py:925} INFO - DAG(s) '01_load_csv' retrieved from /opt/airflow/dags/01_load_csv.py
[2026-07-10T00:08:45.178+0000] {logging_mixin.py:190} INFO - [2026-07-10T00:08:45.178+0000] {dag.py:3239} INFO - Sync 1 DAGs
[2026-07-10T00:08:45.207+0000] {logging_mixin.py:190} INFO - [2026-07-10T00:08:45.206+0000] {dag.py:4180} INFO - Setting next_dagrun for 01_load_csv to None, run_after=None
[2026-07-10T00:08:45.241+0000] {processor.py:208} INFO - Processing /opt/airflow/dags/01_load_csv.py took 0.298 seconds
[2026-07-10T00:09:16.084+0000] {processor.py:186} INFO - Started process (PID=9625) to work on /opt/airflow/dags/01_load_csv.py
[2026-07-10T00:09:16.087+0000] {processor.py:914} INFO - Processing file /opt/airflow/dags/01_load_csv.py for tasks to queue
[2026-07-10T00:09:16.091+0000] {logging_mixin.py:190} INFO - [2026-07-10T00:09:16.090+0000] {dagbag.py:588} INFO - Filling up the DagBag from /opt/airflow/dags/01_load_csv.py
[2026-07-10T00:09:16.107+0000] {processor.py:925} INFO - DAG(s) '01_load_csv' retrieved from /opt/airflow/dags/01_load_csv.py
[2026-07-10T00:09:16.192+0000] {logging_mixin.py:190} INFO - [2026-07-10T00:09:16.192+0000] {dag.py:3239} INFO - Sync 1 DAGs
[2026-07-10T00:09:16.221+0000] {logging_mixin.py:190} INFO - [2026-07-10T00:09:16.220+0000] {dag.py:4180} INFO - Setting next_dagrun for 01_load_csv to None, run_after=None
[2026-07-10T00:09:16.256+0000] {processor.py:208} INFO - Processing /opt/airflow/dags/01_load_csv.py took 0.184 seconds
[2026-07-10T00:09:46.381+0000] {processor.py:186} INFO - Started process (PID=9669) to work on /opt/airflow/dags/01_load_csv.py
[2026-07-10T00:09:46.382+0000] {processor.py:914} INFO - Processing file /opt/airflow/dags/01_load_csv.py for tasks to queue
[2026-07-10T00:09:46.386+0000] {logging_mixin.py:190} INFO - [2026-07-10T00:09:46.385+0000] {dagbag.py:588} INFO - Filling up the DagBag from /opt/airflow/dags/01_load_csv.py
[2026-07-10T00:09:46.397+0000] {processor.py:925} INFO - DAG(s) '01_load_csv' retrieved from /opt/airflow/dags/01_load_csv.py
[2026-07-10T00:09:46.442+0000] {logging_mixin.py:190} INFO - [2026-07-10T00:09:46.441+0000] {dag.py:3239} INFO - Sync 1 DAGs
[2026-07-10T00:09:46.466+0000] {logging_mixin.py:190} INFO - [2026-07-10T00:09:46.465+0000] {dag.py:4180} INFO - Setting next_dagrun for 01_load_csv to None, run_after=None
[2026-07-10T00:09:46.493+0000] {processor.py:208} INFO - Processing /opt/airflow/dags/01_load_csv.py took 0.123 seconds
[2026-07-10T00:10:16.622+0000] {processor.py:186} INFO - Started process (PID=9704) to work on /opt/airflow/dags/01_load_csv.py
[2026-07-10T00:10:16.625+0000] {processor.py:914} INFO - Processing file /opt/airflow/dags/01_load_csv.py for tasks to queue
[2026-07-10T00:10:16.630+0000] {logging_mixin.py:190} INFO - [2026-07-10T00:10:16.629+0000] {dagbag.py:588} INFO - Filling up the DagBag from /opt/airflow/dags/01_load_csv.py
[2026-07-10T00:10:16.649+0000] {processor.py:925} INFO - DAG(s) '01_load_csv' retrieved from /opt/airflow/dags/01_load_csv.py
[2026-07-10T00:10:16.702+0000] {logging_mixin.py:190} INFO - [2026-07-10T00:10:16.701+0000] {dag.py:3239} INFO - Sync 1 DAGs
[2026-07-10T00:10:16.733+0000] {logging_mixin.py:190} INFO - [2026-07-10T00:10:16.733+0000] {dag.py:4180} INFO - Setting next_dagrun for 01_load_csv to None, run_after=None
[2026-07-10T00:10:16.761+0000] {processor.py:208} INFO - Processing /opt/airflow/dags/01_load_csv.py took 0.150 seconds
[2026-07-10T00:10:46.943+0000] {processor.py:186} INFO - Started process (PID=9739) to work on /opt/airflow/dags/01_load_csv.py
[2026-07-10T00:10:46.944+0000] {processor.py:914} INFO - Processing file /opt/airflow/dags/01_load_csv.py for tasks to queue
[2026-07-10T00:10:46.949+0000] {logging_mixin.py:190} INFO - [2026-07-10T00:10:46.948+0000] {dagbag.py:588} INFO - Filling up the DagBag from /opt/airflow/dags/01_load_csv.py
[2026-07-10T00:10:46.962+0000] {processor.py:925} INFO - DAG(s) '01_load_csv' retrieved from /opt/airflow/dags/01_load_csv.py
[2026-07-10T00:10:47.003+0000] {logging_mixin.py:190} INFO - [2026-07-10T00:10:47.002+0000] {dag.py:3239} INFO - Sync 1 DAGs
[2026-07-10T00:10:47.021+0000] {logging_mixin.py:190} INFO - [2026-07-10T00:10:47.020+0000] {dag.py:4180} INFO - Setting next_dagrun for 01_load_csv to None, run_after=None
[2026-07-10T00:10:47.048+0000] {processor.py:208} INFO - Processing /opt/airflow/dags/01_load_csv.py took 0.121 seconds
[2026-07-10T00:11:17.837+0000] {processor.py:186} INFO - Started process (PID=9774) to work on /opt/airflow/dags/01_load_csv.py
[2026-07-10T00:11:17.841+0000] {processor.py:914} INFO - Processing file /opt/airflow/dags/01_load_csv.py for tasks to queue
[2026-07-10T00:11:17.849+0000] {logging_mixin.py:190} INFO - [2026-07-10T00:11:17.848+0000] {dagbag.py:588} INFO - Filling up the DagBag from /opt/airflow/dags/01_load_csv.py
[2026-07-10T00:11:17.869+0000] {processor.py:925} INFO - DAG(s) '01_load_csv' retrieved from /opt/airflow/dags/01_load_csv.py
[2026-07-10T00:11:17.918+0000] {logging_mixin.py:190} INFO - [2026-07-10T00:11:17.918+0000] {dag.py:3239} INFO - Sync 1 DAGs
[2026-07-10T00:11:17.942+0000] {logging_mixin.py:190} INFO - [2026-07-10T00:11:17.942+0000] {dag.py:4180} INFO - Setting next_dagrun for 01_load_csv to None, run_after=None
[2026-07-10T00:11:17.964+0000] {processor.py:208} INFO - Processing /opt/airflow/dags/01_load_csv.py took 0.168 seconds
[2026-07-10T00:11:48.876+0000] {processor.py:186} INFO - Started process (PID=9809) to work on /opt/airflow/dags/01_load_csv.py
[2026-07-10T00:11:48.876+0000] {processor.py:914} INFO - Processing file /opt/airflow/dags/01_load_csv.py for tasks to queue
[2026-07-10T00:11:48.879+0000] {logging_mixin.py:190} INFO - [2026-07-10T00:11:48.879+0000] {dagbag.py:588} INFO - Filling up the DagBag from /opt/airflow/dags/01_load_csv.py
[2026-07-10T00:11:48.888+0000] {processor.py:925} INFO - DAG(s) '01_load_csv' retrieved from /opt/airflow/dags/01_load_csv.py
[2026-07-10T00:11:48.930+0000] {logging_mixin.py:190} INFO - [2026-07-10T00:11:48.930+0000] {dag.py:3239} INFO - Sync 1 DAGs
[2026-07-10T00:11:48.952+0000] {logging_mixin.py:190} INFO - [2026-07-10T00:11:48.952+0000] {dag.py:4180} INFO - Setting next_dagrun for 01_load_csv to None, run_after=None
[2026-07-10T00:11:48.975+0000] {processor.py:208} INFO - Processing /opt/airflow/dags/01_load_csv.py took 0.105 seconds
[2026-07-10T00:12:19.949+0000] {processor.py:186} INFO - Started process (PID=9844) to work on /opt/airflow/dags/01_load_csv.py
[2026-07-10T00:12:19.951+0000] {processor.py:914} INFO - Processing file /opt/airflow/dags/01_load_csv.py for tasks to queue
[2026-07-10T00:12:19.954+0000] {logging_mixin.py:190} INFO - [2026-07-10T00:12:19.954+0000] {dagbag.py:588} INFO - Filling up the DagBag from /opt/airflow/dags/01_load_csv.py
[2026-07-10T00:12:19.965+0000] {processor.py:925} INFO - DAG(s) '01_load_csv' retrieved from /opt/airflow/dags/01_load_csv.py
[2026-07-10T00:12:19.998+0000] {logging_mixin.py:190} INFO - [2026-07-10T00:12:19.998+0000] {dag.py:3239} INFO - Sync 1 DAGs
[2026-07-10T00:12:20.017+0000] {logging_mixin.py:190} INFO - [2026-07-10T00:12:20.017+0000] {dag.py:4180} INFO - Setting next_dagrun for 01_load_csv to None, run_after=None
[2026-07-10T00:12:20.039+0000] {processor.py:208} INFO - Processing /opt/airflow/dags/01_load_csv.py took 0.099 seconds
[2026-07-10T00:12:51.007+0000] {processor.py:186} INFO - Started process (PID=9879) to work on /opt/airflow/dags/01_load_csv.py
[2026-07-10T00:12:51.009+0000] {processor.py:914} INFO - Processing file /opt/airflow/dags/01_load_csv.py for tasks to queue
[2026-07-10T00:12:51.014+0000] {logging_mixin.py:190} INFO - [2026-07-10T00:12:51.013+0000] {dagbag.py:588} INFO - Filling up the DagBag from /opt/airflow/dags/01_load_csv.py
[2026-07-10T00:12:51.043+0000] {processor.py:925} INFO - DAG(s) '01_load_csv' retrieved from /opt/airflow/dags/01_load_csv.py
[2026-07-10T00:12:51.106+0000] {logging_mixin.py:190} INFO - [2026-07-10T00:12:51.106+0000] {dag.py:3239} INFO - Sync 1 DAGs
[2026-07-10T00:12:51.126+0000] {logging_mixin.py:190} INFO - [2026-07-10T00:12:51.125+0000] {dag.py:4180} INFO - Setting next_dagrun for 01_load_csv to None, run_after=None
[2026-07-10T00:12:51.156+0000] {processor.py:208} INFO - Processing /opt/airflow/dags/01_load_csv.py took 0.169 seconds
[2026-07-10T00:13:22.185+0000] {processor.py:186} INFO - Started process (PID=9914) to work on /opt/airflow/dags/01_load_csv.py
[2026-07-10T00:13:22.188+0000] {processor.py:914} INFO - Processing file /opt/airflow/dags/01_load_csv.py for tasks to queue
[2026-07-10T00:13:22.194+0000] {logging_mixin.py:190} INFO - [2026-07-10T00:13:22.193+0000] {dagbag.py:588} INFO - Filling up the DagBag from /opt/airflow/dags/01_load_csv.py
[2026-07-10T00:13:22.213+0000] {processor.py:925} INFO - DAG(s) '01_load_csv' retrieved from /opt/airflow/dags/01_load_csv.py
[2026-07-10T00:13:22.257+0000] {logging_mixin.py:190} INFO - [2026-07-10T00:13:22.257+0000] {dag.py:3239} INFO - Sync 1 DAGs
[2026-07-10T00:13:22.274+0000] {logging_mixin.py:190} INFO - [2026-07-10T00:13:22.273+0000] {dag.py:4180} INFO - Setting next_dagrun for 01_load_csv to None, run_after=None
[2026-07-10T00:13:22.295+0000] {processor.py:208} INFO - Processing /opt/airflow/dags/01_load_csv.py took 0.145 seconds
[2026-07-10T00:13:53.232+0000] {processor.py:186} INFO - Started process (PID=9949) to work on /opt/airflow/dags/01_load_csv.py
[2026-07-10T00:13:53.236+0000] {processor.py:914} INFO - Processing file /opt/airflow/dags/01_load_csv.py for tasks to queue
[2026-07-10T00:13:53.254+0000] {logging_mixin.py:190} INFO - [2026-07-10T00:13:53.252+0000] {dagbag.py:588} INFO - Filling up the DagBag from /opt/airflow/dags/01_load_csv.py
[2026-07-10T00:13:53.291+0000] {processor.py:925} INFO - DAG(s) '01_load_csv' retrieved from /opt/airflow/dags/01_load_csv.py
[2026-07-10T00:13:53.390+0000] {logging_mixin.py:190} INFO - [2026-07-10T00:13:53.389+0000] {dag.py:3239} INFO - Sync 1 DAGs
[2026-07-10T00:13:53.440+0000] {logging_mixin.py:190} INFO - [2026-07-10T00:13:53.440+0000] {dag.py:4180} INFO - Setting next_dagrun for 01_load_csv to None, run_after=None
[2026-07-10T00:13:53.483+0000] {processor.py:208} INFO - Processing /opt/airflow/dags/01_load_csv.py took 0.284 seconds
[2026-07-10T00:14:24.350+0000] {processor.py:186} INFO - Started process (PID=9984) to work on /opt/airflow/dags/01_load_csv.py
[2026-07-10T00:14:24.351+0000] {processor.py:914} INFO - Processing file /opt/airflow/dags/01_load_csv.py for tasks to queue
[2026-07-10T00:14:24.356+0000] {logging_mixin.py:190} INFO - [2026-07-10T00:14:24.355+0000] {dagbag.py:588} INFO - Filling up the DagBag from /opt/airflow/dags/01_load_csv.py
[2026-07-10T00:14:24.369+0000] {processor.py:925} INFO - DAG(s) '01_load_csv' retrieved from /opt/airflow/dags/01_load_csv.py
[2026-07-10T00:14:24.414+0000] {logging_mixin.py:190} INFO - [2026-07-10T00:14:24.413+0000] {dag.py:3239} INFO - Sync 1 DAGs
[2026-07-10T00:14:24.432+0000] {logging_mixin.py:190} INFO - [2026-07-10T00:14:24.432+0000] {dag.py:4180} INFO - Setting next_dagrun for 01_load_csv to None, run_after=None
[2026-07-10T00:14:24.455+0000] {processor.py:208} INFO - Processing /opt/airflow/dags/01_load_csv.py took 0.121 seconds
[2026-07-10T00:14:55.475+0000] {processor.py:186} INFO - Started process (PID=10019) to work on /opt/airflow/dags/01_load_csv.py
[2026-07-10T00:14:55.477+0000] {processor.py:914} INFO - Processing file /opt/airflow/dags/01_load_csv.py for tasks to queue
[2026-07-10T00:14:55.482+0000] {logging_mixin.py:190} INFO - [2026-07-10T00:14:55.481+0000] {dagbag.py:588} INFO - Filling up the DagBag from /opt/airflow/dags/01_load_csv.py
[2026-07-10T00:14:55.499+0000] {processor.py:925} INFO - DAG(s) '01_load_csv' retrieved from /opt/airflow/dags/01_load_csv.py
[2026-07-10T00:14:55.578+0000] {logging_mixin.py:190} INFO - [2026-07-10T00:14:55.577+0000] {dag.py:3239} INFO - Sync 1 DAGs
[2026-07-10T00:14:55.612+0000] {logging_mixin.py:190} INFO - [2026-07-10T00:14:55.612+0000] {dag.py:4180} INFO - Setting next_dagrun for 01_load_csv to None, run_after=None
[2026-07-10T00:14:55.640+0000] {processor.py:208} INFO - Processing /opt/airflow/dags/01_load_csv.py took 0.196 seconds
[2026-07-10T00:15:26.501+0000] {processor.py:186} INFO - Started process (PID=10054) to work on /opt/airflow/dags/01_load_csv.py
[2026-07-10T00:15:26.504+0000] {processor.py:914} INFO - Processing file /opt/airflow/dags/01_load_csv.py for tasks to queue
[2026-07-10T00:15:26.508+0000] {logging_mixin.py:190} INFO - [2026-07-10T00:15:26.508+0000] {dagbag.py:588} INFO - Filling up the DagBag from /opt/airflow/dags/01_load_csv.py
[2026-07-10T00:15:26.523+0000] {processor.py:925} INFO - DAG(s) '01_load_csv' retrieved from /opt/airflow/dags/01_load_csv.py
[2026-07-10T00:15:26.565+0000] {logging_mixin.py:190} INFO - [2026-07-10T00:15:26.565+0000] {dag.py:3239} INFO - Sync 1 DAGs
[2026-07-10T00:15:26.588+0000] {logging_mixin.py:190} INFO - [2026-07-10T00:15:26.587+0000] {dag.py:4180} INFO - Setting next_dagrun for 01_load_csv to None, run_after=None
[2026-07-10T00:15:26.620+0000] {processor.py:208} INFO - Processing /opt/airflow/dags/01_load_csv.py took 0.134 seconds
[2026-07-10T00:15:57.450+0000] {processor.py:186} INFO - Started process (PID=10089) to work on /opt/airflow/dags/01_load_csv.py
[2026-07-10T00:15:57.452+0000] {processor.py:914} INFO - Processing file /opt/airflow/dags/01_load_csv.py for tasks to queue
[2026-07-10T00:15:57.458+0000] {logging_mixin.py:190} INFO - [2026-07-10T00:15:57.457+0000] {dagbag.py:588} INFO - Filling up the DagBag from /opt/airflow/dags/01_load_csv.py
[2026-07-10T00:15:57.475+0000] {processor.py:925} INFO - DAG(s) '01_load_csv' retrieved from /opt/airflow/dags/01_load_csv.py
[2026-07-10T00:15:57.537+0000] {logging_mixin.py:190} INFO - [2026-07-10T00:15:57.536+0000] {dag.py:3239} INFO - Sync 1 DAGs
[2026-07-10T00:15:57.563+0000] {logging_mixin.py:190} INFO - [2026-07-10T00:15:57.562+0000] {dag.py:4180} INFO - Setting next_dagrun for 01_load_csv to None, run_after=None
[2026-07-10T00:15:57.598+0000] {processor.py:208} INFO - Processing /opt/airflow/dags/01_load_csv.py took 0.173 seconds
[2026-07-10T00:16:28.527+0000] {processor.py:186} INFO - Started process (PID=10124) to work on /opt/airflow/dags/01_load_csv.py
[2026-07-10T00:16:28.529+0000] {processor.py:914} INFO - Processing file /opt/airflow/dags/01_load_csv.py for tasks to queue
[2026-07-10T00:16:28.533+0000] {logging_mixin.py:190} INFO - [2026-07-10T00:16:28.532+0000] {dagbag.py:588} INFO - Filling up the DagBag from /opt/airflow/dags/01_load_csv.py
[2026-07-10T00:16:28.546+0000] {processor.py:925} INFO - DAG(s) '01_load_csv' retrieved from /opt/airflow/dags/01_load_csv.py
[2026-07-10T00:16:28.601+0000] {logging_mixin.py:190} INFO - [2026-07-10T00:16:28.601+0000] {dag.py:3239} INFO - Sync 1 DAGs
[2026-07-10T00:16:28.626+0000] {logging_mixin.py:190} INFO - [2026-07-10T00:16:28.625+0000] {dag.py:4180} INFO - Setting next_dagrun for 01_load_csv to None, run_after=None
[2026-07-10T00:16:28.657+0000] {processor.py:208} INFO - Processing /opt/airflow/dags/01_load_csv.py took 0.142 seconds
[2026-07-10T00:16:59.486+0000] {processor.py:186} INFO - Started process (PID=10159) to work on /opt/airflow/dags/01_load_csv.py
[2026-07-10T00:16:59.487+0000] {processor.py:914} INFO - Processing file /opt/airflow/dags/01_load_csv.py for tasks to queue
[2026-07-10T00:16:59.496+0000] {logging_mixin.py:190} INFO - [2026-07-10T00:16:59.494+0000] {dagbag.py:588} INFO - Filling up the DagBag from /opt/airflow/dags/01_load_csv.py
[2026-07-10T00:16:59.518+0000] {processor.py:925} INFO - DAG(s) '01_load_csv' retrieved from /opt/airflow/dags/01_load_csv.py
[2026-07-10T00:16:59.569+0000] {logging_mixin.py:190} INFO - [2026-07-10T00:16:59.568+0000] {dag.py:3239} INFO - Sync 1 DAGs
[2026-07-10T00:16:59.593+0000] {logging_mixin.py:190} INFO - [2026-07-10T00:16:59.592+0000] {dag.py:4180} INFO - Setting next_dagrun for 01_load_csv to None, run_after=None
[2026-07-10T00:16:59.620+0000] {processor.py:208} INFO - Processing /opt/airflow/dags/01_load_csv.py took 0.156 seconds
[2026-07-10T00:17:29.758+0000] {processor.py:186} INFO - Started process (PID=10194) to work on /opt/airflow/dags/01_load_csv.py
[2026-07-10T00:17:29.760+0000] {processor.py:914} INFO - Processing file /opt/airflow/dags/01_load_csv.py for tasks to queue
[2026-07-10T00:17:29.769+0000] {logging_mixin.py:190} INFO - [2026-07-10T00:17:29.768+0000] {dagbag.py:588} INFO - Filling up the DagBag from /opt/airflow/dags/01_load_csv.py
[2026-07-10T00:17:29.788+0000] {processor.py:925} INFO - DAG(s) '01_load_csv' retrieved from /opt/airflow/dags/01_load_csv.py
[2026-07-10T00:17:29.843+0000] {logging_mixin.py:190} INFO - [2026-07-10T00:17:29.843+0000] {dag.py:3239} INFO - Sync 1 DAGs
[2026-07-10T00:17:29.864+0000] {logging_mixin.py:190} INFO - [2026-07-10T00:17:29.863+0000] {dag.py:4180} INFO - Setting next_dagrun for 01_load_csv to None, run_after=None
[2026-07-10T00:17:29.891+0000] {processor.py:208} INFO - Processing /opt/airflow/dags/01_load_csv.py took 0.148 seconds
[2026-07-10T00:18:00.121+0000] {processor.py:186} INFO - Started process (PID=10229) to work on /opt/airflow/dags/01_load_csv.py
[2026-07-10T00:18:00.122+0000] {processor.py:914} INFO - Processing file /opt/airflow/dags/01_load_csv.py for tasks to queue
[2026-07-10T00:18:00.127+0000] {logging_mixin.py:190} INFO - [2026-07-10T00:18:00.126+0000] {dagbag.py:588} INFO - Filling up the DagBag from /opt/airflow/dags/01_load_csv.py
[2026-07-10T00:18:00.144+0000] {processor.py:925} INFO - DAG(s) '01_load_csv' retrieved from /opt/airflow/dags/01_load_csv.py
[2026-07-10T00:18:00.189+0000] {logging_mixin.py:190} INFO - [2026-07-10T00:18:00.189+0000] {dag.py:3239} INFO - Sync 1 DAGs
[2026-07-10T00:18:00.211+0000] {logging_mixin.py:190} INFO - [2026-07-10T00:18:00.211+0000] {dag.py:4180} INFO - Setting next_dagrun for 01_load_csv to None, run_after=None
[2026-07-10T00:18:00.239+0000] {processor.py:208} INFO - Processing /opt/airflow/dags/01_load_csv.py took 0.135 seconds
[2026-07-10T00:18:30.350+0000] {processor.py:186} INFO - Started process (PID=10264) to work on /opt/airflow/dags/01_load_csv.py
[2026-07-10T00:18:30.352+0000] {processor.py:914} INFO - Processing file /opt/airflow/dags/01_load_csv.py for tasks to queue
[2026-07-10T00:18:30.356+0000] {logging_mixin.py:190} INFO - [2026-07-10T00:18:30.355+0000] {dagbag.py:588} INFO - Filling up the DagBag from /opt/airflow/dags/01_load_csv.py
[2026-07-10T00:18:30.367+0000] {processor.py:925} INFO - DAG(s) '01_load_csv' retrieved from /opt/airflow/dags/01_load_csv.py
[2026-07-10T00:18:30.412+0000] {logging_mixin.py:190} INFO - [2026-07-10T00:18:30.412+0000] {dag.py:3239} INFO - Sync 1 DAGs
[2026-07-10T00:18:30.436+0000] {logging_mixin.py:190} INFO - [2026-07-10T00:18:30.435+0000] {dag.py:4180} INFO - Setting next_dagrun for 01_load_csv to None, run_after=None
[2026-07-10T00:18:30.460+0000] {processor.py:208} INFO - Processing /opt/airflow/dags/01_load_csv.py took 0.119 seconds
[2026-07-10T00:19:01.499+0000] {processor.py:186} INFO - Started process (PID=10301) to work on /opt/airflow/dags/01_load_csv.py
[2026-07-10T00:19:01.501+0000] {processor.py:914} INFO - Processing file /opt/airflow/dags/01_load_csv.py for tasks to queue
[2026-07-10T00:19:01.504+0000] {logging_mixin.py:190} INFO - [2026-07-10T00:19:01.503+0000] {dagbag.py:588} INFO - Filling up the DagBag from /opt/airflow/dags/01_load_csv.py
[2026-07-10T00:19:01.513+0000] {processor.py:925} INFO - DAG(s) '01_load_csv' retrieved from /opt/airflow/dags/01_load_csv.py
[2026-07-10T00:19:01.556+0000] {logging_mixin.py:190} INFO - [2026-07-10T00:19:01.556+0000] {dag.py:3239} INFO - Sync 1 DAGs
[2026-07-10T00:19:01.575+0000] {logging_mixin.py:190} INFO - [2026-07-10T00:19:01.575+0000] {dag.py:4180} INFO - Setting next_dagrun for 01_load_csv to None, run_after=None
[2026-07-10T00:19:01.607+0000] {processor.py:208} INFO - Processing /opt/airflow/dags/01_load_csv.py took 0.113 seconds
[2026-07-10T00:19:32.699+0000] {processor.py:186} INFO - Started process (PID=10334) to work on /opt/airflow/dags/01_load_csv.py
[2026-07-10T00:19:32.701+0000] {processor.py:914} INFO - Processing file /opt/airflow/dags/01_load_csv.py for tasks to queue
[2026-07-10T00:19:32.706+0000] {logging_mixin.py:190} INFO - [2026-07-10T00:19:32.705+0000] {dagbag.py:588} INFO - Filling up the DagBag from /opt/airflow/dags/01_load_csv.py
[2026-07-10T00:19:32.722+0000] {processor.py:925} INFO - DAG(s) '01_load_csv' retrieved from /opt/airflow/dags/01_load_csv.py
[2026-07-10T00:19:32.781+0000] {logging_mixin.py:190} INFO - [2026-07-10T00:19:32.780+0000] {dag.py:3239} INFO - Sync 1 DAGs
[2026-07-10T00:19:32.813+0000] {logging_mixin.py:190} INFO - [2026-07-10T00:19:32.813+0000] {dag.py:4180} INFO - Setting next_dagrun for 01_load_csv to None, run_after=None
[2026-07-10T00:19:32.853+0000] {processor.py:208} INFO - Processing /opt/airflow/dags/01_load_csv.py took 0.171 seconds
[2026-07-10T00:20:02.923+0000] {processor.py:186} INFO - Started process (PID=10369) to work on /opt/airflow/dags/01_load_csv.py
[2026-07-10T00:20:02.924+0000] {processor.py:914} INFO - Processing file /opt/airflow/dags/01_load_csv.py for tasks to queue
[2026-07-10T00:20:02.926+0000] {logging_mixin.py:190} INFO - [2026-07-10T00:20:02.925+0000] {dagbag.py:588} INFO - Filling up the DagBag from /opt/airflow/dags/01_load_csv.py
[2026-07-10T00:20:02.936+0000] {processor.py:925} INFO - DAG(s) '01_load_csv' retrieved from /opt/airflow/dags/01_load_csv.py
[2026-07-10T00:20:02.973+0000] {logging_mixin.py:190} INFO - [2026-07-10T00:20:02.973+0000] {dag.py:3239} INFO - Sync 1 DAGs
[2026-07-10T00:20:02.992+0000] {logging_mixin.py:190} INFO - [2026-07-10T00:20:02.992+0000] {dag.py:4180} INFO - Setting next_dagrun for 01_load_csv to None, run_after=None
[2026-07-10T00:20:03.016+0000] {processor.py:208} INFO - Processing /opt/airflow/dags/01_load_csv.py took 0.100 seconds
[2026-07-10T00:20:33.929+0000] {processor.py:186} INFO - Started process (PID=10406) to work on /opt/airflow/dags/01_load_csv.py
[2026-07-10T00:20:33.931+0000] {processor.py:914} INFO - Processing file /opt/airflow/dags/01_load_csv.py for tasks to queue
[2026-07-10T00:20:33.934+0000] {logging_mixin.py:190} INFO - [2026-07-10T00:20:33.933+0000] {dagbag.py:588} INFO - Filling up the DagBag from /opt/airflow/dags/01_load_csv.py
[2026-07-10T00:20:33.943+0000] {processor.py:925} INFO - DAG(s) '01_load_csv' retrieved from /opt/airflow/dags/01_load_csv.py
[2026-07-10T00:20:33.979+0000] {logging_mixin.py:190} INFO - [2026-07-10T00:20:33.978+0000] {dag.py:3239} INFO - Sync 1 DAGs
[2026-07-10T00:20:33.996+0000] {logging_mixin.py:190} INFO - [2026-07-10T00:20:33.995+0000] {dag.py:4180} INFO - Setting next_dagrun for 01_load_csv to None, run_after=None
[2026-07-10T00:20:34.020+0000] {processor.py:208} INFO - Processing /opt/airflow/dags/01_load_csv.py took 0.101 seconds
[2026-07-10T00:21:04.975+0000] {processor.py:186} INFO - Started process (PID=10439) to work on /opt/airflow/dags/01_load_csv.py
[2026-07-10T00:21:04.979+0000] {processor.py:914} INFO - Processing file /opt/airflow/dags/01_load_csv.py for tasks to queue
[2026-07-10T00:21:04.984+0000] {logging_mixin.py:190} INFO - [2026-07-10T00:21:04.984+0000] {dagbag.py:588} INFO - Filling up the DagBag from /opt/airflow/dags/01_load_csv.py
[2026-07-10T00:21:04.997+0000] {processor.py:925} INFO - DAG(s) '01_load_csv' retrieved from /opt/airflow/dags/01_load_csv.py
[2026-07-10T00:21:05.038+0000] {logging_mixin.py:190} INFO - [2026-07-10T00:21:05.037+0000] {dag.py:3239} INFO - Sync 1 DAGs
[2026-07-10T00:21:05.054+0000] {logging_mixin.py:190} INFO - [2026-07-10T00:21:05.054+0000] {dag.py:4180} INFO - Setting next_dagrun for 01_load_csv to None, run_after=None
[2026-07-10T00:21:05.073+0000] {processor.py:208} INFO - Processing /opt/airflow/dags/01_load_csv.py took 0.110 seconds
[2026-07-10T00:21:36.001+0000] {processor.py:186} INFO - Started process (PID=10474) to work on /opt/airflow/dags/01_load_csv.py
[2026-07-10T00:21:36.002+0000] {processor.py:914} INFO - Processing file /opt/airflow/dags/01_load_csv.py for tasks to queue
[2026-07-10T00:21:36.006+0000] {logging_mixin.py:190} INFO - [2026-07-10T00:21:36.005+0000] {dagbag.py:588} INFO - Filling up the DagBag from /opt/airflow/dags/01_load_csv.py
[2026-07-10T00:21:36.020+0000] {processor.py:925} INFO - DAG(s) '01_load_csv' retrieved from /opt/airflow/dags/01_load_csv.py
[2026-07-10T00:21:36.070+0000] {logging_mixin.py:190} INFO - [2026-07-10T00:21:36.070+0000] {dag.py:3239} INFO - Sync 1 DAGs
[2026-07-10T00:21:36.093+0000] {logging_mixin.py:190} INFO - [2026-07-10T00:21:36.093+0000] {dag.py:4180} INFO - Setting next_dagrun for 01_load_csv to None, run_after=None
[2026-07-10T00:21:36.119+0000] {processor.py:208} INFO - Processing /opt/airflow/dags/01_load_csv.py took 0.126 seconds
[2026-07-10T00:22:07.211+0000] {processor.py:186} INFO - Started process (PID=10509) to work on /opt/airflow/dags/01_load_csv.py
[2026-07-10T00:22:07.213+0000] {processor.py:914} INFO - Processing file /opt/airflow/dags/01_load_csv.py for tasks to queue
[2026-07-10T00:22:07.216+0000] {logging_mixin.py:190} INFO - [2026-07-10T00:22:07.215+0000] {dagbag.py:588} INFO - Filling up the DagBag from /opt/airflow/dags/01_load_csv.py
[2026-07-10T00:22:07.225+0000] {processor.py:925} INFO - DAG(s) '01_load_csv' retrieved from /opt/airflow/dags/01_load_csv.py
[2026-07-10T00:22:07.260+0000] {logging_mixin.py:190} INFO - [2026-07-10T00:22:07.259+0000] {dag.py:3239} INFO - Sync 1 DAGs
[2026-07-10T00:22:07.275+0000] {logging_mixin.py:190} INFO - [2026-07-10T00:22:07.275+0000] {dag.py:4180} INFO - Setting next_dagrun for 01_load_csv to None, run_after=None
[2026-07-10T00:22:07.298+0000] {processor.py:208} INFO - Processing /opt/airflow/dags/01_load_csv.py took 0.095 seconds
[2026-07-10T00:22:38.272+0000] {processor.py:186} INFO - Started process (PID=10546) to work on /opt/airflow/dags/01_load_csv.py
[2026-07-10T00:22:38.273+0000] {processor.py:914} INFO - Processing file /opt/airflow/dags/01_load_csv.py for tasks to queue
[2026-07-10T00:22:38.275+0000] {logging_mixin.py:190} INFO - [2026-07-10T00:22:38.275+0000] {dagbag.py:588} INFO - Filling up the DagBag from /opt/airflow/dags/01_load_csv.py
[2026-07-10T00:22:38.286+0000] {processor.py:925} INFO - DAG(s) '01_load_csv' retrieved from /opt/airflow/dags/01_load_csv.py
[2026-07-10T00:22:38.322+0000] {logging_mixin.py:190} INFO - [2026-07-10T00:22:38.322+0000] {dag.py:3239} INFO - Sync 1 DAGs
[2026-07-10T00:22:38.342+0000] {logging_mixin.py:190} INFO - [2026-07-10T00:22:38.342+0000] {dag.py:4180} INFO - Setting next_dagrun for 01_load_csv to None, run_after=None
[2026-07-10T00:22:38.361+0000] {processor.py:208} INFO - Processing /opt/airflow/dags/01_load_csv.py took 0.097 seconds
[2026-07-10T00:23:09.405+0000] {processor.py:186} INFO - Started process (PID=10579) to work on /opt/airflow/dags/01_load_csv.py
[2026-07-10T00:23:09.406+0000] {processor.py:914} INFO - Processing file /opt/airflow/dags/01_load_csv.py for tasks to queue
[2026-07-10T00:23:09.409+0000] {logging_mixin.py:190} INFO - [2026-07-10T00:23:09.409+0000] {dagbag.py:588} INFO - Filling up the DagBag from /opt/airflow/dags/01_load_csv.py
[2026-07-10T00:23:09.419+0000] {processor.py:925} INFO - DAG(s) '01_load_csv' retrieved from /opt/airflow/dags/01_load_csv.py
[2026-07-10T00:23:09.458+0000] {logging_mixin.py:190} INFO - [2026-07-10T00:23:09.458+0000] {dag.py:3239} INFO - Sync 1 DAGs
[2026-07-10T00:23:09.474+0000] {logging_mixin.py:190} INFO - [2026-07-10T00:23:09.474+0000] {dag.py:4180} INFO - Setting next_dagrun for 01_load_csv to None, run_after=None
[2026-07-10T00:23:09.497+0000] {processor.py:208} INFO - Processing /opt/airflow/dags/01_load_csv.py took 0.101 seconds
[2026-07-10T00:23:39.706+0000] {processor.py:186} INFO - Started process (PID=10614) to work on /opt/airflow/dags/01_load_csv.py
[2026-07-10T00:23:39.707+0000] {processor.py:914} INFO - Processing file /opt/airflow/dags/01_load_csv.py for tasks to queue
[2026-07-10T00:23:39.710+0000] {logging_mixin.py:190} INFO - [2026-07-10T00:23:39.709+0000] {dagbag.py:588} INFO - Filling up the DagBag from /opt/airflow/dags/01_load_csv.py
[2026-07-10T00:23:39.721+0000] {processor.py:925} INFO - DAG(s) '01_load_csv' retrieved from /opt/airflow/dags/01_load_csv.py
[2026-07-10T00:23:39.760+0000] {logging_mixin.py:190} INFO - [2026-07-10T00:23:39.760+0000] {dag.py:3239} INFO - Sync 1 DAGs
[2026-07-10T00:23:39.779+0000] {logging_mixin.py:190} INFO - [2026-07-10T00:23:39.779+0000] {dag.py:4180} INFO - Setting next_dagrun for 01_load_csv to None, run_after=None
[2026-07-10T00:23:39.800+0000] {processor.py:208} INFO - Processing /opt/airflow/dags/01_load_csv.py took 0.104 seconds
[2026-07-10T00:24:10.841+0000] {processor.py:186} INFO - Started process (PID=10649) to work on /opt/airflow/dags/01_load_csv.py
[2026-07-10T00:24:10.843+0000] {processor.py:914} INFO - Processing file /opt/airflow/dags/01_load_csv.py for tasks to queue
[2026-07-10T00:24:10.846+0000] {logging_mixin.py:190} INFO - [2026-07-10T00:24:10.845+0000] {dagbag.py:588} INFO - Filling up the DagBag from /opt/airflow/dags/01_load_csv.py
[2026-07-10T00:24:10.856+0000] {processor.py:925} INFO - DAG(s) '01_load_csv' retrieved from /opt/airflow/dags/01_load_csv.py
[2026-07-10T00:24:10.897+0000] {logging_mixin.py:190} INFO - [2026-07-10T00:24:10.897+0000] {dag.py:3239} INFO - Sync 1 DAGs
[2026-07-10T00:24:10.915+0000] {logging_mixin.py:190} INFO - [2026-07-10T00:24:10.915+0000] {dag.py:4180} INFO - Setting next_dagrun for 01_load_csv to None, run_after=None
[2026-07-10T00:24:10.942+0000] {processor.py:208} INFO - Processing /opt/airflow/dags/01_load_csv.py took 0.109 seconds
[2026-07-10T00:24:41.986+0000] {processor.py:186} INFO - Started process (PID=10684) to work on /opt/airflow/dags/01_load_csv.py
[2026-07-10T00:24:41.987+0000] {processor.py:914} INFO - Processing file /opt/airflow/dags/01_load_csv.py for tasks to queue
[2026-07-10T00:24:41.991+0000] {logging_mixin.py:190} INFO - [2026-07-10T00:24:41.990+0000] {dagbag.py:588} INFO - Filling up the DagBag from /opt/airflow/dags/01_load_csv.py
[2026-07-10T00:24:42.006+0000] {processor.py:925} INFO - DAG(s) '01_load_csv' retrieved from /opt/airflow/dags/01_load_csv.py
[2026-07-10T00:24:42.072+0000] {logging_mixin.py:190} INFO - [2026-07-10T00:24:42.072+0000] {dag.py:3239} INFO - Sync 1 DAGs
[2026-07-10T00:24:42.096+0000] {logging_mixin.py:190} INFO - [2026-07-10T00:24:42.095+0000] {dag.py:4180} INFO - Setting next_dagrun for 01_load_csv to None, run_after=None
[2026-07-10T00:24:42.125+0000] {processor.py:208} INFO - Processing /opt/airflow/dags/01_load_csv.py took 0.146 seconds
[2026-07-10T00:25:12.275+0000] {processor.py:186} INFO - Started process (PID=10719) to work on /opt/airflow/dags/01_load_csv.py
[2026-07-10T00:25:12.277+0000] {processor.py:914} INFO - Processing file /opt/airflow/dags/01_load_csv.py for tasks to queue
[2026-07-10T00:25:12.280+0000] {logging_mixin.py:190} INFO - [2026-07-10T00:25:12.280+0000] {dagbag.py:588} INFO - Filling up the DagBag from /opt/airflow/dags/01_load_csv.py
[2026-07-10T00:25:12.292+0000] {processor.py:925} INFO - DAG(s) '01_load_csv' retrieved from /opt/airflow/dags/01_load_csv.py
[2026-07-10T00:25:12.339+0000] {logging_mixin.py:190} INFO - [2026-07-10T00:25:12.338+0000] {dag.py:3239} INFO - Sync 1 DAGs
[2026-07-10T00:25:12.358+0000] {logging_mixin.py:190} INFO - [2026-07-10T00:25:12.358+0000] {dag.py:4180} INFO - Setting next_dagrun for 01_load_csv to None, run_after=None
[2026-07-10T00:25:12.383+0000] {processor.py:208} INFO - Processing /opt/airflow/dags/01_load_csv.py took 0.116 seconds
[2026-07-10T00:25:43.528+0000] {processor.py:186} INFO - Started process (PID=10754) to work on /opt/airflow/dags/01_load_csv.py
[2026-07-10T00:25:43.529+0000] {processor.py:914} INFO - Processing file /opt/airflow/dags/01_load_csv.py for tasks to queue
[2026-07-10T00:25:43.532+0000] {logging_mixin.py:190} INFO - [2026-07-10T00:25:43.532+0000] {dagbag.py:588} INFO - Filling up the DagBag from /opt/airflow/dags/01_load_csv.py
[2026-07-10T00:25:43.543+0000] {processor.py:925} INFO - DAG(s) '01_load_csv' retrieved from /opt/airflow/dags/01_load_csv.py
[2026-07-10T00:25:43.576+0000] {logging_mixin.py:190} INFO - [2026-07-10T00:25:43.576+0000] {dag.py:3239} INFO - Sync 1 DAGs
[2026-07-10T00:25:43.592+0000] {logging_mixin.py:190} INFO - [2026-07-10T00:25:43.591+0000] {dag.py:4180} INFO - Setting next_dagrun for 01_load_csv to None, run_after=None
[2026-07-10T00:25:43.610+0000] {processor.py:208} INFO - Processing /opt/airflow/dags/01_load_csv.py took 0.090 seconds
[2026-07-10T00:26:14.534+0000] {processor.py:186} INFO - Started process (PID=10789) to work on /opt/airflow/dags/01_load_csv.py
[2026-07-10T00:26:14.535+0000] {processor.py:914} INFO - Processing file /opt/airflow/dags/01_load_csv.py for tasks to queue
[2026-07-10T00:26:14.538+0000] {logging_mixin.py:190} INFO - [2026-07-10T00:26:14.537+0000] {dagbag.py:588} INFO - Filling up the DagBag from /opt/airflow/dags/01_load_csv.py
[2026-07-10T00:26:14.549+0000] {processor.py:925} INFO - DAG(s) '01_load_csv' retrieved from /opt/airflow/dags/01_load_csv.py
[2026-07-10T00:26:14.588+0000] {logging_mixin.py:190} INFO - [2026-07-10T00:26:14.588+0000] {dag.py:3239} INFO - Sync 1 DAGs
[2026-07-10T00:26:14.606+0000] {logging_mixin.py:190} INFO - [2026-07-10T00:26:14.606+0000] {dag.py:4180} INFO - Setting next_dagrun for 01_load_csv to None, run_after=None
[2026-07-10T00:26:14.628+0000] {processor.py:208} INFO - Processing /opt/airflow/dags/01_load_csv.py took 0.103 seconds
[2026-07-10T00:26:45.740+0000] {processor.py:186} INFO - Started process (PID=10824) to work on /opt/airflow/dags/01_load_csv.py
[2026-07-10T00:26:45.742+0000] {processor.py:914} INFO - Processing file /opt/airflow/dags/01_load_csv.py for tasks to queue
[2026-07-10T00:26:45.748+0000] {logging_mixin.py:190} INFO - [2026-07-10T00:26:45.747+0000] {dagbag.py:588} INFO - Filling up the DagBag from /opt/airflow/dags/01_load_csv.py
[2026-07-10T00:26:45.768+0000] {processor.py:925} INFO - DAG(s) '01_load_csv' retrieved from /opt/airflow/dags/01_load_csv.py
[2026-07-10T00:26:45.839+0000] {logging_mixin.py:190} INFO - [2026-07-10T00:26:45.839+0000] {dag.py:3239} INFO - Sync 1 DAGs
[2026-07-10T00:26:45.870+0000] {logging_mixin.py:190} INFO - [2026-07-10T00:26:45.869+0000] {dag.py:4180} INFO - Setting next_dagrun for 01_load_csv to None, run_after=None
[2026-07-10T00:26:45.902+0000] {processor.py:208} INFO - Processing /opt/airflow/dags/01_load_csv.py took 0.183 seconds
[2026-07-10T00:27:16.106+0000] {processor.py:186} INFO - Started process (PID=10859) to work on /opt/airflow/dags/01_load_csv.py
[2026-07-10T00:27:16.108+0000] {processor.py:914} INFO - Processing file /opt/airflow/dags/01_load_csv.py for tasks to queue
[2026-07-10T00:27:16.111+0000] {logging_mixin.py:190} INFO - [2026-07-10T00:27:16.111+0000] {dagbag.py:588} INFO - Filling up the DagBag from /opt/airflow/dags/01_load_csv.py
[2026-07-10T00:27:16.126+0000] {processor.py:925} INFO - DAG(s) '01_load_csv' retrieved from /opt/airflow/dags/01_load_csv.py
[2026-07-10T00:27:16.183+0000] {logging_mixin.py:190} INFO - [2026-07-10T00:27:16.183+0000] {dag.py:3239} INFO - Sync 1 DAGs
[2026-07-10T00:27:16.209+0000] {logging_mixin.py:190} INFO - [2026-07-10T00:27:16.209+0000] {dag.py:4180} INFO - Setting next_dagrun for 01_load_csv to None, run_after=None
[2026-07-10T00:27:16.239+0000] {processor.py:208} INFO - Processing /opt/airflow/dags/01_load_csv.py took 0.144 seconds
[2026-07-10T00:27:46.512+0000] {processor.py:186} INFO - Started process (PID=10894) to work on /opt/airflow/dags/01_load_csv.py
[2026-07-10T00:27:46.513+0000] {processor.py:914} INFO - Processing file /opt/airflow/dags/01_load_csv.py for tasks to queue
[2026-07-10T00:27:46.516+0000] {logging_mixin.py:190} INFO - [2026-07-10T00:27:46.516+0000] {dagbag.py:588} INFO - Filling up the DagBag from /opt/airflow/dags/01_load_csv.py
[2026-07-10T00:27:46.528+0000] {processor.py:925} INFO - DAG(s) '01_load_csv' retrieved from /opt/airflow/dags/01_load_csv.py
[2026-07-10T00:27:46.568+0000] {logging_mixin.py:190} INFO - [2026-07-10T00:27:46.568+0000] {dag.py:3239} INFO - Sync 1 DAGs
[2026-07-10T00:27:46.585+0000] {logging_mixin.py:190} INFO - [2026-07-10T00:27:46.584+0000] {dag.py:4180} INFO - Setting next_dagrun for 01_load_csv to None, run_after=None
[2026-07-10T00:27:46.614+0000] {processor.py:208} INFO - Processing /opt/airflow/dags/01_load_csv.py took 0.116 seconds
[2026-07-10T00:28:17.580+0000] {processor.py:186} INFO - Started process (PID=10929) to work on /opt/airflow/dags/01_load_csv.py
[2026-07-10T00:28:17.582+0000] {processor.py:914} INFO - Processing file /opt/airflow/dags/01_load_csv.py for tasks to queue
[2026-07-10T00:28:17.592+0000] {logging_mixin.py:190} INFO - [2026-07-10T00:28:17.589+0000] {dagbag.py:588} INFO - Filling up the DagBag from /opt/airflow/dags/01_load_csv.py
[2026-07-10T00:28:17.617+0000] {processor.py:925} INFO - DAG(s) '01_load_csv' retrieved from /opt/airflow/dags/01_load_csv.py
[2026-07-10T00:28:17.671+0000] {logging_mixin.py:190} INFO - [2026-07-10T00:28:17.671+0000] {dag.py:3239} INFO - Sync 1 DAGs
[2026-07-10T00:28:17.695+0000] {logging_mixin.py:190} INFO - [2026-07-10T00:28:17.695+0000] {dag.py:4180} INFO - Setting next_dagrun for 01_load_csv to None, run_after=None
[2026-07-10T00:28:17.720+0000] {processor.py:208} INFO - Processing /opt/airflow/dags/01_load_csv.py took 0.156 seconds
[2026-07-10T00:28:48.661+0000] {processor.py:186} INFO - Started process (PID=10964) to work on /opt/airflow/dags/01_load_csv.py
[2026-07-10T00:28:48.661+0000] {processor.py:914} INFO - Processing file /opt/airflow/dags/01_load_csv.py for tasks to queue
[2026-07-10T00:28:48.663+0000] {logging_mixin.py:190} INFO - [2026-07-10T00:28:48.663+0000] {dagbag.py:588} INFO - Filling up the DagBag from /opt/airflow/dags/01_load_csv.py
[2026-07-10T00:28:48.672+0000] {processor.py:925} INFO - DAG(s) '01_load_csv' retrieved from /opt/airflow/dags/01_load_csv.py
[2026-07-10T00:28:48.714+0000] {logging_mixin.py:190} INFO - [2026-07-10T00:28:48.713+0000] {dag.py:3239} INFO - Sync 1 DAGs
[2026-07-10T00:28:48.738+0000] {logging_mixin.py:190} INFO - [2026-07-10T00:28:48.738+0000] {dag.py:4180} INFO - Setting next_dagrun for 01_load_csv to None, run_after=None
[2026-07-10T00:28:48.769+0000] {processor.py:208} INFO - Processing /opt/airflow/dags/01_load_csv.py took 0.117 seconds
[2026-07-10T00:29:19.707+0000] {processor.py:186} INFO - Started process (PID=10999) to work on /opt/airflow/dags/01_load_csv.py
[2026-07-10T00:29:19.712+0000] {processor.py:914} INFO - Processing file /opt/airflow/dags/01_load_csv.py for tasks to queue
[2026-07-10T00:29:19.717+0000] {logging_mixin.py:190} INFO - [2026-07-10T00:29:19.716+0000] {dagbag.py:588} INFO - Filling up the DagBag from /opt/airflow/dags/01_load_csv.py
[2026-07-10T00:29:19.736+0000] {processor.py:925} INFO - DAG(s) '01_load_csv' retrieved from /opt/airflow/dags/01_load_csv.py
[2026-07-10T00:29:19.792+0000] {logging_mixin.py:190} INFO - [2026-07-10T00:29:19.792+0000] {dag.py:3239} INFO - Sync 1 DAGs
[2026-07-10T00:29:19.811+0000] {logging_mixin.py:190} INFO - [2026-07-10T00:29:19.810+0000] {dag.py:4180} INFO - Setting next_dagrun for 01_load_csv to None, run_after=None
[2026-07-10T00:29:19.834+0000] {processor.py:208} INFO - Processing /opt/airflow/dags/01_load_csv.py took 0.143 seconds
[2026-07-10T00:29:50.006+0000] {processor.py:186} INFO - Started process (PID=11034) to work on /opt/airflow/dags/01_load_csv.py
[2026-07-10T00:29:50.007+0000] {processor.py:914} INFO - Processing file /opt/airflow/dags/01_load_csv.py for tasks to queue
[2026-07-10T00:29:50.015+0000] {logging_mixin.py:190} INFO - [2026-07-10T00:29:50.013+0000] {dagbag.py:588} INFO - Filling up the DagBag from /opt/airflow/dags/01_load_csv.py
[2026-07-10T00:29:50.035+0000] {processor.py:925} INFO - DAG(s) '01_load_csv' retrieved from /opt/airflow/dags/01_load_csv.py
[2026-07-10T00:29:50.096+0000] {logging_mixin.py:190} INFO - [2026-07-10T00:29:50.096+0000] {dag.py:3239} INFO - Sync 1 DAGs
[2026-07-10T00:29:50.124+0000] {logging_mixin.py:190} INFO - [2026-07-10T00:29:50.124+0000] {dag.py:4180} INFO - Setting next_dagrun for 01_load_csv to None, run_after=None
[2026-07-10T00:29:50.154+0000] {processor.py:208} INFO - Processing /opt/airflow/dags/01_load_csv.py took 0.169 seconds
[2026-07-10T00:30:20.338+0000] {processor.py:186} INFO - Started process (PID=11071) to work on /opt/airflow/dags/01_load_csv.py
[2026-07-10T00:30:20.340+0000] {processor.py:914} INFO - Processing file /opt/airflow/dags/01_load_csv.py for tasks to queue
[2026-07-10T00:30:20.342+0000] {logging_mixin.py:190} INFO - [2026-07-10T00:30:20.342+0000] {dagbag.py:588} INFO - Filling up the DagBag from /opt/airflow/dags/01_load_csv.py
[2026-07-10T00:30:20.354+0000] {processor.py:925} INFO - DAG(s) '01_load_csv' retrieved from /opt/airflow/dags/01_load_csv.py
[2026-07-10T00:30:20.391+0000] {logging_mixin.py:190} INFO - [2026-07-10T00:30:20.391+0000] {dag.py:3239} INFO - Sync 1 DAGs
[2026-07-10T00:30:20.407+0000] {logging_mixin.py:190} INFO - [2026-07-10T00:30:20.407+0000] {dag.py:4180} INFO - Setting next_dagrun for 01_load_csv to None, run_after=None
[2026-07-10T00:30:20.431+0000] {processor.py:208} INFO - Processing /opt/airflow/dags/01_load_csv.py took 0.100 seconds
[2026-07-10T00:30:51.413+0000] {processor.py:186} INFO - Started process (PID=11104) to work on /opt/airflow/dags/01_load_csv.py
[2026-07-10T00:30:51.414+0000] {processor.py:914} INFO - Processing file /opt/airflow/dags/01_load_csv.py for tasks to queue
[2026-07-10T00:30:51.421+0000] {logging_mixin.py:190} INFO - [2026-07-10T00:30:51.421+0000] {dagbag.py:588} INFO - Filling up the DagBag from /opt/airflow/dags/01_load_csv.py
[2026-07-10T00:30:51.434+0000] {processor.py:925} INFO - DAG(s) '01_load_csv' retrieved from /opt/airflow/dags/01_load_csv.py
[2026-07-10T00:30:51.522+0000] {logging_mixin.py:190} INFO - [2026-07-10T00:30:51.521+0000] {dag.py:3239} INFO - Sync 1 DAGs
[2026-07-10T00:30:51.548+0000] {logging_mixin.py:190} INFO - [2026-07-10T00:30:51.548+0000] {dag.py:4180} INFO - Setting next_dagrun for 01_load_csv to None, run_after=None
[2026-07-10T00:30:51.570+0000] {processor.py:208} INFO - Processing /opt/airflow/dags/01_load_csv.py took 0.164 seconds
[2026-07-10T00:31:22.582+0000] {processor.py:186} INFO - Started process (PID=11139) to work on /opt/airflow/dags/01_load_csv.py
[2026-07-10T00:31:22.583+0000] {processor.py:914} INFO - Processing file /opt/airflow/dags/01_load_csv.py for tasks to queue
[2026-07-10T00:31:22.585+0000] {logging_mixin.py:190} INFO - [2026-07-10T00:31:22.585+0000] {dagbag.py:588} INFO - Filling up the DagBag from /opt/airflow/dags/01_load_csv.py
[2026-07-10T00:31:22.593+0000] {processor.py:925} INFO - DAG(s) '01_load_csv' retrieved from /opt/airflow/dags/01_load_csv.py
[2026-07-10T00:31:22.638+0000] {logging_mixin.py:190} INFO - [2026-07-10T00:31:22.638+0000] {dag.py:3239} INFO - Sync 1 DAGs
[2026-07-10T00:31:22.655+0000] {logging_mixin.py:190} INFO - [2026-07-10T00:31:22.655+0000] {dag.py:4180} INFO - Setting next_dagrun for 01_load_csv to None, run_after=None
[2026-07-10T00:31:22.676+0000] {processor.py:208} INFO - Processing /opt/airflow/dags/01_load_csv.py took 0.101 seconds
[2026-07-10T00:31:53.657+0000] {processor.py:186} INFO - Started process (PID=11176) to work on /opt/airflow/dags/01_load_csv.py
[2026-07-10T00:31:53.659+0000] {processor.py:914} INFO - Processing file /opt/airflow/dags/01_load_csv.py for tasks to queue
[2026-07-10T00:31:53.663+0000] {logging_mixin.py:190} INFO - [2026-07-10T00:31:53.662+0000] {dagbag.py:588} INFO - Filling up the DagBag from /opt/airflow/dags/01_load_csv.py
[2026-07-10T00:31:53.674+0000] {processor.py:925} INFO - DAG(s) '01_load_csv' retrieved from /opt/airflow/dags/01_load_csv.py
[2026-07-10T00:31:53.714+0000] {logging_mixin.py:190} INFO - [2026-07-10T00:31:53.713+0000] {dag.py:3239} INFO - Sync 1 DAGs
[2026-07-10T00:31:53.736+0000] {logging_mixin.py:190} INFO - [2026-07-10T00:31:53.736+0000] {dag.py:4180} INFO - Setting next_dagrun for 01_load_csv to None, run_after=None
[2026-07-10T00:31:53.764+0000] {processor.py:208} INFO - Processing /opt/airflow/dags/01_load_csv.py took 0.120 seconds
[2026-07-10T00:32:24.628+0000] {processor.py:186} INFO - Started process (PID=11209) to work on /opt/airflow/dags/01_load_csv.py
[2026-07-10T00:32:24.630+0000] {processor.py:914} INFO - Processing file /opt/airflow/dags/01_load_csv.py for tasks to queue
[2026-07-10T00:32:24.635+0000] {logging_mixin.py:190} INFO - [2026-07-10T00:32:24.634+0000] {dagbag.py:588} INFO - Filling up the DagBag from /opt/airflow/dags/01_load_csv.py
[2026-07-10T00:32:24.650+0000] {processor.py:925} INFO - DAG(s) '01_load_csv' retrieved from /opt/airflow/dags/01_load_csv.py
[2026-07-10T00:32:24.695+0000] {logging_mixin.py:190} INFO - [2026-07-10T00:32:24.695+0000] {dag.py:3239} INFO - Sync 1 DAGs
[2026-07-10T00:32:24.715+0000] {logging_mixin.py:190} INFO - [2026-07-10T00:32:24.715+0000] {dag.py:4180} INFO - Setting next_dagrun for 01_load_csv to None, run_after=None
[2026-07-10T00:32:24.745+0000] {processor.py:208} INFO - Processing /opt/airflow/dags/01_load_csv.py took 0.126 seconds
[2026-07-10T00:32:55.702+0000] {processor.py:186} INFO - Started process (PID=11244) to work on /opt/airflow/dags/01_load_csv.py
[2026-07-10T00:32:55.704+0000] {processor.py:914} INFO - Processing file /opt/airflow/dags/01_load_csv.py for tasks to queue
[2026-07-10T00:32:55.707+0000] {logging_mixin.py:190} INFO - [2026-07-10T00:32:55.707+0000] {dagbag.py:588} INFO - Filling up the DagBag from /opt/airflow/dags/01_load_csv.py
[2026-07-10T00:32:55.717+0000] {processor.py:925} INFO - DAG(s) '01_load_csv' retrieved from /opt/airflow/dags/01_load_csv.py
[2026-07-10T00:32:55.759+0000] {logging_mixin.py:190} INFO - [2026-07-10T00:32:55.759+0000] {dag.py:3239} INFO - Sync 1 DAGs
[2026-07-10T00:32:55.777+0000] {logging_mixin.py:190} INFO - [2026-07-10T00:32:55.776+0000] {dag.py:4180} INFO - Setting next_dagrun for 01_load_csv to None, run_after=None
[2026-07-10T00:32:55.797+0000] {processor.py:208} INFO - Processing /opt/airflow/dags/01_load_csv.py took 0.104 seconds
[2026-07-10T00:33:26.566+0000] {processor.py:186} INFO - Started process (PID=11279) to work on /opt/airflow/dags/01_load_csv.py
[2026-07-10T00:33:26.566+0000] {processor.py:914} INFO - Processing file /opt/airflow/dags/01_load_csv.py for tasks to queue
[2026-07-10T00:33:26.570+0000] {logging_mixin.py:190} INFO - [2026-07-10T00:33:26.569+0000] {dagbag.py:588} INFO - Filling up the DagBag from /opt/airflow/dags/01_load_csv.py
[2026-07-10T00:33:26.583+0000] {processor.py:925} INFO - DAG(s) '01_load_csv' retrieved from /opt/airflow/dags/01_load_csv.py
[2026-07-10T00:33:26.627+0000] {logging_mixin.py:190} INFO - [2026-07-10T00:33:26.626+0000] {dag.py:3239} INFO - Sync 1 DAGs
[2026-07-10T00:33:26.644+0000] {logging_mixin.py:190} INFO - [2026-07-10T00:33:26.644+0000] {dag.py:4180} INFO - Setting next_dagrun for 01_load_csv to None, run_after=None
[2026-07-10T00:33:26.668+0000] {processor.py:208} INFO - Processing /opt/airflow/dags/01_load_csv.py took 0.109 seconds
[2026-07-10T00:33:57.524+0000] {processor.py:186} INFO - Started process (PID=11314) to work on /opt/airflow/dags/01_load_csv.py
[2026-07-10T00:33:57.526+0000] {processor.py:914} INFO - Processing file /opt/airflow/dags/01_load_csv.py for tasks to queue
[2026-07-10T00:33:57.529+0000] {logging_mixin.py:190} INFO - [2026-07-10T00:33:57.528+0000] {dagbag.py:588} INFO - Filling up the DagBag from /opt/airflow/dags/01_load_csv.py
[2026-07-10T00:33:57.542+0000] {processor.py:925} INFO - DAG(s) '01_load_csv' retrieved from /opt/airflow/dags/01_load_csv.py
[2026-07-10T00:33:57.587+0000] {logging_mixin.py:190} INFO - [2026-07-10T00:33:57.587+0000] {dag.py:3239} INFO - Sync 1 DAGs
[2026-07-10T00:33:57.611+0000] {logging_mixin.py:190} INFO - [2026-07-10T00:33:57.610+0000] {dag.py:4180} INFO - Setting next_dagrun for 01_load_csv to None, run_after=None
[2026-07-10T00:33:57.637+0000] {processor.py:208} INFO - Processing /opt/airflow/dags/01_load_csv.py took 0.123 seconds
[2026-07-10T00:34:28.449+0000] {processor.py:186} INFO - Started process (PID=11349) to work on /opt/airflow/dags/01_load_csv.py
[2026-07-10T00:34:28.450+0000] {processor.py:914} INFO - Processing file /opt/airflow/dags/01_load_csv.py for tasks to queue
[2026-07-10T00:34:28.452+0000] {logging_mixin.py:190} INFO - [2026-07-10T00:34:28.452+0000] {dagbag.py:588} INFO - Filling up the DagBag from /opt/airflow/dags/01_load_csv.py
[2026-07-10T00:34:28.465+0000] {processor.py:925} INFO - DAG(s) '01_load_csv' retrieved from /opt/airflow/dags/01_load_csv.py
[2026-07-10T00:34:28.510+0000] {logging_mixin.py:190} INFO - [2026-07-10T00:34:28.510+0000] {dag.py:3239} INFO - Sync 1 DAGs
[2026-07-10T00:34:28.531+0000] {logging_mixin.py:190} INFO - [2026-07-10T00:34:28.531+0000] {dag.py:4180} INFO - Setting next_dagrun for 01_load_csv to None, run_after=None
[2026-07-10T00:34:28.554+0000] {processor.py:208} INFO - Processing /opt/airflow/dags/01_load_csv.py took 0.115 seconds
[2026-07-10T00:34:59.699+0000] {processor.py:186} INFO - Started process (PID=11386) to work on /opt/airflow/dags/01_load_csv.py
[2026-07-10T00:34:59.700+0000] {processor.py:914} INFO - Processing file /opt/airflow/dags/01_load_csv.py for tasks to queue
[2026-07-10T00:34:59.703+0000] {logging_mixin.py:190} INFO - [2026-07-10T00:34:59.703+0000] {dagbag.py:588} INFO - Filling up the DagBag from /opt/airflow/dags/01_load_csv.py
[2026-07-10T00:34:59.719+0000] {processor.py:925} INFO - DAG(s) '01_load_csv' retrieved from /opt/airflow/dags/01_load_csv.py
[2026-07-10T00:34:59.768+0000] {logging_mixin.py:190} INFO - [2026-07-10T00:34:59.768+0000] {dag.py:3239} INFO - Sync 1 DAGs
[2026-07-10T00:34:59.801+0000] {logging_mixin.py:190} INFO - [2026-07-10T00:34:59.800+0000] {dag.py:4180} INFO - Setting next_dagrun for 01_load_csv to None, run_after=None
[2026-07-10T00:34:59.834+0000] {processor.py:208} INFO - Processing /opt/airflow/dags/01_load_csv.py took 0.148 seconds
[2026-07-10T00:35:30.275+0000] {processor.py:186} INFO - Started process (PID=11421) to work on /opt/airflow/dags/01_load_csv.py
[2026-07-10T00:35:30.277+0000] {processor.py:914} INFO - Processing file /opt/airflow/dags/01_load_csv.py for tasks to queue
[2026-07-10T00:35:30.282+0000] {logging_mixin.py:190} INFO - [2026-07-10T00:35:30.281+0000] {dagbag.py:588} INFO - Filling up the DagBag from /opt/airflow/dags/01_load_csv.py
[2026-07-10T00:35:30.296+0000] {processor.py:925} INFO - DAG(s) '01_load_csv' retrieved from /opt/airflow/dags/01_load_csv.py
[2026-07-10T00:35:30.355+0000] {logging_mixin.py:190} INFO - [2026-07-10T00:35:30.355+0000] {dag.py:3239} INFO - Sync 1 DAGs
[2026-07-10T00:35:30.381+0000] {logging_mixin.py:190} INFO - [2026-07-10T00:35:30.381+0000] {dag.py:4180} INFO - Setting next_dagrun for 01_load_csv to None, run_after=None
[2026-07-10T00:35:30.411+0000] {processor.py:208} INFO - Processing /opt/airflow/dags/01_load_csv.py took 0.148 seconds
[2026-07-10T00:36:00.510+0000] {processor.py:186} INFO - Started process (PID=11456) to work on /opt/airflow/dags/01_load_csv.py
[2026-07-10T00:36:00.512+0000] {processor.py:914} INFO - Processing file /opt/airflow/dags/01_load_csv.py for tasks to queue
[2026-07-10T00:36:00.515+0000] {logging_mixin.py:190} INFO - [2026-07-10T00:36:00.514+0000] {dagbag.py:588} INFO - Filling up the DagBag from /opt/airflow/dags/01_load_csv.py
[2026-07-10T00:36:00.525+0000] {processor.py:925} INFO - DAG(s) '01_load_csv' retrieved from /opt/airflow/dags/01_load_csv.py
[2026-07-10T00:36:00.566+0000] {logging_mixin.py:190} INFO - [2026-07-10T00:36:00.566+0000] {dag.py:3239} INFO - Sync 1 DAGs
[2026-07-10T00:36:00.583+0000] {logging_mixin.py:190} INFO - [2026-07-10T00:36:00.582+0000] {dag.py:4180} INFO - Setting next_dagrun for 01_load_csv to None, run_after=None
[2026-07-10T00:36:00.606+0000] {processor.py:208} INFO - Processing /opt/airflow/dags/01_load_csv.py took 0.103 seconds
[2026-07-10T00:36:30.680+0000] {processor.py:186} INFO - Started process (PID=11489) to work on /opt/airflow/dags/01_load_csv.py
[2026-07-10T00:36:30.682+0000] {processor.py:914} INFO - Processing file /opt/airflow/dags/01_load_csv.py for tasks to queue
[2026-07-10T00:36:30.686+0000] {logging_mixin.py:190} INFO - [2026-07-10T00:36:30.685+0000] {dagbag.py:588} INFO - Filling up the DagBag from /opt/airflow/dags/01_load_csv.py
[2026-07-10T00:36:30.696+0000] {processor.py:925} INFO - DAG(s) '01_load_csv' retrieved from /opt/airflow/dags/01_load_csv.py
[2026-07-10T00:36:30.729+0000] {logging_mixin.py:190} INFO - [2026-07-10T00:36:30.729+0000] {dag.py:3239} INFO - Sync 1 DAGs
[2026-07-10T00:36:30.746+0000] {logging_mixin.py:190} INFO - [2026-07-10T00:36:30.745+0000] {dag.py:4180} INFO - Setting next_dagrun for 01_load_csv to None, run_after=None
[2026-07-10T00:36:30.766+0000] {processor.py:208} INFO - Processing /opt/airflow/dags/01_load_csv.py took 0.093 seconds
[2026-07-10T00:37:01.893+0000] {processor.py:186} INFO - Started process (PID=11524) to work on /opt/airflow/dags/01_load_csv.py
[2026-07-10T00:37:01.894+0000] {processor.py:914} INFO - Processing file /opt/airflow/dags/01_load_csv.py for tasks to queue
[2026-07-10T00:37:01.897+0000] {logging_mixin.py:190} INFO - [2026-07-10T00:37:01.897+0000] {dagbag.py:588} INFO - Filling up the DagBag from /opt/airflow/dags/01_load_csv.py
[2026-07-10T00:37:01.913+0000] {processor.py:925} INFO - DAG(s) '01_load_csv' retrieved from /opt/airflow/dags/01_load_csv.py
[2026-07-10T00:37:01.963+0000] {logging_mixin.py:190} INFO - [2026-07-10T00:37:01.963+0000] {dag.py:3239} INFO - Sync 1 DAGs
[2026-07-10T00:37:01.984+0000] {logging_mixin.py:190} INFO - [2026-07-10T00:37:01.983+0000] {dag.py:4180} INFO - Setting next_dagrun for 01_load_csv to None, run_after=None
[2026-07-10T00:37:02.024+0000] {processor.py:208} INFO - Processing /opt/airflow/dags/01_load_csv.py took 0.144 seconds
[2026-07-10T00:37:33.004+0000] {processor.py:186} INFO - Started process (PID=11559) to work on /opt/airflow/dags/01_load_csv.py
[2026-07-10T00:37:33.006+0000] {processor.py:914} INFO - Processing file /opt/airflow/dags/01_load_csv.py for tasks to queue
[2026-07-10T00:37:33.012+0000] {logging_mixin.py:190} INFO - [2026-07-10T00:37:33.011+0000] {dagbag.py:588} INFO - Filling up the DagBag from /opt/airflow/dags/01_load_csv.py
[2026-07-10T00:37:33.026+0000] {processor.py:925} INFO - DAG(s) '01_load_csv' retrieved from /opt/airflow/dags/01_load_csv.py
[2026-07-10T00:37:33.068+0000] {logging_mixin.py:190} INFO - [2026-07-10T00:37:33.068+0000] {dag.py:3239} INFO - Sync 1 DAGs
[2026-07-10T00:37:33.088+0000] {logging_mixin.py:190} INFO - [2026-07-10T00:37:33.087+0000] {dag.py:4180} INFO - Setting next_dagrun for 01_load_csv to None, run_after=None
[2026-07-10T00:37:33.111+0000] {processor.py:208} INFO - Processing /opt/airflow/dags/01_load_csv.py took 0.120 seconds
[2026-07-10T00:38:04.024+0000] {processor.py:186} INFO - Started process (PID=11596) to work on /opt/airflow/dags/01_load_csv.py
[2026-07-10T00:38:04.027+0000] {processor.py:914} INFO - Processing file /opt/airflow/dags/01_load_csv.py for tasks to queue
[2026-07-10T00:38:04.029+0000] {logging_mixin.py:190} INFO - [2026-07-10T00:38:04.029+0000] {dagbag.py:588} INFO - Filling up the DagBag from /opt/airflow/dags/01_load_csv.py
[2026-07-10T00:38:04.039+0000] {processor.py:925} INFO - DAG(s) '01_load_csv' retrieved from /opt/airflow/dags/01_load_csv.py
[2026-07-10T00:38:04.076+0000] {logging_mixin.py:190} INFO - [2026-07-10T00:38:04.076+0000] {dag.py:3239} INFO - Sync 1 DAGs
[2026-07-10T00:38:04.093+0000] {logging_mixin.py:190} INFO - [2026-07-10T00:38:04.092+0000] {dag.py:4180} INFO - Setting next_dagrun for 01_load_csv to None, run_after=None
[2026-07-10T00:38:04.112+0000] {processor.py:208} INFO - Processing /opt/airflow/dags/01_load_csv.py took 0.096 seconds
[2026-07-10T00:38:35.179+0000] {processor.py:186} INFO - Started process (PID=11629) to work on /opt/airflow/dags/01_load_csv.py
[2026-07-10T00:38:35.181+0000] {processor.py:914} INFO - Processing file /opt/airflow/dags/01_load_csv.py for tasks to queue
[2026-07-10T00:38:35.185+0000] {logging_mixin.py:190} INFO - [2026-07-10T00:38:35.184+0000] {dagbag.py:588} INFO - Filling up the DagBag from /opt/airflow/dags/01_load_csv.py
[2026-07-10T00:38:35.207+0000] {processor.py:925} INFO - DAG(s) '01_load_csv' retrieved from /opt/airflow/dags/01_load_csv.py
[2026-07-10T00:38:35.296+0000] {logging_mixin.py:190} INFO - [2026-07-10T00:38:35.296+0000] {dag.py:3239} INFO - Sync 1 DAGs
[2026-07-10T00:38:35.354+0000] {logging_mixin.py:190} INFO - [2026-07-10T00:38:35.353+0000] {dag.py:4180} INFO - Setting next_dagrun for 01_load_csv to None, run_after=None
[2026-07-10T00:38:35.406+0000] {processor.py:208} INFO - Processing /opt/airflow/dags/01_load_csv.py took 0.241 seconds
[2026-07-10T00:39:06.384+0000] {processor.py:186} INFO - Started process (PID=11669) to work on /opt/airflow/dags/01_load_csv.py
[2026-07-10T00:39:06.387+0000] {processor.py:914} INFO - Processing file /opt/airflow/dags/01_load_csv.py for tasks to queue
[2026-07-10T00:39:06.395+0000] {logging_mixin.py:190} INFO - [2026-07-10T00:39:06.394+0000] {dagbag.py:588} INFO - Filling up the DagBag from /opt/airflow/dags/01_load_csv.py
[2026-07-10T00:39:06.408+0000] {processor.py:925} INFO - DAG(s) '01_load_csv' retrieved from /opt/airflow/dags/01_load_csv.py
[2026-07-10T00:39:06.465+0000] {logging_mixin.py:190} INFO - [2026-07-10T00:39:06.464+0000] {dag.py:3239} INFO - Sync 1 DAGs
[2026-07-10T00:39:06.497+0000] {logging_mixin.py:190} INFO - [2026-07-10T00:39:06.497+0000] {dag.py:4180} INFO - Setting next_dagrun for 01_load_csv to None, run_after=None
[2026-07-10T00:39:06.544+0000] {processor.py:208} INFO - Processing /opt/airflow/dags/01_load_csv.py took 0.173 seconds
[2026-07-10T00:39:37.399+0000] {processor.py:186} INFO - Started process (PID=11727) to work on /opt/airflow/dags/01_load_csv.py
[2026-07-10T00:39:37.399+0000] {processor.py:914} INFO - Processing file /opt/airflow/dags/01_load_csv.py for tasks to queue
[2026-07-10T00:39:37.403+0000] {logging_mixin.py:190} INFO - [2026-07-10T00:39:37.402+0000] {dagbag.py:588} INFO - Filling up the DagBag from /opt/airflow/dags/01_load_csv.py
[2026-07-10T00:39:37.418+0000] {processor.py:925} INFO - DAG(s) '01_load_csv' retrieved from /opt/airflow/dags/01_load_csv.py
[2026-07-10T00:39:37.482+0000] {logging_mixin.py:190} INFO - [2026-07-10T00:39:37.482+0000] {dag.py:3239} INFO - Sync 1 DAGs
[2026-07-10T00:39:37.519+0000] {logging_mixin.py:190} INFO - [2026-07-10T00:39:37.519+0000] {dag.py:4180} INFO - Setting next_dagrun for 01_load_csv to None, run_after=None
[2026-07-10T00:39:37.580+0000] {processor.py:208} INFO - Processing /opt/airflow/dags/01_load_csv.py took 0.196 seconds
[2026-07-10T00:40:07.734+0000] {processor.py:186} INFO - Started process (PID=11767) to work on /opt/airflow/dags/01_load_csv.py
[2026-07-10T00:40:07.740+0000] {processor.py:914} INFO - Processing file /opt/airflow/dags/01_load_csv.py for tasks to queue
[2026-07-10T00:40:07.746+0000] {logging_mixin.py:190} INFO - [2026-07-10T00:40:07.745+0000] {dagbag.py:588} INFO - Filling up the DagBag from /opt/airflow/dags/01_load_csv.py
[2026-07-10T00:40:07.762+0000] {processor.py:925} INFO - DAG(s) '01_load_csv' retrieved from /opt/airflow/dags/01_load_csv.py
[2026-07-10T00:40:07.835+0000] {logging_mixin.py:190} INFO - [2026-07-10T00:40:07.835+0000] {dag.py:3239} INFO - Sync 1 DAGs
[2026-07-10T00:40:07.862+0000] {logging_mixin.py:190} INFO - [2026-07-10T00:40:07.862+0000] {dag.py:4180} INFO - Setting next_dagrun for 01_load_csv to None, run_after=None
[2026-07-10T00:40:07.896+0000] {processor.py:208} INFO - Processing /opt/airflow/dags/01_load_csv.py took 0.200 seconds
[2026-07-10T00:40:37.991+0000] {processor.py:186} INFO - Started process (PID=11807) to work on /opt/airflow/dags/01_load_csv.py
[2026-07-10T00:40:37.992+0000] {processor.py:914} INFO - Processing file /opt/airflow/dags/01_load_csv.py for tasks to queue
[2026-07-10T00:40:37.999+0000] {logging_mixin.py:190} INFO - [2026-07-10T00:40:37.997+0000] {dagbag.py:588} INFO - Filling up the DagBag from /opt/airflow/dags/01_load_csv.py
[2026-07-10T00:40:38.018+0000] {processor.py:925} INFO - DAG(s) '01_load_csv' retrieved from /opt/airflow/dags/01_load_csv.py
[2026-07-10T00:40:38.075+0000] {logging_mixin.py:190} INFO - [2026-07-10T00:40:38.074+0000] {dag.py:3239} INFO - Sync 1 DAGs
[2026-07-10T00:40:38.101+0000] {logging_mixin.py:190} INFO - [2026-07-10T00:40:38.100+0000] {dag.py:4180} INFO - Setting next_dagrun for 01_load_csv to None, run_after=None
[2026-07-10T00:40:38.129+0000] {processor.py:208} INFO - Processing /opt/airflow/dags/01_load_csv.py took 0.163 seconds
[2026-07-10T00:41:08.341+0000] {processor.py:186} INFO - Started process (PID=11847) to work on /opt/airflow/dags/01_load_csv.py
[2026-07-10T00:41:08.345+0000] {processor.py:914} INFO - Processing file /opt/airflow/dags/01_load_csv.py for tasks to queue
[2026-07-10T00:41:08.357+0000] {logging_mixin.py:190} INFO - [2026-07-10T00:41:08.355+0000] {dagbag.py:588} INFO - Filling up the DagBag from /opt/airflow/dags/01_load_csv.py
[2026-07-10T00:41:08.386+0000] {processor.py:925} INFO - DAG(s) '01_load_csv' retrieved from /opt/airflow/dags/01_load_csv.py
[2026-07-10T00:41:08.442+0000] {logging_mixin.py:190} INFO - [2026-07-10T00:41:08.441+0000] {dag.py:3239} INFO - Sync 1 DAGs
[2026-07-10T00:41:08.473+0000] {logging_mixin.py:190} INFO - [2026-07-10T00:41:08.473+0000] {dag.py:4180} INFO - Setting next_dagrun for 01_load_csv to None, run_after=None
[2026-07-10T00:41:08.506+0000] {processor.py:208} INFO - Processing /opt/airflow/dags/01_load_csv.py took 0.205 seconds
[2026-07-10T00:41:38.706+0000] {processor.py:186} INFO - Started process (PID=11890) to work on /opt/airflow/dags/01_load_csv.py
[2026-07-10T00:41:38.707+0000] {processor.py:914} INFO - Processing file /opt/airflow/dags/01_load_csv.py for tasks to queue
[2026-07-10T00:41:38.709+0000] {logging_mixin.py:190} INFO - [2026-07-10T00:41:38.709+0000] {dagbag.py:588} INFO - Filling up the DagBag from /opt/airflow/dags/01_load_csv.py
[2026-07-10T00:41:38.720+0000] {processor.py:925} INFO - DAG(s) '01_load_csv' retrieved from /opt/airflow/dags/01_load_csv.py
[2026-07-10T00:41:38.759+0000] {logging_mixin.py:190} INFO - [2026-07-10T00:41:38.759+0000] {dag.py:3239} INFO - Sync 1 DAGs
[2026-07-10T00:41:38.776+0000] {logging_mixin.py:190} INFO - [2026-07-10T00:41:38.775+0000] {dag.py:4180} INFO - Setting next_dagrun for 01_load_csv to None, run_after=None
[2026-07-10T00:41:38.796+0000] {processor.py:208} INFO - Processing /opt/airflow/dags/01_load_csv.py took 0.101 seconds
[2026-07-10T00:42:09.155+0000] {processor.py:186} INFO - Started process (PID=11930) to work on /opt/airflow/dags/01_load_csv.py
[2026-07-10T00:42:09.157+0000] {processor.py:914} INFO - Processing file /opt/airflow/dags/01_load_csv.py for tasks to queue
[2026-07-10T00:42:09.161+0000] {logging_mixin.py:190} INFO - [2026-07-10T00:42:09.160+0000] {dagbag.py:588} INFO - Filling up the DagBag from /opt/airflow/dags/01_load_csv.py
[2026-07-10T00:42:09.173+0000] {processor.py:925} INFO - DAG(s) '01_load_csv' retrieved from /opt/airflow/dags/01_load_csv.py
[2026-07-10T00:42:09.209+0000] {logging_mixin.py:190} INFO - [2026-07-10T00:42:09.209+0000] {dag.py:3239} INFO - Sync 1 DAGs
[2026-07-10T00:42:09.227+0000] {logging_mixin.py:190} INFO - [2026-07-10T00:42:09.226+0000] {dag.py:4180} INFO - Setting next_dagrun for 01_load_csv to None, run_after=None
[2026-07-10T00:42:09.247+0000] {processor.py:208} INFO - Processing /opt/airflow/dags/01_load_csv.py took 0.107 seconds
[2026-07-10T00:42:39.597+0000] {processor.py:186} INFO - Started process (PID=11970) to work on /opt/airflow/dags/01_load_csv.py
[2026-07-10T00:42:39.598+0000] {processor.py:914} INFO - Processing file /opt/airflow/dags/01_load_csv.py for tasks to queue
[2026-07-10T00:42:39.601+0000] {logging_mixin.py:190} INFO - [2026-07-10T00:42:39.600+0000] {dagbag.py:588} INFO - Filling up the DagBag from /opt/airflow/dags/01_load_csv.py
[2026-07-10T00:42:39.614+0000] {processor.py:925} INFO - DAG(s) '01_load_csv' retrieved from /opt/airflow/dags/01_load_csv.py
[2026-07-10T00:42:39.652+0000] {logging_mixin.py:190} INFO - [2026-07-10T00:42:39.652+0000] {dag.py:3239} INFO - Sync 1 DAGs
[2026-07-10T00:42:39.668+0000] {logging_mixin.py:190} INFO - [2026-07-10T00:42:39.667+0000] {dag.py:4180} INFO - Setting next_dagrun for 01_load_csv to None, run_after=None
[2026-07-10T00:42:39.689+0000] {processor.py:208} INFO - Processing /opt/airflow/dags/01_load_csv.py took 0.104 seconds
[2026-07-10T00:43:09.817+0000] {processor.py:186} INFO - Started process (PID=12010) to work on /opt/airflow/dags/01_load_csv.py
[2026-07-10T00:43:09.821+0000] {processor.py:914} INFO - Processing file /opt/airflow/dags/01_load_csv.py for tasks to queue
[2026-07-10T00:43:09.825+0000] {logging_mixin.py:190} INFO - [2026-07-10T00:43:09.824+0000] {dagbag.py:588} INFO - Filling up the DagBag from /opt/airflow/dags/01_load_csv.py
[2026-07-10T00:43:09.838+0000] {processor.py:925} INFO - DAG(s) '01_load_csv' retrieved from /opt/airflow/dags/01_load_csv.py
[2026-07-10T00:43:09.884+0000] {logging_mixin.py:190} INFO - [2026-07-10T00:43:09.884+0000] {dag.py:3239} INFO - Sync 1 DAGs
[2026-07-10T00:43:09.908+0000] {logging_mixin.py:190} INFO - [2026-07-10T00:43:09.908+0000] {dag.py:4180} INFO - Setting next_dagrun for 01_load_csv to None, run_after=None
[2026-07-10T00:43:09.940+0000] {processor.py:208} INFO - Processing /opt/airflow/dags/01_load_csv.py took 0.131 seconds
[2026-07-10T00:43:41.034+0000] {processor.py:186} INFO - Started process (PID=12050) to work on /opt/airflow/dags/01_load_csv.py
[2026-07-10T00:43:41.035+0000] {processor.py:914} INFO - Processing file /opt/airflow/dags/01_load_csv.py for tasks to queue
[2026-07-10T00:43:41.037+0000] {logging_mixin.py:190} INFO - [2026-07-10T00:43:41.037+0000] {dagbag.py:588} INFO - Filling up the DagBag from /opt/airflow/dags/01_load_csv.py
[2026-07-10T00:43:41.049+0000] {processor.py:925} INFO - DAG(s) '01_load_csv' retrieved from /opt/airflow/dags/01_load_csv.py
[2026-07-10T00:43:41.083+0000] {logging_mixin.py:190} INFO - [2026-07-10T00:43:41.083+0000] {dag.py:3239} INFO - Sync 1 DAGs
[2026-07-10T00:43:41.099+0000] {logging_mixin.py:190} INFO - [2026-07-10T00:43:41.098+0000] {dag.py:4180} INFO - Setting next_dagrun for 01_load_csv to None, run_after=None
[2026-07-10T00:43:41.121+0000] {processor.py:208} INFO - Processing /opt/airflow/dags/01_load_csv.py took 0.096 seconds
[2026-07-10T00:44:12.157+0000] {processor.py:186} INFO - Started process (PID=12092) to work on /opt/airflow/dags/01_load_csv.py
[2026-07-10T00:44:12.159+0000] {processor.py:914} INFO - Processing file /opt/airflow/dags/01_load_csv.py for tasks to queue
[2026-07-10T00:44:12.161+0000] {logging_mixin.py:190} INFO - [2026-07-10T00:44:12.161+0000] {dagbag.py:588} INFO - Filling up the DagBag from /opt/airflow/dags/01_load_csv.py
[2026-07-10T00:44:12.171+0000] {processor.py:925} INFO - DAG(s) '01_load_csv' retrieved from /opt/airflow/dags/01_load_csv.py
[2026-07-10T00:44:12.213+0000] {logging_mixin.py:190} INFO - [2026-07-10T00:44:12.212+0000] {dag.py:3239} INFO - Sync 1 DAGs
[2026-07-10T00:44:12.229+0000] {logging_mixin.py:190} INFO - [2026-07-10T00:44:12.229+0000] {dag.py:4180} INFO - Setting next_dagrun for 01_load_csv to None, run_after=None
[2026-07-10T00:44:12.250+0000] {processor.py:208} INFO - Processing /opt/airflow/dags/01_load_csv.py took 0.104 seconds
[2026-07-10T00:44:43.252+0000] {processor.py:186} INFO - Started process (PID=12132) to work on /opt/airflow/dags/01_load_csv.py
[2026-07-10T00:44:43.254+0000] {processor.py:914} INFO - Processing file /opt/airflow/dags/01_load_csv.py for tasks to queue
[2026-07-10T00:44:43.260+0000] {logging_mixin.py:190} INFO - [2026-07-10T00:44:43.259+0000] {dagbag.py:588} INFO - Filling up the DagBag from /opt/airflow/dags/01_load_csv.py
[2026-07-10T00:44:43.272+0000] {processor.py:925} INFO - DAG(s) '01_load_csv' retrieved from /opt/airflow/dags/01_load_csv.py
[2026-07-10T00:44:43.321+0000] {logging_mixin.py:190} INFO - [2026-07-10T00:44:43.321+0000] {dag.py:3239} INFO - Sync 1 DAGs
[2026-07-10T00:44:43.345+0000] {logging_mixin.py:190} INFO - [2026-07-10T00:44:43.345+0000] {dag.py:4180} INFO - Setting next_dagrun for 01_load_csv to None, run_after=None
[2026-07-10T00:44:43.372+0000] {processor.py:208} INFO - Processing /opt/airflow/dags/01_load_csv.py took 0.130 seconds
[2026-07-10T00:45:13.699+0000] {processor.py:186} INFO - Started process (PID=12172) to work on /opt/airflow/dags/01_load_csv.py
[2026-07-10T00:45:13.700+0000] {processor.py:914} INFO - Processing file /opt/airflow/dags/01_load_csv.py for tasks to queue
[2026-07-10T00:45:13.704+0000] {logging_mixin.py:190} INFO - [2026-07-10T00:45:13.703+0000] {dagbag.py:588} INFO - Filling up the DagBag from /opt/airflow/dags/01_load_csv.py
[2026-07-10T00:45:13.717+0000] {processor.py:925} INFO - DAG(s) '01_load_csv' retrieved from /opt/airflow/dags/01_load_csv.py
[2026-07-10T00:45:13.754+0000] {logging_mixin.py:190} INFO - [2026-07-10T00:45:13.754+0000] {dag.py:3239} INFO - Sync 1 DAGs
[2026-07-10T00:45:13.770+0000] {logging_mixin.py:190} INFO - [2026-07-10T00:45:13.770+0000] {dag.py:4180} INFO - Setting next_dagrun for 01_load_csv to None, run_after=None
[2026-07-10T00:45:13.791+0000] {processor.py:208} INFO - Processing /opt/airflow/dags/01_load_csv.py took 0.102 seconds
[2026-07-10T00:45:44.014+0000] {processor.py:186} INFO - Started process (PID=12212) to work on /opt/airflow/dags/01_load_csv.py
[2026-07-10T00:45:44.016+0000] {processor.py:914} INFO - Processing file /opt/airflow/dags/01_load_csv.py for tasks to queue
[2026-07-10T00:45:44.020+0000] {logging_mixin.py:190} INFO - [2026-07-10T00:45:44.019+0000] {dagbag.py:588} INFO - Filling up the DagBag from /opt/airflow/dags/01_load_csv.py
[2026-07-10T00:45:44.035+0000] {processor.py:925} INFO - DAG(s) '01_load_csv' retrieved from /opt/airflow/dags/01_load_csv.py
[2026-07-10T00:45:44.087+0000] {logging_mixin.py:190} INFO - [2026-07-10T00:45:44.087+0000] {dag.py:3239} INFO - Sync 1 DAGs
[2026-07-10T00:45:44.112+0000] {logging_mixin.py:190} INFO - [2026-07-10T00:45:44.112+0000] {dag.py:4180} INFO - Setting next_dagrun for 01_load_csv to None, run_after=None
[2026-07-10T00:45:44.141+0000] {processor.py:208} INFO - Processing /opt/airflow/dags/01_load_csv.py took 0.142 seconds
[2026-07-10T00:46:14.470+0000] {processor.py:186} INFO - Started process (PID=12252) to work on /opt/airflow/dags/01_load_csv.py
[2026-07-10T00:46:14.472+0000] {processor.py:914} INFO - Processing file /opt/airflow/dags/01_load_csv.py for tasks to queue
[2026-07-10T00:46:14.475+0000] {logging_mixin.py:190} INFO - [2026-07-10T00:46:14.474+0000] {dagbag.py:588} INFO - Filling up the DagBag from /opt/airflow/dags/01_load_csv.py
[2026-07-10T00:46:14.486+0000] {processor.py:925} INFO - DAG(s) '01_load_csv' retrieved from /opt/airflow/dags/01_load_csv.py
[2026-07-10T00:46:14.532+0000] {logging_mixin.py:190} INFO - [2026-07-10T00:46:14.532+0000] {dag.py:3239} INFO - Sync 1 DAGs
[2026-07-10T00:46:14.555+0000] {logging_mixin.py:190} INFO - [2026-07-10T00:46:14.555+0000] {dag.py:4180} INFO - Setting next_dagrun for 01_load_csv to None, run_after=None
[2026-07-10T00:46:14.583+0000] {processor.py:208} INFO - Processing /opt/airflow/dags/01_load_csv.py took 0.122 seconds
[2026-07-10T00:46:44.824+0000] {processor.py:186} INFO - Started process (PID=12292) to work on /opt/airflow/dags/01_load_csv.py
[2026-07-10T00:46:44.825+0000] {processor.py:914} INFO - Processing file /opt/airflow/dags/01_load_csv.py for tasks to queue
[2026-07-10T00:46:44.828+0000] {logging_mixin.py:190} INFO - [2026-07-10T00:46:44.827+0000] {dagbag.py:588} INFO - Filling up the DagBag from /opt/airflow/dags/01_load_csv.py
[2026-07-10T00:46:44.837+0000] {processor.py:925} INFO - DAG(s) '01_load_csv' retrieved from /opt/airflow/dags/01_load_csv.py
[2026-07-10T00:46:44.872+0000] {logging_mixin.py:190} INFO - [2026-07-10T00:46:44.872+0000] {dag.py:3239} INFO - Sync 1 DAGs
[2026-07-10T00:46:44.889+0000] {logging_mixin.py:190} INFO - [2026-07-10T00:46:44.888+0000] {dag.py:4180} INFO - Setting next_dagrun for 01_load_csv to None, run_after=None
[2026-07-10T00:46:44.910+0000] {processor.py:208} INFO - Processing /opt/airflow/dags/01_load_csv.py took 0.094 seconds
[2026-07-10T00:47:15.221+0000] {processor.py:186} INFO - Started process (PID=12332) to work on /opt/airflow/dags/01_load_csv.py
[2026-07-10T00:47:15.222+0000] {processor.py:914} INFO - Processing file /opt/airflow/dags/01_load_csv.py for tasks to queue
[2026-07-10T00:47:15.227+0000] {logging_mixin.py:190} INFO - [2026-07-10T00:47:15.226+0000] {dagbag.py:588} INFO - Filling up the DagBag from /opt/airflow/dags/01_load_csv.py
[2026-07-10T00:47:15.241+0000] {processor.py:925} INFO - DAG(s) '01_load_csv' retrieved from /opt/airflow/dags/01_load_csv.py
[2026-07-10T00:47:15.289+0000] {logging_mixin.py:190} INFO - [2026-07-10T00:47:15.288+0000] {dag.py:3239} INFO - Sync 1 DAGs
[2026-07-10T00:47:15.310+0000] {logging_mixin.py:190} INFO - [2026-07-10T00:47:15.310+0000] {dag.py:4180} INFO - Setting next_dagrun for 01_load_csv to None, run_after=None
[2026-07-10T00:47:15.338+0000] {processor.py:208} INFO - Processing /opt/airflow/dags/01_load_csv.py took 0.127 seconds
[2026-07-10T00:47:45.476+0000] {processor.py:186} INFO - Started process (PID=12372) to work on /opt/airflow/dags/01_load_csv.py
[2026-07-10T00:47:45.477+0000] {processor.py:914} INFO - Processing file /opt/airflow/dags/01_load_csv.py for tasks to queue
[2026-07-10T00:47:45.480+0000] {logging_mixin.py:190} INFO - [2026-07-10T00:47:45.480+0000] {dagbag.py:588} INFO - Filling up the DagBag from /opt/airflow/dags/01_load_csv.py
[2026-07-10T00:47:45.492+0000] {processor.py:925} INFO - DAG(s) '01_load_csv' retrieved from /opt/airflow/dags/01_load_csv.py
[2026-07-10T00:47:45.542+0000] {logging_mixin.py:190} INFO - [2026-07-10T00:47:45.542+0000] {dag.py:3239} INFO - Sync 1 DAGs
[2026-07-10T00:47:45.561+0000] {logging_mixin.py:190} INFO - [2026-07-10T00:47:45.560+0000] {dag.py:4180} INFO - Setting next_dagrun for 01_load_csv to None, run_after=None
[2026-07-10T00:47:45.593+0000] {processor.py:208} INFO - Processing /opt/airflow/dags/01_load_csv.py took 0.126 seconds
[2026-07-10T00:48:15.931+0000] {processor.py:186} INFO - Started process (PID=12412) to work on /opt/airflow/dags/01_load_csv.py
[2026-07-10T00:48:15.932+0000] {processor.py:914} INFO - Processing file /opt/airflow/dags/01_load_csv.py for tasks to queue
[2026-07-10T00:48:15.935+0000] {logging_mixin.py:190} INFO - [2026-07-10T00:48:15.934+0000] {dagbag.py:588} INFO - Filling up the DagBag from /opt/airflow/dags/01_load_csv.py
[2026-07-10T00:48:15.944+0000] {processor.py:925} INFO - DAG(s) '01_load_csv' retrieved from /opt/airflow/dags/01_load_csv.py
[2026-07-10T00:48:15.979+0000] {logging_mixin.py:190} INFO - [2026-07-10T00:48:15.979+0000] {dag.py:3239} INFO - Sync 1 DAGs
[2026-07-10T00:48:15.997+0000] {logging_mixin.py:190} INFO - [2026-07-10T00:48:15.997+0000] {dag.py:4180} INFO - Setting next_dagrun for 01_load_csv to None, run_after=None
[2026-07-10T00:48:16.026+0000] {processor.py:208} INFO - Processing /opt/airflow/dags/01_load_csv.py took 0.104 seconds
[2026-07-10T00:48:46.446+0000] {processor.py:186} INFO - Started process (PID=12452) to work on /opt/airflow/dags/01_load_csv.py
[2026-07-10T00:48:46.447+0000] {processor.py:914} INFO - Processing file /opt/airflow/dags/01_load_csv.py for tasks to queue
[2026-07-10T00:48:46.450+0000] {logging_mixin.py:190} INFO - [2026-07-10T00:48:46.449+0000] {dagbag.py:588} INFO - Filling up the DagBag from /opt/airflow/dags/01_load_csv.py
[2026-07-10T00:48:46.465+0000] {processor.py:925} INFO - DAG(s) '01_load_csv' retrieved from /opt/airflow/dags/01_load_csv.py
[2026-07-10T00:48:46.506+0000] {logging_mixin.py:190} INFO - [2026-07-10T00:48:46.506+0000] {dag.py:3239} INFO - Sync 1 DAGs
[2026-07-10T00:48:46.523+0000] {logging_mixin.py:190} INFO - [2026-07-10T00:48:46.522+0000] {dag.py:4180} INFO - Setting next_dagrun for 01_load_csv to None, run_after=None
[2026-07-10T00:48:46.542+0000] {processor.py:208} INFO - Processing /opt/airflow/dags/01_load_csv.py took 0.108 seconds
[2026-07-10T00:49:16.703+0000] {processor.py:186} INFO - Started process (PID=12492) to work on /opt/airflow/dags/01_load_csv.py
[2026-07-10T00:49:16.704+0000] {processor.py:914} INFO - Processing file /opt/airflow/dags/01_load_csv.py for tasks to queue
[2026-07-10T00:49:16.707+0000] {logging_mixin.py:190} INFO - [2026-07-10T00:49:16.707+0000] {dagbag.py:588} INFO - Filling up the DagBag from /opt/airflow/dags/01_load_csv.py
[2026-07-10T00:49:16.717+0000] {processor.py:925} INFO - DAG(s) '01_load_csv' retrieved from /opt/airflow/dags/01_load_csv.py
[2026-07-10T00:49:16.762+0000] {logging_mixin.py:190} INFO - [2026-07-10T00:49:16.762+0000] {dag.py:3239} INFO - Sync 1 DAGs
[2026-07-10T00:49:16.781+0000] {logging_mixin.py:190} INFO - [2026-07-10T00:49:16.781+0000] {dag.py:4180} INFO - Setting next_dagrun for 01_load_csv to None, run_after=None
[2026-07-10T00:49:16.805+0000] {processor.py:208} INFO - Processing /opt/airflow/dags/01_load_csv.py took 0.110 seconds
[2026-07-10T00:49:47.235+0000] {processor.py:186} INFO - Started process (PID=12531) to work on /opt/airflow/dags/01_load_csv.py
[2026-07-10T00:49:47.236+0000] {processor.py:914} INFO - Processing file /opt/airflow/dags/01_load_csv.py for tasks to queue
[2026-07-10T00:49:47.238+0000] {logging_mixin.py:190} INFO - [2026-07-10T00:49:47.238+0000] {dagbag.py:588} INFO - Filling up the DagBag from /opt/airflow/dags/01_load_csv.py
[2026-07-10T00:49:47.247+0000] {processor.py:925} INFO - DAG(s) '01_load_csv' retrieved from /opt/airflow/dags/01_load_csv.py
[2026-07-10T00:49:47.280+0000] {logging_mixin.py:190} INFO - [2026-07-10T00:49:47.280+0000] {dag.py:3239} INFO - Sync 1 DAGs
[2026-07-10T00:49:47.299+0000] {logging_mixin.py:190} INFO - [2026-07-10T00:49:47.298+0000] {dag.py:4180} INFO - Setting next_dagrun for 01_load_csv to None, run_after=None
[2026-07-10T00:49:47.320+0000] {processor.py:208} INFO - Processing /opt/airflow/dags/01_load_csv.py took 0.092 seconds
[2026-07-10T00:50:17.658+0000] {processor.py:186} INFO - Started process (PID=12572) to work on /opt/airflow/dags/01_load_csv.py
[2026-07-10T00:50:17.660+0000] {processor.py:914} INFO - Processing file /opt/airflow/dags/01_load_csv.py for tasks to queue
[2026-07-10T00:50:17.662+0000] {logging_mixin.py:190} INFO - [2026-07-10T00:50:17.662+0000] {dagbag.py:588} INFO - Filling up the DagBag from /opt/airflow/dags/01_load_csv.py
[2026-07-10T00:50:17.672+0000] {processor.py:925} INFO - DAG(s) '01_load_csv' retrieved from /opt/airflow/dags/01_load_csv.py
[2026-07-10T00:50:17.706+0000] {logging_mixin.py:190} INFO - [2026-07-10T00:50:17.706+0000] {dag.py:3239} INFO - Sync 1 DAGs
[2026-07-10T00:50:17.722+0000] {logging_mixin.py:190} INFO - [2026-07-10T00:50:17.722+0000] {dag.py:4180} INFO - Setting next_dagrun for 01_load_csv to None, run_after=None
[2026-07-10T00:50:17.742+0000] {processor.py:208} INFO - Processing /opt/airflow/dags/01_load_csv.py took 0.091 seconds
[2026-07-10T00:50:47.938+0000] {processor.py:186} INFO - Started process (PID=12612) to work on /opt/airflow/dags/01_load_csv.py
[2026-07-10T00:50:47.939+0000] {processor.py:914} INFO - Processing file /opt/airflow/dags/01_load_csv.py for tasks to queue
[2026-07-10T00:50:47.942+0000] {logging_mixin.py:190} INFO - [2026-07-10T00:50:47.942+0000] {dagbag.py:588} INFO - Filling up the DagBag from /opt/airflow/dags/01_load_csv.py
[2026-07-10T00:50:47.953+0000] {processor.py:925} INFO - DAG(s) '01_load_csv' retrieved from /opt/airflow/dags/01_load_csv.py
[2026-07-10T00:50:47.993+0000] {logging_mixin.py:190} INFO - [2026-07-10T00:50:47.993+0000] {dag.py:3239} INFO - Sync 1 DAGs
[2026-07-10T00:50:48.012+0000] {logging_mixin.py:190} INFO - [2026-07-10T00:50:48.012+0000] {dag.py:4180} INFO - Setting next_dagrun for 01_load_csv to None, run_after=None
[2026-07-10T00:50:48.038+0000] {processor.py:208} INFO - Processing /opt/airflow/dags/01_load_csv.py took 0.109 seconds
[2026-07-10T00:51:18.419+0000] {processor.py:186} INFO - Started process (PID=12652) to work on /opt/airflow/dags/01_load_csv.py
[2026-07-10T00:51:18.420+0000] {processor.py:914} INFO - Processing file /opt/airflow/dags/01_load_csv.py for tasks to queue
[2026-07-10T00:51:18.423+0000] {logging_mixin.py:190} INFO - [2026-07-10T00:51:18.422+0000] {dagbag.py:588} INFO - Filling up the DagBag from /opt/airflow/dags/01_load_csv.py
[2026-07-10T00:51:18.436+0000] {processor.py:925} INFO - DAG(s) '01_load_csv' retrieved from /opt/airflow/dags/01_load_csv.py
[2026-07-10T00:51:18.482+0000] {logging_mixin.py:190} INFO - [2026-07-10T00:51:18.482+0000] {dag.py:3239} INFO - Sync 1 DAGs
[2026-07-10T00:51:18.504+0000] {logging_mixin.py:190} INFO - [2026-07-10T00:51:18.504+0000] {dag.py:4180} INFO - Setting next_dagrun for 01_load_csv to None, run_after=None
[2026-07-10T00:51:18.534+0000] {processor.py:208} INFO - Processing /opt/airflow/dags/01_load_csv.py took 0.126 seconds
[2026-07-10T00:51:49.554+0000] {processor.py:186} INFO - Started process (PID=12692) to work on /opt/airflow/dags/01_load_csv.py
[2026-07-10T00:51:49.556+0000] {processor.py:914} INFO - Processing file /opt/airflow/dags/01_load_csv.py for tasks to queue
[2026-07-10T00:51:49.561+0000] {logging_mixin.py:190} INFO - [2026-07-10T00:51:49.560+0000] {dagbag.py:588} INFO - Filling up the DagBag from /opt/airflow/dags/01_load_csv.py
[2026-07-10T00:51:49.574+0000] {processor.py:925} INFO - DAG(s) '01_load_csv' retrieved from /opt/airflow/dags/01_load_csv.py
[2026-07-10T00:51:49.625+0000] {logging_mixin.py:190} INFO - [2026-07-10T00:51:49.625+0000] {dag.py:3239} INFO - Sync 1 DAGs
[2026-07-10T00:51:49.649+0000] {logging_mixin.py:190} INFO - [2026-07-10T00:51:49.649+0000] {dag.py:4180} INFO - Setting next_dagrun for 01_load_csv to None, run_after=None
[2026-07-10T00:51:49.676+0000] {processor.py:208} INFO - Processing /opt/airflow/dags/01_load_csv.py took 0.131 seconds
[2026-07-10T00:52:19.802+0000] {processor.py:186} INFO - Started process (PID=12732) to work on /opt/airflow/dags/01_load_csv.py
[2026-07-10T00:52:19.803+0000] {processor.py:914} INFO - Processing file /opt/airflow/dags/01_load_csv.py for tasks to queue
[2026-07-10T00:52:19.806+0000] {logging_mixin.py:190} INFO - [2026-07-10T00:52:19.805+0000] {dagbag.py:588} INFO - Filling up the DagBag from /opt/airflow/dags/01_load_csv.py
[2026-07-10T00:52:19.816+0000] {processor.py:925} INFO - DAG(s) '01_load_csv' retrieved from /opt/airflow/dags/01_load_csv.py
[2026-07-10T00:52:19.851+0000] {logging_mixin.py:190} INFO - [2026-07-10T00:52:19.850+0000] {dag.py:3239} INFO - Sync 1 DAGs
[2026-07-10T00:52:19.867+0000] {logging_mixin.py:190} INFO - [2026-07-10T00:52:19.867+0000] {dag.py:4180} INFO - Setting next_dagrun for 01_load_csv to None, run_after=None
[2026-07-10T00:52:19.887+0000] {processor.py:208} INFO - Processing /opt/airflow/dags/01_load_csv.py took 0.093 seconds
[2026-07-10T00:52:50.058+0000] {processor.py:186} INFO - Started process (PID=12772) to work on /opt/airflow/dags/01_load_csv.py
[2026-07-10T00:52:50.060+0000] {processor.py:914} INFO - Processing file /opt/airflow/dags/01_load_csv.py for tasks to queue
[2026-07-10T00:52:50.063+0000] {logging_mixin.py:190} INFO - [2026-07-10T00:52:50.063+0000] {dagbag.py:588} INFO - Filling up the DagBag from /opt/airflow/dags/01_load_csv.py
[2026-07-10T00:52:50.079+0000] {processor.py:925} INFO - DAG(s) '01_load_csv' retrieved from /opt/airflow/dags/01_load_csv.py
[2026-07-10T00:52:50.149+0000] {logging_mixin.py:190} INFO - [2026-07-10T00:52:50.149+0000] {dag.py:3239} INFO - Sync 1 DAGs
[2026-07-10T00:52:50.194+0000] {logging_mixin.py:190} INFO - [2026-07-10T00:52:50.194+0000] {dag.py:4180} INFO - Setting next_dagrun for 01_load_csv to None, run_after=None
[2026-07-10T00:52:50.240+0000] {processor.py:208} INFO - Processing /opt/airflow/dags/01_load_csv.py took 0.195 seconds
[2026-07-10T00:53:20.363+0000] {processor.py:186} INFO - Started process (PID=12810) to work on /opt/airflow/dags/01_load_csv.py
[2026-07-10T00:53:20.364+0000] {processor.py:914} INFO - Processing file /opt/airflow/dags/01_load_csv.py for tasks to queue
[2026-07-10T00:53:20.366+0000] {logging_mixin.py:190} INFO - [2026-07-10T00:53:20.366+0000] {dagbag.py:588} INFO - Filling up the DagBag from /opt/airflow/dags/01_load_csv.py
[2026-07-10T00:53:20.377+0000] {processor.py:925} INFO - DAG(s) '01_load_csv' retrieved from /opt/airflow/dags/01_load_csv.py
[2026-07-10T00:53:20.416+0000] {logging_mixin.py:190} INFO - [2026-07-10T00:53:20.416+0000] {dag.py:3239} INFO - Sync 1 DAGs
[2026-07-10T00:53:20.437+0000] {logging_mixin.py:190} INFO - [2026-07-10T00:53:20.437+0000] {dag.py:4180} INFO - Setting next_dagrun for 01_load_csv to None, run_after=None
[2026-07-10T00:53:20.866+0000] {processor.py:208} INFO - Processing /opt/airflow/dags/01_load_csv.py took 0.509 seconds
[2026-07-10T00:53:50.973+0000] {processor.py:186} INFO - Started process (PID=12850) to work on /opt/airflow/dags/01_load_csv.py
[2026-07-10T00:53:50.974+0000] {processor.py:914} INFO - Processing file /opt/airflow/dags/01_load_csv.py for tasks to queue
[2026-07-10T00:53:50.977+0000] {logging_mixin.py:190} INFO - [2026-07-10T00:53:50.977+0000] {dagbag.py:588} INFO - Filling up the DagBag from /opt/airflow/dags/01_load_csv.py
[2026-07-10T00:53:50.993+0000] {processor.py:925} INFO - DAG(s) '01_load_csv' retrieved from /opt/airflow/dags/01_load_csv.py
[2026-07-10T00:53:51.040+0000] {logging_mixin.py:190} INFO - [2026-07-10T00:53:51.039+0000] {dag.py:3239} INFO - Sync 1 DAGs
[2026-07-10T00:53:51.061+0000] {logging_mixin.py:190} INFO - [2026-07-10T00:53:51.061+0000] {dag.py:4180} INFO - Setting next_dagrun for 01_load_csv to None, run_after=None
[2026-07-10T00:53:51.089+0000] {processor.py:208} INFO - Processing /opt/airflow/dags/01_load_csv.py took 0.124 seconds
[2026-07-10T00:54:21.671+0000] {processor.py:186} INFO - Started process (PID=12892) to work on /opt/airflow/dags/01_load_csv.py
[2026-07-10T00:54:21.673+0000] {processor.py:914} INFO - Processing file /opt/airflow/dags/01_load_csv.py for tasks to queue
[2026-07-10T00:54:21.675+0000] {logging_mixin.py:190} INFO - [2026-07-10T00:54:21.674+0000] {dagbag.py:588} INFO - Filling up the DagBag from /opt/airflow/dags/01_load_csv.py
[2026-07-10T00:54:21.683+0000] {processor.py:925} INFO - DAG(s) '01_load_csv' retrieved from /opt/airflow/dags/01_load_csv.py
[2026-07-10T00:54:21.717+0000] {logging_mixin.py:190} INFO - [2026-07-10T00:54:21.717+0000] {dag.py:3239} INFO - Sync 1 DAGs
[2026-07-10T00:54:21.734+0000] {logging_mixin.py:190} INFO - [2026-07-10T00:54:21.733+0000] {dag.py:4180} INFO - Setting next_dagrun for 01_load_csv to None, run_after=None
[2026-07-10T00:54:21.765+0000] {processor.py:208} INFO - Processing /opt/airflow/dags/01_load_csv.py took 0.100 seconds
[2026-07-10T00:54:52.137+0000] {processor.py:186} INFO - Started process (PID=12932) to work on /opt/airflow/dags/01_load_csv.py
[2026-07-10T00:54:52.139+0000] {processor.py:914} INFO - Processing file /opt/airflow/dags/01_load_csv.py for tasks to queue
[2026-07-10T00:54:52.142+0000] {logging_mixin.py:190} INFO - [2026-07-10T00:54:52.142+0000] {dagbag.py:588} INFO - Filling up the DagBag from /opt/airflow/dags/01_load_csv.py
[2026-07-10T00:54:52.154+0000] {processor.py:925} INFO - DAG(s) '01_load_csv' retrieved from /opt/airflow/dags/01_load_csv.py
[2026-07-10T00:54:52.200+0000] {logging_mixin.py:190} INFO - [2026-07-10T00:54:52.200+0000] {dag.py:3239} INFO - Sync 1 DAGs
[2026-07-10T00:54:52.221+0000] {logging_mixin.py:190} INFO - [2026-07-10T00:54:52.221+0000] {dag.py:4180} INFO - Setting next_dagrun for 01_load_csv to None, run_after=None
[2026-07-10T00:54:52.246+0000] {processor.py:208} INFO - Processing /opt/airflow/dags/01_load_csv.py took 0.119 seconds
[2026-07-10T00:55:22.471+0000] {processor.py:186} INFO - Started process (PID=12972) to work on /opt/airflow/dags/01_load_csv.py
[2026-07-10T00:55:22.472+0000] {processor.py:914} INFO - Processing file /opt/airflow/dags/01_load_csv.py for tasks to queue
[2026-07-10T00:55:22.475+0000] {logging_mixin.py:190} INFO - [2026-07-10T00:55:22.475+0000] {dagbag.py:588} INFO - Filling up the DagBag from /opt/airflow/dags/01_load_csv.py
[2026-07-10T00:55:22.486+0000] {processor.py:925} INFO - DAG(s) '01_load_csv' retrieved from /opt/airflow/dags/01_load_csv.py
[2026-07-10T00:55:22.528+0000] {logging_mixin.py:190} INFO - [2026-07-10T00:55:22.528+0000] {dag.py:3239} INFO - Sync 1 DAGs
[2026-07-10T00:55:22.545+0000] {logging_mixin.py:190} INFO - [2026-07-10T00:55:22.545+0000] {dag.py:4180} INFO - Setting next_dagrun for 01_load_csv to None, run_after=None
[2026-07-10T00:55:22.565+0000] {processor.py:208} INFO - Processing /opt/airflow/dags/01_load_csv.py took 0.103 seconds
[2026-07-10T00:55:52.778+0000] {processor.py:186} INFO - Started process (PID=13010) to work on /opt/airflow/dags/01_load_csv.py
[2026-07-10T00:55:52.779+0000] {processor.py:914} INFO - Processing file /opt/airflow/dags/01_load_csv.py for tasks to queue
[2026-07-10T00:55:52.782+0000] {logging_mixin.py:190} INFO - [2026-07-10T00:55:52.782+0000] {dagbag.py:588} INFO - Filling up the DagBag from /opt/airflow/dags/01_load_csv.py
[2026-07-10T00:55:52.792+0000] {processor.py:925} INFO - DAG(s) '01_load_csv' retrieved from /opt/airflow/dags/01_load_csv.py
[2026-07-10T00:55:52.837+0000] {logging_mixin.py:190} INFO - [2026-07-10T00:55:52.837+0000] {dag.py:3239} INFO - Sync 1 DAGs
[2026-07-10T00:55:53.012+0000] {logging_mixin.py:190} INFO - [2026-07-10T00:55:53.012+0000] {dag.py:4180} INFO - Setting next_dagrun for 01_load_csv to None, run_after=None
[2026-07-10T00:55:53.029+0000] {processor.py:208} INFO - Processing /opt/airflow/dags/01_load_csv.py took 0.261 seconds
[2026-07-10T00:56:23.139+0000] {processor.py:186} INFO - Started process (PID=13050) to work on /opt/airflow/dags/01_load_csv.py
[2026-07-10T00:56:23.141+0000] {processor.py:914} INFO - Processing file /opt/airflow/dags/01_load_csv.py for tasks to queue
[2026-07-10T00:56:23.144+0000] {logging_mixin.py:190} INFO - [2026-07-10T00:56:23.143+0000] {dagbag.py:588} INFO - Filling up the DagBag from /opt/airflow/dags/01_load_csv.py
[2026-07-10T00:56:23.155+0000] {processor.py:925} INFO - DAG(s) '01_load_csv' retrieved from /opt/airflow/dags/01_load_csv.py
[2026-07-10T00:56:23.188+0000] {logging_mixin.py:190} INFO - [2026-07-10T00:56:23.188+0000] {dag.py:3239} INFO - Sync 1 DAGs
[2026-07-10T00:56:23.204+0000] {logging_mixin.py:190} INFO - [2026-07-10T00:56:23.204+0000] {dag.py:4180} INFO - Setting next_dagrun for 01_load_csv to None, run_after=None
[2026-07-10T00:56:23.223+0000] {processor.py:208} INFO - Processing /opt/airflow/dags/01_load_csv.py took 0.092 seconds
[2026-07-10T00:56:53.516+0000] {processor.py:186} INFO - Started process (PID=13090) to work on /opt/airflow/dags/01_load_csv.py
[2026-07-10T00:56:53.518+0000] {processor.py:914} INFO - Processing file /opt/airflow/dags/01_load_csv.py for tasks to queue
[2026-07-10T00:56:53.522+0000] {logging_mixin.py:190} INFO - [2026-07-10T00:56:53.521+0000] {dagbag.py:588} INFO - Filling up the DagBag from /opt/airflow/dags/01_load_csv.py
[2026-07-10T00:56:53.535+0000] {processor.py:925} INFO - DAG(s) '01_load_csv' retrieved from /opt/airflow/dags/01_load_csv.py
[2026-07-10T00:56:53.582+0000] {logging_mixin.py:190} INFO - [2026-07-10T00:56:53.582+0000] {dag.py:3239} INFO - Sync 1 DAGs
[2026-07-10T00:56:53.600+0000] {logging_mixin.py:190} INFO - [2026-07-10T00:56:53.600+0000] {dag.py:4180} INFO - Setting next_dagrun for 01_load_csv to None, run_after=None
[2026-07-10T00:56:53.782+0000] {processor.py:208} INFO - Processing /opt/airflow/dags/01_load_csv.py took 0.278 seconds
[2026-07-10T00:57:24.322+0000] {processor.py:186} INFO - Started process (PID=13132) to work on /opt/airflow/dags/01_load_csv.py
[2026-07-10T00:57:24.324+0000] {processor.py:914} INFO - Processing file /opt/airflow/dags/01_load_csv.py for tasks to queue
[2026-07-10T00:57:24.329+0000] {logging_mixin.py:190} INFO - [2026-07-10T00:57:24.328+0000] {dagbag.py:588} INFO - Filling up the DagBag from /opt/airflow/dags/01_load_csv.py
[2026-07-10T00:57:24.346+0000] {processor.py:925} INFO - DAG(s) '01_load_csv' retrieved from /opt/airflow/dags/01_load_csv.py
[2026-07-10T00:57:24.414+0000] {logging_mixin.py:190} INFO - [2026-07-10T00:57:24.414+0000] {dag.py:3239} INFO - Sync 1 DAGs
[2026-07-10T00:57:24.443+0000] {logging_mixin.py:190} INFO - [2026-07-10T00:57:24.443+0000] {dag.py:4180} INFO - Setting next_dagrun for 01_load_csv to None, run_after=None
[2026-07-10T00:57:24.480+0000] {processor.py:208} INFO - Processing /opt/airflow/dags/01_load_csv.py took 0.172 seconds
[2026-07-10T00:57:54.612+0000] {processor.py:186} INFO - Started process (PID=13172) to work on /opt/airflow/dags/01_load_csv.py
[2026-07-10T00:57:54.613+0000] {processor.py:914} INFO - Processing file /opt/airflow/dags/01_load_csv.py for tasks to queue
[2026-07-10T00:57:54.616+0000] {logging_mixin.py:190} INFO - [2026-07-10T00:57:54.616+0000] {dagbag.py:588} INFO - Filling up the DagBag from /opt/airflow/dags/01_load_csv.py
[2026-07-10T00:57:54.628+0000] {processor.py:925} INFO - DAG(s) '01_load_csv' retrieved from /opt/airflow/dags/01_load_csv.py
[2026-07-10T00:57:54.668+0000] {logging_mixin.py:190} INFO - [2026-07-10T00:57:54.668+0000] {dag.py:3239} INFO - Sync 1 DAGs
[2026-07-10T00:57:54.687+0000] {logging_mixin.py:190} INFO - [2026-07-10T00:57:54.687+0000] {dag.py:4180} INFO - Setting next_dagrun for 01_load_csv to None, run_after=None
[2026-07-10T00:57:54.710+0000] {processor.py:208} INFO - Processing /opt/airflow/dags/01_load_csv.py took 0.107 seconds
[2026-07-10T00:58:24.999+0000] {processor.py:186} INFO - Started process (PID=13212) to work on /opt/airflow/dags/01_load_csv.py
[2026-07-10T00:58:25.000+0000] {processor.py:914} INFO - Processing file /opt/airflow/dags/01_load_csv.py for tasks to queue
[2026-07-10T00:58:25.004+0000] {logging_mixin.py:190} INFO - [2026-07-10T00:58:25.003+0000] {dagbag.py:588} INFO - Filling up the DagBag from /opt/airflow/dags/01_load_csv.py
[2026-07-10T00:58:25.016+0000] {processor.py:925} INFO - DAG(s) '01_load_csv' retrieved from /opt/airflow/dags/01_load_csv.py
[2026-07-10T00:58:25.055+0000] {logging_mixin.py:190} INFO - [2026-07-10T00:58:25.055+0000] {dag.py:3239} INFO - Sync 1 DAGs
[2026-07-10T00:58:25.252+0000] {logging_mixin.py:190} INFO - [2026-07-10T00:58:25.251+0000] {dag.py:4180} INFO - Setting next_dagrun for 01_load_csv to None, run_after=None
[2026-07-10T00:58:25.274+0000] {processor.py:208} INFO - Processing /opt/airflow/dags/01_load_csv.py took 0.285 seconds
[2026-07-10T00:58:55.501+0000] {processor.py:186} INFO - Started process (PID=13252) to work on /opt/airflow/dags/01_load_csv.py
[2026-07-10T00:58:55.503+0000] {processor.py:914} INFO - Processing file /opt/airflow/dags/01_load_csv.py for tasks to queue
[2026-07-10T00:58:55.509+0000] {logging_mixin.py:190} INFO - [2026-07-10T00:58:55.508+0000] {dagbag.py:588} INFO - Filling up the DagBag from /opt/airflow/dags/01_load_csv.py
[2026-07-10T00:58:55.524+0000] {processor.py:925} INFO - DAG(s) '01_load_csv' retrieved from /opt/airflow/dags/01_load_csv.py
[2026-07-10T00:58:55.578+0000] {logging_mixin.py:190} INFO - [2026-07-10T00:58:55.577+0000] {dag.py:3239} INFO - Sync 1 DAGs
[2026-07-10T00:58:55.606+0000] {logging_mixin.py:190} INFO - [2026-07-10T00:58:55.606+0000] {dag.py:4180} INFO - Setting next_dagrun for 01_load_csv to None, run_after=None
[2026-07-10T00:58:55.635+0000] {processor.py:208} INFO - Processing /opt/airflow/dags/01_load_csv.py took 0.146 seconds
[2026-07-10T00:59:26.284+0000] {processor.py:186} INFO - Started process (PID=13290) to work on /opt/airflow/dags/01_load_csv.py
[2026-07-10T00:59:26.286+0000] {processor.py:914} INFO - Processing file /opt/airflow/dags/01_load_csv.py for tasks to queue
[2026-07-10T00:59:26.292+0000] {logging_mixin.py:190} INFO - [2026-07-10T00:59:26.292+0000] {dagbag.py:588} INFO - Filling up the DagBag from /opt/airflow/dags/01_load_csv.py
[2026-07-10T00:59:26.307+0000] {processor.py:925} INFO - DAG(s) '01_load_csv' retrieved from /opt/airflow/dags/01_load_csv.py
[2026-07-10T00:59:26.348+0000] {logging_mixin.py:190} INFO - [2026-07-10T00:59:26.347+0000] {dag.py:3239} INFO - Sync 1 DAGs
[2026-07-10T00:59:26.537+0000] {logging_mixin.py:190} INFO - [2026-07-10T00:59:26.536+0000] {dag.py:4180} INFO - Setting next_dagrun for 01_load_csv to None, run_after=None
[2026-07-10T00:59:26.554+0000] {processor.py:208} INFO - Processing /opt/airflow/dags/01_load_csv.py took 0.284 seconds
[2026-07-10T00:59:57.076+0000] {processor.py:186} INFO - Started process (PID=13332) to work on /opt/airflow/dags/01_load_csv.py
[2026-07-10T00:59:57.077+0000] {processor.py:914} INFO - Processing file /opt/airflow/dags/01_load_csv.py for tasks to queue
[2026-07-10T00:59:57.080+0000] {logging_mixin.py:190} INFO - [2026-07-10T00:59:57.079+0000] {dagbag.py:588} INFO - Filling up the DagBag from /opt/airflow/dags/01_load_csv.py
[2026-07-10T00:59:57.090+0000] {processor.py:925} INFO - DAG(s) '01_load_csv' retrieved from /opt/airflow/dags/01_load_csv.py
[2026-07-10T00:59:57.125+0000] {logging_mixin.py:190} INFO - [2026-07-10T00:59:57.125+0000] {dag.py:3239} INFO - Sync 1 DAGs
[2026-07-10T00:59:57.141+0000] {logging_mixin.py:190} INFO - [2026-07-10T00:59:57.140+0000] {dag.py:4180} INFO - Setting next_dagrun for 01_load_csv to None, run_after=None
[2026-07-10T00:59:57.161+0000] {processor.py:208} INFO - Processing /opt/airflow/dags/01_load_csv.py took 0.092 seconds
[2026-07-10T01:00:28.223+0000] {processor.py:186} INFO - Started process (PID=13372) to work on /opt/airflow/dags/01_load_csv.py
[2026-07-10T01:00:28.225+0000] {processor.py:914} INFO - Processing file /opt/airflow/dags/01_load_csv.py for tasks to queue
[2026-07-10T01:00:28.229+0000] {logging_mixin.py:190} INFO - [2026-07-10T01:00:28.228+0000] {dagbag.py:588} INFO - Filling up the DagBag from /opt/airflow/dags/01_load_csv.py
[2026-07-10T01:00:28.238+0000] {processor.py:925} INFO - DAG(s) '01_load_csv' retrieved from /opt/airflow/dags/01_load_csv.py
[2026-07-10T01:00:28.276+0000] {logging_mixin.py:190} INFO - [2026-07-10T01:00:28.275+0000] {dag.py:3239} INFO - Sync 1 DAGs
[2026-07-10T01:00:28.292+0000] {logging_mixin.py:190} INFO - [2026-07-10T01:00:28.291+0000] {dag.py:4180} INFO - Setting next_dagrun for 01_load_csv to None, run_after=None
[2026-07-10T01:00:28.313+0000] {processor.py:208} INFO - Processing /opt/airflow/dags/01_load_csv.py took 0.098 seconds
[2026-07-10T01:00:58.434+0000] {processor.py:186} INFO - Started process (PID=13412) to work on /opt/airflow/dags/01_load_csv.py
[2026-07-10T01:00:58.435+0000] {processor.py:914} INFO - Processing file /opt/airflow/dags/01_load_csv.py for tasks to queue
[2026-07-10T01:00:58.438+0000] {logging_mixin.py:190} INFO - [2026-07-10T01:00:58.437+0000] {dagbag.py:588} INFO - Filling up the DagBag from /opt/airflow/dags/01_load_csv.py
[2026-07-10T01:00:58.454+0000] {processor.py:925} INFO - DAG(s) '01_load_csv' retrieved from /opt/airflow/dags/01_load_csv.py
[2026-07-10T01:00:58.508+0000] {logging_mixin.py:190} INFO - [2026-07-10T01:00:58.507+0000] {dag.py:3239} INFO - Sync 1 DAGs
[2026-07-10T01:00:58.534+0000] {logging_mixin.py:190} INFO - [2026-07-10T01:00:58.533+0000] {dag.py:4180} INFO - Setting next_dagrun for 01_load_csv to None, run_after=None
[2026-07-10T01:00:58.557+0000] {processor.py:208} INFO - Processing /opt/airflow/dags/01_load_csv.py took 0.134 seconds
[2026-07-10T01:01:28.740+0000] {processor.py:186} INFO - Started process (PID=13452) to work on /opt/airflow/dags/01_load_csv.py
[2026-07-10T01:01:28.742+0000] {processor.py:914} INFO - Processing file /opt/airflow/dags/01_load_csv.py for tasks to queue
[2026-07-10T01:01:28.745+0000] {logging_mixin.py:190} INFO - [2026-07-10T01:01:28.745+0000] {dagbag.py:588} INFO - Filling up the DagBag from /opt/airflow/dags/01_load_csv.py
[2026-07-10T01:01:28.759+0000] {processor.py:925} INFO - DAG(s) '01_load_csv' retrieved from /opt/airflow/dags/01_load_csv.py
[2026-07-10T01:01:28.808+0000] {logging_mixin.py:190} INFO - [2026-07-10T01:01:28.808+0000] {dag.py:3239} INFO - Sync 1 DAGs
[2026-07-10T01:01:28.836+0000] {logging_mixin.py:190} INFO - [2026-07-10T01:01:28.835+0000] {dag.py:4180} INFO - Setting next_dagrun for 01_load_csv to None, run_after=None
[2026-07-10T01:01:28.871+0000] {processor.py:208} INFO - Processing /opt/airflow/dags/01_load_csv.py took 0.141 seconds
[2026-07-10T01:01:58.958+0000] {processor.py:186} INFO - Started process (PID=13490) to work on /opt/airflow/dags/01_load_csv.py
[2026-07-10T01:01:58.959+0000] {processor.py:914} INFO - Processing file /opt/airflow/dags/01_load_csv.py for tasks to queue
[2026-07-10T01:01:58.962+0000] {logging_mixin.py:190} INFO - [2026-07-10T01:01:58.961+0000] {dagbag.py:588} INFO - Filling up the DagBag from /opt/airflow/dags/01_load_csv.py
[2026-07-10T01:01:58.972+0000] {processor.py:925} INFO - DAG(s) '01_load_csv' retrieved from /opt/airflow/dags/01_load_csv.py
[2026-07-10T01:01:59.013+0000] {logging_mixin.py:190} INFO - [2026-07-10T01:01:59.013+0000] {dag.py:3239} INFO - Sync 1 DAGs
[2026-07-10T01:01:59.029+0000] {logging_mixin.py:190} INFO - [2026-07-10T01:01:59.029+0000] {dag.py:4180} INFO - Setting next_dagrun for 01_load_csv to None, run_after=None
[2026-07-10T01:01:59.063+0000] {processor.py:208} INFO - Processing /opt/airflow/dags/01_load_csv.py took 0.112 seconds
[2026-07-10T01:02:29.877+0000] {processor.py:186} INFO - Started process (PID=13532) to work on /opt/airflow/dags/01_load_csv.py
[2026-07-10T01:02:29.879+0000] {processor.py:914} INFO - Processing file /opt/airflow/dags/01_load_csv.py for tasks to queue
[2026-07-10T01:02:29.885+0000] {logging_mixin.py:190} INFO - [2026-07-10T01:02:29.884+0000] {dagbag.py:588} INFO - Filling up the DagBag from /opt/airflow/dags/01_load_csv.py
[2026-07-10T01:02:29.907+0000] {processor.py:925} INFO - DAG(s) '01_load_csv' retrieved from /opt/airflow/dags/01_load_csv.py
[2026-07-10T01:02:29.981+0000] {logging_mixin.py:190} INFO - [2026-07-10T01:02:29.980+0000] {dag.py:3239} INFO - Sync 1 DAGs
[2026-07-10T01:02:30.010+0000] {logging_mixin.py:190} INFO - [2026-07-10T01:02:30.010+0000] {dag.py:4180} INFO - Setting next_dagrun for 01_load_csv to None, run_after=None
[2026-07-10T01:02:30.044+0000] {processor.py:208} INFO - Processing /opt/airflow/dags/01_load_csv.py took 0.182 seconds
[2026-07-10T01:03:00.484+0000] {processor.py:186} INFO - Started process (PID=13572) to work on /opt/airflow/dags/01_load_csv.py
[2026-07-10T01:03:00.485+0000] {processor.py:914} INFO - Processing file /opt/airflow/dags/01_load_csv.py for tasks to queue
[2026-07-10T01:03:00.490+0000] {logging_mixin.py:190} INFO - [2026-07-10T01:03:00.489+0000] {dagbag.py:588} INFO - Filling up the DagBag from /opt/airflow/dags/01_load_csv.py
[2026-07-10T01:03:00.503+0000] {processor.py:925} INFO - DAG(s) '01_load_csv' retrieved from /opt/airflow/dags/01_load_csv.py
[2026-07-10T01:03:00.540+0000] {logging_mixin.py:190} INFO - [2026-07-10T01:03:00.540+0000] {dag.py:3239} INFO - Sync 1 DAGs
[2026-07-10T01:03:00.559+0000] {logging_mixin.py:190} INFO - [2026-07-10T01:03:00.559+0000] {dag.py:4180} INFO - Setting next_dagrun for 01_load_csv to None, run_after=None
[2026-07-10T01:03:00.580+0000] {processor.py:208} INFO - Processing /opt/airflow/dags/01_load_csv.py took 0.105 seconds
[2026-07-10T01:03:30.876+0000] {processor.py:186} INFO - Started process (PID=13612) to work on /opt/airflow/dags/01_load_csv.py
[2026-07-10T01:03:30.877+0000] {processor.py:914} INFO - Processing file /opt/airflow/dags/01_load_csv.py for tasks to queue
[2026-07-10T01:03:30.880+0000] {logging_mixin.py:190} INFO - [2026-07-10T01:03:30.879+0000] {dagbag.py:588} INFO - Filling up the DagBag from /opt/airflow/dags/01_load_csv.py
[2026-07-10T01:03:30.890+0000] {processor.py:925} INFO - DAG(s) '01_load_csv' retrieved from /opt/airflow/dags/01_load_csv.py
[2026-07-10T01:03:30.930+0000] {logging_mixin.py:190} INFO - [2026-07-10T01:03:30.930+0000] {dag.py:3239} INFO - Sync 1 DAGs
[2026-07-10T01:03:30.949+0000] {logging_mixin.py:190} INFO - [2026-07-10T01:03:30.948+0000] {dag.py:4180} INFO - Setting next_dagrun for 01_load_csv to None, run_after=None
[2026-07-10T01:03:30.976+0000] {processor.py:208} INFO - Processing /opt/airflow/dags/01_load_csv.py took 0.111 seconds
[2026-07-10T01:04:02.042+0000] {processor.py:186} INFO - Started process (PID=13650) to work on /opt/airflow/dags/01_load_csv.py
[2026-07-10T01:04:02.043+0000] {processor.py:914} INFO - Processing file /opt/airflow/dags/01_load_csv.py for tasks to queue
[2026-07-10T01:04:02.046+0000] {logging_mixin.py:190} INFO - [2026-07-10T01:04:02.046+0000] {dagbag.py:588} INFO - Filling up the DagBag from /opt/airflow/dags/01_load_csv.py
[2026-07-10T01:04:02.060+0000] {processor.py:925} INFO - DAG(s) '01_load_csv' retrieved from /opt/airflow/dags/01_load_csv.py
[2026-07-10T01:04:02.212+0000] {logging_mixin.py:190} INFO - [2026-07-10T01:04:02.212+0000] {dag.py:3239} INFO - Sync 1 DAGs
[2026-07-10T01:04:02.246+0000] {logging_mixin.py:190} INFO - [2026-07-10T01:04:02.245+0000] {dag.py:4180} INFO - Setting next_dagrun for 01_load_csv to None, run_after=None
[2026-07-10T01:04:02.316+0000] {processor.py:208} INFO - Processing /opt/airflow/dags/01_load_csv.py took 0.291 seconds
[2026-07-10T01:04:32.414+0000] {processor.py:186} INFO - Started process (PID=13692) to work on /opt/airflow/dags/01_load_csv.py
[2026-07-10T01:04:32.415+0000] {processor.py:914} INFO - Processing file /opt/airflow/dags/01_load_csv.py for tasks to queue
[2026-07-10T01:04:32.417+0000] {logging_mixin.py:190} INFO - [2026-07-10T01:04:32.417+0000] {dagbag.py:588} INFO - Filling up the DagBag from /opt/airflow/dags/01_load_csv.py
[2026-07-10T01:04:32.430+0000] {processor.py:925} INFO - DAG(s) '01_load_csv' retrieved from /opt/airflow/dags/01_load_csv.py
[2026-07-10T01:04:32.477+0000] {logging_mixin.py:190} INFO - [2026-07-10T01:04:32.477+0000] {dag.py:3239} INFO - Sync 1 DAGs
[2026-07-10T01:04:32.496+0000] {logging_mixin.py:190} INFO - [2026-07-10T01:04:32.496+0000] {dag.py:4180} INFO - Setting next_dagrun for 01_load_csv to None, run_after=None
[2026-07-10T01:04:32.524+0000] {processor.py:208} INFO - Processing /opt/airflow/dags/01_load_csv.py took 0.119 seconds
[2026-07-10T01:05:02.593+0000] {processor.py:186} INFO - Started process (PID=13732) to work on /opt/airflow/dags/01_load_csv.py
[2026-07-10T01:05:02.594+0000] {processor.py:914} INFO - Processing file /opt/airflow/dags/01_load_csv.py for tasks to queue
[2026-07-10T01:05:02.596+0000] {logging_mixin.py:190} INFO - [2026-07-10T01:05:02.596+0000] {dagbag.py:588} INFO - Filling up the DagBag from /opt/airflow/dags/01_load_csv.py
[2026-07-10T01:05:02.606+0000] {processor.py:925} INFO - DAG(s) '01_load_csv' retrieved from /opt/airflow/dags/01_load_csv.py
[2026-07-10T01:05:02.647+0000] {logging_mixin.py:190} INFO - [2026-07-10T01:05:02.646+0000] {dag.py:3239} INFO - Sync 1 DAGs
[2026-07-10T01:05:02.669+0000] {logging_mixin.py:190} INFO - [2026-07-10T01:05:02.669+0000] {dag.py:4180} INFO - Setting next_dagrun for 01_load_csv to None, run_after=None
[2026-07-10T01:05:02.695+0000] {processor.py:208} INFO - Processing /opt/airflow/dags/01_load_csv.py took 0.110 seconds
[2026-07-10T01:05:32.957+0000] {processor.py:186} INFO - Started process (PID=13772) to work on /opt/airflow/dags/01_load_csv.py
[2026-07-10T01:05:32.959+0000] {processor.py:914} INFO - Processing file /opt/airflow/dags/01_load_csv.py for tasks to queue
[2026-07-10T01:05:32.962+0000] {logging_mixin.py:190} INFO - [2026-07-10T01:05:32.962+0000] {dagbag.py:588} INFO - Filling up the DagBag from /opt/airflow/dags/01_load_csv.py
[2026-07-10T01:05:32.972+0000] {processor.py:925} INFO - DAG(s) '01_load_csv' retrieved from /opt/airflow/dags/01_load_csv.py
[2026-07-10T01:05:33.008+0000] {logging_mixin.py:190} INFO - [2026-07-10T01:05:33.008+0000] {dag.py:3239} INFO - Sync 1 DAGs
[2026-07-10T01:05:33.026+0000] {logging_mixin.py:190} INFO - [2026-07-10T01:05:33.026+0000] {dag.py:4180} INFO - Setting next_dagrun for 01_load_csv to None, run_after=None
[2026-07-10T01:05:33.047+0000] {processor.py:208} INFO - Processing /opt/airflow/dags/01_load_csv.py took 0.098 seconds
[2026-07-10T01:06:03.323+0000] {processor.py:186} INFO - Started process (PID=13812) to work on /opt/airflow/dags/01_load_csv.py
[2026-07-10T01:06:03.324+0000] {processor.py:914} INFO - Processing file /opt/airflow/dags/01_load_csv.py for tasks to queue
[2026-07-10T01:06:03.327+0000] {logging_mixin.py:190} INFO - [2026-07-10T01:06:03.326+0000] {dagbag.py:588} INFO - Filling up the DagBag from /opt/airflow/dags/01_load_csv.py
[2026-07-10T01:06:03.338+0000] {processor.py:925} INFO - DAG(s) '01_load_csv' retrieved from /opt/airflow/dags/01_load_csv.py
[2026-07-10T01:06:03.378+0000] {logging_mixin.py:190} INFO - [2026-07-10T01:06:03.378+0000] {dag.py:3239} INFO - Sync 1 DAGs
[2026-07-10T01:06:03.394+0000] {logging_mixin.py:190} INFO - [2026-07-10T01:06:03.394+0000] {dag.py:4180} INFO - Setting next_dagrun for 01_load_csv to None, run_after=None
[2026-07-10T01:06:03.421+0000] {processor.py:208} INFO - Processing /opt/airflow/dags/01_load_csv.py took 0.106 seconds
[2026-07-10T01:06:33.585+0000] {processor.py:186} INFO - Started process (PID=13852) to work on /opt/airflow/dags/01_load_csv.py
[2026-07-10T01:06:33.587+0000] {processor.py:914} INFO - Processing file /opt/airflow/dags/01_load_csv.py for tasks to queue
[2026-07-10T01:06:33.590+0000] {logging_mixin.py:190} INFO - [2026-07-10T01:06:33.590+0000] {dagbag.py:588} INFO - Filling up the DagBag from /opt/airflow/dags/01_load_csv.py
[2026-07-10T01:06:33.600+0000] {processor.py:925} INFO - DAG(s) '01_load_csv' retrieved from /opt/airflow/dags/01_load_csv.py
[2026-07-10T01:06:33.637+0000] {logging_mixin.py:190} INFO - [2026-07-10T01:06:33.637+0000] {dag.py:3239} INFO - Sync 1 DAGs
[2026-07-10T01:06:33.654+0000] {logging_mixin.py:190} INFO - [2026-07-10T01:06:33.653+0000] {dag.py:4180} INFO - Setting next_dagrun for 01_load_csv to None, run_after=None
[2026-07-10T01:06:33.675+0000] {processor.py:208} INFO - Processing /opt/airflow/dags/01_load_csv.py took 0.098 seconds
[2026-07-10T01:07:03.905+0000] {processor.py:186} INFO - Started process (PID=13892) to work on /opt/airflow/dags/01_load_csv.py
[2026-07-10T01:07:03.906+0000] {processor.py:914} INFO - Processing file /opt/airflow/dags/01_load_csv.py for tasks to queue
[2026-07-10T01:07:03.910+0000] {logging_mixin.py:190} INFO - [2026-07-10T01:07:03.909+0000] {dagbag.py:588} INFO - Filling up the DagBag from /opt/airflow/dags/01_load_csv.py
[2026-07-10T01:07:03.921+0000] {processor.py:925} INFO - DAG(s) '01_load_csv' retrieved from /opt/airflow/dags/01_load_csv.py
[2026-07-10T01:07:03.974+0000] {logging_mixin.py:190} INFO - [2026-07-10T01:07:03.974+0000] {dag.py:3239} INFO - Sync 1 DAGs
[2026-07-10T01:07:03.996+0000] {logging_mixin.py:190} INFO - [2026-07-10T01:07:03.996+0000] {dag.py:4180} INFO - Setting next_dagrun for 01_load_csv to None, run_after=None
[2026-07-10T01:07:04.028+0000] {processor.py:208} INFO - Processing /opt/airflow/dags/01_load_csv.py took 0.132 seconds
[2026-07-10T01:07:34.281+0000] {processor.py:186} INFO - Started process (PID=13932) to work on /opt/airflow/dags/01_load_csv.py
[2026-07-10T01:07:34.285+0000] {processor.py:914} INFO - Processing file /opt/airflow/dags/01_load_csv.py for tasks to queue
[2026-07-10T01:07:34.289+0000] {logging_mixin.py:190} INFO - [2026-07-10T01:07:34.288+0000] {dagbag.py:588} INFO - Filling up the DagBag from /opt/airflow/dags/01_load_csv.py
[2026-07-10T01:07:34.306+0000] {processor.py:925} INFO - DAG(s) '01_load_csv' retrieved from /opt/airflow/dags/01_load_csv.py
[2026-07-10T01:07:34.358+0000] {logging_mixin.py:190} INFO - [2026-07-10T01:07:34.357+0000] {dag.py:3239} INFO - Sync 1 DAGs
[2026-07-10T01:07:34.380+0000] {logging_mixin.py:190} INFO - [2026-07-10T01:07:34.380+0000] {dag.py:4180} INFO - Setting next_dagrun for 01_load_csv to None, run_after=None
[2026-07-10T01:07:34.407+0000] {processor.py:208} INFO - Processing /opt/airflow/dags/01_load_csv.py took 0.144 seconds
[2026-07-10T01:08:04.646+0000] {processor.py:186} INFO - Started process (PID=13972) to work on /opt/airflow/dags/01_load_csv.py
[2026-07-10T01:08:04.648+0000] {processor.py:914} INFO - Processing file /opt/airflow/dags/01_load_csv.py for tasks to queue
[2026-07-10T01:08:04.652+0000] {logging_mixin.py:190} INFO - [2026-07-10T01:08:04.652+0000] {dagbag.py:588} INFO - Filling up the DagBag from /opt/airflow/dags/01_load_csv.py
[2026-07-10T01:08:04.664+0000] {processor.py:925} INFO - DAG(s) '01_load_csv' retrieved from /opt/airflow/dags/01_load_csv.py
[2026-07-10T01:08:04.716+0000] {logging_mixin.py:190} INFO - [2026-07-10T01:08:04.716+0000] {dag.py:3239} INFO - Sync 1 DAGs
[2026-07-10T01:08:04.743+0000] {logging_mixin.py:190} INFO - [2026-07-10T01:08:04.742+0000] {dag.py:4180} INFO - Setting next_dagrun for 01_load_csv to None, run_after=None
[2026-07-10T01:08:04.771+0000] {processor.py:208} INFO - Processing /opt/airflow/dags/01_load_csv.py took 0.132 seconds
[2026-07-10T01:08:34.957+0000] {processor.py:186} INFO - Started process (PID=14010) to work on /opt/airflow/dags/01_load_csv.py
[2026-07-10T01:08:34.958+0000] {processor.py:914} INFO - Processing file /opt/airflow/dags/01_load_csv.py for tasks to queue
[2026-07-10T01:08:34.961+0000] {logging_mixin.py:190} INFO - [2026-07-10T01:08:34.961+0000] {dagbag.py:588} INFO - Filling up the DagBag from /opt/airflow/dags/01_load_csv.py
[2026-07-10T01:08:34.975+0000] {processor.py:925} INFO - DAG(s) '01_load_csv' retrieved from /opt/airflow/dags/01_load_csv.py
[2026-07-10T01:08:35.015+0000] {logging_mixin.py:190} INFO - [2026-07-10T01:08:35.015+0000] {dag.py:3239} INFO - Sync 1 DAGs
[2026-07-10T01:08:35.039+0000] {logging_mixin.py:190} INFO - [2026-07-10T01:08:35.038+0000] {dag.py:4180} INFO - Setting next_dagrun for 01_load_csv to None, run_after=None
[2026-07-10T01:08:35.063+0000] {processor.py:208} INFO - Processing /opt/airflow/dags/01_load_csv.py took 0.117 seconds
[2026-07-10T01:09:05.324+0000] {processor.py:186} INFO - Started process (PID=14052) to work on /opt/airflow/dags/01_load_csv.py
[2026-07-10T01:09:05.326+0000] {processor.py:914} INFO - Processing file /opt/airflow/dags/01_load_csv.py for tasks to queue
[2026-07-10T01:09:05.334+0000] {logging_mixin.py:190} INFO - [2026-07-10T01:09:05.333+0000] {dagbag.py:588} INFO - Filling up the DagBag from /opt/airflow/dags/01_load_csv.py
[2026-07-10T01:09:05.351+0000] {processor.py:925} INFO - DAG(s) '01_load_csv' retrieved from /opt/airflow/dags/01_load_csv.py
[2026-07-10T01:09:05.399+0000] {logging_mixin.py:190} INFO - [2026-07-10T01:09:05.399+0000] {dag.py:3239} INFO - Sync 1 DAGs
[2026-07-10T01:09:05.423+0000] {logging_mixin.py:190} INFO - [2026-07-10T01:09:05.422+0000] {dag.py:4180} INFO - Setting next_dagrun for 01_load_csv to None, run_after=None
[2026-07-10T01:09:05.448+0000] {processor.py:208} INFO - Processing /opt/airflow/dags/01_load_csv.py took 0.142 seconds
[2026-07-10T01:09:36.446+0000] {processor.py:186} INFO - Started process (PID=14092) to work on /opt/airflow/dags/01_load_csv.py
[2026-07-10T01:09:36.448+0000] {processor.py:914} INFO - Processing file /opt/airflow/dags/01_load_csv.py for tasks to queue
[2026-07-10T01:09:36.451+0000] {logging_mixin.py:190} INFO - [2026-07-10T01:09:36.450+0000] {dagbag.py:588} INFO - Filling up the DagBag from /opt/airflow/dags/01_load_csv.py
[2026-07-10T01:09:36.465+0000] {processor.py:925} INFO - DAG(s) '01_load_csv' retrieved from /opt/airflow/dags/01_load_csv.py
[2026-07-10T01:09:36.506+0000] {logging_mixin.py:190} INFO - [2026-07-10T01:09:36.506+0000] {dag.py:3239} INFO - Sync 1 DAGs
[2026-07-10T01:09:36.532+0000] {logging_mixin.py:190} INFO - [2026-07-10T01:09:36.532+0000] {dag.py:4180} INFO - Setting next_dagrun for 01_load_csv to None, run_after=None
[2026-07-10T01:09:36.555+0000] {processor.py:208} INFO - Processing /opt/airflow/dags/01_load_csv.py took 0.121 seconds
[2026-07-10T01:10:07.054+0000] {processor.py:186} INFO - Started process (PID=14132) to work on /opt/airflow/dags/01_load_csv.py
[2026-07-10T01:10:07.057+0000] {processor.py:914} INFO - Processing file /opt/airflow/dags/01_load_csv.py for tasks to queue
[2026-07-10T01:10:07.064+0000] {logging_mixin.py:190} INFO - [2026-07-10T01:10:07.063+0000] {dagbag.py:588} INFO - Filling up the DagBag from /opt/airflow/dags/01_load_csv.py
[2026-07-10T01:10:07.084+0000] {processor.py:925} INFO - DAG(s) '01_load_csv' retrieved from /opt/airflow/dags/01_load_csv.py
[2026-07-10T01:10:07.172+0000] {logging_mixin.py:190} INFO - [2026-07-10T01:10:07.171+0000] {dag.py:3239} INFO - Sync 1 DAGs
[2026-07-10T01:10:07.208+0000] {logging_mixin.py:190} INFO - [2026-07-10T01:10:07.207+0000] {dag.py:4180} INFO - Setting next_dagrun for 01_load_csv to None, run_after=None
[2026-07-10T01:10:07.238+0000] {processor.py:208} INFO - Processing /opt/airflow/dags/01_load_csv.py took 0.192 seconds
[2026-07-10T01:10:38.113+0000] {processor.py:186} INFO - Started process (PID=14172) to work on /opt/airflow/dags/01_load_csv.py
[2026-07-10T01:10:38.114+0000] {processor.py:914} INFO - Processing file /opt/airflow/dags/01_load_csv.py for tasks to queue
[2026-07-10T01:10:38.117+0000] {logging_mixin.py:190} INFO - [2026-07-10T01:10:38.116+0000] {dagbag.py:588} INFO - Filling up the DagBag from /opt/airflow/dags/01_load_csv.py
[2026-07-10T01:10:38.126+0000] {processor.py:925} INFO - DAG(s) '01_load_csv' retrieved from /opt/airflow/dags/01_load_csv.py
[2026-07-10T01:10:38.170+0000] {logging_mixin.py:190} INFO - [2026-07-10T01:10:38.170+0000] {dag.py:3239} INFO - Sync 1 DAGs
[2026-07-10T01:10:38.195+0000] {logging_mixin.py:190} INFO - [2026-07-10T01:10:38.194+0000] {dag.py:4180} INFO - Setting next_dagrun for 01_load_csv to None, run_after=None
[2026-07-10T01:10:38.224+0000] {processor.py:208} INFO - Processing /opt/airflow/dags/01_load_csv.py took 0.121 seconds
[2026-07-10T01:11:09.379+0000] {processor.py:186} INFO - Started process (PID=14212) to work on /opt/airflow/dags/01_load_csv.py
[2026-07-10T01:11:09.381+0000] {processor.py:914} INFO - Processing file /opt/airflow/dags/01_load_csv.py for tasks to queue
[2026-07-10T01:11:09.383+0000] {logging_mixin.py:190} INFO - [2026-07-10T01:11:09.383+0000] {dagbag.py:588} INFO - Filling up the DagBag from /opt/airflow/dags/01_load_csv.py
[2026-07-10T01:11:09.393+0000] {processor.py:925} INFO - DAG(s) '01_load_csv' retrieved from /opt/airflow/dags/01_load_csv.py
[2026-07-10T01:11:09.429+0000] {logging_mixin.py:190} INFO - [2026-07-10T01:11:09.429+0000] {dag.py:3239} INFO - Sync 1 DAGs
[2026-07-10T01:11:09.445+0000] {logging_mixin.py:190} INFO - [2026-07-10T01:11:09.445+0000] {dag.py:4180} INFO - Setting next_dagrun for 01_load_csv to None, run_after=None
[2026-07-10T01:11:09.475+0000] {processor.py:208} INFO - Processing /opt/airflow/dags/01_load_csv.py took 0.104 seconds
[2026-07-10T01:11:39.691+0000] {processor.py:186} INFO - Started process (PID=14251) to work on /opt/airflow/dags/01_load_csv.py
[2026-07-10T01:11:39.692+0000] {processor.py:914} INFO - Processing file /opt/airflow/dags/01_load_csv.py for tasks to queue
[2026-07-10T01:11:39.695+0000] {logging_mixin.py:190} INFO - [2026-07-10T01:11:39.695+0000] {dagbag.py:588} INFO - Filling up the DagBag from /opt/airflow/dags/01_load_csv.py
[2026-07-10T01:11:39.709+0000] {processor.py:925} INFO - DAG(s) '01_load_csv' retrieved from /opt/airflow/dags/01_load_csv.py
[2026-07-10T01:11:39.744+0000] {logging_mixin.py:190} INFO - [2026-07-10T01:11:39.744+0000] {dag.py:3239} INFO - Sync 1 DAGs
[2026-07-10T01:11:39.760+0000] {logging_mixin.py:190} INFO - [2026-07-10T01:11:39.760+0000] {dag.py:4180} INFO - Setting next_dagrun for 01_load_csv to None, run_after=None
[2026-07-10T01:11:39.780+0000] {processor.py:208} INFO - Processing /opt/airflow/dags/01_load_csv.py took 0.098 seconds
[2026-07-10T01:12:10.146+0000] {processor.py:186} INFO - Started process (PID=14292) to work on /opt/airflow/dags/01_load_csv.py
[2026-07-10T01:12:10.148+0000] {processor.py:914} INFO - Processing file /opt/airflow/dags/01_load_csv.py for tasks to queue
[2026-07-10T01:12:10.151+0000] {logging_mixin.py:190} INFO - [2026-07-10T01:12:10.151+0000] {dagbag.py:588} INFO - Filling up the DagBag from /opt/airflow/dags/01_load_csv.py
[2026-07-10T01:12:10.160+0000] {processor.py:925} INFO - DAG(s) '01_load_csv' retrieved from /opt/airflow/dags/01_load_csv.py
[2026-07-10T01:12:10.196+0000] {logging_mixin.py:190} INFO - [2026-07-10T01:12:10.196+0000] {dag.py:3239} INFO - Sync 1 DAGs
[2026-07-10T01:12:10.215+0000] {logging_mixin.py:190} INFO - [2026-07-10T01:12:10.215+0000] {dag.py:4180} INFO - Setting next_dagrun for 01_load_csv to None, run_after=None
[2026-07-10T01:12:10.242+0000] {processor.py:208} INFO - Processing /opt/airflow/dags/01_load_csv.py took 0.103 seconds
[2026-07-10T01:12:40.452+0000] {processor.py:186} INFO - Started process (PID=14330) to work on /opt/airflow/dags/01_load_csv.py
[2026-07-10T01:12:40.453+0000] {processor.py:914} INFO - Processing file /opt/airflow/dags/01_load_csv.py for tasks to queue
[2026-07-10T01:12:40.456+0000] {logging_mixin.py:190} INFO - [2026-07-10T01:12:40.456+0000] {dagbag.py:588} INFO - Filling up the DagBag from /opt/airflow/dags/01_load_csv.py
[2026-07-10T01:12:40.468+0000] {processor.py:925} INFO - DAG(s) '01_load_csv' retrieved from /opt/airflow/dags/01_load_csv.py
[2026-07-10T01:12:40.506+0000] {logging_mixin.py:190} INFO - [2026-07-10T01:12:40.506+0000] {dag.py:3239} INFO - Sync 1 DAGs
[2026-07-10T01:12:40.524+0000] {logging_mixin.py:190} INFO - [2026-07-10T01:12:40.523+0000] {dag.py:4180} INFO - Setting next_dagrun for 01_load_csv to None, run_after=None
[2026-07-10T01:12:40.545+0000] {processor.py:208} INFO - Processing /opt/airflow/dags/01_load_csv.py took 0.105 seconds
[2026-07-10T01:13:10.879+0000] {processor.py:186} INFO - Started process (PID=14370) to work on /opt/airflow/dags/01_load_csv.py
[2026-07-10T01:13:10.880+0000] {processor.py:914} INFO - Processing file /opt/airflow/dags/01_load_csv.py for tasks to queue
[2026-07-10T01:13:10.883+0000] {logging_mixin.py:190} INFO - [2026-07-10T01:13:10.882+0000] {dagbag.py:588} INFO - Filling up the DagBag from /opt/airflow/dags/01_load_csv.py
[2026-07-10T01:13:10.892+0000] {processor.py:925} INFO - DAG(s) '01_load_csv' retrieved from /opt/airflow/dags/01_load_csv.py
[2026-07-10T01:13:10.922+0000] {logging_mixin.py:190} INFO - [2026-07-10T01:13:10.922+0000] {dag.py:3239} INFO - Sync 1 DAGs
[2026-07-10T01:13:10.937+0000] {logging_mixin.py:190} INFO - [2026-07-10T01:13:10.937+0000] {dag.py:4180} INFO - Setting next_dagrun for 01_load_csv to None, run_after=None
[2026-07-10T01:13:10.959+0000] {processor.py:208} INFO - Processing /opt/airflow/dags/01_load_csv.py took 0.087 seconds
[2026-07-10T01:13:41.226+0000] {processor.py:186} INFO - Started process (PID=14412) to work on /opt/airflow/dags/01_load_csv.py
[2026-07-10T01:13:41.228+0000] {processor.py:914} INFO - Processing file /opt/airflow/dags/01_load_csv.py for tasks to queue
[2026-07-10T01:13:41.232+0000] {logging_mixin.py:190} INFO - [2026-07-10T01:13:41.231+0000] {dagbag.py:588} INFO - Filling up the DagBag from /opt/airflow/dags/01_load_csv.py
[2026-07-10T01:13:41.251+0000] {processor.py:925} INFO - DAG(s) '01_load_csv' retrieved from /opt/airflow/dags/01_load_csv.py
[2026-07-10T01:13:41.322+0000] {logging_mixin.py:190} INFO - [2026-07-10T01:13:41.321+0000] {dag.py:3239} INFO - Sync 1 DAGs
[2026-07-10T01:13:41.338+0000] {logging_mixin.py:190} INFO - [2026-07-10T01:13:41.338+0000] {dag.py:4180} INFO - Setting next_dagrun for 01_load_csv to None, run_after=None
[2026-07-10T01:13:41.357+0000] {processor.py:208} INFO - Processing /opt/airflow/dags/01_load_csv.py took 0.144 seconds
[2026-07-10T01:14:11.626+0000] {processor.py:186} INFO - Started process (PID=14452) to work on /opt/airflow/dags/01_load_csv.py
[2026-07-10T01:14:11.628+0000] {processor.py:914} INFO - Processing file /opt/airflow/dags/01_load_csv.py for tasks to queue
[2026-07-10T01:14:11.632+0000] {logging_mixin.py:190} INFO - [2026-07-10T01:14:11.631+0000] {dagbag.py:588} INFO - Filling up the DagBag from /opt/airflow/dags/01_load_csv.py
[2026-07-10T01:14:11.647+0000] {processor.py:925} INFO - DAG(s) '01_load_csv' retrieved from /opt/airflow/dags/01_load_csv.py
[2026-07-10T01:14:11.716+0000] {logging_mixin.py:190} INFO - [2026-07-10T01:14:11.716+0000] {dag.py:3239} INFO - Sync 1 DAGs
[2026-07-10T01:14:11.755+0000] {logging_mixin.py:190} INFO - [2026-07-10T01:14:11.755+0000] {dag.py:4180} INFO - Setting next_dagrun for 01_load_csv to None, run_after=None
[2026-07-10T01:14:11.796+0000] {processor.py:208} INFO - Processing /opt/airflow/dags/01_load_csv.py took 0.182 seconds
[2026-07-10T01:14:41.904+0000] {processor.py:186} INFO - Started process (PID=14492) to work on /opt/airflow/dags/01_load_csv.py
[2026-07-10T01:14:41.905+0000] {processor.py:914} INFO - Processing file /opt/airflow/dags/01_load_csv.py for tasks to queue
[2026-07-10T01:14:41.908+0000] {logging_mixin.py:190} INFO - [2026-07-10T01:14:41.907+0000] {dagbag.py:588} INFO - Filling up the DagBag from /opt/airflow/dags/01_load_csv.py
[2026-07-10T01:14:41.920+0000] {processor.py:925} INFO - DAG(s) '01_load_csv' retrieved from /opt/airflow/dags/01_load_csv.py
[2026-07-10T01:14:41.964+0000] {logging_mixin.py:190} INFO - [2026-07-10T01:14:41.964+0000] {dag.py:3239} INFO - Sync 1 DAGs
[2026-07-10T01:14:41.981+0000] {logging_mixin.py:190} INFO - [2026-07-10T01:14:41.981+0000] {dag.py:4180} INFO - Setting next_dagrun for 01_load_csv to None, run_after=None
[2026-07-10T01:14:42.003+0000] {processor.py:208} INFO - Processing /opt/airflow/dags/01_load_csv.py took 0.109 seconds
[2026-07-10T01:15:13.061+0000] {processor.py:186} INFO - Started process (PID=14532) to work on /opt/airflow/dags/01_load_csv.py
[2026-07-10T01:15:13.063+0000] {processor.py:914} INFO - Processing file /opt/airflow/dags/01_load_csv.py for tasks to queue
[2026-07-10T01:15:13.067+0000] {logging_mixin.py:190} INFO - [2026-07-10T01:15:13.066+0000] {dagbag.py:588} INFO - Filling up the DagBag from /opt/airflow/dags/01_load_csv.py
[2026-07-10T01:15:13.078+0000] {processor.py:925} INFO - DAG(s) '01_load_csv' retrieved from /opt/airflow/dags/01_load_csv.py
[2026-07-10T01:15:13.113+0000] {logging_mixin.py:190} INFO - [2026-07-10T01:15:13.112+0000] {dag.py:3239} INFO - Sync 1 DAGs
[2026-07-10T01:15:13.128+0000] {logging_mixin.py:190} INFO - [2026-07-10T01:15:13.128+0000] {dag.py:4180} INFO - Setting next_dagrun for 01_load_csv to None, run_after=None
[2026-07-10T01:15:13.149+0000] {processor.py:208} INFO - Processing /opt/airflow/dags/01_load_csv.py took 0.096 seconds
[2026-07-10T01:15:43.379+0000] {processor.py:186} INFO - Started process (PID=14570) to work on /opt/airflow/dags/01_load_csv.py
[2026-07-10T01:15:43.380+0000] {processor.py:914} INFO - Processing file /opt/airflow/dags/01_load_csv.py for tasks to queue
[2026-07-10T01:15:43.382+0000] {logging_mixin.py:190} INFO - [2026-07-10T01:15:43.382+0000] {dagbag.py:588} INFO - Filling up the DagBag from /opt/airflow/dags/01_load_csv.py
[2026-07-10T01:15:43.394+0000] {processor.py:925} INFO - DAG(s) '01_load_csv' retrieved from /opt/airflow/dags/01_load_csv.py
[2026-07-10T01:15:43.430+0000] {logging_mixin.py:190} INFO - [2026-07-10T01:15:43.429+0000] {dag.py:3239} INFO - Sync 1 DAGs
[2026-07-10T01:15:43.450+0000] {logging_mixin.py:190} INFO - [2026-07-10T01:15:43.450+0000] {dag.py:4180} INFO - Setting next_dagrun for 01_load_csv to None, run_after=None
[2026-07-10T01:15:43.470+0000] {processor.py:208} INFO - Processing /opt/airflow/dags/01_load_csv.py took 0.099 seconds
[2026-07-10T01:16:13.568+0000] {processor.py:186} INFO - Started process (PID=14610) to work on /opt/airflow/dags/01_load_csv.py
[2026-07-10T01:16:13.570+0000] {processor.py:914} INFO - Processing file /opt/airflow/dags/01_load_csv.py for tasks to queue
[2026-07-10T01:16:13.572+0000] {logging_mixin.py:190} INFO - [2026-07-10T01:16:13.572+0000] {dagbag.py:588} INFO - Filling up the DagBag from /opt/airflow/dags/01_load_csv.py
[2026-07-10T01:16:13.582+0000] {processor.py:925} INFO - DAG(s) '01_load_csv' retrieved from /opt/airflow/dags/01_load_csv.py
[2026-07-10T01:16:13.616+0000] {logging_mixin.py:190} INFO - [2026-07-10T01:16:13.616+0000] {dag.py:3239} INFO - Sync 1 DAGs
[2026-07-10T01:16:13.633+0000] {logging_mixin.py:190} INFO - [2026-07-10T01:16:13.632+0000] {dag.py:4180} INFO - Setting next_dagrun for 01_load_csv to None, run_after=None
[2026-07-10T01:16:13.652+0000] {processor.py:208} INFO - Processing /opt/airflow/dags/01_load_csv.py took 0.092 seconds
[2026-07-10T01:16:44.366+0000] {processor.py:186} INFO - Started process (PID=14652) to work on /opt/airflow/dags/01_load_csv.py
[2026-07-10T01:16:44.367+0000] {processor.py:914} INFO - Processing file /opt/airflow/dags/01_load_csv.py for tasks to queue
[2026-07-10T01:16:44.371+0000] {logging_mixin.py:190} INFO - [2026-07-10T01:16:44.370+0000] {dagbag.py:588} INFO - Filling up the DagBag from /opt/airflow/dags/01_load_csv.py
[2026-07-10T01:16:44.383+0000] {processor.py:925} INFO - DAG(s) '01_load_csv' retrieved from /opt/airflow/dags/01_load_csv.py
[2026-07-10T01:16:44.423+0000] {logging_mixin.py:190} INFO - [2026-07-10T01:16:44.423+0000] {dag.py:3239} INFO - Sync 1 DAGs
[2026-07-10T01:16:44.442+0000] {logging_mixin.py:190} INFO - [2026-07-10T01:16:44.442+0000] {dag.py:4180} INFO - Setting next_dagrun for 01_load_csv to None, run_after=None
[2026-07-10T01:16:44.463+0000] {processor.py:208} INFO - Processing /opt/airflow/dags/01_load_csv.py took 0.106 seconds
[2026-07-10T01:17:15.085+0000] {processor.py:186} INFO - Started process (PID=14692) to work on /opt/airflow/dags/01_load_csv.py
[2026-07-10T01:17:15.086+0000] {processor.py:914} INFO - Processing file /opt/airflow/dags/01_load_csv.py for tasks to queue
[2026-07-10T01:17:15.089+0000] {logging_mixin.py:190} INFO - [2026-07-10T01:17:15.089+0000] {dagbag.py:588} INFO - Filling up the DagBag from /opt/airflow/dags/01_load_csv.py
[2026-07-10T01:17:15.101+0000] {processor.py:925} INFO - DAG(s) '01_load_csv' retrieved from /opt/airflow/dags/01_load_csv.py
[2026-07-10T01:17:15.134+0000] {logging_mixin.py:190} INFO - [2026-07-10T01:17:15.133+0000] {dag.py:3239} INFO - Sync 1 DAGs
[2026-07-10T01:17:15.149+0000] {logging_mixin.py:190} INFO - [2026-07-10T01:17:15.149+0000] {dag.py:4180} INFO - Setting next_dagrun for 01_load_csv to None, run_after=None
[2026-07-10T01:17:15.171+0000] {processor.py:208} INFO - Processing /opt/airflow/dags/01_load_csv.py took 0.096 seconds
[2026-07-10T01:17:45.815+0000] {processor.py:186} INFO - Started process (PID=14732) to work on /opt/airflow/dags/01_load_csv.py
[2026-07-10T01:17:45.817+0000] {processor.py:914} INFO - Processing file /opt/airflow/dags/01_load_csv.py for tasks to queue
[2026-07-10T01:17:45.821+0000] {logging_mixin.py:190} INFO - [2026-07-10T01:17:45.820+0000] {dagbag.py:588} INFO - Filling up the DagBag from /opt/airflow/dags/01_load_csv.py
[2026-07-10T01:17:45.834+0000] {processor.py:925} INFO - DAG(s) '01_load_csv' retrieved from /opt/airflow/dags/01_load_csv.py
[2026-07-10T01:17:45.868+0000] {logging_mixin.py:190} INFO - [2026-07-10T01:17:45.867+0000] {dag.py:3239} INFO - Sync 1 DAGs
[2026-07-10T01:17:45.885+0000] {logging_mixin.py:190} INFO - [2026-07-10T01:17:45.885+0000] {dag.py:4180} INFO - Setting next_dagrun for 01_load_csv to None, run_after=None
[2026-07-10T01:17:45.905+0000] {processor.py:208} INFO - Processing /opt/airflow/dags/01_load_csv.py took 0.100 seconds
[2026-07-10T01:18:16.909+0000] {processor.py:186} INFO - Started process (PID=14772) to work on /opt/airflow/dags/01_load_csv.py
[2026-07-10T01:18:16.911+0000] {processor.py:914} INFO - Processing file /opt/airflow/dags/01_load_csv.py for tasks to queue
[2026-07-10T01:18:16.916+0000] {logging_mixin.py:190} INFO - [2026-07-10T01:18:16.914+0000] {dagbag.py:588} INFO - Filling up the DagBag from /opt/airflow/dags/01_load_csv.py
[2026-07-10T01:18:16.936+0000] {processor.py:925} INFO - DAG(s) '01_load_csv' retrieved from /opt/airflow/dags/01_load_csv.py
[2026-07-10T01:18:17.005+0000] {logging_mixin.py:190} INFO - [2026-07-10T01:18:17.004+0000] {dag.py:3239} INFO - Sync 1 DAGs
[2026-07-10T01:18:17.038+0000] {logging_mixin.py:190} INFO - [2026-07-10T01:18:17.037+0000] {dag.py:4180} INFO - Setting next_dagrun for 01_load_csv to None, run_after=None
[2026-07-10T01:18:17.079+0000] {processor.py:208} INFO - Processing /opt/airflow/dags/01_load_csv.py took 0.186 seconds
[2026-07-10T01:18:48.143+0000] {processor.py:186} INFO - Started process (PID=14812) to work on /opt/airflow/dags/01_load_csv.py
[2026-07-10T01:18:48.146+0000] {processor.py:914} INFO - Processing file /opt/airflow/dags/01_load_csv.py for tasks to queue
[2026-07-10T01:18:48.154+0000] {logging_mixin.py:190} INFO - [2026-07-10T01:18:48.153+0000] {dagbag.py:588} INFO - Filling up the DagBag from /opt/airflow/dags/01_load_csv.py
[2026-07-10T01:18:48.177+0000] {processor.py:925} INFO - DAG(s) '01_load_csv' retrieved from /opt/airflow/dags/01_load_csv.py
[2026-07-10T01:18:48.249+0000] {logging_mixin.py:190} INFO - [2026-07-10T01:18:48.249+0000] {dag.py:3239} INFO - Sync 1 DAGs
[2026-07-10T01:18:48.268+0000] {logging_mixin.py:190} INFO - [2026-07-10T01:18:48.267+0000] {dag.py:4180} INFO - Setting next_dagrun for 01_load_csv to None, run_after=None
[2026-07-10T01:18:48.289+0000] {processor.py:208} INFO - Processing /opt/airflow/dags/01_load_csv.py took 0.166 seconds
[2026-07-10T01:19:18.535+0000] {processor.py:186} INFO - Started process (PID=14852) to work on /opt/airflow/dags/01_load_csv.py
[2026-07-10T01:19:18.538+0000] {processor.py:914} INFO - Processing file /opt/airflow/dags/01_load_csv.py for tasks to queue
[2026-07-10T01:19:18.547+0000] {logging_mixin.py:190} INFO - [2026-07-10T01:19:18.545+0000] {dagbag.py:588} INFO - Filling up the DagBag from /opt/airflow/dags/01_load_csv.py
[2026-07-10T01:19:18.574+0000] {processor.py:925} INFO - DAG(s) '01_load_csv' retrieved from /opt/airflow/dags/01_load_csv.py
[2026-07-10T01:19:18.628+0000] {logging_mixin.py:190} INFO - [2026-07-10T01:19:18.627+0000] {dag.py:3239} INFO - Sync 1 DAGs
[2026-07-10T01:19:18.648+0000] {logging_mixin.py:190} INFO - [2026-07-10T01:19:18.648+0000] {dag.py:4180} INFO - Setting next_dagrun for 01_load_csv to None, run_after=None
[2026-07-10T01:19:18.680+0000] {processor.py:208} INFO - Processing /opt/airflow/dags/01_load_csv.py took 0.175 seconds
[2026-07-10T01:19:48.845+0000] {processor.py:186} INFO - Started process (PID=14892) to work on /opt/airflow/dags/01_load_csv.py
[2026-07-10T01:19:48.848+0000] {processor.py:914} INFO - Processing file /opt/airflow/dags/01_load_csv.py for tasks to queue
[2026-07-10T01:19:48.854+0000] {logging_mixin.py:190} INFO - [2026-07-10T01:19:48.853+0000] {dagbag.py:588} INFO - Filling up the DagBag from /opt/airflow/dags/01_load_csv.py
[2026-07-10T01:19:48.882+0000] {processor.py:925} INFO - DAG(s) '01_load_csv' retrieved from /opt/airflow/dags/01_load_csv.py
[2026-07-10T01:19:48.935+0000] {logging_mixin.py:190} INFO - [2026-07-10T01:19:48.934+0000] {dag.py:3239} INFO - Sync 1 DAGs
[2026-07-10T01:19:48.955+0000] {logging_mixin.py:190} INFO - [2026-07-10T01:19:48.955+0000] {dag.py:4180} INFO - Setting next_dagrun for 01_load_csv to None, run_after=None
[2026-07-10T01:19:48.976+0000] {processor.py:208} INFO - Processing /opt/airflow/dags/01_load_csv.py took 0.169 seconds
[2026-07-10T01:20:19.319+0000] {processor.py:186} INFO - Started process (PID=14932) to work on /opt/airflow/dags/01_load_csv.py
[2026-07-10T01:20:19.321+0000] {processor.py:914} INFO - Processing file /opt/airflow/dags/01_load_csv.py for tasks to queue
[2026-07-10T01:20:19.326+0000] {logging_mixin.py:190} INFO - [2026-07-10T01:20:19.325+0000] {dagbag.py:588} INFO - Filling up the DagBag from /opt/airflow/dags/01_load_csv.py
[2026-07-10T01:20:19.342+0000] {processor.py:925} INFO - DAG(s) '01_load_csv' retrieved from /opt/airflow/dags/01_load_csv.py
[2026-07-10T01:20:19.401+0000] {logging_mixin.py:190} INFO - [2026-07-10T01:20:19.401+0000] {dag.py:3239} INFO - Sync 1 DAGs
[2026-07-10T01:20:19.427+0000] {logging_mixin.py:190} INFO - [2026-07-10T01:20:19.427+0000] {dag.py:4180} INFO - Setting next_dagrun for 01_load_csv to None, run_after=None
[2026-07-10T01:20:19.459+0000] {processor.py:208} INFO - Processing /opt/airflow/dags/01_load_csv.py took 0.189 seconds
[2026-07-10T01:20:49.516+0000] {processor.py:186} INFO - Started process (PID=14972) to work on /opt/airflow/dags/01_load_csv.py
[2026-07-10T01:20:49.517+0000] {processor.py:914} INFO - Processing file /opt/airflow/dags/01_load_csv.py for tasks to queue
[2026-07-10T01:20:49.520+0000] {logging_mixin.py:190} INFO - [2026-07-10T01:20:49.520+0000] {dagbag.py:588} INFO - Filling up the DagBag from /opt/airflow/dags/01_load_csv.py
[2026-07-10T01:20:49.530+0000] {processor.py:925} INFO - DAG(s) '01_load_csv' retrieved from /opt/airflow/dags/01_load_csv.py
[2026-07-10T01:20:49.602+0000] {logging_mixin.py:190} INFO - [2026-07-10T01:20:49.602+0000] {dag.py:3239} INFO - Sync 1 DAGs
[2026-07-10T01:20:49.637+0000] {logging_mixin.py:190} INFO - [2026-07-10T01:20:49.637+0000] {dag.py:4180} INFO - Setting next_dagrun for 01_load_csv to None, run_after=None
[2026-07-10T01:20:49.663+0000] {processor.py:208} INFO - Processing /opt/airflow/dags/01_load_csv.py took 0.157 seconds
[2026-07-10T01:21:20.064+0000] {processor.py:186} INFO - Started process (PID=15012) to work on /opt/airflow/dags/01_load_csv.py
[2026-07-10T01:21:20.067+0000] {processor.py:914} INFO - Processing file /opt/airflow/dags/01_load_csv.py for tasks to queue
[2026-07-10T01:21:20.074+0000] {logging_mixin.py:190} INFO - [2026-07-10T01:21:20.073+0000] {dagbag.py:588} INFO - Filling up the DagBag from /opt/airflow/dags/01_load_csv.py
[2026-07-10T01:21:20.092+0000] {processor.py:925} INFO - DAG(s) '01_load_csv' retrieved from /opt/airflow/dags/01_load_csv.py
[2026-07-10T01:21:20.157+0000] {logging_mixin.py:190} INFO - [2026-07-10T01:21:20.157+0000] {dag.py:3239} INFO - Sync 1 DAGs
[2026-07-10T01:21:20.185+0000] {logging_mixin.py:190} INFO - [2026-07-10T01:21:20.185+0000] {dag.py:4180} INFO - Setting next_dagrun for 01_load_csv to None, run_after=None
[2026-07-10T01:21:20.208+0000] {processor.py:208} INFO - Processing /opt/airflow/dags/01_load_csv.py took 0.168 seconds
[2026-07-10T01:21:50.465+0000] {processor.py:186} INFO - Started process (PID=15052) to work on /opt/airflow/dags/01_load_csv.py
[2026-07-10T01:21:50.472+0000] {processor.py:914} INFO - Processing file /opt/airflow/dags/01_load_csv.py for tasks to queue
[2026-07-10T01:21:50.482+0000] {logging_mixin.py:190} INFO - [2026-07-10T01:21:50.481+0000] {dagbag.py:588} INFO - Filling up the DagBag from /opt/airflow/dags/01_load_csv.py
[2026-07-10T01:21:50.511+0000] {processor.py:925} INFO - DAG(s) '01_load_csv' retrieved from /opt/airflow/dags/01_load_csv.py
[2026-07-10T01:21:50.594+0000] {logging_mixin.py:190} INFO - [2026-07-10T01:21:50.594+0000] {dag.py:3239} INFO - Sync 1 DAGs
[2026-07-10T01:21:50.631+0000] {logging_mixin.py:190} INFO - [2026-07-10T01:21:50.630+0000] {dag.py:4180} INFO - Setting next_dagrun for 01_load_csv to None, run_after=None
[2026-07-10T01:21:50.678+0000] {processor.py:208} INFO - Processing /opt/airflow/dags/01_load_csv.py took 0.255 seconds
[2026-07-10T01:22:20.875+0000] {processor.py:186} INFO - Started process (PID=15092) to work on /opt/airflow/dags/01_load_csv.py
[2026-07-10T01:22:20.879+0000] {processor.py:914} INFO - Processing file /opt/airflow/dags/01_load_csv.py for tasks to queue
[2026-07-10T01:22:20.890+0000] {logging_mixin.py:190} INFO - [2026-07-10T01:22:20.886+0000] {dagbag.py:588} INFO - Filling up the DagBag from /opt/airflow/dags/01_load_csv.py
[2026-07-10T01:22:20.913+0000] {processor.py:925} INFO - DAG(s) '01_load_csv' retrieved from /opt/airflow/dags/01_load_csv.py
[2026-07-10T01:22:20.965+0000] {logging_mixin.py:190} INFO - [2026-07-10T01:22:20.965+0000] {dag.py:3239} INFO - Sync 1 DAGs
[2026-07-10T01:22:20.987+0000] {logging_mixin.py:190} INFO - [2026-07-10T01:22:20.987+0000] {dag.py:4180} INFO - Setting next_dagrun for 01_load_csv to None, run_after=None
[2026-07-10T01:22:21.014+0000] {processor.py:208} INFO - Processing /opt/airflow/dags/01_load_csv.py took 0.157 seconds
[2026-07-10T01:22:51.156+0000] {processor.py:186} INFO - Started process (PID=15132) to work on /opt/airflow/dags/01_load_csv.py
[2026-07-10T01:22:51.158+0000] {processor.py:914} INFO - Processing file /opt/airflow/dags/01_load_csv.py for tasks to queue
[2026-07-10T01:22:51.160+0000] {logging_mixin.py:190} INFO - [2026-07-10T01:22:51.160+0000] {dagbag.py:588} INFO - Filling up the DagBag from /opt/airflow/dags/01_load_csv.py
[2026-07-10T01:22:51.171+0000] {processor.py:925} INFO - DAG(s) '01_load_csv' retrieved from /opt/airflow/dags/01_load_csv.py
[2026-07-10T01:22:51.212+0000] {logging_mixin.py:190} INFO - [2026-07-10T01:22:51.212+0000] {dag.py:3239} INFO - Sync 1 DAGs
[2026-07-10T01:22:51.236+0000] {logging_mixin.py:190} INFO - [2026-07-10T01:22:51.236+0000] {dag.py:4180} INFO - Setting next_dagrun for 01_load_csv to None, run_after=None
[2026-07-10T01:22:51.257+0000] {processor.py:208} INFO - Processing /opt/airflow/dags/01_load_csv.py took 0.114 seconds
[2026-07-10T01:23:21.482+0000] {processor.py:186} INFO - Started process (PID=15172) to work on /opt/airflow/dags/01_load_csv.py
[2026-07-10T01:23:21.485+0000] {processor.py:914} INFO - Processing file /opt/airflow/dags/01_load_csv.py for tasks to queue
[2026-07-10T01:23:21.492+0000] {logging_mixin.py:190} INFO - [2026-07-10T01:23:21.491+0000] {dagbag.py:588} INFO - Filling up the DagBag from /opt/airflow/dags/01_load_csv.py
[2026-07-10T01:23:21.516+0000] {processor.py:925} INFO - DAG(s) '01_load_csv' retrieved from /opt/airflow/dags/01_load_csv.py
[2026-07-10T01:23:21.558+0000] {logging_mixin.py:190} INFO - [2026-07-10T01:23:21.557+0000] {dag.py:3239} INFO - Sync 1 DAGs
[2026-07-10T01:23:21.580+0000] {logging_mixin.py:190} INFO - [2026-07-10T01:23:21.580+0000] {dag.py:4180} INFO - Setting next_dagrun for 01_load_csv to None, run_after=None
[2026-07-10T01:23:21.600+0000] {processor.py:208} INFO - Processing /opt/airflow/dags/01_load_csv.py took 0.161 seconds
[2026-07-10T01:23:52.070+0000] {processor.py:186} INFO - Started process (PID=15212) to work on /opt/airflow/dags/01_load_csv.py
[2026-07-10T01:23:52.071+0000] {processor.py:914} INFO - Processing file /opt/airflow/dags/01_load_csv.py for tasks to queue
[2026-07-10T01:23:52.078+0000] {logging_mixin.py:190} INFO - [2026-07-10T01:23:52.077+0000] {dagbag.py:588} INFO - Filling up the DagBag from /opt/airflow/dags/01_load_csv.py
[2026-07-10T01:23:52.094+0000] {processor.py:925} INFO - DAG(s) '01_load_csv' retrieved from /opt/airflow/dags/01_load_csv.py
[2026-07-10T01:23:52.139+0000] {logging_mixin.py:190} INFO - [2026-07-10T01:23:52.138+0000] {dag.py:3239} INFO - Sync 1 DAGs
[2026-07-10T01:23:52.158+0000] {logging_mixin.py:190} INFO - [2026-07-10T01:23:52.158+0000] {dag.py:4180} INFO - Setting next_dagrun for 01_load_csv to None, run_after=None
[2026-07-10T01:23:52.185+0000] {processor.py:208} INFO - Processing /opt/airflow/dags/01_load_csv.py took 0.127 seconds
[2026-07-10T01:24:22.405+0000] {processor.py:186} INFO - Started process (PID=15257) to work on /opt/airflow/dags/01_load_csv.py
[2026-07-10T01:24:22.411+0000] {processor.py:914} INFO - Processing file /opt/airflow/dags/01_load_csv.py for tasks to queue
[2026-07-10T01:24:22.441+0000] {logging_mixin.py:190} INFO - [2026-07-10T01:24:22.439+0000] {dagbag.py:588} INFO - Filling up the DagBag from /opt/airflow/dags/01_load_csv.py
[2026-07-10T01:24:22.472+0000] {processor.py:925} INFO - DAG(s) '01_load_csv' retrieved from /opt/airflow/dags/01_load_csv.py
[2026-07-10T01:24:22.515+0000] {logging_mixin.py:190} INFO - [2026-07-10T01:24:22.514+0000] {dag.py:3239} INFO - Sync 1 DAGs
[2026-07-10T01:24:22.535+0000] {logging_mixin.py:190} INFO - [2026-07-10T01:24:22.534+0000] {dag.py:4180} INFO - Setting next_dagrun for 01_load_csv to None, run_after=None
[2026-07-10T01:24:22.569+0000] {processor.py:208} INFO - Processing /opt/airflow/dags/01_load_csv.py took 0.229 seconds
[2026-07-10T01:24:52.693+0000] {processor.py:186} INFO - Started process (PID=15302) to work on /opt/airflow/dags/01_load_csv.py
[2026-07-10T01:24:52.695+0000] {processor.py:914} INFO - Processing file /opt/airflow/dags/01_load_csv.py for tasks to queue
[2026-07-10T01:24:52.702+0000] {logging_mixin.py:190} INFO - [2026-07-10T01:24:52.700+0000] {dagbag.py:588} INFO - Filling up the DagBag from /opt/airflow/dags/01_load_csv.py
[2026-07-10T01:24:52.718+0000] {processor.py:925} INFO - DAG(s) '01_load_csv' retrieved from /opt/airflow/dags/01_load_csv.py
[2026-07-10T01:24:52.769+0000] {logging_mixin.py:190} INFO - [2026-07-10T01:24:52.769+0000] {dag.py:3239} INFO - Sync 1 DAGs
[2026-07-10T01:24:52.794+0000] {logging_mixin.py:190} INFO - [2026-07-10T01:24:52.794+0000] {dag.py:4180} INFO - Setting next_dagrun for 01_load_csv to None, run_after=None
[2026-07-10T01:24:52.823+0000] {processor.py:208} INFO - Processing /opt/airflow/dags/01_load_csv.py took 0.155 seconds
[2026-07-10T01:25:23.195+0000] {processor.py:186} INFO - Started process (PID=15347) to work on /opt/airflow/dags/01_load_csv.py
[2026-07-10T01:25:23.203+0000] {processor.py:914} INFO - Processing file /opt/airflow/dags/01_load_csv.py for tasks to queue
[2026-07-10T01:25:23.207+0000] {logging_mixin.py:190} INFO - [2026-07-10T01:25:23.206+0000] {dagbag.py:588} INFO - Filling up the DagBag from /opt/airflow/dags/01_load_csv.py
[2026-07-10T01:25:23.215+0000] {processor.py:925} INFO - DAG(s) '01_load_csv' retrieved from /opt/airflow/dags/01_load_csv.py
[2026-07-10T01:25:23.256+0000] {logging_mixin.py:190} INFO - [2026-07-10T01:25:23.256+0000] {dag.py:3239} INFO - Sync 1 DAGs
[2026-07-10T01:25:23.280+0000] {logging_mixin.py:190} INFO - [2026-07-10T01:25:23.280+0000] {dag.py:4180} INFO - Setting next_dagrun for 01_load_csv to None, run_after=None
[2026-07-10T01:25:23.306+0000] {processor.py:208} INFO - Processing /opt/airflow/dags/01_load_csv.py took 0.123 seconds
[2026-07-10T01:25:53.370+0000] {processor.py:186} INFO - Started process (PID=15392) to work on /opt/airflow/dags/01_load_csv.py
[2026-07-10T01:25:53.373+0000] {processor.py:914} INFO - Processing file /opt/airflow/dags/01_load_csv.py for tasks to queue
[2026-07-10T01:25:53.378+0000] {logging_mixin.py:190} INFO - [2026-07-10T01:25:53.377+0000] {dagbag.py:588} INFO - Filling up the DagBag from /opt/airflow/dags/01_load_csv.py
[2026-07-10T01:25:53.395+0000] {processor.py:925} INFO - DAG(s) '01_load_csv' retrieved from /opt/airflow/dags/01_load_csv.py
[2026-07-10T01:25:53.450+0000] {logging_mixin.py:190} INFO - [2026-07-10T01:25:53.449+0000] {dag.py:3239} INFO - Sync 1 DAGs
[2026-07-10T01:25:53.477+0000] {logging_mixin.py:190} INFO - [2026-07-10T01:25:53.477+0000] {dag.py:4180} INFO - Setting next_dagrun for 01_load_csv to None, run_after=None
[2026-07-10T01:25:53.506+0000] {processor.py:208} INFO - Processing /opt/airflow/dags/01_load_csv.py took 0.147 seconds
[2026-07-10T01:26:24.084+0000] {processor.py:186} INFO - Started process (PID=15473) to work on /opt/airflow/dags/01_load_csv.py
[2026-07-10T01:26:24.096+0000] {processor.py:914} INFO - Processing file /opt/airflow/dags/01_load_csv.py for tasks to queue
[2026-07-10T01:26:24.114+0000] {logging_mixin.py:190} INFO - [2026-07-10T01:26:24.112+0000] {dagbag.py:588} INFO - Filling up the DagBag from /opt/airflow/dags/01_load_csv.py
[2026-07-10T01:26:24.137+0000] {processor.py:925} INFO - DAG(s) '01_load_csv' retrieved from /opt/airflow/dags/01_load_csv.py
[2026-07-10T01:26:24.185+0000] {logging_mixin.py:190} INFO - [2026-07-10T01:26:24.185+0000] {dag.py:3239} INFO - Sync 1 DAGs
[2026-07-10T01:26:24.202+0000] {logging_mixin.py:190} INFO - [2026-07-10T01:26:24.202+0000] {dag.py:4180} INFO - Setting next_dagrun for 01_load_csv to None, run_after=None
[2026-07-10T01:26:24.235+0000] {processor.py:208} INFO - Processing /opt/airflow/dags/01_load_csv.py took 0.221 seconds
[2026-07-10T01:26:54.459+0000] {processor.py:186} INFO - Started process (PID=15518) to work on /opt/airflow/dags/01_load_csv.py
[2026-07-10T01:26:54.462+0000] {processor.py:914} INFO - Processing file /opt/airflow/dags/01_load_csv.py for tasks to queue
[2026-07-10T01:26:54.467+0000] {logging_mixin.py:190} INFO - [2026-07-10T01:26:54.466+0000] {dagbag.py:588} INFO - Filling up the DagBag from /opt/airflow/dags/01_load_csv.py
[2026-07-10T01:26:54.488+0000] {processor.py:925} INFO - DAG(s) '01_load_csv' retrieved from /opt/airflow/dags/01_load_csv.py
[2026-07-10T01:26:54.565+0000] {logging_mixin.py:190} INFO - [2026-07-10T01:26:54.565+0000] {dag.py:3239} INFO - Sync 1 DAGs
[2026-07-10T01:26:54.599+0000] {logging_mixin.py:190} INFO - [2026-07-10T01:26:54.599+0000] {dag.py:4180} INFO - Setting next_dagrun for 01_load_csv to None, run_after=None
[2026-07-10T01:26:54.633+0000] {processor.py:208} INFO - Processing /opt/airflow/dags/01_load_csv.py took 0.203 seconds
[2026-07-10T01:27:24.798+0000] {processor.py:186} INFO - Started process (PID=15563) to work on /opt/airflow/dags/01_load_csv.py
[2026-07-10T01:27:24.801+0000] {processor.py:914} INFO - Processing file /opt/airflow/dags/01_load_csv.py for tasks to queue
[2026-07-10T01:27:24.807+0000] {logging_mixin.py:190} INFO - [2026-07-10T01:27:24.806+0000] {dagbag.py:588} INFO - Filling up the DagBag from /opt/airflow/dags/01_load_csv.py
[2026-07-10T01:27:24.828+0000] {processor.py:925} INFO - DAG(s) '01_load_csv' retrieved from /opt/airflow/dags/01_load_csv.py
[2026-07-10T01:27:24.877+0000] {logging_mixin.py:190} INFO - [2026-07-10T01:27:24.877+0000] {dag.py:3239} INFO - Sync 1 DAGs
[2026-07-10T01:27:24.898+0000] {logging_mixin.py:190} INFO - [2026-07-10T01:27:24.898+0000] {dag.py:4180} INFO - Setting next_dagrun for 01_load_csv to None, run_after=None
[2026-07-10T01:27:24.923+0000] {processor.py:208} INFO - Processing /opt/airflow/dags/01_load_csv.py took 0.150 seconds
[2026-07-10T14:37:33.936+0000] {processor.py:186} INFO - Started process (PID=192) to work on /opt/airflow/dags/01_load_csv.py
[2026-07-10T14:37:33.940+0000] {processor.py:914} INFO - Processing file /opt/airflow/dags/01_load_csv.py for tasks to queue
[2026-07-10T14:37:33.945+0000] {logging_mixin.py:190} INFO - [2026-07-10T14:37:33.944+0000] {dagbag.py:588} INFO - Filling up the DagBag from /opt/airflow/dags/01_load_csv.py
[2026-07-10T14:37:33.960+0000] {processor.py:925} INFO - DAG(s) '01_load_csv' retrieved from /opt/airflow/dags/01_load_csv.py
[2026-07-10T14:37:34.112+0000] {logging_mixin.py:190} INFO - [2026-07-10T14:37:34.111+0000] {override.py:1911} INFO - Created Permission View: can edit on DAG:01_load_csv
[2026-07-10T14:37:34.124+0000] {logging_mixin.py:190} INFO - [2026-07-10T14:37:34.124+0000] {override.py:1911} INFO - Created Permission View: can read on DAG:01_load_csv
[2026-07-10T14:37:34.134+0000] {logging_mixin.py:190} INFO - [2026-07-10T14:37:34.133+0000] {override.py:1911} INFO - Created Permission View: can delete on DAG:01_load_csv
[2026-07-10T14:37:34.144+0000] {logging_mixin.py:190} INFO - [2026-07-10T14:37:34.144+0000] {override.py:1911} INFO - Created Permission View: can read on DAG Run:01_load_csv
[2026-07-10T14:37:34.153+0000] {logging_mixin.py:190} INFO - [2026-07-10T14:37:34.153+0000] {override.py:1911} INFO - Created Permission View: can delete on DAG Run:01_load_csv
[2026-07-10T14:37:34.162+0000] {logging_mixin.py:190} INFO - [2026-07-10T14:37:34.161+0000] {override.py:1911} INFO - Created Permission View: menu access on DAG Run:01_load_csv
[2026-07-10T14:37:34.171+0000] {logging_mixin.py:190} INFO - [2026-07-10T14:37:34.170+0000] {override.py:1911} INFO - Created Permission View: can create on DAG Run:01_load_csv
[2026-07-10T14:37:34.171+0000] {logging_mixin.py:190} INFO - [2026-07-10T14:37:34.171+0000] {dag.py:3239} INFO - Sync 1 DAGs
[2026-07-10T14:37:34.191+0000] {logging_mixin.py:190} INFO - [2026-07-10T14:37:34.191+0000] {dag.py:3262} INFO - Creating ORM DAG for 01_load_csv
[2026-07-10T14:37:34.192+0000] {logging_mixin.py:190} INFO - [2026-07-10T14:37:34.192+0000] {dag.py:4180} INFO - Setting next_dagrun for 01_load_csv to None, run_after=None
[2026-07-10T14:37:34.216+0000] {processor.py:208} INFO - Processing /opt/airflow/dags/01_load_csv.py took 0.289 seconds
[2026-07-10T14:38:04.463+0000] {processor.py:186} INFO - Started process (PID=237) to work on /opt/airflow/dags/01_load_csv.py
[2026-07-10T14:38:04.464+0000] {processor.py:914} INFO - Processing file /opt/airflow/dags/01_load_csv.py for tasks to queue
[2026-07-10T14:38:04.467+0000] {logging_mixin.py:190} INFO - [2026-07-10T14:38:04.466+0000] {dagbag.py:588} INFO - Filling up the DagBag from /opt/airflow/dags/01_load_csv.py
[2026-07-10T14:38:04.479+0000] {processor.py:925} INFO - DAG(s) '01_load_csv' retrieved from /opt/airflow/dags/01_load_csv.py
[2026-07-10T14:38:04.517+0000] {logging_mixin.py:190} INFO - [2026-07-10T14:38:04.517+0000] {dag.py:3239} INFO - Sync 1 DAGs
[2026-07-10T14:38:04.534+0000] {logging_mixin.py:190} INFO - [2026-07-10T14:38:04.534+0000] {dag.py:4180} INFO - Setting next_dagrun for 01_load_csv to None, run_after=None
[2026-07-10T14:38:04.554+0000] {processor.py:208} INFO - Processing /opt/airflow/dags/01_load_csv.py took 0.099 seconds
[2026-07-10T14:38:35.845+0000] {processor.py:186} INFO - Started process (PID=280) to work on /opt/airflow/dags/01_load_csv.py
[2026-07-10T14:38:35.847+0000] {processor.py:914} INFO - Processing file /opt/airflow/dags/01_load_csv.py for tasks to queue
[2026-07-10T14:38:35.849+0000] {logging_mixin.py:190} INFO - [2026-07-10T14:38:35.848+0000] {dagbag.py:588} INFO - Filling up the DagBag from /opt/airflow/dags/01_load_csv.py
[2026-07-10T14:38:35.857+0000] {processor.py:925} INFO - DAG(s) '01_load_csv' retrieved from /opt/airflow/dags/01_load_csv.py
[2026-07-10T14:38:35.900+0000] {logging_mixin.py:190} INFO - [2026-07-10T14:38:35.899+0000] {dag.py:3239} INFO - Sync 1 DAGs
[2026-07-10T14:38:35.915+0000] {logging_mixin.py:190} INFO - [2026-07-10T14:38:35.915+0000] {dag.py:4180} INFO - Setting next_dagrun for 01_load_csv to None, run_after=None
[2026-07-10T14:38:35.934+0000] {processor.py:208} INFO - Processing /opt/airflow/dags/01_load_csv.py took 0.095 seconds
[2026-07-10T14:39:06.323+0000] {processor.py:186} INFO - Started process (PID=325) to work on /opt/airflow/dags/01_load_csv.py
[2026-07-10T14:39:06.325+0000] {processor.py:914} INFO - Processing file /opt/airflow/dags/01_load_csv.py for tasks to queue
[2026-07-10T14:39:06.330+0000] {logging_mixin.py:190} INFO - [2026-07-10T14:39:06.329+0000] {dagbag.py:588} INFO - Filling up the DagBag from /opt/airflow/dags/01_load_csv.py
[2026-07-10T14:39:06.350+0000] {processor.py:925} INFO - DAG(s) '01_load_csv' retrieved from /opt/airflow/dags/01_load_csv.py
[2026-07-10T14:39:06.543+0000] {logging_mixin.py:190} INFO - [2026-07-10T14:39:06.541+0000] {dag.py:3239} INFO - Sync 1 DAGs
[2026-07-10T14:39:06.631+0000] {logging_mixin.py:190} INFO - [2026-07-10T14:39:06.630+0000] {dag.py:4180} INFO - Setting next_dagrun for 01_load_csv to None, run_after=None
[2026-07-10T14:39:06.758+0000] {processor.py:208} INFO - Processing /opt/airflow/dags/01_load_csv.py took 0.445 seconds
[2026-07-10T14:39:37.050+0000] {processor.py:186} INFO - Started process (PID=372) to work on /opt/airflow/dags/01_load_csv.py
[2026-07-10T14:39:37.052+0000] {processor.py:914} INFO - Processing file /opt/airflow/dags/01_load_csv.py for tasks to queue
[2026-07-10T14:39:37.055+0000] {logging_mixin.py:190} INFO - [2026-07-10T14:39:37.055+0000] {dagbag.py:588} INFO - Filling up the DagBag from /opt/airflow/dags/01_load_csv.py
[2026-07-10T14:39:37.066+0000] {processor.py:925} INFO - DAG(s) '01_load_csv' retrieved from /opt/airflow/dags/01_load_csv.py
[2026-07-10T14:39:37.102+0000] {logging_mixin.py:190} INFO - [2026-07-10T14:39:37.102+0000] {dag.py:3239} INFO - Sync 1 DAGs
[2026-07-10T14:39:37.118+0000] {logging_mixin.py:190} INFO - [2026-07-10T14:39:37.118+0000] {dag.py:4180} INFO - Setting next_dagrun for 01_load_csv to None, run_after=None
[2026-07-10T14:39:37.141+0000] {processor.py:208} INFO - Processing /opt/airflow/dags/01_load_csv.py took 0.101 seconds
[2026-07-10T14:40:07.684+0000] {processor.py:186} INFO - Started process (PID=417) to work on /opt/airflow/dags/01_load_csv.py
[2026-07-10T14:40:07.685+0000] {processor.py:914} INFO - Processing file /opt/airflow/dags/01_load_csv.py for tasks to queue
[2026-07-10T14:40:07.688+0000] {logging_mixin.py:190} INFO - [2026-07-10T14:40:07.687+0000] {dagbag.py:588} INFO - Filling up the DagBag from /opt/airflow/dags/01_load_csv.py
[2026-07-10T14:40:07.700+0000] {processor.py:925} INFO - DAG(s) '01_load_csv' retrieved from /opt/airflow/dags/01_load_csv.py
[2026-07-10T14:40:07.739+0000] {logging_mixin.py:190} INFO - [2026-07-10T14:40:07.739+0000] {dag.py:3239} INFO - Sync 1 DAGs
[2026-07-10T14:40:07.922+0000] {logging_mixin.py:190} INFO - [2026-07-10T14:40:07.922+0000] {dag.py:4180} INFO - Setting next_dagrun for 01_load_csv to None, run_after=None
[2026-07-10T14:40:07.946+0000] {processor.py:208} INFO - Processing /opt/airflow/dags/01_load_csv.py took 0.270 seconds
[2026-07-10T14:40:38.430+0000] {processor.py:186} INFO - Started process (PID=462) to work on /opt/airflow/dags/01_load_csv.py
[2026-07-10T14:40:38.431+0000] {processor.py:914} INFO - Processing file /opt/airflow/dags/01_load_csv.py for tasks to queue
[2026-07-10T14:40:38.434+0000] {logging_mixin.py:190} INFO - [2026-07-10T14:40:38.433+0000] {dagbag.py:588} INFO - Filling up the DagBag from /opt/airflow/dags/01_load_csv.py
[2026-07-10T14:40:38.445+0000] {processor.py:925} INFO - DAG(s) '01_load_csv' retrieved from /opt/airflow/dags/01_load_csv.py
[2026-07-10T14:40:38.490+0000] {logging_mixin.py:190} INFO - [2026-07-10T14:40:38.490+0000] {dag.py:3239} INFO - Sync 1 DAGs
[2026-07-10T14:40:38.507+0000] {logging_mixin.py:190} INFO - [2026-07-10T14:40:38.507+0000] {dag.py:4180} INFO - Setting next_dagrun for 01_load_csv to None, run_after=None
[2026-07-10T14:40:38.528+0000] {processor.py:208} INFO - Processing /opt/airflow/dags/01_load_csv.py took 0.107 seconds
[2026-07-10T14:41:08.800+0000] {processor.py:186} INFO - Started process (PID=505) to work on /opt/airflow/dags/01_load_csv.py
[2026-07-10T14:41:08.800+0000] {processor.py:914} INFO - Processing file /opt/airflow/dags/01_load_csv.py for tasks to queue
[2026-07-10T14:41:08.803+0000] {logging_mixin.py:190} INFO - [2026-07-10T14:41:08.802+0000] {dagbag.py:588} INFO - Filling up the DagBag from /opt/airflow/dags/01_load_csv.py
[2026-07-10T14:41:08.811+0000] {processor.py:925} INFO - DAG(s) '01_load_csv' retrieved from /opt/airflow/dags/01_load_csv.py
[2026-07-10T14:41:08.858+0000] {logging_mixin.py:190} INFO - [2026-07-10T14:41:08.858+0000] {dag.py:3239} INFO - Sync 1 DAGs
[2026-07-10T14:41:09.074+0000] {logging_mixin.py:190} INFO - [2026-07-10T14:41:09.074+0000] {dag.py:4180} INFO - Setting next_dagrun for 01_load_csv to None, run_after=None
[2026-07-10T14:41:09.094+0000] {processor.py:208} INFO - Processing /opt/airflow/dags/01_load_csv.py took 0.301 seconds
[2026-07-10T14:41:39.449+0000] {processor.py:186} INFO - Started process (PID=550) to work on /opt/airflow/dags/01_load_csv.py
[2026-07-10T14:41:39.451+0000] {processor.py:914} INFO - Processing file /opt/airflow/dags/01_load_csv.py for tasks to queue
[2026-07-10T14:41:39.453+0000] {logging_mixin.py:190} INFO - [2026-07-10T14:41:39.453+0000] {dagbag.py:588} INFO - Filling up the DagBag from /opt/airflow/dags/01_load_csv.py
[2026-07-10T14:41:39.464+0000] {processor.py:925} INFO - DAG(s) '01_load_csv' retrieved from /opt/airflow/dags/01_load_csv.py
[2026-07-10T14:41:39.499+0000] {logging_mixin.py:190} INFO - [2026-07-10T14:41:39.499+0000] {dag.py:3239} INFO - Sync 1 DAGs
[2026-07-10T14:41:39.515+0000] {logging_mixin.py:190} INFO - [2026-07-10T14:41:39.515+0000] {dag.py:4180} INFO - Setting next_dagrun for 01_load_csv to None, run_after=None
[2026-07-10T14:41:39.535+0000] {processor.py:208} INFO - Processing /opt/airflow/dags/01_load_csv.py took 0.094 seconds
[2026-07-10T14:42:10.706+0000] {processor.py:186} INFO - Started process (PID=597) to work on /opt/airflow/dags/01_load_csv.py
[2026-07-10T14:42:10.708+0000] {processor.py:914} INFO - Processing file /opt/airflow/dags/01_load_csv.py for tasks to queue
[2026-07-10T14:42:10.711+0000] {logging_mixin.py:190} INFO - [2026-07-10T14:42:10.710+0000] {dagbag.py:588} INFO - Filling up the DagBag from /opt/airflow/dags/01_load_csv.py
[2026-07-10T14:42:10.722+0000] {processor.py:925} INFO - DAG(s) '01_load_csv' retrieved from /opt/airflow/dags/01_load_csv.py
[2026-07-10T14:42:10.771+0000] {logging_mixin.py:190} INFO - [2026-07-10T14:42:10.770+0000] {dag.py:3239} INFO - Sync 1 DAGs
[2026-07-10T14:42:10.795+0000] {logging_mixin.py:190} INFO - [2026-07-10T14:42:10.794+0000] {dag.py:4180} INFO - Setting next_dagrun for 01_load_csv to None, run_after=None
[2026-07-10T14:42:10.816+0000] {processor.py:208} INFO - Processing /opt/airflow/dags/01_load_csv.py took 0.118 seconds
[2026-07-10T14:42:40.980+0000] {processor.py:186} INFO - Started process (PID=642) to work on /opt/airflow/dags/01_load_csv.py
[2026-07-10T14:42:40.981+0000] {processor.py:914} INFO - Processing file /opt/airflow/dags/01_load_csv.py for tasks to queue
[2026-07-10T14:42:40.984+0000] {logging_mixin.py:190} INFO - [2026-07-10T14:42:40.984+0000] {dagbag.py:588} INFO - Filling up the DagBag from /opt/airflow/dags/01_load_csv.py
[2026-07-10T14:42:40.993+0000] {processor.py:925} INFO - DAG(s) '01_load_csv' retrieved from /opt/airflow/dags/01_load_csv.py
[2026-07-10T14:42:41.031+0000] {logging_mixin.py:190} INFO - [2026-07-10T14:42:41.031+0000] {dag.py:3239} INFO - Sync 1 DAGs
[2026-07-10T14:42:41.047+0000] {logging_mixin.py:190} INFO - [2026-07-10T14:42:41.046+0000] {dag.py:4180} INFO - Setting next_dagrun for 01_load_csv to None, run_after=None
[2026-07-10T14:42:41.065+0000] {processor.py:208} INFO - Processing /opt/airflow/dags/01_load_csv.py took 0.093 seconds
[2026-07-10T14:43:11.370+0000] {processor.py:186} INFO - Started process (PID=687) to work on /opt/airflow/dags/01_load_csv.py
[2026-07-10T14:43:11.371+0000] {processor.py:914} INFO - Processing file /opt/airflow/dags/01_load_csv.py for tasks to queue
[2026-07-10T14:43:11.373+0000] {logging_mixin.py:190} INFO - [2026-07-10T14:43:11.373+0000] {dagbag.py:588} INFO - Filling up the DagBag from /opt/airflow/dags/01_load_csv.py
[2026-07-10T14:43:11.383+0000] {processor.py:925} INFO - DAG(s) '01_load_csv' retrieved from /opt/airflow/dags/01_load_csv.py
[2026-07-10T14:43:11.418+0000] {logging_mixin.py:190} INFO - [2026-07-10T14:43:11.418+0000] {dag.py:3239} INFO - Sync 1 DAGs
[2026-07-10T14:43:11.436+0000] {logging_mixin.py:190} INFO - [2026-07-10T14:43:11.435+0000] {dag.py:4180} INFO - Setting next_dagrun for 01_load_csv to None, run_after=None
[2026-07-10T14:43:11.456+0000] {processor.py:208} INFO - Processing /opt/airflow/dags/01_load_csv.py took 0.097 seconds
[2026-07-10T14:43:41.648+0000] {processor.py:186} INFO - Started process (PID=732) to work on /opt/airflow/dags/01_load_csv.py
[2026-07-10T14:43:41.649+0000] {processor.py:914} INFO - Processing file /opt/airflow/dags/01_load_csv.py for tasks to queue
[2026-07-10T14:43:41.653+0000] {logging_mixin.py:190} INFO - [2026-07-10T14:43:41.652+0000] {dagbag.py:588} INFO - Filling up the DagBag from /opt/airflow/dags/01_load_csv.py
[2026-07-10T14:43:41.665+0000] {processor.py:925} INFO - DAG(s) '01_load_csv' retrieved from /opt/airflow/dags/01_load_csv.py
[2026-07-10T14:43:41.708+0000] {logging_mixin.py:190} INFO - [2026-07-10T14:43:41.708+0000] {dag.py:3239} INFO - Sync 1 DAGs
[2026-07-10T14:43:41.725+0000] {logging_mixin.py:190} INFO - [2026-07-10T14:43:41.724+0000] {dag.py:4180} INFO - Setting next_dagrun for 01_load_csv to None, run_after=None
[2026-07-10T14:43:41.744+0000] {processor.py:208} INFO - Processing /opt/airflow/dags/01_load_csv.py took 0.108 seconds
[2026-07-10T14:44:11.835+0000] {processor.py:186} INFO - Started process (PID=777) to work on /opt/airflow/dags/01_load_csv.py
[2026-07-10T14:44:11.836+0000] {processor.py:914} INFO - Processing file /opt/airflow/dags/01_load_csv.py for tasks to queue
[2026-07-10T14:44:11.840+0000] {logging_mixin.py:190} INFO - [2026-07-10T14:44:11.839+0000] {dagbag.py:588} INFO - Filling up the DagBag from /opt/airflow/dags/01_load_csv.py
[2026-07-10T14:44:11.853+0000] {processor.py:925} INFO - DAG(s) '01_load_csv' retrieved from /opt/airflow/dags/01_load_csv.py
[2026-07-10T14:44:11.902+0000] {logging_mixin.py:190} INFO - [2026-07-10T14:44:11.901+0000] {dag.py:3239} INFO - Sync 1 DAGs
[2026-07-10T14:44:11.920+0000] {logging_mixin.py:190} INFO - [2026-07-10T14:44:11.920+0000] {dag.py:4180} INFO - Setting next_dagrun for 01_load_csv to None, run_after=None
[2026-07-10T14:44:11.944+0000] {processor.py:208} INFO - Processing /opt/airflow/dags/01_load_csv.py took 0.122 seconds
[2026-07-10T14:44:42.078+0000] {processor.py:186} INFO - Started process (PID=822) to work on /opt/airflow/dags/01_load_csv.py
[2026-07-10T14:44:42.079+0000] {processor.py:914} INFO - Processing file /opt/airflow/dags/01_load_csv.py for tasks to queue
[2026-07-10T14:44:42.082+0000] {logging_mixin.py:190} INFO - [2026-07-10T14:44:42.081+0000] {dagbag.py:588} INFO - Filling up the DagBag from /opt/airflow/dags/01_load_csv.py
[2026-07-10T14:44:42.090+0000] {processor.py:925} INFO - DAG(s) '01_load_csv' retrieved from /opt/airflow/dags/01_load_csv.py
[2026-07-10T14:44:42.127+0000] {logging_mixin.py:190} INFO - [2026-07-10T14:44:42.126+0000] {dag.py:3239} INFO - Sync 1 DAGs
[2026-07-10T14:44:42.142+0000] {logging_mixin.py:190} INFO - [2026-07-10T14:44:42.142+0000] {dag.py:4180} INFO - Setting next_dagrun for 01_load_csv to None, run_after=None
[2026-07-10T14:44:42.163+0000] {processor.py:208} INFO - Processing /opt/airflow/dags/01_load_csv.py took 0.092 seconds
[2026-07-10T14:45:12.468+0000] {processor.py:186} INFO - Started process (PID=865) to work on /opt/airflow/dags/01_load_csv.py
[2026-07-10T14:45:12.469+0000] {processor.py:914} INFO - Processing file /opt/airflow/dags/01_load_csv.py for tasks to queue
[2026-07-10T14:45:12.473+0000] {logging_mixin.py:190} INFO - [2026-07-10T14:45:12.472+0000] {dagbag.py:588} INFO - Filling up the DagBag from /opt/airflow/dags/01_load_csv.py
[2026-07-10T14:45:12.484+0000] {processor.py:925} INFO - DAG(s) '01_load_csv' retrieved from /opt/airflow/dags/01_load_csv.py
[2026-07-10T14:45:12.523+0000] {logging_mixin.py:190} INFO - [2026-07-10T14:45:12.523+0000] {dag.py:3239} INFO - Sync 1 DAGs
[2026-07-10T14:45:12.542+0000] {logging_mixin.py:190} INFO - [2026-07-10T14:45:12.542+0000] {dag.py:4180} INFO - Setting next_dagrun for 01_load_csv to None, run_after=None
[2026-07-10T14:45:12.578+0000] {processor.py:208} INFO - Processing /opt/airflow/dags/01_load_csv.py took 0.119 seconds
[2026-07-10T14:45:42.837+0000] {processor.py:186} INFO - Started process (PID=912) to work on /opt/airflow/dags/01_load_csv.py
[2026-07-10T14:45:42.838+0000] {processor.py:914} INFO - Processing file /opt/airflow/dags/01_load_csv.py for tasks to queue
[2026-07-10T14:45:42.841+0000] {logging_mixin.py:190} INFO - [2026-07-10T14:45:42.840+0000] {dagbag.py:588} INFO - Filling up the DagBag from /opt/airflow/dags/01_load_csv.py
[2026-07-10T14:45:42.851+0000] {processor.py:925} INFO - DAG(s) '01_load_csv' retrieved from /opt/airflow/dags/01_load_csv.py
[2026-07-10T14:45:42.892+0000] {logging_mixin.py:190} INFO - [2026-07-10T14:45:42.892+0000] {dag.py:3239} INFO - Sync 1 DAGs
[2026-07-10T14:45:42.911+0000] {logging_mixin.py:190} INFO - [2026-07-10T14:45:42.911+0000] {dag.py:4180} INFO - Setting next_dagrun for 01_load_csv to None, run_after=None
[2026-07-10T14:45:42.940+0000] {processor.py:208} INFO - Processing /opt/airflow/dags/01_load_csv.py took 0.111 seconds
[2026-07-10T14:46:14.029+0000] {processor.py:186} INFO - Started process (PID=955) to work on /opt/airflow/dags/01_load_csv.py
[2026-07-10T14:46:14.030+0000] {processor.py:914} INFO - Processing file /opt/airflow/dags/01_load_csv.py for tasks to queue
[2026-07-10T14:46:14.032+0000] {logging_mixin.py:190} INFO - [2026-07-10T14:46:14.032+0000] {dagbag.py:588} INFO - Filling up the DagBag from /opt/airflow/dags/01_load_csv.py
[2026-07-10T14:46:14.042+0000] {processor.py:925} INFO - DAG(s) '01_load_csv' retrieved from /opt/airflow/dags/01_load_csv.py
[2026-07-10T14:46:14.094+0000] {logging_mixin.py:190} INFO - [2026-07-10T14:46:14.093+0000] {dag.py:3239} INFO - Sync 1 DAGs
[2026-07-10T14:46:14.118+0000] {logging_mixin.py:190} INFO - [2026-07-10T14:46:14.117+0000] {dag.py:4180} INFO - Setting next_dagrun for 01_load_csv to None, run_after=None
[2026-07-10T14:46:14.143+0000] {processor.py:208} INFO - Processing /opt/airflow/dags/01_load_csv.py took 0.121 seconds
[2026-07-10T14:46:44.274+0000] {processor.py:186} INFO - Started process (PID=1002) to work on /opt/airflow/dags/01_load_csv.py
[2026-07-10T14:46:44.275+0000] {processor.py:914} INFO - Processing file /opt/airflow/dags/01_load_csv.py for tasks to queue
[2026-07-10T14:46:44.278+0000] {logging_mixin.py:190} INFO - [2026-07-10T14:46:44.277+0000] {dagbag.py:588} INFO - Filling up the DagBag from /opt/airflow/dags/01_load_csv.py
[2026-07-10T14:46:44.287+0000] {processor.py:925} INFO - DAG(s) '01_load_csv' retrieved from /opt/airflow/dags/01_load_csv.py
[2026-07-10T14:46:44.321+0000] {logging_mixin.py:190} INFO - [2026-07-10T14:46:44.321+0000] {dag.py:3239} INFO - Sync 1 DAGs
[2026-07-10T14:46:44.340+0000] {logging_mixin.py:190} INFO - [2026-07-10T14:46:44.340+0000] {dag.py:4180} INFO - Setting next_dagrun for 01_load_csv to None, run_after=None
[2026-07-10T14:46:44.364+0000] {processor.py:208} INFO - Processing /opt/airflow/dags/01_load_csv.py took 0.099 seconds
[2026-07-10T14:47:14.466+0000] {processor.py:186} INFO - Started process (PID=1047) to work on /opt/airflow/dags/01_load_csv.py
[2026-07-10T14:47:14.467+0000] {processor.py:914} INFO - Processing file /opt/airflow/dags/01_load_csv.py for tasks to queue
[2026-07-10T14:47:14.469+0000] {logging_mixin.py:190} INFO - [2026-07-10T14:47:14.469+0000] {dagbag.py:588} INFO - Filling up the DagBag from /opt/airflow/dags/01_load_csv.py
[2026-07-10T14:47:14.480+0000] {processor.py:925} INFO - DAG(s) '01_load_csv' retrieved from /opt/airflow/dags/01_load_csv.py
[2026-07-10T14:47:14.516+0000] {logging_mixin.py:190} INFO - [2026-07-10T14:47:14.516+0000] {dag.py:3239} INFO - Sync 1 DAGs
[2026-07-10T14:47:14.533+0000] {logging_mixin.py:190} INFO - [2026-07-10T14:47:14.533+0000] {dag.py:4180} INFO - Setting next_dagrun for 01_load_csv to None, run_after=None
[2026-07-10T14:47:14.552+0000] {processor.py:208} INFO - Processing /opt/airflow/dags/01_load_csv.py took 0.095 seconds
[2026-07-10T14:47:44.819+0000] {processor.py:186} INFO - Started process (PID=1092) to work on /opt/airflow/dags/01_load_csv.py
[2026-07-10T14:47:44.821+0000] {processor.py:914} INFO - Processing file /opt/airflow/dags/01_load_csv.py for tasks to queue
[2026-07-10T14:47:44.825+0000] {logging_mixin.py:190} INFO - [2026-07-10T14:47:44.825+0000] {dagbag.py:588} INFO - Filling up the DagBag from /opt/airflow/dags/01_load_csv.py
[2026-07-10T14:47:44.840+0000] {processor.py:925} INFO - DAG(s) '01_load_csv' retrieved from /opt/airflow/dags/01_load_csv.py
[2026-07-10T14:47:44.892+0000] {logging_mixin.py:190} INFO - [2026-07-10T14:47:44.891+0000] {dag.py:3239} INFO - Sync 1 DAGs
[2026-07-10T14:47:44.912+0000] {logging_mixin.py:190} INFO - [2026-07-10T14:47:44.912+0000] {dag.py:4180} INFO - Setting next_dagrun for 01_load_csv to None, run_after=None
[2026-07-10T14:47:44.939+0000] {processor.py:208} INFO - Processing /opt/airflow/dags/01_load_csv.py took 0.130 seconds
[2026-07-10T14:48:15.093+0000] {processor.py:186} INFO - Started process (PID=1137) to work on /opt/airflow/dags/01_load_csv.py
[2026-07-10T14:48:15.094+0000] {processor.py:914} INFO - Processing file /opt/airflow/dags/01_load_csv.py for tasks to queue
[2026-07-10T14:48:15.096+0000] {logging_mixin.py:190} INFO - [2026-07-10T14:48:15.096+0000] {dagbag.py:588} INFO - Filling up the DagBag from /opt/airflow/dags/01_load_csv.py
[2026-07-10T14:48:15.104+0000] {processor.py:925} INFO - DAG(s) '01_load_csv' retrieved from /opt/airflow/dags/01_load_csv.py
[2026-07-10T14:48:15.138+0000] {logging_mixin.py:190} INFO - [2026-07-10T14:48:15.137+0000] {dag.py:3239} INFO - Sync 1 DAGs
[2026-07-10T14:48:15.153+0000] {logging_mixin.py:190} INFO - [2026-07-10T14:48:15.153+0000] {dag.py:4180} INFO - Setting next_dagrun for 01_load_csv to None, run_after=None
[2026-07-10T14:48:15.173+0000] {processor.py:208} INFO - Processing /opt/airflow/dags/01_load_csv.py took 0.086 seconds
[2026-07-10T14:48:45.325+0000] {processor.py:186} INFO - Started process (PID=1180) to work on /opt/airflow/dags/01_load_csv.py
[2026-07-10T14:48:45.326+0000] {processor.py:914} INFO - Processing file /opt/airflow/dags/01_load_csv.py for tasks to queue
[2026-07-10T14:48:45.329+0000] {logging_mixin.py:190} INFO - [2026-07-10T14:48:45.329+0000] {dagbag.py:588} INFO - Filling up the DagBag from /opt/airflow/dags/01_load_csv.py
[2026-07-10T14:48:45.339+0000] {processor.py:925} INFO - DAG(s) '01_load_csv' retrieved from /opt/airflow/dags/01_load_csv.py
[2026-07-10T14:48:45.375+0000] {logging_mixin.py:190} INFO - [2026-07-10T14:48:45.375+0000] {dag.py:3239} INFO - Sync 1 DAGs
[2026-07-10T14:48:45.396+0000] {logging_mixin.py:190} INFO - [2026-07-10T14:48:45.396+0000] {dag.py:4180} INFO - Setting next_dagrun for 01_load_csv to None, run_after=None
[2026-07-10T14:48:45.420+0000] {processor.py:208} INFO - Processing /opt/airflow/dags/01_load_csv.py took 0.104 seconds
[2026-07-10T14:49:15.954+0000] {processor.py:186} INFO - Started process (PID=1227) to work on /opt/airflow/dags/01_load_csv.py
[2026-07-10T14:49:15.955+0000] {processor.py:914} INFO - Processing file /opt/airflow/dags/01_load_csv.py for tasks to queue
[2026-07-10T14:49:15.958+0000] {logging_mixin.py:190} INFO - [2026-07-10T14:49:15.957+0000] {dagbag.py:588} INFO - Filling up the DagBag from /opt/airflow/dags/01_load_csv.py
[2026-07-10T14:49:15.967+0000] {processor.py:925} INFO - DAG(s) '01_load_csv' retrieved from /opt/airflow/dags/01_load_csv.py
[2026-07-10T14:49:16.001+0000] {logging_mixin.py:190} INFO - [2026-07-10T14:49:16.001+0000] {dag.py:3239} INFO - Sync 1 DAGs
[2026-07-10T14:49:16.022+0000] {logging_mixin.py:190} INFO - [2026-07-10T14:49:16.022+0000] {dag.py:4180} INFO - Setting next_dagrun for 01_load_csv to None, run_after=None
[2026-07-10T14:49:16.045+0000] {processor.py:208} INFO - Processing /opt/airflow/dags/01_load_csv.py took 0.098 seconds
[2026-07-10T14:49:46.249+0000] {processor.py:186} INFO - Started process (PID=1272) to work on /opt/airflow/dags/01_load_csv.py
[2026-07-10T14:49:46.250+0000] {processor.py:914} INFO - Processing file /opt/airflow/dags/01_load_csv.py for tasks to queue
[2026-07-10T14:49:46.253+0000] {logging_mixin.py:190} INFO - [2026-07-10T14:49:46.252+0000] {dagbag.py:588} INFO - Filling up the DagBag from /opt/airflow/dags/01_load_csv.py
[2026-07-10T14:49:46.262+0000] {processor.py:925} INFO - DAG(s) '01_load_csv' retrieved from /opt/airflow/dags/01_load_csv.py
[2026-07-10T14:49:46.300+0000] {logging_mixin.py:190} INFO - [2026-07-10T14:49:46.299+0000] {dag.py:3239} INFO - Sync 1 DAGs
[2026-07-10T14:49:46.316+0000] {logging_mixin.py:190} INFO - [2026-07-10T14:49:46.316+0000] {dag.py:4180} INFO - Setting next_dagrun for 01_load_csv to None, run_after=None
[2026-07-10T14:49:46.334+0000] {processor.py:208} INFO - Processing /opt/airflow/dags/01_load_csv.py took 0.092 seconds
[2026-07-10T14:50:16.652+0000] {processor.py:186} INFO - Started process (PID=1317) to work on /opt/airflow/dags/01_load_csv.py
[2026-07-10T14:50:16.653+0000] {processor.py:914} INFO - Processing file /opt/airflow/dags/01_load_csv.py for tasks to queue
[2026-07-10T14:50:16.658+0000] {logging_mixin.py:190} INFO - [2026-07-10T14:50:16.657+0000] {dagbag.py:588} INFO - Filling up the DagBag from /opt/airflow/dags/01_load_csv.py
[2026-07-10T14:50:16.669+0000] {processor.py:925} INFO - DAG(s) '01_load_csv' retrieved from /opt/airflow/dags/01_load_csv.py
[2026-07-10T14:50:16.709+0000] {logging_mixin.py:190} INFO - [2026-07-10T14:50:16.708+0000] {dag.py:3239} INFO - Sync 1 DAGs
[2026-07-10T14:50:16.732+0000] {logging_mixin.py:190} INFO - [2026-07-10T14:50:16.732+0000] {dag.py:4180} INFO - Setting next_dagrun for 01_load_csv to None, run_after=None
[2026-07-10T14:50:16.759+0000] {processor.py:208} INFO - Processing /opt/airflow/dags/01_load_csv.py took 0.117 seconds
[2026-07-10T14:50:46.867+0000] {processor.py:186} INFO - Started process (PID=1360) to work on /opt/airflow/dags/01_load_csv.py
[2026-07-10T14:50:46.870+0000] {processor.py:914} INFO - Processing file /opt/airflow/dags/01_load_csv.py for tasks to queue
[2026-07-10T14:50:46.874+0000] {logging_mixin.py:190} INFO - [2026-07-10T14:50:46.874+0000] {dagbag.py:588} INFO - Filling up the DagBag from /opt/airflow/dags/01_load_csv.py
[2026-07-10T14:50:46.886+0000] {processor.py:925} INFO - DAG(s) '01_load_csv' retrieved from /opt/airflow/dags/01_load_csv.py
[2026-07-10T14:50:46.920+0000] {logging_mixin.py:190} INFO - [2026-07-10T14:50:46.920+0000] {dag.py:3239} INFO - Sync 1 DAGs
[2026-07-10T14:50:46.939+0000] {logging_mixin.py:190} INFO - [2026-07-10T14:50:46.939+0000] {dag.py:4180} INFO - Setting next_dagrun for 01_load_csv to None, run_after=None
[2026-07-10T14:50:46.959+0000] {processor.py:208} INFO - Processing /opt/airflow/dags/01_load_csv.py took 0.103 seconds
[2026-07-10T14:51:17.432+0000] {processor.py:186} INFO - Started process (PID=1405) to work on /opt/airflow/dags/01_load_csv.py
[2026-07-10T14:51:17.434+0000] {processor.py:914} INFO - Processing file /opt/airflow/dags/01_load_csv.py for tasks to queue
[2026-07-10T14:51:17.437+0000] {logging_mixin.py:190} INFO - [2026-07-10T14:51:17.436+0000] {dagbag.py:588} INFO - Filling up the DagBag from /opt/airflow/dags/01_load_csv.py
[2026-07-10T14:51:17.447+0000] {processor.py:925} INFO - DAG(s) '01_load_csv' retrieved from /opt/airflow/dags/01_load_csv.py
[2026-07-10T14:51:17.484+0000] {logging_mixin.py:190} INFO - [2026-07-10T14:51:17.484+0000] {dag.py:3239} INFO - Sync 1 DAGs
[2026-07-10T14:51:17.500+0000] {logging_mixin.py:190} INFO - [2026-07-10T14:51:17.500+0000] {dag.py:4180} INFO - Setting next_dagrun for 01_load_csv to None, run_after=None
[2026-07-10T14:51:17.522+0000] {processor.py:208} INFO - Processing /opt/airflow/dags/01_load_csv.py took 0.099 seconds
[2026-07-10T14:51:47.917+0000] {processor.py:186} INFO - Started process (PID=1450) to work on /opt/airflow/dags/01_load_csv.py
[2026-07-10T14:51:47.918+0000] {processor.py:914} INFO - Processing file /opt/airflow/dags/01_load_csv.py for tasks to queue
[2026-07-10T14:51:47.922+0000] {logging_mixin.py:190} INFO - [2026-07-10T14:51:47.921+0000] {dagbag.py:588} INFO - Filling up the DagBag from /opt/airflow/dags/01_load_csv.py
[2026-07-10T14:51:47.934+0000] {processor.py:925} INFO - DAG(s) '01_load_csv' retrieved from /opt/airflow/dags/01_load_csv.py
[2026-07-10T14:51:47.976+0000] {logging_mixin.py:190} INFO - [2026-07-10T14:51:47.976+0000] {dag.py:3239} INFO - Sync 1 DAGs
[2026-07-10T14:51:47.996+0000] {logging_mixin.py:190} INFO - [2026-07-10T14:51:47.995+0000] {dag.py:4180} INFO - Setting next_dagrun for 01_load_csv to None, run_after=None
[2026-07-10T14:51:48.023+0000] {processor.py:208} INFO - Processing /opt/airflow/dags/01_load_csv.py took 0.116 seconds
[2026-07-10T14:52:19.273+0000] {processor.py:186} INFO - Started process (PID=1497) to work on /opt/airflow/dags/01_load_csv.py
[2026-07-10T14:52:19.275+0000] {processor.py:914} INFO - Processing file /opt/airflow/dags/01_load_csv.py for tasks to queue
[2026-07-10T14:52:19.277+0000] {logging_mixin.py:190} INFO - [2026-07-10T14:52:19.277+0000] {dagbag.py:588} INFO - Filling up the DagBag from /opt/airflow/dags/01_load_csv.py
[2026-07-10T14:52:19.287+0000] {processor.py:925} INFO - DAG(s) '01_load_csv' retrieved from /opt/airflow/dags/01_load_csv.py
[2026-07-10T14:52:19.321+0000] {logging_mixin.py:190} INFO - [2026-07-10T14:52:19.321+0000] {dag.py:3239} INFO - Sync 1 DAGs
[2026-07-10T14:52:19.338+0000] {logging_mixin.py:190} INFO - [2026-07-10T14:52:19.337+0000] {dag.py:4180} INFO - Setting next_dagrun for 01_load_csv to None, run_after=None
[2026-07-10T14:52:19.361+0000] {processor.py:208} INFO - Processing /opt/airflow/dags/01_load_csv.py took 0.097 seconds
[2026-07-10T14:52:49.532+0000] {processor.py:186} INFO - Started process (PID=1540) to work on /opt/airflow/dags/01_load_csv.py
[2026-07-10T14:52:49.533+0000] {processor.py:914} INFO - Processing file /opt/airflow/dags/01_load_csv.py for tasks to queue
[2026-07-10T14:52:49.537+0000] {logging_mixin.py:190} INFO - [2026-07-10T14:52:49.536+0000] {dagbag.py:588} INFO - Filling up the DagBag from /opt/airflow/dags/01_load_csv.py
[2026-07-10T14:52:49.548+0000] {processor.py:925} INFO - DAG(s) '01_load_csv' retrieved from /opt/airflow/dags/01_load_csv.py
[2026-07-10T14:52:49.588+0000] {logging_mixin.py:190} INFO - [2026-07-10T14:52:49.588+0000] {dag.py:3239} INFO - Sync 1 DAGs
[2026-07-10T14:52:49.606+0000] {logging_mixin.py:190} INFO - [2026-07-10T14:52:49.605+0000] {dag.py:4180} INFO - Setting next_dagrun for 01_load_csv to None, run_after=None
[2026-07-10T14:52:49.626+0000] {processor.py:208} INFO - Processing /opt/airflow/dags/01_load_csv.py took 0.101 seconds
[2026-07-10T14:53:20.768+0000] {processor.py:186} INFO - Started process (PID=1587) to work on /opt/airflow/dags/01_load_csv.py
[2026-07-10T14:53:20.769+0000] {processor.py:914} INFO - Processing file /opt/airflow/dags/01_load_csv.py for tasks to queue
[2026-07-10T14:53:20.772+0000] {logging_mixin.py:190} INFO - [2026-07-10T14:53:20.771+0000] {dagbag.py:588} INFO - Filling up the DagBag from /opt/airflow/dags/01_load_csv.py
[2026-07-10T14:53:20.783+0000] {processor.py:925} INFO - DAG(s) '01_load_csv' retrieved from /opt/airflow/dags/01_load_csv.py
[2026-07-10T14:53:20.820+0000] {logging_mixin.py:190} INFO - [2026-07-10T14:53:20.819+0000] {dag.py:3239} INFO - Sync 1 DAGs
[2026-07-10T14:53:20.838+0000] {logging_mixin.py:190} INFO - [2026-07-10T14:53:20.837+0000] {dag.py:4180} INFO - Setting next_dagrun for 01_load_csv to None, run_after=None
[2026-07-10T14:53:20.858+0000] {processor.py:208} INFO - Processing /opt/airflow/dags/01_load_csv.py took 0.099 seconds
[2026-07-10T14:53:51.861+0000] {processor.py:186} INFO - Started process (PID=1630) to work on /opt/airflow/dags/01_load_csv.py
[2026-07-10T14:53:51.863+0000] {processor.py:914} INFO - Processing file /opt/airflow/dags/01_load_csv.py for tasks to queue
[2026-07-10T14:53:51.868+0000] {logging_mixin.py:190} INFO - [2026-07-10T14:53:51.867+0000] {dagbag.py:588} INFO - Filling up the DagBag from /opt/airflow/dags/01_load_csv.py
[2026-07-10T14:53:51.885+0000] {processor.py:925} INFO - DAG(s) '01_load_csv' retrieved from /opt/airflow/dags/01_load_csv.py
[2026-07-10T14:53:51.950+0000] {logging_mixin.py:190} INFO - [2026-07-10T14:53:51.950+0000] {dag.py:3239} INFO - Sync 1 DAGs
[2026-07-10T14:53:51.976+0000] {logging_mixin.py:190} INFO - [2026-07-10T14:53:51.976+0000] {dag.py:4180} INFO - Setting next_dagrun for 01_load_csv to None, run_after=None
[2026-07-10T14:53:52.015+0000] {processor.py:208} INFO - Processing /opt/airflow/dags/01_load_csv.py took 0.172 seconds
[2026-07-10T14:54:22.812+0000] {processor.py:186} INFO - Started process (PID=1675) to work on /opt/airflow/dags/01_load_csv.py
[2026-07-10T14:54:22.814+0000] {processor.py:914} INFO - Processing file /opt/airflow/dags/01_load_csv.py for tasks to queue
[2026-07-10T14:54:22.818+0000] {logging_mixin.py:190} INFO - [2026-07-10T14:54:22.818+0000] {dagbag.py:588} INFO - Filling up the DagBag from /opt/airflow/dags/01_load_csv.py
[2026-07-10T14:54:22.831+0000] {processor.py:925} INFO - DAG(s) '01_load_csv' retrieved from /opt/airflow/dags/01_load_csv.py
[2026-07-10T14:54:22.873+0000] {logging_mixin.py:190} INFO - [2026-07-10T14:54:22.872+0000] {dag.py:3239} INFO - Sync 1 DAGs
[2026-07-10T14:54:22.893+0000] {logging_mixin.py:190} INFO - [2026-07-10T14:54:22.892+0000] {dag.py:4180} INFO - Setting next_dagrun for 01_load_csv to None, run_after=None
[2026-07-10T14:54:22.924+0000] {processor.py:208} INFO - Processing /opt/airflow/dags/01_load_csv.py took 0.120 seconds
[2026-07-10T14:54:54.683+0000] {processor.py:186} INFO - Started process (PID=1720) to work on /opt/airflow/dags/01_load_csv.py
[2026-07-10T14:54:54.757+0000] {processor.py:914} INFO - Processing file /opt/airflow/dags/01_load_csv.py for tasks to queue
[2026-07-10T14:54:54.762+0000] {logging_mixin.py:190} INFO - [2026-07-10T14:54:54.761+0000] {dagbag.py:588} INFO - Filling up the DagBag from /opt/airflow/dags/01_load_csv.py
[2026-07-10T14:54:54.777+0000] {processor.py:925} INFO - DAG(s) '01_load_csv' retrieved from /opt/airflow/dags/01_load_csv.py
[2026-07-10T14:54:55.019+0000] {logging_mixin.py:190} INFO - [2026-07-10T14:54:55.019+0000] {dag.py:3239} INFO - Sync 1 DAGs
[2026-07-10T14:54:55.078+0000] {logging_mixin.py:190} INFO - [2026-07-10T14:54:55.075+0000] {dag.py:4180} INFO - Setting next_dagrun for 01_load_csv to None, run_after=None
[2026-07-10T14:54:55.141+0000] {processor.py:208} INFO - Processing /opt/airflow/dags/01_load_csv.py took 0.496 seconds
[2026-07-10T14:55:25.718+0000] {processor.py:186} INFO - Started process (PID=1767) to work on /opt/airflow/dags/01_load_csv.py
[2026-07-10T14:55:25.723+0000] {processor.py:914} INFO - Processing file /opt/airflow/dags/01_load_csv.py for tasks to queue
[2026-07-10T14:55:25.727+0000] {logging_mixin.py:190} INFO - [2026-07-10T14:55:25.727+0000] {dagbag.py:588} INFO - Filling up the DagBag from /opt/airflow/dags/01_load_csv.py
[2026-07-10T14:55:25.737+0000] {processor.py:925} INFO - DAG(s) '01_load_csv' retrieved from /opt/airflow/dags/01_load_csv.py
[2026-07-10T14:55:25.799+0000] {logging_mixin.py:190} INFO - [2026-07-10T14:55:25.799+0000] {dag.py:3239} INFO - Sync 1 DAGs
[2026-07-10T14:55:25.824+0000] {logging_mixin.py:190} INFO - [2026-07-10T14:55:25.823+0000] {dag.py:4180} INFO - Setting next_dagrun for 01_load_csv to None, run_after=None
[2026-07-10T14:55:25.851+0000] {processor.py:208} INFO - Processing /opt/airflow/dags/01_load_csv.py took 0.146 seconds
[2026-07-10T14:55:56.253+0000] {processor.py:186} INFO - Started process (PID=1812) to work on /opt/airflow/dags/01_load_csv.py
[2026-07-10T14:55:56.254+0000] {processor.py:914} INFO - Processing file /opt/airflow/dags/01_load_csv.py for tasks to queue
[2026-07-10T14:55:56.260+0000] {logging_mixin.py:190} INFO - [2026-07-10T14:55:56.259+0000] {dagbag.py:588} INFO - Filling up the DagBag from /opt/airflow/dags/01_load_csv.py
[2026-07-10T14:55:56.278+0000] {processor.py:925} INFO - DAG(s) '01_load_csv' retrieved from /opt/airflow/dags/01_load_csv.py
[2026-07-10T14:55:56.326+0000] {logging_mixin.py:190} INFO - [2026-07-10T14:55:56.326+0000] {dag.py:3239} INFO - Sync 1 DAGs
[2026-07-10T14:55:56.352+0000] {logging_mixin.py:190} INFO - [2026-07-10T14:55:56.352+0000] {dag.py:4180} INFO - Setting next_dagrun for 01_load_csv to None, run_after=None
[2026-07-10T14:55:56.383+0000] {processor.py:208} INFO - Processing /opt/airflow/dags/01_load_csv.py took 0.146 seconds
[2026-07-10T14:56:26.474+0000] {processor.py:186} INFO - Started process (PID=1857) to work on /opt/airflow/dags/01_load_csv.py
[2026-07-10T14:56:26.476+0000] {processor.py:914} INFO - Processing file /opt/airflow/dags/01_load_csv.py for tasks to queue
[2026-07-10T14:56:26.479+0000] {logging_mixin.py:190} INFO - [2026-07-10T14:56:26.479+0000] {dagbag.py:588} INFO - Filling up the DagBag from /opt/airflow/dags/01_load_csv.py
[2026-07-10T14:56:26.491+0000] {processor.py:925} INFO - DAG(s) '01_load_csv' retrieved from /opt/airflow/dags/01_load_csv.py
[2026-07-10T14:56:26.539+0000] {logging_mixin.py:190} INFO - [2026-07-10T14:56:26.539+0000] {dag.py:3239} INFO - Sync 1 DAGs
[2026-07-10T14:56:26.567+0000] {logging_mixin.py:190} INFO - [2026-07-10T14:56:26.567+0000] {dag.py:4180} INFO - Setting next_dagrun for 01_load_csv to None, run_after=None
[2026-07-10T14:56:26.596+0000] {processor.py:208} INFO - Processing /opt/airflow/dags/01_load_csv.py took 0.129 seconds
[2026-07-10T14:56:56.676+0000] {processor.py:186} INFO - Started process (PID=1902) to work on /opt/airflow/dags/01_load_csv.py
[2026-07-10T14:56:56.676+0000] {processor.py:914} INFO - Processing file /opt/airflow/dags/01_load_csv.py for tasks to queue
[2026-07-10T14:56:56.679+0000] {logging_mixin.py:190} INFO - [2026-07-10T14:56:56.678+0000] {dagbag.py:588} INFO - Filling up the DagBag from /opt/airflow/dags/01_load_csv.py
[2026-07-10T14:56:56.688+0000] {processor.py:925} INFO - DAG(s) '01_load_csv' retrieved from /opt/airflow/dags/01_load_csv.py
[2026-07-10T14:56:56.719+0000] {logging_mixin.py:190} INFO - [2026-07-10T14:56:56.719+0000] {dag.py:3239} INFO - Sync 1 DAGs
[2026-07-10T14:56:56.735+0000] {logging_mixin.py:190} INFO - [2026-07-10T14:56:56.735+0000] {dag.py:4180} INFO - Setting next_dagrun for 01_load_csv to None, run_after=None
[2026-07-10T14:56:56.759+0000] {processor.py:208} INFO - Processing /opt/airflow/dags/01_load_csv.py took 0.090 seconds
[2026-07-10T14:57:26.927+0000] {processor.py:186} INFO - Started process (PID=1945) to work on /opt/airflow/dags/01_load_csv.py
[2026-07-10T14:57:26.929+0000] {processor.py:914} INFO - Processing file /opt/airflow/dags/01_load_csv.py for tasks to queue
[2026-07-10T14:57:26.932+0000] {logging_mixin.py:190} INFO - [2026-07-10T14:57:26.932+0000] {dagbag.py:588} INFO - Filling up the DagBag from /opt/airflow/dags/01_load_csv.py
[2026-07-10T14:57:26.945+0000] {processor.py:925} INFO - DAG(s) '01_load_csv' retrieved from /opt/airflow/dags/01_load_csv.py
[2026-07-10T14:57:26.990+0000] {logging_mixin.py:190} INFO - [2026-07-10T14:57:26.989+0000] {dag.py:3239} INFO - Sync 1 DAGs
[2026-07-10T14:57:27.013+0000] {logging_mixin.py:190} INFO - [2026-07-10T14:57:27.013+0000] {dag.py:4180} INFO - Setting next_dagrun for 01_load_csv to None, run_after=None
[2026-07-10T14:57:27.045+0000] {processor.py:208} INFO - Processing /opt/airflow/dags/01_load_csv.py took 0.127 seconds
[2026-07-10T14:57:57.493+0000] {processor.py:186} INFO - Started process (PID=1997) to work on /opt/airflow/dags/01_load_csv.py
[2026-07-10T14:57:57.495+0000] {processor.py:914} INFO - Processing file /opt/airflow/dags/01_load_csv.py for tasks to queue
[2026-07-10T14:57:57.498+0000] {logging_mixin.py:190} INFO - [2026-07-10T14:57:57.498+0000] {dagbag.py:588} INFO - Filling up the DagBag from /opt/airflow/dags/01_load_csv.py
[2026-07-10T14:57:57.514+0000] {processor.py:925} INFO - DAG(s) '01_load_csv' retrieved from /opt/airflow/dags/01_load_csv.py
[2026-07-10T14:57:57.566+0000] {logging_mixin.py:190} INFO - [2026-07-10T14:57:57.566+0000] {dag.py:3239} INFO - Sync 1 DAGs
[2026-07-10T14:57:57.603+0000] {logging_mixin.py:190} INFO - [2026-07-10T14:57:57.602+0000] {dag.py:4180} INFO - Setting next_dagrun for 01_load_csv to None, run_after=None
[2026-07-10T14:57:57.640+0000] {processor.py:208} INFO - Processing /opt/airflow/dags/01_load_csv.py took 0.156 seconds
[2026-07-10T14:58:27.845+0000] {processor.py:186} INFO - Started process (PID=2045) to work on /opt/airflow/dags/01_load_csv.py
[2026-07-10T14:58:27.846+0000] {processor.py:914} INFO - Processing file /opt/airflow/dags/01_load_csv.py for tasks to queue
[2026-07-10T14:58:27.849+0000] {logging_mixin.py:190} INFO - [2026-07-10T14:58:27.849+0000] {dagbag.py:588} INFO - Filling up the DagBag from /opt/airflow/dags/01_load_csv.py
[2026-07-10T14:58:27.860+0000] {processor.py:925} INFO - DAG(s) '01_load_csv' retrieved from /opt/airflow/dags/01_load_csv.py
[2026-07-10T14:58:27.897+0000] {logging_mixin.py:190} INFO - [2026-07-10T14:58:27.897+0000] {dag.py:3239} INFO - Sync 1 DAGs
[2026-07-10T14:58:27.914+0000] {logging_mixin.py:190} INFO - [2026-07-10T14:58:27.914+0000] {dag.py:4180} INFO - Setting next_dagrun for 01_load_csv to None, run_after=None
[2026-07-10T14:58:27.935+0000] {processor.py:208} INFO - Processing /opt/airflow/dags/01_load_csv.py took 0.098 seconds
[2026-07-10T14:58:58.906+0000] {processor.py:186} INFO - Started process (PID=2097) to work on /opt/airflow/dags/01_load_csv.py
[2026-07-10T14:58:58.908+0000] {processor.py:914} INFO - Processing file /opt/airflow/dags/01_load_csv.py for tasks to queue
[2026-07-10T14:58:58.912+0000] {logging_mixin.py:190} INFO - [2026-07-10T14:58:58.911+0000] {dagbag.py:588} INFO - Filling up the DagBag from /opt/airflow/dags/01_load_csv.py
[2026-07-10T14:58:58.931+0000] {processor.py:925} INFO - DAG(s) '01_load_csv' retrieved from /opt/airflow/dags/01_load_csv.py
[2026-07-10T14:58:58.983+0000] {logging_mixin.py:190} INFO - [2026-07-10T14:58:58.983+0000] {dag.py:3239} INFO - Sync 1 DAGs
[2026-07-10T14:58:59.002+0000] {logging_mixin.py:190} INFO - [2026-07-10T14:58:59.001+0000] {dag.py:4180} INFO - Setting next_dagrun for 01_load_csv to None, run_after=None
[2026-07-10T14:58:59.030+0000] {processor.py:208} INFO - Processing /opt/airflow/dags/01_load_csv.py took 0.136 seconds
[2026-07-10T14:59:29.569+0000] {processor.py:186} INFO - Started process (PID=2147) to work on /opt/airflow/dags/01_load_csv.py
[2026-07-10T14:59:29.571+0000] {processor.py:914} INFO - Processing file /opt/airflow/dags/01_load_csv.py for tasks to queue
[2026-07-10T14:59:29.574+0000] {logging_mixin.py:190} INFO - [2026-07-10T14:59:29.574+0000] {dagbag.py:588} INFO - Filling up the DagBag from /opt/airflow/dags/01_load_csv.py
[2026-07-10T14:59:29.590+0000] {processor.py:925} INFO - DAG(s) '01_load_csv' retrieved from /opt/airflow/dags/01_load_csv.py
[2026-07-10T14:59:29.630+0000] {logging_mixin.py:190} INFO - [2026-07-10T14:59:29.630+0000] {dag.py:3239} INFO - Sync 1 DAGs
[2026-07-10T14:59:29.649+0000] {logging_mixin.py:190} INFO - [2026-07-10T14:59:29.649+0000] {dag.py:4180} INFO - Setting next_dagrun for 01_load_csv to None, run_after=None
[2026-07-10T14:59:29.675+0000] {processor.py:208} INFO - Processing /opt/airflow/dags/01_load_csv.py took 0.115 seconds
[2026-07-10T15:00:00.387+0000] {processor.py:186} INFO - Started process (PID=2197) to work on /opt/airflow/dags/01_load_csv.py
[2026-07-10T15:00:00.390+0000] {processor.py:914} INFO - Processing file /opt/airflow/dags/01_load_csv.py for tasks to queue
[2026-07-10T15:00:00.393+0000] {logging_mixin.py:190} INFO - [2026-07-10T15:00:00.392+0000] {dagbag.py:588} INFO - Filling up the DagBag from /opt/airflow/dags/01_load_csv.py
[2026-07-10T15:00:00.405+0000] {processor.py:925} INFO - DAG(s) '01_load_csv' retrieved from /opt/airflow/dags/01_load_csv.py
[2026-07-10T15:00:00.448+0000] {logging_mixin.py:190} INFO - [2026-07-10T15:00:00.448+0000] {dag.py:3239} INFO - Sync 1 DAGs
[2026-07-10T15:00:00.469+0000] {logging_mixin.py:190} INFO - [2026-07-10T15:00:00.468+0000] {dag.py:4180} INFO - Setting next_dagrun for 01_load_csv to None, run_after=None
[2026-07-10T15:00:00.529+0000] {processor.py:208} INFO - Processing /opt/airflow/dags/01_load_csv.py took 0.152 seconds
[2026-07-10T15:00:30.702+0000] {processor.py:186} INFO - Started process (PID=2245) to work on /opt/airflow/dags/01_load_csv.py
[2026-07-10T15:00:30.705+0000] {processor.py:914} INFO - Processing file /opt/airflow/dags/01_load_csv.py for tasks to queue
[2026-07-10T15:00:30.709+0000] {logging_mixin.py:190} INFO - [2026-07-10T15:00:30.708+0000] {dagbag.py:588} INFO - Filling up the DagBag from /opt/airflow/dags/01_load_csv.py
[2026-07-10T15:00:30.719+0000] {processor.py:925} INFO - DAG(s) '01_load_csv' retrieved from /opt/airflow/dags/01_load_csv.py
[2026-07-10T15:00:30.761+0000] {logging_mixin.py:190} INFO - [2026-07-10T15:00:30.761+0000] {dag.py:3239} INFO - Sync 1 DAGs
[2026-07-10T15:00:30.780+0000] {logging_mixin.py:190} INFO - [2026-07-10T15:00:30.779+0000] {dag.py:4180} INFO - Setting next_dagrun for 01_load_csv to None, run_after=None
[2026-07-10T15:00:30.802+0000] {processor.py:208} INFO - Processing /opt/airflow/dags/01_load_csv.py took 0.108 seconds
[2026-07-10T15:01:01.420+0000] {processor.py:186} INFO - Started process (PID=2297) to work on /opt/airflow/dags/01_load_csv.py
[2026-07-10T15:01:01.423+0000] {processor.py:914} INFO - Processing file /opt/airflow/dags/01_load_csv.py for tasks to queue
[2026-07-10T15:01:01.427+0000] {logging_mixin.py:190} INFO - [2026-07-10T15:01:01.427+0000] {dagbag.py:588} INFO - Filling up the DagBag from /opt/airflow/dags/01_load_csv.py
[2026-07-10T15:01:01.440+0000] {processor.py:925} INFO - DAG(s) '01_load_csv' retrieved from /opt/airflow/dags/01_load_csv.py
[2026-07-10T15:01:01.485+0000] {logging_mixin.py:190} INFO - [2026-07-10T15:01:01.485+0000] {dag.py:3239} INFO - Sync 1 DAGs
[2026-07-10T15:01:01.509+0000] {logging_mixin.py:190} INFO - [2026-07-10T15:01:01.509+0000] {dag.py:4180} INFO - Setting next_dagrun for 01_load_csv to None, run_after=None
[2026-07-10T15:01:01.534+0000] {processor.py:208} INFO - Processing /opt/airflow/dags/01_load_csv.py took 0.123 seconds
[2026-07-10T15:01:32.176+0000] {processor.py:186} INFO - Started process (PID=2347) to work on /opt/airflow/dags/01_load_csv.py
[2026-07-10T15:01:32.177+0000] {processor.py:914} INFO - Processing file /opt/airflow/dags/01_load_csv.py for tasks to queue
[2026-07-10T15:01:32.181+0000] {logging_mixin.py:190} INFO - [2026-07-10T15:01:32.181+0000] {dagbag.py:588} INFO - Filling up the DagBag from /opt/airflow/dags/01_load_csv.py
[2026-07-10T15:01:32.196+0000] {processor.py:925} INFO - DAG(s) '01_load_csv' retrieved from /opt/airflow/dags/01_load_csv.py
[2026-07-10T15:01:32.246+0000] {logging_mixin.py:190} INFO - [2026-07-10T15:01:32.246+0000] {dag.py:3239} INFO - Sync 1 DAGs
[2026-07-10T15:01:32.282+0000] {logging_mixin.py:190} INFO - [2026-07-10T15:01:32.281+0000] {dag.py:4180} INFO - Setting next_dagrun for 01_load_csv to None, run_after=None
[2026-07-10T15:01:32.313+0000] {processor.py:208} INFO - Processing /opt/airflow/dags/01_load_csv.py took 0.148 seconds
[2026-07-10T15:02:02.650+0000] {processor.py:186} INFO - Started process (PID=2397) to work on /opt/airflow/dags/01_load_csv.py
[2026-07-10T15:02:02.651+0000] {processor.py:914} INFO - Processing file /opt/airflow/dags/01_load_csv.py for tasks to queue
[2026-07-10T15:02:02.654+0000] {logging_mixin.py:190} INFO - [2026-07-10T15:02:02.653+0000] {dagbag.py:588} INFO - Filling up the DagBag from /opt/airflow/dags/01_load_csv.py
[2026-07-10T15:02:02.667+0000] {processor.py:925} INFO - DAG(s) '01_load_csv' retrieved from /opt/airflow/dags/01_load_csv.py
[2026-07-10T15:02:02.716+0000] {logging_mixin.py:190} INFO - [2026-07-10T15:02:02.715+0000] {dag.py:3239} INFO - Sync 1 DAGs
[2026-07-10T15:02:02.739+0000] {logging_mixin.py:190} INFO - [2026-07-10T15:02:02.738+0000] {dag.py:4180} INFO - Setting next_dagrun for 01_load_csv to None, run_after=None
[2026-07-10T15:02:02.764+0000] {processor.py:208} INFO - Processing /opt/airflow/dags/01_load_csv.py took 0.125 seconds
[2026-07-10T15:02:33.073+0000] {processor.py:186} INFO - Started process (PID=2445) to work on /opt/airflow/dags/01_load_csv.py
[2026-07-10T15:02:33.075+0000] {processor.py:914} INFO - Processing file /opt/airflow/dags/01_load_csv.py for tasks to queue
[2026-07-10T15:02:33.082+0000] {logging_mixin.py:190} INFO - [2026-07-10T15:02:33.081+0000] {dagbag.py:588} INFO - Filling up the DagBag from /opt/airflow/dags/01_load_csv.py
[2026-07-10T15:02:33.105+0000] {processor.py:925} INFO - DAG(s) '01_load_csv' retrieved from /opt/airflow/dags/01_load_csv.py
[2026-07-10T15:02:33.178+0000] {logging_mixin.py:190} INFO - [2026-07-10T15:02:33.178+0000] {dag.py:3239} INFO - Sync 1 DAGs
[2026-07-10T15:02:33.201+0000] {logging_mixin.py:190} INFO - [2026-07-10T15:02:33.201+0000] {dag.py:4180} INFO - Setting next_dagrun for 01_load_csv to None, run_after=None
[2026-07-10T15:02:33.225+0000] {processor.py:208} INFO - Processing /opt/airflow/dags/01_load_csv.py took 0.166 seconds
[2026-07-10T15:03:03.703+0000] {processor.py:186} INFO - Started process (PID=2497) to work on /opt/airflow/dags/01_load_csv.py
[2026-07-10T15:03:03.705+0000] {processor.py:914} INFO - Processing file /opt/airflow/dags/01_load_csv.py for tasks to queue
[2026-07-10T15:03:03.707+0000] {logging_mixin.py:190} INFO - [2026-07-10T15:03:03.707+0000] {dagbag.py:588} INFO - Filling up the DagBag from /opt/airflow/dags/01_load_csv.py
[2026-07-10T15:03:03.718+0000] {processor.py:925} INFO - DAG(s) '01_load_csv' retrieved from /opt/airflow/dags/01_load_csv.py
[2026-07-10T15:03:03.763+0000] {logging_mixin.py:190} INFO - [2026-07-10T15:03:03.762+0000] {dag.py:3239} INFO - Sync 1 DAGs
[2026-07-10T15:03:03.789+0000] {logging_mixin.py:190} INFO - [2026-07-10T15:03:03.789+0000] {dag.py:4180} INFO - Setting next_dagrun for 01_load_csv to None, run_after=None
[2026-07-10T15:03:03.813+0000] {processor.py:208} INFO - Processing /opt/airflow/dags/01_load_csv.py took 0.118 seconds
[2026-07-10T15:03:34.006+0000] {processor.py:186} INFO - Started process (PID=2545) to work on /opt/airflow/dags/01_load_csv.py
[2026-07-10T15:03:34.008+0000] {processor.py:914} INFO - Processing file /opt/airflow/dags/01_load_csv.py for tasks to queue
[2026-07-10T15:03:34.012+0000] {logging_mixin.py:190} INFO - [2026-07-10T15:03:34.012+0000] {dagbag.py:588} INFO - Filling up the DagBag from /opt/airflow/dags/01_load_csv.py
[2026-07-10T15:03:34.025+0000] {processor.py:925} INFO - DAG(s) '01_load_csv' retrieved from /opt/airflow/dags/01_load_csv.py
[2026-07-10T15:03:34.066+0000] {logging_mixin.py:190} INFO - [2026-07-10T15:03:34.066+0000] {dag.py:3239} INFO - Sync 1 DAGs
[2026-07-10T15:03:34.084+0000] {logging_mixin.py:190} INFO - [2026-07-10T15:03:34.084+0000] {dag.py:4180} INFO - Setting next_dagrun for 01_load_csv to None, run_after=None
[2026-07-10T15:03:34.107+0000] {processor.py:208} INFO - Processing /opt/airflow/dags/01_load_csv.py took 0.112 seconds
[2026-07-10T15:04:04.671+0000] {processor.py:186} INFO - Started process (PID=2597) to work on /opt/airflow/dags/01_load_csv.py
[2026-07-10T15:04:04.672+0000] {processor.py:914} INFO - Processing file /opt/airflow/dags/01_load_csv.py for tasks to queue
[2026-07-10T15:04:04.675+0000] {logging_mixin.py:190} INFO - [2026-07-10T15:04:04.675+0000] {dagbag.py:588} INFO - Filling up the DagBag from /opt/airflow/dags/01_load_csv.py
[2026-07-10T15:04:04.689+0000] {processor.py:925} INFO - DAG(s) '01_load_csv' retrieved from /opt/airflow/dags/01_load_csv.py
[2026-07-10T15:04:04.738+0000] {logging_mixin.py:190} INFO - [2026-07-10T15:04:04.738+0000] {dag.py:3239} INFO - Sync 1 DAGs
[2026-07-10T15:04:04.762+0000] {logging_mixin.py:190} INFO - [2026-07-10T15:04:04.762+0000] {dag.py:4180} INFO - Setting next_dagrun for 01_load_csv to None, run_after=None
[2026-07-10T15:04:04.795+0000] {processor.py:208} INFO - Processing /opt/airflow/dags/01_load_csv.py took 0.136 seconds
[2026-07-10T15:04:35.171+0000] {processor.py:186} INFO - Started process (PID=2647) to work on /opt/airflow/dags/01_load_csv.py
[2026-07-10T15:04:35.173+0000] {processor.py:914} INFO - Processing file /opt/airflow/dags/01_load_csv.py for tasks to queue
[2026-07-10T15:04:35.177+0000] {logging_mixin.py:190} INFO - [2026-07-10T15:04:35.176+0000] {dagbag.py:588} INFO - Filling up the DagBag from /opt/airflow/dags/01_load_csv.py
[2026-07-10T15:04:35.188+0000] {processor.py:925} INFO - DAG(s) '01_load_csv' retrieved from /opt/airflow/dags/01_load_csv.py
[2026-07-10T15:04:35.228+0000] {logging_mixin.py:190} INFO - [2026-07-10T15:04:35.228+0000] {dag.py:3239} INFO - Sync 1 DAGs
[2026-07-10T15:04:35.252+0000] {logging_mixin.py:190} INFO - [2026-07-10T15:04:35.251+0000] {dag.py:4180} INFO - Setting next_dagrun for 01_load_csv to None, run_after=None
[2026-07-10T15:04:35.282+0000] {processor.py:208} INFO - Processing /opt/airflow/dags/01_load_csv.py took 0.119 seconds
[2026-07-10T15:05:06.095+0000] {processor.py:186} INFO - Started process (PID=2695) to work on /opt/airflow/dags/01_load_csv.py
[2026-07-10T15:05:06.097+0000] {processor.py:914} INFO - Processing file /opt/airflow/dags/01_load_csv.py for tasks to queue
[2026-07-10T15:05:06.106+0000] {logging_mixin.py:190} INFO - [2026-07-10T15:05:06.104+0000] {dagbag.py:588} INFO - Filling up the DagBag from /opt/airflow/dags/01_load_csv.py
[2026-07-10T15:05:06.134+0000] {processor.py:925} INFO - DAG(s) '01_load_csv' retrieved from /opt/airflow/dags/01_load_csv.py
[2026-07-10T15:05:06.240+0000] {logging_mixin.py:190} INFO - [2026-07-10T15:05:06.239+0000] {dag.py:3239} INFO - Sync 1 DAGs
[2026-07-10T15:05:06.292+0000] {logging_mixin.py:190} INFO - [2026-07-10T15:05:06.291+0000] {dag.py:4180} INFO - Setting next_dagrun for 01_load_csv to None, run_after=None
[2026-07-10T15:05:06.359+0000] {processor.py:208} INFO - Processing /opt/airflow/dags/01_load_csv.py took 0.280 seconds
[2026-07-10T15:05:37.229+0000] {processor.py:186} INFO - Started process (PID=2758) to work on /opt/airflow/dags/01_load_csv.py
[2026-07-10T15:05:37.233+0000] {processor.py:914} INFO - Processing file /opt/airflow/dags/01_load_csv.py for tasks to queue
[2026-07-10T15:05:37.241+0000] {logging_mixin.py:190} INFO - [2026-07-10T15:05:37.240+0000] {dagbag.py:588} INFO - Filling up the DagBag from /opt/airflow/dags/01_load_csv.py
[2026-07-10T15:05:37.268+0000] {processor.py:925} INFO - DAG(s) '01_load_csv' retrieved from /opt/airflow/dags/01_load_csv.py
[2026-07-10T15:05:37.353+0000] {logging_mixin.py:190} INFO - [2026-07-10T15:05:37.352+0000] {dag.py:3239} INFO - Sync 1 DAGs
[2026-07-10T15:05:37.394+0000] {logging_mixin.py:190} INFO - [2026-07-10T15:05:37.394+0000] {dag.py:4180} INFO - Setting next_dagrun for 01_load_csv to None, run_after=None
[2026-07-10T15:05:37.461+0000] {processor.py:208} INFO - Processing /opt/airflow/dags/01_load_csv.py took 0.251 seconds
[2026-07-10T15:06:08.146+0000] {processor.py:186} INFO - Started process (PID=2808) to work on /opt/airflow/dags/01_load_csv.py
[2026-07-10T15:06:08.148+0000] {processor.py:914} INFO - Processing file /opt/airflow/dags/01_load_csv.py for tasks to queue
[2026-07-10T15:06:08.151+0000] {logging_mixin.py:190} INFO - [2026-07-10T15:06:08.151+0000] {dagbag.py:588} INFO - Filling up the DagBag from /opt/airflow/dags/01_load_csv.py
[2026-07-10T15:06:08.169+0000] {processor.py:925} INFO - DAG(s) '01_load_csv' retrieved from /opt/airflow/dags/01_load_csv.py
[2026-07-10T15:06:08.259+0000] {logging_mixin.py:190} INFO - [2026-07-10T15:06:08.259+0000] {dag.py:3239} INFO - Sync 1 DAGs
[2026-07-10T15:06:08.295+0000] {logging_mixin.py:190} INFO - [2026-07-10T15:06:08.295+0000] {dag.py:4180} INFO - Setting next_dagrun for 01_load_csv to None, run_after=None
[2026-07-10T15:06:08.549+0000] {processor.py:208} INFO - Processing /opt/airflow/dags/01_load_csv.py took 0.416 seconds
[2026-07-10T15:06:38.862+0000] {processor.py:186} INFO - Started process (PID=2858) to work on /opt/airflow/dags/01_load_csv.py
[2026-07-10T15:06:38.866+0000] {processor.py:914} INFO - Processing file /opt/airflow/dags/01_load_csv.py for tasks to queue
[2026-07-10T15:06:38.869+0000] {logging_mixin.py:190} INFO - [2026-07-10T15:06:38.869+0000] {dagbag.py:588} INFO - Filling up the DagBag from /opt/airflow/dags/01_load_csv.py
[2026-07-10T15:06:38.885+0000] {processor.py:925} INFO - DAG(s) '01_load_csv' retrieved from /opt/airflow/dags/01_load_csv.py
[2026-07-10T15:06:38.958+0000] {logging_mixin.py:190} INFO - [2026-07-10T15:06:38.958+0000] {dag.py:3239} INFO - Sync 1 DAGs
[2026-07-10T15:06:38.992+0000] {logging_mixin.py:190} INFO - [2026-07-10T15:06:38.991+0000] {dag.py:4180} INFO - Setting next_dagrun for 01_load_csv to None, run_after=None
[2026-07-10T15:06:39.028+0000] {processor.py:208} INFO - Processing /opt/airflow/dags/01_load_csv.py took 0.181 seconds
[2026-07-10T15:07:09.586+0000] {processor.py:186} INFO - Started process (PID=2908) to work on /opt/airflow/dags/01_load_csv.py
[2026-07-10T15:07:09.587+0000] {processor.py:914} INFO - Processing file /opt/airflow/dags/01_load_csv.py for tasks to queue
[2026-07-10T15:07:09.596+0000] {logging_mixin.py:190} INFO - [2026-07-10T15:07:09.595+0000] {dagbag.py:588} INFO - Filling up the DagBag from /opt/airflow/dags/01_load_csv.py
[2026-07-10T15:07:09.622+0000] {processor.py:925} INFO - DAG(s) '01_load_csv' retrieved from /opt/airflow/dags/01_load_csv.py
[2026-07-10T15:07:09.713+0000] {logging_mixin.py:190} INFO - [2026-07-10T15:07:09.712+0000] {dag.py:3239} INFO - Sync 1 DAGs
[2026-07-10T15:07:09.747+0000] {logging_mixin.py:190} INFO - [2026-07-10T15:07:09.746+0000] {dag.py:4180} INFO - Setting next_dagrun for 01_load_csv to None, run_after=None
[2026-07-10T15:07:09.793+0000] {processor.py:208} INFO - Processing /opt/airflow/dags/01_load_csv.py took 0.252 seconds
[2026-07-10T15:07:39.875+0000] {processor.py:186} INFO - Started process (PID=2958) to work on /opt/airflow/dags/01_load_csv.py
[2026-07-10T15:07:39.878+0000] {processor.py:914} INFO - Processing file /opt/airflow/dags/01_load_csv.py for tasks to queue
[2026-07-10T15:07:39.883+0000] {logging_mixin.py:190} INFO - [2026-07-10T15:07:39.882+0000] {dagbag.py:588} INFO - Filling up the DagBag from /opt/airflow/dags/01_load_csv.py
[2026-07-10T15:07:39.897+0000] {processor.py:925} INFO - DAG(s) '01_load_csv' retrieved from /opt/airflow/dags/01_load_csv.py
[2026-07-10T15:07:39.949+0000] {logging_mixin.py:190} INFO - [2026-07-10T15:07:39.949+0000] {dag.py:3239} INFO - Sync 1 DAGs
[2026-07-10T15:07:39.974+0000] {logging_mixin.py:190} INFO - [2026-07-10T15:07:39.974+0000] {dag.py:4180} INFO - Setting next_dagrun for 01_load_csv to None, run_after=None
[2026-07-10T15:07:40.005+0000] {processor.py:208} INFO - Processing /opt/airflow/dags/01_load_csv.py took 0.139 seconds
[2026-07-10T15:08:10.254+0000] {processor.py:186} INFO - Started process (PID=3006) to work on /opt/airflow/dags/01_load_csv.py
[2026-07-10T15:08:10.255+0000] {processor.py:914} INFO - Processing file /opt/airflow/dags/01_load_csv.py for tasks to queue
[2026-07-10T15:08:10.259+0000] {logging_mixin.py:190} INFO - [2026-07-10T15:08:10.259+0000] {dagbag.py:588} INFO - Filling up the DagBag from /opt/airflow/dags/01_load_csv.py
[2026-07-10T15:08:10.274+0000] {processor.py:925} INFO - DAG(s) '01_load_csv' retrieved from /opt/airflow/dags/01_load_csv.py
[2026-07-10T15:08:10.334+0000] {logging_mixin.py:190} INFO - [2026-07-10T15:08:10.333+0000] {dag.py:3239} INFO - Sync 1 DAGs
[2026-07-10T15:08:10.365+0000] {logging_mixin.py:190} INFO - [2026-07-10T15:08:10.365+0000] {dag.py:4180} INFO - Setting next_dagrun for 01_load_csv to None, run_after=None
[2026-07-10T15:08:10.398+0000] {processor.py:208} INFO - Processing /opt/airflow/dags/01_load_csv.py took 0.160 seconds
[2026-07-10T15:08:40.781+0000] {processor.py:186} INFO - Started process (PID=3058) to work on /opt/airflow/dags/01_load_csv.py
[2026-07-10T15:08:40.783+0000] {processor.py:914} INFO - Processing file /opt/airflow/dags/01_load_csv.py for tasks to queue
[2026-07-10T15:08:40.786+0000] {logging_mixin.py:190} INFO - [2026-07-10T15:08:40.785+0000] {dagbag.py:588} INFO - Filling up the DagBag from /opt/airflow/dags/01_load_csv.py
[2026-07-10T15:08:40.802+0000] {processor.py:925} INFO - DAG(s) '01_load_csv' retrieved from /opt/airflow/dags/01_load_csv.py
[2026-07-10T15:08:40.872+0000] {logging_mixin.py:190} INFO - [2026-07-10T15:08:40.871+0000] {dag.py:3239} INFO - Sync 1 DAGs
[2026-07-10T15:08:40.904+0000] {logging_mixin.py:190} INFO - [2026-07-10T15:08:40.903+0000] {dag.py:4180} INFO - Setting next_dagrun for 01_load_csv to None, run_after=None
[2026-07-10T15:08:40.949+0000] {processor.py:208} INFO - Processing /opt/airflow/dags/01_load_csv.py took 0.182 seconds
[2026-07-10T15:09:11.339+0000] {processor.py:186} INFO - Started process (PID=3108) to work on /opt/airflow/dags/01_load_csv.py
[2026-07-10T15:09:11.340+0000] {processor.py:914} INFO - Processing file /opt/airflow/dags/01_load_csv.py for tasks to queue
[2026-07-10T15:09:11.344+0000] {logging_mixin.py:190} INFO - [2026-07-10T15:09:11.343+0000] {dagbag.py:588} INFO - Filling up the DagBag from /opt/airflow/dags/01_load_csv.py
[2026-07-10T15:09:11.361+0000] {processor.py:925} INFO - DAG(s) '01_load_csv' retrieved from /opt/airflow/dags/01_load_csv.py
[2026-07-10T15:09:11.425+0000] {logging_mixin.py:190} INFO - [2026-07-10T15:09:11.425+0000] {dag.py:3239} INFO - Sync 1 DAGs
[2026-07-10T15:09:11.453+0000] {logging_mixin.py:190} INFO - [2026-07-10T15:09:11.453+0000] {dag.py:4180} INFO - Setting next_dagrun for 01_load_csv to None, run_after=None
[2026-07-10T15:09:11.487+0000] {processor.py:208} INFO - Processing /opt/airflow/dags/01_load_csv.py took 0.162 seconds
[2026-07-10T15:09:41.685+0000] {processor.py:186} INFO - Started process (PID=3158) to work on /opt/airflow/dags/01_load_csv.py
[2026-07-10T15:09:41.688+0000] {processor.py:914} INFO - Processing file /opt/airflow/dags/01_load_csv.py for tasks to queue
[2026-07-10T15:09:41.692+0000] {logging_mixin.py:190} INFO - [2026-07-10T15:09:41.691+0000] {dagbag.py:588} INFO - Filling up the DagBag from /opt/airflow/dags/01_load_csv.py
[2026-07-10T15:09:41.710+0000] {processor.py:925} INFO - DAG(s) '01_load_csv' retrieved from /opt/airflow/dags/01_load_csv.py
[2026-07-10T15:09:41.772+0000] {logging_mixin.py:190} INFO - [2026-07-10T15:09:41.772+0000] {dag.py:3239} INFO - Sync 1 DAGs
[2026-07-10T15:09:41.804+0000] {logging_mixin.py:190} INFO - [2026-07-10T15:09:41.804+0000] {dag.py:4180} INFO - Setting next_dagrun for 01_load_csv to None, run_after=None
[2026-07-10T15:09:41.840+0000] {processor.py:208} INFO - Processing /opt/airflow/dags/01_load_csv.py took 0.167 seconds
[2026-07-10T15:10:12.875+0000] {processor.py:186} INFO - Started process (PID=3208) to work on /opt/airflow/dags/01_load_csv.py
[2026-07-10T15:10:12.877+0000] {processor.py:914} INFO - Processing file /opt/airflow/dags/01_load_csv.py for tasks to queue
[2026-07-10T15:10:12.885+0000] {logging_mixin.py:190} INFO - [2026-07-10T15:10:12.884+0000] {dagbag.py:588} INFO - Filling up the DagBag from /opt/airflow/dags/01_load_csv.py
[2026-07-10T15:10:12.918+0000] {processor.py:925} INFO - DAG(s) '01_load_csv' retrieved from /opt/airflow/dags/01_load_csv.py
[2026-07-10T15:10:13.012+0000] {logging_mixin.py:190} INFO - [2026-07-10T15:10:13.012+0000] {dag.py:3239} INFO - Sync 1 DAGs
[2026-07-10T15:10:13.038+0000] {logging_mixin.py:190} INFO - [2026-07-10T15:10:13.038+0000] {dag.py:4180} INFO - Setting next_dagrun for 01_load_csv to None, run_after=None
[2026-07-10T15:10:13.080+0000] {processor.py:208} INFO - Processing /opt/airflow/dags/01_load_csv.py took 0.226 seconds
[2026-07-10T15:10:43.457+0000] {processor.py:186} INFO - Started process (PID=3258) to work on /opt/airflow/dags/01_load_csv.py
[2026-07-10T15:10:43.459+0000] {processor.py:914} INFO - Processing file /opt/airflow/dags/01_load_csv.py for tasks to queue
[2026-07-10T15:10:43.462+0000] {logging_mixin.py:190} INFO - [2026-07-10T15:10:43.462+0000] {dagbag.py:588} INFO - Filling up the DagBag from /opt/airflow/dags/01_load_csv.py
[2026-07-10T15:10:43.480+0000] {processor.py:925} INFO - DAG(s) '01_load_csv' retrieved from /opt/airflow/dags/01_load_csv.py
[2026-07-10T15:10:43.543+0000] {logging_mixin.py:190} INFO - [2026-07-10T15:10:43.542+0000] {dag.py:3239} INFO - Sync 1 DAGs
[2026-07-10T15:10:43.564+0000] {logging_mixin.py:190} INFO - [2026-07-10T15:10:43.564+0000] {dag.py:4180} INFO - Setting next_dagrun for 01_load_csv to None, run_after=None
[2026-07-10T15:10:43.596+0000] {processor.py:208} INFO - Processing /opt/airflow/dags/01_load_csv.py took 0.152 seconds
[2026-07-10T15:11:14.028+0000] {processor.py:186} INFO - Started process (PID=3308) to work on /opt/airflow/dags/01_load_csv.py
[2026-07-10T15:11:14.029+0000] {processor.py:914} INFO - Processing file /opt/airflow/dags/01_load_csv.py for tasks to queue
[2026-07-10T15:11:14.033+0000] {logging_mixin.py:190} INFO - [2026-07-10T15:11:14.032+0000] {dagbag.py:588} INFO - Filling up the DagBag from /opt/airflow/dags/01_load_csv.py
[2026-07-10T15:11:14.051+0000] {processor.py:925} INFO - DAG(s) '01_load_csv' retrieved from /opt/airflow/dags/01_load_csv.py
[2026-07-10T15:11:14.120+0000] {logging_mixin.py:190} INFO - [2026-07-10T15:11:14.119+0000] {dag.py:3239} INFO - Sync 1 DAGs
[2026-07-10T15:11:14.161+0000] {logging_mixin.py:190} INFO - [2026-07-10T15:11:14.161+0000] {dag.py:4180} INFO - Setting next_dagrun for 01_load_csv to None, run_after=None
[2026-07-10T15:11:14.200+0000] {processor.py:208} INFO - Processing /opt/airflow/dags/01_load_csv.py took 0.188 seconds
[2026-07-10T15:11:44.612+0000] {processor.py:186} INFO - Started process (PID=3369) to work on /opt/airflow/dags/01_load_csv.py
[2026-07-10T15:11:44.613+0000] {processor.py:914} INFO - Processing file /opt/airflow/dags/01_load_csv.py for tasks to queue
[2026-07-10T15:11:44.617+0000] {logging_mixin.py:190} INFO - [2026-07-10T15:11:44.617+0000] {dagbag.py:588} INFO - Filling up the DagBag from /opt/airflow/dags/01_load_csv.py
[2026-07-10T15:11:44.635+0000] {processor.py:925} INFO - DAG(s) '01_load_csv' retrieved from /opt/airflow/dags/01_load_csv.py
[2026-07-10T15:11:44.700+0000] {logging_mixin.py:190} INFO - [2026-07-10T15:11:44.699+0000] {dag.py:3239} INFO - Sync 1 DAGs
[2026-07-10T15:11:44.732+0000] {logging_mixin.py:190} INFO - [2026-07-10T15:11:44.732+0000] {dag.py:4180} INFO - Setting next_dagrun for 01_load_csv to None, run_after=None
[2026-07-10T15:11:44.771+0000] {processor.py:208} INFO - Processing /opt/airflow/dags/01_load_csv.py took 0.172 seconds
[2026-07-10T15:12:15.228+0000] {processor.py:186} INFO - Started process (PID=3419) to work on /opt/airflow/dags/01_load_csv.py
[2026-07-10T15:12:15.229+0000] {processor.py:914} INFO - Processing file /opt/airflow/dags/01_load_csv.py for tasks to queue
[2026-07-10T15:12:15.232+0000] {logging_mixin.py:190} INFO - [2026-07-10T15:12:15.231+0000] {dagbag.py:588} INFO - Filling up the DagBag from /opt/airflow/dags/01_load_csv.py
[2026-07-10T15:12:15.246+0000] {processor.py:925} INFO - DAG(s) '01_load_csv' retrieved from /opt/airflow/dags/01_load_csv.py
[2026-07-10T15:12:15.289+0000] {logging_mixin.py:190} INFO - [2026-07-10T15:12:15.289+0000] {dag.py:3239} INFO - Sync 1 DAGs
[2026-07-10T15:12:15.314+0000] {logging_mixin.py:190} INFO - [2026-07-10T15:12:15.313+0000] {dag.py:4180} INFO - Setting next_dagrun for 01_load_csv to None, run_after=None
[2026-07-10T15:12:15.345+0000] {processor.py:208} INFO - Processing /opt/airflow/dags/01_load_csv.py took 0.131 seconds
[2026-07-10T15:12:45.822+0000] {processor.py:186} INFO - Started process (PID=3469) to work on /opt/airflow/dags/01_load_csv.py
[2026-07-10T15:12:45.825+0000] {processor.py:914} INFO - Processing file /opt/airflow/dags/01_load_csv.py for tasks to queue
[2026-07-10T15:12:45.831+0000] {logging_mixin.py:190} INFO - [2026-07-10T15:12:45.830+0000] {dagbag.py:588} INFO - Filling up the DagBag from /opt/airflow/dags/01_load_csv.py
[2026-07-10T15:12:45.845+0000] {processor.py:925} INFO - DAG(s) '01_load_csv' retrieved from /opt/airflow/dags/01_load_csv.py
[2026-07-10T15:12:45.897+0000] {logging_mixin.py:190} INFO - [2026-07-10T15:12:45.896+0000] {dag.py:3239} INFO - Sync 1 DAGs
[2026-07-10T15:12:45.919+0000] {logging_mixin.py:190} INFO - [2026-07-10T15:12:45.919+0000] {dag.py:4180} INFO - Setting next_dagrun for 01_load_csv to None, run_after=None
[2026-07-10T15:12:45.949+0000] {processor.py:208} INFO - Processing /opt/airflow/dags/01_load_csv.py took 0.136 seconds
[2026-07-10T15:13:16.180+0000] {processor.py:186} INFO - Started process (PID=3519) to work on /opt/airflow/dags/01_load_csv.py
[2026-07-10T15:13:16.182+0000] {processor.py:914} INFO - Processing file /opt/airflow/dags/01_load_csv.py for tasks to queue
[2026-07-10T15:13:16.185+0000] {logging_mixin.py:190} INFO - [2026-07-10T15:13:16.185+0000] {dagbag.py:588} INFO - Filling up the DagBag from /opt/airflow/dags/01_load_csv.py
[2026-07-10T15:13:16.204+0000] {processor.py:925} INFO - DAG(s) '01_load_csv' retrieved from /opt/airflow/dags/01_load_csv.py
[2026-07-10T15:13:16.271+0000] {logging_mixin.py:190} INFO - [2026-07-10T15:13:16.270+0000] {dag.py:3239} INFO - Sync 1 DAGs
[2026-07-10T15:13:16.299+0000] {logging_mixin.py:190} INFO - [2026-07-10T15:13:16.299+0000] {dag.py:4180} INFO - Setting next_dagrun for 01_load_csv to None, run_after=None
[2026-07-10T15:13:16.335+0000] {processor.py:208} INFO - Processing /opt/airflow/dags/01_load_csv.py took 0.170 seconds
[2026-07-10T15:13:46.597+0000] {processor.py:186} INFO - Started process (PID=3569) to work on /opt/airflow/dags/01_load_csv.py
[2026-07-10T15:13:46.599+0000] {processor.py:914} INFO - Processing file /opt/airflow/dags/01_load_csv.py for tasks to queue
[2026-07-10T15:13:46.602+0000] {logging_mixin.py:190} INFO - [2026-07-10T15:13:46.602+0000] {dagbag.py:588} INFO - Filling up the DagBag from /opt/airflow/dags/01_load_csv.py
[2026-07-10T15:13:46.616+0000] {processor.py:925} INFO - DAG(s) '01_load_csv' retrieved from /opt/airflow/dags/01_load_csv.py
[2026-07-10T15:13:46.664+0000] {logging_mixin.py:190} INFO - [2026-07-10T15:13:46.664+0000] {dag.py:3239} INFO - Sync 1 DAGs
[2026-07-10T15:13:46.686+0000] {logging_mixin.py:190} INFO - [2026-07-10T15:13:46.685+0000] {dag.py:4180} INFO - Setting next_dagrun for 01_load_csv to None, run_after=None
[2026-07-10T15:13:46.716+0000] {processor.py:208} INFO - Processing /opt/airflow/dags/01_load_csv.py took 0.131 seconds
[2026-07-10T15:14:17.001+0000] {processor.py:186} INFO - Started process (PID=3619) to work on /opt/airflow/dags/01_load_csv.py
[2026-07-10T15:14:17.003+0000] {processor.py:914} INFO - Processing file /opt/airflow/dags/01_load_csv.py for tasks to queue
[2026-07-10T15:14:17.007+0000] {logging_mixin.py:190} INFO - [2026-07-10T15:14:17.006+0000] {dagbag.py:588} INFO - Filling up the DagBag from /opt/airflow/dags/01_load_csv.py
[2026-07-10T15:14:17.024+0000] {processor.py:925} INFO - DAG(s) '01_load_csv' retrieved from /opt/airflow/dags/01_load_csv.py
[2026-07-10T15:14:17.083+0000] {logging_mixin.py:190} INFO - [2026-07-10T15:14:17.083+0000] {dag.py:3239} INFO - Sync 1 DAGs
[2026-07-10T15:14:17.104+0000] {logging_mixin.py:190} INFO - [2026-07-10T15:14:17.104+0000] {dag.py:4180} INFO - Setting next_dagrun for 01_load_csv to None, run_after=None
[2026-07-10T15:14:17.135+0000] {processor.py:208} INFO - Processing /opt/airflow/dags/01_load_csv.py took 0.146 seconds
[2026-07-10T15:14:47.337+0000] {processor.py:186} INFO - Started process (PID=3669) to work on /opt/airflow/dags/01_load_csv.py
[2026-07-10T15:14:47.339+0000] {processor.py:914} INFO - Processing file /opt/airflow/dags/01_load_csv.py for tasks to queue
[2026-07-10T15:14:47.342+0000] {logging_mixin.py:190} INFO - [2026-07-10T15:14:47.342+0000] {dagbag.py:588} INFO - Filling up the DagBag from /opt/airflow/dags/01_load_csv.py
[2026-07-10T15:14:47.357+0000] {processor.py:925} INFO - DAG(s) '01_load_csv' retrieved from /opt/airflow/dags/01_load_csv.py
[2026-07-10T15:14:47.412+0000] {logging_mixin.py:190} INFO - [2026-07-10T15:14:47.412+0000] {dag.py:3239} INFO - Sync 1 DAGs
[2026-07-10T15:14:47.438+0000] {logging_mixin.py:190} INFO - [2026-07-10T15:14:47.438+0000] {dag.py:4180} INFO - Setting next_dagrun for 01_load_csv to None, run_after=None
[2026-07-10T15:14:47.468+0000] {processor.py:208} INFO - Processing /opt/airflow/dags/01_load_csv.py took 0.143 seconds
[2026-07-10T15:15:17.642+0000] {processor.py:186} INFO - Started process (PID=3719) to work on /opt/airflow/dags/01_load_csv.py
[2026-07-10T15:15:17.643+0000] {processor.py:914} INFO - Processing file /opt/airflow/dags/01_load_csv.py for tasks to queue
[2026-07-10T15:15:17.646+0000] {logging_mixin.py:190} INFO - [2026-07-10T15:15:17.645+0000] {dagbag.py:588} INFO - Filling up the DagBag from /opt/airflow/dags/01_load_csv.py
[2026-07-10T15:15:17.659+0000] {processor.py:925} INFO - DAG(s) '01_load_csv' retrieved from /opt/airflow/dags/01_load_csv.py
[2026-07-10T15:15:17.708+0000] {logging_mixin.py:190} INFO - [2026-07-10T15:15:17.707+0000] {dag.py:3239} INFO - Sync 1 DAGs
[2026-07-10T15:15:17.730+0000] {logging_mixin.py:190} INFO - [2026-07-10T15:15:17.730+0000] {dag.py:4180} INFO - Setting next_dagrun for 01_load_csv to None, run_after=None
[2026-07-10T15:15:17.789+0000] {processor.py:208} INFO - Processing /opt/airflow/dags/01_load_csv.py took 0.157 seconds
[2026-07-10T15:15:47.988+0000] {processor.py:186} INFO - Started process (PID=3767) to work on /opt/airflow/dags/01_load_csv.py
[2026-07-10T15:15:47.990+0000] {processor.py:914} INFO - Processing file /opt/airflow/dags/01_load_csv.py for tasks to queue
[2026-07-10T15:15:47.992+0000] {logging_mixin.py:190} INFO - [2026-07-10T15:15:47.992+0000] {dagbag.py:588} INFO - Filling up the DagBag from /opt/airflow/dags/01_load_csv.py
[2026-07-10T15:15:48.003+0000] {processor.py:925} INFO - DAG(s) '01_load_csv' retrieved from /opt/airflow/dags/01_load_csv.py
[2026-07-10T15:15:48.052+0000] {logging_mixin.py:190} INFO - [2026-07-10T15:15:48.051+0000] {dag.py:3239} INFO - Sync 1 DAGs
[2026-07-10T15:15:48.073+0000] {logging_mixin.py:190} INFO - [2026-07-10T15:15:48.073+0000] {dag.py:4180} INFO - Setting next_dagrun for 01_load_csv to None, run_after=None
[2026-07-10T15:15:48.095+0000] {processor.py:208} INFO - Processing /opt/airflow/dags/01_load_csv.py took 0.116 seconds
[2026-07-10T15:16:19.007+0000] {processor.py:186} INFO - Started process (PID=3819) to work on /opt/airflow/dags/01_load_csv.py
[2026-07-10T15:16:19.008+0000] {processor.py:914} INFO - Processing file /opt/airflow/dags/01_load_csv.py for tasks to queue
[2026-07-10T15:16:19.011+0000] {logging_mixin.py:190} INFO - [2026-07-10T15:16:19.010+0000] {dagbag.py:588} INFO - Filling up the DagBag from /opt/airflow/dags/01_load_csv.py
[2026-07-10T15:16:19.025+0000] {processor.py:925} INFO - DAG(s) '01_load_csv' retrieved from /opt/airflow/dags/01_load_csv.py
[2026-07-10T15:16:19.076+0000] {logging_mixin.py:190} INFO - [2026-07-10T15:16:19.076+0000] {dag.py:3239} INFO - Sync 1 DAGs
[2026-07-10T15:16:19.095+0000] {logging_mixin.py:190} INFO - [2026-07-10T15:16:19.094+0000] {dag.py:4180} INFO - Setting next_dagrun for 01_load_csv to None, run_after=None
[2026-07-10T15:16:19.122+0000] {processor.py:208} INFO - Processing /opt/airflow/dags/01_load_csv.py took 0.129 seconds
[2026-07-10T15:16:49.467+0000] {processor.py:186} INFO - Started process (PID=3869) to work on /opt/airflow/dags/01_load_csv.py
[2026-07-10T15:16:49.469+0000] {processor.py:914} INFO - Processing file /opt/airflow/dags/01_load_csv.py for tasks to queue
[2026-07-10T15:16:49.475+0000] {logging_mixin.py:190} INFO - [2026-07-10T15:16:49.475+0000] {dagbag.py:588} INFO - Filling up the DagBag from /opt/airflow/dags/01_load_csv.py
[2026-07-10T15:16:49.491+0000] {processor.py:925} INFO - DAG(s) '01_load_csv' retrieved from /opt/airflow/dags/01_load_csv.py
[2026-07-10T15:16:49.540+0000] {logging_mixin.py:190} INFO - [2026-07-10T15:16:49.539+0000] {dag.py:3239} INFO - Sync 1 DAGs
[2026-07-10T15:16:49.565+0000] {logging_mixin.py:190} INFO - [2026-07-10T15:16:49.564+0000] {dag.py:4180} INFO - Setting next_dagrun for 01_load_csv to None, run_after=None
[2026-07-10T15:16:49.613+0000] {processor.py:208} INFO - Processing /opt/airflow/dags/01_load_csv.py took 0.156 seconds
[2026-07-10T15:17:19.718+0000] {processor.py:186} INFO - Started process (PID=3917) to work on /opt/airflow/dags/01_load_csv.py
[2026-07-10T15:17:19.721+0000] {processor.py:914} INFO - Processing file /opt/airflow/dags/01_load_csv.py for tasks to queue
[2026-07-10T15:17:19.726+0000] {logging_mixin.py:190} INFO - [2026-07-10T15:17:19.725+0000] {dagbag.py:588} INFO - Filling up the DagBag from /opt/airflow/dags/01_load_csv.py
[2026-07-10T15:17:19.742+0000] {processor.py:925} INFO - DAG(s) '01_load_csv' retrieved from /opt/airflow/dags/01_load_csv.py
[2026-07-10T15:17:19.801+0000] {logging_mixin.py:190} INFO - [2026-07-10T15:17:19.800+0000] {dag.py:3239} INFO - Sync 1 DAGs
[2026-07-10T15:17:19.827+0000] {logging_mixin.py:190} INFO - [2026-07-10T15:17:19.827+0000] {dag.py:4180} INFO - Setting next_dagrun for 01_load_csv to None, run_after=None
[2026-07-10T15:17:19.861+0000] {processor.py:208} INFO - Processing /opt/airflow/dags/01_load_csv.py took 0.161 seconds
[2026-07-10T15:17:50.045+0000] {processor.py:186} INFO - Started process (PID=3969) to work on /opt/airflow/dags/01_load_csv.py
[2026-07-10T15:17:50.047+0000] {processor.py:914} INFO - Processing file /opt/airflow/dags/01_load_csv.py for tasks to queue
[2026-07-10T15:17:50.052+0000] {logging_mixin.py:190} INFO - [2026-07-10T15:17:50.051+0000] {dagbag.py:588} INFO - Filling up the DagBag from /opt/airflow/dags/01_load_csv.py
[2026-07-10T15:17:50.074+0000] {processor.py:925} INFO - DAG(s) '01_load_csv' retrieved from /opt/airflow/dags/01_load_csv.py
[2026-07-10T15:17:50.131+0000] {logging_mixin.py:190} INFO - [2026-07-10T15:17:50.131+0000] {dag.py:3239} INFO - Sync 1 DAGs
[2026-07-10T15:17:50.149+0000] {logging_mixin.py:190} INFO - [2026-07-10T15:17:50.149+0000] {dag.py:4180} INFO - Setting next_dagrun for 01_load_csv to None, run_after=None
[2026-07-10T15:17:50.176+0000] {processor.py:208} INFO - Processing /opt/airflow/dags/01_load_csv.py took 0.149 seconds
[2026-07-10T15:18:20.327+0000] {processor.py:186} INFO - Started process (PID=4019) to work on /opt/airflow/dags/01_load_csv.py
[2026-07-10T15:18:20.329+0000] {processor.py:914} INFO - Processing file /opt/airflow/dags/01_load_csv.py for tasks to queue
[2026-07-10T15:18:20.332+0000] {logging_mixin.py:190} INFO - [2026-07-10T15:18:20.331+0000] {dagbag.py:588} INFO - Filling up the DagBag from /opt/airflow/dags/01_load_csv.py
[2026-07-10T15:18:20.345+0000] {processor.py:925} INFO - DAG(s) '01_load_csv' retrieved from /opt/airflow/dags/01_load_csv.py
[2026-07-10T15:18:20.391+0000] {logging_mixin.py:190} INFO - [2026-07-10T15:18:20.390+0000] {dag.py:3239} INFO - Sync 1 DAGs
[2026-07-10T15:18:20.414+0000] {logging_mixin.py:190} INFO - [2026-07-10T15:18:20.414+0000] {dag.py:4180} INFO - Setting next_dagrun for 01_load_csv to None, run_after=None
[2026-07-10T15:18:20.442+0000] {processor.py:208} INFO - Processing /opt/airflow/dags/01_load_csv.py took 0.126 seconds
[2026-07-10T15:18:50.745+0000] {processor.py:186} INFO - Started process (PID=4069) to work on /opt/airflow/dags/01_load_csv.py
[2026-07-10T15:18:50.748+0000] {processor.py:914} INFO - Processing file /opt/airflow/dags/01_load_csv.py for tasks to queue
[2026-07-10T15:18:50.751+0000] {logging_mixin.py:190} INFO - [2026-07-10T15:18:50.751+0000] {dagbag.py:588} INFO - Filling up the DagBag from /opt/airflow/dags/01_load_csv.py
[2026-07-10T15:18:50.767+0000] {processor.py:925} INFO - DAG(s) '01_load_csv' retrieved from /opt/airflow/dags/01_load_csv.py
[2026-07-10T15:18:50.841+0000] {logging_mixin.py:190} INFO - [2026-07-10T15:18:50.841+0000] {dag.py:3239} INFO - Sync 1 DAGs
[2026-07-10T15:18:50.874+0000] {logging_mixin.py:190} INFO - [2026-07-10T15:18:50.873+0000] {dag.py:4180} INFO - Setting next_dagrun for 01_load_csv to None, run_after=None
[2026-07-10T15:18:50.917+0000] {processor.py:208} INFO - Processing /opt/airflow/dags/01_load_csv.py took 0.182 seconds
[2026-07-10T15:19:21.002+0000] {processor.py:186} INFO - Started process (PID=4119) to work on /opt/airflow/dags/01_load_csv.py
[2026-07-10T15:19:21.003+0000] {processor.py:914} INFO - Processing file /opt/airflow/dags/01_load_csv.py for tasks to queue
[2026-07-10T15:19:21.006+0000] {logging_mixin.py:190} INFO - [2026-07-10T15:19:21.006+0000] {dagbag.py:588} INFO - Filling up the DagBag from /opt/airflow/dags/01_load_csv.py
[2026-07-10T15:19:21.020+0000] {processor.py:925} INFO - DAG(s) '01_load_csv' retrieved from /opt/airflow/dags/01_load_csv.py
[2026-07-10T15:19:21.071+0000] {logging_mixin.py:190} INFO - [2026-07-10T15:19:21.071+0000] {dag.py:3239} INFO - Sync 1 DAGs
[2026-07-10T15:19:21.094+0000] {logging_mixin.py:190} INFO - [2026-07-10T15:19:21.094+0000] {dag.py:4180} INFO - Setting next_dagrun for 01_load_csv to None, run_after=None
[2026-07-10T15:19:21.123+0000] {processor.py:208} INFO - Processing /opt/airflow/dags/01_load_csv.py took 0.132 seconds
[2026-07-10T15:19:51.312+0000] {processor.py:186} INFO - Started process (PID=4169) to work on /opt/airflow/dags/01_load_csv.py
[2026-07-10T15:19:51.314+0000] {processor.py:914} INFO - Processing file /opt/airflow/dags/01_load_csv.py for tasks to queue
[2026-07-10T15:19:51.318+0000] {logging_mixin.py:190} INFO - [2026-07-10T15:19:51.318+0000] {dagbag.py:588} INFO - Filling up the DagBag from /opt/airflow/dags/01_load_csv.py
[2026-07-10T15:19:51.329+0000] {processor.py:925} INFO - DAG(s) '01_load_csv' retrieved from /opt/airflow/dags/01_load_csv.py
[2026-07-10T15:19:51.379+0000] {logging_mixin.py:190} INFO - [2026-07-10T15:19:51.379+0000] {dag.py:3239} INFO - Sync 1 DAGs
[2026-07-10T15:19:51.408+0000] {logging_mixin.py:190} INFO - [2026-07-10T15:19:51.407+0000] {dag.py:4180} INFO - Setting next_dagrun for 01_load_csv to None, run_after=None
[2026-07-10T15:19:51.438+0000] {processor.py:208} INFO - Processing /opt/airflow/dags/01_load_csv.py took 0.134 seconds
[2026-07-10T15:20:21.753+0000] {processor.py:186} INFO - Started process (PID=4219) to work on /opt/airflow/dags/01_load_csv.py
[2026-07-10T15:20:21.754+0000] {processor.py:914} INFO - Processing file /opt/airflow/dags/01_load_csv.py for tasks to queue
[2026-07-10T15:20:21.757+0000] {logging_mixin.py:190} INFO - [2026-07-10T15:20:21.757+0000] {dagbag.py:588} INFO - Filling up the DagBag from /opt/airflow/dags/01_load_csv.py
[2026-07-10T15:20:21.770+0000] {processor.py:925} INFO - DAG(s) '01_load_csv' retrieved from /opt/airflow/dags/01_load_csv.py
[2026-07-10T15:20:21.819+0000] {logging_mixin.py:190} INFO - [2026-07-10T15:20:21.818+0000] {dag.py:3239} INFO - Sync 1 DAGs
[2026-07-10T15:20:21.840+0000] {logging_mixin.py:190} INFO - [2026-07-10T15:20:21.840+0000] {dag.py:4180} INFO - Setting next_dagrun for 01_load_csv to None, run_after=None
[2026-07-10T15:20:21.864+0000] {processor.py:208} INFO - Processing /opt/airflow/dags/01_load_csv.py took 0.121 seconds
[2026-07-10T15:20:52.266+0000] {processor.py:186} INFO - Started process (PID=4267) to work on /opt/airflow/dags/01_load_csv.py
[2026-07-10T15:20:52.268+0000] {processor.py:914} INFO - Processing file /opt/airflow/dags/01_load_csv.py for tasks to queue
[2026-07-10T15:20:52.272+0000] {logging_mixin.py:190} INFO - [2026-07-10T15:20:52.271+0000] {dagbag.py:588} INFO - Filling up the DagBag from /opt/airflow/dags/01_load_csv.py
[2026-07-10T15:20:52.282+0000] {processor.py:925} INFO - DAG(s) '01_load_csv' retrieved from /opt/airflow/dags/01_load_csv.py
[2026-07-10T15:20:52.325+0000] {logging_mixin.py:190} INFO - [2026-07-10T15:20:52.324+0000] {dag.py:3239} INFO - Sync 1 DAGs
[2026-07-10T15:20:52.345+0000] {logging_mixin.py:190} INFO - [2026-07-10T15:20:52.345+0000] {dag.py:4180} INFO - Setting next_dagrun for 01_load_csv to None, run_after=None
[2026-07-10T15:20:52.372+0000] {processor.py:208} INFO - Processing /opt/airflow/dags/01_load_csv.py took 0.116 seconds
[2026-07-10T15:21:22.607+0000] {processor.py:186} INFO - Started process (PID=4319) to work on /opt/airflow/dags/01_load_csv.py
[2026-07-10T15:21:22.608+0000] {processor.py:914} INFO - Processing file /opt/airflow/dags/01_load_csv.py for tasks to queue
[2026-07-10T15:21:22.611+0000] {logging_mixin.py:190} INFO - [2026-07-10T15:21:22.611+0000] {dagbag.py:588} INFO - Filling up the DagBag from /opt/airflow/dags/01_load_csv.py
[2026-07-10T15:21:22.623+0000] {processor.py:925} INFO - DAG(s) '01_load_csv' retrieved from /opt/airflow/dags/01_load_csv.py
[2026-07-10T15:21:22.667+0000] {logging_mixin.py:190} INFO - [2026-07-10T15:21:22.667+0000] {dag.py:3239} INFO - Sync 1 DAGs
[2026-07-10T15:21:22.688+0000] {logging_mixin.py:190} INFO - [2026-07-10T15:21:22.688+0000] {dag.py:4180} INFO - Setting next_dagrun for 01_load_csv to None, run_after=None
[2026-07-10T15:21:22.713+0000] {processor.py:208} INFO - Processing /opt/airflow/dags/01_load_csv.py took 0.116 seconds
[2026-07-10T15:21:52.986+0000] {processor.py:186} INFO - Started process (PID=4369) to work on /opt/airflow/dags/01_load_csv.py
[2026-07-10T15:21:52.988+0000] {processor.py:914} INFO - Processing file /opt/airflow/dags/01_load_csv.py for tasks to queue
[2026-07-10T15:21:52.994+0000] {logging_mixin.py:190} INFO - [2026-07-10T15:21:52.993+0000] {dagbag.py:588} INFO - Filling up the DagBag from /opt/airflow/dags/01_load_csv.py
[2026-07-10T15:21:53.006+0000] {processor.py:925} INFO - DAG(s) '01_load_csv' retrieved from /opt/airflow/dags/01_load_csv.py
[2026-07-10T15:21:53.053+0000] {logging_mixin.py:190} INFO - [2026-07-10T15:21:53.053+0000] {dag.py:3239} INFO - Sync 1 DAGs
[2026-07-10T15:21:53.081+0000] {logging_mixin.py:190} INFO - [2026-07-10T15:21:53.081+0000] {dag.py:4180} INFO - Setting next_dagrun for 01_load_csv to None, run_after=None
[2026-07-10T15:21:53.119+0000] {processor.py:208} INFO - Processing /opt/airflow/dags/01_load_csv.py took 0.142 seconds
[2026-07-10T15:22:23.347+0000] {processor.py:186} INFO - Started process (PID=4419) to work on /opt/airflow/dags/01_load_csv.py
[2026-07-10T15:22:23.348+0000] {processor.py:914} INFO - Processing file /opt/airflow/dags/01_load_csv.py for tasks to queue
[2026-07-10T15:22:23.352+0000] {logging_mixin.py:190} INFO - [2026-07-10T15:22:23.352+0000] {dagbag.py:588} INFO - Filling up the DagBag from /opt/airflow/dags/01_load_csv.py
[2026-07-10T15:22:23.368+0000] {processor.py:925} INFO - DAG(s) '01_load_csv' retrieved from /opt/airflow/dags/01_load_csv.py
[2026-07-10T15:22:23.420+0000] {logging_mixin.py:190} INFO - [2026-07-10T15:22:23.420+0000] {dag.py:3239} INFO - Sync 1 DAGs
[2026-07-10T15:22:23.445+0000] {logging_mixin.py:190} INFO - [2026-07-10T15:22:23.445+0000] {dag.py:4180} INFO - Setting next_dagrun for 01_load_csv to None, run_after=None
[2026-07-10T15:22:23.470+0000] {processor.py:208} INFO - Processing /opt/airflow/dags/01_load_csv.py took 0.136 seconds
[2026-07-10T15:22:54.084+0000] {processor.py:186} INFO - Started process (PID=4469) to work on /opt/airflow/dags/01_load_csv.py
[2026-07-10T15:22:54.085+0000] {processor.py:914} INFO - Processing file /opt/airflow/dags/01_load_csv.py for tasks to queue
[2026-07-10T15:22:54.088+0000] {logging_mixin.py:190} INFO - [2026-07-10T15:22:54.088+0000] {dagbag.py:588} INFO - Filling up the DagBag from /opt/airflow/dags/01_load_csv.py
[2026-07-10T15:22:54.104+0000] {processor.py:925} INFO - DAG(s) '01_load_csv' retrieved from /opt/airflow/dags/01_load_csv.py
[2026-07-10T15:22:54.173+0000] {logging_mixin.py:190} INFO - [2026-07-10T15:22:54.173+0000] {dag.py:3239} INFO - Sync 1 DAGs
[2026-07-10T15:22:54.403+0000] {logging_mixin.py:190} INFO - [2026-07-10T15:22:54.402+0000] {dag.py:4180} INFO - Setting next_dagrun for 01_load_csv to None, run_after=None
[2026-07-10T15:22:54.432+0000] {processor.py:208} INFO - Processing /opt/airflow/dags/01_load_csv.py took 0.360 seconds
[2026-07-10T15:23:24.634+0000] {processor.py:186} INFO - Started process (PID=4517) to work on /opt/airflow/dags/01_load_csv.py
[2026-07-10T15:23:24.635+0000] {processor.py:914} INFO - Processing file /opt/airflow/dags/01_load_csv.py for tasks to queue
[2026-07-10T15:23:24.639+0000] {logging_mixin.py:190} INFO - [2026-07-10T15:23:24.638+0000] {dagbag.py:588} INFO - Filling up the DagBag from /opt/airflow/dags/01_load_csv.py
[2026-07-10T15:23:24.657+0000] {processor.py:925} INFO - DAG(s) '01_load_csv' retrieved from /opt/airflow/dags/01_load_csv.py
[2026-07-10T15:23:24.722+0000] {logging_mixin.py:190} INFO - [2026-07-10T15:23:24.721+0000] {dag.py:3239} INFO - Sync 1 DAGs
[2026-07-10T15:23:24.769+0000] {logging_mixin.py:190} INFO - [2026-07-10T15:23:24.769+0000] {dag.py:4180} INFO - Setting next_dagrun for 01_load_csv to None, run_after=None
[2026-07-10T15:23:24.853+0000] {processor.py:208} INFO - Processing /opt/airflow/dags/01_load_csv.py took 0.231 seconds
[2026-07-10T15:23:55.389+0000] {processor.py:186} INFO - Started process (PID=4567) to work on /opt/airflow/dags/01_load_csv.py
[2026-07-10T15:23:55.394+0000] {processor.py:914} INFO - Processing file /opt/airflow/dags/01_load_csv.py for tasks to queue
[2026-07-10T15:23:55.401+0000] {logging_mixin.py:190} INFO - [2026-07-10T15:23:55.401+0000] {dagbag.py:588} INFO - Filling up the DagBag from /opt/airflow/dags/01_load_csv.py
[2026-07-10T15:23:55.419+0000] {processor.py:925} INFO - DAG(s) '01_load_csv' retrieved from /opt/airflow/dags/01_load_csv.py
[2026-07-10T15:23:55.493+0000] {logging_mixin.py:190} INFO - [2026-07-10T15:23:55.493+0000] {dag.py:3239} INFO - Sync 1 DAGs
[2026-07-10T15:23:55.890+0000] {logging_mixin.py:190} INFO - [2026-07-10T15:23:55.890+0000] {dag.py:4180} INFO - Setting next_dagrun for 01_load_csv to None, run_after=None
[2026-07-10T15:23:55.991+0000] {processor.py:208} INFO - Processing /opt/airflow/dags/01_load_csv.py took 0.624 seconds
[2026-07-10T15:24:26.600+0000] {processor.py:186} INFO - Started process (PID=4619) to work on /opt/airflow/dags/01_load_csv.py
[2026-07-10T15:24:26.602+0000] {processor.py:914} INFO - Processing file /opt/airflow/dags/01_load_csv.py for tasks to queue
[2026-07-10T15:24:26.606+0000] {logging_mixin.py:190} INFO - [2026-07-10T15:24:26.605+0000] {dagbag.py:588} INFO - Filling up the DagBag from /opt/airflow/dags/01_load_csv.py
[2026-07-10T15:24:26.623+0000] {processor.py:925} INFO - DAG(s) '01_load_csv' retrieved from /opt/airflow/dags/01_load_csv.py
[2026-07-10T15:24:26.698+0000] {logging_mixin.py:190} INFO - [2026-07-10T15:24:26.697+0000] {dag.py:3239} INFO - Sync 1 DAGs
[2026-07-10T15:24:26.736+0000] {logging_mixin.py:190} INFO - [2026-07-10T15:24:26.735+0000] {dag.py:4180} INFO - Setting next_dagrun for 01_load_csv to None, run_after=None
[2026-07-10T15:24:26.774+0000] {processor.py:208} INFO - Processing /opt/airflow/dags/01_load_csv.py took 0.187 seconds
[2026-07-10T15:24:56.954+0000] {processor.py:186} INFO - Started process (PID=4667) to work on /opt/airflow/dags/01_load_csv.py
[2026-07-10T15:24:56.956+0000] {processor.py:914} INFO - Processing file /opt/airflow/dags/01_load_csv.py for tasks to queue
[2026-07-10T15:24:56.958+0000] {logging_mixin.py:190} INFO - [2026-07-10T15:24:56.958+0000] {dagbag.py:588} INFO - Filling up the DagBag from /opt/airflow/dags/01_load_csv.py
[2026-07-10T15:24:56.973+0000] {processor.py:925} INFO - DAG(s) '01_load_csv' retrieved from /opt/airflow/dags/01_load_csv.py
[2026-07-10T15:24:57.020+0000] {logging_mixin.py:190} INFO - [2026-07-10T15:24:57.020+0000] {dag.py:3239} INFO - Sync 1 DAGs
[2026-07-10T15:24:57.227+0000] {logging_mixin.py:190} INFO - [2026-07-10T15:24:57.227+0000] {dag.py:4180} INFO - Setting next_dagrun for 01_load_csv to None, run_after=None
[2026-07-10T15:24:57.252+0000] {processor.py:208} INFO - Processing /opt/airflow/dags/01_load_csv.py took 0.308 seconds
[2026-07-10T15:25:27.721+0000] {processor.py:186} INFO - Started process (PID=4717) to work on /opt/airflow/dags/01_load_csv.py
[2026-07-10T15:25:27.723+0000] {processor.py:914} INFO - Processing file /opt/airflow/dags/01_load_csv.py for tasks to queue
[2026-07-10T15:25:27.727+0000] {logging_mixin.py:190} INFO - [2026-07-10T15:25:27.726+0000] {dagbag.py:588} INFO - Filling up the DagBag from /opt/airflow/dags/01_load_csv.py
[2026-07-10T15:25:28.007+0000] {processor.py:925} INFO - DAG(s) '01_load_csv' retrieved from /opt/airflow/dags/01_load_csv.py
[2026-07-10T15:25:28.057+0000] {logging_mixin.py:190} INFO - [2026-07-10T15:25:28.057+0000] {dag.py:3239} INFO - Sync 1 DAGs
[2026-07-10T15:25:28.076+0000] {logging_mixin.py:190} INFO - [2026-07-10T15:25:28.076+0000] {dag.py:4180} INFO - Setting next_dagrun for 01_load_csv to None, run_after=None
[2026-07-10T15:25:28.113+0000] {processor.py:208} INFO - Processing /opt/airflow/dags/01_load_csv.py took 0.406 seconds
[2026-07-10T15:25:58.596+0000] {processor.py:186} INFO - Started process (PID=4767) to work on /opt/airflow/dags/01_load_csv.py
[2026-07-10T15:25:58.598+0000] {processor.py:914} INFO - Processing file /opt/airflow/dags/01_load_csv.py for tasks to queue
[2026-07-10T15:25:58.602+0000] {logging_mixin.py:190} INFO - [2026-07-10T15:25:58.601+0000] {dagbag.py:588} INFO - Filling up the DagBag from /opt/airflow/dags/01_load_csv.py
[2026-07-10T15:25:58.619+0000] {processor.py:925} INFO - DAG(s) '01_load_csv' retrieved from /opt/airflow/dags/01_load_csv.py
[2026-07-10T15:25:58.672+0000] {logging_mixin.py:190} INFO - [2026-07-10T15:25:58.672+0000] {dag.py:3239} INFO - Sync 1 DAGs
[2026-07-10T15:25:58.726+0000] {logging_mixin.py:190} INFO - [2026-07-10T15:25:58.725+0000] {dag.py:4180} INFO - Setting next_dagrun for 01_load_csv to None, run_after=None
[2026-07-10T15:25:58.779+0000] {processor.py:208} INFO - Processing /opt/airflow/dags/01_load_csv.py took 0.199 seconds
[2026-07-10T15:26:29.318+0000] {processor.py:186} INFO - Started process (PID=4819) to work on /opt/airflow/dags/01_load_csv.py
[2026-07-10T15:26:29.320+0000] {processor.py:914} INFO - Processing file /opt/airflow/dags/01_load_csv.py for tasks to queue
[2026-07-10T15:26:29.324+0000] {logging_mixin.py:190} INFO - [2026-07-10T15:26:29.323+0000] {dagbag.py:588} INFO - Filling up the DagBag from /opt/airflow/dags/01_load_csv.py
[2026-07-10T15:26:29.342+0000] {processor.py:925} INFO - DAG(s) '01_load_csv' retrieved from /opt/airflow/dags/01_load_csv.py
[2026-07-10T15:26:29.397+0000] {logging_mixin.py:190} INFO - [2026-07-10T15:26:29.396+0000] {dag.py:3239} INFO - Sync 1 DAGs
[2026-07-10T15:26:29.419+0000] {logging_mixin.py:190} INFO - [2026-07-10T15:26:29.418+0000] {dag.py:4180} INFO - Setting next_dagrun for 01_load_csv to None, run_after=None
[2026-07-10T15:26:29.461+0000] {processor.py:208} INFO - Processing /opt/airflow/dags/01_load_csv.py took 0.152 seconds
[2026-07-10T15:26:59.605+0000] {processor.py:186} INFO - Started process (PID=4869) to work on /opt/airflow/dags/01_load_csv.py
[2026-07-10T15:26:59.608+0000] {processor.py:914} INFO - Processing file /opt/airflow/dags/01_load_csv.py for tasks to queue
[2026-07-10T15:26:59.612+0000] {logging_mixin.py:190} INFO - [2026-07-10T15:26:59.611+0000] {dagbag.py:588} INFO - Filling up the DagBag from /opt/airflow/dags/01_load_csv.py
[2026-07-10T15:26:59.625+0000] {processor.py:925} INFO - DAG(s) '01_load_csv' retrieved from /opt/airflow/dags/01_load_csv.py
[2026-07-10T15:26:59.684+0000] {logging_mixin.py:190} INFO - [2026-07-10T15:26:59.684+0000] {dag.py:3239} INFO - Sync 1 DAGs
[2026-07-10T15:26:59.713+0000] {logging_mixin.py:190} INFO - [2026-07-10T15:26:59.712+0000] {dag.py:4180} INFO - Setting next_dagrun for 01_load_csv to None, run_after=None
[2026-07-10T15:26:59.750+0000] {processor.py:208} INFO - Processing /opt/airflow/dags/01_load_csv.py took 0.158 seconds
[2026-07-10T15:27:29.868+0000] {processor.py:186} INFO - Started process (PID=4919) to work on /opt/airflow/dags/01_load_csv.py
[2026-07-10T15:27:29.869+0000] {processor.py:914} INFO - Processing file /opt/airflow/dags/01_load_csv.py for tasks to queue
[2026-07-10T15:27:29.873+0000] {logging_mixin.py:190} INFO - [2026-07-10T15:27:29.872+0000] {dagbag.py:588} INFO - Filling up the DagBag from /opt/airflow/dags/01_load_csv.py
[2026-07-10T15:27:29.887+0000] {processor.py:925} INFO - DAG(s) '01_load_csv' retrieved from /opt/airflow/dags/01_load_csv.py
[2026-07-10T15:27:29.937+0000] {logging_mixin.py:190} INFO - [2026-07-10T15:27:29.936+0000] {dag.py:3239} INFO - Sync 1 DAGs
[2026-07-10T15:27:29.959+0000] {logging_mixin.py:190} INFO - [2026-07-10T15:27:29.958+0000] {dag.py:4180} INFO - Setting next_dagrun for 01_load_csv to None, run_after=None
[2026-07-10T15:27:29.986+0000] {processor.py:208} INFO - Processing /opt/airflow/dags/01_load_csv.py took 0.128 seconds
[2026-07-10T15:28:00.152+0000] {processor.py:186} INFO - Started process (PID=4969) to work on /opt/airflow/dags/01_load_csv.py
[2026-07-10T15:28:00.153+0000] {processor.py:914} INFO - Processing file /opt/airflow/dags/01_load_csv.py for tasks to queue
[2026-07-10T15:28:00.157+0000] {logging_mixin.py:190} INFO - [2026-07-10T15:28:00.156+0000] {dagbag.py:588} INFO - Filling up the DagBag from /opt/airflow/dags/01_load_csv.py
[2026-07-10T15:28:00.170+0000] {processor.py:925} INFO - DAG(s) '01_load_csv' retrieved from /opt/airflow/dags/01_load_csv.py
[2026-07-10T15:28:00.220+0000] {logging_mixin.py:190} INFO - [2026-07-10T15:28:00.220+0000] {dag.py:3239} INFO - Sync 1 DAGs
[2026-07-10T15:28:00.242+0000] {logging_mixin.py:190} INFO - [2026-07-10T15:28:00.241+0000] {dag.py:4180} INFO - Setting next_dagrun for 01_load_csv to None, run_after=None
[2026-07-10T15:28:00.268+0000] {processor.py:208} INFO - Processing /opt/airflow/dags/01_load_csv.py took 0.123 seconds
[2026-07-10T15:28:30.473+0000] {processor.py:186} INFO - Started process (PID=5019) to work on /opt/airflow/dags/01_load_csv.py
[2026-07-10T15:28:30.475+0000] {processor.py:914} INFO - Processing file /opt/airflow/dags/01_load_csv.py for tasks to queue
[2026-07-10T15:28:30.480+0000] {logging_mixin.py:190} INFO - [2026-07-10T15:28:30.479+0000] {dagbag.py:588} INFO - Filling up the DagBag from /opt/airflow/dags/01_load_csv.py
[2026-07-10T15:28:30.495+0000] {processor.py:925} INFO - DAG(s) '01_load_csv' retrieved from /opt/airflow/dags/01_load_csv.py
[2026-07-10T15:28:30.556+0000] {logging_mixin.py:190} INFO - [2026-07-10T15:28:30.556+0000] {dag.py:3239} INFO - Sync 1 DAGs
[2026-07-10T15:28:30.581+0000] {logging_mixin.py:190} INFO - [2026-07-10T15:28:30.581+0000] {dag.py:4180} INFO - Setting next_dagrun for 01_load_csv to None, run_after=None
[2026-07-10T15:28:30.607+0000] {processor.py:208} INFO - Processing /opt/airflow/dags/01_load_csv.py took 0.144 seconds
[2026-07-10T15:29:01.022+0000] {processor.py:186} INFO - Started process (PID=5067) to work on /opt/airflow/dags/01_load_csv.py
[2026-07-10T15:29:01.027+0000] {processor.py:914} INFO - Processing file /opt/airflow/dags/01_load_csv.py for tasks to queue
[2026-07-10T15:29:01.036+0000] {logging_mixin.py:190} INFO - [2026-07-10T15:29:01.035+0000] {dagbag.py:588} INFO - Filling up the DagBag from /opt/airflow/dags/01_load_csv.py
[2026-07-10T15:29:01.072+0000] {processor.py:925} INFO - DAG(s) '01_load_csv' retrieved from /opt/airflow/dags/01_load_csv.py
[2026-07-10T15:29:01.275+0000] {logging_mixin.py:190} INFO - [2026-07-10T15:29:01.274+0000] {dag.py:3239} INFO - Sync 1 DAGs
[2026-07-10T15:29:01.382+0000] {logging_mixin.py:190} INFO - [2026-07-10T15:29:01.351+0000] {dag.py:4180} INFO - Setting next_dagrun for 01_load_csv to None, run_after=None
[2026-07-10T15:29:01.549+0000] {processor.py:208} INFO - Processing /opt/airflow/dags/01_load_csv.py took 0.559 seconds
[2026-07-10T15:29:32.188+0000] {processor.py:186} INFO - Started process (PID=5117) to work on /opt/airflow/dags/01_load_csv.py
[2026-07-10T15:29:32.190+0000] {processor.py:914} INFO - Processing file /opt/airflow/dags/01_load_csv.py for tasks to queue
[2026-07-10T15:29:32.193+0000] {logging_mixin.py:190} INFO - [2026-07-10T15:29:32.193+0000] {dagbag.py:588} INFO - Filling up the DagBag from /opt/airflow/dags/01_load_csv.py
[2026-07-10T15:29:32.209+0000] {processor.py:925} INFO - DAG(s) '01_load_csv' retrieved from /opt/airflow/dags/01_load_csv.py
[2026-07-10T15:29:32.262+0000] {logging_mixin.py:190} INFO - [2026-07-10T15:29:32.262+0000] {dag.py:3239} INFO - Sync 1 DAGs
[2026-07-10T15:29:32.292+0000] {logging_mixin.py:190} INFO - [2026-07-10T15:29:32.291+0000] {dag.py:4180} INFO - Setting next_dagrun for 01_load_csv to None, run_after=None
[2026-07-10T15:29:32.335+0000] {processor.py:208} INFO - Processing /opt/airflow/dags/01_load_csv.py took 0.163 seconds
[2026-07-10T15:30:02.476+0000] {processor.py:186} INFO - Started process (PID=5167) to work on /opt/airflow/dags/01_load_csv.py
[2026-07-10T15:30:02.478+0000] {processor.py:914} INFO - Processing file /opt/airflow/dags/01_load_csv.py for tasks to queue
[2026-07-10T15:30:02.485+0000] {logging_mixin.py:190} INFO - [2026-07-10T15:30:02.484+0000] {dagbag.py:588} INFO - Filling up the DagBag from /opt/airflow/dags/01_load_csv.py
[2026-07-10T15:30:02.502+0000] {processor.py:925} INFO - DAG(s) '01_load_csv' retrieved from /opt/airflow/dags/01_load_csv.py
[2026-07-10T15:30:02.549+0000] {logging_mixin.py:190} INFO - [2026-07-10T15:30:02.549+0000] {dag.py:3239} INFO - Sync 1 DAGs
[2026-07-10T15:30:02.575+0000] {logging_mixin.py:190} INFO - [2026-07-10T15:30:02.575+0000] {dag.py:4180} INFO - Setting next_dagrun for 01_load_csv to None, run_after=None
[2026-07-10T15:30:02.598+0000] {processor.py:208} INFO - Processing /opt/airflow/dags/01_load_csv.py took 0.142 seconds
[2026-07-10T15:30:33.627+0000] {processor.py:186} INFO - Started process (PID=5217) to work on /opt/airflow/dags/01_load_csv.py
[2026-07-10T15:30:33.630+0000] {processor.py:914} INFO - Processing file /opt/airflow/dags/01_load_csv.py for tasks to queue
[2026-07-10T15:30:33.635+0000] {logging_mixin.py:190} INFO - [2026-07-10T15:30:33.634+0000] {dagbag.py:588} INFO - Filling up the DagBag from /opt/airflow/dags/01_load_csv.py
[2026-07-10T15:30:33.653+0000] {processor.py:925} INFO - DAG(s) '01_load_csv' retrieved from /opt/airflow/dags/01_load_csv.py
[2026-07-10T15:30:33.718+0000] {logging_mixin.py:190} INFO - [2026-07-10T15:30:33.718+0000] {dag.py:3239} INFO - Sync 1 DAGs
[2026-07-10T15:30:33.737+0000] {logging_mixin.py:190} INFO - [2026-07-10T15:30:33.737+0000] {dag.py:4180} INFO - Setting next_dagrun for 01_load_csv to None, run_after=None
[2026-07-10T15:30:33.758+0000] {processor.py:208} INFO - Processing /opt/airflow/dags/01_load_csv.py took 0.144 seconds
[2026-07-10T15:31:03.950+0000] {processor.py:186} INFO - Started process (PID=5267) to work on /opt/airflow/dags/01_load_csv.py
[2026-07-10T15:31:03.952+0000] {processor.py:914} INFO - Processing file /opt/airflow/dags/01_load_csv.py for tasks to queue
[2026-07-10T15:31:03.959+0000] {logging_mixin.py:190} INFO - [2026-07-10T15:31:03.957+0000] {dagbag.py:588} INFO - Filling up the DagBag from /opt/airflow/dags/01_load_csv.py
[2026-07-10T15:31:03.976+0000] {processor.py:925} INFO - DAG(s) '01_load_csv' retrieved from /opt/airflow/dags/01_load_csv.py
[2026-07-10T15:31:04.017+0000] {logging_mixin.py:190} INFO - [2026-07-10T15:31:04.017+0000] {dag.py:3239} INFO - Sync 1 DAGs
[2026-07-10T15:31:04.034+0000] {logging_mixin.py:190} INFO - [2026-07-10T15:31:04.034+0000] {dag.py:4180} INFO - Setting next_dagrun for 01_load_csv to None, run_after=None
[2026-07-10T15:31:04.056+0000] {processor.py:208} INFO - Processing /opt/airflow/dags/01_load_csv.py took 0.128 seconds
[2026-07-10T15:31:34.198+0000] {processor.py:186} INFO - Started process (PID=5317) to work on /opt/airflow/dags/01_load_csv.py
[2026-07-10T15:31:34.201+0000] {processor.py:914} INFO - Processing file /opt/airflow/dags/01_load_csv.py for tasks to queue
[2026-07-10T15:31:34.208+0000] {logging_mixin.py:190} INFO - [2026-07-10T15:31:34.207+0000] {dagbag.py:588} INFO - Filling up the DagBag from /opt/airflow/dags/01_load_csv.py
[2026-07-10T15:31:34.244+0000] {processor.py:925} INFO - DAG(s) '01_load_csv' retrieved from /opt/airflow/dags/01_load_csv.py
[2026-07-10T15:31:34.358+0000] {logging_mixin.py:190} INFO - [2026-07-10T15:31:34.357+0000] {dag.py:3239} INFO - Sync 1 DAGs
[2026-07-10T15:31:34.407+0000] {logging_mixin.py:190} INFO - [2026-07-10T15:31:34.406+0000] {dag.py:4180} INFO - Setting next_dagrun for 01_load_csv to None, run_after=None
[2026-07-10T15:31:34.451+0000] {processor.py:208} INFO - Processing /opt/airflow/dags/01_load_csv.py took 0.280 seconds
[2026-07-10T15:32:04.829+0000] {processor.py:186} INFO - Started process (PID=5367) to work on /opt/airflow/dags/01_load_csv.py
[2026-07-10T15:32:04.831+0000] {processor.py:914} INFO - Processing file /opt/airflow/dags/01_load_csv.py for tasks to queue
[2026-07-10T15:32:04.839+0000] {logging_mixin.py:190} INFO - [2026-07-10T15:32:04.838+0000] {dagbag.py:588} INFO - Filling up the DagBag from /opt/airflow/dags/01_load_csv.py
[2026-07-10T15:32:04.858+0000] {processor.py:925} INFO - DAG(s) '01_load_csv' retrieved from /opt/airflow/dags/01_load_csv.py
[2026-07-10T15:32:04.938+0000] {logging_mixin.py:190} INFO - [2026-07-10T15:32:04.938+0000] {dag.py:3239} INFO - Sync 1 DAGs
[2026-07-10T15:32:04.972+0000] {logging_mixin.py:190} INFO - [2026-07-10T15:32:04.972+0000] {dag.py:4180} INFO - Setting next_dagrun for 01_load_csv to None, run_after=None
[2026-07-10T15:32:05.008+0000] {processor.py:208} INFO - Processing /opt/airflow/dags/01_load_csv.py took 0.195 seconds
[2026-07-10T15:32:35.195+0000] {processor.py:186} INFO - Started process (PID=5417) to work on /opt/airflow/dags/01_load_csv.py
[2026-07-10T15:32:35.196+0000] {processor.py:914} INFO - Processing file /opt/airflow/dags/01_load_csv.py for tasks to queue
[2026-07-10T15:32:35.200+0000] {logging_mixin.py:190} INFO - [2026-07-10T15:32:35.199+0000] {dagbag.py:588} INFO - Filling up the DagBag from /opt/airflow/dags/01_load_csv.py
[2026-07-10T15:32:35.217+0000] {processor.py:925} INFO - DAG(s) '01_load_csv' retrieved from /opt/airflow/dags/01_load_csv.py
[2026-07-10T15:32:35.275+0000] {logging_mixin.py:190} INFO - [2026-07-10T15:32:35.275+0000] {dag.py:3239} INFO - Sync 1 DAGs
[2026-07-10T15:32:35.313+0000] {logging_mixin.py:190} INFO - [2026-07-10T15:32:35.312+0000] {dag.py:4180} INFO - Setting next_dagrun for 01_load_csv to None, run_after=None
[2026-07-10T15:32:35.340+0000] {processor.py:208} INFO - Processing /opt/airflow/dags/01_load_csv.py took 0.153 seconds
[2026-07-10T15:33:05.630+0000] {processor.py:186} INFO - Started process (PID=5467) to work on /opt/airflow/dags/01_load_csv.py
[2026-07-10T15:33:05.631+0000] {processor.py:914} INFO - Processing file /opt/airflow/dags/01_load_csv.py for tasks to queue
[2026-07-10T15:33:05.636+0000] {logging_mixin.py:190} INFO - [2026-07-10T15:33:05.635+0000] {dagbag.py:588} INFO - Filling up the DagBag from /opt/airflow/dags/01_load_csv.py
[2026-07-10T15:33:05.649+0000] {processor.py:925} INFO - DAG(s) '01_load_csv' retrieved from /opt/airflow/dags/01_load_csv.py
[2026-07-10T15:33:05.707+0000] {logging_mixin.py:190} INFO - [2026-07-10T15:33:05.707+0000] {dag.py:3239} INFO - Sync 1 DAGs
[2026-07-10T15:33:05.739+0000] {logging_mixin.py:190} INFO - [2026-07-10T15:33:05.739+0000] {dag.py:4180} INFO - Setting next_dagrun for 01_load_csv to None, run_after=None
[2026-07-10T15:33:05.767+0000] {processor.py:208} INFO - Processing /opt/airflow/dags/01_load_csv.py took 0.150 seconds
[2026-07-10T15:33:35.890+0000] {processor.py:186} INFO - Started process (PID=5517) to work on /opt/airflow/dags/01_load_csv.py
[2026-07-10T15:33:35.894+0000] {processor.py:914} INFO - Processing file /opt/airflow/dags/01_load_csv.py for tasks to queue
[2026-07-10T15:33:35.900+0000] {logging_mixin.py:190} INFO - [2026-07-10T15:33:35.899+0000] {dagbag.py:588} INFO - Filling up the DagBag from /opt/airflow/dags/01_load_csv.py
[2026-07-10T15:33:35.917+0000] {processor.py:925} INFO - DAG(s) '01_load_csv' retrieved from /opt/airflow/dags/01_load_csv.py
[2026-07-10T15:33:35.971+0000] {logging_mixin.py:190} INFO - [2026-07-10T15:33:35.970+0000] {dag.py:3239} INFO - Sync 1 DAGs
[2026-07-10T15:33:35.992+0000] {logging_mixin.py:190} INFO - [2026-07-10T15:33:35.991+0000] {dag.py:4180} INFO - Setting next_dagrun for 01_load_csv to None, run_after=None
[2026-07-10T15:33:36.022+0000] {processor.py:208} INFO - Processing /opt/airflow/dags/01_load_csv.py took 0.155 seconds
[2026-07-10T15:34:06.392+0000] {processor.py:186} INFO - Started process (PID=5567) to work on /opt/airflow/dags/01_load_csv.py
[2026-07-10T15:34:06.393+0000] {processor.py:914} INFO - Processing file /opt/airflow/dags/01_load_csv.py for tasks to queue
[2026-07-10T15:34:06.400+0000] {logging_mixin.py:190} INFO - [2026-07-10T15:34:06.398+0000] {dagbag.py:588} INFO - Filling up the DagBag from /opt/airflow/dags/01_load_csv.py
[2026-07-10T15:34:06.431+0000] {processor.py:925} INFO - DAG(s) '01_load_csv' retrieved from /opt/airflow/dags/01_load_csv.py
[2026-07-10T15:34:06.514+0000] {logging_mixin.py:190} INFO - [2026-07-10T15:34:06.513+0000] {dag.py:3239} INFO - Sync 1 DAGs
[2026-07-10T15:34:06.552+0000] {logging_mixin.py:190} INFO - [2026-07-10T15:34:06.551+0000] {dag.py:4180} INFO - Setting next_dagrun for 01_load_csv to None, run_after=None
[2026-07-10T15:34:06.596+0000] {processor.py:208} INFO - Processing /opt/airflow/dags/01_load_csv.py took 0.218 seconds
[2026-07-10T15:34:36.787+0000] {processor.py:186} INFO - Started process (PID=5619) to work on /opt/airflow/dags/01_load_csv.py
[2026-07-10T15:34:36.789+0000] {processor.py:914} INFO - Processing file /opt/airflow/dags/01_load_csv.py for tasks to queue
[2026-07-10T15:34:36.793+0000] {logging_mixin.py:190} INFO - [2026-07-10T15:34:36.792+0000] {dagbag.py:588} INFO - Filling up the DagBag from /opt/airflow/dags/01_load_csv.py
[2026-07-10T15:34:36.813+0000] {processor.py:925} INFO - DAG(s) '01_load_csv' retrieved from /opt/airflow/dags/01_load_csv.py
[2026-07-10T15:34:36.874+0000] {logging_mixin.py:190} INFO - [2026-07-10T15:34:36.873+0000] {dag.py:3239} INFO - Sync 1 DAGs
[2026-07-10T15:34:36.899+0000] {logging_mixin.py:190} INFO - [2026-07-10T15:34:36.899+0000] {dag.py:4180} INFO - Setting next_dagrun for 01_load_csv to None, run_after=None
[2026-07-10T15:34:36.925+0000] {processor.py:208} INFO - Processing /opt/airflow/dags/01_load_csv.py took 0.154 seconds
[2026-07-10T15:35:07.028+0000] {processor.py:186} INFO - Started process (PID=5669) to work on /opt/airflow/dags/01_load_csv.py
[2026-07-10T15:35:07.030+0000] {processor.py:914} INFO - Processing file /opt/airflow/dags/01_load_csv.py for tasks to queue
[2026-07-10T15:35:07.033+0000] {logging_mixin.py:190} INFO - [2026-07-10T15:35:07.032+0000] {dagbag.py:588} INFO - Filling up the DagBag from /opt/airflow/dags/01_load_csv.py
[2026-07-10T15:35:07.049+0000] {processor.py:925} INFO - DAG(s) '01_load_csv' retrieved from /opt/airflow/dags/01_load_csv.py
[2026-07-10T15:35:07.105+0000] {logging_mixin.py:190} INFO - [2026-07-10T15:35:07.105+0000] {dag.py:3239} INFO - Sync 1 DAGs
[2026-07-10T15:35:07.127+0000] {logging_mixin.py:190} INFO - [2026-07-10T15:35:07.126+0000] {dag.py:4180} INFO - Setting next_dagrun for 01_load_csv to None, run_after=None
[2026-07-10T15:35:07.154+0000] {processor.py:208} INFO - Processing /opt/airflow/dags/01_load_csv.py took 0.137 seconds
[2026-07-10T15:35:37.274+0000] {processor.py:186} INFO - Started process (PID=5717) to work on /opt/airflow/dags/01_load_csv.py
[2026-07-10T15:35:37.276+0000] {processor.py:914} INFO - Processing file /opt/airflow/dags/01_load_csv.py for tasks to queue
[2026-07-10T15:35:37.283+0000] {logging_mixin.py:190} INFO - [2026-07-10T15:35:37.282+0000] {dagbag.py:588} INFO - Filling up the DagBag from /opt/airflow/dags/01_load_csv.py
[2026-07-10T15:35:37.295+0000] {processor.py:925} INFO - DAG(s) '01_load_csv' retrieved from /opt/airflow/dags/01_load_csv.py
[2026-07-10T15:35:37.341+0000] {logging_mixin.py:190} INFO - [2026-07-10T15:35:37.341+0000] {dag.py:3239} INFO - Sync 1 DAGs
[2026-07-10T15:35:37.366+0000] {logging_mixin.py:190} INFO - [2026-07-10T15:35:37.365+0000] {dag.py:4180} INFO - Setting next_dagrun for 01_load_csv to None, run_after=None
[2026-07-10T15:35:37.390+0000] {processor.py:208} INFO - Processing /opt/airflow/dags/01_load_csv.py took 0.127 seconds
[2026-07-10T15:36:07.531+0000] {processor.py:186} INFO - Started process (PID=5767) to work on /opt/airflow/dags/01_load_csv.py
[2026-07-10T15:36:07.532+0000] {processor.py:914} INFO - Processing file /opt/airflow/dags/01_load_csv.py for tasks to queue
[2026-07-10T15:36:07.535+0000] {logging_mixin.py:190} INFO - [2026-07-10T15:36:07.534+0000] {dagbag.py:588} INFO - Filling up the DagBag from /opt/airflow/dags/01_load_csv.py
[2026-07-10T15:36:07.546+0000] {processor.py:925} INFO - DAG(s) '01_load_csv' retrieved from /opt/airflow/dags/01_load_csv.py
[2026-07-10T15:36:07.602+0000] {logging_mixin.py:190} INFO - [2026-07-10T15:36:07.601+0000] {dag.py:3239} INFO - Sync 1 DAGs
[2026-07-10T15:36:07.626+0000] {logging_mixin.py:190} INFO - [2026-07-10T15:36:07.626+0000] {dag.py:4180} INFO - Setting next_dagrun for 01_load_csv to None, run_after=None
[2026-07-10T15:36:07.653+0000] {processor.py:208} INFO - Processing /opt/airflow/dags/01_load_csv.py took 0.132 seconds
[2026-07-10T15:36:37.780+0000] {processor.py:186} INFO - Started process (PID=5817) to work on /opt/airflow/dags/01_load_csv.py
[2026-07-10T15:36:37.783+0000] {processor.py:914} INFO - Processing file /opt/airflow/dags/01_load_csv.py for tasks to queue
[2026-07-10T15:36:37.787+0000] {logging_mixin.py:190} INFO - [2026-07-10T15:36:37.786+0000] {dagbag.py:588} INFO - Filling up the DagBag from /opt/airflow/dags/01_load_csv.py
[2026-07-10T15:36:37.801+0000] {processor.py:925} INFO - DAG(s) '01_load_csv' retrieved from /opt/airflow/dags/01_load_csv.py
[2026-07-10T15:36:37.860+0000] {logging_mixin.py:190} INFO - [2026-07-10T15:36:37.860+0000] {dag.py:3239} INFO - Sync 1 DAGs
[2026-07-10T15:36:37.883+0000] {logging_mixin.py:190} INFO - [2026-07-10T15:36:37.882+0000] {dag.py:4180} INFO - Setting next_dagrun for 01_load_csv to None, run_after=None
[2026-07-10T15:36:37.908+0000] {processor.py:208} INFO - Processing /opt/airflow/dags/01_load_csv.py took 0.138 seconds
[2026-07-10T15:37:07.978+0000] {processor.py:186} INFO - Started process (PID=5864) to work on /opt/airflow/dags/01_load_csv.py
[2026-07-10T15:37:07.979+0000] {processor.py:914} INFO - Processing file /opt/airflow/dags/01_load_csv.py for tasks to queue
[2026-07-10T15:37:07.982+0000] {logging_mixin.py:190} INFO - [2026-07-10T15:37:07.982+0000] {dagbag.py:588} INFO - Filling up the DagBag from /opt/airflow/dags/01_load_csv.py
[2026-07-10T15:37:07.996+0000] {processor.py:925} INFO - DAG(s) '01_load_csv' retrieved from /opt/airflow/dags/01_load_csv.py
[2026-07-10T15:37:08.044+0000] {logging_mixin.py:190} INFO - [2026-07-10T15:37:08.044+0000] {dag.py:3239} INFO - Sync 1 DAGs
[2026-07-10T15:37:08.067+0000] {logging_mixin.py:190} INFO - [2026-07-10T15:37:08.066+0000] {dag.py:4180} INFO - Setting next_dagrun for 01_load_csv to None, run_after=None
[2026-07-10T15:37:08.094+0000] {processor.py:208} INFO - Processing /opt/airflow/dags/01_load_csv.py took 0.124 seconds
[2026-07-10T15:37:38.454+0000] {processor.py:186} INFO - Started process (PID=5917) to work on /opt/airflow/dags/01_load_csv.py
[2026-07-10T15:37:38.456+0000] {processor.py:914} INFO - Processing file /opt/airflow/dags/01_load_csv.py for tasks to queue
[2026-07-10T15:37:38.459+0000] {logging_mixin.py:190} INFO - [2026-07-10T15:37:38.458+0000] {dagbag.py:588} INFO - Filling up the DagBag from /opt/airflow/dags/01_load_csv.py
[2026-07-10T15:37:38.471+0000] {processor.py:925} INFO - DAG(s) '01_load_csv' retrieved from /opt/airflow/dags/01_load_csv.py
[2026-07-10T15:37:38.531+0000] {logging_mixin.py:190} INFO - [2026-07-10T15:37:38.530+0000] {dag.py:3239} INFO - Sync 1 DAGs
[2026-07-10T15:37:38.559+0000] {logging_mixin.py:190} INFO - [2026-07-10T15:37:38.559+0000] {dag.py:4180} INFO - Setting next_dagrun for 01_load_csv to None, run_after=None
[2026-07-10T15:37:38.594+0000] {processor.py:208} INFO - Processing /opt/airflow/dags/01_load_csv.py took 0.150 seconds
[2026-07-10T15:38:08.872+0000] {processor.py:186} INFO - Started process (PID=5967) to work on /opt/airflow/dags/01_load_csv.py
[2026-07-10T15:38:08.875+0000] {processor.py:914} INFO - Processing file /opt/airflow/dags/01_load_csv.py for tasks to queue
[2026-07-10T15:38:08.878+0000] {logging_mixin.py:190} INFO - [2026-07-10T15:38:08.878+0000] {dagbag.py:588} INFO - Filling up the DagBag from /opt/airflow/dags/01_load_csv.py
[2026-07-10T15:38:08.895+0000] {processor.py:925} INFO - DAG(s) '01_load_csv' retrieved from /opt/airflow/dags/01_load_csv.py
[2026-07-10T15:38:08.967+0000] {logging_mixin.py:190} INFO - [2026-07-10T15:38:08.967+0000] {dag.py:3239} INFO - Sync 1 DAGs
[2026-07-10T15:38:08.998+0000] {logging_mixin.py:190} INFO - [2026-07-10T15:38:08.998+0000] {dag.py:4180} INFO - Setting next_dagrun for 01_load_csv to None, run_after=None
[2026-07-10T15:38:09.040+0000] {processor.py:208} INFO - Processing /opt/airflow/dags/01_load_csv.py took 0.181 seconds
[2026-07-10T15:38:39.169+0000] {processor.py:186} INFO - Started process (PID=6017) to work on /opt/airflow/dags/01_load_csv.py
[2026-07-10T15:38:39.174+0000] {processor.py:914} INFO - Processing file /opt/airflow/dags/01_load_csv.py for tasks to queue
[2026-07-10T15:38:39.178+0000] {logging_mixin.py:190} INFO - [2026-07-10T15:38:39.178+0000] {dagbag.py:588} INFO - Filling up the DagBag from /opt/airflow/dags/01_load_csv.py
[2026-07-10T15:38:39.191+0000] {processor.py:925} INFO - DAG(s) '01_load_csv' retrieved from /opt/airflow/dags/01_load_csv.py
[2026-07-10T15:38:39.243+0000] {logging_mixin.py:190} INFO - [2026-07-10T15:38:39.243+0000] {dag.py:3239} INFO - Sync 1 DAGs
[2026-07-10T15:38:39.270+0000] {logging_mixin.py:190} INFO - [2026-07-10T15:38:39.270+0000] {dag.py:4180} INFO - Setting next_dagrun for 01_load_csv to None, run_after=None
[2026-07-10T15:38:39.300+0000] {processor.py:208} INFO - Processing /opt/airflow/dags/01_load_csv.py took 0.139 seconds
[2026-07-10T15:39:09.479+0000] {processor.py:186} INFO - Started process (PID=6067) to work on /opt/airflow/dags/01_load_csv.py
[2026-07-10T15:39:09.482+0000] {processor.py:914} INFO - Processing file /opt/airflow/dags/01_load_csv.py for tasks to queue
[2026-07-10T15:39:09.487+0000] {logging_mixin.py:190} INFO - [2026-07-10T15:39:09.487+0000] {dagbag.py:588} INFO - Filling up the DagBag from /opt/airflow/dags/01_load_csv.py
[2026-07-10T15:39:09.512+0000] {processor.py:925} INFO - DAG(s) '01_load_csv' retrieved from /opt/airflow/dags/01_load_csv.py
[2026-07-10T15:39:09.585+0000] {logging_mixin.py:190} INFO - [2026-07-10T15:39:09.585+0000] {dag.py:3239} INFO - Sync 1 DAGs
[2026-07-10T15:39:09.605+0000] {logging_mixin.py:190} INFO - [2026-07-10T15:39:09.605+0000] {dag.py:4180} INFO - Setting next_dagrun for 01_load_csv to None, run_after=None
[2026-07-10T15:39:09.643+0000] {processor.py:208} INFO - Processing /opt/airflow/dags/01_load_csv.py took 0.202 seconds
[2026-07-10T15:39:39.852+0000] {processor.py:186} INFO - Started process (PID=6117) to work on /opt/airflow/dags/01_load_csv.py
[2026-07-10T15:39:39.854+0000] {processor.py:914} INFO - Processing file /opt/airflow/dags/01_load_csv.py for tasks to queue
[2026-07-10T15:39:39.859+0000] {logging_mixin.py:190} INFO - [2026-07-10T15:39:39.858+0000] {dagbag.py:588} INFO - Filling up the DagBag from /opt/airflow/dags/01_load_csv.py
[2026-07-10T15:39:39.873+0000] {processor.py:925} INFO - DAG(s) '01_load_csv' retrieved from /opt/airflow/dags/01_load_csv.py
[2026-07-10T15:39:39.925+0000] {logging_mixin.py:190} INFO - [2026-07-10T15:39:39.924+0000] {dag.py:3239} INFO - Sync 1 DAGs
[2026-07-10T15:39:39.947+0000] {logging_mixin.py:190} INFO - [2026-07-10T15:39:39.947+0000] {dag.py:4180} INFO - Setting next_dagrun for 01_load_csv to None, run_after=None
[2026-07-10T15:39:39.971+0000] {processor.py:208} INFO - Processing /opt/airflow/dags/01_load_csv.py took 0.132 seconds
[2026-07-10T15:40:10.141+0000] {processor.py:186} INFO - Started process (PID=6167) to work on /opt/airflow/dags/01_load_csv.py
[2026-07-10T15:40:10.143+0000] {processor.py:914} INFO - Processing file /opt/airflow/dags/01_load_csv.py for tasks to queue
[2026-07-10T15:40:10.149+0000] {logging_mixin.py:190} INFO - [2026-07-10T15:40:10.148+0000] {dagbag.py:588} INFO - Filling up the DagBag from /opt/airflow/dags/01_load_csv.py
[2026-07-10T15:40:10.160+0000] {processor.py:925} INFO - DAG(s) '01_load_csv' retrieved from /opt/airflow/dags/01_load_csv.py
[2026-07-10T15:40:10.233+0000] {logging_mixin.py:190} INFO - [2026-07-10T15:40:10.232+0000] {dag.py:3239} INFO - Sync 1 DAGs
[2026-07-10T15:40:10.270+0000] {logging_mixin.py:190} INFO - [2026-07-10T15:40:10.270+0000] {dag.py:4180} INFO - Setting next_dagrun for 01_load_csv to None, run_after=None
[2026-07-10T15:40:10.316+0000] {processor.py:208} INFO - Processing /opt/airflow/dags/01_load_csv.py took 0.190 seconds
[2026-07-10T15:40:40.400+0000] {processor.py:186} INFO - Started process (PID=6217) to work on /opt/airflow/dags/01_load_csv.py
[2026-07-10T15:40:40.402+0000] {processor.py:914} INFO - Processing file /opt/airflow/dags/01_load_csv.py for tasks to queue
[2026-07-10T15:40:40.408+0000] {logging_mixin.py:190} INFO - [2026-07-10T15:40:40.407+0000] {dagbag.py:588} INFO - Filling up the DagBag from /opt/airflow/dags/01_load_csv.py
[2026-07-10T15:40:40.440+0000] {processor.py:925} INFO - DAG(s) '01_load_csv' retrieved from /opt/airflow/dags/01_load_csv.py
[2026-07-10T15:40:40.501+0000] {logging_mixin.py:190} INFO - [2026-07-10T15:40:40.501+0000] {dag.py:3239} INFO - Sync 1 DAGs
[2026-07-10T15:40:40.522+0000] {logging_mixin.py:190} INFO - [2026-07-10T15:40:40.522+0000] {dag.py:4180} INFO - Setting next_dagrun for 01_load_csv to None, run_after=None
[2026-07-10T15:40:40.547+0000] {processor.py:208} INFO - Processing /opt/airflow/dags/01_load_csv.py took 0.163 seconds
[2026-07-10T15:41:10.733+0000] {processor.py:186} INFO - Started process (PID=6267) to work on /opt/airflow/dags/01_load_csv.py
[2026-07-10T15:41:10.735+0000] {processor.py:914} INFO - Processing file /opt/airflow/dags/01_load_csv.py for tasks to queue
[2026-07-10T15:41:10.738+0000] {logging_mixin.py:190} INFO - [2026-07-10T15:41:10.738+0000] {dagbag.py:588} INFO - Filling up the DagBag from /opt/airflow/dags/01_load_csv.py
[2026-07-10T15:41:10.757+0000] {processor.py:925} INFO - DAG(s) '01_load_csv' retrieved from /opt/airflow/dags/01_load_csv.py
[2026-07-10T15:41:10.816+0000] {logging_mixin.py:190} INFO - [2026-07-10T15:41:10.815+0000] {dag.py:3239} INFO - Sync 1 DAGs
[2026-07-10T15:41:10.852+0000] {logging_mixin.py:190} INFO - [2026-07-10T15:41:10.852+0000] {dag.py:4180} INFO - Setting next_dagrun for 01_load_csv to None, run_after=None
[2026-07-10T15:41:10.894+0000] {processor.py:208} INFO - Processing /opt/airflow/dags/01_load_csv.py took 0.182 seconds
[2026-07-10T15:41:41.031+0000] {processor.py:186} INFO - Started process (PID=6317) to work on /opt/airflow/dags/01_load_csv.py
[2026-07-10T15:41:41.033+0000] {processor.py:914} INFO - Processing file /opt/airflow/dags/01_load_csv.py for tasks to queue
[2026-07-10T15:41:41.039+0000] {logging_mixin.py:190} INFO - [2026-07-10T15:41:41.039+0000] {dagbag.py:588} INFO - Filling up the DagBag from /opt/airflow/dags/01_load_csv.py
[2026-07-10T15:41:41.063+0000] {processor.py:925} INFO - DAG(s) '01_load_csv' retrieved from /opt/airflow/dags/01_load_csv.py
[2026-07-10T15:41:41.105+0000] {logging_mixin.py:190} INFO - [2026-07-10T15:41:41.104+0000] {dag.py:3239} INFO - Sync 1 DAGs
[2026-07-10T15:41:41.125+0000] {logging_mixin.py:190} INFO - [2026-07-10T15:41:41.125+0000] {dag.py:4180} INFO - Setting next_dagrun for 01_load_csv to None, run_after=None
[2026-07-10T15:41:41.157+0000] {processor.py:208} INFO - Processing /opt/airflow/dags/01_load_csv.py took 0.152 seconds
[2026-07-10T15:42:11.296+0000] {processor.py:186} INFO - Started process (PID=6367) to work on /opt/airflow/dags/01_load_csv.py
[2026-07-10T15:42:11.297+0000] {processor.py:914} INFO - Processing file /opt/airflow/dags/01_load_csv.py for tasks to queue
[2026-07-10T15:42:11.304+0000] {logging_mixin.py:190} INFO - [2026-07-10T15:42:11.302+0000] {dagbag.py:588} INFO - Filling up the DagBag from /opt/airflow/dags/01_load_csv.py
[2026-07-10T15:42:11.323+0000] {processor.py:925} INFO - DAG(s) '01_load_csv' retrieved from /opt/airflow/dags/01_load_csv.py
[2026-07-10T15:42:11.380+0000] {logging_mixin.py:190} INFO - [2026-07-10T15:42:11.379+0000] {dag.py:3239} INFO - Sync 1 DAGs
[2026-07-10T15:42:11.412+0000] {logging_mixin.py:190} INFO - [2026-07-10T15:42:11.412+0000] {dag.py:4180} INFO - Setting next_dagrun for 01_load_csv to None, run_after=None
[2026-07-10T15:42:11.441+0000] {processor.py:208} INFO - Processing /opt/airflow/dags/01_load_csv.py took 0.160 seconds
[2026-07-10T15:42:41.636+0000] {processor.py:186} INFO - Started process (PID=6417) to work on /opt/airflow/dags/01_load_csv.py
[2026-07-10T15:42:41.639+0000] {processor.py:914} INFO - Processing file /opt/airflow/dags/01_load_csv.py for tasks to queue
[2026-07-10T15:42:41.645+0000] {logging_mixin.py:190} INFO - [2026-07-10T15:42:41.644+0000] {dagbag.py:588} INFO - Filling up the DagBag from /opt/airflow/dags/01_load_csv.py
[2026-07-10T15:42:41.666+0000] {processor.py:925} INFO - DAG(s) '01_load_csv' retrieved from /opt/airflow/dags/01_load_csv.py
[2026-07-10T15:42:41.733+0000] {logging_mixin.py:190} INFO - [2026-07-10T15:42:41.732+0000] {dag.py:3239} INFO - Sync 1 DAGs
[2026-07-10T15:42:41.757+0000] {logging_mixin.py:190} INFO - [2026-07-10T15:42:41.757+0000] {dag.py:4180} INFO - Setting next_dagrun for 01_load_csv to None, run_after=None
[2026-07-10T15:42:41.790+0000] {processor.py:208} INFO - Processing /opt/airflow/dags/01_load_csv.py took 0.171 seconds
[2026-07-10T15:43:11.916+0000] {processor.py:186} INFO - Started process (PID=6467) to work on /opt/airflow/dags/01_load_csv.py
[2026-07-10T15:43:11.917+0000] {processor.py:914} INFO - Processing file /opt/airflow/dags/01_load_csv.py for tasks to queue
[2026-07-10T15:43:11.922+0000] {logging_mixin.py:190} INFO - [2026-07-10T15:43:11.921+0000] {dagbag.py:588} INFO - Filling up the DagBag from /opt/airflow/dags/01_load_csv.py
[2026-07-10T15:43:11.934+0000] {processor.py:925} INFO - DAG(s) '01_load_csv' retrieved from /opt/airflow/dags/01_load_csv.py
[2026-07-10T15:43:11.994+0000] {logging_mixin.py:190} INFO - [2026-07-10T15:43:11.994+0000] {dag.py:3239} INFO - Sync 1 DAGs
[2026-07-10T15:43:12.034+0000] {logging_mixin.py:190} INFO - [2026-07-10T15:43:12.033+0000] {dag.py:4180} INFO - Setting next_dagrun for 01_load_csv to None, run_after=None
[2026-07-10T15:43:12.084+0000] {processor.py:208} INFO - Processing /opt/airflow/dags/01_load_csv.py took 0.184 seconds
[2026-07-10T15:43:42.258+0000] {processor.py:186} INFO - Started process (PID=6517) to work on /opt/airflow/dags/01_load_csv.py
[2026-07-10T15:43:42.261+0000] {processor.py:914} INFO - Processing file /opt/airflow/dags/01_load_csv.py for tasks to queue
[2026-07-10T15:43:42.265+0000] {logging_mixin.py:190} INFO - [2026-07-10T15:43:42.265+0000] {dagbag.py:588} INFO - Filling up the DagBag from /opt/airflow/dags/01_load_csv.py
[2026-07-10T15:43:42.283+0000] {processor.py:925} INFO - DAG(s) '01_load_csv' retrieved from /opt/airflow/dags/01_load_csv.py
[2026-07-10T15:43:42.342+0000] {logging_mixin.py:190} INFO - [2026-07-10T15:43:42.341+0000] {dag.py:3239} INFO - Sync 1 DAGs
[2026-07-10T15:43:42.360+0000] {logging_mixin.py:190} INFO - [2026-07-10T15:43:42.360+0000] {dag.py:4180} INFO - Setting next_dagrun for 01_load_csv to None, run_after=None
[2026-07-10T15:43:42.384+0000] {processor.py:208} INFO - Processing /opt/airflow/dags/01_load_csv.py took 0.145 seconds
[2026-07-10T15:44:12.495+0000] {processor.py:186} INFO - Started process (PID=6567) to work on /opt/airflow/dags/01_load_csv.py
[2026-07-10T15:44:12.499+0000] {processor.py:914} INFO - Processing file /opt/airflow/dags/01_load_csv.py for tasks to queue
[2026-07-10T15:44:12.504+0000] {logging_mixin.py:190} INFO - [2026-07-10T15:44:12.503+0000] {dagbag.py:588} INFO - Filling up the DagBag from /opt/airflow/dags/01_load_csv.py
[2026-07-10T15:44:12.519+0000] {processor.py:925} INFO - DAG(s) '01_load_csv' retrieved from /opt/airflow/dags/01_load_csv.py
[2026-07-10T15:44:12.576+0000] {logging_mixin.py:190} INFO - [2026-07-10T15:44:12.575+0000] {dag.py:3239} INFO - Sync 1 DAGs
[2026-07-10T15:44:12.604+0000] {logging_mixin.py:190} INFO - [2026-07-10T15:44:12.604+0000] {dag.py:4180} INFO - Setting next_dagrun for 01_load_csv to None, run_after=None
[2026-07-10T15:44:12.649+0000] {processor.py:208} INFO - Processing /opt/airflow/dags/01_load_csv.py took 0.167 seconds
[2026-07-10T15:44:42.812+0000] {processor.py:186} INFO - Started process (PID=6617) to work on /opt/airflow/dags/01_load_csv.py
[2026-07-10T15:44:42.815+0000] {processor.py:914} INFO - Processing file /opt/airflow/dags/01_load_csv.py for tasks to queue
[2026-07-10T15:44:42.819+0000] {logging_mixin.py:190} INFO - [2026-07-10T15:44:42.819+0000] {dagbag.py:588} INFO - Filling up the DagBag from /opt/airflow/dags/01_load_csv.py
[2026-07-10T15:44:42.836+0000] {processor.py:925} INFO - DAG(s) '01_load_csv' retrieved from /opt/airflow/dags/01_load_csv.py
[2026-07-10T15:44:42.904+0000] {logging_mixin.py:190} INFO - [2026-07-10T15:44:42.904+0000] {dag.py:3239} INFO - Sync 1 DAGs
[2026-07-10T15:44:42.942+0000] {logging_mixin.py:190} INFO - [2026-07-10T15:44:42.941+0000] {dag.py:4180} INFO - Setting next_dagrun for 01_load_csv to None, run_after=None
[2026-07-10T15:44:42.972+0000] {processor.py:208} INFO - Processing /opt/airflow/dags/01_load_csv.py took 0.175 seconds
[2026-07-10T15:45:13.293+0000] {processor.py:186} INFO - Started process (PID=6667) to work on /opt/airflow/dags/01_load_csv.py
[2026-07-10T15:45:13.295+0000] {processor.py:914} INFO - Processing file /opt/airflow/dags/01_load_csv.py for tasks to queue
[2026-07-10T15:45:13.300+0000] {logging_mixin.py:190} INFO - [2026-07-10T15:45:13.300+0000] {dagbag.py:588} INFO - Filling up the DagBag from /opt/airflow/dags/01_load_csv.py
[2026-07-10T15:45:13.316+0000] {processor.py:925} INFO - DAG(s) '01_load_csv' retrieved from /opt/airflow/dags/01_load_csv.py
[2026-07-10T15:45:13.390+0000] {logging_mixin.py:190} INFO - [2026-07-10T15:45:13.389+0000] {dag.py:3239} INFO - Sync 1 DAGs
[2026-07-10T15:45:13.418+0000] {logging_mixin.py:190} INFO - [2026-07-10T15:45:13.418+0000] {dag.py:4180} INFO - Setting next_dagrun for 01_load_csv to None, run_after=None
[2026-07-10T15:45:13.448+0000] {processor.py:208} INFO - Processing /opt/airflow/dags/01_load_csv.py took 0.164 seconds
[2026-07-10T15:45:43.723+0000] {processor.py:186} INFO - Started process (PID=6717) to work on /opt/airflow/dags/01_load_csv.py
[2026-07-10T15:45:43.725+0000] {processor.py:914} INFO - Processing file /opt/airflow/dags/01_load_csv.py for tasks to queue
[2026-07-10T15:45:43.734+0000] {logging_mixin.py:190} INFO - [2026-07-10T15:45:43.733+0000] {dagbag.py:588} INFO - Filling up the DagBag from /opt/airflow/dags/01_load_csv.py
[2026-07-10T15:45:43.755+0000] {processor.py:925} INFO - DAG(s) '01_load_csv' retrieved from /opt/airflow/dags/01_load_csv.py
[2026-07-10T15:45:43.817+0000] {logging_mixin.py:190} INFO - [2026-07-10T15:45:43.816+0000] {dag.py:3239} INFO - Sync 1 DAGs
[2026-07-10T15:45:43.840+0000] {logging_mixin.py:190} INFO - [2026-07-10T15:45:43.840+0000] {dag.py:4180} INFO - Setting next_dagrun for 01_load_csv to None, run_after=None
[2026-07-10T15:45:43.874+0000] {processor.py:208} INFO - Processing /opt/airflow/dags/01_load_csv.py took 0.169 seconds
[2026-07-10T15:46:14.135+0000] {processor.py:186} INFO - Started process (PID=6767) to work on /opt/airflow/dags/01_load_csv.py
[2026-07-10T15:46:14.136+0000] {processor.py:914} INFO - Processing file /opt/airflow/dags/01_load_csv.py for tasks to queue
[2026-07-10T15:46:14.139+0000] {logging_mixin.py:190} INFO - [2026-07-10T15:46:14.139+0000] {dagbag.py:588} INFO - Filling up the DagBag from /opt/airflow/dags/01_load_csv.py
[2026-07-10T15:46:14.155+0000] {processor.py:925} INFO - DAG(s) '01_load_csv' retrieved from /opt/airflow/dags/01_load_csv.py
[2026-07-10T15:46:14.219+0000] {logging_mixin.py:190} INFO - [2026-07-10T15:46:14.219+0000] {dag.py:3239} INFO - Sync 1 DAGs
[2026-07-10T15:46:14.242+0000] {logging_mixin.py:190} INFO - [2026-07-10T15:46:14.242+0000] {dag.py:4180} INFO - Setting next_dagrun for 01_load_csv to None, run_after=None
[2026-07-10T15:46:14.280+0000] {processor.py:208} INFO - Processing /opt/airflow/dags/01_load_csv.py took 0.158 seconds
[2026-07-10T15:46:44.424+0000] {processor.py:186} INFO - Started process (PID=6817) to work on /opt/airflow/dags/01_load_csv.py
[2026-07-10T15:46:44.425+0000] {processor.py:914} INFO - Processing file /opt/airflow/dags/01_load_csv.py for tasks to queue
[2026-07-10T15:46:44.429+0000] {logging_mixin.py:190} INFO - [2026-07-10T15:46:44.428+0000] {dagbag.py:588} INFO - Filling up the DagBag from /opt/airflow/dags/01_load_csv.py
[2026-07-10T15:46:44.445+0000] {processor.py:925} INFO - DAG(s) '01_load_csv' retrieved from /opt/airflow/dags/01_load_csv.py
[2026-07-10T15:46:44.489+0000] {logging_mixin.py:190} INFO - [2026-07-10T15:46:44.488+0000] {dag.py:3239} INFO - Sync 1 DAGs
[2026-07-10T15:46:44.512+0000] {logging_mixin.py:190} INFO - [2026-07-10T15:46:44.512+0000] {dag.py:4180} INFO - Setting next_dagrun for 01_load_csv to None, run_after=None
[2026-07-10T15:46:44.540+0000] {processor.py:208} INFO - Processing /opt/airflow/dags/01_load_csv.py took 0.131 seconds
[2026-07-10T15:47:14.780+0000] {processor.py:186} INFO - Started process (PID=6866) to work on /opt/airflow/dags/01_load_csv.py
[2026-07-10T15:47:14.789+0000] {processor.py:914} INFO - Processing file /opt/airflow/dags/01_load_csv.py for tasks to queue
[2026-07-10T15:47:14.802+0000] {logging_mixin.py:190} INFO - [2026-07-10T15:47:14.801+0000] {dagbag.py:588} INFO - Filling up the DagBag from /opt/airflow/dags/01_load_csv.py
[2026-07-10T15:47:14.857+0000] {processor.py:925} INFO - DAG(s) '01_load_csv' retrieved from /opt/airflow/dags/01_load_csv.py
[2026-07-10T15:47:14.951+0000] {logging_mixin.py:190} INFO - [2026-07-10T15:47:14.950+0000] {dag.py:3239} INFO - Sync 1 DAGs
[2026-07-10T15:47:15.445+0000] {logging_mixin.py:190} INFO - [2026-07-10T15:47:15.392+0000] {dag.py:4180} INFO - Setting next_dagrun for 01_load_csv to None, run_after=None
[2026-07-10T15:47:15.573+0000] {processor.py:208} INFO - Processing /opt/airflow/dags/01_load_csv.py took 0.848 seconds
[2026-07-10T16:29:31.006+0000] {processor.py:186} INFO - Started process (PID=198) to work on /opt/airflow/dags/01_load_csv.py
[2026-07-10T16:29:31.008+0000] {processor.py:914} INFO - Processing file /opt/airflow/dags/01_load_csv.py for tasks to queue
[2026-07-10T16:29:31.013+0000] {logging_mixin.py:190} INFO - [2026-07-10T16:29:31.012+0000] {dagbag.py:588} INFO - Filling up the DagBag from /opt/airflow/dags/01_load_csv.py
[2026-07-10T16:29:31.028+0000] {processor.py:925} INFO - DAG(s) '01_load_csv' retrieved from /opt/airflow/dags/01_load_csv.py
[2026-07-10T16:29:31.200+0000] {logging_mixin.py:190} INFO - [2026-07-10T16:29:31.200+0000] {override.py:1911} INFO - Created Permission View: can delete on DAG:01_load_csv
[2026-07-10T16:29:31.217+0000] {logging_mixin.py:190} INFO - [2026-07-10T16:29:31.217+0000] {override.py:1911} INFO - Created Permission View: can read on DAG:01_load_csv
[2026-07-10T16:29:31.226+0000] {logging_mixin.py:190} INFO - [2026-07-10T16:29:31.225+0000] {override.py:1911} INFO - Created Permission View: can edit on DAG:01_load_csv
[2026-07-10T16:29:31.236+0000] {logging_mixin.py:190} INFO - [2026-07-10T16:29:31.236+0000] {override.py:1911} INFO - Created Permission View: can delete on DAG Run:01_load_csv
[2026-07-10T16:29:31.245+0000] {logging_mixin.py:190} INFO - [2026-07-10T16:29:31.245+0000] {override.py:1911} INFO - Created Permission View: can read on DAG Run:01_load_csv
[2026-07-10T16:29:31.254+0000] {logging_mixin.py:190} INFO - [2026-07-10T16:29:31.254+0000] {override.py:1911} INFO - Created Permission View: can create on DAG Run:01_load_csv
[2026-07-10T16:29:31.262+0000] {logging_mixin.py:190} INFO - [2026-07-10T16:29:31.262+0000] {override.py:1911} INFO - Created Permission View: menu access on DAG Run:01_load_csv
[2026-07-10T16:29:31.263+0000] {logging_mixin.py:190} INFO - [2026-07-10T16:29:31.262+0000] {dag.py:3239} INFO - Sync 1 DAGs
[2026-07-10T16:29:31.279+0000] {logging_mixin.py:190} INFO - [2026-07-10T16:29:31.279+0000] {dag.py:3262} INFO - Creating ORM DAG for 01_load_csv
[2026-07-10T16:29:31.280+0000] {logging_mixin.py:190} INFO - [2026-07-10T16:29:31.280+0000] {dag.py:4180} INFO - Setting next_dagrun for 01_load_csv to None, run_after=None
[2026-07-10T16:29:31.301+0000] {processor.py:208} INFO - Processing /opt/airflow/dags/01_load_csv.py took 0.304 seconds
[2026-07-10T16:30:01.939+0000] {processor.py:186} INFO - Started process (PID=248) to work on /opt/airflow/dags/01_load_csv.py
[2026-07-10T16:30:01.940+0000] {processor.py:914} INFO - Processing file /opt/airflow/dags/01_load_csv.py for tasks to queue
[2026-07-10T16:30:01.943+0000] {logging_mixin.py:190} INFO - [2026-07-10T16:30:01.943+0000] {dagbag.py:588} INFO - Filling up the DagBag from /opt/airflow/dags/01_load_csv.py
[2026-07-10T16:30:01.958+0000] {processor.py:925} INFO - DAG(s) '01_load_csv' retrieved from /opt/airflow/dags/01_load_csv.py
[2026-07-10T16:30:02.019+0000] {logging_mixin.py:190} INFO - [2026-07-10T16:30:02.018+0000] {dag.py:3239} INFO - Sync 1 DAGs
[2026-07-10T16:30:02.057+0000] {logging_mixin.py:190} INFO - [2026-07-10T16:30:02.056+0000] {dag.py:4180} INFO - Setting next_dagrun for 01_load_csv to None, run_after=None
[2026-07-10T16:30:02.097+0000] {processor.py:208} INFO - Processing /opt/airflow/dags/01_load_csv.py took 0.167 seconds
[2026-07-10T16:30:32.245+0000] {processor.py:186} INFO - Started process (PID=298) to work on /opt/airflow/dags/01_load_csv.py
[2026-07-10T16:30:32.246+0000] {processor.py:914} INFO - Processing file /opt/airflow/dags/01_load_csv.py for tasks to queue
[2026-07-10T16:30:32.252+0000] {logging_mixin.py:190} INFO - [2026-07-10T16:30:32.250+0000] {dagbag.py:588} INFO - Filling up the DagBag from /opt/airflow/dags/01_load_csv.py
[2026-07-10T16:30:32.262+0000] {processor.py:925} INFO - DAG(s) '01_load_csv' retrieved from /opt/airflow/dags/01_load_csv.py
[2026-07-10T16:30:32.306+0000] {logging_mixin.py:190} INFO - [2026-07-10T16:30:32.305+0000] {dag.py:3239} INFO - Sync 1 DAGs
[2026-07-10T16:30:32.338+0000] {logging_mixin.py:190} INFO - [2026-07-10T16:30:32.338+0000] {dag.py:4180} INFO - Setting next_dagrun for 01_load_csv to None, run_after=None
[2026-07-10T16:30:32.384+0000] {processor.py:208} INFO - Processing /opt/airflow/dags/01_load_csv.py took 0.151 seconds
[2026-07-10T16:31:02.745+0000] {processor.py:186} INFO - Started process (PID=357) to work on /opt/airflow/dags/01_load_csv.py
[2026-07-10T16:31:02.747+0000] {processor.py:914} INFO - Processing file /opt/airflow/dags/01_load_csv.py for tasks to queue
[2026-07-10T16:31:02.750+0000] {logging_mixin.py:190} INFO - [2026-07-10T16:31:02.749+0000] {dagbag.py:588} INFO - Filling up the DagBag from /opt/airflow/dags/01_load_csv.py
[2026-07-10T16:31:02.765+0000] {processor.py:925} INFO - DAG(s) '01_load_csv' retrieved from /opt/airflow/dags/01_load_csv.py
[2026-07-10T16:31:02.817+0000] {logging_mixin.py:190} INFO - [2026-07-10T16:31:02.817+0000] {dag.py:3239} INFO - Sync 1 DAGs
[2026-07-10T16:31:02.842+0000] {logging_mixin.py:190} INFO - [2026-07-10T16:31:02.842+0000] {dag.py:4180} INFO - Setting next_dagrun for 01_load_csv to None, run_after=None
[2026-07-10T16:31:02.897+0000] {processor.py:208} INFO - Processing /opt/airflow/dags/01_load_csv.py took 0.162 seconds
[2026-07-10T16:31:32.997+0000] {processor.py:186} INFO - Started process (PID=407) to work on /opt/airflow/dags/01_load_csv.py
[2026-07-10T16:31:32.999+0000] {processor.py:914} INFO - Processing file /opt/airflow/dags/01_load_csv.py for tasks to queue
[2026-07-10T16:31:33.004+0000] {logging_mixin.py:190} INFO - [2026-07-10T16:31:33.003+0000] {dagbag.py:588} INFO - Filling up the DagBag from /opt/airflow/dags/01_load_csv.py
[2026-07-10T16:31:33.027+0000] {processor.py:925} INFO - DAG(s) '01_load_csv' retrieved from /opt/airflow/dags/01_load_csv.py
[2026-07-10T16:31:33.088+0000] {logging_mixin.py:190} INFO - [2026-07-10T16:31:33.087+0000] {dag.py:3239} INFO - Sync 1 DAGs
[2026-07-10T16:31:33.114+0000] {logging_mixin.py:190} INFO - [2026-07-10T16:31:33.114+0000] {dag.py:4180} INFO - Setting next_dagrun for 01_load_csv to None, run_after=None
[2026-07-10T16:31:33.143+0000] {processor.py:208} INFO - Processing /opt/airflow/dags/01_load_csv.py took 0.160 seconds
[2026-07-10T16:32:05.790+0000] {processor.py:186} INFO - Started process (PID=459) to work on /opt/airflow/dags/01_load_csv.py
[2026-07-10T16:32:05.792+0000] {processor.py:914} INFO - Processing file /opt/airflow/dags/01_load_csv.py for tasks to queue
[2026-07-10T16:32:05.798+0000] {logging_mixin.py:190} INFO - [2026-07-10T16:32:05.797+0000] {dagbag.py:588} INFO - Filling up the DagBag from /opt/airflow/dags/01_load_csv.py
[2026-07-10T16:32:05.822+0000] {processor.py:925} INFO - DAG(s) '01_load_csv' retrieved from /opt/airflow/dags/01_load_csv.py
[2026-07-10T16:32:05.904+0000] {logging_mixin.py:190} INFO - [2026-07-10T16:32:05.904+0000] {dag.py:3239} INFO - Sync 1 DAGs
[2026-07-10T16:32:06.240+0000] {logging_mixin.py:190} INFO - [2026-07-10T16:32:06.239+0000] {dag.py:4180} INFO - Setting next_dagrun for 01_load_csv to None, run_after=None
[2026-07-10T16:32:06.261+0000] {processor.py:208} INFO - Processing /opt/airflow/dags/01_load_csv.py took 0.481 seconds
[2026-07-10T16:32:36.849+0000] {processor.py:186} INFO - Started process (PID=509) to work on /opt/airflow/dags/01_load_csv.py
[2026-07-10T16:32:36.851+0000] {processor.py:914} INFO - Processing file /opt/airflow/dags/01_load_csv.py for tasks to queue
[2026-07-10T16:32:36.861+0000] {logging_mixin.py:190} INFO - [2026-07-10T16:32:36.858+0000] {dagbag.py:588} INFO - Filling up the DagBag from /opt/airflow/dags/01_load_csv.py
[2026-07-10T16:32:36.884+0000] {processor.py:925} INFO - DAG(s) '01_load_csv' retrieved from /opt/airflow/dags/01_load_csv.py
[2026-07-10T16:32:36.959+0000] {logging_mixin.py:190} INFO - [2026-07-10T16:32:36.958+0000] {dag.py:3239} INFO - Sync 1 DAGs
[2026-07-10T16:32:36.988+0000] {logging_mixin.py:190} INFO - [2026-07-10T16:32:36.987+0000] {dag.py:4180} INFO - Setting next_dagrun for 01_load_csv to None, run_after=None
[2026-07-10T16:32:37.024+0000] {processor.py:208} INFO - Processing /opt/airflow/dags/01_load_csv.py took 0.188 seconds
[2026-07-10T16:33:07.284+0000] {processor.py:186} INFO - Started process (PID=557) to work on /opt/airflow/dags/01_load_csv.py
[2026-07-10T16:33:07.287+0000] {processor.py:914} INFO - Processing file /opt/airflow/dags/01_load_csv.py for tasks to queue
[2026-07-10T16:33:07.291+0000] {logging_mixin.py:190} INFO - [2026-07-10T16:33:07.290+0000] {dagbag.py:588} INFO - Filling up the DagBag from /opt/airflow/dags/01_load_csv.py
[2026-07-10T16:33:07.305+0000] {processor.py:925} INFO - DAG(s) '01_load_csv' retrieved from /opt/airflow/dags/01_load_csv.py
[2026-07-10T16:33:07.347+0000] {logging_mixin.py:190} INFO - [2026-07-10T16:33:07.347+0000] {dag.py:3239} INFO - Sync 1 DAGs
[2026-07-10T16:33:07.571+0000] {logging_mixin.py:190} INFO - [2026-07-10T16:33:07.571+0000] {dag.py:4180} INFO - Setting next_dagrun for 01_load_csv to None, run_after=None
[2026-07-10T16:33:07.596+0000] {processor.py:208} INFO - Processing /opt/airflow/dags/01_load_csv.py took 0.324 seconds
[2026-07-10T16:33:38.642+0000] {processor.py:186} INFO - Started process (PID=609) to work on /opt/airflow/dags/01_load_csv.py
[2026-07-10T16:33:38.657+0000] {processor.py:914} INFO - Processing file /opt/airflow/dags/01_load_csv.py for tasks to queue
[2026-07-10T16:33:38.671+0000] {logging_mixin.py:190} INFO - [2026-07-10T16:33:38.670+0000] {dagbag.py:588} INFO - Filling up the DagBag from /opt/airflow/dags/01_load_csv.py
[2026-07-10T16:33:38.705+0000] {processor.py:925} INFO - DAG(s) '01_load_csv' retrieved from /opt/airflow/dags/01_load_csv.py
[2026-07-10T16:33:38.775+0000] {logging_mixin.py:190} INFO - [2026-07-10T16:33:38.775+0000] {dag.py:3239} INFO - Sync 1 DAGs
[2026-07-10T16:33:38.804+0000] {logging_mixin.py:190} INFO - [2026-07-10T16:33:38.804+0000] {dag.py:4180} INFO - Setting next_dagrun for 01_load_csv to None, run_after=None
[2026-07-10T16:33:38.841+0000] {processor.py:208} INFO - Processing /opt/airflow/dags/01_load_csv.py took 0.232 seconds
[2026-07-10T16:34:08.942+0000] {processor.py:186} INFO - Started process (PID=659) to work on /opt/airflow/dags/01_load_csv.py
[2026-07-10T16:34:08.944+0000] {processor.py:914} INFO - Processing file /opt/airflow/dags/01_load_csv.py for tasks to queue
[2026-07-10T16:34:08.953+0000] {logging_mixin.py:190} INFO - [2026-07-10T16:34:08.952+0000] {dagbag.py:588} INFO - Filling up the DagBag from /opt/airflow/dags/01_load_csv.py
[2026-07-10T16:34:08.987+0000] {processor.py:925} INFO - DAG(s) '01_load_csv' retrieved from /opt/airflow/dags/01_load_csv.py
[2026-07-10T16:34:09.089+0000] {logging_mixin.py:190} INFO - [2026-07-10T16:34:09.089+0000] {dag.py:3239} INFO - Sync 1 DAGs
[2026-07-10T16:34:09.110+0000] {logging_mixin.py:190} INFO - [2026-07-10T16:34:09.110+0000] {dag.py:4180} INFO - Setting next_dagrun for 01_load_csv to None, run_after=None
[2026-07-10T16:34:09.132+0000] {processor.py:208} INFO - Processing /opt/airflow/dags/01_load_csv.py took 0.214 seconds
[2026-07-10T16:34:39.634+0000] {processor.py:186} INFO - Started process (PID=709) to work on /opt/airflow/dags/01_load_csv.py
[2026-07-10T16:34:39.636+0000] {processor.py:914} INFO - Processing file /opt/airflow/dags/01_load_csv.py for tasks to queue
[2026-07-10T16:34:39.641+0000] {logging_mixin.py:190} INFO - [2026-07-10T16:34:39.641+0000] {dagbag.py:588} INFO - Filling up the DagBag from /opt/airflow/dags/01_load_csv.py
[2026-07-10T16:34:39.664+0000] {processor.py:925} INFO - DAG(s) '01_load_csv' retrieved from /opt/airflow/dags/01_load_csv.py
[2026-07-10T16:34:39.723+0000] {logging_mixin.py:190} INFO - [2026-07-10T16:34:39.723+0000] {dag.py:3239} INFO - Sync 1 DAGs
[2026-07-10T16:34:39.742+0000] {logging_mixin.py:190} INFO - [2026-07-10T16:34:39.742+0000] {dag.py:4180} INFO - Setting next_dagrun for 01_load_csv to None, run_after=None
[2026-07-10T16:34:39.770+0000] {processor.py:208} INFO - Processing /opt/airflow/dags/01_load_csv.py took 0.161 seconds
[2026-07-10T16:35:10.169+0000] {processor.py:186} INFO - Started process (PID=759) to work on /opt/airflow/dags/01_load_csv.py
[2026-07-10T16:35:10.171+0000] {processor.py:914} INFO - Processing file /opt/airflow/dags/01_load_csv.py for tasks to queue
[2026-07-10T16:35:10.175+0000] {logging_mixin.py:190} INFO - [2026-07-10T16:35:10.174+0000] {dagbag.py:588} INFO - Filling up the DagBag from /opt/airflow/dags/01_load_csv.py
[2026-07-10T16:35:10.207+0000] {processor.py:925} INFO - DAG(s) '01_load_csv' retrieved from /opt/airflow/dags/01_load_csv.py
[2026-07-10T16:35:10.275+0000] {logging_mixin.py:190} INFO - [2026-07-10T16:35:10.274+0000] {dag.py:3239} INFO - Sync 1 DAGs
[2026-07-10T16:35:10.318+0000] {logging_mixin.py:190} INFO - [2026-07-10T16:35:10.318+0000] {dag.py:4180} INFO - Setting next_dagrun for 01_load_csv to None, run_after=None
[2026-07-10T16:35:10.357+0000] {processor.py:208} INFO - Processing /opt/airflow/dags/01_load_csv.py took 0.210 seconds
[2026-07-10T16:39:19.249+0000] {processor.py:186} INFO - Started process (PID=198) to work on /opt/airflow/dags/01_load_csv.py
[2026-07-10T16:39:19.251+0000] {processor.py:914} INFO - Processing file /opt/airflow/dags/01_load_csv.py for tasks to queue
[2026-07-10T16:39:19.255+0000] {logging_mixin.py:190} INFO - [2026-07-10T16:39:19.254+0000] {dagbag.py:588} INFO - Filling up the DagBag from /opt/airflow/dags/01_load_csv.py
[2026-07-10T16:39:19.268+0000] {processor.py:925} INFO - DAG(s) '01_load_csv' retrieved from /opt/airflow/dags/01_load_csv.py
[2026-07-10T16:39:19.441+0000] {logging_mixin.py:190} INFO - [2026-07-10T16:39:19.440+0000] {override.py:1911} INFO - Created Permission View: can edit on DAG:01_load_csv
[2026-07-10T16:39:19.452+0000] {logging_mixin.py:190} INFO - [2026-07-10T16:39:19.452+0000] {override.py:1911} INFO - Created Permission View: can delete on DAG:01_load_csv
[2026-07-10T16:39:19.461+0000] {logging_mixin.py:190} INFO - [2026-07-10T16:39:19.461+0000] {override.py:1911} INFO - Created Permission View: can read on DAG:01_load_csv
[2026-07-10T16:39:19.471+0000] {logging_mixin.py:190} INFO - [2026-07-10T16:39:19.471+0000] {override.py:1911} INFO - Created Permission View: can delete on DAG Run:01_load_csv
[2026-07-10T16:39:19.484+0000] {logging_mixin.py:190} INFO - [2026-07-10T16:39:19.483+0000] {override.py:1911} INFO - Created Permission View: menu access on DAG Run:01_load_csv
[2026-07-10T16:39:19.499+0000] {logging_mixin.py:190} INFO - [2026-07-10T16:39:19.498+0000] {override.py:1911} INFO - Created Permission View: can create on DAG Run:01_load_csv
[2026-07-10T16:39:19.507+0000] {logging_mixin.py:190} INFO - [2026-07-10T16:39:19.507+0000] {override.py:1911} INFO - Created Permission View: can read on DAG Run:01_load_csv
[2026-07-10T16:39:19.507+0000] {logging_mixin.py:190} INFO - [2026-07-10T16:39:19.507+0000] {dag.py:3239} INFO - Sync 1 DAGs
[2026-07-10T16:39:19.524+0000] {logging_mixin.py:190} INFO - [2026-07-10T16:39:19.524+0000] {dag.py:3262} INFO - Creating ORM DAG for 01_load_csv
[2026-07-10T16:39:19.525+0000] {logging_mixin.py:190} INFO - [2026-07-10T16:39:19.525+0000] {dag.py:4180} INFO - Setting next_dagrun for 01_load_csv to None, run_after=None
[2026-07-10T16:39:19.548+0000] {processor.py:208} INFO - Processing /opt/airflow/dags/01_load_csv.py took 0.308 seconds
[2026-07-10T16:39:50.056+0000] {processor.py:186} INFO - Started process (PID=248) to work on /opt/airflow/dags/01_load_csv.py
[2026-07-10T16:39:50.057+0000] {processor.py:914} INFO - Processing file /opt/airflow/dags/01_load_csv.py for tasks to queue
[2026-07-10T16:39:50.059+0000] {logging_mixin.py:190} INFO - [2026-07-10T16:39:50.059+0000] {dagbag.py:588} INFO - Filling up the DagBag from /opt/airflow/dags/01_load_csv.py
[2026-07-10T16:39:50.067+0000] {processor.py:925} INFO - DAG(s) '01_load_csv' retrieved from /opt/airflow/dags/01_load_csv.py
[2026-07-10T16:39:50.109+0000] {logging_mixin.py:190} INFO - [2026-07-10T16:39:50.109+0000] {dag.py:3239} INFO - Sync 1 DAGs
[2026-07-10T16:39:50.128+0000] {logging_mixin.py:190} INFO - [2026-07-10T16:39:50.127+0000] {dag.py:4180} INFO - Setting next_dagrun for 01_load_csv to None, run_after=None
[2026-07-10T16:39:50.148+0000] {processor.py:208} INFO - Processing /opt/airflow/dags/01_load_csv.py took 0.099 seconds
[2026-07-10T16:40:20.640+0000] {processor.py:186} INFO - Started process (PID=296) to work on /opt/airflow/dags/01_load_csv.py
[2026-07-10T16:40:20.643+0000] {processor.py:914} INFO - Processing file /opt/airflow/dags/01_load_csv.py for tasks to queue
[2026-07-10T16:40:20.650+0000] {logging_mixin.py:190} INFO - [2026-07-10T16:40:20.649+0000] {dagbag.py:588} INFO - Filling up the DagBag from /opt/airflow/dags/01_load_csv.py
[2026-07-10T16:40:20.671+0000] {processor.py:925} INFO - DAG(s) '01_load_csv' retrieved from /opt/airflow/dags/01_load_csv.py
[2026-07-10T16:40:20.752+0000] {logging_mixin.py:190} INFO - [2026-07-10T16:40:20.751+0000] {dag.py:3239} INFO - Sync 1 DAGs
[2026-07-10T16:40:20.784+0000] {logging_mixin.py:190} INFO - [2026-07-10T16:40:20.783+0000] {dag.py:4180} INFO - Setting next_dagrun for 01_load_csv to None, run_after=None
[2026-07-10T16:40:20.813+0000] {processor.py:208} INFO - Processing /opt/airflow/dags/01_load_csv.py took 0.191 seconds
