[2026-07-10T00:00:01.329+0000] {processor.py:186} INFO - Started process (PID=8978) to work on /opt/airflow/dags/02_sql_transform.py
[2026-07-10T00:00:01.336+0000] {processor.py:914} INFO - Processing file /opt/airflow/dags/02_sql_transform.py for tasks to queue
[2026-07-10T00:00:01.366+0000] {logging_mixin.py:190} INFO - [2026-07-10T00:00:01.362+0000] {dagbag.py:588} INFO - Filling up the DagBag from /opt/airflow/dags/02_sql_transform.py
[2026-07-10T00:00:01.397+0000] {processor.py:925} INFO - DAG(s) '02_sql_transform' retrieved from /opt/airflow/dags/02_sql_transform.py
[2026-07-10T00:00:01.455+0000] {logging_mixin.py:190} INFO - [2026-07-10T00:00:01.454+0000] {dag.py:3239} INFO - Sync 1 DAGs
[2026-07-10T00:00:01.481+0000] {logging_mixin.py:190} INFO - [2026-07-10T00:00:01.480+0000] {dag.py:4180} INFO - Setting next_dagrun for 02_sql_transform to None, run_after=None
[2026-07-10T00:00:01.506+0000] {processor.py:208} INFO - Processing /opt/airflow/dags/02_sql_transform.py took 0.239 seconds
[2026-07-10T00:00:32.077+0000] {processor.py:186} INFO - Started process (PID=9013) to work on /opt/airflow/dags/02_sql_transform.py
[2026-07-10T00:00:32.081+0000] {processor.py:914} INFO - Processing file /opt/airflow/dags/02_sql_transform.py for tasks to queue
[2026-07-10T00:00:32.095+0000] {logging_mixin.py:190} INFO - [2026-07-10T00:00:32.092+0000] {dagbag.py:588} INFO - Filling up the DagBag from /opt/airflow/dags/02_sql_transform.py
[2026-07-10T00:00:32.140+0000] {processor.py:925} INFO - DAG(s) '02_sql_transform' retrieved from /opt/airflow/dags/02_sql_transform.py
[2026-07-10T00:00:32.241+0000] {logging_mixin.py:190} INFO - [2026-07-10T00:00:32.241+0000] {dag.py:3239} INFO - Sync 1 DAGs
[2026-07-10T00:00:32.278+0000] {logging_mixin.py:190} INFO - [2026-07-10T00:00:32.277+0000] {dag.py:4180} INFO - Setting next_dagrun for 02_sql_transform to None, run_after=None
[2026-07-10T00:00:32.319+0000] {processor.py:208} INFO - Processing /opt/airflow/dags/02_sql_transform.py took 0.267 seconds
[2026-07-10T00:01:03.338+0000] {processor.py:186} INFO - Started process (PID=9048) to work on /opt/airflow/dags/02_sql_transform.py
[2026-07-10T00:01:03.348+0000] {processor.py:914} INFO - Processing file /opt/airflow/dags/02_sql_transform.py for tasks to queue
[2026-07-10T00:01:03.369+0000] {logging_mixin.py:190} INFO - [2026-07-10T00:01:03.366+0000] {dagbag.py:588} INFO - Filling up the DagBag from /opt/airflow/dags/02_sql_transform.py
[2026-07-10T00:01:03.416+0000] {processor.py:925} INFO - DAG(s) '02_sql_transform' retrieved from /opt/airflow/dags/02_sql_transform.py
[2026-07-10T00:01:03.536+0000] {logging_mixin.py:190} INFO - [2026-07-10T00:01:03.535+0000] {dag.py:3239} INFO - Sync 1 DAGs
[2026-07-10T00:01:03.563+0000] {logging_mixin.py:190} INFO - [2026-07-10T00:01:03.562+0000] {dag.py:4180} INFO - Setting next_dagrun for 02_sql_transform to None, run_after=None
[2026-07-10T00:01:03.592+0000] {processor.py:208} INFO - Processing /opt/airflow/dags/02_sql_transform.py took 0.297 seconds
[2026-07-10T00:01:34.313+0000] {processor.py:186} INFO - Started process (PID=9083) to work on /opt/airflow/dags/02_sql_transform.py
[2026-07-10T00:01:34.316+0000] {processor.py:914} INFO - Processing file /opt/airflow/dags/02_sql_transform.py for tasks to queue
[2026-07-10T00:01:34.328+0000] {logging_mixin.py:190} INFO - [2026-07-10T00:01:34.326+0000] {dagbag.py:588} INFO - Filling up the DagBag from /opt/airflow/dags/02_sql_transform.py
[2026-07-10T00:01:34.361+0000] {processor.py:925} INFO - DAG(s) '02_sql_transform' retrieved from /opt/airflow/dags/02_sql_transform.py
[2026-07-10T00:01:34.412+0000] {logging_mixin.py:190} INFO - [2026-07-10T00:01:34.412+0000] {dag.py:3239} INFO - Sync 1 DAGs
[2026-07-10T00:01:34.436+0000] {logging_mixin.py:190} INFO - [2026-07-10T00:01:34.436+0000] {dag.py:4180} INFO - Setting next_dagrun for 02_sql_transform to None, run_after=None
[2026-07-10T00:01:34.463+0000] {processor.py:208} INFO - Processing /opt/airflow/dags/02_sql_transform.py took 0.188 seconds
[2026-07-10T00:02:05.220+0000] {processor.py:186} INFO - Started process (PID=9118) to work on /opt/airflow/dags/02_sql_transform.py
[2026-07-10T00:02:05.224+0000] {processor.py:914} INFO - Processing file /opt/airflow/dags/02_sql_transform.py for tasks to queue
[2026-07-10T00:02:05.234+0000] {logging_mixin.py:190} INFO - [2026-07-10T00:02:05.233+0000] {dagbag.py:588} INFO - Filling up the DagBag from /opt/airflow/dags/02_sql_transform.py
[2026-07-10T00:02:05.264+0000] {processor.py:925} INFO - DAG(s) '02_sql_transform' retrieved from /opt/airflow/dags/02_sql_transform.py
[2026-07-10T00:02:05.311+0000] {logging_mixin.py:190} INFO - [2026-07-10T00:02:05.311+0000] {dag.py:3239} INFO - Sync 1 DAGs
[2026-07-10T00:02:05.333+0000] {logging_mixin.py:190} INFO - [2026-07-10T00:02:05.333+0000] {dag.py:4180} INFO - Setting next_dagrun for 02_sql_transform to None, run_after=None
[2026-07-10T00:02:05.357+0000] {processor.py:208} INFO - Processing /opt/airflow/dags/02_sql_transform.py took 0.166 seconds
[2026-07-10T00:02:36.066+0000] {processor.py:186} INFO - Started process (PID=9153) to work on /opt/airflow/dags/02_sql_transform.py
[2026-07-10T00:02:36.067+0000] {processor.py:914} INFO - Processing file /opt/airflow/dags/02_sql_transform.py for tasks to queue
[2026-07-10T00:02:36.070+0000] {logging_mixin.py:190} INFO - [2026-07-10T00:02:36.070+0000] {dagbag.py:588} INFO - Filling up the DagBag from /opt/airflow/dags/02_sql_transform.py
[2026-07-10T00:02:36.080+0000] {processor.py:925} INFO - DAG(s) '02_sql_transform' retrieved from /opt/airflow/dags/02_sql_transform.py
[2026-07-10T00:02:36.134+0000] {logging_mixin.py:190} INFO - [2026-07-10T00:02:36.133+0000] {dag.py:3239} INFO - Sync 1 DAGs
[2026-07-10T00:02:36.154+0000] {logging_mixin.py:190} INFO - [2026-07-10T00:02:36.154+0000] {dag.py:4180} INFO - Setting next_dagrun for 02_sql_transform to None, run_after=None
[2026-07-10T00:02:36.184+0000] {processor.py:208} INFO - Processing /opt/airflow/dags/02_sql_transform.py took 0.126 seconds
[2026-07-10T00:03:06.310+0000] {processor.py:186} INFO - Started process (PID=9188) to work on /opt/airflow/dags/02_sql_transform.py
[2026-07-10T00:03:06.316+0000] {processor.py:914} INFO - Processing file /opt/airflow/dags/02_sql_transform.py for tasks to queue
[2026-07-10T00:03:06.332+0000] {logging_mixin.py:190} INFO - [2026-07-10T00:03:06.330+0000] {dagbag.py:588} INFO - Filling up the DagBag from /opt/airflow/dags/02_sql_transform.py
[2026-07-10T00:03:06.361+0000] {processor.py:925} INFO - DAG(s) '02_sql_transform' retrieved from /opt/airflow/dags/02_sql_transform.py
[2026-07-10T00:03:06.411+0000] {logging_mixin.py:190} INFO - [2026-07-10T00:03:06.410+0000] {dag.py:3239} INFO - Sync 1 DAGs
[2026-07-10T00:03:06.432+0000] {logging_mixin.py:190} INFO - [2026-07-10T00:03:06.432+0000] {dag.py:4180} INFO - Setting next_dagrun for 02_sql_transform to None, run_after=None
[2026-07-10T00:03:06.461+0000] {processor.py:208} INFO - Processing /opt/airflow/dags/02_sql_transform.py took 0.193 seconds
[2026-07-10T00:03:36.496+0000] {processor.py:186} INFO - Started process (PID=9223) to work on /opt/airflow/dags/02_sql_transform.py
[2026-07-10T00:03:36.497+0000] {processor.py:914} INFO - Processing file /opt/airflow/dags/02_sql_transform.py for tasks to queue
[2026-07-10T00:03:36.499+0000] {logging_mixin.py:190} INFO - [2026-07-10T00:03:36.498+0000] {dagbag.py:588} INFO - Filling up the DagBag from /opt/airflow/dags/02_sql_transform.py
[2026-07-10T00:03:36.507+0000] {processor.py:925} INFO - DAG(s) '02_sql_transform' retrieved from /opt/airflow/dags/02_sql_transform.py
[2026-07-10T00:03:36.566+0000] {logging_mixin.py:190} INFO - [2026-07-10T00:03:36.565+0000] {dag.py:3239} INFO - Sync 1 DAGs
[2026-07-10T00:03:36.591+0000] {logging_mixin.py:190} INFO - [2026-07-10T00:03:36.590+0000] {dag.py:4180} INFO - Setting next_dagrun for 02_sql_transform to None, run_after=None
[2026-07-10T00:03:36.616+0000] {processor.py:208} INFO - Processing /opt/airflow/dags/02_sql_transform.py took 0.126 seconds
[2026-07-10T00:04:07.717+0000] {processor.py:186} INFO - Started process (PID=9258) to work on /opt/airflow/dags/02_sql_transform.py
[2026-07-10T00:04:07.723+0000] {processor.py:914} INFO - Processing file /opt/airflow/dags/02_sql_transform.py for tasks to queue
[2026-07-10T00:04:07.727+0000] {logging_mixin.py:190} INFO - [2026-07-10T00:04:07.727+0000] {dagbag.py:588} INFO - Filling up the DagBag from /opt/airflow/dags/02_sql_transform.py
[2026-07-10T00:04:07.746+0000] {processor.py:925} INFO - DAG(s) '02_sql_transform' retrieved from /opt/airflow/dags/02_sql_transform.py
[2026-07-10T00:04:07.796+0000] {logging_mixin.py:190} INFO - [2026-07-10T00:04:07.796+0000] {dag.py:3239} INFO - Sync 1 DAGs
[2026-07-10T00:04:07.816+0000] {logging_mixin.py:190} INFO - [2026-07-10T00:04:07.816+0000] {dag.py:4180} INFO - Setting next_dagrun for 02_sql_transform to None, run_after=None
[2026-07-10T00:04:07.843+0000] {processor.py:208} INFO - Processing /opt/airflow/dags/02_sql_transform.py took 0.203 seconds
[2026-07-10T00:04:38.456+0000] {processor.py:186} INFO - Started process (PID=9293) to work on /opt/airflow/dags/02_sql_transform.py
[2026-07-10T00:04:38.457+0000] {processor.py:914} INFO - Processing file /opt/airflow/dags/02_sql_transform.py for tasks to queue
[2026-07-10T00:04:38.460+0000] {logging_mixin.py:190} INFO - [2026-07-10T00:04:38.460+0000] {dagbag.py:588} INFO - Filling up the DagBag from /opt/airflow/dags/02_sql_transform.py
[2026-07-10T00:04:38.474+0000] {processor.py:925} INFO - DAG(s) '02_sql_transform' retrieved from /opt/airflow/dags/02_sql_transform.py
[2026-07-10T00:04:38.530+0000] {logging_mixin.py:190} INFO - [2026-07-10T00:04:38.530+0000] {dag.py:3239} INFO - Sync 1 DAGs
[2026-07-10T00:04:38.568+0000] {logging_mixin.py:190} INFO - [2026-07-10T00:04:38.567+0000] {dag.py:4180} INFO - Setting next_dagrun for 02_sql_transform to None, run_after=None
[2026-07-10T00:04:38.606+0000] {processor.py:208} INFO - Processing /opt/airflow/dags/02_sql_transform.py took 0.161 seconds
[2026-07-10T00:05:09.216+0000] {processor.py:186} INFO - Started process (PID=9337) to work on /opt/airflow/dags/02_sql_transform.py
[2026-07-10T00:05:09.220+0000] {processor.py:914} INFO - Processing file /opt/airflow/dags/02_sql_transform.py for tasks to queue
[2026-07-10T00:05:09.226+0000] {logging_mixin.py:190} INFO - [2026-07-10T00:05:09.225+0000] {dagbag.py:588} INFO - Filling up the DagBag from /opt/airflow/dags/02_sql_transform.py
[2026-07-10T00:05:09.243+0000] {processor.py:925} INFO - DAG(s) '02_sql_transform' retrieved from /opt/airflow/dags/02_sql_transform.py
[2026-07-10T00:05:09.331+0000] {logging_mixin.py:190} INFO - [2026-07-10T00:05:09.330+0000] {dag.py:3239} INFO - Sync 1 DAGs
[2026-07-10T00:05:09.388+0000] {logging_mixin.py:190} INFO - [2026-07-10T00:05:09.387+0000] {dag.py:4180} INFO - Setting next_dagrun for 02_sql_transform to None, run_after=None
[2026-07-10T00:05:09.424+0000] {processor.py:208} INFO - Processing /opt/airflow/dags/02_sql_transform.py took 0.222 seconds
[2026-07-10T00:05:40.415+0000] {processor.py:186} INFO - Started process (PID=9372) to work on /opt/airflow/dags/02_sql_transform.py
[2026-07-10T00:05:40.418+0000] {processor.py:914} INFO - Processing file /opt/airflow/dags/02_sql_transform.py for tasks to queue
[2026-07-10T00:05:40.426+0000] {logging_mixin.py:190} INFO - [2026-07-10T00:05:40.424+0000] {dagbag.py:588} INFO - Filling up the DagBag from /opt/airflow/dags/02_sql_transform.py
[2026-07-10T00:05:40.459+0000] {processor.py:925} INFO - DAG(s) '02_sql_transform' retrieved from /opt/airflow/dags/02_sql_transform.py
[2026-07-10T00:05:40.509+0000] {logging_mixin.py:190} INFO - [2026-07-10T00:05:40.508+0000] {dag.py:3239} INFO - Sync 1 DAGs
[2026-07-10T00:05:40.527+0000] {logging_mixin.py:190} INFO - [2026-07-10T00:05:40.527+0000] {dag.py:4180} INFO - Setting next_dagrun for 02_sql_transform to None, run_after=None
[2026-07-10T00:05:40.549+0000] {processor.py:208} INFO - Processing /opt/airflow/dags/02_sql_transform.py took 0.168 seconds
[2026-07-10T00:06:11.450+0000] {processor.py:186} INFO - Started process (PID=9407) to work on /opt/airflow/dags/02_sql_transform.py
[2026-07-10T00:06:11.453+0000] {processor.py:914} INFO - Processing file /opt/airflow/dags/02_sql_transform.py for tasks to queue
[2026-07-10T00:06:11.459+0000] {logging_mixin.py:190} INFO - [2026-07-10T00:06:11.457+0000] {dagbag.py:588} INFO - Filling up the DagBag from /opt/airflow/dags/02_sql_transform.py
[2026-07-10T00:06:11.478+0000] {processor.py:925} INFO - DAG(s) '02_sql_transform' retrieved from /opt/airflow/dags/02_sql_transform.py
[2026-07-10T00:06:11.549+0000] {logging_mixin.py:190} INFO - [2026-07-10T00:06:11.548+0000] {dag.py:3239} INFO - Sync 1 DAGs
[2026-07-10T00:06:11.580+0000] {logging_mixin.py:190} INFO - [2026-07-10T00:06:11.580+0000] {dag.py:4180} INFO - Setting next_dagrun for 02_sql_transform to None, run_after=None
[2026-07-10T00:06:11.620+0000] {processor.py:208} INFO - Processing /opt/airflow/dags/02_sql_transform.py took 0.236 seconds
[2026-07-10T00:06:42.582+0000] {processor.py:186} INFO - Started process (PID=9442) to work on /opt/airflow/dags/02_sql_transform.py
[2026-07-10T00:06:42.583+0000] {processor.py:914} INFO - Processing file /opt/airflow/dags/02_sql_transform.py for tasks to queue
[2026-07-10T00:06:42.586+0000] {logging_mixin.py:190} INFO - [2026-07-10T00:06:42.586+0000] {dagbag.py:588} INFO - Filling up the DagBag from /opt/airflow/dags/02_sql_transform.py
[2026-07-10T00:06:42.605+0000] {processor.py:925} INFO - DAG(s) '02_sql_transform' retrieved from /opt/airflow/dags/02_sql_transform.py
[2026-07-10T00:06:42.658+0000] {logging_mixin.py:190} INFO - [2026-07-10T00:06:42.658+0000] {dag.py:3239} INFO - Sync 1 DAGs
[2026-07-10T00:06:42.682+0000] {logging_mixin.py:190} INFO - [2026-07-10T00:06:42.681+0000] {dag.py:4180} INFO - Setting next_dagrun for 02_sql_transform to None, run_after=None
[2026-07-10T00:06:42.706+0000] {processor.py:208} INFO - Processing /opt/airflow/dags/02_sql_transform.py took 0.133 seconds
[2026-07-10T00:07:13.706+0000] {processor.py:186} INFO - Started process (PID=9477) to work on /opt/airflow/dags/02_sql_transform.py
[2026-07-10T00:07:13.714+0000] {processor.py:914} INFO - Processing file /opt/airflow/dags/02_sql_transform.py for tasks to queue
[2026-07-10T00:07:13.727+0000] {logging_mixin.py:190} INFO - [2026-07-10T00:07:13.726+0000] {dagbag.py:588} INFO - Filling up the DagBag from /opt/airflow/dags/02_sql_transform.py
[2026-07-10T00:07:13.753+0000] {processor.py:925} INFO - DAG(s) '02_sql_transform' retrieved from /opt/airflow/dags/02_sql_transform.py
[2026-07-10T00:07:13.827+0000] {logging_mixin.py:190} INFO - [2026-07-10T00:07:13.826+0000] {dag.py:3239} INFO - Sync 1 DAGs
[2026-07-10T00:07:13.857+0000] {logging_mixin.py:190} INFO - [2026-07-10T00:07:13.856+0000] {dag.py:4180} INFO - Setting next_dagrun for 02_sql_transform to None, run_after=None
[2026-07-10T00:07:13.892+0000] {processor.py:208} INFO - Processing /opt/airflow/dags/02_sql_transform.py took 0.258 seconds
[2026-07-10T00:07:44.007+0000] {processor.py:186} INFO - Started process (PID=9512) to work on /opt/airflow/dags/02_sql_transform.py
[2026-07-10T00:07:44.011+0000] {processor.py:914} INFO - Processing file /opt/airflow/dags/02_sql_transform.py for tasks to queue
[2026-07-10T00:07:44.016+0000] {logging_mixin.py:190} INFO - [2026-07-10T00:07:44.014+0000] {dagbag.py:588} INFO - Filling up the DagBag from /opt/airflow/dags/02_sql_transform.py
[2026-07-10T00:07:44.031+0000] {processor.py:925} INFO - DAG(s) '02_sql_transform' retrieved from /opt/airflow/dags/02_sql_transform.py
[2026-07-10T00:07:44.094+0000] {logging_mixin.py:190} INFO - [2026-07-10T00:07:44.093+0000] {dag.py:3239} INFO - Sync 1 DAGs
[2026-07-10T00:07:44.123+0000] {logging_mixin.py:190} INFO - [2026-07-10T00:07:44.122+0000] {dag.py:4180} INFO - Setting next_dagrun for 02_sql_transform to None, run_after=None
[2026-07-10T00:07:44.153+0000] {processor.py:208} INFO - Processing /opt/airflow/dags/02_sql_transform.py took 0.157 seconds
[2026-07-10T00:08:14.666+0000] {processor.py:186} INFO - Started process (PID=9547) to work on /opt/airflow/dags/02_sql_transform.py
[2026-07-10T00:08:14.672+0000] {processor.py:914} INFO - Processing file /opt/airflow/dags/02_sql_transform.py for tasks to queue
[2026-07-10T00:08:14.684+0000] {logging_mixin.py:190} INFO - [2026-07-10T00:08:14.680+0000] {dagbag.py:588} INFO - Filling up the DagBag from /opt/airflow/dags/02_sql_transform.py
[2026-07-10T00:08:14.726+0000] {processor.py:925} INFO - DAG(s) '02_sql_transform' retrieved from /opt/airflow/dags/02_sql_transform.py
[2026-07-10T00:08:14.810+0000] {logging_mixin.py:190} INFO - [2026-07-10T00:08:14.810+0000] {dag.py:3239} INFO - Sync 1 DAGs
[2026-07-10T00:08:14.840+0000] {logging_mixin.py:190} INFO - [2026-07-10T00:08:14.838+0000] {dag.py:4180} INFO - Setting next_dagrun for 02_sql_transform to None, run_after=None
[2026-07-10T00:08:14.865+0000] {processor.py:208} INFO - Processing /opt/airflow/dags/02_sql_transform.py took 0.237 seconds
[2026-07-10T00:08:45.293+0000] {processor.py:186} INFO - Started process (PID=9592) to work on /opt/airflow/dags/02_sql_transform.py
[2026-07-10T00:08:45.295+0000] {processor.py:914} INFO - Processing file /opt/airflow/dags/02_sql_transform.py for tasks to queue
[2026-07-10T00:08:45.302+0000] {logging_mixin.py:190} INFO - [2026-07-10T00:08:45.300+0000] {dagbag.py:588} INFO - Filling up the DagBag from /opt/airflow/dags/02_sql_transform.py
[2026-07-10T00:08:45.317+0000] {processor.py:925} INFO - DAG(s) '02_sql_transform' retrieved from /opt/airflow/dags/02_sql_transform.py
[2026-07-10T00:08:45.364+0000] {logging_mixin.py:190} INFO - [2026-07-10T00:08:45.363+0000] {dag.py:3239} INFO - Sync 1 DAGs
[2026-07-10T00:08:45.389+0000] {logging_mixin.py:190} INFO - [2026-07-10T00:08:45.389+0000] {dag.py:4180} INFO - Setting next_dagrun for 02_sql_transform to None, run_after=None
[2026-07-10T00:08:45.414+0000] {processor.py:208} INFO - Processing /opt/airflow/dags/02_sql_transform.py took 0.135 seconds
[2026-07-10T00:09:16.069+0000] {processor.py:186} INFO - Started process (PID=9622) to work on /opt/airflow/dags/02_sql_transform.py
[2026-07-10T00:09:16.072+0000] {processor.py:914} INFO - Processing file /opt/airflow/dags/02_sql_transform.py for tasks to queue
[2026-07-10T00:09:16.076+0000] {logging_mixin.py:190} INFO - [2026-07-10T00:09:16.075+0000] {dagbag.py:588} INFO - Filling up the DagBag from /opt/airflow/dags/02_sql_transform.py
[2026-07-10T00:09:16.095+0000] {processor.py:925} INFO - DAG(s) '02_sql_transform' retrieved from /opt/airflow/dags/02_sql_transform.py
[2026-07-10T00:09:16.190+0000] {logging_mixin.py:190} INFO - [2026-07-10T00:09:16.190+0000] {dag.py:3239} INFO - Sync 1 DAGs
[2026-07-10T00:09:16.219+0000] {logging_mixin.py:190} INFO - [2026-07-10T00:09:16.219+0000] {dag.py:4180} INFO - Setting next_dagrun for 02_sql_transform to None, run_after=None
[2026-07-10T00:09:16.255+0000] {processor.py:208} INFO - Processing /opt/airflow/dags/02_sql_transform.py took 0.201 seconds
[2026-07-10T00:09:46.367+0000] {processor.py:186} INFO - Started process (PID=9666) to work on /opt/airflow/dags/02_sql_transform.py
[2026-07-10T00:09:46.368+0000] {processor.py:914} INFO - Processing file /opt/airflow/dags/02_sql_transform.py for tasks to queue
[2026-07-10T00:09:46.371+0000] {logging_mixin.py:190} INFO - [2026-07-10T00:09:46.371+0000] {dagbag.py:588} INFO - Filling up the DagBag from /opt/airflow/dags/02_sql_transform.py
[2026-07-10T00:09:46.382+0000] {processor.py:925} INFO - DAG(s) '02_sql_transform' retrieved from /opt/airflow/dags/02_sql_transform.py
[2026-07-10T00:09:46.430+0000] {logging_mixin.py:190} INFO - [2026-07-10T00:09:46.429+0000] {dag.py:3239} INFO - Sync 1 DAGs
[2026-07-10T00:09:46.449+0000] {logging_mixin.py:190} INFO - [2026-07-10T00:09:46.449+0000] {dag.py:4180} INFO - Setting next_dagrun for 02_sql_transform to None, run_after=None
[2026-07-10T00:09:46.481+0000] {processor.py:208} INFO - Processing /opt/airflow/dags/02_sql_transform.py took 0.122 seconds
[2026-07-10T00:10:16.610+0000] {processor.py:186} INFO - Started process (PID=9701) to work on /opt/airflow/dags/02_sql_transform.py
[2026-07-10T00:10:16.612+0000] {processor.py:914} INFO - Processing file /opt/airflow/dags/02_sql_transform.py for tasks to queue
[2026-07-10T00:10:16.617+0000] {logging_mixin.py:190} INFO - [2026-07-10T00:10:16.616+0000] {dagbag.py:588} INFO - Filling up the DagBag from /opt/airflow/dags/02_sql_transform.py
[2026-07-10T00:10:16.636+0000] {processor.py:925} INFO - DAG(s) '02_sql_transform' retrieved from /opt/airflow/dags/02_sql_transform.py
[2026-07-10T00:10:16.700+0000] {logging_mixin.py:190} INFO - [2026-07-10T00:10:16.699+0000] {dag.py:3239} INFO - Sync 1 DAGs
[2026-07-10T00:10:16.733+0000] {logging_mixin.py:190} INFO - [2026-07-10T00:10:16.732+0000] {dag.py:4180} INFO - Setting next_dagrun for 02_sql_transform to None, run_after=None
[2026-07-10T00:10:16.760+0000] {processor.py:208} INFO - Processing /opt/airflow/dags/02_sql_transform.py took 0.160 seconds
[2026-07-10T00:10:46.921+0000] {processor.py:186} INFO - Started process (PID=9736) to work on /opt/airflow/dags/02_sql_transform.py
[2026-07-10T00:10:46.925+0000] {processor.py:914} INFO - Processing file /opt/airflow/dags/02_sql_transform.py for tasks to queue
[2026-07-10T00:10:46.934+0000] {logging_mixin.py:190} INFO - [2026-07-10T00:10:46.932+0000] {dagbag.py:588} INFO - Filling up the DagBag from /opt/airflow/dags/02_sql_transform.py
[2026-07-10T00:10:46.954+0000] {processor.py:925} INFO - DAG(s) '02_sql_transform' retrieved from /opt/airflow/dags/02_sql_transform.py
[2026-07-10T00:10:47.003+0000] {logging_mixin.py:190} INFO - [2026-07-10T00:10:47.003+0000] {dag.py:3239} INFO - Sync 1 DAGs
[2026-07-10T00:10:47.024+0000] {logging_mixin.py:190} INFO - [2026-07-10T00:10:47.023+0000] {dag.py:4180} INFO - Setting next_dagrun for 02_sql_transform to None, run_after=None
[2026-07-10T00:10:47.048+0000] {processor.py:208} INFO - Processing /opt/airflow/dags/02_sql_transform.py took 0.156 seconds
[2026-07-10T00:11:17.797+0000] {processor.py:186} INFO - Started process (PID=9771) to work on /opt/airflow/dags/02_sql_transform.py
[2026-07-10T00:11:17.806+0000] {processor.py:914} INFO - Processing file /opt/airflow/dags/02_sql_transform.py for tasks to queue
[2026-07-10T00:11:17.823+0000] {logging_mixin.py:190} INFO - [2026-07-10T00:11:17.821+0000] {dagbag.py:588} INFO - Filling up the DagBag from /opt/airflow/dags/02_sql_transform.py
[2026-07-10T00:11:17.854+0000] {processor.py:925} INFO - DAG(s) '02_sql_transform' retrieved from /opt/airflow/dags/02_sql_transform.py
[2026-07-10T00:11:17.914+0000] {logging_mixin.py:190} INFO - [2026-07-10T00:11:17.913+0000] {dag.py:3239} INFO - Sync 1 DAGs
[2026-07-10T00:11:17.935+0000] {logging_mixin.py:190} INFO - [2026-07-10T00:11:17.935+0000] {dag.py:4180} INFO - Setting next_dagrun for 02_sql_transform to None, run_after=None
[2026-07-10T00:11:17.961+0000] {processor.py:208} INFO - Processing /opt/airflow/dags/02_sql_transform.py took 0.216 seconds
[2026-07-10T00:11:48.866+0000] {processor.py:186} INFO - Started process (PID=9806) to work on /opt/airflow/dags/02_sql_transform.py
[2026-07-10T00:11:48.867+0000] {processor.py:914} INFO - Processing file /opt/airflow/dags/02_sql_transform.py for tasks to queue
[2026-07-10T00:11:48.870+0000] {logging_mixin.py:190} INFO - [2026-07-10T00:11:48.870+0000] {dagbag.py:588} INFO - Filling up the DagBag from /opt/airflow/dags/02_sql_transform.py
[2026-07-10T00:11:48.882+0000] {processor.py:925} INFO - DAG(s) '02_sql_transform' retrieved from /opt/airflow/dags/02_sql_transform.py
[2026-07-10T00:11:48.922+0000] {logging_mixin.py:190} INFO - [2026-07-10T00:11:48.922+0000] {dag.py:3239} INFO - Sync 1 DAGs
[2026-07-10T00:11:48.941+0000] {logging_mixin.py:190} INFO - [2026-07-10T00:11:48.941+0000] {dag.py:4180} INFO - Setting next_dagrun for 02_sql_transform to None, run_after=None
[2026-07-10T00:11:48.966+0000] {processor.py:208} INFO - Processing /opt/airflow/dags/02_sql_transform.py took 0.110 seconds
[2026-07-10T00:12:19.940+0000] {processor.py:186} INFO - Started process (PID=9841) to work on /opt/airflow/dags/02_sql_transform.py
[2026-07-10T00:12:19.942+0000] {processor.py:914} INFO - Processing file /opt/airflow/dags/02_sql_transform.py for tasks to queue
[2026-07-10T00:12:19.947+0000] {logging_mixin.py:190} INFO - [2026-07-10T00:12:19.946+0000] {dagbag.py:588} INFO - Filling up the DagBag from /opt/airflow/dags/02_sql_transform.py
[2026-07-10T00:12:19.961+0000] {processor.py:925} INFO - DAG(s) '02_sql_transform' retrieved from /opt/airflow/dags/02_sql_transform.py
[2026-07-10T00:12:19.997+0000] {logging_mixin.py:190} INFO - [2026-07-10T00:12:19.997+0000] {dag.py:3239} INFO - Sync 1 DAGs
[2026-07-10T00:12:20.016+0000] {logging_mixin.py:190} INFO - [2026-07-10T00:12:20.015+0000] {dag.py:4180} INFO - Setting next_dagrun for 02_sql_transform to None, run_after=None
[2026-07-10T00:12:20.040+0000] {processor.py:208} INFO - Processing /opt/airflow/dags/02_sql_transform.py took 0.121 seconds
[2026-07-10T00:12:50.976+0000] {processor.py:186} INFO - Started process (PID=9876) to work on /opt/airflow/dags/02_sql_transform.py
[2026-07-10T00:12:50.979+0000] {processor.py:914} INFO - Processing file /opt/airflow/dags/02_sql_transform.py for tasks to queue
[2026-07-10T00:12:50.986+0000] {logging_mixin.py:190} INFO - [2026-07-10T00:12:50.985+0000] {dagbag.py:588} INFO - Filling up the DagBag from /opt/airflow/dags/02_sql_transform.py
[2026-07-10T00:12:51.004+0000] {processor.py:925} INFO - DAG(s) '02_sql_transform' retrieved from /opt/airflow/dags/02_sql_transform.py
[2026-07-10T00:12:51.088+0000] {logging_mixin.py:190} INFO - [2026-07-10T00:12:51.087+0000] {dag.py:3239} INFO - Sync 1 DAGs
[2026-07-10T00:12:51.108+0000] {logging_mixin.py:190} INFO - [2026-07-10T00:12:51.107+0000] {dag.py:4180} INFO - Setting next_dagrun for 02_sql_transform to None, run_after=None
[2026-07-10T00:12:51.133+0000] {processor.py:208} INFO - Processing /opt/airflow/dags/02_sql_transform.py took 0.187 seconds
[2026-07-10T00:13:22.160+0000] {processor.py:186} INFO - Started process (PID=9911) to work on /opt/airflow/dags/02_sql_transform.py
[2026-07-10T00:13:22.170+0000] {processor.py:914} INFO - Processing file /opt/airflow/dags/02_sql_transform.py for tasks to queue
[2026-07-10T00:13:22.186+0000] {logging_mixin.py:190} INFO - [2026-07-10T00:13:22.182+0000] {dagbag.py:588} INFO - Filling up the DagBag from /opt/airflow/dags/02_sql_transform.py
[2026-07-10T00:13:22.210+0000] {processor.py:925} INFO - DAG(s) '02_sql_transform' retrieved from /opt/airflow/dags/02_sql_transform.py
[2026-07-10T00:13:22.258+0000] {logging_mixin.py:190} INFO - [2026-07-10T00:13:22.258+0000] {dag.py:3239} INFO - Sync 1 DAGs
[2026-07-10T00:13:22.274+0000] {logging_mixin.py:190} INFO - [2026-07-10T00:13:22.274+0000] {dag.py:4180} INFO - Setting next_dagrun for 02_sql_transform to None, run_after=None
[2026-07-10T00:13:22.294+0000] {processor.py:208} INFO - Processing /opt/airflow/dags/02_sql_transform.py took 0.182 seconds
[2026-07-10T00:13:53.185+0000] {processor.py:186} INFO - Started process (PID=9946) to work on /opt/airflow/dags/02_sql_transform.py
[2026-07-10T00:13:53.191+0000] {processor.py:914} INFO - Processing file /opt/airflow/dags/02_sql_transform.py for tasks to queue
[2026-07-10T00:13:53.203+0000] {logging_mixin.py:190} INFO - [2026-07-10T00:13:53.201+0000] {dagbag.py:588} INFO - Filling up the DagBag from /opt/airflow/dags/02_sql_transform.py
[2026-07-10T00:13:53.239+0000] {processor.py:925} INFO - DAG(s) '02_sql_transform' retrieved from /opt/airflow/dags/02_sql_transform.py
[2026-07-10T00:13:53.362+0000] {logging_mixin.py:190} INFO - [2026-07-10T00:13:53.361+0000] {dag.py:3239} INFO - Sync 1 DAGs
[2026-07-10T00:13:53.394+0000] {logging_mixin.py:190} INFO - [2026-07-10T00:13:53.393+0000] {dag.py:4180} INFO - Setting next_dagrun for 02_sql_transform to None, run_after=None
[2026-07-10T00:13:53.457+0000] {processor.py:208} INFO - Processing /opt/airflow/dags/02_sql_transform.py took 0.310 seconds
[2026-07-10T00:14:24.331+0000] {processor.py:186} INFO - Started process (PID=9981) to work on /opt/airflow/dags/02_sql_transform.py
[2026-07-10T00:14:24.336+0000] {processor.py:914} INFO - Processing file /opt/airflow/dags/02_sql_transform.py for tasks to queue
[2026-07-10T00:14:24.343+0000] {logging_mixin.py:190} INFO - [2026-07-10T00:14:24.341+0000] {dagbag.py:588} INFO - Filling up the DagBag from /opt/airflow/dags/02_sql_transform.py
[2026-07-10T00:14:24.363+0000] {processor.py:925} INFO - DAG(s) '02_sql_transform' retrieved from /opt/airflow/dags/02_sql_transform.py
[2026-07-10T00:14:24.410+0000] {logging_mixin.py:190} INFO - [2026-07-10T00:14:24.410+0000] {dag.py:3239} INFO - Sync 1 DAGs
[2026-07-10T00:14:24.430+0000] {logging_mixin.py:190} INFO - [2026-07-10T00:14:24.430+0000] {dag.py:4180} INFO - Setting next_dagrun for 02_sql_transform to None, run_after=None
[2026-07-10T00:14:24.456+0000] {processor.py:208} INFO - Processing /opt/airflow/dags/02_sql_transform.py took 0.153 seconds
[2026-07-10T00:14:55.437+0000] {processor.py:186} INFO - Started process (PID=10016) to work on /opt/airflow/dags/02_sql_transform.py
[2026-07-10T00:14:55.445+0000] {processor.py:914} INFO - Processing file /opt/airflow/dags/02_sql_transform.py for tasks to queue
[2026-07-10T00:14:55.459+0000] {logging_mixin.py:190} INFO - [2026-07-10T00:14:55.458+0000] {dagbag.py:588} INFO - Filling up the DagBag from /opt/airflow/dags/02_sql_transform.py
[2026-07-10T00:14:55.482+0000] {processor.py:925} INFO - DAG(s) '02_sql_transform' retrieved from /opt/airflow/dags/02_sql_transform.py
[2026-07-10T00:14:55.560+0000] {logging_mixin.py:190} INFO - [2026-07-10T00:14:55.559+0000] {dag.py:3239} INFO - Sync 1 DAGs
[2026-07-10T00:14:55.602+0000] {logging_mixin.py:190} INFO - [2026-07-10T00:14:55.601+0000] {dag.py:4180} INFO - Setting next_dagrun for 02_sql_transform to None, run_after=None
[2026-07-10T00:14:55.632+0000] {processor.py:208} INFO - Processing /opt/airflow/dags/02_sql_transform.py took 0.230 seconds
[2026-07-10T00:15:26.483+0000] {processor.py:186} INFO - Started process (PID=10051) to work on /opt/airflow/dags/02_sql_transform.py
[2026-07-10T00:15:26.487+0000] {processor.py:914} INFO - Processing file /opt/airflow/dags/02_sql_transform.py for tasks to queue
[2026-07-10T00:15:26.497+0000] {logging_mixin.py:190} INFO - [2026-07-10T00:15:26.496+0000] {dagbag.py:588} INFO - Filling up the DagBag from /opt/airflow/dags/02_sql_transform.py
[2026-07-10T00:15:26.516+0000] {processor.py:925} INFO - DAG(s) '02_sql_transform' retrieved from /opt/airflow/dags/02_sql_transform.py
[2026-07-10T00:15:26.562+0000] {logging_mixin.py:190} INFO - [2026-07-10T00:15:26.562+0000] {dag.py:3239} INFO - Sync 1 DAGs
[2026-07-10T00:15:26.582+0000] {logging_mixin.py:190} INFO - [2026-07-10T00:15:26.581+0000] {dag.py:4180} INFO - Setting next_dagrun for 02_sql_transform to None, run_after=None
[2026-07-10T00:15:26.609+0000] {processor.py:208} INFO - Processing /opt/airflow/dags/02_sql_transform.py took 0.178 seconds
[2026-07-10T00:15:57.430+0000] {processor.py:186} INFO - Started process (PID=10086) to work on /opt/airflow/dags/02_sql_transform.py
[2026-07-10T00:15:57.435+0000] {processor.py:914} INFO - Processing file /opt/airflow/dags/02_sql_transform.py for tasks to queue
[2026-07-10T00:15:57.446+0000] {logging_mixin.py:190} INFO - [2026-07-10T00:15:57.441+0000] {dagbag.py:588} INFO - Filling up the DagBag from /opt/airflow/dags/02_sql_transform.py
[2026-07-10T00:15:57.466+0000] {processor.py:925} INFO - DAG(s) '02_sql_transform' retrieved from /opt/airflow/dags/02_sql_transform.py
[2026-07-10T00:15:57.537+0000] {logging_mixin.py:190} INFO - [2026-07-10T00:15:57.536+0000] {dag.py:3239} INFO - Sync 1 DAGs
[2026-07-10T00:15:57.563+0000] {logging_mixin.py:190} INFO - [2026-07-10T00:15:57.562+0000] {dag.py:4180} INFO - Setting next_dagrun for 02_sql_transform to None, run_after=None
[2026-07-10T00:15:57.597+0000] {processor.py:208} INFO - Processing /opt/airflow/dags/02_sql_transform.py took 0.222 seconds
[2026-07-10T00:16:28.504+0000] {processor.py:186} INFO - Started process (PID=10121) to work on /opt/airflow/dags/02_sql_transform.py
[2026-07-10T00:16:28.510+0000] {processor.py:914} INFO - Processing file /opt/airflow/dags/02_sql_transform.py for tasks to queue
[2026-07-10T00:16:28.519+0000] {logging_mixin.py:190} INFO - [2026-07-10T00:16:28.518+0000] {dagbag.py:588} INFO - Filling up the DagBag from /opt/airflow/dags/02_sql_transform.py
[2026-07-10T00:16:28.534+0000] {processor.py:925} INFO - DAG(s) '02_sql_transform' retrieved from /opt/airflow/dags/02_sql_transform.py
[2026-07-10T00:16:28.586+0000] {logging_mixin.py:190} INFO - [2026-07-10T00:16:28.586+0000] {dag.py:3239} INFO - Sync 1 DAGs
[2026-07-10T00:16:28.611+0000] {logging_mixin.py:190} INFO - [2026-07-10T00:16:28.611+0000] {dag.py:4180} INFO - Setting next_dagrun for 02_sql_transform to None, run_after=None
[2026-07-10T00:16:28.644+0000] {processor.py:208} INFO - Processing /opt/airflow/dags/02_sql_transform.py took 0.155 seconds
[2026-07-10T00:16:59.457+0000] {processor.py:186} INFO - Started process (PID=10156) to work on /opt/airflow/dags/02_sql_transform.py
[2026-07-10T00:16:59.458+0000] {processor.py:914} INFO - Processing file /opt/airflow/dags/02_sql_transform.py for tasks to queue
[2026-07-10T00:16:59.465+0000] {logging_mixin.py:190} INFO - [2026-07-10T00:16:59.464+0000] {dagbag.py:588} INFO - Filling up the DagBag from /opt/airflow/dags/02_sql_transform.py
[2026-07-10T00:16:59.485+0000] {processor.py:925} INFO - DAG(s) '02_sql_transform' retrieved from /opt/airflow/dags/02_sql_transform.py
[2026-07-10T00:16:59.536+0000] {logging_mixin.py:190} INFO - [2026-07-10T00:16:59.536+0000] {dag.py:3239} INFO - Sync 1 DAGs
[2026-07-10T00:16:59.555+0000] {logging_mixin.py:190} INFO - [2026-07-10T00:16:59.555+0000] {dag.py:4180} INFO - Setting next_dagrun for 02_sql_transform to None, run_after=None
[2026-07-10T00:16:59.580+0000] {processor.py:208} INFO - Processing /opt/airflow/dags/02_sql_transform.py took 0.157 seconds
[2026-07-10T00:17:29.742+0000] {processor.py:186} INFO - Started process (PID=10191) to work on /opt/airflow/dags/02_sql_transform.py
[2026-07-10T00:17:29.745+0000] {processor.py:914} INFO - Processing file /opt/airflow/dags/02_sql_transform.py for tasks to queue
[2026-07-10T00:17:29.751+0000] {logging_mixin.py:190} INFO - [2026-07-10T00:17:29.750+0000] {dagbag.py:588} INFO - Filling up the DagBag from /opt/airflow/dags/02_sql_transform.py
[2026-07-10T00:17:29.769+0000] {processor.py:925} INFO - DAG(s) '02_sql_transform' retrieved from /opt/airflow/dags/02_sql_transform.py
[2026-07-10T00:17:29.828+0000] {logging_mixin.py:190} INFO - [2026-07-10T00:17:29.828+0000] {dag.py:3239} INFO - Sync 1 DAGs
[2026-07-10T00:17:29.854+0000] {logging_mixin.py:190} INFO - [2026-07-10T00:17:29.853+0000] {dag.py:4180} INFO - Setting next_dagrun for 02_sql_transform to None, run_after=None
[2026-07-10T00:17:29.881+0000] {processor.py:208} INFO - Processing /opt/airflow/dags/02_sql_transform.py took 0.171 seconds
[2026-07-10T00:18:00.095+0000] {processor.py:186} INFO - Started process (PID=10226) to work on /opt/airflow/dags/02_sql_transform.py
[2026-07-10T00:18:00.101+0000] {processor.py:914} INFO - Processing file /opt/airflow/dags/02_sql_transform.py for tasks to queue
[2026-07-10T00:18:00.113+0000] {logging_mixin.py:190} INFO - [2026-07-10T00:18:00.112+0000] {dagbag.py:588} INFO - Filling up the DagBag from /opt/airflow/dags/02_sql_transform.py
[2026-07-10T00:18:00.138+0000] {processor.py:925} INFO - DAG(s) '02_sql_transform' retrieved from /opt/airflow/dags/02_sql_transform.py
[2026-07-10T00:18:00.185+0000] {logging_mixin.py:190} INFO - [2026-07-10T00:18:00.185+0000] {dag.py:3239} INFO - Sync 1 DAGs
[2026-07-10T00:18:00.205+0000] {logging_mixin.py:190} INFO - [2026-07-10T00:18:00.205+0000] {dag.py:4180} INFO - Setting next_dagrun for 02_sql_transform to None, run_after=None
[2026-07-10T00:18:00.229+0000] {processor.py:208} INFO - Processing /opt/airflow/dags/02_sql_transform.py took 0.184 seconds
[2026-07-10T00:18:30.340+0000] {processor.py:186} INFO - Started process (PID=10261) to work on /opt/airflow/dags/02_sql_transform.py
[2026-07-10T00:18:30.342+0000] {processor.py:914} INFO - Processing file /opt/airflow/dags/02_sql_transform.py for tasks to queue
[2026-07-10T00:18:30.345+0000] {logging_mixin.py:190} INFO - [2026-07-10T00:18:30.345+0000] {dagbag.py:588} INFO - Filling up the DagBag from /opt/airflow/dags/02_sql_transform.py
[2026-07-10T00:18:30.357+0000] {processor.py:925} INFO - DAG(s) '02_sql_transform' retrieved from /opt/airflow/dags/02_sql_transform.py
[2026-07-10T00:18:30.404+0000] {logging_mixin.py:190} INFO - [2026-07-10T00:18:30.404+0000] {dag.py:3239} INFO - Sync 1 DAGs
[2026-07-10T00:18:30.427+0000] {logging_mixin.py:190} INFO - [2026-07-10T00:18:30.426+0000] {dag.py:4180} INFO - Setting next_dagrun for 02_sql_transform to None, run_after=None
[2026-07-10T00:18:30.454+0000] {processor.py:208} INFO - Processing /opt/airflow/dags/02_sql_transform.py took 0.125 seconds
[2026-07-10T00:19:01.360+0000] {processor.py:186} INFO - Started process (PID=10294) to work on /opt/airflow/dags/02_sql_transform.py
[2026-07-10T00:19:01.362+0000] {processor.py:914} INFO - Processing file /opt/airflow/dags/02_sql_transform.py for tasks to queue
[2026-07-10T00:19:01.364+0000] {logging_mixin.py:190} INFO - [2026-07-10T00:19:01.364+0000] {dagbag.py:588} INFO - Filling up the DagBag from /opt/airflow/dags/02_sql_transform.py
[2026-07-10T00:19:01.378+0000] {processor.py:925} INFO - DAG(s) '02_sql_transform' retrieved from /opt/airflow/dags/02_sql_transform.py
[2026-07-10T00:19:01.428+0000] {logging_mixin.py:190} INFO - [2026-07-10T00:19:01.427+0000] {dag.py:3239} INFO - Sync 1 DAGs
[2026-07-10T00:19:01.449+0000] {logging_mixin.py:190} INFO - [2026-07-10T00:19:01.449+0000] {dag.py:4180} INFO - Setting next_dagrun for 02_sql_transform to None, run_after=None
[2026-07-10T00:19:01.476+0000] {processor.py:208} INFO - Processing /opt/airflow/dags/02_sql_transform.py took 0.129 seconds
[2026-07-10T00:19:32.680+0000] {processor.py:186} INFO - Started process (PID=10331) to work on /opt/airflow/dags/02_sql_transform.py
[2026-07-10T00:19:32.685+0000] {processor.py:914} INFO - Processing file /opt/airflow/dags/02_sql_transform.py for tasks to queue
[2026-07-10T00:19:32.691+0000] {logging_mixin.py:190} INFO - [2026-07-10T00:19:32.690+0000] {dagbag.py:588} INFO - Filling up the DagBag from /opt/airflow/dags/02_sql_transform.py
[2026-07-10T00:19:32.709+0000] {processor.py:925} INFO - DAG(s) '02_sql_transform' retrieved from /opt/airflow/dags/02_sql_transform.py
[2026-07-10T00:19:32.775+0000] {logging_mixin.py:190} INFO - [2026-07-10T00:19:32.775+0000] {dag.py:3239} INFO - Sync 1 DAGs
[2026-07-10T00:19:32.808+0000] {logging_mixin.py:190} INFO - [2026-07-10T00:19:32.807+0000] {dag.py:4180} INFO - Setting next_dagrun for 02_sql_transform to None, run_after=None
[2026-07-10T00:19:32.844+0000] {processor.py:208} INFO - Processing /opt/airflow/dags/02_sql_transform.py took 0.178 seconds
[2026-07-10T00:20:02.916+0000] {processor.py:186} INFO - Started process (PID=10366) to work on /opt/airflow/dags/02_sql_transform.py
[2026-07-10T00:20:02.916+0000] {processor.py:914} INFO - Processing file /opt/airflow/dags/02_sql_transform.py for tasks to queue
[2026-07-10T00:20:02.919+0000] {logging_mixin.py:190} INFO - [2026-07-10T00:20:02.919+0000] {dagbag.py:588} INFO - Filling up the DagBag from /opt/airflow/dags/02_sql_transform.py
[2026-07-10T00:20:02.930+0000] {processor.py:925} INFO - DAG(s) '02_sql_transform' retrieved from /opt/airflow/dags/02_sql_transform.py
[2026-07-10T00:20:02.969+0000] {logging_mixin.py:190} INFO - [2026-07-10T00:20:02.969+0000] {dag.py:3239} INFO - Sync 1 DAGs
[2026-07-10T00:20:02.988+0000] {logging_mixin.py:190} INFO - [2026-07-10T00:20:02.988+0000] {dag.py:4180} INFO - Setting next_dagrun for 02_sql_transform to None, run_after=None
[2026-07-10T00:20:03.012+0000] {processor.py:208} INFO - Processing /opt/airflow/dags/02_sql_transform.py took 0.104 seconds
[2026-07-10T00:20:33.798+0000] {processor.py:186} INFO - Started process (PID=10399) to work on /opt/airflow/dags/02_sql_transform.py
[2026-07-10T00:20:33.799+0000] {processor.py:914} INFO - Processing file /opt/airflow/dags/02_sql_transform.py for tasks to queue
[2026-07-10T00:20:33.802+0000] {logging_mixin.py:190} INFO - [2026-07-10T00:20:33.801+0000] {dagbag.py:588} INFO - Filling up the DagBag from /opt/airflow/dags/02_sql_transform.py
[2026-07-10T00:20:33.814+0000] {processor.py:925} INFO - DAG(s) '02_sql_transform' retrieved from /opt/airflow/dags/02_sql_transform.py
[2026-07-10T00:20:33.858+0000] {logging_mixin.py:190} INFO - [2026-07-10T00:20:33.858+0000] {dag.py:3239} INFO - Sync 1 DAGs
[2026-07-10T00:20:33.880+0000] {logging_mixin.py:190} INFO - [2026-07-10T00:20:33.879+0000] {dag.py:4180} INFO - Setting next_dagrun for 02_sql_transform to None, run_after=None
[2026-07-10T00:20:33.905+0000] {processor.py:208} INFO - Processing /opt/airflow/dags/02_sql_transform.py took 0.116 seconds
[2026-07-10T00:21:04.772+0000] {processor.py:186} INFO - Started process (PID=10434) to work on /opt/airflow/dags/02_sql_transform.py
[2026-07-10T00:21:04.775+0000] {processor.py:914} INFO - Processing file /opt/airflow/dags/02_sql_transform.py for tasks to queue
[2026-07-10T00:21:04.784+0000] {logging_mixin.py:190} INFO - [2026-07-10T00:21:04.783+0000] {dagbag.py:588} INFO - Filling up the DagBag from /opt/airflow/dags/02_sql_transform.py
[2026-07-10T00:21:04.811+0000] {processor.py:925} INFO - DAG(s) '02_sql_transform' retrieved from /opt/airflow/dags/02_sql_transform.py
[2026-07-10T00:21:04.915+0000] {logging_mixin.py:190} INFO - [2026-07-10T00:21:04.915+0000] {dag.py:3239} INFO - Sync 1 DAGs
[2026-07-10T00:21:04.944+0000] {logging_mixin.py:190} INFO - [2026-07-10T00:21:04.944+0000] {dag.py:4180} INFO - Setting next_dagrun for 02_sql_transform to None, run_after=None
[2026-07-10T00:21:04.968+0000] {processor.py:208} INFO - Processing /opt/airflow/dags/02_sql_transform.py took 0.210 seconds
[2026-07-10T00:21:35.989+0000] {processor.py:186} INFO - Started process (PID=10471) to work on /opt/airflow/dags/02_sql_transform.py
[2026-07-10T00:21:35.990+0000] {processor.py:914} INFO - Processing file /opt/airflow/dags/02_sql_transform.py for tasks to queue
[2026-07-10T00:21:35.994+0000] {logging_mixin.py:190} INFO - [2026-07-10T00:21:35.994+0000] {dagbag.py:588} INFO - Filling up the DagBag from /opt/airflow/dags/02_sql_transform.py
[2026-07-10T00:21:36.006+0000] {processor.py:925} INFO - DAG(s) '02_sql_transform' retrieved from /opt/airflow/dags/02_sql_transform.py
[2026-07-10T00:21:36.056+0000] {logging_mixin.py:190} INFO - [2026-07-10T00:21:36.055+0000] {dag.py:3239} INFO - Sync 1 DAGs
[2026-07-10T00:21:36.078+0000] {logging_mixin.py:190} INFO - [2026-07-10T00:21:36.078+0000] {dag.py:4180} INFO - Setting next_dagrun for 02_sql_transform to None, run_after=None
[2026-07-10T00:21:36.106+0000] {processor.py:208} INFO - Processing /opt/airflow/dags/02_sql_transform.py took 0.127 seconds
[2026-07-10T00:22:07.095+0000] {processor.py:186} INFO - Started process (PID=10504) to work on /opt/airflow/dags/02_sql_transform.py
[2026-07-10T00:22:07.097+0000] {processor.py:914} INFO - Processing file /opt/airflow/dags/02_sql_transform.py for tasks to queue
[2026-07-10T00:22:07.100+0000] {logging_mixin.py:190} INFO - [2026-07-10T00:22:07.099+0000] {dagbag.py:588} INFO - Filling up the DagBag from /opt/airflow/dags/02_sql_transform.py
[2026-07-10T00:22:07.111+0000] {processor.py:925} INFO - DAG(s) '02_sql_transform' retrieved from /opt/airflow/dags/02_sql_transform.py
[2026-07-10T00:22:07.153+0000] {logging_mixin.py:190} INFO - [2026-07-10T00:22:07.152+0000] {dag.py:3239} INFO - Sync 1 DAGs
[2026-07-10T00:22:07.169+0000] {logging_mixin.py:190} INFO - [2026-07-10T00:22:07.169+0000] {dag.py:4180} INFO - Setting next_dagrun for 02_sql_transform to None, run_after=None
[2026-07-10T00:22:07.197+0000] {processor.py:208} INFO - Processing /opt/airflow/dags/02_sql_transform.py took 0.112 seconds
[2026-07-10T00:22:38.151+0000] {processor.py:186} INFO - Started process (PID=10539) to work on /opt/airflow/dags/02_sql_transform.py
[2026-07-10T00:22:38.152+0000] {processor.py:914} INFO - Processing file /opt/airflow/dags/02_sql_transform.py for tasks to queue
[2026-07-10T00:22:38.154+0000] {logging_mixin.py:190} INFO - [2026-07-10T00:22:38.154+0000] {dagbag.py:588} INFO - Filling up the DagBag from /opt/airflow/dags/02_sql_transform.py
[2026-07-10T00:22:38.162+0000] {processor.py:925} INFO - DAG(s) '02_sql_transform' retrieved from /opt/airflow/dags/02_sql_transform.py
[2026-07-10T00:22:38.202+0000] {logging_mixin.py:190} INFO - [2026-07-10T00:22:38.202+0000] {dag.py:3239} INFO - Sync 1 DAGs
[2026-07-10T00:22:38.218+0000] {logging_mixin.py:190} INFO - [2026-07-10T00:22:38.218+0000] {dag.py:4180} INFO - Setting next_dagrun for 02_sql_transform to None, run_after=None
[2026-07-10T00:22:38.244+0000] {processor.py:208} INFO - Processing /opt/airflow/dags/02_sql_transform.py took 0.099 seconds
[2026-07-10T00:23:09.394+0000] {processor.py:186} INFO - Started process (PID=10576) to work on /opt/airflow/dags/02_sql_transform.py
[2026-07-10T00:23:09.395+0000] {processor.py:914} INFO - Processing file /opt/airflow/dags/02_sql_transform.py for tasks to queue
[2026-07-10T00:23:09.398+0000] {logging_mixin.py:190} INFO - [2026-07-10T00:23:09.398+0000] {dagbag.py:588} INFO - Filling up the DagBag from /opt/airflow/dags/02_sql_transform.py
[2026-07-10T00:23:09.409+0000] {processor.py:925} INFO - DAG(s) '02_sql_transform' retrieved from /opt/airflow/dags/02_sql_transform.py
[2026-07-10T00:23:09.449+0000] {logging_mixin.py:190} INFO - [2026-07-10T00:23:09.448+0000] {dag.py:3239} INFO - Sync 1 DAGs
[2026-07-10T00:23:09.466+0000] {logging_mixin.py:190} INFO - [2026-07-10T00:23:09.465+0000] {dag.py:4180} INFO - Setting next_dagrun for 02_sql_transform to None, run_after=None
[2026-07-10T00:23:09.488+0000] {processor.py:208} INFO - Processing /opt/airflow/dags/02_sql_transform.py took 0.103 seconds
[2026-07-10T00:23:39.583+0000] {processor.py:186} INFO - Started process (PID=10609) to work on /opt/airflow/dags/02_sql_transform.py
[2026-07-10T00:23:39.584+0000] {processor.py:914} INFO - Processing file /opt/airflow/dags/02_sql_transform.py for tasks to queue
[2026-07-10T00:23:39.587+0000] {logging_mixin.py:190} INFO - [2026-07-10T00:23:39.586+0000] {dagbag.py:588} INFO - Filling up the DagBag from /opt/airflow/dags/02_sql_transform.py
[2026-07-10T00:23:39.598+0000] {processor.py:925} INFO - DAG(s) '02_sql_transform' retrieved from /opt/airflow/dags/02_sql_transform.py
[2026-07-10T00:23:39.643+0000] {logging_mixin.py:190} INFO - [2026-07-10T00:23:39.643+0000] {dag.py:3239} INFO - Sync 1 DAGs
[2026-07-10T00:23:39.663+0000] {logging_mixin.py:190} INFO - [2026-07-10T00:23:39.663+0000] {dag.py:4180} INFO - Setting next_dagrun for 02_sql_transform to None, run_after=None
[2026-07-10T00:23:39.689+0000] {processor.py:208} INFO - Processing /opt/airflow/dags/02_sql_transform.py took 0.116 seconds
[2026-07-10T00:24:10.831+0000] {processor.py:186} INFO - Started process (PID=10646) to work on /opt/airflow/dags/02_sql_transform.py
[2026-07-10T00:24:10.832+0000] {processor.py:914} INFO - Processing file /opt/airflow/dags/02_sql_transform.py for tasks to queue
[2026-07-10T00:24:10.836+0000] {logging_mixin.py:190} INFO - [2026-07-10T00:24:10.835+0000] {dagbag.py:588} INFO - Filling up the DagBag from /opt/airflow/dags/02_sql_transform.py
[2026-07-10T00:24:10.847+0000] {processor.py:925} INFO - DAG(s) '02_sql_transform' retrieved from /opt/airflow/dags/02_sql_transform.py
[2026-07-10T00:24:10.892+0000] {logging_mixin.py:190} INFO - [2026-07-10T00:24:10.891+0000] {dag.py:3239} INFO - Sync 1 DAGs
[2026-07-10T00:24:10.910+0000] {logging_mixin.py:190} INFO - [2026-07-10T00:24:10.910+0000] {dag.py:4180} INFO - Setting next_dagrun for 02_sql_transform to None, run_after=None
[2026-07-10T00:24:10.937+0000] {processor.py:208} INFO - Processing /opt/airflow/dags/02_sql_transform.py took 0.115 seconds
[2026-07-10T00:24:41.975+0000] {processor.py:186} INFO - Started process (PID=10681) to work on /opt/airflow/dags/02_sql_transform.py
[2026-07-10T00:24:41.976+0000] {processor.py:914} INFO - Processing file /opt/airflow/dags/02_sql_transform.py for tasks to queue
[2026-07-10T00:24:41.979+0000] {logging_mixin.py:190} INFO - [2026-07-10T00:24:41.979+0000] {dagbag.py:588} INFO - Filling up the DagBag from /opt/airflow/dags/02_sql_transform.py
[2026-07-10T00:24:41.994+0000] {processor.py:925} INFO - DAG(s) '02_sql_transform' retrieved from /opt/airflow/dags/02_sql_transform.py
[2026-07-10T00:24:42.050+0000] {logging_mixin.py:190} INFO - [2026-07-10T00:24:42.049+0000] {dag.py:3239} INFO - Sync 1 DAGs
[2026-07-10T00:24:42.081+0000] {logging_mixin.py:190} INFO - [2026-07-10T00:24:42.080+0000] {dag.py:4180} INFO - Setting next_dagrun for 02_sql_transform to None, run_after=None
[2026-07-10T00:24:42.108+0000] {processor.py:208} INFO - Processing /opt/airflow/dags/02_sql_transform.py took 0.143 seconds
[2026-07-10T00:25:12.265+0000] {processor.py:186} INFO - Started process (PID=10716) to work on /opt/airflow/dags/02_sql_transform.py
[2026-07-10T00:25:12.267+0000] {processor.py:914} INFO - Processing file /opt/airflow/dags/02_sql_transform.py for tasks to queue
[2026-07-10T00:25:12.270+0000] {logging_mixin.py:190} INFO - [2026-07-10T00:25:12.269+0000] {dagbag.py:588} INFO - Filling up the DagBag from /opt/airflow/dags/02_sql_transform.py
[2026-07-10T00:25:12.281+0000] {processor.py:925} INFO - DAG(s) '02_sql_transform' retrieved from /opt/airflow/dags/02_sql_transform.py
[2026-07-10T00:25:12.327+0000] {logging_mixin.py:190} INFO - [2026-07-10T00:25:12.327+0000] {dag.py:3239} INFO - Sync 1 DAGs
[2026-07-10T00:25:12.347+0000] {logging_mixin.py:190} INFO - [2026-07-10T00:25:12.347+0000] {dag.py:4180} INFO - Setting next_dagrun for 02_sql_transform to None, run_after=None
[2026-07-10T00:25:12.370+0000] {processor.py:208} INFO - Processing /opt/airflow/dags/02_sql_transform.py took 0.114 seconds
[2026-07-10T00:25:43.422+0000] {processor.py:186} INFO - Started process (PID=10749) to work on /opt/airflow/dags/02_sql_transform.py
[2026-07-10T00:25:43.423+0000] {processor.py:914} INFO - Processing file /opt/airflow/dags/02_sql_transform.py for tasks to queue
[2026-07-10T00:25:43.426+0000] {logging_mixin.py:190} INFO - [2026-07-10T00:25:43.426+0000] {dagbag.py:588} INFO - Filling up the DagBag from /opt/airflow/dags/02_sql_transform.py
[2026-07-10T00:25:43.447+0000] {processor.py:925} INFO - DAG(s) '02_sql_transform' retrieved from /opt/airflow/dags/02_sql_transform.py
[2026-07-10T00:25:43.489+0000] {logging_mixin.py:190} INFO - [2026-07-10T00:25:43.489+0000] {dag.py:3239} INFO - Sync 1 DAGs
[2026-07-10T00:25:43.506+0000] {logging_mixin.py:190} INFO - [2026-07-10T00:25:43.506+0000] {dag.py:4180} INFO - Setting next_dagrun for 02_sql_transform to None, run_after=None
[2026-07-10T00:25:43.526+0000] {processor.py:208} INFO - Processing /opt/airflow/dags/02_sql_transform.py took 0.114 seconds
[2026-07-10T00:26:14.523+0000] {processor.py:186} INFO - Started process (PID=10786) to work on /opt/airflow/dags/02_sql_transform.py
[2026-07-10T00:26:14.525+0000] {processor.py:914} INFO - Processing file /opt/airflow/dags/02_sql_transform.py for tasks to queue
[2026-07-10T00:26:14.527+0000] {logging_mixin.py:190} INFO - [2026-07-10T00:26:14.527+0000] {dagbag.py:588} INFO - Filling up the DagBag from /opt/airflow/dags/02_sql_transform.py
[2026-07-10T00:26:14.539+0000] {processor.py:925} INFO - DAG(s) '02_sql_transform' retrieved from /opt/airflow/dags/02_sql_transform.py
[2026-07-10T00:26:14.580+0000] {logging_mixin.py:190} INFO - [2026-07-10T00:26:14.580+0000] {dag.py:3239} INFO - Sync 1 DAGs
[2026-07-10T00:26:14.599+0000] {logging_mixin.py:190} INFO - [2026-07-10T00:26:14.599+0000] {dag.py:4180} INFO - Setting next_dagrun for 02_sql_transform to None, run_after=None
[2026-07-10T00:26:14.621+0000] {processor.py:208} INFO - Processing /opt/airflow/dags/02_sql_transform.py took 0.107 seconds
[2026-07-10T00:26:45.714+0000] {processor.py:186} INFO - Started process (PID=10821) to work on /opt/airflow/dags/02_sql_transform.py
[2026-07-10T00:26:45.717+0000] {processor.py:914} INFO - Processing file /opt/airflow/dags/02_sql_transform.py for tasks to queue
[2026-07-10T00:26:45.725+0000] {logging_mixin.py:190} INFO - [2026-07-10T00:26:45.724+0000] {dagbag.py:588} INFO - Filling up the DagBag from /opt/airflow/dags/02_sql_transform.py
[2026-07-10T00:26:45.753+0000] {processor.py:925} INFO - DAG(s) '02_sql_transform' retrieved from /opt/airflow/dags/02_sql_transform.py
[2026-07-10T00:26:45.823+0000] {logging_mixin.py:190} INFO - [2026-07-10T00:26:45.822+0000] {dag.py:3239} INFO - Sync 1 DAGs
[2026-07-10T00:26:45.856+0000] {logging_mixin.py:190} INFO - [2026-07-10T00:26:45.855+0000] {dag.py:4180} INFO - Setting next_dagrun for 02_sql_transform to None, run_after=None
[2026-07-10T00:26:45.888+0000] {processor.py:208} INFO - Processing /opt/airflow/dags/02_sql_transform.py took 0.197 seconds
[2026-07-10T00:27:16.096+0000] {processor.py:186} INFO - Started process (PID=10856) to work on /opt/airflow/dags/02_sql_transform.py
[2026-07-10T00:27:16.098+0000] {processor.py:914} INFO - Processing file /opt/airflow/dags/02_sql_transform.py for tasks to queue
[2026-07-10T00:27:16.102+0000] {logging_mixin.py:190} INFO - [2026-07-10T00:27:16.102+0000] {dagbag.py:588} INFO - Filling up the DagBag from /opt/airflow/dags/02_sql_transform.py
[2026-07-10T00:27:16.116+0000] {processor.py:925} INFO - DAG(s) '02_sql_transform' retrieved from /opt/airflow/dags/02_sql_transform.py
[2026-07-10T00:27:16.173+0000] {logging_mixin.py:190} INFO - [2026-07-10T00:27:16.173+0000] {dag.py:3239} INFO - Sync 1 DAGs
[2026-07-10T00:27:16.201+0000] {logging_mixin.py:190} INFO - [2026-07-10T00:27:16.200+0000] {dag.py:4180} INFO - Setting next_dagrun for 02_sql_transform to None, run_after=None
[2026-07-10T00:27:16.230+0000] {processor.py:208} INFO - Processing /opt/airflow/dags/02_sql_transform.py took 0.149 seconds
[2026-07-10T00:27:46.498+0000] {processor.py:186} INFO - Started process (PID=10891) to work on /opt/airflow/dags/02_sql_transform.py
[2026-07-10T00:27:46.499+0000] {processor.py:914} INFO - Processing file /opt/airflow/dags/02_sql_transform.py for tasks to queue
[2026-07-10T00:27:46.502+0000] {logging_mixin.py:190} INFO - [2026-07-10T00:27:46.502+0000] {dagbag.py:588} INFO - Filling up the DagBag from /opt/airflow/dags/02_sql_transform.py
[2026-07-10T00:27:46.515+0000] {processor.py:925} INFO - DAG(s) '02_sql_transform' retrieved from /opt/airflow/dags/02_sql_transform.py
[2026-07-10T00:27:46.557+0000] {logging_mixin.py:190} INFO - [2026-07-10T00:27:46.557+0000] {dag.py:3239} INFO - Sync 1 DAGs
[2026-07-10T00:27:46.574+0000] {logging_mixin.py:190} INFO - [2026-07-10T00:27:46.574+0000] {dag.py:4180} INFO - Setting next_dagrun for 02_sql_transform to None, run_after=None
[2026-07-10T00:27:46.597+0000] {processor.py:208} INFO - Processing /opt/airflow/dags/02_sql_transform.py took 0.109 seconds
[2026-07-10T00:28:17.396+0000] {processor.py:186} INFO - Started process (PID=10924) to work on /opt/airflow/dags/02_sql_transform.py
[2026-07-10T00:28:17.398+0000] {processor.py:914} INFO - Processing file /opt/airflow/dags/02_sql_transform.py for tasks to queue
[2026-07-10T00:28:17.405+0000] {logging_mixin.py:190} INFO - [2026-07-10T00:28:17.403+0000] {dagbag.py:588} INFO - Filling up the DagBag from /opt/airflow/dags/02_sql_transform.py
[2026-07-10T00:28:17.423+0000] {processor.py:925} INFO - DAG(s) '02_sql_transform' retrieved from /opt/airflow/dags/02_sql_transform.py
[2026-07-10T00:28:17.509+0000] {logging_mixin.py:190} INFO - [2026-07-10T00:28:17.508+0000] {dag.py:3239} INFO - Sync 1 DAGs
[2026-07-10T00:28:17.564+0000] {logging_mixin.py:190} INFO - [2026-07-10T00:28:17.564+0000] {dag.py:4180} INFO - Setting next_dagrun for 02_sql_transform to None, run_after=None
[2026-07-10T00:28:17.604+0000] {processor.py:208} INFO - Processing /opt/airflow/dags/02_sql_transform.py took 0.225 seconds
[2026-07-10T00:28:48.650+0000] {processor.py:186} INFO - Started process (PID=10961) to work on /opt/airflow/dags/02_sql_transform.py
[2026-07-10T00:28:48.651+0000] {processor.py:914} INFO - Processing file /opt/airflow/dags/02_sql_transform.py for tasks to queue
[2026-07-10T00:28:48.655+0000] {logging_mixin.py:190} INFO - [2026-07-10T00:28:48.654+0000] {dagbag.py:588} INFO - Filling up the DagBag from /opt/airflow/dags/02_sql_transform.py
[2026-07-10T00:28:48.666+0000] {processor.py:925} INFO - DAG(s) '02_sql_transform' retrieved from /opt/airflow/dags/02_sql_transform.py
[2026-07-10T00:28:48.711+0000] {logging_mixin.py:190} INFO - [2026-07-10T00:28:48.711+0000] {dag.py:3239} INFO - Sync 1 DAGs
[2026-07-10T00:28:48.736+0000] {logging_mixin.py:190} INFO - [2026-07-10T00:28:48.736+0000] {dag.py:4180} INFO - Setting next_dagrun for 02_sql_transform to None, run_after=None
[2026-07-10T00:28:48.767+0000] {processor.py:208} INFO - Processing /opt/airflow/dags/02_sql_transform.py took 0.131 seconds
[2026-07-10T00:29:19.477+0000] {processor.py:186} INFO - Started process (PID=10994) to work on /opt/airflow/dags/02_sql_transform.py
[2026-07-10T00:29:19.480+0000] {processor.py:914} INFO - Processing file /opt/airflow/dags/02_sql_transform.py for tasks to queue
[2026-07-10T00:29:19.484+0000] {logging_mixin.py:190} INFO - [2026-07-10T00:29:19.483+0000] {dagbag.py:588} INFO - Filling up the DagBag from /opt/airflow/dags/02_sql_transform.py
[2026-07-10T00:29:19.504+0000] {processor.py:925} INFO - DAG(s) '02_sql_transform' retrieved from /opt/airflow/dags/02_sql_transform.py
[2026-07-10T00:29:19.679+0000] {logging_mixin.py:190} INFO - [2026-07-10T00:29:19.678+0000] {dag.py:3239} INFO - Sync 1 DAGs
[2026-07-10T00:29:19.704+0000] {logging_mixin.py:190} INFO - [2026-07-10T00:29:19.704+0000] {dag.py:4180} INFO - Setting next_dagrun for 02_sql_transform to None, run_after=None
[2026-07-10T00:29:19.748+0000] {processor.py:208} INFO - Processing /opt/airflow/dags/02_sql_transform.py took 0.287 seconds
[2026-07-10T00:29:49.804+0000] {processor.py:186} INFO - Started process (PID=11029) to work on /opt/airflow/dags/02_sql_transform.py
[2026-07-10T00:29:49.805+0000] {processor.py:914} INFO - Processing file /opt/airflow/dags/02_sql_transform.py for tasks to queue
[2026-07-10T00:29:49.817+0000] {logging_mixin.py:190} INFO - [2026-07-10T00:29:49.815+0000] {dagbag.py:588} INFO - Filling up the DagBag from /opt/airflow/dags/02_sql_transform.py
[2026-07-10T00:29:49.834+0000] {processor.py:925} INFO - DAG(s) '02_sql_transform' retrieved from /opt/airflow/dags/02_sql_transform.py
[2026-07-10T00:29:49.889+0000] {logging_mixin.py:190} INFO - [2026-07-10T00:29:49.888+0000] {dag.py:3239} INFO - Sync 1 DAGs
[2026-07-10T00:29:49.917+0000] {logging_mixin.py:190} INFO - [2026-07-10T00:29:49.917+0000] {dag.py:4180} INFO - Setting next_dagrun for 02_sql_transform to None, run_after=None
[2026-07-10T00:29:49.962+0000] {processor.py:208} INFO - Processing /opt/airflow/dags/02_sql_transform.py took 0.171 seconds
[2026-07-10T00:30:20.206+0000] {processor.py:186} INFO - Started process (PID=11066) to work on /opt/airflow/dags/02_sql_transform.py
[2026-07-10T00:30:20.208+0000] {processor.py:914} INFO - Processing file /opt/airflow/dags/02_sql_transform.py for tasks to queue
[2026-07-10T00:30:20.210+0000] {logging_mixin.py:190} INFO - [2026-07-10T00:30:20.210+0000] {dagbag.py:588} INFO - Filling up the DagBag from /opt/airflow/dags/02_sql_transform.py
[2026-07-10T00:30:20.221+0000] {processor.py:925} INFO - DAG(s) '02_sql_transform' retrieved from /opt/airflow/dags/02_sql_transform.py
[2026-07-10T00:30:20.262+0000] {logging_mixin.py:190} INFO - [2026-07-10T00:30:20.262+0000] {dag.py:3239} INFO - Sync 1 DAGs
[2026-07-10T00:30:20.278+0000] {logging_mixin.py:190} INFO - [2026-07-10T00:30:20.278+0000] {dag.py:4180} INFO - Setting next_dagrun for 02_sql_transform to None, run_after=None
[2026-07-10T00:30:20.300+0000] {processor.py:208} INFO - Processing /opt/airflow/dags/02_sql_transform.py took 0.102 seconds
[2026-07-10T00:30:51.409+0000] {processor.py:186} INFO - Started process (PID=11101) to work on /opt/airflow/dags/02_sql_transform.py
[2026-07-10T00:30:51.410+0000] {processor.py:914} INFO - Processing file /opt/airflow/dags/02_sql_transform.py for tasks to queue
[2026-07-10T00:30:51.414+0000] {logging_mixin.py:190} INFO - [2026-07-10T00:30:51.413+0000] {dagbag.py:588} INFO - Filling up the DagBag from /opt/airflow/dags/02_sql_transform.py
[2026-07-10T00:30:51.431+0000] {processor.py:925} INFO - DAG(s) '02_sql_transform' retrieved from /opt/airflow/dags/02_sql_transform.py
[2026-07-10T00:30:51.476+0000] {logging_mixin.py:190} INFO - [2026-07-10T00:30:51.475+0000] {dag.py:3239} INFO - Sync 1 DAGs
[2026-07-10T00:30:51.506+0000] {logging_mixin.py:190} INFO - [2026-07-10T00:30:51.505+0000] {dag.py:4180} INFO - Setting next_dagrun for 02_sql_transform to None, run_after=None
[2026-07-10T00:30:51.539+0000] {processor.py:208} INFO - Processing /opt/airflow/dags/02_sql_transform.py took 0.147 seconds
[2026-07-10T00:31:22.575+0000] {processor.py:186} INFO - Started process (PID=11136) to work on /opt/airflow/dags/02_sql_transform.py
[2026-07-10T00:31:22.576+0000] {processor.py:914} INFO - Processing file /opt/airflow/dags/02_sql_transform.py for tasks to queue
[2026-07-10T00:31:22.579+0000] {logging_mixin.py:190} INFO - [2026-07-10T00:31:22.578+0000] {dagbag.py:588} INFO - Filling up the DagBag from /opt/airflow/dags/02_sql_transform.py
[2026-07-10T00:31:22.590+0000] {processor.py:925} INFO - DAG(s) '02_sql_transform' retrieved from /opt/airflow/dags/02_sql_transform.py
[2026-07-10T00:31:22.634+0000] {logging_mixin.py:190} INFO - [2026-07-10T00:31:22.634+0000] {dag.py:3239} INFO - Sync 1 DAGs
[2026-07-10T00:31:22.651+0000] {logging_mixin.py:190} INFO - [2026-07-10T00:31:22.650+0000] {dag.py:4180} INFO - Setting next_dagrun for 02_sql_transform to None, run_after=None
[2026-07-10T00:31:22.672+0000] {processor.py:208} INFO - Processing /opt/airflow/dags/02_sql_transform.py took 0.105 seconds
[2026-07-10T00:31:53.516+0000] {processor.py:186} INFO - Started process (PID=11169) to work on /opt/airflow/dags/02_sql_transform.py
[2026-07-10T00:31:53.518+0000] {processor.py:914} INFO - Processing file /opt/airflow/dags/02_sql_transform.py for tasks to queue
[2026-07-10T00:31:53.521+0000] {logging_mixin.py:190} INFO - [2026-07-10T00:31:53.520+0000] {dagbag.py:588} INFO - Filling up the DagBag from /opt/airflow/dags/02_sql_transform.py
[2026-07-10T00:31:53.531+0000] {processor.py:925} INFO - DAG(s) '02_sql_transform' retrieved from /opt/airflow/dags/02_sql_transform.py
[2026-07-10T00:31:53.577+0000] {logging_mixin.py:190} INFO - [2026-07-10T00:31:53.576+0000] {dag.py:3239} INFO - Sync 1 DAGs
[2026-07-10T00:31:53.594+0000] {logging_mixin.py:190} INFO - [2026-07-10T00:31:53.594+0000] {dag.py:4180} INFO - Setting next_dagrun for 02_sql_transform to None, run_after=None
[2026-07-10T00:31:53.623+0000] {processor.py:208} INFO - Processing /opt/airflow/dags/02_sql_transform.py took 0.115 seconds
[2026-07-10T00:32:24.618+0000] {processor.py:186} INFO - Started process (PID=11206) to work on /opt/airflow/dags/02_sql_transform.py
[2026-07-10T00:32:24.620+0000] {processor.py:914} INFO - Processing file /opt/airflow/dags/02_sql_transform.py for tasks to queue
[2026-07-10T00:32:24.624+0000] {logging_mixin.py:190} INFO - [2026-07-10T00:32:24.623+0000] {dagbag.py:588} INFO - Filling up the DagBag from /opt/airflow/dags/02_sql_transform.py
[2026-07-10T00:32:24.639+0000] {processor.py:925} INFO - DAG(s) '02_sql_transform' retrieved from /opt/airflow/dags/02_sql_transform.py
[2026-07-10T00:32:24.686+0000] {logging_mixin.py:190} INFO - [2026-07-10T00:32:24.686+0000] {dag.py:3239} INFO - Sync 1 DAGs
[2026-07-10T00:32:24.707+0000] {logging_mixin.py:190} INFO - [2026-07-10T00:32:24.707+0000] {dag.py:4180} INFO - Setting next_dagrun for 02_sql_transform to None, run_after=None
[2026-07-10T00:32:24.731+0000] {processor.py:208} INFO - Processing /opt/airflow/dags/02_sql_transform.py took 0.123 seconds
[2026-07-10T00:32:55.693+0000] {processor.py:186} INFO - Started process (PID=11241) to work on /opt/airflow/dags/02_sql_transform.py
[2026-07-10T00:32:55.695+0000] {processor.py:914} INFO - Processing file /opt/airflow/dags/02_sql_transform.py for tasks to queue
[2026-07-10T00:32:55.697+0000] {logging_mixin.py:190} INFO - [2026-07-10T00:32:55.697+0000] {dagbag.py:588} INFO - Filling up the DagBag from /opt/airflow/dags/02_sql_transform.py
[2026-07-10T00:32:55.709+0000] {processor.py:925} INFO - DAG(s) '02_sql_transform' retrieved from /opt/airflow/dags/02_sql_transform.py
[2026-07-10T00:32:55.751+0000] {logging_mixin.py:190} INFO - [2026-07-10T00:32:55.751+0000] {dag.py:3239} INFO - Sync 1 DAGs
[2026-07-10T00:32:55.770+0000] {logging_mixin.py:190} INFO - [2026-07-10T00:32:55.770+0000] {dag.py:4180} INFO - Setting next_dagrun for 02_sql_transform to None, run_after=None
[2026-07-10T00:32:55.792+0000] {processor.py:208} INFO - Processing /opt/airflow/dags/02_sql_transform.py took 0.107 seconds
[2026-07-10T00:33:26.555+0000] {processor.py:186} INFO - Started process (PID=11276) to work on /opt/airflow/dags/02_sql_transform.py
[2026-07-10T00:33:26.556+0000] {processor.py:914} INFO - Processing file /opt/airflow/dags/02_sql_transform.py for tasks to queue
[2026-07-10T00:33:26.558+0000] {logging_mixin.py:190} INFO - [2026-07-10T00:33:26.558+0000] {dagbag.py:588} INFO - Filling up the DagBag from /opt/airflow/dags/02_sql_transform.py
[2026-07-10T00:33:26.567+0000] {processor.py:925} INFO - DAG(s) '02_sql_transform' retrieved from /opt/airflow/dags/02_sql_transform.py
[2026-07-10T00:33:26.614+0000] {logging_mixin.py:190} INFO - [2026-07-10T00:33:26.614+0000] {dag.py:3239} INFO - Sync 1 DAGs
[2026-07-10T00:33:26.640+0000] {logging_mixin.py:190} INFO - [2026-07-10T00:33:26.640+0000] {dag.py:4180} INFO - Setting next_dagrun for 02_sql_transform to None, run_after=None
[2026-07-10T00:33:26.664+0000] {processor.py:208} INFO - Processing /opt/airflow/dags/02_sql_transform.py took 0.117 seconds
[2026-07-10T00:33:57.511+0000] {processor.py:186} INFO - Started process (PID=11311) to work on /opt/airflow/dags/02_sql_transform.py
[2026-07-10T00:33:57.512+0000] {processor.py:914} INFO - Processing file /opt/airflow/dags/02_sql_transform.py for tasks to queue
[2026-07-10T00:33:57.514+0000] {logging_mixin.py:190} INFO - [2026-07-10T00:33:57.514+0000] {dagbag.py:588} INFO - Filling up the DagBag from /opt/airflow/dags/02_sql_transform.py
[2026-07-10T00:33:57.524+0000] {processor.py:925} INFO - DAG(s) '02_sql_transform' retrieved from /opt/airflow/dags/02_sql_transform.py
[2026-07-10T00:33:57.573+0000] {logging_mixin.py:190} INFO - [2026-07-10T00:33:57.572+0000] {dag.py:3239} INFO - Sync 1 DAGs
[2026-07-10T00:33:57.592+0000] {logging_mixin.py:190} INFO - [2026-07-10T00:33:57.592+0000] {dag.py:4180} INFO - Setting next_dagrun for 02_sql_transform to None, run_after=None
[2026-07-10T00:33:57.623+0000] {processor.py:208} INFO - Processing /opt/airflow/dags/02_sql_transform.py took 0.121 seconds
[2026-07-10T00:34:28.343+0000] {processor.py:186} INFO - Started process (PID=11344) to work on /opt/airflow/dags/02_sql_transform.py
[2026-07-10T00:34:28.344+0000] {processor.py:914} INFO - Processing file /opt/airflow/dags/02_sql_transform.py for tasks to queue
[2026-07-10T00:34:28.346+0000] {logging_mixin.py:190} INFO - [2026-07-10T00:34:28.346+0000] {dagbag.py:588} INFO - Filling up the DagBag from /opt/airflow/dags/02_sql_transform.py
[2026-07-10T00:34:28.356+0000] {processor.py:925} INFO - DAG(s) '02_sql_transform' retrieved from /opt/airflow/dags/02_sql_transform.py
[2026-07-10T00:34:28.397+0000] {logging_mixin.py:190} INFO - [2026-07-10T00:34:28.397+0000] {dag.py:3239} INFO - Sync 1 DAGs
[2026-07-10T00:34:28.415+0000] {logging_mixin.py:190} INFO - [2026-07-10T00:34:28.414+0000] {dag.py:4180} INFO - Setting next_dagrun for 02_sql_transform to None, run_after=None
[2026-07-10T00:34:28.442+0000] {processor.py:208} INFO - Processing /opt/airflow/dags/02_sql_transform.py took 0.106 seconds
[2026-07-10T00:34:59.438+0000] {processor.py:186} INFO - Started process (PID=11379) to work on /opt/airflow/dags/02_sql_transform.py
[2026-07-10T00:34:59.444+0000] {processor.py:914} INFO - Processing file /opt/airflow/dags/02_sql_transform.py for tasks to queue
[2026-07-10T00:34:59.454+0000] {logging_mixin.py:190} INFO - [2026-07-10T00:34:59.450+0000] {dagbag.py:588} INFO - Filling up the DagBag from /opt/airflow/dags/02_sql_transform.py
[2026-07-10T00:34:59.486+0000] {processor.py:925} INFO - DAG(s) '02_sql_transform' retrieved from /opt/airflow/dags/02_sql_transform.py
[2026-07-10T00:34:59.552+0000] {logging_mixin.py:190} INFO - [2026-07-10T00:34:59.552+0000] {dag.py:3239} INFO - Sync 1 DAGs
[2026-07-10T00:34:59.587+0000] {logging_mixin.py:190} INFO - [2026-07-10T00:34:59.587+0000] {dag.py:4180} INFO - Setting next_dagrun for 02_sql_transform to None, run_after=None
[2026-07-10T00:34:59.623+0000] {processor.py:208} INFO - Processing /opt/airflow/dags/02_sql_transform.py took 0.195 seconds
[2026-07-10T00:35:30.085+0000] {processor.py:186} INFO - Started process (PID=11416) to work on /opt/airflow/dags/02_sql_transform.py
[2026-07-10T00:35:30.086+0000] {processor.py:914} INFO - Processing file /opt/airflow/dags/02_sql_transform.py for tasks to queue
[2026-07-10T00:35:30.090+0000] {logging_mixin.py:190} INFO - [2026-07-10T00:35:30.090+0000] {dagbag.py:588} INFO - Filling up the DagBag from /opt/airflow/dags/02_sql_transform.py
[2026-07-10T00:35:30.106+0000] {processor.py:925} INFO - DAG(s) '02_sql_transform' retrieved from /opt/airflow/dags/02_sql_transform.py
[2026-07-10T00:35:30.166+0000] {logging_mixin.py:190} INFO - [2026-07-10T00:35:30.166+0000] {dag.py:3239} INFO - Sync 1 DAGs
[2026-07-10T00:35:30.192+0000] {logging_mixin.py:190} INFO - [2026-07-10T00:35:30.192+0000] {dag.py:4180} INFO - Setting next_dagrun for 02_sql_transform to None, run_after=None
[2026-07-10T00:35:30.222+0000] {processor.py:208} INFO - Processing /opt/airflow/dags/02_sql_transform.py took 0.150 seconds
[2026-07-10T00:36:00.380+0000] {processor.py:186} INFO - Started process (PID=11451) to work on /opt/airflow/dags/02_sql_transform.py
[2026-07-10T00:36:00.382+0000] {processor.py:914} INFO - Processing file /opt/airflow/dags/02_sql_transform.py for tasks to queue
[2026-07-10T00:36:00.385+0000] {logging_mixin.py:190} INFO - [2026-07-10T00:36:00.385+0000] {dagbag.py:588} INFO - Filling up the DagBag from /opt/airflow/dags/02_sql_transform.py
[2026-07-10T00:36:00.397+0000] {processor.py:925} INFO - DAG(s) '02_sql_transform' retrieved from /opt/airflow/dags/02_sql_transform.py
[2026-07-10T00:36:00.435+0000] {logging_mixin.py:190} INFO - [2026-07-10T00:36:00.435+0000] {dag.py:3239} INFO - Sync 1 DAGs
[2026-07-10T00:36:00.451+0000] {logging_mixin.py:190} INFO - [2026-07-10T00:36:00.451+0000] {dag.py:4180} INFO - Setting next_dagrun for 02_sql_transform to None, run_after=None
[2026-07-10T00:36:00.471+0000] {processor.py:208} INFO - Processing /opt/airflow/dags/02_sql_transform.py took 0.099 seconds
[2026-07-10T00:36:30.581+0000] {processor.py:186} INFO - Started process (PID=11484) to work on /opt/airflow/dags/02_sql_transform.py
[2026-07-10T00:36:30.582+0000] {processor.py:914} INFO - Processing file /opt/airflow/dags/02_sql_transform.py for tasks to queue
[2026-07-10T00:36:30.585+0000] {logging_mixin.py:190} INFO - [2026-07-10T00:36:30.584+0000] {dagbag.py:588} INFO - Filling up the DagBag from /opt/airflow/dags/02_sql_transform.py
[2026-07-10T00:36:30.595+0000] {processor.py:925} INFO - DAG(s) '02_sql_transform' retrieved from /opt/airflow/dags/02_sql_transform.py
[2026-07-10T00:36:30.632+0000] {logging_mixin.py:190} INFO - [2026-07-10T00:36:30.632+0000] {dag.py:3239} INFO - Sync 1 DAGs
[2026-07-10T00:36:30.649+0000] {logging_mixin.py:190} INFO - [2026-07-10T00:36:30.649+0000] {dag.py:4180} INFO - Setting next_dagrun for 02_sql_transform to None, run_after=None
[2026-07-10T00:36:30.671+0000] {processor.py:208} INFO - Processing /opt/airflow/dags/02_sql_transform.py took 0.098 seconds
[2026-07-10T00:37:01.870+0000] {processor.py:186} INFO - Started process (PID=11521) to work on /opt/airflow/dags/02_sql_transform.py
[2026-07-10T00:37:01.874+0000] {processor.py:914} INFO - Processing file /opt/airflow/dags/02_sql_transform.py for tasks to queue
[2026-07-10T00:37:01.876+0000] {logging_mixin.py:190} INFO - [2026-07-10T00:37:01.876+0000] {dagbag.py:588} INFO - Filling up the DagBag from /opt/airflow/dags/02_sql_transform.py
[2026-07-10T00:37:01.892+0000] {processor.py:925} INFO - DAG(s) '02_sql_transform' retrieved from /opt/airflow/dags/02_sql_transform.py
[2026-07-10T00:37:01.948+0000] {logging_mixin.py:190} INFO - [2026-07-10T00:37:01.948+0000] {dag.py:3239} INFO - Sync 1 DAGs
[2026-07-10T00:37:01.972+0000] {logging_mixin.py:190} INFO - [2026-07-10T00:37:01.972+0000] {dag.py:4180} INFO - Setting next_dagrun for 02_sql_transform to None, run_after=None
[2026-07-10T00:37:01.998+0000] {processor.py:208} INFO - Processing /opt/airflow/dags/02_sql_transform.py took 0.137 seconds
[2026-07-10T00:37:32.990+0000] {processor.py:186} INFO - Started process (PID=11556) to work on /opt/airflow/dags/02_sql_transform.py
[2026-07-10T00:37:32.990+0000] {processor.py:914} INFO - Processing file /opt/airflow/dags/02_sql_transform.py for tasks to queue
[2026-07-10T00:37:32.993+0000] {logging_mixin.py:190} INFO - [2026-07-10T00:37:32.993+0000] {dagbag.py:588} INFO - Filling up the DagBag from /opt/airflow/dags/02_sql_transform.py
[2026-07-10T00:37:33.007+0000] {processor.py:925} INFO - DAG(s) '02_sql_transform' retrieved from /opt/airflow/dags/02_sql_transform.py
[2026-07-10T00:37:33.053+0000] {logging_mixin.py:190} INFO - [2026-07-10T00:37:33.053+0000] {dag.py:3239} INFO - Sync 1 DAGs
[2026-07-10T00:37:33.071+0000] {logging_mixin.py:190} INFO - [2026-07-10T00:37:33.071+0000] {dag.py:4180} INFO - Setting next_dagrun for 02_sql_transform to None, run_after=None
[2026-07-10T00:37:33.094+0000] {processor.py:208} INFO - Processing /opt/airflow/dags/02_sql_transform.py took 0.112 seconds
[2026-07-10T00:38:03.900+0000] {processor.py:186} INFO - Started process (PID=11589) to work on /opt/airflow/dags/02_sql_transform.py
[2026-07-10T00:38:03.901+0000] {processor.py:914} INFO - Processing file /opt/airflow/dags/02_sql_transform.py for tasks to queue
[2026-07-10T00:38:03.904+0000] {logging_mixin.py:190} INFO - [2026-07-10T00:38:03.904+0000] {dagbag.py:588} INFO - Filling up the DagBag from /opt/airflow/dags/02_sql_transform.py
[2026-07-10T00:38:03.914+0000] {processor.py:925} INFO - DAG(s) '02_sql_transform' retrieved from /opt/airflow/dags/02_sql_transform.py
[2026-07-10T00:38:03.953+0000] {logging_mixin.py:190} INFO - [2026-07-10T00:38:03.952+0000] {dag.py:3239} INFO - Sync 1 DAGs
[2026-07-10T00:38:03.972+0000] {logging_mixin.py:190} INFO - [2026-07-10T00:38:03.971+0000] {dag.py:4180} INFO - Setting next_dagrun for 02_sql_transform to None, run_after=None
[2026-07-10T00:38:03.992+0000] {processor.py:208} INFO - Processing /opt/airflow/dags/02_sql_transform.py took 0.100 seconds
[2026-07-10T00:38:35.162+0000] {processor.py:186} INFO - Started process (PID=11626) to work on /opt/airflow/dags/02_sql_transform.py
[2026-07-10T00:38:35.166+0000] {processor.py:914} INFO - Processing file /opt/airflow/dags/02_sql_transform.py for tasks to queue
[2026-07-10T00:38:35.177+0000] {logging_mixin.py:190} INFO - [2026-07-10T00:38:35.177+0000] {dagbag.py:588} INFO - Filling up the DagBag from /opt/airflow/dags/02_sql_transform.py
[2026-07-10T00:38:35.194+0000] {processor.py:925} INFO - DAG(s) '02_sql_transform' retrieved from /opt/airflow/dags/02_sql_transform.py
[2026-07-10T00:38:35.340+0000] {logging_mixin.py:190} INFO - [2026-07-10T00:38:35.339+0000] {dag.py:3239} INFO - Sync 1 DAGs
[2026-07-10T00:38:35.414+0000] {logging_mixin.py:190} INFO - [2026-07-10T00:38:35.413+0000] {dag.py:4180} INFO - Setting next_dagrun for 02_sql_transform to None, run_after=None
[2026-07-10T00:38:35.446+0000] {processor.py:208} INFO - Processing /opt/airflow/dags/02_sql_transform.py took 0.298 seconds
[2026-07-10T00:39:06.368+0000] {processor.py:186} INFO - Started process (PID=11666) to work on /opt/airflow/dags/02_sql_transform.py
[2026-07-10T00:39:06.370+0000] {processor.py:914} INFO - Processing file /opt/airflow/dags/02_sql_transform.py for tasks to queue
[2026-07-10T00:39:06.378+0000] {logging_mixin.py:190} INFO - [2026-07-10T00:39:06.377+0000] {dagbag.py:588} INFO - Filling up the DagBag from /opt/airflow/dags/02_sql_transform.py
[2026-07-10T00:39:06.395+0000] {processor.py:925} INFO - DAG(s) '02_sql_transform' retrieved from /opt/airflow/dags/02_sql_transform.py
[2026-07-10T00:39:06.493+0000] {logging_mixin.py:190} INFO - [2026-07-10T00:39:06.488+0000] {dag.py:3239} INFO - Sync 1 DAGs
[2026-07-10T00:39:06.551+0000] {logging_mixin.py:190} INFO - [2026-07-10T00:39:06.550+0000] {dag.py:4180} INFO - Setting next_dagrun for 02_sql_transform to None, run_after=None
[2026-07-10T00:39:06.600+0000] {processor.py:208} INFO - Processing /opt/airflow/dags/02_sql_transform.py took 0.250 seconds
[2026-07-10T00:39:37.378+0000] {processor.py:186} INFO - Started process (PID=11724) to work on /opt/airflow/dags/02_sql_transform.py
[2026-07-10T00:39:37.379+0000] {processor.py:914} INFO - Processing file /opt/airflow/dags/02_sql_transform.py for tasks to queue
[2026-07-10T00:39:37.383+0000] {logging_mixin.py:190} INFO - [2026-07-10T00:39:37.382+0000] {dagbag.py:588} INFO - Filling up the DagBag from /opt/airflow/dags/02_sql_transform.py
[2026-07-10T00:39:37.400+0000] {processor.py:925} INFO - DAG(s) '02_sql_transform' retrieved from /opt/airflow/dags/02_sql_transform.py
[2026-07-10T00:39:37.508+0000] {logging_mixin.py:190} INFO - [2026-07-10T00:39:37.504+0000] {dag.py:3239} INFO - Sync 1 DAGs
[2026-07-10T00:39:37.576+0000] {logging_mixin.py:190} INFO - [2026-07-10T00:39:37.575+0000] {dag.py:4180} INFO - Setting next_dagrun for 02_sql_transform to None, run_after=None
[2026-07-10T00:39:37.614+0000] {processor.py:208} INFO - Processing /opt/airflow/dags/02_sql_transform.py took 0.248 seconds
[2026-07-10T00:40:07.859+0000] {processor.py:186} INFO - Started process (PID=11770) to work on /opt/airflow/dags/02_sql_transform.py
[2026-07-10T00:40:07.867+0000] {processor.py:914} INFO - Processing file /opt/airflow/dags/02_sql_transform.py for tasks to queue
[2026-07-10T00:40:07.870+0000] {logging_mixin.py:190} INFO - [2026-07-10T00:40:07.870+0000] {dagbag.py:588} INFO - Filling up the DagBag from /opt/airflow/dags/02_sql_transform.py
[2026-07-10T00:40:07.883+0000] {processor.py:925} INFO - DAG(s) '02_sql_transform' retrieved from /opt/airflow/dags/02_sql_transform.py
[2026-07-10T00:40:07.924+0000] {logging_mixin.py:190} INFO - [2026-07-10T00:40:07.924+0000] {dag.py:3239} INFO - Sync 1 DAGs
[2026-07-10T00:40:07.939+0000] {logging_mixin.py:190} INFO - [2026-07-10T00:40:07.939+0000] {dag.py:4180} INFO - Setting next_dagrun for 02_sql_transform to None, run_after=None
[2026-07-10T00:40:07.960+0000] {processor.py:208} INFO - Processing /opt/airflow/dags/02_sql_transform.py took 0.127 seconds
[2026-07-10T00:40:38.177+0000] {processor.py:186} INFO - Started process (PID=11812) to work on /opt/airflow/dags/02_sql_transform.py
[2026-07-10T00:40:38.178+0000] {processor.py:914} INFO - Processing file /opt/airflow/dags/02_sql_transform.py for tasks to queue
[2026-07-10T00:40:38.181+0000] {logging_mixin.py:190} INFO - [2026-07-10T00:40:38.181+0000] {dagbag.py:588} INFO - Filling up the DagBag from /opt/airflow/dags/02_sql_transform.py
[2026-07-10T00:40:38.192+0000] {processor.py:925} INFO - DAG(s) '02_sql_transform' retrieved from /opt/airflow/dags/02_sql_transform.py
[2026-07-10T00:40:38.242+0000] {logging_mixin.py:190} INFO - [2026-07-10T00:40:38.242+0000] {dag.py:3239} INFO - Sync 1 DAGs
[2026-07-10T00:40:38.261+0000] {logging_mixin.py:190} INFO - [2026-07-10T00:40:38.261+0000] {dag.py:4180} INFO - Setting next_dagrun for 02_sql_transform to None, run_after=None
[2026-07-10T00:40:38.284+0000] {processor.py:208} INFO - Processing /opt/airflow/dags/02_sql_transform.py took 0.117 seconds
[2026-07-10T00:41:08.403+0000] {processor.py:186} INFO - Started process (PID=11850) to work on /opt/airflow/dags/02_sql_transform.py
[2026-07-10T00:41:08.405+0000] {processor.py:914} INFO - Processing file /opt/airflow/dags/02_sql_transform.py for tasks to queue
[2026-07-10T00:41:08.409+0000] {logging_mixin.py:190} INFO - [2026-07-10T00:41:08.408+0000] {dagbag.py:588} INFO - Filling up the DagBag from /opt/airflow/dags/02_sql_transform.py
[2026-07-10T00:41:08.424+0000] {processor.py:925} INFO - DAG(s) '02_sql_transform' retrieved from /opt/airflow/dags/02_sql_transform.py
[2026-07-10T00:41:08.487+0000] {logging_mixin.py:190} INFO - [2026-07-10T00:41:08.487+0000] {dag.py:3239} INFO - Sync 1 DAGs
[2026-07-10T00:41:08.524+0000] {logging_mixin.py:190} INFO - [2026-07-10T00:41:08.523+0000] {dag.py:4180} INFO - Setting next_dagrun for 02_sql_transform to None, run_after=None
[2026-07-10T00:41:08.560+0000] {processor.py:208} INFO - Processing /opt/airflow/dags/02_sql_transform.py took 0.172 seconds
[2026-07-10T00:41:38.703+0000] {processor.py:186} INFO - Started process (PID=11887) to work on /opt/airflow/dags/02_sql_transform.py
[2026-07-10T00:41:38.704+0000] {processor.py:914} INFO - Processing file /opt/airflow/dags/02_sql_transform.py for tasks to queue
[2026-07-10T00:41:38.708+0000] {logging_mixin.py:190} INFO - [2026-07-10T00:41:38.708+0000] {dagbag.py:588} INFO - Filling up the DagBag from /opt/airflow/dags/02_sql_transform.py
[2026-07-10T00:41:38.721+0000] {processor.py:925} INFO - DAG(s) '02_sql_transform' retrieved from /opt/airflow/dags/02_sql_transform.py
[2026-07-10T00:41:38.759+0000] {logging_mixin.py:190} INFO - [2026-07-10T00:41:38.759+0000] {dag.py:3239} INFO - Sync 1 DAGs
[2026-07-10T00:41:38.776+0000] {logging_mixin.py:190} INFO - [2026-07-10T00:41:38.775+0000] {dag.py:4180} INFO - Setting next_dagrun for 02_sql_transform to None, run_after=None
[2026-07-10T00:41:38.797+0000] {processor.py:208} INFO - Processing /opt/airflow/dags/02_sql_transform.py took 0.115 seconds
[2026-07-10T00:42:09.133+0000] {processor.py:186} INFO - Started process (PID=11927) to work on /opt/airflow/dags/02_sql_transform.py
[2026-07-10T00:42:09.137+0000] {processor.py:914} INFO - Processing file /opt/airflow/dags/02_sql_transform.py for tasks to queue
[2026-07-10T00:42:09.143+0000] {logging_mixin.py:190} INFO - [2026-07-10T00:42:09.142+0000] {dagbag.py:588} INFO - Filling up the DagBag from /opt/airflow/dags/02_sql_transform.py
[2026-07-10T00:42:09.159+0000] {processor.py:925} INFO - DAG(s) '02_sql_transform' retrieved from /opt/airflow/dags/02_sql_transform.py
[2026-07-10T00:42:09.200+0000] {logging_mixin.py:190} INFO - [2026-07-10T00:42:09.200+0000] {dag.py:3239} INFO - Sync 1 DAGs
[2026-07-10T00:42:09.218+0000] {logging_mixin.py:190} INFO - [2026-07-10T00:42:09.218+0000] {dag.py:4180} INFO - Setting next_dagrun for 02_sql_transform to None, run_after=None
[2026-07-10T00:42:09.240+0000] {processor.py:208} INFO - Processing /opt/airflow/dags/02_sql_transform.py took 0.133 seconds
[2026-07-10T00:42:39.565+0000] {processor.py:186} INFO - Started process (PID=11967) to work on /opt/airflow/dags/02_sql_transform.py
[2026-07-10T00:42:39.575+0000] {processor.py:914} INFO - Processing file /opt/airflow/dags/02_sql_transform.py for tasks to queue
[2026-07-10T00:42:39.585+0000] {logging_mixin.py:190} INFO - [2026-07-10T00:42:39.583+0000] {dagbag.py:588} INFO - Filling up the DagBag from /opt/airflow/dags/02_sql_transform.py
[2026-07-10T00:42:39.606+0000] {processor.py:925} INFO - DAG(s) '02_sql_transform' retrieved from /opt/airflow/dags/02_sql_transform.py
[2026-07-10T00:42:39.652+0000] {logging_mixin.py:190} INFO - [2026-07-10T00:42:39.652+0000] {dag.py:3239} INFO - Sync 1 DAGs
[2026-07-10T00:42:39.671+0000] {logging_mixin.py:190} INFO - [2026-07-10T00:42:39.670+0000] {dag.py:4180} INFO - Setting next_dagrun for 02_sql_transform to None, run_after=None
[2026-07-10T00:42:39.693+0000] {processor.py:208} INFO - Processing /opt/airflow/dags/02_sql_transform.py took 0.187 seconds
[2026-07-10T00:43:09.803+0000] {processor.py:186} INFO - Started process (PID=12007) to work on /opt/airflow/dags/02_sql_transform.py
[2026-07-10T00:43:09.805+0000] {processor.py:914} INFO - Processing file /opt/airflow/dags/02_sql_transform.py for tasks to queue
[2026-07-10T00:43:09.809+0000] {logging_mixin.py:190} INFO - [2026-07-10T00:43:09.809+0000] {dagbag.py:588} INFO - Filling up the DagBag from /opt/airflow/dags/02_sql_transform.py
[2026-07-10T00:43:09.821+0000] {processor.py:925} INFO - DAG(s) '02_sql_transform' retrieved from /opt/airflow/dags/02_sql_transform.py
[2026-07-10T00:43:09.865+0000] {logging_mixin.py:190} INFO - [2026-07-10T00:43:09.864+0000] {dag.py:3239} INFO - Sync 1 DAGs
[2026-07-10T00:43:09.883+0000] {logging_mixin.py:190} INFO - [2026-07-10T00:43:09.883+0000] {dag.py:4180} INFO - Setting next_dagrun for 02_sql_transform to None, run_after=None
[2026-07-10T00:43:09.910+0000] {processor.py:208} INFO - Processing /opt/airflow/dags/02_sql_transform.py took 0.126 seconds
[2026-07-10T00:43:40.883+0000] {processor.py:186} INFO - Started process (PID=12045) to work on /opt/airflow/dags/02_sql_transform.py
[2026-07-10T00:43:40.887+0000] {processor.py:914} INFO - Processing file /opt/airflow/dags/02_sql_transform.py for tasks to queue
[2026-07-10T00:43:40.893+0000] {logging_mixin.py:190} INFO - [2026-07-10T00:43:40.893+0000] {dagbag.py:588} INFO - Filling up the DagBag from /opt/airflow/dags/02_sql_transform.py
[2026-07-10T00:43:40.908+0000] {processor.py:925} INFO - DAG(s) '02_sql_transform' retrieved from /opt/airflow/dags/02_sql_transform.py
[2026-07-10T00:43:40.952+0000] {logging_mixin.py:190} INFO - [2026-07-10T00:43:40.951+0000] {dag.py:3239} INFO - Sync 1 DAGs
[2026-07-10T00:43:40.970+0000] {logging_mixin.py:190} INFO - [2026-07-10T00:43:40.969+0000] {dag.py:4180} INFO - Setting next_dagrun for 02_sql_transform to None, run_after=None
[2026-07-10T00:43:40.995+0000] {processor.py:208} INFO - Processing /opt/airflow/dags/02_sql_transform.py took 0.146 seconds
[2026-07-10T00:44:12.013+0000] {processor.py:186} INFO - Started process (PID=12085) to work on /opt/airflow/dags/02_sql_transform.py
[2026-07-10T00:44:12.014+0000] {processor.py:914} INFO - Processing file /opt/airflow/dags/02_sql_transform.py for tasks to queue
[2026-07-10T00:44:12.018+0000] {logging_mixin.py:190} INFO - [2026-07-10T00:44:12.017+0000] {dagbag.py:588} INFO - Filling up the DagBag from /opt/airflow/dags/02_sql_transform.py
[2026-07-10T00:44:12.033+0000] {processor.py:925} INFO - DAG(s) '02_sql_transform' retrieved from /opt/airflow/dags/02_sql_transform.py
[2026-07-10T00:44:12.079+0000] {logging_mixin.py:190} INFO - [2026-07-10T00:44:12.079+0000] {dag.py:3239} INFO - Sync 1 DAGs
[2026-07-10T00:44:12.098+0000] {logging_mixin.py:190} INFO - [2026-07-10T00:44:12.098+0000] {dag.py:4180} INFO - Setting next_dagrun for 02_sql_transform to None, run_after=None
[2026-07-10T00:44:12.120+0000] {processor.py:208} INFO - Processing /opt/airflow/dags/02_sql_transform.py took 0.116 seconds
[2026-07-10T00:44:43.061+0000] {processor.py:186} INFO - Started process (PID=12125) to work on /opt/airflow/dags/02_sql_transform.py
[2026-07-10T00:44:43.063+0000] {processor.py:914} INFO - Processing file /opt/airflow/dags/02_sql_transform.py for tasks to queue
[2026-07-10T00:44:43.067+0000] {logging_mixin.py:190} INFO - [2026-07-10T00:44:43.066+0000] {dagbag.py:588} INFO - Filling up the DagBag from /opt/airflow/dags/02_sql_transform.py
[2026-07-10T00:44:43.084+0000] {processor.py:925} INFO - DAG(s) '02_sql_transform' retrieved from /opt/airflow/dags/02_sql_transform.py
[2026-07-10T00:44:43.145+0000] {logging_mixin.py:190} INFO - [2026-07-10T00:44:43.144+0000] {dag.py:3239} INFO - Sync 1 DAGs
[2026-07-10T00:44:43.171+0000] {logging_mixin.py:190} INFO - [2026-07-10T00:44:43.171+0000] {dag.py:4180} INFO - Setting next_dagrun for 02_sql_transform to None, run_after=None
[2026-07-10T00:44:43.204+0000] {processor.py:208} INFO - Processing /opt/airflow/dags/02_sql_transform.py took 0.161 seconds
[2026-07-10T00:45:13.516+0000] {processor.py:186} INFO - Started process (PID=12165) to work on /opt/airflow/dags/02_sql_transform.py
[2026-07-10T00:45:13.519+0000] {processor.py:914} INFO - Processing file /opt/airflow/dags/02_sql_transform.py for tasks to queue
[2026-07-10T00:45:13.528+0000] {logging_mixin.py:190} INFO - [2026-07-10T00:45:13.527+0000] {dagbag.py:588} INFO - Filling up the DagBag from /opt/airflow/dags/02_sql_transform.py
[2026-07-10T00:45:13.549+0000] {processor.py:925} INFO - DAG(s) '02_sql_transform' retrieved from /opt/airflow/dags/02_sql_transform.py
[2026-07-10T00:45:13.602+0000] {logging_mixin.py:190} INFO - [2026-07-10T00:45:13.602+0000] {dag.py:3239} INFO - Sync 1 DAGs
[2026-07-10T00:45:13.624+0000] {logging_mixin.py:190} INFO - [2026-07-10T00:45:13.624+0000] {dag.py:4180} INFO - Setting next_dagrun for 02_sql_transform to None, run_after=None
[2026-07-10T00:45:13.656+0000] {processor.py:208} INFO - Processing /opt/airflow/dags/02_sql_transform.py took 0.187 seconds
[2026-07-10T00:45:43.824+0000] {processor.py:186} INFO - Started process (PID=12205) to work on /opt/airflow/dags/02_sql_transform.py
[2026-07-10T00:45:43.827+0000] {processor.py:914} INFO - Processing file /opt/airflow/dags/02_sql_transform.py for tasks to queue
[2026-07-10T00:45:43.831+0000] {logging_mixin.py:190} INFO - [2026-07-10T00:45:43.831+0000] {dagbag.py:588} INFO - Filling up the DagBag from /opt/airflow/dags/02_sql_transform.py
[2026-07-10T00:45:43.849+0000] {processor.py:925} INFO - DAG(s) '02_sql_transform' retrieved from /opt/airflow/dags/02_sql_transform.py
[2026-07-10T00:45:43.908+0000] {logging_mixin.py:190} INFO - [2026-07-10T00:45:43.907+0000] {dag.py:3239} INFO - Sync 1 DAGs
[2026-07-10T00:45:43.933+0000] {logging_mixin.py:190} INFO - [2026-07-10T00:45:43.933+0000] {dag.py:4180} INFO - Setting next_dagrun for 02_sql_transform to None, run_after=None
[2026-07-10T00:45:43.964+0000] {processor.py:208} INFO - Processing /opt/airflow/dags/02_sql_transform.py took 0.159 seconds
[2026-07-10T00:46:14.319+0000] {processor.py:186} INFO - Started process (PID=12245) to work on /opt/airflow/dags/02_sql_transform.py
[2026-07-10T00:46:14.321+0000] {processor.py:914} INFO - Processing file /opt/airflow/dags/02_sql_transform.py for tasks to queue
[2026-07-10T00:46:14.326+0000] {logging_mixin.py:190} INFO - [2026-07-10T00:46:14.325+0000] {dagbag.py:588} INFO - Filling up the DagBag from /opt/airflow/dags/02_sql_transform.py
[2026-07-10T00:46:14.339+0000] {processor.py:925} INFO - DAG(s) '02_sql_transform' retrieved from /opt/airflow/dags/02_sql_transform.py
[2026-07-10T00:46:14.382+0000] {logging_mixin.py:190} INFO - [2026-07-10T00:46:14.382+0000] {dag.py:3239} INFO - Sync 1 DAGs
[2026-07-10T00:46:14.402+0000] {logging_mixin.py:190} INFO - [2026-07-10T00:46:14.402+0000] {dag.py:4180} INFO - Setting next_dagrun for 02_sql_transform to None, run_after=None
[2026-07-10T00:46:14.429+0000] {processor.py:208} INFO - Processing /opt/airflow/dags/02_sql_transform.py took 0.134 seconds
[2026-07-10T00:46:44.658+0000] {processor.py:186} INFO - Started process (PID=12285) to work on /opt/airflow/dags/02_sql_transform.py
[2026-07-10T00:46:44.665+0000] {processor.py:914} INFO - Processing file /opt/airflow/dags/02_sql_transform.py for tasks to queue
[2026-07-10T00:46:44.672+0000] {logging_mixin.py:190} INFO - [2026-07-10T00:46:44.671+0000] {dagbag.py:588} INFO - Filling up the DagBag from /opt/airflow/dags/02_sql_transform.py
[2026-07-10T00:46:44.697+0000] {processor.py:925} INFO - DAG(s) '02_sql_transform' retrieved from /opt/airflow/dags/02_sql_transform.py
[2026-07-10T00:46:44.757+0000] {logging_mixin.py:190} INFO - [2026-07-10T00:46:44.757+0000] {dag.py:3239} INFO - Sync 1 DAGs
[2026-07-10T00:46:44.775+0000] {logging_mixin.py:190} INFO - [2026-07-10T00:46:44.775+0000] {dag.py:4180} INFO - Setting next_dagrun for 02_sql_transform to None, run_after=None
[2026-07-10T00:46:44.797+0000] {processor.py:208} INFO - Processing /opt/airflow/dags/02_sql_transform.py took 0.191 seconds
[2026-07-10T00:47:15.085+0000] {processor.py:186} INFO - Started process (PID=12325) to work on /opt/airflow/dags/02_sql_transform.py
[2026-07-10T00:47:15.089+0000] {processor.py:914} INFO - Processing file /opt/airflow/dags/02_sql_transform.py for tasks to queue
[2026-07-10T00:47:15.093+0000] {logging_mixin.py:190} INFO - [2026-07-10T00:47:15.093+0000] {dagbag.py:588} INFO - Filling up the DagBag from /opt/airflow/dags/02_sql_transform.py
[2026-07-10T00:47:15.110+0000] {processor.py:925} INFO - DAG(s) '02_sql_transform' retrieved from /opt/airflow/dags/02_sql_transform.py
[2026-07-10T00:47:15.153+0000] {logging_mixin.py:190} INFO - [2026-07-10T00:47:15.152+0000] {dag.py:3239} INFO - Sync 1 DAGs
[2026-07-10T00:47:15.172+0000] {logging_mixin.py:190} INFO - [2026-07-10T00:47:15.172+0000] {dag.py:4180} INFO - Setting next_dagrun for 02_sql_transform to None, run_after=None
[2026-07-10T00:47:15.193+0000] {processor.py:208} INFO - Processing /opt/airflow/dags/02_sql_transform.py took 0.127 seconds
[2026-07-10T00:47:45.341+0000] {processor.py:186} INFO - Started process (PID=12365) to work on /opt/airflow/dags/02_sql_transform.py
[2026-07-10T00:47:45.342+0000] {processor.py:914} INFO - Processing file /opt/airflow/dags/02_sql_transform.py for tasks to queue
[2026-07-10T00:47:45.345+0000] {logging_mixin.py:190} INFO - [2026-07-10T00:47:45.344+0000] {dagbag.py:588} INFO - Filling up the DagBag from /opt/airflow/dags/02_sql_transform.py
[2026-07-10T00:47:45.356+0000] {processor.py:925} INFO - DAG(s) '02_sql_transform' retrieved from /opt/airflow/dags/02_sql_transform.py
[2026-07-10T00:47:45.392+0000] {logging_mixin.py:190} INFO - [2026-07-10T00:47:45.392+0000] {dag.py:3239} INFO - Sync 1 DAGs
[2026-07-10T00:47:45.412+0000] {logging_mixin.py:190} INFO - [2026-07-10T00:47:45.412+0000] {dag.py:4180} INFO - Setting next_dagrun for 02_sql_transform to None, run_after=None
[2026-07-10T00:47:45.437+0000] {processor.py:208} INFO - Processing /opt/airflow/dags/02_sql_transform.py took 0.103 seconds
[2026-07-10T00:48:15.727+0000] {processor.py:186} INFO - Started process (PID=12405) to work on /opt/airflow/dags/02_sql_transform.py
[2026-07-10T00:48:15.729+0000] {processor.py:914} INFO - Processing file /opt/airflow/dags/02_sql_transform.py for tasks to queue
[2026-07-10T00:48:15.732+0000] {logging_mixin.py:190} INFO - [2026-07-10T00:48:15.731+0000] {dagbag.py:588} INFO - Filling up the DagBag from /opt/airflow/dags/02_sql_transform.py
[2026-07-10T00:48:15.746+0000] {processor.py:925} INFO - DAG(s) '02_sql_transform' retrieved from /opt/airflow/dags/02_sql_transform.py
[2026-07-10T00:48:15.811+0000] {logging_mixin.py:190} INFO - [2026-07-10T00:48:15.804+0000] {dag.py:3239} INFO - Sync 1 DAGs
[2026-07-10T00:48:15.843+0000] {logging_mixin.py:190} INFO - [2026-07-10T00:48:15.843+0000] {dag.py:4180} INFO - Setting next_dagrun for 02_sql_transform to None, run_after=None
[2026-07-10T00:48:15.881+0000] {processor.py:208} INFO - Processing /opt/airflow/dags/02_sql_transform.py took 0.163 seconds
[2026-07-10T00:48:46.226+0000] {processor.py:186} INFO - Started process (PID=12445) to work on /opt/airflow/dags/02_sql_transform.py
[2026-07-10T00:48:46.228+0000] {processor.py:914} INFO - Processing file /opt/airflow/dags/02_sql_transform.py for tasks to queue
[2026-07-10T00:48:46.234+0000] {logging_mixin.py:190} INFO - [2026-07-10T00:48:46.233+0000] {dagbag.py:588} INFO - Filling up the DagBag from /opt/airflow/dags/02_sql_transform.py
[2026-07-10T00:48:46.254+0000] {processor.py:925} INFO - DAG(s) '02_sql_transform' retrieved from /opt/airflow/dags/02_sql_transform.py
[2026-07-10T00:48:46.322+0000] {logging_mixin.py:190} INFO - [2026-07-10T00:48:46.321+0000] {dag.py:3239} INFO - Sync 1 DAGs
[2026-07-10T00:48:46.349+0000] {logging_mixin.py:190} INFO - [2026-07-10T00:48:46.349+0000] {dag.py:4180} INFO - Setting next_dagrun for 02_sql_transform to None, run_after=None
[2026-07-10T00:48:46.387+0000] {processor.py:208} INFO - Processing /opt/airflow/dags/02_sql_transform.py took 0.183 seconds
[2026-07-10T00:49:16.570+0000] {processor.py:186} INFO - Started process (PID=12485) to work on /opt/airflow/dags/02_sql_transform.py
[2026-07-10T00:49:16.572+0000] {processor.py:914} INFO - Processing file /opt/airflow/dags/02_sql_transform.py for tasks to queue
[2026-07-10T00:49:16.575+0000] {logging_mixin.py:190} INFO - [2026-07-10T00:49:16.574+0000] {dagbag.py:588} INFO - Filling up the DagBag from /opt/airflow/dags/02_sql_transform.py
[2026-07-10T00:49:16.585+0000] {processor.py:925} INFO - DAG(s) '02_sql_transform' retrieved from /opt/airflow/dags/02_sql_transform.py
[2026-07-10T00:49:16.625+0000] {logging_mixin.py:190} INFO - [2026-07-10T00:49:16.625+0000] {dag.py:3239} INFO - Sync 1 DAGs
[2026-07-10T00:49:16.642+0000] {logging_mixin.py:190} INFO - [2026-07-10T00:49:16.642+0000] {dag.py:4180} INFO - Setting next_dagrun for 02_sql_transform to None, run_after=None
[2026-07-10T00:49:16.667+0000] {processor.py:208} INFO - Processing /opt/airflow/dags/02_sql_transform.py took 0.104 seconds
[2026-07-10T00:49:47.118+0000] {processor.py:186} INFO - Started process (PID=12525) to work on /opt/airflow/dags/02_sql_transform.py
[2026-07-10T00:49:47.119+0000] {processor.py:914} INFO - Processing file /opt/airflow/dags/02_sql_transform.py for tasks to queue
[2026-07-10T00:49:47.124+0000] {logging_mixin.py:190} INFO - [2026-07-10T00:49:47.123+0000] {dagbag.py:588} INFO - Filling up the DagBag from /opt/airflow/dags/02_sql_transform.py
[2026-07-10T00:49:47.137+0000] {processor.py:925} INFO - DAG(s) '02_sql_transform' retrieved from /opt/airflow/dags/02_sql_transform.py
[2026-07-10T00:49:47.181+0000] {logging_mixin.py:190} INFO - [2026-07-10T00:49:47.180+0000] {dag.py:3239} INFO - Sync 1 DAGs
[2026-07-10T00:49:47.198+0000] {logging_mixin.py:190} INFO - [2026-07-10T00:49:47.198+0000] {dag.py:4180} INFO - Setting next_dagrun for 02_sql_transform to None, run_after=None
[2026-07-10T00:49:47.220+0000] {processor.py:208} INFO - Processing /opt/airflow/dags/02_sql_transform.py took 0.118 seconds
[2026-07-10T00:50:17.455+0000] {processor.py:186} INFO - Started process (PID=12565) to work on /opt/airflow/dags/02_sql_transform.py
[2026-07-10T00:50:17.458+0000] {processor.py:914} INFO - Processing file /opt/airflow/dags/02_sql_transform.py for tasks to queue
[2026-07-10T00:50:17.468+0000] {logging_mixin.py:190} INFO - [2026-07-10T00:50:17.467+0000] {dagbag.py:588} INFO - Filling up the DagBag from /opt/airflow/dags/02_sql_transform.py
[2026-07-10T00:50:17.484+0000] {processor.py:925} INFO - DAG(s) '02_sql_transform' retrieved from /opt/airflow/dags/02_sql_transform.py
[2026-07-10T00:50:17.554+0000] {logging_mixin.py:190} INFO - [2026-07-10T00:50:17.553+0000] {dag.py:3239} INFO - Sync 1 DAGs
[2026-07-10T00:50:17.582+0000] {logging_mixin.py:190} INFO - [2026-07-10T00:50:17.581+0000] {dag.py:4180} INFO - Setting next_dagrun for 02_sql_transform to None, run_after=None
[2026-07-10T00:50:17.608+0000] {processor.py:208} INFO - Processing /opt/airflow/dags/02_sql_transform.py took 0.185 seconds
[2026-07-10T00:50:47.756+0000] {processor.py:186} INFO - Started process (PID=12602) to work on /opt/airflow/dags/02_sql_transform.py
[2026-07-10T00:50:47.760+0000] {processor.py:914} INFO - Processing file /opt/airflow/dags/02_sql_transform.py for tasks to queue
[2026-07-10T00:50:47.773+0000] {logging_mixin.py:190} INFO - [2026-07-10T00:50:47.772+0000] {dagbag.py:588} INFO - Filling up the DagBag from /opt/airflow/dags/02_sql_transform.py
[2026-07-10T00:50:47.804+0000] {processor.py:925} INFO - DAG(s) '02_sql_transform' retrieved from /opt/airflow/dags/02_sql_transform.py
[2026-07-10T00:50:47.857+0000] {logging_mixin.py:190} INFO - [2026-07-10T00:50:47.857+0000] {dag.py:3239} INFO - Sync 1 DAGs
[2026-07-10T00:50:47.875+0000] {logging_mixin.py:190} INFO - [2026-07-10T00:50:47.874+0000] {dag.py:4180} INFO - Setting next_dagrun for 02_sql_transform to None, run_after=None
[2026-07-10T00:50:47.896+0000] {processor.py:208} INFO - Processing /opt/airflow/dags/02_sql_transform.py took 0.181 seconds
[2026-07-10T00:51:18.243+0000] {processor.py:186} INFO - Started process (PID=12645) to work on /opt/airflow/dags/02_sql_transform.py
[2026-07-10T00:51:18.247+0000] {processor.py:914} INFO - Processing file /opt/airflow/dags/02_sql_transform.py for tasks to queue
[2026-07-10T00:51:18.255+0000] {logging_mixin.py:190} INFO - [2026-07-10T00:51:18.255+0000] {dagbag.py:588} INFO - Filling up the DagBag from /opt/airflow/dags/02_sql_transform.py
[2026-07-10T00:51:18.277+0000] {processor.py:925} INFO - DAG(s) '02_sql_transform' retrieved from /opt/airflow/dags/02_sql_transform.py
[2026-07-10T00:51:18.329+0000] {logging_mixin.py:190} INFO - [2026-07-10T00:51:18.329+0000] {dag.py:3239} INFO - Sync 1 DAGs
[2026-07-10T00:51:18.351+0000] {logging_mixin.py:190} INFO - [2026-07-10T00:51:18.350+0000] {dag.py:4180} INFO - Setting next_dagrun for 02_sql_transform to None, run_after=None
[2026-07-10T00:51:18.377+0000] {processor.py:208} INFO - Processing /opt/airflow/dags/02_sql_transform.py took 0.176 seconds
[2026-07-10T00:51:49.387+0000] {processor.py:186} INFO - Started process (PID=12685) to work on /opt/airflow/dags/02_sql_transform.py
[2026-07-10T00:51:49.389+0000] {processor.py:914} INFO - Processing file /opt/airflow/dags/02_sql_transform.py for tasks to queue
[2026-07-10T00:51:49.396+0000] {logging_mixin.py:190} INFO - [2026-07-10T00:51:49.395+0000] {dagbag.py:588} INFO - Filling up the DagBag from /opt/airflow/dags/02_sql_transform.py
[2026-07-10T00:51:49.417+0000] {processor.py:925} INFO - DAG(s) '02_sql_transform' retrieved from /opt/airflow/dags/02_sql_transform.py
[2026-07-10T00:51:49.463+0000] {logging_mixin.py:190} INFO - [2026-07-10T00:51:49.462+0000] {dag.py:3239} INFO - Sync 1 DAGs
[2026-07-10T00:51:49.485+0000] {logging_mixin.py:190} INFO - [2026-07-10T00:51:49.484+0000] {dag.py:4180} INFO - Setting next_dagrun for 02_sql_transform to None, run_after=None
[2026-07-10T00:51:49.512+0000] {processor.py:208} INFO - Processing /opt/airflow/dags/02_sql_transform.py took 0.141 seconds
[2026-07-10T00:52:19.671+0000] {processor.py:186} INFO - Started process (PID=12725) to work on /opt/airflow/dags/02_sql_transform.py
[2026-07-10T00:52:19.673+0000] {processor.py:914} INFO - Processing file /opt/airflow/dags/02_sql_transform.py for tasks to queue
[2026-07-10T00:52:19.675+0000] {logging_mixin.py:190} INFO - [2026-07-10T00:52:19.675+0000] {dagbag.py:588} INFO - Filling up the DagBag from /opt/airflow/dags/02_sql_transform.py
[2026-07-10T00:52:19.689+0000] {processor.py:925} INFO - DAG(s) '02_sql_transform' retrieved from /opt/airflow/dags/02_sql_transform.py
[2026-07-10T00:52:19.732+0000] {logging_mixin.py:190} INFO - [2026-07-10T00:52:19.732+0000] {dag.py:3239} INFO - Sync 1 DAGs
[2026-07-10T00:52:19.749+0000] {logging_mixin.py:190} INFO - [2026-07-10T00:52:19.749+0000] {dag.py:4180} INFO - Setting next_dagrun for 02_sql_transform to None, run_after=None
[2026-07-10T00:52:19.772+0000] {processor.py:208} INFO - Processing /opt/airflow/dags/02_sql_transform.py took 0.114 seconds
[2026-07-10T00:52:49.870+0000] {processor.py:186} INFO - Started process (PID=12765) to work on /opt/airflow/dags/02_sql_transform.py
[2026-07-10T00:52:49.871+0000] {processor.py:914} INFO - Processing file /opt/airflow/dags/02_sql_transform.py for tasks to queue
[2026-07-10T00:52:49.875+0000] {logging_mixin.py:190} INFO - [2026-07-10T00:52:49.875+0000] {dagbag.py:588} INFO - Filling up the DagBag from /opt/airflow/dags/02_sql_transform.py
[2026-07-10T00:52:49.893+0000] {processor.py:925} INFO - DAG(s) '02_sql_transform' retrieved from /opt/airflow/dags/02_sql_transform.py
[2026-07-10T00:52:49.977+0000] {logging_mixin.py:190} INFO - [2026-07-10T00:52:49.977+0000] {dag.py:3239} INFO - Sync 1 DAGs
[2026-07-10T00:52:49.999+0000] {logging_mixin.py:190} INFO - [2026-07-10T00:52:49.999+0000] {dag.py:4180} INFO - Setting next_dagrun for 02_sql_transform to None, run_after=None
[2026-07-10T00:52:50.030+0000] {processor.py:208} INFO - Processing /opt/airflow/dags/02_sql_transform.py took 0.171 seconds
[2026-07-10T00:53:20.231+0000] {processor.py:186} INFO - Started process (PID=12805) to work on /opt/airflow/dags/02_sql_transform.py
[2026-07-10T00:53:20.233+0000] {processor.py:914} INFO - Processing file /opt/airflow/dags/02_sql_transform.py for tasks to queue
[2026-07-10T00:53:20.238+0000] {logging_mixin.py:190} INFO - [2026-07-10T00:53:20.237+0000] {dagbag.py:588} INFO - Filling up the DagBag from /opt/airflow/dags/02_sql_transform.py
[2026-07-10T00:53:20.250+0000] {processor.py:925} INFO - DAG(s) '02_sql_transform' retrieved from /opt/airflow/dags/02_sql_transform.py
[2026-07-10T00:53:20.296+0000] {logging_mixin.py:190} INFO - [2026-07-10T00:53:20.296+0000] {dag.py:3239} INFO - Sync 1 DAGs
[2026-07-10T00:53:20.314+0000] {logging_mixin.py:190} INFO - [2026-07-10T00:53:20.314+0000] {dag.py:4180} INFO - Setting next_dagrun for 02_sql_transform to None, run_after=None
[2026-07-10T00:53:20.863+0000] {processor.py:208} INFO - Processing /opt/airflow/dags/02_sql_transform.py took 0.641 seconds
[2026-07-10T00:53:50.964+0000] {processor.py:186} INFO - Started process (PID=12847) to work on /opt/airflow/dags/02_sql_transform.py
[2026-07-10T00:53:50.965+0000] {processor.py:914} INFO - Processing file /opt/airflow/dags/02_sql_transform.py for tasks to queue
[2026-07-10T00:53:50.967+0000] {logging_mixin.py:190} INFO - [2026-07-10T00:53:50.967+0000] {dagbag.py:588} INFO - Filling up the DagBag from /opt/airflow/dags/02_sql_transform.py
[2026-07-10T00:53:50.978+0000] {processor.py:925} INFO - DAG(s) '02_sql_transform' retrieved from /opt/airflow/dags/02_sql_transform.py
[2026-07-10T00:53:51.027+0000] {logging_mixin.py:190} INFO - [2026-07-10T00:53:51.027+0000] {dag.py:3239} INFO - Sync 1 DAGs
[2026-07-10T00:53:51.047+0000] {logging_mixin.py:190} INFO - [2026-07-10T00:53:51.046+0000] {dag.py:4180} INFO - Setting next_dagrun for 02_sql_transform to None, run_after=None
[2026-07-10T00:53:51.069+0000] {processor.py:208} INFO - Processing /opt/airflow/dags/02_sql_transform.py took 0.113 seconds
[2026-07-10T00:54:21.419+0000] {processor.py:186} INFO - Started process (PID=12885) to work on /opt/airflow/dags/02_sql_transform.py
[2026-07-10T00:54:21.425+0000] {processor.py:914} INFO - Processing file /opt/airflow/dags/02_sql_transform.py for tasks to queue
[2026-07-10T00:54:21.441+0000] {logging_mixin.py:190} INFO - [2026-07-10T00:54:21.439+0000] {dagbag.py:588} INFO - Filling up the DagBag from /opt/airflow/dags/02_sql_transform.py
[2026-07-10T00:54:21.483+0000] {processor.py:925} INFO - DAG(s) '02_sql_transform' retrieved from /opt/airflow/dags/02_sql_transform.py
[2026-07-10T00:54:21.601+0000] {logging_mixin.py:190} INFO - [2026-07-10T00:54:21.601+0000] {dag.py:3239} INFO - Sync 1 DAGs
[2026-07-10T00:54:21.621+0000] {logging_mixin.py:190} INFO - [2026-07-10T00:54:21.621+0000] {dag.py:4180} INFO - Setting next_dagrun for 02_sql_transform to None, run_after=None
[2026-07-10T00:54:21.648+0000] {processor.py:208} INFO - Processing /opt/airflow/dags/02_sql_transform.py took 0.257 seconds
[2026-07-10T00:54:51.975+0000] {processor.py:186} INFO - Started process (PID=12925) to work on /opt/airflow/dags/02_sql_transform.py
[2026-07-10T00:54:51.976+0000] {processor.py:914} INFO - Processing file /opt/airflow/dags/02_sql_transform.py for tasks to queue
[2026-07-10T00:54:51.979+0000] {logging_mixin.py:190} INFO - [2026-07-10T00:54:51.978+0000] {dagbag.py:588} INFO - Filling up the DagBag from /opt/airflow/dags/02_sql_transform.py
[2026-07-10T00:54:51.993+0000] {processor.py:925} INFO - DAG(s) '02_sql_transform' retrieved from /opt/airflow/dags/02_sql_transform.py
[2026-07-10T00:54:52.044+0000] {logging_mixin.py:190} INFO - [2026-07-10T00:54:52.044+0000] {dag.py:3239} INFO - Sync 1 DAGs
[2026-07-10T00:54:52.066+0000] {logging_mixin.py:190} INFO - [2026-07-10T00:54:52.065+0000] {dag.py:4180} INFO - Setting next_dagrun for 02_sql_transform to None, run_after=None
[2026-07-10T00:54:52.093+0000] {processor.py:208} INFO - Processing /opt/airflow/dags/02_sql_transform.py took 0.129 seconds
[2026-07-10T00:55:22.307+0000] {processor.py:186} INFO - Started process (PID=12965) to work on /opt/airflow/dags/02_sql_transform.py
[2026-07-10T00:55:22.312+0000] {processor.py:914} INFO - Processing file /opt/airflow/dags/02_sql_transform.py for tasks to queue
[2026-07-10T00:55:22.319+0000] {logging_mixin.py:190} INFO - [2026-07-10T00:55:22.318+0000] {dagbag.py:588} INFO - Filling up the DagBag from /opt/airflow/dags/02_sql_transform.py
[2026-07-10T00:55:22.333+0000] {processor.py:925} INFO - DAG(s) '02_sql_transform' retrieved from /opt/airflow/dags/02_sql_transform.py
[2026-07-10T00:55:22.379+0000] {logging_mixin.py:190} INFO - [2026-07-10T00:55:22.379+0000] {dag.py:3239} INFO - Sync 1 DAGs
[2026-07-10T00:55:22.398+0000] {logging_mixin.py:190} INFO - [2026-07-10T00:55:22.398+0000] {dag.py:4180} INFO - Setting next_dagrun for 02_sql_transform to None, run_after=None
[2026-07-10T00:55:22.422+0000] {processor.py:208} INFO - Processing /opt/airflow/dags/02_sql_transform.py took 0.131 seconds
[2026-07-10T00:55:52.607+0000] {processor.py:186} INFO - Started process (PID=13005) to work on /opt/airflow/dags/02_sql_transform.py
[2026-07-10T00:55:52.608+0000] {processor.py:914} INFO - Processing file /opt/airflow/dags/02_sql_transform.py for tasks to queue
[2026-07-10T00:55:52.613+0000] {logging_mixin.py:190} INFO - [2026-07-10T00:55:52.612+0000] {dagbag.py:588} INFO - Filling up the DagBag from /opt/airflow/dags/02_sql_transform.py
[2026-07-10T00:55:52.627+0000] {processor.py:925} INFO - DAG(s) '02_sql_transform' retrieved from /opt/airflow/dags/02_sql_transform.py
[2026-07-10T00:55:52.681+0000] {logging_mixin.py:190} INFO - [2026-07-10T00:55:52.680+0000] {dag.py:3239} INFO - Sync 1 DAGs
[2026-07-10T00:55:52.700+0000] {logging_mixin.py:190} INFO - [2026-07-10T00:55:52.700+0000] {dag.py:4180} INFO - Setting next_dagrun for 02_sql_transform to None, run_after=None
[2026-07-10T00:55:52.735+0000] {processor.py:208} INFO - Processing /opt/airflow/dags/02_sql_transform.py took 0.142 seconds
[2026-07-10T00:56:22.965+0000] {processor.py:186} INFO - Started process (PID=13042) to work on /opt/airflow/dags/02_sql_transform.py
[2026-07-10T00:56:22.972+0000] {processor.py:914} INFO - Processing file /opt/airflow/dags/02_sql_transform.py for tasks to queue
[2026-07-10T00:56:22.988+0000] {logging_mixin.py:190} INFO - [2026-07-10T00:56:22.986+0000] {dagbag.py:588} INFO - Filling up the DagBag from /opt/airflow/dags/02_sql_transform.py
[2026-07-10T00:56:23.014+0000] {processor.py:925} INFO - DAG(s) '02_sql_transform' retrieved from /opt/airflow/dags/02_sql_transform.py
[2026-07-10T00:56:23.060+0000] {logging_mixin.py:190} INFO - [2026-07-10T00:56:23.060+0000] {dag.py:3239} INFO - Sync 1 DAGs
[2026-07-10T00:56:23.079+0000] {logging_mixin.py:190} INFO - [2026-07-10T00:56:23.079+0000] {dag.py:4180} INFO - Setting next_dagrun for 02_sql_transform to None, run_after=None
[2026-07-10T00:56:23.100+0000] {processor.py:208} INFO - Processing /opt/airflow/dags/02_sql_transform.py took 0.177 seconds
[2026-07-10T00:56:53.328+0000] {processor.py:186} INFO - Started process (PID=13085) to work on /opt/airflow/dags/02_sql_transform.py
[2026-07-10T00:56:53.330+0000] {processor.py:914} INFO - Processing file /opt/airflow/dags/02_sql_transform.py for tasks to queue
[2026-07-10T00:56:53.336+0000] {logging_mixin.py:190} INFO - [2026-07-10T00:56:53.335+0000] {dagbag.py:588} INFO - Filling up the DagBag from /opt/airflow/dags/02_sql_transform.py
[2026-07-10T00:56:53.354+0000] {processor.py:925} INFO - DAG(s) '02_sql_transform' retrieved from /opt/airflow/dags/02_sql_transform.py
[2026-07-10T00:56:53.426+0000] {logging_mixin.py:190} INFO - [2026-07-10T00:56:53.426+0000] {dag.py:3239} INFO - Sync 1 DAGs
[2026-07-10T00:56:53.448+0000] {logging_mixin.py:190} INFO - [2026-07-10T00:56:53.447+0000] {dag.py:4180} INFO - Setting next_dagrun for 02_sql_transform to None, run_after=None
[2026-07-10T00:56:53.656+0000] {processor.py:208} INFO - Processing /opt/airflow/dags/02_sql_transform.py took 0.349 seconds
[2026-07-10T00:57:24.088+0000] {processor.py:186} INFO - Started process (PID=13125) to work on /opt/airflow/dags/02_sql_transform.py
[2026-07-10T00:57:24.090+0000] {processor.py:914} INFO - Processing file /opt/airflow/dags/02_sql_transform.py for tasks to queue
[2026-07-10T00:57:24.095+0000] {logging_mixin.py:190} INFO - [2026-07-10T00:57:24.094+0000] {dagbag.py:588} INFO - Filling up the DagBag from /opt/airflow/dags/02_sql_transform.py
[2026-07-10T00:57:24.118+0000] {processor.py:925} INFO - DAG(s) '02_sql_transform' retrieved from /opt/airflow/dags/02_sql_transform.py
[2026-07-10T00:57:24.192+0000] {logging_mixin.py:190} INFO - [2026-07-10T00:57:24.191+0000] {dag.py:3239} INFO - Sync 1 DAGs
[2026-07-10T00:57:24.225+0000] {logging_mixin.py:190} INFO - [2026-07-10T00:57:24.224+0000] {dag.py:4180} INFO - Setting next_dagrun for 02_sql_transform to None, run_after=None
[2026-07-10T00:57:24.262+0000] {processor.py:208} INFO - Processing /opt/airflow/dags/02_sql_transform.py took 0.191 seconds
[2026-07-10T00:57:54.473+0000] {processor.py:186} INFO - Started process (PID=13165) to work on /opt/airflow/dags/02_sql_transform.py
[2026-07-10T00:57:54.475+0000] {processor.py:914} INFO - Processing file /opt/airflow/dags/02_sql_transform.py for tasks to queue
[2026-07-10T00:57:54.479+0000] {logging_mixin.py:190} INFO - [2026-07-10T00:57:54.479+0000] {dagbag.py:588} INFO - Filling up the DagBag from /opt/airflow/dags/02_sql_transform.py
[2026-07-10T00:57:54.494+0000] {processor.py:925} INFO - DAG(s) '02_sql_transform' retrieved from /opt/airflow/dags/02_sql_transform.py
[2026-07-10T00:57:54.538+0000] {logging_mixin.py:190} INFO - [2026-07-10T00:57:54.538+0000] {dag.py:3239} INFO - Sync 1 DAGs
[2026-07-10T00:57:54.557+0000] {logging_mixin.py:190} INFO - [2026-07-10T00:57:54.557+0000] {dag.py:4180} INFO - Setting next_dagrun for 02_sql_transform to None, run_after=None
[2026-07-10T00:57:54.584+0000] {processor.py:208} INFO - Processing /opt/airflow/dags/02_sql_transform.py took 0.128 seconds
[2026-07-10T00:58:24.649+0000] {processor.py:186} INFO - Started process (PID=13205) to work on /opt/airflow/dags/02_sql_transform.py
[2026-07-10T00:58:24.650+0000] {processor.py:914} INFO - Processing file /opt/airflow/dags/02_sql_transform.py for tasks to queue
[2026-07-10T00:58:24.654+0000] {logging_mixin.py:190} INFO - [2026-07-10T00:58:24.653+0000] {dagbag.py:588} INFO - Filling up the DagBag from /opt/airflow/dags/02_sql_transform.py
[2026-07-10T00:58:24.663+0000] {processor.py:925} INFO - DAG(s) '02_sql_transform' retrieved from /opt/airflow/dags/02_sql_transform.py
[2026-07-10T00:58:24.705+0000] {logging_mixin.py:190} INFO - [2026-07-10T00:58:24.705+0000] {dag.py:3239} INFO - Sync 1 DAGs
[2026-07-10T00:58:24.944+0000] {logging_mixin.py:190} INFO - [2026-07-10T00:58:24.944+0000] {dag.py:4180} INFO - Setting next_dagrun for 02_sql_transform to None, run_after=None
[2026-07-10T00:58:24.970+0000] {processor.py:208} INFO - Processing /opt/airflow/dags/02_sql_transform.py took 0.328 seconds
[2026-07-10T00:58:55.303+0000] {processor.py:186} INFO - Started process (PID=13245) to work on /opt/airflow/dags/02_sql_transform.py
[2026-07-10T00:58:55.307+0000] {processor.py:914} INFO - Processing file /opt/airflow/dags/02_sql_transform.py for tasks to queue
[2026-07-10T00:58:55.314+0000] {logging_mixin.py:190} INFO - [2026-07-10T00:58:55.313+0000] {dagbag.py:588} INFO - Filling up the DagBag from /opt/airflow/dags/02_sql_transform.py
[2026-07-10T00:58:55.332+0000] {processor.py:925} INFO - DAG(s) '02_sql_transform' retrieved from /opt/airflow/dags/02_sql_transform.py
[2026-07-10T00:58:55.397+0000] {logging_mixin.py:190} INFO - [2026-07-10T00:58:55.397+0000] {dag.py:3239} INFO - Sync 1 DAGs
[2026-07-10T00:58:55.423+0000] {logging_mixin.py:190} INFO - [2026-07-10T00:58:55.423+0000] {dag.py:4180} INFO - Setting next_dagrun for 02_sql_transform to None, run_after=None
[2026-07-10T00:58:55.455+0000] {processor.py:208} INFO - Processing /opt/airflow/dags/02_sql_transform.py took 0.200 seconds
[2026-07-10T00:59:25.899+0000] {processor.py:186} INFO - Started process (PID=13285) to work on /opt/airflow/dags/02_sql_transform.py
[2026-07-10T00:59:25.900+0000] {processor.py:914} INFO - Processing file /opt/airflow/dags/02_sql_transform.py for tasks to queue
[2026-07-10T00:59:25.902+0000] {logging_mixin.py:190} INFO - [2026-07-10T00:59:25.902+0000] {dagbag.py:588} INFO - Filling up the DagBag from /opt/airflow/dags/02_sql_transform.py
[2026-07-10T00:59:25.920+0000] {processor.py:925} INFO - DAG(s) '02_sql_transform' retrieved from /opt/airflow/dags/02_sql_transform.py
[2026-07-10T00:59:25.974+0000] {logging_mixin.py:190} INFO - [2026-07-10T00:59:25.974+0000] {dag.py:3239} INFO - Sync 1 DAGs
[2026-07-10T00:59:26.192+0000] {logging_mixin.py:190} INFO - [2026-07-10T00:59:26.191+0000] {dag.py:4180} INFO - Setting next_dagrun for 02_sql_transform to None, run_after=None
[2026-07-10T00:59:26.219+0000] {processor.py:208} INFO - Processing /opt/airflow/dags/02_sql_transform.py took 0.328 seconds
[2026-07-10T00:59:56.950+0000] {processor.py:186} INFO - Started process (PID=13325) to work on /opt/airflow/dags/02_sql_transform.py
[2026-07-10T00:59:56.951+0000] {processor.py:914} INFO - Processing file /opt/airflow/dags/02_sql_transform.py for tasks to queue
[2026-07-10T00:59:56.954+0000] {logging_mixin.py:190} INFO - [2026-07-10T00:59:56.953+0000] {dagbag.py:588} INFO - Filling up the DagBag from /opt/airflow/dags/02_sql_transform.py
[2026-07-10T00:59:56.964+0000] {processor.py:925} INFO - DAG(s) '02_sql_transform' retrieved from /opt/airflow/dags/02_sql_transform.py
[2026-07-10T00:59:57.002+0000] {logging_mixin.py:190} INFO - [2026-07-10T00:59:57.002+0000] {dag.py:3239} INFO - Sync 1 DAGs
[2026-07-10T00:59:57.020+0000] {logging_mixin.py:190} INFO - [2026-07-10T00:59:57.020+0000] {dag.py:4180} INFO - Setting next_dagrun for 02_sql_transform to None, run_after=None
[2026-07-10T00:59:57.041+0000] {processor.py:208} INFO - Processing /opt/airflow/dags/02_sql_transform.py took 0.099 seconds
[2026-07-10T01:00:28.102+0000] {processor.py:186} INFO - Started process (PID=13365) to work on /opt/airflow/dags/02_sql_transform.py
[2026-07-10T01:00:28.103+0000] {processor.py:914} INFO - Processing file /opt/airflow/dags/02_sql_transform.py for tasks to queue
[2026-07-10T01:00:28.107+0000] {logging_mixin.py:190} INFO - [2026-07-10T01:00:28.106+0000] {dagbag.py:588} INFO - Filling up the DagBag from /opt/airflow/dags/02_sql_transform.py
[2026-07-10T01:00:28.118+0000] {processor.py:925} INFO - DAG(s) '02_sql_transform' retrieved from /opt/airflow/dags/02_sql_transform.py
[2026-07-10T01:00:28.154+0000] {logging_mixin.py:190} INFO - [2026-07-10T01:00:28.153+0000] {dag.py:3239} INFO - Sync 1 DAGs
[2026-07-10T01:00:28.173+0000] {logging_mixin.py:190} INFO - [2026-07-10T01:00:28.173+0000] {dag.py:4180} INFO - Setting next_dagrun for 02_sql_transform to None, run_after=None
[2026-07-10T01:00:28.198+0000] {processor.py:208} INFO - Processing /opt/airflow/dags/02_sql_transform.py took 0.109 seconds
[2026-07-10T01:00:58.290+0000] {processor.py:186} INFO - Started process (PID=13405) to work on /opt/airflow/dags/02_sql_transform.py
[2026-07-10T01:00:58.291+0000] {processor.py:914} INFO - Processing file /opt/airflow/dags/02_sql_transform.py for tasks to queue
[2026-07-10T01:00:58.294+0000] {logging_mixin.py:190} INFO - [2026-07-10T01:00:58.293+0000] {dagbag.py:588} INFO - Filling up the DagBag from /opt/airflow/dags/02_sql_transform.py
[2026-07-10T01:00:58.307+0000] {processor.py:925} INFO - DAG(s) '02_sql_transform' retrieved from /opt/airflow/dags/02_sql_transform.py
[2026-07-10T01:00:58.355+0000] {logging_mixin.py:190} INFO - [2026-07-10T01:00:58.354+0000] {dag.py:3239} INFO - Sync 1 DAGs
[2026-07-10T01:00:58.374+0000] {logging_mixin.py:190} INFO - [2026-07-10T01:00:58.374+0000] {dag.py:4180} INFO - Setting next_dagrun for 02_sql_transform to None, run_after=None
[2026-07-10T01:00:58.399+0000] {processor.py:208} INFO - Processing /opt/airflow/dags/02_sql_transform.py took 0.119 seconds
[2026-07-10T01:01:28.517+0000] {processor.py:186} INFO - Started process (PID=13445) to work on /opt/airflow/dags/02_sql_transform.py
[2026-07-10T01:01:28.520+0000] {processor.py:914} INFO - Processing file /opt/airflow/dags/02_sql_transform.py for tasks to queue
[2026-07-10T01:01:28.526+0000] {logging_mixin.py:190} INFO - [2026-07-10T01:01:28.525+0000] {dagbag.py:588} INFO - Filling up the DagBag from /opt/airflow/dags/02_sql_transform.py
[2026-07-10T01:01:28.546+0000] {processor.py:925} INFO - DAG(s) '02_sql_transform' retrieved from /opt/airflow/dags/02_sql_transform.py
[2026-07-10T01:01:28.627+0000] {logging_mixin.py:190} INFO - [2026-07-10T01:01:28.627+0000] {dag.py:3239} INFO - Sync 1 DAGs
[2026-07-10T01:01:28.661+0000] {logging_mixin.py:190} INFO - [2026-07-10T01:01:28.660+0000] {dag.py:4180} INFO - Setting next_dagrun for 02_sql_transform to None, run_after=None
[2026-07-10T01:01:28.698+0000] {processor.py:208} INFO - Processing /opt/airflow/dags/02_sql_transform.py took 0.201 seconds
[2026-07-10T01:01:58.881+0000] {processor.py:186} INFO - Started process (PID=13485) to work on /opt/airflow/dags/02_sql_transform.py
[2026-07-10T01:01:58.882+0000] {processor.py:914} INFO - Processing file /opt/airflow/dags/02_sql_transform.py for tasks to queue
[2026-07-10T01:01:58.885+0000] {logging_mixin.py:190} INFO - [2026-07-10T01:01:58.885+0000] {dagbag.py:588} INFO - Filling up the DagBag from /opt/airflow/dags/02_sql_transform.py
[2026-07-10T01:01:58.897+0000] {processor.py:925} INFO - DAG(s) '02_sql_transform' retrieved from /opt/airflow/dags/02_sql_transform.py
[2026-07-10T01:01:58.936+0000] {logging_mixin.py:190} INFO - [2026-07-10T01:01:58.936+0000] {dag.py:3239} INFO - Sync 1 DAGs
[2026-07-10T01:01:58.956+0000] {logging_mixin.py:190} INFO - [2026-07-10T01:01:58.955+0000] {dag.py:4180} INFO - Setting next_dagrun for 02_sql_transform to None, run_after=None
[2026-07-10T01:01:58.978+0000] {processor.py:208} INFO - Processing /opt/airflow/dags/02_sql_transform.py took 0.104 seconds
[2026-07-10T01:02:29.670+0000] {processor.py:186} INFO - Started process (PID=13525) to work on /opt/airflow/dags/02_sql_transform.py
[2026-07-10T01:02:29.672+0000] {processor.py:914} INFO - Processing file /opt/airflow/dags/02_sql_transform.py for tasks to queue
[2026-07-10T01:02:29.676+0000] {logging_mixin.py:190} INFO - [2026-07-10T01:02:29.676+0000] {dagbag.py:588} INFO - Filling up the DagBag from /opt/airflow/dags/02_sql_transform.py
[2026-07-10T01:02:29.691+0000] {processor.py:925} INFO - DAG(s) '02_sql_transform' retrieved from /opt/airflow/dags/02_sql_transform.py
[2026-07-10T01:02:29.740+0000] {logging_mixin.py:190} INFO - [2026-07-10T01:02:29.740+0000] {dag.py:3239} INFO - Sync 1 DAGs
[2026-07-10T01:02:29.771+0000] {logging_mixin.py:190} INFO - [2026-07-10T01:02:29.770+0000] {dag.py:4180} INFO - Setting next_dagrun for 02_sql_transform to None, run_after=None
[2026-07-10T01:02:29.805+0000] {processor.py:208} INFO - Processing /opt/airflow/dags/02_sql_transform.py took 0.150 seconds
[2026-07-10T01:03:00.341+0000] {processor.py:186} INFO - Started process (PID=13565) to work on /opt/airflow/dags/02_sql_transform.py
[2026-07-10T01:03:00.342+0000] {processor.py:914} INFO - Processing file /opt/airflow/dags/02_sql_transform.py for tasks to queue
[2026-07-10T01:03:00.347+0000] {logging_mixin.py:190} INFO - [2026-07-10T01:03:00.346+0000] {dagbag.py:588} INFO - Filling up the DagBag from /opt/airflow/dags/02_sql_transform.py
[2026-07-10T01:03:00.360+0000] {processor.py:925} INFO - DAG(s) '02_sql_transform' retrieved from /opt/airflow/dags/02_sql_transform.py
[2026-07-10T01:03:00.410+0000] {logging_mixin.py:190} INFO - [2026-07-10T01:03:00.410+0000] {dag.py:3239} INFO - Sync 1 DAGs
[2026-07-10T01:03:00.430+0000] {logging_mixin.py:190} INFO - [2026-07-10T01:03:00.430+0000] {dag.py:4180} INFO - Setting next_dagrun for 02_sql_transform to None, run_after=None
[2026-07-10T01:03:00.455+0000] {processor.py:208} INFO - Processing /opt/airflow/dags/02_sql_transform.py took 0.127 seconds
[2026-07-10T01:03:30.729+0000] {processor.py:186} INFO - Started process (PID=13605) to work on /opt/airflow/dags/02_sql_transform.py
[2026-07-10T01:03:30.731+0000] {processor.py:914} INFO - Processing file /opt/airflow/dags/02_sql_transform.py for tasks to queue
[2026-07-10T01:03:30.737+0000] {logging_mixin.py:190} INFO - [2026-07-10T01:03:30.735+0000] {dagbag.py:588} INFO - Filling up the DagBag from /opt/airflow/dags/02_sql_transform.py
[2026-07-10T01:03:30.757+0000] {processor.py:925} INFO - DAG(s) '02_sql_transform' retrieved from /opt/airflow/dags/02_sql_transform.py
[2026-07-10T01:03:30.799+0000] {logging_mixin.py:190} INFO - [2026-07-10T01:03:30.799+0000] {dag.py:3239} INFO - Sync 1 DAGs
[2026-07-10T01:03:30.818+0000] {logging_mixin.py:190} INFO - [2026-07-10T01:03:30.817+0000] {dag.py:4180} INFO - Setting next_dagrun for 02_sql_transform to None, run_after=None
[2026-07-10T01:03:30.842+0000] {processor.py:208} INFO - Processing /opt/airflow/dags/02_sql_transform.py took 0.128 seconds
[2026-07-10T01:04:01.797+0000] {processor.py:186} INFO - Started process (PID=13645) to work on /opt/airflow/dags/02_sql_transform.py
[2026-07-10T01:04:01.799+0000] {processor.py:914} INFO - Processing file /opt/airflow/dags/02_sql_transform.py for tasks to queue
[2026-07-10T01:04:01.813+0000] {logging_mixin.py:190} INFO - [2026-07-10T01:04:01.811+0000] {dagbag.py:588} INFO - Filling up the DagBag from /opt/airflow/dags/02_sql_transform.py
[2026-07-10T01:04:01.845+0000] {processor.py:925} INFO - DAG(s) '02_sql_transform' retrieved from /opt/airflow/dags/02_sql_transform.py
[2026-07-10T01:04:01.920+0000] {logging_mixin.py:190} INFO - [2026-07-10T01:04:01.919+0000] {dag.py:3239} INFO - Sync 1 DAGs
[2026-07-10T01:04:01.951+0000] {logging_mixin.py:190} INFO - [2026-07-10T01:04:01.951+0000] {dag.py:4180} INFO - Setting next_dagrun for 02_sql_transform to None, run_after=None
[2026-07-10T01:04:01.981+0000] {processor.py:208} INFO - Processing /opt/airflow/dags/02_sql_transform.py took 0.209 seconds
[2026-07-10T01:04:32.265+0000] {processor.py:186} INFO - Started process (PID=13685) to work on /opt/airflow/dags/02_sql_transform.py
[2026-07-10T01:04:32.267+0000] {processor.py:914} INFO - Processing file /opt/airflow/dags/02_sql_transform.py for tasks to queue
[2026-07-10T01:04:32.269+0000] {logging_mixin.py:190} INFO - [2026-07-10T01:04:32.269+0000] {dagbag.py:588} INFO - Filling up the DagBag from /opt/airflow/dags/02_sql_transform.py
[2026-07-10T01:04:32.282+0000] {processor.py:925} INFO - DAG(s) '02_sql_transform' retrieved from /opt/airflow/dags/02_sql_transform.py
[2026-07-10T01:04:32.334+0000] {logging_mixin.py:190} INFO - [2026-07-10T01:04:32.333+0000] {dag.py:3239} INFO - Sync 1 DAGs
[2026-07-10T01:04:32.353+0000] {logging_mixin.py:190} INFO - [2026-07-10T01:04:32.353+0000] {dag.py:4180} INFO - Setting next_dagrun for 02_sql_transform to None, run_after=None
[2026-07-10T01:04:32.380+0000] {processor.py:208} INFO - Processing /opt/airflow/dags/02_sql_transform.py took 0.129 seconds
[2026-07-10T01:05:02.439+0000] {processor.py:186} INFO - Started process (PID=13725) to work on /opt/airflow/dags/02_sql_transform.py
[2026-07-10T01:05:02.440+0000] {processor.py:914} INFO - Processing file /opt/airflow/dags/02_sql_transform.py for tasks to queue
[2026-07-10T01:05:02.443+0000] {logging_mixin.py:190} INFO - [2026-07-10T01:05:02.443+0000] {dagbag.py:588} INFO - Filling up the DagBag from /opt/airflow/dags/02_sql_transform.py
[2026-07-10T01:05:02.457+0000] {processor.py:925} INFO - DAG(s) '02_sql_transform' retrieved from /opt/airflow/dags/02_sql_transform.py
[2026-07-10T01:05:02.512+0000] {logging_mixin.py:190} INFO - [2026-07-10T01:05:02.512+0000] {dag.py:3239} INFO - Sync 1 DAGs
[2026-07-10T01:05:02.530+0000] {logging_mixin.py:190} INFO - [2026-07-10T01:05:02.530+0000] {dag.py:4180} INFO - Setting next_dagrun for 02_sql_transform to None, run_after=None
[2026-07-10T01:05:02.552+0000] {processor.py:208} INFO - Processing /opt/airflow/dags/02_sql_transform.py took 0.122 seconds
[2026-07-10T01:05:32.821+0000] {processor.py:186} INFO - Started process (PID=13765) to work on /opt/airflow/dags/02_sql_transform.py
[2026-07-10T01:05:32.823+0000] {processor.py:914} INFO - Processing file /opt/airflow/dags/02_sql_transform.py for tasks to queue
[2026-07-10T01:05:32.826+0000] {logging_mixin.py:190} INFO - [2026-07-10T01:05:32.826+0000] {dagbag.py:588} INFO - Filling up the DagBag from /opt/airflow/dags/02_sql_transform.py
[2026-07-10T01:05:32.840+0000] {processor.py:925} INFO - DAG(s) '02_sql_transform' retrieved from /opt/airflow/dags/02_sql_transform.py
[2026-07-10T01:05:32.879+0000] {logging_mixin.py:190} INFO - [2026-07-10T01:05:32.879+0000] {dag.py:3239} INFO - Sync 1 DAGs
[2026-07-10T01:05:32.897+0000] {logging_mixin.py:190} INFO - [2026-07-10T01:05:32.897+0000] {dag.py:4180} INFO - Setting next_dagrun for 02_sql_transform to None, run_after=None
[2026-07-10T01:05:32.920+0000] {processor.py:208} INFO - Processing /opt/airflow/dags/02_sql_transform.py took 0.124 seconds
[2026-07-10T01:06:03.169+0000] {processor.py:186} INFO - Started process (PID=13805) to work on /opt/airflow/dags/02_sql_transform.py
[2026-07-10T01:06:03.170+0000] {processor.py:914} INFO - Processing file /opt/airflow/dags/02_sql_transform.py for tasks to queue
[2026-07-10T01:06:03.174+0000] {logging_mixin.py:190} INFO - [2026-07-10T01:06:03.173+0000] {dagbag.py:588} INFO - Filling up the DagBag from /opt/airflow/dags/02_sql_transform.py
[2026-07-10T01:06:03.191+0000] {processor.py:925} INFO - DAG(s) '02_sql_transform' retrieved from /opt/airflow/dags/02_sql_transform.py
[2026-07-10T01:06:03.240+0000] {logging_mixin.py:190} INFO - [2026-07-10T01:06:03.240+0000] {dag.py:3239} INFO - Sync 1 DAGs
[2026-07-10T01:06:03.260+0000] {logging_mixin.py:190} INFO - [2026-07-10T01:06:03.260+0000] {dag.py:4180} INFO - Setting next_dagrun for 02_sql_transform to None, run_after=None
[2026-07-10T01:06:03.283+0000] {processor.py:208} INFO - Processing /opt/airflow/dags/02_sql_transform.py took 0.133 seconds
[2026-07-10T01:06:33.403+0000] {processor.py:186} INFO - Started process (PID=13845) to work on /opt/airflow/dags/02_sql_transform.py
[2026-07-10T01:06:33.405+0000] {processor.py:914} INFO - Processing file /opt/airflow/dags/02_sql_transform.py for tasks to queue
[2026-07-10T01:06:33.412+0000] {logging_mixin.py:190} INFO - [2026-07-10T01:06:33.410+0000] {dagbag.py:588} INFO - Filling up the DagBag from /opt/airflow/dags/02_sql_transform.py
[2026-07-10T01:06:33.449+0000] {processor.py:925} INFO - DAG(s) '02_sql_transform' retrieved from /opt/airflow/dags/02_sql_transform.py
[2026-07-10T01:06:33.501+0000] {logging_mixin.py:190} INFO - [2026-07-10T01:06:33.501+0000] {dag.py:3239} INFO - Sync 1 DAGs
[2026-07-10T01:06:33.523+0000] {logging_mixin.py:190} INFO - [2026-07-10T01:06:33.523+0000] {dag.py:4180} INFO - Setting next_dagrun for 02_sql_transform to None, run_after=None
[2026-07-10T01:06:33.549+0000] {processor.py:208} INFO - Processing /opt/airflow/dags/02_sql_transform.py took 0.163 seconds
[2026-07-10T01:07:03.770+0000] {processor.py:186} INFO - Started process (PID=13885) to work on /opt/airflow/dags/02_sql_transform.py
[2026-07-10T01:07:03.771+0000] {processor.py:914} INFO - Processing file /opt/airflow/dags/02_sql_transform.py for tasks to queue
[2026-07-10T01:07:03.774+0000] {logging_mixin.py:190} INFO - [2026-07-10T01:07:03.773+0000] {dagbag.py:588} INFO - Filling up the DagBag from /opt/airflow/dags/02_sql_transform.py
[2026-07-10T01:07:03.785+0000] {processor.py:925} INFO - DAG(s) '02_sql_transform' retrieved from /opt/airflow/dags/02_sql_transform.py
[2026-07-10T01:07:03.825+0000] {logging_mixin.py:190} INFO - [2026-07-10T01:07:03.824+0000] {dag.py:3239} INFO - Sync 1 DAGs
[2026-07-10T01:07:03.841+0000] {logging_mixin.py:190} INFO - [2026-07-10T01:07:03.841+0000] {dag.py:4180} INFO - Setting next_dagrun for 02_sql_transform to None, run_after=None
[2026-07-10T01:07:03.864+0000] {processor.py:208} INFO - Processing /opt/airflow/dags/02_sql_transform.py took 0.108 seconds
[2026-07-10T01:07:34.050+0000] {processor.py:186} INFO - Started process (PID=13925) to work on /opt/airflow/dags/02_sql_transform.py
[2026-07-10T01:07:34.053+0000] {processor.py:914} INFO - Processing file /opt/airflow/dags/02_sql_transform.py for tasks to queue
[2026-07-10T01:07:34.058+0000] {logging_mixin.py:190} INFO - [2026-07-10T01:07:34.057+0000] {dagbag.py:588} INFO - Filling up the DagBag from /opt/airflow/dags/02_sql_transform.py
[2026-07-10T01:07:34.078+0000] {processor.py:925} INFO - DAG(s) '02_sql_transform' retrieved from /opt/airflow/dags/02_sql_transform.py
[2026-07-10T01:07:34.155+0000] {logging_mixin.py:190} INFO - [2026-07-10T01:07:34.154+0000] {dag.py:3239} INFO - Sync 1 DAGs
[2026-07-10T01:07:34.186+0000] {logging_mixin.py:190} INFO - [2026-07-10T01:07:34.185+0000] {dag.py:4180} INFO - Setting next_dagrun for 02_sql_transform to None, run_after=None
[2026-07-10T01:07:34.221+0000] {processor.py:208} INFO - Processing /opt/airflow/dags/02_sql_transform.py took 0.187 seconds
[2026-07-10T01:08:04.455+0000] {processor.py:186} INFO - Started process (PID=13965) to work on /opt/airflow/dags/02_sql_transform.py
[2026-07-10T01:08:04.457+0000] {processor.py:914} INFO - Processing file /opt/airflow/dags/02_sql_transform.py for tasks to queue
[2026-07-10T01:08:04.462+0000] {logging_mixin.py:190} INFO - [2026-07-10T01:08:04.461+0000] {dagbag.py:588} INFO - Filling up the DagBag from /opt/airflow/dags/02_sql_transform.py
[2026-07-10T01:08:04.478+0000] {processor.py:925} INFO - DAG(s) '02_sql_transform' retrieved from /opt/airflow/dags/02_sql_transform.py
[2026-07-10T01:08:04.530+0000] {logging_mixin.py:190} INFO - [2026-07-10T01:08:04.529+0000] {dag.py:3239} INFO - Sync 1 DAGs
[2026-07-10T01:08:04.556+0000] {logging_mixin.py:190} INFO - [2026-07-10T01:08:04.556+0000] {dag.py:4180} INFO - Setting next_dagrun for 02_sql_transform to None, run_after=None
[2026-07-10T01:08:04.578+0000] {processor.py:208} INFO - Processing /opt/airflow/dags/02_sql_transform.py took 0.142 seconds
[2026-07-10T01:08:34.758+0000] {processor.py:186} INFO - Started process (PID=14002) to work on /opt/airflow/dags/02_sql_transform.py
[2026-07-10T01:08:34.770+0000] {processor.py:914} INFO - Processing file /opt/airflow/dags/02_sql_transform.py for tasks to queue
[2026-07-10T01:08:34.797+0000] {logging_mixin.py:190} INFO - [2026-07-10T01:08:34.795+0000] {dagbag.py:588} INFO - Filling up the DagBag from /opt/airflow/dags/02_sql_transform.py
[2026-07-10T01:08:34.832+0000] {processor.py:925} INFO - DAG(s) '02_sql_transform' retrieved from /opt/airflow/dags/02_sql_transform.py
[2026-07-10T01:08:34.877+0000] {logging_mixin.py:190} INFO - [2026-07-10T01:08:34.877+0000] {dag.py:3239} INFO - Sync 1 DAGs
[2026-07-10T01:08:34.894+0000] {logging_mixin.py:190} INFO - [2026-07-10T01:08:34.893+0000] {dag.py:4180} INFO - Setting next_dagrun for 02_sql_transform to None, run_after=None
[2026-07-10T01:08:34.916+0000] {processor.py:208} INFO - Processing /opt/airflow/dags/02_sql_transform.py took 0.230 seconds
[2026-07-10T01:09:05.066+0000] {processor.py:186} INFO - Started process (PID=14045) to work on /opt/airflow/dags/02_sql_transform.py
[2026-07-10T01:09:05.067+0000] {processor.py:914} INFO - Processing file /opt/airflow/dags/02_sql_transform.py for tasks to queue
[2026-07-10T01:09:05.069+0000] {logging_mixin.py:190} INFO - [2026-07-10T01:09:05.069+0000] {dagbag.py:588} INFO - Filling up the DagBag from /opt/airflow/dags/02_sql_transform.py
[2026-07-10T01:09:05.084+0000] {processor.py:925} INFO - DAG(s) '02_sql_transform' retrieved from /opt/airflow/dags/02_sql_transform.py
[2026-07-10T01:09:05.163+0000] {logging_mixin.py:190} INFO - [2026-07-10T01:09:05.163+0000] {dag.py:3239} INFO - Sync 1 DAGs
[2026-07-10T01:09:05.207+0000] {logging_mixin.py:190} INFO - [2026-07-10T01:09:05.204+0000] {dag.py:4180} INFO - Setting next_dagrun for 02_sql_transform to None, run_after=None
[2026-07-10T01:09:05.258+0000] {processor.py:208} INFO - Processing /opt/airflow/dags/02_sql_transform.py took 0.201 seconds
[2026-07-10T01:09:36.288+0000] {processor.py:186} INFO - Started process (PID=14085) to work on /opt/airflow/dags/02_sql_transform.py
[2026-07-10T01:09:36.290+0000] {processor.py:914} INFO - Processing file /opt/airflow/dags/02_sql_transform.py for tasks to queue
[2026-07-10T01:09:36.296+0000] {logging_mixin.py:190} INFO - [2026-07-10T01:09:36.294+0000] {dagbag.py:588} INFO - Filling up the DagBag from /opt/airflow/dags/02_sql_transform.py
[2026-07-10T01:09:36.310+0000] {processor.py:925} INFO - DAG(s) '02_sql_transform' retrieved from /opt/airflow/dags/02_sql_transform.py
[2026-07-10T01:09:36.363+0000] {logging_mixin.py:190} INFO - [2026-07-10T01:09:36.363+0000] {dag.py:3239} INFO - Sync 1 DAGs
[2026-07-10T01:09:36.384+0000] {logging_mixin.py:190} INFO - [2026-07-10T01:09:36.384+0000] {dag.py:4180} INFO - Setting next_dagrun for 02_sql_transform to None, run_after=None
[2026-07-10T01:09:36.412+0000] {processor.py:208} INFO - Processing /opt/airflow/dags/02_sql_transform.py took 0.138 seconds
[2026-07-10T01:10:06.844+0000] {processor.py:186} INFO - Started process (PID=14125) to work on /opt/airflow/dags/02_sql_transform.py
[2026-07-10T01:10:06.847+0000] {processor.py:914} INFO - Processing file /opt/airflow/dags/02_sql_transform.py for tasks to queue
[2026-07-10T01:10:06.852+0000] {logging_mixin.py:190} INFO - [2026-07-10T01:10:06.851+0000] {dagbag.py:588} INFO - Filling up the DagBag from /opt/airflow/dags/02_sql_transform.py
[2026-07-10T01:10:06.869+0000] {processor.py:925} INFO - DAG(s) '02_sql_transform' retrieved from /opt/airflow/dags/02_sql_transform.py
[2026-07-10T01:10:06.920+0000] {logging_mixin.py:190} INFO - [2026-07-10T01:10:06.919+0000] {dag.py:3239} INFO - Sync 1 DAGs
[2026-07-10T01:10:06.948+0000] {logging_mixin.py:190} INFO - [2026-07-10T01:10:06.948+0000] {dag.py:4180} INFO - Setting next_dagrun for 02_sql_transform to None, run_after=None
[2026-07-10T01:10:06.978+0000] {processor.py:208} INFO - Processing /opt/airflow/dags/02_sql_transform.py took 0.153 seconds
[2026-07-10T01:10:37.946+0000] {processor.py:186} INFO - Started process (PID=14165) to work on /opt/airflow/dags/02_sql_transform.py
[2026-07-10T01:10:37.947+0000] {processor.py:914} INFO - Processing file /opt/airflow/dags/02_sql_transform.py for tasks to queue
[2026-07-10T01:10:37.949+0000] {logging_mixin.py:190} INFO - [2026-07-10T01:10:37.949+0000] {dagbag.py:588} INFO - Filling up the DagBag from /opt/airflow/dags/02_sql_transform.py
[2026-07-10T01:10:37.957+0000] {processor.py:925} INFO - DAG(s) '02_sql_transform' retrieved from /opt/airflow/dags/02_sql_transform.py
[2026-07-10T01:10:38.007+0000] {logging_mixin.py:190} INFO - [2026-07-10T01:10:38.006+0000] {dag.py:3239} INFO - Sync 1 DAGs
[2026-07-10T01:10:38.031+0000] {logging_mixin.py:190} INFO - [2026-07-10T01:10:38.031+0000] {dag.py:4180} INFO - Setting next_dagrun for 02_sql_transform to None, run_after=None
[2026-07-10T01:10:38.058+0000] {processor.py:208} INFO - Processing /opt/airflow/dags/02_sql_transform.py took 0.128 seconds
[2026-07-10T01:11:09.221+0000] {processor.py:186} INFO - Started process (PID=14205) to work on /opt/airflow/dags/02_sql_transform.py
[2026-07-10T01:11:09.224+0000] {processor.py:914} INFO - Processing file /opt/airflow/dags/02_sql_transform.py for tasks to queue
[2026-07-10T01:11:09.230+0000] {logging_mixin.py:190} INFO - [2026-07-10T01:11:09.229+0000] {dagbag.py:588} INFO - Filling up the DagBag from /opt/airflow/dags/02_sql_transform.py
[2026-07-10T01:11:09.256+0000] {processor.py:925} INFO - DAG(s) '02_sql_transform' retrieved from /opt/airflow/dags/02_sql_transform.py
[2026-07-10T01:11:09.317+0000] {logging_mixin.py:190} INFO - [2026-07-10T01:11:09.317+0000] {dag.py:3239} INFO - Sync 1 DAGs
[2026-07-10T01:11:09.335+0000] {logging_mixin.py:190} INFO - [2026-07-10T01:11:09.335+0000] {dag.py:4180} INFO - Setting next_dagrun for 02_sql_transform to None, run_after=None
[2026-07-10T01:11:09.358+0000] {processor.py:208} INFO - Processing /opt/airflow/dags/02_sql_transform.py took 0.160 seconds
[2026-07-10T01:11:39.531+0000] {processor.py:186} INFO - Started process (PID=14245) to work on /opt/airflow/dags/02_sql_transform.py
[2026-07-10T01:11:39.535+0000] {processor.py:914} INFO - Processing file /opt/airflow/dags/02_sql_transform.py for tasks to queue
[2026-07-10T01:11:39.540+0000] {logging_mixin.py:190} INFO - [2026-07-10T01:11:39.539+0000] {dagbag.py:588} INFO - Filling up the DagBag from /opt/airflow/dags/02_sql_transform.py
[2026-07-10T01:11:39.558+0000] {processor.py:925} INFO - DAG(s) '02_sql_transform' retrieved from /opt/airflow/dags/02_sql_transform.py
[2026-07-10T01:11:39.621+0000] {logging_mixin.py:190} INFO - [2026-07-10T01:11:39.620+0000] {dag.py:3239} INFO - Sync 1 DAGs
[2026-07-10T01:11:39.643+0000] {logging_mixin.py:190} INFO - [2026-07-10T01:11:39.643+0000] {dag.py:4180} INFO - Setting next_dagrun for 02_sql_transform to None, run_after=None
[2026-07-10T01:11:39.669+0000] {processor.py:208} INFO - Processing /opt/airflow/dags/02_sql_transform.py took 0.157 seconds
[2026-07-10T01:12:09.996+0000] {processor.py:186} INFO - Started process (PID=14285) to work on /opt/airflow/dags/02_sql_transform.py
[2026-07-10T01:12:09.998+0000] {processor.py:914} INFO - Processing file /opt/airflow/dags/02_sql_transform.py for tasks to queue
[2026-07-10T01:12:10.006+0000] {logging_mixin.py:190} INFO - [2026-07-10T01:12:10.005+0000] {dagbag.py:588} INFO - Filling up the DagBag from /opt/airflow/dags/02_sql_transform.py
[2026-07-10T01:12:10.018+0000] {processor.py:925} INFO - DAG(s) '02_sql_transform' retrieved from /opt/airflow/dags/02_sql_transform.py
[2026-07-10T01:12:10.069+0000] {logging_mixin.py:190} INFO - [2026-07-10T01:12:10.069+0000] {dag.py:3239} INFO - Sync 1 DAGs
[2026-07-10T01:12:10.088+0000] {logging_mixin.py:190} INFO - [2026-07-10T01:12:10.088+0000] {dag.py:4180} INFO - Setting next_dagrun for 02_sql_transform to None, run_after=None
[2026-07-10T01:12:10.109+0000] {processor.py:208} INFO - Processing /opt/airflow/dags/02_sql_transform.py took 0.164 seconds
[2026-07-10T01:12:40.164+0000] {processor.py:186} INFO - Started process (PID=14322) to work on /opt/airflow/dags/02_sql_transform.py
[2026-07-10T01:12:40.165+0000] {processor.py:914} INFO - Processing file /opt/airflow/dags/02_sql_transform.py for tasks to queue
[2026-07-10T01:12:40.169+0000] {logging_mixin.py:190} INFO - [2026-07-10T01:12:40.169+0000] {dagbag.py:588} INFO - Filling up the DagBag from /opt/airflow/dags/02_sql_transform.py
[2026-07-10T01:12:40.184+0000] {processor.py:925} INFO - DAG(s) '02_sql_transform' retrieved from /opt/airflow/dags/02_sql_transform.py
[2026-07-10T01:12:40.238+0000] {logging_mixin.py:190} INFO - [2026-07-10T01:12:40.237+0000] {dag.py:3239} INFO - Sync 1 DAGs
[2026-07-10T01:12:40.263+0000] {logging_mixin.py:190} INFO - [2026-07-10T01:12:40.262+0000] {dag.py:4180} INFO - Setting next_dagrun for 02_sql_transform to None, run_after=None
[2026-07-10T01:12:40.292+0000] {processor.py:208} INFO - Processing /opt/airflow/dags/02_sql_transform.py took 0.141 seconds
[2026-07-10T01:13:10.596+0000] {processor.py:186} INFO - Started process (PID=14362) to work on /opt/airflow/dags/02_sql_transform.py
[2026-07-10T01:13:10.605+0000] {processor.py:914} INFO - Processing file /opt/airflow/dags/02_sql_transform.py for tasks to queue
[2026-07-10T01:13:10.618+0000] {logging_mixin.py:190} INFO - [2026-07-10T01:13:10.616+0000] {dagbag.py:588} INFO - Filling up the DagBag from /opt/airflow/dags/02_sql_transform.py
[2026-07-10T01:13:10.684+0000] {processor.py:925} INFO - DAG(s) '02_sql_transform' retrieved from /opt/airflow/dags/02_sql_transform.py
[2026-07-10T01:13:10.775+0000] {logging_mixin.py:190} INFO - [2026-07-10T01:13:10.774+0000] {dag.py:3239} INFO - Sync 1 DAGs
[2026-07-10T01:13:10.794+0000] {logging_mixin.py:190} INFO - [2026-07-10T01:13:10.794+0000] {dag.py:4180} INFO - Setting next_dagrun for 02_sql_transform to None, run_after=None
[2026-07-10T01:13:10.822+0000] {processor.py:208} INFO - Processing /opt/airflow/dags/02_sql_transform.py took 0.266 seconds
[2026-07-10T01:13:41.075+0000] {processor.py:186} INFO - Started process (PID=14405) to work on /opt/airflow/dags/02_sql_transform.py
[2026-07-10T01:13:41.076+0000] {processor.py:914} INFO - Processing file /opt/airflow/dags/02_sql_transform.py for tasks to queue
[2026-07-10T01:13:41.078+0000] {logging_mixin.py:190} INFO - [2026-07-10T01:13:41.078+0000] {dagbag.py:588} INFO - Filling up the DagBag from /opt/airflow/dags/02_sql_transform.py
[2026-07-10T01:13:41.086+0000] {processor.py:925} INFO - DAG(s) '02_sql_transform' retrieved from /opt/airflow/dags/02_sql_transform.py
[2026-07-10T01:13:41.126+0000] {logging_mixin.py:190} INFO - [2026-07-10T01:13:41.126+0000] {dag.py:3239} INFO - Sync 1 DAGs
[2026-07-10T01:13:41.142+0000] {logging_mixin.py:190} INFO - [2026-07-10T01:13:41.142+0000] {dag.py:4180} INFO - Setting next_dagrun for 02_sql_transform to None, run_after=None
[2026-07-10T01:13:41.166+0000] {processor.py:208} INFO - Processing /opt/airflow/dags/02_sql_transform.py took 0.099 seconds
[2026-07-10T01:14:11.438+0000] {processor.py:186} INFO - Started process (PID=14445) to work on /opt/airflow/dags/02_sql_transform.py
[2026-07-10T01:14:11.440+0000] {processor.py:914} INFO - Processing file /opt/airflow/dags/02_sql_transform.py for tasks to queue
[2026-07-10T01:14:11.443+0000] {logging_mixin.py:190} INFO - [2026-07-10T01:14:11.443+0000] {dagbag.py:588} INFO - Filling up the DagBag from /opt/airflow/dags/02_sql_transform.py
[2026-07-10T01:14:11.458+0000] {processor.py:925} INFO - DAG(s) '02_sql_transform' retrieved from /opt/airflow/dags/02_sql_transform.py
[2026-07-10T01:14:11.516+0000] {logging_mixin.py:190} INFO - [2026-07-10T01:14:11.516+0000] {dag.py:3239} INFO - Sync 1 DAGs
[2026-07-10T01:14:11.542+0000] {logging_mixin.py:190} INFO - [2026-07-10T01:14:11.542+0000] {dag.py:4180} INFO - Setting next_dagrun for 02_sql_transform to None, run_after=None
[2026-07-10T01:14:11.578+0000] {processor.py:208} INFO - Processing /opt/airflow/dags/02_sql_transform.py took 0.150 seconds
[2026-07-10T01:14:41.750+0000] {processor.py:186} INFO - Started process (PID=14485) to work on /opt/airflow/dags/02_sql_transform.py
[2026-07-10T01:14:41.751+0000] {processor.py:914} INFO - Processing file /opt/airflow/dags/02_sql_transform.py for tasks to queue
[2026-07-10T01:14:41.753+0000] {logging_mixin.py:190} INFO - [2026-07-10T01:14:41.753+0000] {dagbag.py:588} INFO - Filling up the DagBag from /opt/airflow/dags/02_sql_transform.py
[2026-07-10T01:14:41.763+0000] {processor.py:925} INFO - DAG(s) '02_sql_transform' retrieved from /opt/airflow/dags/02_sql_transform.py
[2026-07-10T01:14:41.804+0000] {logging_mixin.py:190} INFO - [2026-07-10T01:14:41.804+0000] {dag.py:3239} INFO - Sync 1 DAGs
[2026-07-10T01:14:41.829+0000] {logging_mixin.py:190} INFO - [2026-07-10T01:14:41.829+0000] {dag.py:4180} INFO - Setting next_dagrun for 02_sql_transform to None, run_after=None
[2026-07-10T01:14:41.860+0000] {processor.py:208} INFO - Processing /opt/airflow/dags/02_sql_transform.py took 0.120 seconds
[2026-07-10T01:15:12.922+0000] {processor.py:186} INFO - Started process (PID=14525) to work on /opt/airflow/dags/02_sql_transform.py
[2026-07-10T01:15:12.925+0000] {processor.py:914} INFO - Processing file /opt/airflow/dags/02_sql_transform.py for tasks to queue
[2026-07-10T01:15:12.930+0000] {logging_mixin.py:190} INFO - [2026-07-10T01:15:12.929+0000] {dagbag.py:588} INFO - Filling up the DagBag from /opt/airflow/dags/02_sql_transform.py
[2026-07-10T01:15:12.948+0000] {processor.py:925} INFO - DAG(s) '02_sql_transform' retrieved from /opt/airflow/dags/02_sql_transform.py
[2026-07-10T01:15:12.986+0000] {logging_mixin.py:190} INFO - [2026-07-10T01:15:12.985+0000] {dag.py:3239} INFO - Sync 1 DAGs
[2026-07-10T01:15:13.002+0000] {logging_mixin.py:190} INFO - [2026-07-10T01:15:13.002+0000] {dag.py:4180} INFO - Setting next_dagrun for 02_sql_transform to None, run_after=None
[2026-07-10T01:15:13.028+0000] {processor.py:208} INFO - Processing /opt/airflow/dags/02_sql_transform.py took 0.127 seconds
[2026-07-10T01:15:43.274+0000] {processor.py:186} INFO - Started process (PID=14565) to work on /opt/airflow/dags/02_sql_transform.py
[2026-07-10T01:15:43.276+0000] {processor.py:914} INFO - Processing file /opt/airflow/dags/02_sql_transform.py for tasks to queue
[2026-07-10T01:15:43.282+0000] {logging_mixin.py:190} INFO - [2026-07-10T01:15:43.282+0000] {dagbag.py:588} INFO - Filling up the DagBag from /opt/airflow/dags/02_sql_transform.py
[2026-07-10T01:15:43.300+0000] {processor.py:925} INFO - DAG(s) '02_sql_transform' retrieved from /opt/airflow/dags/02_sql_transform.py
[2026-07-10T01:15:43.342+0000] {logging_mixin.py:190} INFO - [2026-07-10T01:15:43.342+0000] {dag.py:3239} INFO - Sync 1 DAGs
[2026-07-10T01:15:43.359+0000] {logging_mixin.py:190} INFO - [2026-07-10T01:15:43.358+0000] {dag.py:4180} INFO - Setting next_dagrun for 02_sql_transform to None, run_after=None
[2026-07-10T01:15:43.378+0000] {processor.py:208} INFO - Processing /opt/airflow/dags/02_sql_transform.py took 0.143 seconds
[2026-07-10T01:16:13.513+0000] {processor.py:186} INFO - Started process (PID=14605) to work on /opt/airflow/dags/02_sql_transform.py
[2026-07-10T01:16:13.514+0000] {processor.py:914} INFO - Processing file /opt/airflow/dags/02_sql_transform.py for tasks to queue
[2026-07-10T01:16:13.517+0000] {logging_mixin.py:190} INFO - [2026-07-10T01:16:13.517+0000] {dagbag.py:588} INFO - Filling up the DagBag from /opt/airflow/dags/02_sql_transform.py
[2026-07-10T01:16:13.529+0000] {processor.py:925} INFO - DAG(s) '02_sql_transform' retrieved from /opt/airflow/dags/02_sql_transform.py
[2026-07-10T01:16:13.565+0000] {logging_mixin.py:190} INFO - [2026-07-10T01:16:13.565+0000] {dag.py:3239} INFO - Sync 1 DAGs
[2026-07-10T01:16:13.580+0000] {logging_mixin.py:190} INFO - [2026-07-10T01:16:13.580+0000] {dag.py:4180} INFO - Setting next_dagrun for 02_sql_transform to None, run_after=None
[2026-07-10T01:16:13.599+0000] {processor.py:208} INFO - Processing /opt/airflow/dags/02_sql_transform.py took 0.095 seconds
[2026-07-10T01:16:44.219+0000] {processor.py:186} INFO - Started process (PID=14645) to work on /opt/airflow/dags/02_sql_transform.py
[2026-07-10T01:16:44.221+0000] {processor.py:914} INFO - Processing file /opt/airflow/dags/02_sql_transform.py for tasks to queue
[2026-07-10T01:16:44.224+0000] {logging_mixin.py:190} INFO - [2026-07-10T01:16:44.224+0000] {dagbag.py:588} INFO - Filling up the DagBag from /opt/airflow/dags/02_sql_transform.py
[2026-07-10T01:16:44.236+0000] {processor.py:925} INFO - DAG(s) '02_sql_transform' retrieved from /opt/airflow/dags/02_sql_transform.py
[2026-07-10T01:16:44.289+0000] {logging_mixin.py:190} INFO - [2026-07-10T01:16:44.289+0000] {dag.py:3239} INFO - Sync 1 DAGs
[2026-07-10T01:16:44.309+0000] {logging_mixin.py:190} INFO - [2026-07-10T01:16:44.309+0000] {dag.py:4180} INFO - Setting next_dagrun for 02_sql_transform to None, run_after=None
[2026-07-10T01:16:44.338+0000] {processor.py:208} INFO - Processing /opt/airflow/dags/02_sql_transform.py took 0.131 seconds
[2026-07-10T01:17:14.939+0000] {processor.py:186} INFO - Started process (PID=14685) to work on /opt/airflow/dags/02_sql_transform.py
[2026-07-10T01:17:14.940+0000] {processor.py:914} INFO - Processing file /opt/airflow/dags/02_sql_transform.py for tasks to queue
[2026-07-10T01:17:14.942+0000] {logging_mixin.py:190} INFO - [2026-07-10T01:17:14.942+0000] {dagbag.py:588} INFO - Filling up the DagBag from /opt/airflow/dags/02_sql_transform.py
[2026-07-10T01:17:14.952+0000] {processor.py:925} INFO - DAG(s) '02_sql_transform' retrieved from /opt/airflow/dags/02_sql_transform.py
[2026-07-10T01:17:14.996+0000] {logging_mixin.py:190} INFO - [2026-07-10T01:17:14.996+0000] {dag.py:3239} INFO - Sync 1 DAGs
[2026-07-10T01:17:15.016+0000] {logging_mixin.py:190} INFO - [2026-07-10T01:17:15.016+0000] {dag.py:4180} INFO - Setting next_dagrun for 02_sql_transform to None, run_after=None
[2026-07-10T01:17:15.042+0000] {processor.py:208} INFO - Processing /opt/airflow/dags/02_sql_transform.py took 0.109 seconds
[2026-07-10T01:17:45.679+0000] {processor.py:186} INFO - Started process (PID=14725) to work on /opt/airflow/dags/02_sql_transform.py
[2026-07-10T01:17:45.680+0000] {processor.py:914} INFO - Processing file /opt/airflow/dags/02_sql_transform.py for tasks to queue
[2026-07-10T01:17:45.681+0000] {logging_mixin.py:190} INFO - [2026-07-10T01:17:45.681+0000] {dagbag.py:588} INFO - Filling up the DagBag from /opt/airflow/dags/02_sql_transform.py
[2026-07-10T01:17:45.689+0000] {processor.py:925} INFO - DAG(s) '02_sql_transform' retrieved from /opt/airflow/dags/02_sql_transform.py
[2026-07-10T01:17:45.730+0000] {logging_mixin.py:190} INFO - [2026-07-10T01:17:45.730+0000] {dag.py:3239} INFO - Sync 1 DAGs
[2026-07-10T01:17:45.754+0000] {logging_mixin.py:190} INFO - [2026-07-10T01:17:45.754+0000] {dag.py:4180} INFO - Setting next_dagrun for 02_sql_transform to None, run_after=None
[2026-07-10T01:17:45.777+0000] {processor.py:208} INFO - Processing /opt/airflow/dags/02_sql_transform.py took 0.104 seconds
[2026-07-10T01:18:16.640+0000] {processor.py:186} INFO - Started process (PID=14765) to work on /opt/airflow/dags/02_sql_transform.py
[2026-07-10T01:18:16.643+0000] {processor.py:914} INFO - Processing file /opt/airflow/dags/02_sql_transform.py for tasks to queue
[2026-07-10T01:18:16.650+0000] {logging_mixin.py:190} INFO - [2026-07-10T01:18:16.648+0000] {dagbag.py:588} INFO - Filling up the DagBag from /opt/airflow/dags/02_sql_transform.py
[2026-07-10T01:18:16.678+0000] {processor.py:925} INFO - DAG(s) '02_sql_transform' retrieved from /opt/airflow/dags/02_sql_transform.py
[2026-07-10T01:18:16.756+0000] {logging_mixin.py:190} INFO - [2026-07-10T01:18:16.756+0000] {dag.py:3239} INFO - Sync 1 DAGs
[2026-07-10T01:18:16.787+0000] {logging_mixin.py:190} INFO - [2026-07-10T01:18:16.787+0000] {dag.py:4180} INFO - Setting next_dagrun for 02_sql_transform to None, run_after=None
[2026-07-10T01:18:16.827+0000] {processor.py:208} INFO - Processing /opt/airflow/dags/02_sql_transform.py took 0.212 seconds
[2026-07-10T01:18:46.960+0000] {processor.py:186} INFO - Started process (PID=14805) to work on /opt/airflow/dags/02_sql_transform.py
[2026-07-10T01:18:46.961+0000] {processor.py:914} INFO - Processing file /opt/airflow/dags/02_sql_transform.py for tasks to queue
[2026-07-10T01:18:46.964+0000] {logging_mixin.py:190} INFO - [2026-07-10T01:18:46.964+0000] {dagbag.py:588} INFO - Filling up the DagBag from /opt/airflow/dags/02_sql_transform.py
[2026-07-10T01:18:46.977+0000] {processor.py:925} INFO - DAG(s) '02_sql_transform' retrieved from /opt/airflow/dags/02_sql_transform.py
[2026-07-10T01:18:47.033+0000] {logging_mixin.py:190} INFO - [2026-07-10T01:18:47.033+0000] {dag.py:3239} INFO - Sync 1 DAGs
[2026-07-10T01:18:47.052+0000] {logging_mixin.py:190} INFO - [2026-07-10T01:18:47.052+0000] {dag.py:4180} INFO - Setting next_dagrun for 02_sql_transform to None, run_after=None
[2026-07-10T01:18:47.074+0000] {processor.py:208} INFO - Processing /opt/airflow/dags/02_sql_transform.py took 0.123 seconds
[2026-07-10T01:19:17.311+0000] {processor.py:186} INFO - Started process (PID=14845) to work on /opt/airflow/dags/02_sql_transform.py
[2026-07-10T01:19:17.314+0000] {processor.py:914} INFO - Processing file /opt/airflow/dags/02_sql_transform.py for tasks to queue
[2026-07-10T01:19:17.320+0000] {logging_mixin.py:190} INFO - [2026-07-10T01:19:17.319+0000] {dagbag.py:588} INFO - Filling up the DagBag from /opt/airflow/dags/02_sql_transform.py
[2026-07-10T01:19:17.337+0000] {processor.py:925} INFO - DAG(s) '02_sql_transform' retrieved from /opt/airflow/dags/02_sql_transform.py
[2026-07-10T01:19:17.376+0000] {logging_mixin.py:190} INFO - [2026-07-10T01:19:17.375+0000] {dag.py:3239} INFO - Sync 1 DAGs
[2026-07-10T01:19:17.393+0000] {logging_mixin.py:190} INFO - [2026-07-10T01:19:17.392+0000] {dag.py:4180} INFO - Setting next_dagrun for 02_sql_transform to None, run_after=None
[2026-07-10T01:19:17.415+0000] {processor.py:208} INFO - Processing /opt/airflow/dags/02_sql_transform.py took 0.144 seconds
[2026-07-10T01:19:47.773+0000] {processor.py:186} INFO - Started process (PID=14885) to work on /opt/airflow/dags/02_sql_transform.py
[2026-07-10T01:19:47.776+0000] {processor.py:914} INFO - Processing file /opt/airflow/dags/02_sql_transform.py for tasks to queue
[2026-07-10T01:19:47.782+0000] {logging_mixin.py:190} INFO - [2026-07-10T01:19:47.781+0000] {dagbag.py:588} INFO - Filling up the DagBag from /opt/airflow/dags/02_sql_transform.py
[2026-07-10T01:19:47.802+0000] {processor.py:925} INFO - DAG(s) '02_sql_transform' retrieved from /opt/airflow/dags/02_sql_transform.py
[2026-07-10T01:19:47.844+0000] {logging_mixin.py:190} INFO - [2026-07-10T01:19:47.844+0000] {dag.py:3239} INFO - Sync 1 DAGs
[2026-07-10T01:19:47.861+0000] {logging_mixin.py:190} INFO - [2026-07-10T01:19:47.860+0000] {dag.py:4180} INFO - Setting next_dagrun for 02_sql_transform to None, run_after=None
[2026-07-10T01:19:47.888+0000] {processor.py:208} INFO - Processing /opt/airflow/dags/02_sql_transform.py took 0.168 seconds
[2026-07-10T01:20:18.075+0000] {processor.py:186} INFO - Started process (PID=14925) to work on /opt/airflow/dags/02_sql_transform.py
[2026-07-10T01:20:18.078+0000] {processor.py:914} INFO - Processing file /opt/airflow/dags/02_sql_transform.py for tasks to queue
[2026-07-10T01:20:18.081+0000] {logging_mixin.py:190} INFO - [2026-07-10T01:20:18.081+0000] {dagbag.py:588} INFO - Filling up the DagBag from /opt/airflow/dags/02_sql_transform.py
[2026-07-10T01:20:18.091+0000] {processor.py:925} INFO - DAG(s) '02_sql_transform' retrieved from /opt/airflow/dags/02_sql_transform.py
[2026-07-10T01:20:18.132+0000] {logging_mixin.py:190} INFO - [2026-07-10T01:20:18.132+0000] {dag.py:3239} INFO - Sync 1 DAGs
[2026-07-10T01:20:18.149+0000] {logging_mixin.py:190} INFO - [2026-07-10T01:20:18.148+0000] {dag.py:4180} INFO - Setting next_dagrun for 02_sql_transform to None, run_after=None
[2026-07-10T01:20:18.174+0000] {processor.py:208} INFO - Processing /opt/airflow/dags/02_sql_transform.py took 0.108 seconds
[2026-07-10T01:20:48.362+0000] {processor.py:186} INFO - Started process (PID=14965) to work on /opt/airflow/dags/02_sql_transform.py
[2026-07-10T01:20:48.363+0000] {processor.py:914} INFO - Processing file /opt/airflow/dags/02_sql_transform.py for tasks to queue
[2026-07-10T01:20:48.368+0000] {logging_mixin.py:190} INFO - [2026-07-10T01:20:48.367+0000] {dagbag.py:588} INFO - Filling up the DagBag from /opt/airflow/dags/02_sql_transform.py
[2026-07-10T01:20:48.379+0000] {processor.py:925} INFO - DAG(s) '02_sql_transform' retrieved from /opt/airflow/dags/02_sql_transform.py
[2026-07-10T01:20:48.419+0000] {logging_mixin.py:190} INFO - [2026-07-10T01:20:48.419+0000] {dag.py:3239} INFO - Sync 1 DAGs
[2026-07-10T01:20:48.437+0000] {logging_mixin.py:190} INFO - [2026-07-10T01:20:48.436+0000] {dag.py:4180} INFO - Setting next_dagrun for 02_sql_transform to None, run_after=None
[2026-07-10T01:20:48.461+0000] {processor.py:208} INFO - Processing /opt/airflow/dags/02_sql_transform.py took 0.113 seconds
[2026-07-10T01:21:18.768+0000] {processor.py:186} INFO - Started process (PID=15005) to work on /opt/airflow/dags/02_sql_transform.py
[2026-07-10T01:21:18.771+0000] {processor.py:914} INFO - Processing file /opt/airflow/dags/02_sql_transform.py for tasks to queue
[2026-07-10T01:21:18.776+0000] {logging_mixin.py:190} INFO - [2026-07-10T01:21:18.775+0000] {dagbag.py:588} INFO - Filling up the DagBag from /opt/airflow/dags/02_sql_transform.py
[2026-07-10T01:21:18.794+0000] {processor.py:925} INFO - DAG(s) '02_sql_transform' retrieved from /opt/airflow/dags/02_sql_transform.py
[2026-07-10T01:21:18.863+0000] {logging_mixin.py:190} INFO - [2026-07-10T01:21:18.863+0000] {dag.py:3239} INFO - Sync 1 DAGs
[2026-07-10T01:21:18.891+0000] {logging_mixin.py:190} INFO - [2026-07-10T01:21:18.891+0000] {dag.py:4180} INFO - Setting next_dagrun for 02_sql_transform to None, run_after=None
[2026-07-10T01:21:18.919+0000] {processor.py:208} INFO - Processing /opt/airflow/dags/02_sql_transform.py took 0.173 seconds
[2026-07-10T01:21:49.152+0000] {processor.py:186} INFO - Started process (PID=15045) to work on /opt/airflow/dags/02_sql_transform.py
[2026-07-10T01:21:49.155+0000] {processor.py:914} INFO - Processing file /opt/airflow/dags/02_sql_transform.py for tasks to queue
[2026-07-10T01:21:49.164+0000] {logging_mixin.py:190} INFO - [2026-07-10T01:21:49.163+0000] {dagbag.py:588} INFO - Filling up the DagBag from /opt/airflow/dags/02_sql_transform.py
[2026-07-10T01:21:49.201+0000] {processor.py:925} INFO - DAG(s) '02_sql_transform' retrieved from /opt/airflow/dags/02_sql_transform.py
[2026-07-10T01:21:49.322+0000] {logging_mixin.py:190} INFO - [2026-07-10T01:21:49.321+0000] {dag.py:3239} INFO - Sync 1 DAGs
[2026-07-10T01:21:49.345+0000] {logging_mixin.py:190} INFO - [2026-07-10T01:21:49.345+0000] {dag.py:4180} INFO - Setting next_dagrun for 02_sql_transform to None, run_after=None
[2026-07-10T01:21:49.368+0000] {processor.py:208} INFO - Processing /opt/airflow/dags/02_sql_transform.py took 0.247 seconds
[2026-07-10T01:22:19.627+0000] {processor.py:186} INFO - Started process (PID=15085) to work on /opt/airflow/dags/02_sql_transform.py
[2026-07-10T01:22:19.633+0000] {processor.py:914} INFO - Processing file /opt/airflow/dags/02_sql_transform.py for tasks to queue
[2026-07-10T01:22:19.640+0000] {logging_mixin.py:190} INFO - [2026-07-10T01:22:19.639+0000] {dagbag.py:588} INFO - Filling up the DagBag from /opt/airflow/dags/02_sql_transform.py
[2026-07-10T01:22:19.657+0000] {processor.py:925} INFO - DAG(s) '02_sql_transform' retrieved from /opt/airflow/dags/02_sql_transform.py
[2026-07-10T01:22:19.715+0000] {logging_mixin.py:190} INFO - [2026-07-10T01:22:19.714+0000] {dag.py:3239} INFO - Sync 1 DAGs
[2026-07-10T01:22:19.742+0000] {logging_mixin.py:190} INFO - [2026-07-10T01:22:19.742+0000] {dag.py:4180} INFO - Setting next_dagrun for 02_sql_transform to None, run_after=None
[2026-07-10T01:22:19.769+0000] {processor.py:208} INFO - Processing /opt/airflow/dags/02_sql_transform.py took 0.184 seconds
[2026-07-10T01:22:50.094+0000] {processor.py:186} INFO - Started process (PID=15125) to work on /opt/airflow/dags/02_sql_transform.py
[2026-07-10T01:22:50.096+0000] {processor.py:914} INFO - Processing file /opt/airflow/dags/02_sql_transform.py for tasks to queue
[2026-07-10T01:22:50.100+0000] {logging_mixin.py:190} INFO - [2026-07-10T01:22:50.099+0000] {dagbag.py:588} INFO - Filling up the DagBag from /opt/airflow/dags/02_sql_transform.py
[2026-07-10T01:22:50.111+0000] {processor.py:925} INFO - DAG(s) '02_sql_transform' retrieved from /opt/airflow/dags/02_sql_transform.py
[2026-07-10T01:22:50.153+0000] {logging_mixin.py:190} INFO - [2026-07-10T01:22:50.153+0000] {dag.py:3239} INFO - Sync 1 DAGs
[2026-07-10T01:22:50.176+0000] {logging_mixin.py:190} INFO - [2026-07-10T01:22:50.175+0000] {dag.py:4180} INFO - Setting next_dagrun for 02_sql_transform to None, run_after=None
[2026-07-10T01:22:50.196+0000] {processor.py:208} INFO - Processing /opt/airflow/dags/02_sql_transform.py took 0.115 seconds
[2026-07-10T01:23:20.424+0000] {processor.py:186} INFO - Started process (PID=15165) to work on /opt/airflow/dags/02_sql_transform.py
[2026-07-10T01:23:20.426+0000] {processor.py:914} INFO - Processing file /opt/airflow/dags/02_sql_transform.py for tasks to queue
[2026-07-10T01:23:20.432+0000] {logging_mixin.py:190} INFO - [2026-07-10T01:23:20.431+0000] {dagbag.py:588} INFO - Filling up the DagBag from /opt/airflow/dags/02_sql_transform.py
[2026-07-10T01:23:20.448+0000] {processor.py:925} INFO - DAG(s) '02_sql_transform' retrieved from /opt/airflow/dags/02_sql_transform.py
[2026-07-10T01:23:20.499+0000] {logging_mixin.py:190} INFO - [2026-07-10T01:23:20.499+0000] {dag.py:3239} INFO - Sync 1 DAGs
[2026-07-10T01:23:20.522+0000] {logging_mixin.py:190} INFO - [2026-07-10T01:23:20.522+0000] {dag.py:4180} INFO - Setting next_dagrun for 02_sql_transform to None, run_after=None
[2026-07-10T01:23:20.547+0000] {processor.py:208} INFO - Processing /opt/airflow/dags/02_sql_transform.py took 0.151 seconds
[2026-07-10T01:23:50.788+0000] {processor.py:186} INFO - Started process (PID=15205) to work on /opt/airflow/dags/02_sql_transform.py
[2026-07-10T01:23:50.790+0000] {processor.py:914} INFO - Processing file /opt/airflow/dags/02_sql_transform.py for tasks to queue
[2026-07-10T01:23:50.795+0000] {logging_mixin.py:190} INFO - [2026-07-10T01:23:50.794+0000] {dagbag.py:588} INFO - Filling up the DagBag from /opt/airflow/dags/02_sql_transform.py
[2026-07-10T01:23:50.816+0000] {processor.py:925} INFO - DAG(s) '02_sql_transform' retrieved from /opt/airflow/dags/02_sql_transform.py
[2026-07-10T01:23:50.888+0000] {logging_mixin.py:190} INFO - [2026-07-10T01:23:50.887+0000] {dag.py:3239} INFO - Sync 1 DAGs
[2026-07-10T01:23:50.915+0000] {logging_mixin.py:190} INFO - [2026-07-10T01:23:50.915+0000] {dag.py:4180} INFO - Setting next_dagrun for 02_sql_transform to None, run_after=None
[2026-07-10T01:23:50.948+0000] {processor.py:208} INFO - Processing /opt/airflow/dags/02_sql_transform.py took 0.175 seconds
[2026-07-10T01:24:21.153+0000] {processor.py:186} INFO - Started process (PID=15250) to work on /opt/airflow/dags/02_sql_transform.py
[2026-07-10T01:24:21.154+0000] {processor.py:914} INFO - Processing file /opt/airflow/dags/02_sql_transform.py for tasks to queue
[2026-07-10T01:24:21.157+0000] {logging_mixin.py:190} INFO - [2026-07-10T01:24:21.156+0000] {dagbag.py:588} INFO - Filling up the DagBag from /opt/airflow/dags/02_sql_transform.py
[2026-07-10T01:24:21.172+0000] {processor.py:925} INFO - DAG(s) '02_sql_transform' retrieved from /opt/airflow/dags/02_sql_transform.py
[2026-07-10T01:24:21.215+0000] {logging_mixin.py:190} INFO - [2026-07-10T01:24:21.214+0000] {dag.py:3239} INFO - Sync 1 DAGs
[2026-07-10T01:24:21.238+0000] {logging_mixin.py:190} INFO - [2026-07-10T01:24:21.237+0000] {dag.py:4180} INFO - Setting next_dagrun for 02_sql_transform to None, run_after=None
[2026-07-10T01:24:21.264+0000] {processor.py:208} INFO - Processing /opt/airflow/dags/02_sql_transform.py took 0.122 seconds
[2026-07-10T01:24:51.488+0000] {processor.py:186} INFO - Started process (PID=15295) to work on /opt/airflow/dags/02_sql_transform.py
[2026-07-10T01:24:51.491+0000] {processor.py:914} INFO - Processing file /opt/airflow/dags/02_sql_transform.py for tasks to queue
[2026-07-10T01:24:51.497+0000] {logging_mixin.py:190} INFO - [2026-07-10T01:24:51.496+0000] {dagbag.py:588} INFO - Filling up the DagBag from /opt/airflow/dags/02_sql_transform.py
[2026-07-10T01:24:51.515+0000] {processor.py:925} INFO - DAG(s) '02_sql_transform' retrieved from /opt/airflow/dags/02_sql_transform.py
[2026-07-10T01:24:51.559+0000] {logging_mixin.py:190} INFO - [2026-07-10T01:24:51.559+0000] {dag.py:3239} INFO - Sync 1 DAGs
[2026-07-10T01:24:51.578+0000] {logging_mixin.py:190} INFO - [2026-07-10T01:24:51.578+0000] {dag.py:4180} INFO - Setting next_dagrun for 02_sql_transform to None, run_after=None
[2026-07-10T01:24:51.599+0000] {processor.py:208} INFO - Processing /opt/airflow/dags/02_sql_transform.py took 0.137 seconds
[2026-07-10T01:25:21.987+0000] {processor.py:186} INFO - Started process (PID=15340) to work on /opt/airflow/dags/02_sql_transform.py
[2026-07-10T01:25:21.990+0000] {processor.py:914} INFO - Processing file /opt/airflow/dags/02_sql_transform.py for tasks to queue
[2026-07-10T01:25:21.994+0000] {logging_mixin.py:190} INFO - [2026-07-10T01:25:21.993+0000] {dagbag.py:588} INFO - Filling up the DagBag from /opt/airflow/dags/02_sql_transform.py
[2026-07-10T01:25:22.009+0000] {processor.py:925} INFO - DAG(s) '02_sql_transform' retrieved from /opt/airflow/dags/02_sql_transform.py
[2026-07-10T01:25:22.067+0000] {logging_mixin.py:190} INFO - [2026-07-10T01:25:22.066+0000] {dag.py:3239} INFO - Sync 1 DAGs
[2026-07-10T01:25:22.091+0000] {logging_mixin.py:190} INFO - [2026-07-10T01:25:22.091+0000] {dag.py:4180} INFO - Setting next_dagrun for 02_sql_transform to None, run_after=None
[2026-07-10T01:25:22.120+0000] {processor.py:208} INFO - Processing /opt/airflow/dags/02_sql_transform.py took 0.162 seconds
[2026-07-10T01:25:52.339+0000] {processor.py:186} INFO - Started process (PID=15385) to work on /opt/airflow/dags/02_sql_transform.py
[2026-07-10T01:25:52.342+0000] {processor.py:914} INFO - Processing file /opt/airflow/dags/02_sql_transform.py for tasks to queue
[2026-07-10T01:25:52.345+0000] {logging_mixin.py:190} INFO - [2026-07-10T01:25:52.345+0000] {dagbag.py:588} INFO - Filling up the DagBag from /opt/airflow/dags/02_sql_transform.py
[2026-07-10T01:25:52.362+0000] {processor.py:925} INFO - DAG(s) '02_sql_transform' retrieved from /opt/airflow/dags/02_sql_transform.py
[2026-07-10T01:25:52.425+0000] {logging_mixin.py:190} INFO - [2026-07-10T01:25:52.424+0000] {dag.py:3239} INFO - Sync 1 DAGs
[2026-07-10T01:25:52.448+0000] {logging_mixin.py:190} INFO - [2026-07-10T01:25:52.447+0000] {dag.py:4180} INFO - Setting next_dagrun for 02_sql_transform to None, run_after=None
[2026-07-10T01:25:52.479+0000] {processor.py:208} INFO - Processing /opt/airflow/dags/02_sql_transform.py took 0.157 seconds
[2026-07-10T01:26:22.711+0000] {processor.py:186} INFO - Started process (PID=15466) to work on /opt/airflow/dags/02_sql_transform.py
[2026-07-10T01:26:22.717+0000] {processor.py:914} INFO - Processing file /opt/airflow/dags/02_sql_transform.py for tasks to queue
[2026-07-10T01:26:22.731+0000] {logging_mixin.py:190} INFO - [2026-07-10T01:26:22.729+0000] {dagbag.py:588} INFO - Filling up the DagBag from /opt/airflow/dags/02_sql_transform.py
[2026-07-10T01:26:22.794+0000] {processor.py:925} INFO - DAG(s) '02_sql_transform' retrieved from /opt/airflow/dags/02_sql_transform.py
[2026-07-10T01:26:22.873+0000] {logging_mixin.py:190} INFO - [2026-07-10T01:26:22.873+0000] {dag.py:3239} INFO - Sync 1 DAGs
[2026-07-10T01:26:22.903+0000] {logging_mixin.py:190} INFO - [2026-07-10T01:26:22.903+0000] {dag.py:4180} INFO - Setting next_dagrun for 02_sql_transform to None, run_after=None
[2026-07-10T01:26:22.933+0000] {processor.py:208} INFO - Processing /opt/airflow/dags/02_sql_transform.py took 0.259 seconds
[2026-07-10T01:26:53.209+0000] {processor.py:186} INFO - Started process (PID=15511) to work on /opt/airflow/dags/02_sql_transform.py
[2026-07-10T01:26:53.212+0000] {processor.py:914} INFO - Processing file /opt/airflow/dags/02_sql_transform.py for tasks to queue
[2026-07-10T01:26:53.214+0000] {logging_mixin.py:190} INFO - [2026-07-10T01:26:53.213+0000] {dagbag.py:588} INFO - Filling up the DagBag from /opt/airflow/dags/02_sql_transform.py
[2026-07-10T01:26:53.224+0000] {processor.py:925} INFO - DAG(s) '02_sql_transform' retrieved from /opt/airflow/dags/02_sql_transform.py
[2026-07-10T01:26:53.272+0000] {logging_mixin.py:190} INFO - [2026-07-10T01:26:53.272+0000] {dag.py:3239} INFO - Sync 1 DAGs
[2026-07-10T01:26:53.293+0000] {logging_mixin.py:190} INFO - [2026-07-10T01:26:53.293+0000] {dag.py:4180} INFO - Setting next_dagrun for 02_sql_transform to None, run_after=None
[2026-07-10T01:26:53.334+0000] {processor.py:208} INFO - Processing /opt/airflow/dags/02_sql_transform.py took 0.136 seconds
[2026-07-10T01:27:23.566+0000] {processor.py:186} INFO - Started process (PID=15556) to work on /opt/airflow/dags/02_sql_transform.py
[2026-07-10T01:27:23.567+0000] {processor.py:914} INFO - Processing file /opt/airflow/dags/02_sql_transform.py for tasks to queue
[2026-07-10T01:27:23.571+0000] {logging_mixin.py:190} INFO - [2026-07-10T01:27:23.570+0000] {dagbag.py:588} INFO - Filling up the DagBag from /opt/airflow/dags/02_sql_transform.py
[2026-07-10T01:27:23.586+0000] {processor.py:925} INFO - DAG(s) '02_sql_transform' retrieved from /opt/airflow/dags/02_sql_transform.py
[2026-07-10T01:27:23.640+0000] {logging_mixin.py:190} INFO - [2026-07-10T01:27:23.639+0000] {dag.py:3239} INFO - Sync 1 DAGs
[2026-07-10T01:27:23.664+0000] {logging_mixin.py:190} INFO - [2026-07-10T01:27:23.664+0000] {dag.py:4180} INFO - Setting next_dagrun for 02_sql_transform to None, run_after=None
[2026-07-10T01:27:23.690+0000] {processor.py:208} INFO - Processing /opt/airflow/dags/02_sql_transform.py took 0.141 seconds
[2026-07-10T14:37:33.623+0000] {processor.py:186} INFO - Started process (PID=185) to work on /opt/airflow/dags/02_sql_transform.py
[2026-07-10T14:37:33.625+0000] {processor.py:914} INFO - Processing file /opt/airflow/dags/02_sql_transform.py for tasks to queue
[2026-07-10T14:37:33.627+0000] {logging_mixin.py:190} INFO - [2026-07-10T14:37:33.627+0000] {dagbag.py:588} INFO - Filling up the DagBag from /opt/airflow/dags/02_sql_transform.py
[2026-07-10T14:37:33.636+0000] {processor.py:925} INFO - DAG(s) '02_sql_transform' retrieved from /opt/airflow/dags/02_sql_transform.py
[2026-07-10T14:37:33.796+0000] {logging_mixin.py:190} INFO - [2026-07-10T14:37:33.796+0000] {override.py:1911} INFO - Created Permission View: can edit on DAG:02_sql_transform
[2026-07-10T14:37:33.808+0000] {logging_mixin.py:190} INFO - [2026-07-10T14:37:33.808+0000] {override.py:1911} INFO - Created Permission View: can read on DAG:02_sql_transform
[2026-07-10T14:37:33.816+0000] {logging_mixin.py:190} INFO - [2026-07-10T14:37:33.816+0000] {override.py:1911} INFO - Created Permission View: can delete on DAG:02_sql_transform
[2026-07-10T14:37:33.825+0000] {logging_mixin.py:190} INFO - [2026-07-10T14:37:33.825+0000] {override.py:1911} INFO - Created Permission View: can read on DAG Run:02_sql_transform
[2026-07-10T14:37:33.833+0000] {logging_mixin.py:190} INFO - [2026-07-10T14:37:33.833+0000] {override.py:1911} INFO - Created Permission View: can delete on DAG Run:02_sql_transform
[2026-07-10T14:37:33.844+0000] {logging_mixin.py:190} INFO - [2026-07-10T14:37:33.844+0000] {override.py:1911} INFO - Created Permission View: menu access on DAG Run:02_sql_transform
[2026-07-10T14:37:33.855+0000] {logging_mixin.py:190} INFO - [2026-07-10T14:37:33.855+0000] {override.py:1911} INFO - Created Permission View: can create on DAG Run:02_sql_transform
[2026-07-10T14:37:33.856+0000] {logging_mixin.py:190} INFO - [2026-07-10T14:37:33.855+0000] {dag.py:3239} INFO - Sync 1 DAGs
[2026-07-10T14:37:33.871+0000] {logging_mixin.py:190} INFO - [2026-07-10T14:37:33.871+0000] {dag.py:3262} INFO - Creating ORM DAG for 02_sql_transform
[2026-07-10T14:37:33.872+0000] {logging_mixin.py:190} INFO - [2026-07-10T14:37:33.872+0000] {dag.py:4180} INFO - Setting next_dagrun for 02_sql_transform to None, run_after=None
[2026-07-10T14:37:33.896+0000] {processor.py:208} INFO - Processing /opt/airflow/dags/02_sql_transform.py took 0.281 seconds
[2026-07-10T14:38:04.332+0000] {processor.py:186} INFO - Started process (PID=230) to work on /opt/airflow/dags/02_sql_transform.py
[2026-07-10T14:38:04.333+0000] {processor.py:914} INFO - Processing file /opt/airflow/dags/02_sql_transform.py for tasks to queue
[2026-07-10T14:38:04.336+0000] {logging_mixin.py:190} INFO - [2026-07-10T14:38:04.335+0000] {dagbag.py:588} INFO - Filling up the DagBag from /opt/airflow/dags/02_sql_transform.py
[2026-07-10T14:38:04.349+0000] {processor.py:925} INFO - DAG(s) '02_sql_transform' retrieved from /opt/airflow/dags/02_sql_transform.py
[2026-07-10T14:38:04.389+0000] {logging_mixin.py:190} INFO - [2026-07-10T14:38:04.388+0000] {dag.py:3239} INFO - Sync 1 DAGs
[2026-07-10T14:38:04.408+0000] {logging_mixin.py:190} INFO - [2026-07-10T14:38:04.408+0000] {dag.py:4180} INFO - Setting next_dagrun for 02_sql_transform to None, run_after=None
[2026-07-10T14:38:04.430+0000] {processor.py:208} INFO - Processing /opt/airflow/dags/02_sql_transform.py took 0.111 seconds
[2026-07-10T14:38:35.826+0000] {processor.py:186} INFO - Started process (PID=277) to work on /opt/airflow/dags/02_sql_transform.py
[2026-07-10T14:38:35.828+0000] {processor.py:914} INFO - Processing file /opt/airflow/dags/02_sql_transform.py for tasks to queue
[2026-07-10T14:38:35.830+0000] {logging_mixin.py:190} INFO - [2026-07-10T14:38:35.830+0000] {dagbag.py:588} INFO - Filling up the DagBag from /opt/airflow/dags/02_sql_transform.py
[2026-07-10T14:38:35.840+0000] {processor.py:925} INFO - DAG(s) '02_sql_transform' retrieved from /opt/airflow/dags/02_sql_transform.py
[2026-07-10T14:38:35.875+0000] {logging_mixin.py:190} INFO - [2026-07-10T14:38:35.875+0000] {dag.py:3239} INFO - Sync 1 DAGs
[2026-07-10T14:38:35.899+0000] {logging_mixin.py:190} INFO - [2026-07-10T14:38:35.899+0000] {dag.py:4180} INFO - Setting next_dagrun for 02_sql_transform to None, run_after=None
[2026-07-10T14:38:35.919+0000] {processor.py:208} INFO - Processing /opt/airflow/dags/02_sql_transform.py took 0.100 seconds
[2026-07-10T14:39:06.137+0000] {processor.py:186} INFO - Started process (PID=320) to work on /opt/airflow/dags/02_sql_transform.py
[2026-07-10T14:39:06.139+0000] {processor.py:914} INFO - Processing file /opt/airflow/dags/02_sql_transform.py for tasks to queue
[2026-07-10T14:39:06.142+0000] {logging_mixin.py:190} INFO - [2026-07-10T14:39:06.142+0000] {dagbag.py:588} INFO - Filling up the DagBag from /opt/airflow/dags/02_sql_transform.py
[2026-07-10T14:39:06.161+0000] {processor.py:925} INFO - DAG(s) '02_sql_transform' retrieved from /opt/airflow/dags/02_sql_transform.py
[2026-07-10T14:39:06.245+0000] {logging_mixin.py:190} INFO - [2026-07-10T14:39:06.244+0000] {dag.py:3239} INFO - Sync 1 DAGs
[2026-07-10T14:39:06.281+0000] {logging_mixin.py:190} INFO - [2026-07-10T14:39:06.281+0000] {dag.py:4180} INFO - Setting next_dagrun for 02_sql_transform to None, run_after=None
[2026-07-10T14:39:06.323+0000] {processor.py:208} INFO - Processing /opt/airflow/dags/02_sql_transform.py took 0.197 seconds
[2026-07-10T14:39:36.914+0000] {processor.py:186} INFO - Started process (PID=367) to work on /opt/airflow/dags/02_sql_transform.py
[2026-07-10T14:39:36.916+0000] {processor.py:914} INFO - Processing file /opt/airflow/dags/02_sql_transform.py for tasks to queue
[2026-07-10T14:39:36.918+0000] {logging_mixin.py:190} INFO - [2026-07-10T14:39:36.918+0000] {dagbag.py:588} INFO - Filling up the DagBag from /opt/airflow/dags/02_sql_transform.py
[2026-07-10T14:39:36.929+0000] {processor.py:925} INFO - DAG(s) '02_sql_transform' retrieved from /opt/airflow/dags/02_sql_transform.py
[2026-07-10T14:39:36.966+0000] {logging_mixin.py:190} INFO - [2026-07-10T14:39:36.966+0000] {dag.py:3239} INFO - Sync 1 DAGs
[2026-07-10T14:39:36.982+0000] {logging_mixin.py:190} INFO - [2026-07-10T14:39:36.982+0000] {dag.py:4180} INFO - Setting next_dagrun for 02_sql_transform to None, run_after=None
[2026-07-10T14:39:37.002+0000] {processor.py:208} INFO - Processing /opt/airflow/dags/02_sql_transform.py took 0.096 seconds
[2026-07-10T14:40:07.354+0000] {processor.py:186} INFO - Started process (PID=410) to work on /opt/airflow/dags/02_sql_transform.py
[2026-07-10T14:40:07.355+0000] {processor.py:914} INFO - Processing file /opt/airflow/dags/02_sql_transform.py for tasks to queue
[2026-07-10T14:40:07.358+0000] {logging_mixin.py:190} INFO - [2026-07-10T14:40:07.357+0000] {dagbag.py:588} INFO - Filling up the DagBag from /opt/airflow/dags/02_sql_transform.py
[2026-07-10T14:40:07.367+0000] {processor.py:925} INFO - DAG(s) '02_sql_transform' retrieved from /opt/airflow/dags/02_sql_transform.py
[2026-07-10T14:40:07.404+0000] {logging_mixin.py:190} INFO - [2026-07-10T14:40:07.404+0000] {dag.py:3239} INFO - Sync 1 DAGs
[2026-07-10T14:40:07.631+0000] {logging_mixin.py:190} INFO - [2026-07-10T14:40:07.631+0000] {dag.py:4180} INFO - Setting next_dagrun for 02_sql_transform to None, run_after=None
[2026-07-10T14:40:07.653+0000] {processor.py:208} INFO - Processing /opt/airflow/dags/02_sql_transform.py took 0.306 seconds
[2026-07-10T14:40:38.297+0000] {processor.py:186} INFO - Started process (PID=455) to work on /opt/airflow/dags/02_sql_transform.py
[2026-07-10T14:40:38.298+0000] {processor.py:914} INFO - Processing file /opt/airflow/dags/02_sql_transform.py for tasks to queue
[2026-07-10T14:40:38.302+0000] {logging_mixin.py:190} INFO - [2026-07-10T14:40:38.301+0000] {dagbag.py:588} INFO - Filling up the DagBag from /opt/airflow/dags/02_sql_transform.py
[2026-07-10T14:40:38.313+0000] {processor.py:925} INFO - DAG(s) '02_sql_transform' retrieved from /opt/airflow/dags/02_sql_transform.py
[2026-07-10T14:40:38.358+0000] {logging_mixin.py:190} INFO - [2026-07-10T14:40:38.358+0000] {dag.py:3239} INFO - Sync 1 DAGs
[2026-07-10T14:40:38.377+0000] {logging_mixin.py:190} INFO - [2026-07-10T14:40:38.376+0000] {dag.py:4180} INFO - Setting next_dagrun for 02_sql_transform to None, run_after=None
[2026-07-10T14:40:38.400+0000] {processor.py:208} INFO - Processing /opt/airflow/dags/02_sql_transform.py took 0.112 seconds
[2026-07-10T14:41:08.762+0000] {processor.py:186} INFO - Started process (PID=500) to work on /opt/airflow/dags/02_sql_transform.py
[2026-07-10T14:41:08.763+0000] {processor.py:914} INFO - Processing file /opt/airflow/dags/02_sql_transform.py for tasks to queue
[2026-07-10T14:41:08.765+0000] {logging_mixin.py:190} INFO - [2026-07-10T14:41:08.765+0000] {dagbag.py:588} INFO - Filling up the DagBag from /opt/airflow/dags/02_sql_transform.py
[2026-07-10T14:41:08.776+0000] {processor.py:925} INFO - DAG(s) '02_sql_transform' retrieved from /opt/airflow/dags/02_sql_transform.py
[2026-07-10T14:41:08.813+0000] {logging_mixin.py:190} INFO - [2026-07-10T14:41:08.813+0000] {dag.py:3239} INFO - Sync 1 DAGs
[2026-07-10T14:41:09.040+0000] {logging_mixin.py:190} INFO - [2026-07-10T14:41:09.039+0000] {dag.py:4180} INFO - Setting next_dagrun for 02_sql_transform to None, run_after=None
[2026-07-10T14:41:09.063+0000] {processor.py:208} INFO - Processing /opt/airflow/dags/02_sql_transform.py took 0.309 seconds
[2026-07-10T14:41:39.407+0000] {processor.py:186} INFO - Started process (PID=545) to work on /opt/airflow/dags/02_sql_transform.py
[2026-07-10T14:41:39.409+0000] {processor.py:914} INFO - Processing file /opt/airflow/dags/02_sql_transform.py for tasks to queue
[2026-07-10T14:41:39.411+0000] {logging_mixin.py:190} INFO - [2026-07-10T14:41:39.411+0000] {dagbag.py:588} INFO - Filling up the DagBag from /opt/airflow/dags/02_sql_transform.py
[2026-07-10T14:41:39.421+0000] {processor.py:925} INFO - DAG(s) '02_sql_transform' retrieved from /opt/airflow/dags/02_sql_transform.py
[2026-07-10T14:41:39.456+0000] {logging_mixin.py:190} INFO - [2026-07-10T14:41:39.456+0000] {dag.py:3239} INFO - Sync 1 DAGs
[2026-07-10T14:41:39.472+0000] {logging_mixin.py:190} INFO - [2026-07-10T14:41:39.472+0000] {dag.py:4180} INFO - Setting next_dagrun for 02_sql_transform to None, run_after=None
[2026-07-10T14:41:39.494+0000] {processor.py:208} INFO - Processing /opt/airflow/dags/02_sql_transform.py took 0.095 seconds
[2026-07-10T14:42:10.541+0000] {processor.py:186} INFO - Started process (PID=592) to work on /opt/airflow/dags/02_sql_transform.py
[2026-07-10T14:42:10.543+0000] {processor.py:914} INFO - Processing file /opt/airflow/dags/02_sql_transform.py for tasks to queue
[2026-07-10T14:42:10.547+0000] {logging_mixin.py:190} INFO - [2026-07-10T14:42:10.547+0000] {dagbag.py:588} INFO - Filling up the DagBag from /opt/airflow/dags/02_sql_transform.py
[2026-07-10T14:42:10.565+0000] {processor.py:925} INFO - DAG(s) '02_sql_transform' retrieved from /opt/airflow/dags/02_sql_transform.py
[2026-07-10T14:42:10.625+0000] {logging_mixin.py:190} INFO - [2026-07-10T14:42:10.625+0000] {dag.py:3239} INFO - Sync 1 DAGs
[2026-07-10T14:42:10.646+0000] {logging_mixin.py:190} INFO - [2026-07-10T14:42:10.646+0000] {dag.py:4180} INFO - Setting next_dagrun for 02_sql_transform to None, run_after=None
[2026-07-10T14:42:10.667+0000] {processor.py:208} INFO - Processing /opt/airflow/dags/02_sql_transform.py took 0.139 seconds
[2026-07-10T14:42:40.863+0000] {processor.py:186} INFO - Started process (PID=637) to work on /opt/airflow/dags/02_sql_transform.py
[2026-07-10T14:42:40.864+0000] {processor.py:914} INFO - Processing file /opt/airflow/dags/02_sql_transform.py for tasks to queue
[2026-07-10T14:42:40.866+0000] {logging_mixin.py:190} INFO - [2026-07-10T14:42:40.866+0000] {dagbag.py:588} INFO - Filling up the DagBag from /opt/airflow/dags/02_sql_transform.py
[2026-07-10T14:42:40.875+0000] {processor.py:925} INFO - DAG(s) '02_sql_transform' retrieved from /opt/airflow/dags/02_sql_transform.py
[2026-07-10T14:42:40.911+0000] {logging_mixin.py:190} INFO - [2026-07-10T14:42:40.911+0000] {dag.py:3239} INFO - Sync 1 DAGs
[2026-07-10T14:42:40.926+0000] {logging_mixin.py:190} INFO - [2026-07-10T14:42:40.926+0000] {dag.py:4180} INFO - Setting next_dagrun for 02_sql_transform to None, run_after=None
[2026-07-10T14:42:40.945+0000] {processor.py:208} INFO - Processing /opt/airflow/dags/02_sql_transform.py took 0.089 seconds
[2026-07-10T14:43:11.250+0000] {processor.py:186} INFO - Started process (PID=682) to work on /opt/airflow/dags/02_sql_transform.py
[2026-07-10T14:43:11.251+0000] {processor.py:914} INFO - Processing file /opt/airflow/dags/02_sql_transform.py for tasks to queue
[2026-07-10T14:43:11.253+0000] {logging_mixin.py:190} INFO - [2026-07-10T14:43:11.253+0000] {dagbag.py:588} INFO - Filling up the DagBag from /opt/airflow/dags/02_sql_transform.py
[2026-07-10T14:43:11.262+0000] {processor.py:925} INFO - DAG(s) '02_sql_transform' retrieved from /opt/airflow/dags/02_sql_transform.py
[2026-07-10T14:43:11.296+0000] {logging_mixin.py:190} INFO - [2026-07-10T14:43:11.296+0000] {dag.py:3239} INFO - Sync 1 DAGs
[2026-07-10T14:43:11.312+0000] {logging_mixin.py:190} INFO - [2026-07-10T14:43:11.311+0000] {dag.py:4180} INFO - Setting next_dagrun for 02_sql_transform to None, run_after=None
[2026-07-10T14:43:11.331+0000] {processor.py:208} INFO - Processing /opt/airflow/dags/02_sql_transform.py took 0.089 seconds
[2026-07-10T14:43:41.508+0000] {processor.py:186} INFO - Started process (PID=727) to work on /opt/airflow/dags/02_sql_transform.py
[2026-07-10T14:43:41.509+0000] {processor.py:914} INFO - Processing file /opt/airflow/dags/02_sql_transform.py for tasks to queue
[2026-07-10T14:43:41.512+0000] {logging_mixin.py:190} INFO - [2026-07-10T14:43:41.512+0000] {dagbag.py:588} INFO - Filling up the DagBag from /opt/airflow/dags/02_sql_transform.py
[2026-07-10T14:43:41.522+0000] {processor.py:925} INFO - DAG(s) '02_sql_transform' retrieved from /opt/airflow/dags/02_sql_transform.py
[2026-07-10T14:43:41.563+0000] {logging_mixin.py:190} INFO - [2026-07-10T14:43:41.562+0000] {dag.py:3239} INFO - Sync 1 DAGs
[2026-07-10T14:43:41.582+0000] {logging_mixin.py:190} INFO - [2026-07-10T14:43:41.581+0000] {dag.py:4180} INFO - Setting next_dagrun for 02_sql_transform to None, run_after=None
[2026-07-10T14:43:41.603+0000] {processor.py:208} INFO - Processing /opt/airflow/dags/02_sql_transform.py took 0.103 seconds
[2026-07-10T14:44:11.694+0000] {processor.py:186} INFO - Started process (PID=771) to work on /opt/airflow/dags/02_sql_transform.py
[2026-07-10T14:44:11.695+0000] {processor.py:914} INFO - Processing file /opt/airflow/dags/02_sql_transform.py for tasks to queue
[2026-07-10T14:44:11.698+0000] {logging_mixin.py:190} INFO - [2026-07-10T14:44:11.698+0000] {dagbag.py:588} INFO - Filling up the DagBag from /opt/airflow/dags/02_sql_transform.py
[2026-07-10T14:44:11.708+0000] {processor.py:925} INFO - DAG(s) '02_sql_transform' retrieved from /opt/airflow/dags/02_sql_transform.py
[2026-07-10T14:44:11.742+0000] {logging_mixin.py:190} INFO - [2026-07-10T14:44:11.741+0000] {dag.py:3239} INFO - Sync 1 DAGs
[2026-07-10T14:44:11.758+0000] {logging_mixin.py:190} INFO - [2026-07-10T14:44:11.757+0000] {dag.py:4180} INFO - Setting next_dagrun for 02_sql_transform to None, run_after=None
[2026-07-10T14:44:11.783+0000] {processor.py:208} INFO - Processing /opt/airflow/dags/02_sql_transform.py took 0.098 seconds
[2026-07-10T14:44:41.947+0000] {processor.py:186} INFO - Started process (PID=817) to work on /opt/airflow/dags/02_sql_transform.py
[2026-07-10T14:44:41.948+0000] {processor.py:914} INFO - Processing file /opt/airflow/dags/02_sql_transform.py for tasks to queue
[2026-07-10T14:44:41.951+0000] {logging_mixin.py:190} INFO - [2026-07-10T14:44:41.950+0000] {dagbag.py:588} INFO - Filling up the DagBag from /opt/airflow/dags/02_sql_transform.py
[2026-07-10T14:44:41.966+0000] {processor.py:925} INFO - DAG(s) '02_sql_transform' retrieved from /opt/airflow/dags/02_sql_transform.py
[2026-07-10T14:44:42.004+0000] {logging_mixin.py:190} INFO - [2026-07-10T14:44:42.004+0000] {dag.py:3239} INFO - Sync 1 DAGs
[2026-07-10T14:44:42.023+0000] {logging_mixin.py:190} INFO - [2026-07-10T14:44:42.023+0000] {dag.py:4180} INFO - Setting next_dagrun for 02_sql_transform to None, run_after=None
[2026-07-10T14:44:42.043+0000] {processor.py:208} INFO - Processing /opt/airflow/dags/02_sql_transform.py took 0.104 seconds
[2026-07-10T14:45:12.347+0000] {processor.py:186} INFO - Started process (PID=860) to work on /opt/airflow/dags/02_sql_transform.py
[2026-07-10T14:45:12.348+0000] {processor.py:914} INFO - Processing file /opt/airflow/dags/02_sql_transform.py for tasks to queue
[2026-07-10T14:45:12.352+0000] {logging_mixin.py:190} INFO - [2026-07-10T14:45:12.351+0000] {dagbag.py:588} INFO - Filling up the DagBag from /opt/airflow/dags/02_sql_transform.py
[2026-07-10T14:45:12.365+0000] {processor.py:925} INFO - DAG(s) '02_sql_transform' retrieved from /opt/airflow/dags/02_sql_transform.py
[2026-07-10T14:45:12.407+0000] {logging_mixin.py:190} INFO - [2026-07-10T14:45:12.407+0000] {dag.py:3239} INFO - Sync 1 DAGs
[2026-07-10T14:45:12.425+0000] {logging_mixin.py:190} INFO - [2026-07-10T14:45:12.425+0000] {dag.py:4180} INFO - Setting next_dagrun for 02_sql_transform to None, run_after=None
[2026-07-10T14:45:12.449+0000] {processor.py:208} INFO - Processing /opt/airflow/dags/02_sql_transform.py took 0.111 seconds
[2026-07-10T14:45:42.724+0000] {processor.py:186} INFO - Started process (PID=907) to work on /opt/airflow/dags/02_sql_transform.py
[2026-07-10T14:45:42.725+0000] {processor.py:914} INFO - Processing file /opt/airflow/dags/02_sql_transform.py for tasks to queue
[2026-07-10T14:45:42.727+0000] {logging_mixin.py:190} INFO - [2026-07-10T14:45:42.727+0000] {dagbag.py:588} INFO - Filling up the DagBag from /opt/airflow/dags/02_sql_transform.py
[2026-07-10T14:45:42.735+0000] {processor.py:925} INFO - DAG(s) '02_sql_transform' retrieved from /opt/airflow/dags/02_sql_transform.py
[2026-07-10T14:45:42.769+0000] {logging_mixin.py:190} INFO - [2026-07-10T14:45:42.769+0000] {dag.py:3239} INFO - Sync 1 DAGs
[2026-07-10T14:45:42.784+0000] {logging_mixin.py:190} INFO - [2026-07-10T14:45:42.784+0000] {dag.py:4180} INFO - Setting next_dagrun for 02_sql_transform to None, run_after=None
[2026-07-10T14:45:42.802+0000] {processor.py:208} INFO - Processing /opt/airflow/dags/02_sql_transform.py took 0.085 seconds
[2026-07-10T14:46:13.844+0000] {processor.py:186} INFO - Started process (PID=950) to work on /opt/airflow/dags/02_sql_transform.py
[2026-07-10T14:46:13.845+0000] {processor.py:914} INFO - Processing file /opt/airflow/dags/02_sql_transform.py for tasks to queue
[2026-07-10T14:46:13.853+0000] {logging_mixin.py:190} INFO - [2026-07-10T14:46:13.853+0000] {dagbag.py:588} INFO - Filling up the DagBag from /opt/airflow/dags/02_sql_transform.py
[2026-07-10T14:46:13.879+0000] {processor.py:925} INFO - DAG(s) '02_sql_transform' retrieved from /opt/airflow/dags/02_sql_transform.py
[2026-07-10T14:46:13.941+0000] {logging_mixin.py:190} INFO - [2026-07-10T14:46:13.941+0000] {dag.py:3239} INFO - Sync 1 DAGs
[2026-07-10T14:46:13.979+0000] {logging_mixin.py:190} INFO - [2026-07-10T14:46:13.978+0000] {dag.py:4180} INFO - Setting next_dagrun for 02_sql_transform to None, run_after=None
[2026-07-10T14:46:14.041+0000] {processor.py:208} INFO - Processing /opt/airflow/dags/02_sql_transform.py took 0.221 seconds
[2026-07-10T14:46:44.152+0000] {processor.py:186} INFO - Started process (PID=997) to work on /opt/airflow/dags/02_sql_transform.py
[2026-07-10T14:46:44.153+0000] {processor.py:914} INFO - Processing file /opt/airflow/dags/02_sql_transform.py for tasks to queue
[2026-07-10T14:46:44.156+0000] {logging_mixin.py:190} INFO - [2026-07-10T14:46:44.156+0000] {dagbag.py:588} INFO - Filling up the DagBag from /opt/airflow/dags/02_sql_transform.py
[2026-07-10T14:46:44.166+0000] {processor.py:925} INFO - DAG(s) '02_sql_transform' retrieved from /opt/airflow/dags/02_sql_transform.py
[2026-07-10T14:46:44.200+0000] {logging_mixin.py:190} INFO - [2026-07-10T14:46:44.199+0000] {dag.py:3239} INFO - Sync 1 DAGs
[2026-07-10T14:46:44.214+0000] {logging_mixin.py:190} INFO - [2026-07-10T14:46:44.214+0000] {dag.py:4180} INFO - Setting next_dagrun for 02_sql_transform to None, run_after=None
[2026-07-10T14:46:44.237+0000] {processor.py:208} INFO - Processing /opt/airflow/dags/02_sql_transform.py took 0.093 seconds
[2026-07-10T14:47:14.348+0000] {processor.py:186} INFO - Started process (PID=1042) to work on /opt/airflow/dags/02_sql_transform.py
[2026-07-10T14:47:14.349+0000] {processor.py:914} INFO - Processing file /opt/airflow/dags/02_sql_transform.py for tasks to queue
[2026-07-10T14:47:14.351+0000] {logging_mixin.py:190} INFO - [2026-07-10T14:47:14.350+0000] {dagbag.py:588} INFO - Filling up the DagBag from /opt/airflow/dags/02_sql_transform.py
[2026-07-10T14:47:14.359+0000] {processor.py:925} INFO - DAG(s) '02_sql_transform' retrieved from /opt/airflow/dags/02_sql_transform.py
[2026-07-10T14:47:14.391+0000] {logging_mixin.py:190} INFO - [2026-07-10T14:47:14.391+0000] {dag.py:3239} INFO - Sync 1 DAGs
[2026-07-10T14:47:14.407+0000] {logging_mixin.py:190} INFO - [2026-07-10T14:47:14.407+0000] {dag.py:4180} INFO - Setting next_dagrun for 02_sql_transform to None, run_after=None
[2026-07-10T14:47:14.432+0000] {processor.py:208} INFO - Processing /opt/airflow/dags/02_sql_transform.py took 0.090 seconds
[2026-07-10T14:47:44.676+0000] {processor.py:186} INFO - Started process (PID=1087) to work on /opt/airflow/dags/02_sql_transform.py
[2026-07-10T14:47:44.678+0000] {processor.py:914} INFO - Processing file /opt/airflow/dags/02_sql_transform.py for tasks to queue
[2026-07-10T14:47:44.681+0000] {logging_mixin.py:190} INFO - [2026-07-10T14:47:44.681+0000] {dagbag.py:588} INFO - Filling up the DagBag from /opt/airflow/dags/02_sql_transform.py
[2026-07-10T14:47:44.694+0000] {processor.py:925} INFO - DAG(s) '02_sql_transform' retrieved from /opt/airflow/dags/02_sql_transform.py
[2026-07-10T14:47:44.738+0000] {logging_mixin.py:190} INFO - [2026-07-10T14:47:44.738+0000] {dag.py:3239} INFO - Sync 1 DAGs
[2026-07-10T14:47:44.756+0000] {logging_mixin.py:190} INFO - [2026-07-10T14:47:44.756+0000] {dag.py:4180} INFO - Setting next_dagrun for 02_sql_transform to None, run_after=None
[2026-07-10T14:47:44.779+0000] {processor.py:208} INFO - Processing /opt/airflow/dags/02_sql_transform.py took 0.112 seconds
[2026-07-10T14:48:14.970+0000] {processor.py:186} INFO - Started process (PID=1132) to work on /opt/airflow/dags/02_sql_transform.py
[2026-07-10T14:48:14.971+0000] {processor.py:914} INFO - Processing file /opt/airflow/dags/02_sql_transform.py for tasks to queue
[2026-07-10T14:48:14.974+0000] {logging_mixin.py:190} INFO - [2026-07-10T14:48:14.973+0000] {dagbag.py:588} INFO - Filling up the DagBag from /opt/airflow/dags/02_sql_transform.py
[2026-07-10T14:48:14.984+0000] {processor.py:925} INFO - DAG(s) '02_sql_transform' retrieved from /opt/airflow/dags/02_sql_transform.py
[2026-07-10T14:48:15.026+0000] {logging_mixin.py:190} INFO - [2026-07-10T14:48:15.025+0000] {dag.py:3239} INFO - Sync 1 DAGs
[2026-07-10T14:48:15.041+0000] {logging_mixin.py:190} INFO - [2026-07-10T14:48:15.041+0000] {dag.py:4180} INFO - Setting next_dagrun for 02_sql_transform to None, run_after=None
[2026-07-10T14:48:15.060+0000] {processor.py:208} INFO - Processing /opt/airflow/dags/02_sql_transform.py took 0.098 seconds
[2026-07-10T14:48:45.237+0000] {processor.py:186} INFO - Started process (PID=1175) to work on /opt/airflow/dags/02_sql_transform.py
[2026-07-10T14:48:45.239+0000] {processor.py:914} INFO - Processing file /opt/airflow/dags/02_sql_transform.py for tasks to queue
[2026-07-10T14:48:45.242+0000] {logging_mixin.py:190} INFO - [2026-07-10T14:48:45.241+0000] {dagbag.py:588} INFO - Filling up the DagBag from /opt/airflow/dags/02_sql_transform.py
[2026-07-10T14:48:45.253+0000] {processor.py:925} INFO - DAG(s) '02_sql_transform' retrieved from /opt/airflow/dags/02_sql_transform.py
[2026-07-10T14:48:45.291+0000] {logging_mixin.py:190} INFO - [2026-07-10T14:48:45.290+0000] {dag.py:3239} INFO - Sync 1 DAGs
[2026-07-10T14:48:45.307+0000] {logging_mixin.py:190} INFO - [2026-07-10T14:48:45.307+0000] {dag.py:4180} INFO - Setting next_dagrun for 02_sql_transform to None, run_after=None
[2026-07-10T14:48:45.327+0000] {processor.py:208} INFO - Processing /opt/airflow/dags/02_sql_transform.py took 0.098 seconds
[2026-07-10T14:49:15.834+0000] {processor.py:186} INFO - Started process (PID=1220) to work on /opt/airflow/dags/02_sql_transform.py
[2026-07-10T14:49:15.835+0000] {processor.py:914} INFO - Processing file /opt/airflow/dags/02_sql_transform.py for tasks to queue
[2026-07-10T14:49:15.839+0000] {logging_mixin.py:190} INFO - [2026-07-10T14:49:15.838+0000] {dagbag.py:588} INFO - Filling up the DagBag from /opt/airflow/dags/02_sql_transform.py
[2026-07-10T14:49:15.855+0000] {processor.py:925} INFO - DAG(s) '02_sql_transform' retrieved from /opt/airflow/dags/02_sql_transform.py
[2026-07-10T14:49:15.892+0000] {logging_mixin.py:190} INFO - [2026-07-10T14:49:15.892+0000] {dag.py:3239} INFO - Sync 1 DAGs
[2026-07-10T14:49:15.908+0000] {logging_mixin.py:190} INFO - [2026-07-10T14:49:15.908+0000] {dag.py:4180} INFO - Setting next_dagrun for 02_sql_transform to None, run_after=None
[2026-07-10T14:49:15.930+0000] {processor.py:208} INFO - Processing /opt/airflow/dags/02_sql_transform.py took 0.104 seconds
[2026-07-10T14:49:46.139+0000] {processor.py:186} INFO - Started process (PID=1265) to work on /opt/airflow/dags/02_sql_transform.py
[2026-07-10T14:49:46.141+0000] {processor.py:914} INFO - Processing file /opt/airflow/dags/02_sql_transform.py for tasks to queue
[2026-07-10T14:49:46.144+0000] {logging_mixin.py:190} INFO - [2026-07-10T14:49:46.143+0000] {dagbag.py:588} INFO - Filling up the DagBag from /opt/airflow/dags/02_sql_transform.py
[2026-07-10T14:49:46.154+0000] {processor.py:925} INFO - DAG(s) '02_sql_transform' retrieved from /opt/airflow/dags/02_sql_transform.py
[2026-07-10T14:49:46.190+0000] {logging_mixin.py:190} INFO - [2026-07-10T14:49:46.190+0000] {dag.py:3239} INFO - Sync 1 DAGs
[2026-07-10T14:49:46.205+0000] {logging_mixin.py:190} INFO - [2026-07-10T14:49:46.205+0000] {dag.py:4180} INFO - Setting next_dagrun for 02_sql_transform to None, run_after=None
[2026-07-10T14:49:46.224+0000] {processor.py:208} INFO - Processing /opt/airflow/dags/02_sql_transform.py took 0.092 seconds
[2026-07-10T14:50:16.522+0000] {processor.py:186} INFO - Started process (PID=1310) to work on /opt/airflow/dags/02_sql_transform.py
[2026-07-10T14:50:16.523+0000] {processor.py:914} INFO - Processing file /opt/airflow/dags/02_sql_transform.py for tasks to queue
[2026-07-10T14:50:16.526+0000] {logging_mixin.py:190} INFO - [2026-07-10T14:50:16.526+0000] {dagbag.py:588} INFO - Filling up the DagBag from /opt/airflow/dags/02_sql_transform.py
[2026-07-10T14:50:16.537+0000] {processor.py:925} INFO - DAG(s) '02_sql_transform' retrieved from /opt/airflow/dags/02_sql_transform.py
[2026-07-10T14:50:16.574+0000] {logging_mixin.py:190} INFO - [2026-07-10T14:50:16.573+0000] {dag.py:3239} INFO - Sync 1 DAGs
[2026-07-10T14:50:16.594+0000] {logging_mixin.py:190} INFO - [2026-07-10T14:50:16.594+0000] {dag.py:4180} INFO - Setting next_dagrun for 02_sql_transform to None, run_after=None
[2026-07-10T14:50:16.619+0000] {processor.py:208} INFO - Processing /opt/airflow/dags/02_sql_transform.py took 0.105 seconds
[2026-07-10T14:50:46.758+0000] {processor.py:186} INFO - Started process (PID=1355) to work on /opt/airflow/dags/02_sql_transform.py
[2026-07-10T14:50:46.759+0000] {processor.py:914} INFO - Processing file /opt/airflow/dags/02_sql_transform.py for tasks to queue
[2026-07-10T14:50:46.762+0000] {logging_mixin.py:190} INFO - [2026-07-10T14:50:46.762+0000] {dagbag.py:588} INFO - Filling up the DagBag from /opt/airflow/dags/02_sql_transform.py
[2026-07-10T14:50:46.776+0000] {processor.py:925} INFO - DAG(s) '02_sql_transform' retrieved from /opt/airflow/dags/02_sql_transform.py
[2026-07-10T14:50:46.814+0000] {logging_mixin.py:190} INFO - [2026-07-10T14:50:46.814+0000] {dag.py:3239} INFO - Sync 1 DAGs
[2026-07-10T14:50:46.839+0000] {logging_mixin.py:190} INFO - [2026-07-10T14:50:46.839+0000] {dag.py:4180} INFO - Setting next_dagrun for 02_sql_transform to None, run_after=None
[2026-07-10T14:50:46.871+0000] {processor.py:208} INFO - Processing /opt/airflow/dags/02_sql_transform.py took 0.123 seconds
[2026-07-10T14:51:17.414+0000] {processor.py:186} INFO - Started process (PID=1402) to work on /opt/airflow/dags/02_sql_transform.py
[2026-07-10T14:51:17.416+0000] {processor.py:914} INFO - Processing file /opt/airflow/dags/02_sql_transform.py for tasks to queue
[2026-07-10T14:51:17.419+0000] {logging_mixin.py:190} INFO - [2026-07-10T14:51:17.418+0000] {dagbag.py:588} INFO - Filling up the DagBag from /opt/airflow/dags/02_sql_transform.py
[2026-07-10T14:51:17.429+0000] {processor.py:925} INFO - DAG(s) '02_sql_transform' retrieved from /opt/airflow/dags/02_sql_transform.py
[2026-07-10T14:51:17.466+0000] {logging_mixin.py:190} INFO - [2026-07-10T14:51:17.466+0000] {dag.py:3239} INFO - Sync 1 DAGs
[2026-07-10T14:51:17.483+0000] {logging_mixin.py:190} INFO - [2026-07-10T14:51:17.483+0000] {dag.py:4180} INFO - Setting next_dagrun for 02_sql_transform to None, run_after=None
[2026-07-10T14:51:17.503+0000] {processor.py:208} INFO - Processing /opt/airflow/dags/02_sql_transform.py took 0.099 seconds
[2026-07-10T14:51:47.894+0000] {processor.py:186} INFO - Started process (PID=1447) to work on /opt/airflow/dags/02_sql_transform.py
[2026-07-10T14:51:47.895+0000] {processor.py:914} INFO - Processing file /opt/airflow/dags/02_sql_transform.py for tasks to queue
[2026-07-10T14:51:47.898+0000] {logging_mixin.py:190} INFO - [2026-07-10T14:51:47.898+0000] {dagbag.py:588} INFO - Filling up the DagBag from /opt/airflow/dags/02_sql_transform.py
[2026-07-10T14:51:47.910+0000] {processor.py:925} INFO - DAG(s) '02_sql_transform' retrieved from /opt/airflow/dags/02_sql_transform.py
[2026-07-10T14:51:47.954+0000] {logging_mixin.py:190} INFO - [2026-07-10T14:51:47.954+0000] {dag.py:3239} INFO - Sync 1 DAGs
[2026-07-10T14:51:47.973+0000] {logging_mixin.py:190} INFO - [2026-07-10T14:51:47.973+0000] {dag.py:4180} INFO - Setting next_dagrun for 02_sql_transform to None, run_after=None
[2026-07-10T14:51:47.998+0000] {processor.py:208} INFO - Processing /opt/airflow/dags/02_sql_transform.py took 0.114 seconds
[2026-07-10T14:52:19.153+0000] {processor.py:186} INFO - Started process (PID=1492) to work on /opt/airflow/dags/02_sql_transform.py
[2026-07-10T14:52:19.154+0000] {processor.py:914} INFO - Processing file /opt/airflow/dags/02_sql_transform.py for tasks to queue
[2026-07-10T14:52:19.157+0000] {logging_mixin.py:190} INFO - [2026-07-10T14:52:19.156+0000] {dagbag.py:588} INFO - Filling up the DagBag from /opt/airflow/dags/02_sql_transform.py
[2026-07-10T14:52:19.167+0000] {processor.py:925} INFO - DAG(s) '02_sql_transform' retrieved from /opt/airflow/dags/02_sql_transform.py
[2026-07-10T14:52:19.203+0000] {logging_mixin.py:190} INFO - [2026-07-10T14:52:19.202+0000] {dag.py:3239} INFO - Sync 1 DAGs
[2026-07-10T14:52:19.218+0000] {logging_mixin.py:190} INFO - [2026-07-10T14:52:19.217+0000] {dag.py:4180} INFO - Setting next_dagrun for 02_sql_transform to None, run_after=None
[2026-07-10T14:52:19.237+0000] {processor.py:208} INFO - Processing /opt/airflow/dags/02_sql_transform.py took 0.091 seconds
[2026-07-10T14:52:49.512+0000] {processor.py:186} INFO - Started process (PID=1537) to work on /opt/airflow/dags/02_sql_transform.py
[2026-07-10T14:52:49.514+0000] {processor.py:914} INFO - Processing file /opt/airflow/dags/02_sql_transform.py for tasks to queue
[2026-07-10T14:52:49.516+0000] {logging_mixin.py:190} INFO - [2026-07-10T14:52:49.516+0000] {dagbag.py:588} INFO - Filling up the DagBag from /opt/airflow/dags/02_sql_transform.py
[2026-07-10T14:52:49.529+0000] {processor.py:925} INFO - DAG(s) '02_sql_transform' retrieved from /opt/airflow/dags/02_sql_transform.py
[2026-07-10T14:52:49.568+0000] {logging_mixin.py:190} INFO - [2026-07-10T14:52:49.568+0000] {dag.py:3239} INFO - Sync 1 DAGs
[2026-07-10T14:52:49.585+0000] {logging_mixin.py:190} INFO - [2026-07-10T14:52:49.585+0000] {dag.py:4180} INFO - Setting next_dagrun for 02_sql_transform to None, run_after=None
[2026-07-10T14:52:49.608+0000] {processor.py:208} INFO - Processing /opt/airflow/dags/02_sql_transform.py took 0.104 seconds
[2026-07-10T14:53:20.649+0000] {processor.py:186} INFO - Started process (PID=1582) to work on /opt/airflow/dags/02_sql_transform.py
[2026-07-10T14:53:20.651+0000] {processor.py:914} INFO - Processing file /opt/airflow/dags/02_sql_transform.py for tasks to queue
[2026-07-10T14:53:20.653+0000] {logging_mixin.py:190} INFO - [2026-07-10T14:53:20.653+0000] {dagbag.py:588} INFO - Filling up the DagBag from /opt/airflow/dags/02_sql_transform.py
[2026-07-10T14:53:20.664+0000] {processor.py:925} INFO - DAG(s) '02_sql_transform' retrieved from /opt/airflow/dags/02_sql_transform.py
[2026-07-10T14:53:20.698+0000] {logging_mixin.py:190} INFO - [2026-07-10T14:53:20.698+0000] {dag.py:3239} INFO - Sync 1 DAGs
[2026-07-10T14:53:20.713+0000] {logging_mixin.py:190} INFO - [2026-07-10T14:53:20.713+0000] {dag.py:4180} INFO - Setting next_dagrun for 02_sql_transform to None, run_after=None
[2026-07-10T14:53:20.732+0000] {processor.py:208} INFO - Processing /opt/airflow/dags/02_sql_transform.py took 0.093 seconds
[2026-07-10T14:53:51.695+0000] {processor.py:186} INFO - Started process (PID=1625) to work on /opt/airflow/dags/02_sql_transform.py
[2026-07-10T14:53:51.697+0000] {processor.py:914} INFO - Processing file /opt/airflow/dags/02_sql_transform.py for tasks to queue
[2026-07-10T14:53:51.701+0000] {logging_mixin.py:190} INFO - [2026-07-10T14:53:51.701+0000] {dagbag.py:588} INFO - Filling up the DagBag from /opt/airflow/dags/02_sql_transform.py
[2026-07-10T14:53:51.723+0000] {processor.py:925} INFO - DAG(s) '02_sql_transform' retrieved from /opt/airflow/dags/02_sql_transform.py
[2026-07-10T14:53:51.779+0000] {logging_mixin.py:190} INFO - [2026-07-10T14:53:51.779+0000] {dag.py:3239} INFO - Sync 1 DAGs
[2026-07-10T14:53:51.810+0000] {logging_mixin.py:190} INFO - [2026-07-10T14:53:51.809+0000] {dag.py:4180} INFO - Setting next_dagrun for 02_sql_transform to None, run_after=None
[2026-07-10T14:53:51.845+0000] {processor.py:208} INFO - Processing /opt/airflow/dags/02_sql_transform.py took 0.162 seconds
[2026-07-10T14:54:22.781+0000] {processor.py:186} INFO - Started process (PID=1672) to work on /opt/airflow/dags/02_sql_transform.py
[2026-07-10T14:54:22.782+0000] {processor.py:914} INFO - Processing file /opt/airflow/dags/02_sql_transform.py for tasks to queue
[2026-07-10T14:54:22.785+0000] {logging_mixin.py:190} INFO - [2026-07-10T14:54:22.784+0000] {dagbag.py:588} INFO - Filling up the DagBag from /opt/airflow/dags/02_sql_transform.py
[2026-07-10T14:54:22.795+0000] {processor.py:925} INFO - DAG(s) '02_sql_transform' retrieved from /opt/airflow/dags/02_sql_transform.py
[2026-07-10T14:54:22.838+0000] {logging_mixin.py:190} INFO - [2026-07-10T14:54:22.838+0000] {dag.py:3239} INFO - Sync 1 DAGs
[2026-07-10T14:54:22.859+0000] {logging_mixin.py:190} INFO - [2026-07-10T14:54:22.859+0000] {dag.py:4180} INFO - Setting next_dagrun for 02_sql_transform to None, run_after=None
[2026-07-10T14:54:22.882+0000] {processor.py:208} INFO - Processing /opt/airflow/dags/02_sql_transform.py took 0.109 seconds
[2026-07-10T14:54:54.492+0000] {processor.py:186} INFO - Started process (PID=1715) to work on /opt/airflow/dags/02_sql_transform.py
[2026-07-10T14:54:54.495+0000] {processor.py:914} INFO - Processing file /opt/airflow/dags/02_sql_transform.py for tasks to queue
[2026-07-10T14:54:54.507+0000] {logging_mixin.py:190} INFO - [2026-07-10T14:54:54.504+0000] {dagbag.py:588} INFO - Filling up the DagBag from /opt/airflow/dags/02_sql_transform.py
[2026-07-10T14:54:54.574+0000] {processor.py:925} INFO - DAG(s) '02_sql_transform' retrieved from /opt/airflow/dags/02_sql_transform.py
[2026-07-10T14:54:54.803+0000] {logging_mixin.py:190} INFO - [2026-07-10T14:54:54.802+0000] {dag.py:3239} INFO - Sync 1 DAGs
[2026-07-10T14:54:54.872+0000] {logging_mixin.py:190} INFO - [2026-07-10T14:54:54.871+0000] {dag.py:4180} INFO - Setting next_dagrun for 02_sql_transform to None, run_after=None
[2026-07-10T14:54:55.013+0000] {processor.py:208} INFO - Processing /opt/airflow/dags/02_sql_transform.py took 0.543 seconds
[2026-07-10T14:55:25.546+0000] {processor.py:186} INFO - Started process (PID=1760) to work on /opt/airflow/dags/02_sql_transform.py
[2026-07-10T14:55:25.547+0000] {processor.py:914} INFO - Processing file /opt/airflow/dags/02_sql_transform.py for tasks to queue
[2026-07-10T14:55:25.549+0000] {logging_mixin.py:190} INFO - [2026-07-10T14:55:25.549+0000] {dagbag.py:588} INFO - Filling up the DagBag from /opt/airflow/dags/02_sql_transform.py
[2026-07-10T14:55:25.563+0000] {processor.py:925} INFO - DAG(s) '02_sql_transform' retrieved from /opt/airflow/dags/02_sql_transform.py
[2026-07-10T14:55:25.614+0000] {logging_mixin.py:190} INFO - [2026-07-10T14:55:25.614+0000] {dag.py:3239} INFO - Sync 1 DAGs
[2026-07-10T14:55:25.638+0000] {logging_mixin.py:190} INFO - [2026-07-10T14:55:25.638+0000] {dag.py:4180} INFO - Setting next_dagrun for 02_sql_transform to None, run_after=None
[2026-07-10T14:55:25.658+0000] {processor.py:208} INFO - Processing /opt/airflow/dags/02_sql_transform.py took 0.120 seconds
[2026-07-10T14:55:56.062+0000] {processor.py:186} INFO - Started process (PID=1807) to work on /opt/airflow/dags/02_sql_transform.py
[2026-07-10T14:55:56.064+0000] {processor.py:914} INFO - Processing file /opt/airflow/dags/02_sql_transform.py for tasks to queue
[2026-07-10T14:55:56.067+0000] {logging_mixin.py:190} INFO - [2026-07-10T14:55:56.067+0000] {dagbag.py:588} INFO - Filling up the DagBag from /opt/airflow/dags/02_sql_transform.py
[2026-07-10T14:55:56.083+0000] {processor.py:925} INFO - DAG(s) '02_sql_transform' retrieved from /opt/airflow/dags/02_sql_transform.py
[2026-07-10T14:55:56.139+0000] {logging_mixin.py:190} INFO - [2026-07-10T14:55:56.137+0000] {dag.py:3239} INFO - Sync 1 DAGs
[2026-07-10T14:55:56.165+0000] {logging_mixin.py:190} INFO - [2026-07-10T14:55:56.165+0000] {dag.py:4180} INFO - Setting next_dagrun for 02_sql_transform to None, run_after=None
[2026-07-10T14:55:56.197+0000] {processor.py:208} INFO - Processing /opt/airflow/dags/02_sql_transform.py took 0.150 seconds
[2026-07-10T14:56:26.338+0000] {processor.py:186} INFO - Started process (PID=1851) to work on /opt/airflow/dags/02_sql_transform.py
[2026-07-10T14:56:26.340+0000] {processor.py:914} INFO - Processing file /opt/airflow/dags/02_sql_transform.py for tasks to queue
[2026-07-10T14:56:26.342+0000] {logging_mixin.py:190} INFO - [2026-07-10T14:56:26.342+0000] {dagbag.py:588} INFO - Filling up the DagBag from /opt/airflow/dags/02_sql_transform.py
[2026-07-10T14:56:26.353+0000] {processor.py:925} INFO - DAG(s) '02_sql_transform' retrieved from /opt/airflow/dags/02_sql_transform.py
[2026-07-10T14:56:26.390+0000] {logging_mixin.py:190} INFO - [2026-07-10T14:56:26.390+0000] {dag.py:3239} INFO - Sync 1 DAGs
[2026-07-10T14:56:26.407+0000] {logging_mixin.py:190} INFO - [2026-07-10T14:56:26.407+0000] {dag.py:4180} INFO - Setting next_dagrun for 02_sql_transform to None, run_after=None
[2026-07-10T14:56:26.427+0000] {processor.py:208} INFO - Processing /opt/airflow/dags/02_sql_transform.py took 0.096 seconds
[2026-07-10T14:56:56.549+0000] {processor.py:186} INFO - Started process (PID=1897) to work on /opt/airflow/dags/02_sql_transform.py
[2026-07-10T14:56:56.549+0000] {processor.py:914} INFO - Processing file /opt/airflow/dags/02_sql_transform.py for tasks to queue
[2026-07-10T14:56:56.553+0000] {logging_mixin.py:190} INFO - [2026-07-10T14:56:56.552+0000] {dagbag.py:588} INFO - Filling up the DagBag from /opt/airflow/dags/02_sql_transform.py
[2026-07-10T14:56:56.562+0000] {processor.py:925} INFO - DAG(s) '02_sql_transform' retrieved from /opt/airflow/dags/02_sql_transform.py
[2026-07-10T14:56:56.601+0000] {logging_mixin.py:190} INFO - [2026-07-10T14:56:56.601+0000] {dag.py:3239} INFO - Sync 1 DAGs
[2026-07-10T14:56:56.618+0000] {logging_mixin.py:190} INFO - [2026-07-10T14:56:56.617+0000] {dag.py:4180} INFO - Setting next_dagrun for 02_sql_transform to None, run_after=None
[2026-07-10T14:56:56.640+0000] {processor.py:208} INFO - Processing /opt/airflow/dags/02_sql_transform.py took 0.100 seconds
[2026-07-10T14:57:26.903+0000] {processor.py:186} INFO - Started process (PID=1942) to work on /opt/airflow/dags/02_sql_transform.py
[2026-07-10T14:57:26.904+0000] {processor.py:914} INFO - Processing file /opt/airflow/dags/02_sql_transform.py for tasks to queue
[2026-07-10T14:57:26.907+0000] {logging_mixin.py:190} INFO - [2026-07-10T14:57:26.906+0000] {dagbag.py:588} INFO - Filling up the DagBag from /opt/airflow/dags/02_sql_transform.py
[2026-07-10T14:57:26.917+0000] {processor.py:925} INFO - DAG(s) '02_sql_transform' retrieved from /opt/airflow/dags/02_sql_transform.py
[2026-07-10T14:57:26.962+0000] {logging_mixin.py:190} INFO - [2026-07-10T14:57:26.962+0000] {dag.py:3239} INFO - Sync 1 DAGs
[2026-07-10T14:57:26.983+0000] {logging_mixin.py:190} INFO - [2026-07-10T14:57:26.983+0000] {dag.py:4180} INFO - Setting next_dagrun for 02_sql_transform to None, run_after=None
[2026-07-10T14:57:27.011+0000] {processor.py:208} INFO - Processing /opt/airflow/dags/02_sql_transform.py took 0.117 seconds
[2026-07-10T14:57:57.364+0000] {processor.py:186} INFO - Started process (PID=1992) to work on /opt/airflow/dags/02_sql_transform.py
[2026-07-10T14:57:57.366+0000] {processor.py:914} INFO - Processing file /opt/airflow/dags/02_sql_transform.py for tasks to queue
[2026-07-10T14:57:57.368+0000] {logging_mixin.py:190} INFO - [2026-07-10T14:57:57.368+0000] {dagbag.py:588} INFO - Filling up the DagBag from /opt/airflow/dags/02_sql_transform.py
[2026-07-10T14:57:57.378+0000] {processor.py:925} INFO - DAG(s) '02_sql_transform' retrieved from /opt/airflow/dags/02_sql_transform.py
[2026-07-10T14:57:57.417+0000] {logging_mixin.py:190} INFO - [2026-07-10T14:57:57.416+0000] {dag.py:3239} INFO - Sync 1 DAGs
[2026-07-10T14:57:57.432+0000] {logging_mixin.py:190} INFO - [2026-07-10T14:57:57.432+0000] {dag.py:4180} INFO - Setting next_dagrun for 02_sql_transform to None, run_after=None
[2026-07-10T14:57:57.453+0000] {processor.py:208} INFO - Processing /opt/airflow/dags/02_sql_transform.py took 0.095 seconds
[2026-07-10T14:58:27.824+0000] {processor.py:186} INFO - Started process (PID=2042) to work on /opt/airflow/dags/02_sql_transform.py
[2026-07-10T14:58:27.825+0000] {processor.py:914} INFO - Processing file /opt/airflow/dags/02_sql_transform.py for tasks to queue
[2026-07-10T14:58:27.828+0000] {logging_mixin.py:190} INFO - [2026-07-10T14:58:27.828+0000] {dagbag.py:588} INFO - Filling up the DagBag from /opt/airflow/dags/02_sql_transform.py
[2026-07-10T14:58:27.838+0000] {processor.py:925} INFO - DAG(s) '02_sql_transform' retrieved from /opt/airflow/dags/02_sql_transform.py
[2026-07-10T14:58:27.874+0000] {logging_mixin.py:190} INFO - [2026-07-10T14:58:27.873+0000] {dag.py:3239} INFO - Sync 1 DAGs
[2026-07-10T14:58:27.891+0000] {logging_mixin.py:190} INFO - [2026-07-10T14:58:27.890+0000] {dag.py:4180} INFO - Setting next_dagrun for 02_sql_transform to None, run_after=None
[2026-07-10T14:58:27.912+0000] {processor.py:208} INFO - Processing /opt/airflow/dags/02_sql_transform.py took 0.094 seconds
[2026-07-10T14:58:58.721+0000] {processor.py:186} INFO - Started process (PID=2092) to work on /opt/airflow/dags/02_sql_transform.py
[2026-07-10T14:58:58.722+0000] {processor.py:914} INFO - Processing file /opt/airflow/dags/02_sql_transform.py for tasks to queue
[2026-07-10T14:58:58.726+0000] {logging_mixin.py:190} INFO - [2026-07-10T14:58:58.726+0000] {dagbag.py:588} INFO - Filling up the DagBag from /opt/airflow/dags/02_sql_transform.py
[2026-07-10T14:58:58.750+0000] {processor.py:925} INFO - DAG(s) '02_sql_transform' retrieved from /opt/airflow/dags/02_sql_transform.py
[2026-07-10T14:58:58.809+0000] {logging_mixin.py:190} INFO - [2026-07-10T14:58:58.809+0000] {dag.py:3239} INFO - Sync 1 DAGs
[2026-07-10T14:58:58.830+0000] {logging_mixin.py:190} INFO - [2026-07-10T14:58:58.829+0000] {dag.py:4180} INFO - Setting next_dagrun for 02_sql_transform to None, run_after=None
[2026-07-10T14:58:58.855+0000] {processor.py:208} INFO - Processing /opt/airflow/dags/02_sql_transform.py took 0.159 seconds
[2026-07-10T14:59:29.422+0000] {processor.py:186} INFO - Started process (PID=2140) to work on /opt/airflow/dags/02_sql_transform.py
[2026-07-10T14:59:29.424+0000] {processor.py:914} INFO - Processing file /opt/airflow/dags/02_sql_transform.py for tasks to queue
[2026-07-10T14:59:29.426+0000] {logging_mixin.py:190} INFO - [2026-07-10T14:59:29.426+0000] {dagbag.py:588} INFO - Filling up the DagBag from /opt/airflow/dags/02_sql_transform.py
[2026-07-10T14:59:29.439+0000] {processor.py:925} INFO - DAG(s) '02_sql_transform' retrieved from /opt/airflow/dags/02_sql_transform.py
[2026-07-10T14:59:29.489+0000] {logging_mixin.py:190} INFO - [2026-07-10T14:59:29.489+0000] {dag.py:3239} INFO - Sync 1 DAGs
[2026-07-10T14:59:29.510+0000] {logging_mixin.py:190} INFO - [2026-07-10T14:59:29.509+0000] {dag.py:4180} INFO - Setting next_dagrun for 02_sql_transform to None, run_after=None
[2026-07-10T14:59:29.533+0000] {processor.py:208} INFO - Processing /opt/airflow/dags/02_sql_transform.py took 0.122 seconds
[2026-07-10T15:00:00.197+0000] {processor.py:186} INFO - Started process (PID=2190) to work on /opt/airflow/dags/02_sql_transform.py
[2026-07-10T15:00:00.199+0000] {processor.py:914} INFO - Processing file /opt/airflow/dags/02_sql_transform.py for tasks to queue
[2026-07-10T15:00:00.204+0000] {logging_mixin.py:190} INFO - [2026-07-10T15:00:00.203+0000] {dagbag.py:588} INFO - Filling up the DagBag from /opt/airflow/dags/02_sql_transform.py
[2026-07-10T15:00:00.221+0000] {processor.py:925} INFO - DAG(s) '02_sql_transform' retrieved from /opt/airflow/dags/02_sql_transform.py
[2026-07-10T15:00:00.295+0000] {logging_mixin.py:190} INFO - [2026-07-10T15:00:00.295+0000] {dag.py:3239} INFO - Sync 1 DAGs
[2026-07-10T15:00:00.320+0000] {logging_mixin.py:190} INFO - [2026-07-10T15:00:00.320+0000] {dag.py:4180} INFO - Setting next_dagrun for 02_sql_transform to None, run_after=None
[2026-07-10T15:00:00.350+0000] {processor.py:208} INFO - Processing /opt/airflow/dags/02_sql_transform.py took 0.163 seconds
[2026-07-10T15:00:30.581+0000] {processor.py:186} INFO - Started process (PID=2240) to work on /opt/airflow/dags/02_sql_transform.py
[2026-07-10T15:00:30.582+0000] {processor.py:914} INFO - Processing file /opt/airflow/dags/02_sql_transform.py for tasks to queue
[2026-07-10T15:00:30.584+0000] {logging_mixin.py:190} INFO - [2026-07-10T15:00:30.584+0000] {dagbag.py:588} INFO - Filling up the DagBag from /opt/airflow/dags/02_sql_transform.py
[2026-07-10T15:00:30.597+0000] {processor.py:925} INFO - DAG(s) '02_sql_transform' retrieved from /opt/airflow/dags/02_sql_transform.py
[2026-07-10T15:00:30.642+0000] {logging_mixin.py:190} INFO - [2026-07-10T15:00:30.642+0000] {dag.py:3239} INFO - Sync 1 DAGs
[2026-07-10T15:00:30.663+0000] {logging_mixin.py:190} INFO - [2026-07-10T15:00:30.663+0000] {dag.py:4180} INFO - Setting next_dagrun for 02_sql_transform to None, run_after=None
[2026-07-10T15:00:30.692+0000] {processor.py:208} INFO - Processing /opt/airflow/dags/02_sql_transform.py took 0.122 seconds
[2026-07-10T15:01:01.243+0000] {processor.py:186} INFO - Started process (PID=2290) to work on /opt/airflow/dags/02_sql_transform.py
[2026-07-10T15:01:01.245+0000] {processor.py:914} INFO - Processing file /opt/airflow/dags/02_sql_transform.py for tasks to queue
[2026-07-10T15:01:01.249+0000] {logging_mixin.py:190} INFO - [2026-07-10T15:01:01.248+0000] {dagbag.py:588} INFO - Filling up the DagBag from /opt/airflow/dags/02_sql_transform.py
[2026-07-10T15:01:01.267+0000] {processor.py:925} INFO - DAG(s) '02_sql_transform' retrieved from /opt/airflow/dags/02_sql_transform.py
[2026-07-10T15:01:01.323+0000] {logging_mixin.py:190} INFO - [2026-07-10T15:01:01.323+0000] {dag.py:3239} INFO - Sync 1 DAGs
[2026-07-10T15:01:01.346+0000] {logging_mixin.py:190} INFO - [2026-07-10T15:01:01.346+0000] {dag.py:4180} INFO - Setting next_dagrun for 02_sql_transform to None, run_after=None
[2026-07-10T15:01:01.377+0000] {processor.py:208} INFO - Processing /opt/airflow/dags/02_sql_transform.py took 0.147 seconds
[2026-07-10T15:01:31.996+0000] {processor.py:186} INFO - Started process (PID=2340) to work on /opt/airflow/dags/02_sql_transform.py
[2026-07-10T15:01:31.998+0000] {processor.py:914} INFO - Processing file /opt/airflow/dags/02_sql_transform.py for tasks to queue
[2026-07-10T15:01:32.002+0000] {logging_mixin.py:190} INFO - [2026-07-10T15:01:32.001+0000] {dagbag.py:588} INFO - Filling up the DagBag from /opt/airflow/dags/02_sql_transform.py
[2026-07-10T15:01:32.029+0000] {processor.py:925} INFO - DAG(s) '02_sql_transform' retrieved from /opt/airflow/dags/02_sql_transform.py
[2026-07-10T15:01:32.087+0000] {logging_mixin.py:190} INFO - [2026-07-10T15:01:32.087+0000] {dag.py:3239} INFO - Sync 1 DAGs
[2026-07-10T15:01:32.115+0000] {logging_mixin.py:190} INFO - [2026-07-10T15:01:32.115+0000] {dag.py:4180} INFO - Setting next_dagrun for 02_sql_transform to None, run_after=None
[2026-07-10T15:01:32.146+0000] {processor.py:208} INFO - Processing /opt/airflow/dags/02_sql_transform.py took 0.166 seconds
[2026-07-10T15:02:02.500+0000] {processor.py:186} INFO - Started process (PID=2390) to work on /opt/airflow/dags/02_sql_transform.py
[2026-07-10T15:02:02.502+0000] {processor.py:914} INFO - Processing file /opt/airflow/dags/02_sql_transform.py for tasks to queue
[2026-07-10T15:02:02.505+0000] {logging_mixin.py:190} INFO - [2026-07-10T15:02:02.504+0000] {dagbag.py:588} INFO - Filling up the DagBag from /opt/airflow/dags/02_sql_transform.py
[2026-07-10T15:02:02.518+0000] {processor.py:925} INFO - DAG(s) '02_sql_transform' retrieved from /opt/airflow/dags/02_sql_transform.py
[2026-07-10T15:02:02.567+0000] {logging_mixin.py:190} INFO - [2026-07-10T15:02:02.566+0000] {dag.py:3239} INFO - Sync 1 DAGs
[2026-07-10T15:02:02.587+0000] {logging_mixin.py:190} INFO - [2026-07-10T15:02:02.586+0000] {dag.py:4180} INFO - Setting next_dagrun for 02_sql_transform to None, run_after=None
[2026-07-10T15:02:02.613+0000] {processor.py:208} INFO - Processing /opt/airflow/dags/02_sql_transform.py took 0.122 seconds
[2026-07-10T15:02:33.032+0000] {processor.py:186} INFO - Started process (PID=2442) to work on /opt/airflow/dags/02_sql_transform.py
[2026-07-10T15:02:33.033+0000] {processor.py:914} INFO - Processing file /opt/airflow/dags/02_sql_transform.py for tasks to queue
[2026-07-10T15:02:33.037+0000] {logging_mixin.py:190} INFO - [2026-07-10T15:02:33.037+0000] {dagbag.py:588} INFO - Filling up the DagBag from /opt/airflow/dags/02_sql_transform.py
[2026-07-10T15:02:33.054+0000] {processor.py:925} INFO - DAG(s) '02_sql_transform' retrieved from /opt/airflow/dags/02_sql_transform.py
[2026-07-10T15:02:33.132+0000] {logging_mixin.py:190} INFO - [2026-07-10T15:02:33.131+0000] {dag.py:3239} INFO - Sync 1 DAGs
[2026-07-10T15:02:33.162+0000] {logging_mixin.py:190} INFO - [2026-07-10T15:02:33.161+0000] {dag.py:4180} INFO - Setting next_dagrun for 02_sql_transform to None, run_after=None
[2026-07-10T15:02:33.187+0000] {processor.py:208} INFO - Processing /opt/airflow/dags/02_sql_transform.py took 0.169 seconds
[2026-07-10T15:03:03.567+0000] {processor.py:186} INFO - Started process (PID=2492) to work on /opt/airflow/dags/02_sql_transform.py
[2026-07-10T15:03:03.568+0000] {processor.py:914} INFO - Processing file /opt/airflow/dags/02_sql_transform.py for tasks to queue
[2026-07-10T15:03:03.571+0000] {logging_mixin.py:190} INFO - [2026-07-10T15:03:03.570+0000] {dagbag.py:588} INFO - Filling up the DagBag from /opt/airflow/dags/02_sql_transform.py
[2026-07-10T15:03:03.582+0000] {processor.py:925} INFO - DAG(s) '02_sql_transform' retrieved from /opt/airflow/dags/02_sql_transform.py
[2026-07-10T15:03:03.622+0000] {logging_mixin.py:190} INFO - [2026-07-10T15:03:03.622+0000] {dag.py:3239} INFO - Sync 1 DAGs
[2026-07-10T15:03:03.639+0000] {logging_mixin.py:190} INFO - [2026-07-10T15:03:03.639+0000] {dag.py:4180} INFO - Setting next_dagrun for 02_sql_transform to None, run_after=None
[2026-07-10T15:03:03.664+0000] {processor.py:208} INFO - Processing /opt/airflow/dags/02_sql_transform.py took 0.106 seconds
[2026-07-10T15:03:33.857+0000] {processor.py:186} INFO - Started process (PID=2540) to work on /opt/airflow/dags/02_sql_transform.py
[2026-07-10T15:03:33.859+0000] {processor.py:914} INFO - Processing file /opt/airflow/dags/02_sql_transform.py for tasks to queue
[2026-07-10T15:03:33.862+0000] {logging_mixin.py:190} INFO - [2026-07-10T15:03:33.862+0000] {dagbag.py:588} INFO - Filling up the DagBag from /opt/airflow/dags/02_sql_transform.py
[2026-07-10T15:03:33.879+0000] {processor.py:925} INFO - DAG(s) '02_sql_transform' retrieved from /opt/airflow/dags/02_sql_transform.py
[2026-07-10T15:03:33.935+0000] {logging_mixin.py:190} INFO - [2026-07-10T15:03:33.935+0000] {dag.py:3239} INFO - Sync 1 DAGs
[2026-07-10T15:03:33.969+0000] {logging_mixin.py:190} INFO - [2026-07-10T15:03:33.969+0000] {dag.py:4180} INFO - Setting next_dagrun for 02_sql_transform to None, run_after=None
[2026-07-10T15:03:34.000+0000] {processor.py:208} INFO - Processing /opt/airflow/dags/02_sql_transform.py took 0.156 seconds
[2026-07-10T15:04:04.465+0000] {processor.py:186} INFO - Started process (PID=2590) to work on /opt/airflow/dags/02_sql_transform.py
[2026-07-10T15:04:04.468+0000] {processor.py:914} INFO - Processing file /opt/airflow/dags/02_sql_transform.py for tasks to queue
[2026-07-10T15:04:04.472+0000] {logging_mixin.py:190} INFO - [2026-07-10T15:04:04.472+0000] {dagbag.py:588} INFO - Filling up the DagBag from /opt/airflow/dags/02_sql_transform.py
[2026-07-10T15:04:04.494+0000] {processor.py:925} INFO - DAG(s) '02_sql_transform' retrieved from /opt/airflow/dags/02_sql_transform.py
[2026-07-10T15:04:04.565+0000] {logging_mixin.py:190} INFO - [2026-07-10T15:04:04.564+0000] {dag.py:3239} INFO - Sync 1 DAGs
[2026-07-10T15:04:04.595+0000] {logging_mixin.py:190} INFO - [2026-07-10T15:04:04.595+0000] {dag.py:4180} INFO - Setting next_dagrun for 02_sql_transform to None, run_after=None
[2026-07-10T15:04:04.632+0000] {processor.py:208} INFO - Processing /opt/airflow/dags/02_sql_transform.py took 0.186 seconds
[2026-07-10T15:04:35.015+0000] {processor.py:186} INFO - Started process (PID=2640) to work on /opt/airflow/dags/02_sql_transform.py
[2026-07-10T15:04:35.017+0000] {processor.py:914} INFO - Processing file /opt/airflow/dags/02_sql_transform.py for tasks to queue
[2026-07-10T15:04:35.021+0000] {logging_mixin.py:190} INFO - [2026-07-10T15:04:35.021+0000] {dagbag.py:588} INFO - Filling up the DagBag from /opt/airflow/dags/02_sql_transform.py
[2026-07-10T15:04:35.034+0000] {processor.py:925} INFO - DAG(s) '02_sql_transform' retrieved from /opt/airflow/dags/02_sql_transform.py
[2026-07-10T15:04:35.085+0000] {logging_mixin.py:190} INFO - [2026-07-10T15:04:35.084+0000] {dag.py:3239} INFO - Sync 1 DAGs
[2026-07-10T15:04:35.107+0000] {logging_mixin.py:190} INFO - [2026-07-10T15:04:35.107+0000] {dag.py:4180} INFO - Setting next_dagrun for 02_sql_transform to None, run_after=None
[2026-07-10T15:04:35.134+0000] {processor.py:208} INFO - Processing /opt/airflow/dags/02_sql_transform.py took 0.132 seconds
[2026-07-10T15:05:05.747+0000] {processor.py:186} INFO - Started process (PID=2690) to work on /opt/airflow/dags/02_sql_transform.py
[2026-07-10T15:05:05.749+0000] {processor.py:914} INFO - Processing file /opt/airflow/dags/02_sql_transform.py for tasks to queue
[2026-07-10T15:05:05.759+0000] {logging_mixin.py:190} INFO - [2026-07-10T15:05:05.755+0000] {dagbag.py:588} INFO - Filling up the DagBag from /opt/airflow/dags/02_sql_transform.py
[2026-07-10T15:05:05.819+0000] {processor.py:925} INFO - DAG(s) '02_sql_transform' retrieved from /opt/airflow/dags/02_sql_transform.py
[2026-07-10T15:05:06.031+0000] {logging_mixin.py:190} INFO - [2026-07-10T15:05:06.031+0000] {dag.py:3239} INFO - Sync 1 DAGs
[2026-07-10T15:05:06.110+0000] {logging_mixin.py:190} INFO - [2026-07-10T15:05:06.109+0000] {dag.py:4180} INFO - Setting next_dagrun for 02_sql_transform to None, run_after=None
[2026-07-10T15:05:06.232+0000] {processor.py:208} INFO - Processing /opt/airflow/dags/02_sql_transform.py took 0.584 seconds
[2026-07-10T15:05:36.817+0000] {processor.py:186} INFO - Started process (PID=2751) to work on /opt/airflow/dags/02_sql_transform.py
[2026-07-10T15:05:36.819+0000] {processor.py:914} INFO - Processing file /opt/airflow/dags/02_sql_transform.py for tasks to queue
[2026-07-10T15:05:36.825+0000] {logging_mixin.py:190} INFO - [2026-07-10T15:05:36.825+0000] {dagbag.py:588} INFO - Filling up the DagBag from /opt/airflow/dags/02_sql_transform.py
[2026-07-10T15:05:36.842+0000] {processor.py:925} INFO - DAG(s) '02_sql_transform' retrieved from /opt/airflow/dags/02_sql_transform.py
[2026-07-10T15:05:36.945+0000] {logging_mixin.py:190} INFO - [2026-07-10T15:05:36.943+0000] {dag.py:3239} INFO - Sync 1 DAGs
[2026-07-10T15:05:37.030+0000] {logging_mixin.py:190} INFO - [2026-07-10T15:05:37.030+0000] {dag.py:4180} INFO - Setting next_dagrun for 02_sql_transform to None, run_after=None
[2026-07-10T15:05:37.132+0000] {processor.py:208} INFO - Processing /opt/airflow/dags/02_sql_transform.py took 0.329 seconds
[2026-07-10T15:06:07.946+0000] {processor.py:186} INFO - Started process (PID=2801) to work on /opt/airflow/dags/02_sql_transform.py
[2026-07-10T15:06:07.947+0000] {processor.py:914} INFO - Processing file /opt/airflow/dags/02_sql_transform.py for tasks to queue
[2026-07-10T15:06:07.950+0000] {logging_mixin.py:190} INFO - [2026-07-10T15:06:07.950+0000] {dagbag.py:588} INFO - Filling up the DagBag from /opt/airflow/dags/02_sql_transform.py
[2026-07-10T15:06:07.967+0000] {processor.py:925} INFO - DAG(s) '02_sql_transform' retrieved from /opt/airflow/dags/02_sql_transform.py
[2026-07-10T15:06:08.036+0000] {logging_mixin.py:190} INFO - [2026-07-10T15:06:08.036+0000] {dag.py:3239} INFO - Sync 1 DAGs
[2026-07-10T15:06:08.068+0000] {logging_mixin.py:190} INFO - [2026-07-10T15:06:08.068+0000] {dag.py:4180} INFO - Setting next_dagrun for 02_sql_transform to None, run_after=None
[2026-07-10T15:06:08.112+0000] {processor.py:208} INFO - Processing /opt/airflow/dags/02_sql_transform.py took 0.179 seconds
[2026-07-10T15:06:38.668+0000] {processor.py:186} INFO - Started process (PID=2851) to work on /opt/airflow/dags/02_sql_transform.py
[2026-07-10T15:06:38.670+0000] {processor.py:914} INFO - Processing file /opt/airflow/dags/02_sql_transform.py for tasks to queue
[2026-07-10T15:06:38.674+0000] {logging_mixin.py:190} INFO - [2026-07-10T15:06:38.673+0000] {dagbag.py:588} INFO - Filling up the DagBag from /opt/airflow/dags/02_sql_transform.py
[2026-07-10T15:06:38.696+0000] {processor.py:925} INFO - DAG(s) '02_sql_transform' retrieved from /opt/airflow/dags/02_sql_transform.py
[2026-07-10T15:06:38.751+0000] {logging_mixin.py:190} INFO - [2026-07-10T15:06:38.750+0000] {dag.py:3239} INFO - Sync 1 DAGs
[2026-07-10T15:06:38.777+0000] {logging_mixin.py:190} INFO - [2026-07-10T15:06:38.776+0000] {dag.py:4180} INFO - Setting next_dagrun for 02_sql_transform to None, run_after=None
[2026-07-10T15:06:38.811+0000] {processor.py:208} INFO - Processing /opt/airflow/dags/02_sql_transform.py took 0.154 seconds
[2026-07-10T15:07:09.271+0000] {processor.py:186} INFO - Started process (PID=2901) to work on /opt/airflow/dags/02_sql_transform.py
[2026-07-10T15:07:09.276+0000] {processor.py:914} INFO - Processing file /opt/airflow/dags/02_sql_transform.py for tasks to queue
[2026-07-10T15:07:09.284+0000] {logging_mixin.py:190} INFO - [2026-07-10T15:07:09.283+0000] {dagbag.py:588} INFO - Filling up the DagBag from /opt/airflow/dags/02_sql_transform.py
[2026-07-10T15:07:09.331+0000] {processor.py:925} INFO - DAG(s) '02_sql_transform' retrieved from /opt/airflow/dags/02_sql_transform.py
[2026-07-10T15:07:09.415+0000] {logging_mixin.py:190} INFO - [2026-07-10T15:07:09.415+0000] {dag.py:3239} INFO - Sync 1 DAGs
[2026-07-10T15:07:09.453+0000] {logging_mixin.py:190} INFO - [2026-07-10T15:07:09.453+0000] {dag.py:4180} INFO - Setting next_dagrun for 02_sql_transform to None, run_after=None
[2026-07-10T15:07:09.503+0000] {processor.py:208} INFO - Processing /opt/airflow/dags/02_sql_transform.py took 0.272 seconds
[2026-07-10T15:07:39.678+0000] {processor.py:186} INFO - Started process (PID=2951) to work on /opt/airflow/dags/02_sql_transform.py
[2026-07-10T15:07:39.681+0000] {processor.py:914} INFO - Processing file /opt/airflow/dags/02_sql_transform.py for tasks to queue
[2026-07-10T15:07:39.685+0000] {logging_mixin.py:190} INFO - [2026-07-10T15:07:39.684+0000] {dagbag.py:588} INFO - Filling up the DagBag from /opt/airflow/dags/02_sql_transform.py
[2026-07-10T15:07:39.702+0000] {processor.py:925} INFO - DAG(s) '02_sql_transform' retrieved from /opt/airflow/dags/02_sql_transform.py
[2026-07-10T15:07:39.772+0000] {logging_mixin.py:190} INFO - [2026-07-10T15:07:39.772+0000] {dag.py:3239} INFO - Sync 1 DAGs
[2026-07-10T15:07:39.800+0000] {logging_mixin.py:190} INFO - [2026-07-10T15:07:39.800+0000] {dag.py:4180} INFO - Setting next_dagrun for 02_sql_transform to None, run_after=None
[2026-07-10T15:07:39.834+0000] {processor.py:208} INFO - Processing /opt/airflow/dags/02_sql_transform.py took 0.173 seconds
[2026-07-10T15:08:10.061+0000] {processor.py:186} INFO - Started process (PID=3001) to work on /opt/airflow/dags/02_sql_transform.py
[2026-07-10T15:08:10.063+0000] {processor.py:914} INFO - Processing file /opt/airflow/dags/02_sql_transform.py for tasks to queue
[2026-07-10T15:08:10.067+0000] {logging_mixin.py:190} INFO - [2026-07-10T15:08:10.067+0000] {dagbag.py:588} INFO - Filling up the DagBag from /opt/airflow/dags/02_sql_transform.py
[2026-07-10T15:08:10.086+0000] {processor.py:925} INFO - DAG(s) '02_sql_transform' retrieved from /opt/airflow/dags/02_sql_transform.py
[2026-07-10T15:08:10.140+0000] {logging_mixin.py:190} INFO - [2026-07-10T15:08:10.140+0000] {dag.py:3239} INFO - Sync 1 DAGs
[2026-07-10T15:08:10.168+0000] {logging_mixin.py:190} INFO - [2026-07-10T15:08:10.168+0000] {dag.py:4180} INFO - Setting next_dagrun for 02_sql_transform to None, run_after=None
[2026-07-10T15:08:10.222+0000] {processor.py:208} INFO - Processing /opt/airflow/dags/02_sql_transform.py took 0.173 seconds
[2026-07-10T15:08:40.535+0000] {processor.py:186} INFO - Started process (PID=3051) to work on /opt/airflow/dags/02_sql_transform.py
[2026-07-10T15:08:40.537+0000] {processor.py:914} INFO - Processing file /opt/airflow/dags/02_sql_transform.py for tasks to queue
[2026-07-10T15:08:40.540+0000] {logging_mixin.py:190} INFO - [2026-07-10T15:08:40.540+0000] {dagbag.py:588} INFO - Filling up the DagBag from /opt/airflow/dags/02_sql_transform.py
[2026-07-10T15:08:40.580+0000] {processor.py:925} INFO - DAG(s) '02_sql_transform' retrieved from /opt/airflow/dags/02_sql_transform.py
[2026-07-10T15:08:40.651+0000] {logging_mixin.py:190} INFO - [2026-07-10T15:08:40.651+0000] {dag.py:3239} INFO - Sync 1 DAGs
[2026-07-10T15:08:40.674+0000] {logging_mixin.py:190} INFO - [2026-07-10T15:08:40.673+0000] {dag.py:4180} INFO - Setting next_dagrun for 02_sql_transform to None, run_after=None
[2026-07-10T15:08:40.725+0000] {processor.py:208} INFO - Processing /opt/airflow/dags/02_sql_transform.py took 0.199 seconds
[2026-07-10T15:09:11.059+0000] {processor.py:186} INFO - Started process (PID=3101) to work on /opt/airflow/dags/02_sql_transform.py
[2026-07-10T15:09:11.062+0000] {processor.py:914} INFO - Processing file /opt/airflow/dags/02_sql_transform.py for tasks to queue
[2026-07-10T15:09:11.076+0000] {logging_mixin.py:190} INFO - [2026-07-10T15:09:11.075+0000] {dagbag.py:588} INFO - Filling up the DagBag from /opt/airflow/dags/02_sql_transform.py
[2026-07-10T15:09:11.142+0000] {processor.py:925} INFO - DAG(s) '02_sql_transform' retrieved from /opt/airflow/dags/02_sql_transform.py
[2026-07-10T15:09:11.221+0000] {logging_mixin.py:190} INFO - [2026-07-10T15:09:11.221+0000] {dag.py:3239} INFO - Sync 1 DAGs
[2026-07-10T15:09:11.254+0000] {logging_mixin.py:190} INFO - [2026-07-10T15:09:11.254+0000] {dag.py:4180} INFO - Setting next_dagrun for 02_sql_transform to None, run_after=None
[2026-07-10T15:09:11.286+0000] {processor.py:208} INFO - Processing /opt/airflow/dags/02_sql_transform.py took 0.250 seconds
[2026-07-10T15:09:41.459+0000] {processor.py:186} INFO - Started process (PID=3151) to work on /opt/airflow/dags/02_sql_transform.py
[2026-07-10T15:09:41.460+0000] {processor.py:914} INFO - Processing file /opt/airflow/dags/02_sql_transform.py for tasks to queue
[2026-07-10T15:09:41.466+0000] {logging_mixin.py:190} INFO - [2026-07-10T15:09:41.465+0000] {dagbag.py:588} INFO - Filling up the DagBag from /opt/airflow/dags/02_sql_transform.py
[2026-07-10T15:09:41.486+0000] {processor.py:925} INFO - DAG(s) '02_sql_transform' retrieved from /opt/airflow/dags/02_sql_transform.py
[2026-07-10T15:09:41.546+0000] {logging_mixin.py:190} INFO - [2026-07-10T15:09:41.546+0000] {dag.py:3239} INFO - Sync 1 DAGs
[2026-07-10T15:09:41.583+0000] {logging_mixin.py:190} INFO - [2026-07-10T15:09:41.582+0000] {dag.py:4180} INFO - Setting next_dagrun for 02_sql_transform to None, run_after=None
[2026-07-10T15:09:41.625+0000] {processor.py:208} INFO - Processing /opt/airflow/dags/02_sql_transform.py took 0.180 seconds
[2026-07-10T15:10:12.557+0000] {processor.py:186} INFO - Started process (PID=3201) to work on /opt/airflow/dags/02_sql_transform.py
[2026-07-10T15:10:12.558+0000] {processor.py:914} INFO - Processing file /opt/airflow/dags/02_sql_transform.py for tasks to queue
[2026-07-10T15:10:12.562+0000] {logging_mixin.py:190} INFO - [2026-07-10T15:10:12.562+0000] {dagbag.py:588} INFO - Filling up the DagBag from /opt/airflow/dags/02_sql_transform.py
[2026-07-10T15:10:12.582+0000] {processor.py:925} INFO - DAG(s) '02_sql_transform' retrieved from /opt/airflow/dags/02_sql_transform.py
[2026-07-10T15:10:12.682+0000] {logging_mixin.py:190} INFO - [2026-07-10T15:10:12.681+0000] {dag.py:3239} INFO - Sync 1 DAGs
[2026-07-10T15:10:12.740+0000] {logging_mixin.py:190} INFO - [2026-07-10T15:10:12.739+0000] {dag.py:4180} INFO - Setting next_dagrun for 02_sql_transform to None, run_after=None
[2026-07-10T15:10:12.779+0000] {processor.py:208} INFO - Processing /opt/airflow/dags/02_sql_transform.py took 0.242 seconds
[2026-07-10T15:10:43.231+0000] {processor.py:186} INFO - Started process (PID=3251) to work on /opt/airflow/dags/02_sql_transform.py
[2026-07-10T15:10:43.232+0000] {processor.py:914} INFO - Processing file /opt/airflow/dags/02_sql_transform.py for tasks to queue
[2026-07-10T15:10:43.237+0000] {logging_mixin.py:190} INFO - [2026-07-10T15:10:43.236+0000] {dagbag.py:588} INFO - Filling up the DagBag from /opt/airflow/dags/02_sql_transform.py
[2026-07-10T15:10:43.251+0000] {processor.py:925} INFO - DAG(s) '02_sql_transform' retrieved from /opt/airflow/dags/02_sql_transform.py
[2026-07-10T15:10:43.314+0000] {logging_mixin.py:190} INFO - [2026-07-10T15:10:43.314+0000] {dag.py:3239} INFO - Sync 1 DAGs
[2026-07-10T15:10:43.340+0000] {logging_mixin.py:190} INFO - [2026-07-10T15:10:43.339+0000] {dag.py:4180} INFO - Setting next_dagrun for 02_sql_transform to None, run_after=None
[2026-07-10T15:10:43.381+0000] {processor.py:208} INFO - Processing /opt/airflow/dags/02_sql_transform.py took 0.159 seconds
[2026-07-10T15:11:13.755+0000] {processor.py:186} INFO - Started process (PID=3301) to work on /opt/airflow/dags/02_sql_transform.py
[2026-07-10T15:11:13.757+0000] {processor.py:914} INFO - Processing file /opt/airflow/dags/02_sql_transform.py for tasks to queue
[2026-07-10T15:11:13.762+0000] {logging_mixin.py:190} INFO - [2026-07-10T15:11:13.761+0000] {dagbag.py:588} INFO - Filling up the DagBag from /opt/airflow/dags/02_sql_transform.py
[2026-07-10T15:11:13.781+0000] {processor.py:925} INFO - DAG(s) '02_sql_transform' retrieved from /opt/airflow/dags/02_sql_transform.py
[2026-07-10T15:11:13.861+0000] {logging_mixin.py:190} INFO - [2026-07-10T15:11:13.860+0000] {dag.py:3239} INFO - Sync 1 DAGs
[2026-07-10T15:11:13.893+0000] {logging_mixin.py:190} INFO - [2026-07-10T15:11:13.893+0000] {dag.py:4180} INFO - Setting next_dagrun for 02_sql_transform to None, run_after=None
[2026-07-10T15:11:13.959+0000] {processor.py:208} INFO - Processing /opt/airflow/dags/02_sql_transform.py took 0.218 seconds
[2026-07-10T15:11:44.415+0000] {processor.py:186} INFO - Started process (PID=3362) to work on /opt/airflow/dags/02_sql_transform.py
[2026-07-10T15:11:44.418+0000] {processor.py:914} INFO - Processing file /opt/airflow/dags/02_sql_transform.py for tasks to queue
[2026-07-10T15:11:44.424+0000] {logging_mixin.py:190} INFO - [2026-07-10T15:11:44.422+0000] {dagbag.py:588} INFO - Filling up the DagBag from /opt/airflow/dags/02_sql_transform.py
[2026-07-10T15:11:44.443+0000] {processor.py:925} INFO - DAG(s) '02_sql_transform' retrieved from /opt/airflow/dags/02_sql_transform.py
[2026-07-10T15:11:44.515+0000] {logging_mixin.py:190} INFO - [2026-07-10T15:11:44.514+0000] {dag.py:3239} INFO - Sync 1 DAGs
[2026-07-10T15:11:44.542+0000] {logging_mixin.py:190} INFO - [2026-07-10T15:11:44.541+0000] {dag.py:4180} INFO - Setting next_dagrun for 02_sql_transform to None, run_after=None
[2026-07-10T15:11:44.576+0000] {processor.py:208} INFO - Processing /opt/airflow/dags/02_sql_transform.py took 0.177 seconds
[2026-07-10T15:12:15.047+0000] {processor.py:186} INFO - Started process (PID=3412) to work on /opt/airflow/dags/02_sql_transform.py
[2026-07-10T15:12:15.048+0000] {processor.py:914} INFO - Processing file /opt/airflow/dags/02_sql_transform.py for tasks to queue
[2026-07-10T15:12:15.052+0000] {logging_mixin.py:190} INFO - [2026-07-10T15:12:15.052+0000] {dagbag.py:588} INFO - Filling up the DagBag from /opt/airflow/dags/02_sql_transform.py
[2026-07-10T15:12:15.072+0000] {processor.py:925} INFO - DAG(s) '02_sql_transform' retrieved from /opt/airflow/dags/02_sql_transform.py
[2026-07-10T15:12:15.125+0000] {logging_mixin.py:190} INFO - [2026-07-10T15:12:15.124+0000] {dag.py:3239} INFO - Sync 1 DAGs
[2026-07-10T15:12:15.154+0000] {logging_mixin.py:190} INFO - [2026-07-10T15:12:15.154+0000] {dag.py:4180} INFO - Setting next_dagrun for 02_sql_transform to None, run_after=None
[2026-07-10T15:12:15.194+0000] {processor.py:208} INFO - Processing /opt/airflow/dags/02_sql_transform.py took 0.164 seconds
[2026-07-10T15:12:45.638+0000] {processor.py:186} INFO - Started process (PID=3462) to work on /opt/airflow/dags/02_sql_transform.py
[2026-07-10T15:12:45.640+0000] {processor.py:914} INFO - Processing file /opt/airflow/dags/02_sql_transform.py for tasks to queue
[2026-07-10T15:12:45.646+0000] {logging_mixin.py:190} INFO - [2026-07-10T15:12:45.645+0000] {dagbag.py:588} INFO - Filling up the DagBag from /opt/airflow/dags/02_sql_transform.py
[2026-07-10T15:12:45.663+0000] {processor.py:925} INFO - DAG(s) '02_sql_transform' retrieved from /opt/airflow/dags/02_sql_transform.py
[2026-07-10T15:12:45.717+0000] {logging_mixin.py:190} INFO - [2026-07-10T15:12:45.716+0000] {dag.py:3239} INFO - Sync 1 DAGs
[2026-07-10T15:12:45.739+0000] {logging_mixin.py:190} INFO - [2026-07-10T15:12:45.739+0000] {dag.py:4180} INFO - Setting next_dagrun for 02_sql_transform to None, run_after=None
[2026-07-10T15:12:45.776+0000] {processor.py:208} INFO - Processing /opt/airflow/dags/02_sql_transform.py took 0.150 seconds
[2026-07-10T15:13:15.986+0000] {processor.py:186} INFO - Started process (PID=3512) to work on /opt/airflow/dags/02_sql_transform.py
[2026-07-10T15:13:15.987+0000] {processor.py:914} INFO - Processing file /opt/airflow/dags/02_sql_transform.py for tasks to queue
[2026-07-10T15:13:15.991+0000] {logging_mixin.py:190} INFO - [2026-07-10T15:13:15.990+0000] {dagbag.py:588} INFO - Filling up the DagBag from /opt/airflow/dags/02_sql_transform.py
[2026-07-10T15:13:16.006+0000] {processor.py:925} INFO - DAG(s) '02_sql_transform' retrieved from /opt/airflow/dags/02_sql_transform.py
[2026-07-10T15:13:16.067+0000] {logging_mixin.py:190} INFO - [2026-07-10T15:13:16.066+0000] {dag.py:3239} INFO - Sync 1 DAGs
[2026-07-10T15:13:16.088+0000] {logging_mixin.py:190} INFO - [2026-07-10T15:13:16.087+0000] {dag.py:4180} INFO - Setting next_dagrun for 02_sql_transform to None, run_after=None
[2026-07-10T15:13:16.122+0000] {processor.py:208} INFO - Processing /opt/airflow/dags/02_sql_transform.py took 0.145 seconds
[2026-07-10T15:13:46.397+0000] {processor.py:186} INFO - Started process (PID=3562) to work on /opt/airflow/dags/02_sql_transform.py
[2026-07-10T15:13:46.399+0000] {processor.py:914} INFO - Processing file /opt/airflow/dags/02_sql_transform.py for tasks to queue
[2026-07-10T15:13:46.402+0000] {logging_mixin.py:190} INFO - [2026-07-10T15:13:46.401+0000] {dagbag.py:588} INFO - Filling up the DagBag from /opt/airflow/dags/02_sql_transform.py
[2026-07-10T15:13:46.418+0000] {processor.py:925} INFO - DAG(s) '02_sql_transform' retrieved from /opt/airflow/dags/02_sql_transform.py
[2026-07-10T15:13:46.470+0000] {logging_mixin.py:190} INFO - [2026-07-10T15:13:46.470+0000] {dag.py:3239} INFO - Sync 1 DAGs
[2026-07-10T15:13:46.497+0000] {logging_mixin.py:190} INFO - [2026-07-10T15:13:46.496+0000] {dag.py:4180} INFO - Setting next_dagrun for 02_sql_transform to None, run_after=None
[2026-07-10T15:13:46.522+0000] {processor.py:208} INFO - Processing /opt/airflow/dags/02_sql_transform.py took 0.134 seconds
[2026-07-10T15:14:16.770+0000] {processor.py:186} INFO - Started process (PID=3612) to work on /opt/airflow/dags/02_sql_transform.py
[2026-07-10T15:14:16.771+0000] {processor.py:914} INFO - Processing file /opt/airflow/dags/02_sql_transform.py for tasks to queue
[2026-07-10T15:14:16.775+0000] {logging_mixin.py:190} INFO - [2026-07-10T15:14:16.775+0000] {dagbag.py:588} INFO - Filling up the DagBag from /opt/airflow/dags/02_sql_transform.py
[2026-07-10T15:14:16.793+0000] {processor.py:925} INFO - DAG(s) '02_sql_transform' retrieved from /opt/airflow/dags/02_sql_transform.py
[2026-07-10T15:14:16.866+0000] {logging_mixin.py:190} INFO - [2026-07-10T15:14:16.866+0000] {dag.py:3239} INFO - Sync 1 DAGs
[2026-07-10T15:14:16.892+0000] {logging_mixin.py:190} INFO - [2026-07-10T15:14:16.892+0000] {dag.py:4180} INFO - Setting next_dagrun for 02_sql_transform to None, run_after=None
[2026-07-10T15:14:16.950+0000] {processor.py:208} INFO - Processing /opt/airflow/dags/02_sql_transform.py took 0.194 seconds
[2026-07-10T15:14:47.129+0000] {processor.py:186} INFO - Started process (PID=3662) to work on /opt/airflow/dags/02_sql_transform.py
[2026-07-10T15:14:47.133+0000] {processor.py:914} INFO - Processing file /opt/airflow/dags/02_sql_transform.py for tasks to queue
[2026-07-10T15:14:47.138+0000] {logging_mixin.py:190} INFO - [2026-07-10T15:14:47.137+0000] {dagbag.py:588} INFO - Filling up the DagBag from /opt/airflow/dags/02_sql_transform.py
[2026-07-10T15:14:47.155+0000] {processor.py:925} INFO - DAG(s) '02_sql_transform' retrieved from /opt/airflow/dags/02_sql_transform.py
[2026-07-10T15:14:47.221+0000] {logging_mixin.py:190} INFO - [2026-07-10T15:14:47.221+0000] {dag.py:3239} INFO - Sync 1 DAGs
[2026-07-10T15:14:47.251+0000] {logging_mixin.py:190} INFO - [2026-07-10T15:14:47.251+0000] {dag.py:4180} INFO - Setting next_dagrun for 02_sql_transform to None, run_after=None
[2026-07-10T15:14:47.285+0000] {processor.py:208} INFO - Processing /opt/airflow/dags/02_sql_transform.py took 0.169 seconds
[2026-07-10T15:15:17.480+0000] {processor.py:186} INFO - Started process (PID=3712) to work on /opt/airflow/dags/02_sql_transform.py
[2026-07-10T15:15:17.481+0000] {processor.py:914} INFO - Processing file /opt/airflow/dags/02_sql_transform.py for tasks to queue
[2026-07-10T15:15:17.487+0000] {logging_mixin.py:190} INFO - [2026-07-10T15:15:17.486+0000] {dagbag.py:588} INFO - Filling up the DagBag from /opt/airflow/dags/02_sql_transform.py
[2026-07-10T15:15:17.497+0000] {processor.py:925} INFO - DAG(s) '02_sql_transform' retrieved from /opt/airflow/dags/02_sql_transform.py
[2026-07-10T15:15:17.540+0000] {logging_mixin.py:190} INFO - [2026-07-10T15:15:17.540+0000] {dag.py:3239} INFO - Sync 1 DAGs
[2026-07-10T15:15:17.559+0000] {logging_mixin.py:190} INFO - [2026-07-10T15:15:17.559+0000] {dag.py:4180} INFO - Setting next_dagrun for 02_sql_transform to None, run_after=None
[2026-07-10T15:15:17.591+0000] {processor.py:208} INFO - Processing /opt/airflow/dags/02_sql_transform.py took 0.120 seconds
[2026-07-10T15:15:47.819+0000] {processor.py:186} INFO - Started process (PID=3762) to work on /opt/airflow/dags/02_sql_transform.py
[2026-07-10T15:15:47.823+0000] {processor.py:914} INFO - Processing file /opt/airflow/dags/02_sql_transform.py for tasks to queue
[2026-07-10T15:15:47.828+0000] {logging_mixin.py:190} INFO - [2026-07-10T15:15:47.827+0000] {dagbag.py:588} INFO - Filling up the DagBag from /opt/airflow/dags/02_sql_transform.py
[2026-07-10T15:15:47.856+0000] {processor.py:925} INFO - DAG(s) '02_sql_transform' retrieved from /opt/airflow/dags/02_sql_transform.py
[2026-07-10T15:15:47.923+0000] {logging_mixin.py:190} INFO - [2026-07-10T15:15:47.922+0000] {dag.py:3239} INFO - Sync 1 DAGs
[2026-07-10T15:15:47.946+0000] {logging_mixin.py:190} INFO - [2026-07-10T15:15:47.944+0000] {dag.py:4180} INFO - Setting next_dagrun for 02_sql_transform to None, run_after=None
[2026-07-10T15:15:47.974+0000] {processor.py:208} INFO - Processing /opt/airflow/dags/02_sql_transform.py took 0.178 seconds
[2026-07-10T15:16:18.836+0000] {processor.py:186} INFO - Started process (PID=3812) to work on /opt/airflow/dags/02_sql_transform.py
[2026-07-10T15:16:18.839+0000] {processor.py:914} INFO - Processing file /opt/airflow/dags/02_sql_transform.py for tasks to queue
[2026-07-10T15:16:18.843+0000] {logging_mixin.py:190} INFO - [2026-07-10T15:16:18.842+0000] {dagbag.py:588} INFO - Filling up the DagBag from /opt/airflow/dags/02_sql_transform.py
[2026-07-10T15:16:18.859+0000] {processor.py:925} INFO - DAG(s) '02_sql_transform' retrieved from /opt/airflow/dags/02_sql_transform.py
[2026-07-10T15:16:18.911+0000] {logging_mixin.py:190} INFO - [2026-07-10T15:16:18.911+0000] {dag.py:3239} INFO - Sync 1 DAGs
[2026-07-10T15:16:18.933+0000] {logging_mixin.py:190} INFO - [2026-07-10T15:16:18.933+0000] {dag.py:4180} INFO - Setting next_dagrun for 02_sql_transform to None, run_after=None
[2026-07-10T15:16:18.965+0000] {processor.py:208} INFO - Processing /opt/airflow/dags/02_sql_transform.py took 0.137 seconds
[2026-07-10T15:16:49.307+0000] {processor.py:186} INFO - Started process (PID=3862) to work on /opt/airflow/dags/02_sql_transform.py
[2026-07-10T15:16:49.309+0000] {processor.py:914} INFO - Processing file /opt/airflow/dags/02_sql_transform.py for tasks to queue
[2026-07-10T15:16:49.313+0000] {logging_mixin.py:190} INFO - [2026-07-10T15:16:49.312+0000] {dagbag.py:588} INFO - Filling up the DagBag from /opt/airflow/dags/02_sql_transform.py
[2026-07-10T15:16:49.328+0000] {processor.py:925} INFO - DAG(s) '02_sql_transform' retrieved from /opt/airflow/dags/02_sql_transform.py
[2026-07-10T15:16:49.382+0000] {logging_mixin.py:190} INFO - [2026-07-10T15:16:49.381+0000] {dag.py:3239} INFO - Sync 1 DAGs
[2026-07-10T15:16:49.404+0000] {logging_mixin.py:190} INFO - [2026-07-10T15:16:49.403+0000] {dag.py:4180} INFO - Setting next_dagrun for 02_sql_transform to None, run_after=None
[2026-07-10T15:16:49.432+0000] {processor.py:208} INFO - Processing /opt/airflow/dags/02_sql_transform.py took 0.141 seconds
[2026-07-10T15:17:19.551+0000] {processor.py:186} INFO - Started process (PID=3912) to work on /opt/airflow/dags/02_sql_transform.py
[2026-07-10T15:17:19.553+0000] {processor.py:914} INFO - Processing file /opt/airflow/dags/02_sql_transform.py for tasks to queue
[2026-07-10T15:17:19.557+0000] {logging_mixin.py:190} INFO - [2026-07-10T15:17:19.557+0000] {dagbag.py:588} INFO - Filling up the DagBag from /opt/airflow/dags/02_sql_transform.py
[2026-07-10T15:17:19.573+0000] {processor.py:925} INFO - DAG(s) '02_sql_transform' retrieved from /opt/airflow/dags/02_sql_transform.py
[2026-07-10T15:17:19.633+0000] {logging_mixin.py:190} INFO - [2026-07-10T15:17:19.633+0000] {dag.py:3239} INFO - Sync 1 DAGs
[2026-07-10T15:17:19.660+0000] {logging_mixin.py:190} INFO - [2026-07-10T15:17:19.659+0000] {dag.py:4180} INFO - Setting next_dagrun for 02_sql_transform to None, run_after=None
[2026-07-10T15:17:19.686+0000] {processor.py:208} INFO - Processing /opt/airflow/dags/02_sql_transform.py took 0.153 seconds
[2026-07-10T15:17:49.827+0000] {processor.py:186} INFO - Started process (PID=3962) to work on /opt/airflow/dags/02_sql_transform.py
[2026-07-10T15:17:49.828+0000] {processor.py:914} INFO - Processing file /opt/airflow/dags/02_sql_transform.py for tasks to queue
[2026-07-10T15:17:49.833+0000] {logging_mixin.py:190} INFO - [2026-07-10T15:17:49.832+0000] {dagbag.py:588} INFO - Filling up the DagBag from /opt/airflow/dags/02_sql_transform.py
[2026-07-10T15:17:49.849+0000] {processor.py:925} INFO - DAG(s) '02_sql_transform' retrieved from /opt/airflow/dags/02_sql_transform.py
[2026-07-10T15:17:49.901+0000] {logging_mixin.py:190} INFO - [2026-07-10T15:17:49.900+0000] {dag.py:3239} INFO - Sync 1 DAGs
[2026-07-10T15:17:49.929+0000] {logging_mixin.py:190} INFO - [2026-07-10T15:17:49.928+0000] {dag.py:4180} INFO - Setting next_dagrun for 02_sql_transform to None, run_after=None
[2026-07-10T15:17:49.978+0000] {processor.py:208} INFO - Processing /opt/airflow/dags/02_sql_transform.py took 0.165 seconds
[2026-07-10T15:18:20.155+0000] {processor.py:186} INFO - Started process (PID=4012) to work on /opt/airflow/dags/02_sql_transform.py
[2026-07-10T15:18:20.157+0000] {processor.py:914} INFO - Processing file /opt/airflow/dags/02_sql_transform.py for tasks to queue
[2026-07-10T15:18:20.162+0000] {logging_mixin.py:190} INFO - [2026-07-10T15:18:20.161+0000] {dagbag.py:588} INFO - Filling up the DagBag from /opt/airflow/dags/02_sql_transform.py
[2026-07-10T15:18:20.174+0000] {processor.py:925} INFO - DAG(s) '02_sql_transform' retrieved from /opt/airflow/dags/02_sql_transform.py
[2026-07-10T15:18:20.224+0000] {logging_mixin.py:190} INFO - [2026-07-10T15:18:20.224+0000] {dag.py:3239} INFO - Sync 1 DAGs
[2026-07-10T15:18:20.246+0000] {logging_mixin.py:190} INFO - [2026-07-10T15:18:20.246+0000] {dag.py:4180} INFO - Setting next_dagrun for 02_sql_transform to None, run_after=None
[2026-07-10T15:18:20.275+0000] {processor.py:208} INFO - Processing /opt/airflow/dags/02_sql_transform.py took 0.127 seconds
[2026-07-10T15:18:50.535+0000] {processor.py:186} INFO - Started process (PID=4062) to work on /opt/airflow/dags/02_sql_transform.py
[2026-07-10T15:18:50.536+0000] {processor.py:914} INFO - Processing file /opt/airflow/dags/02_sql_transform.py for tasks to queue
[2026-07-10T15:18:50.541+0000] {logging_mixin.py:190} INFO - [2026-07-10T15:18:50.541+0000] {dagbag.py:588} INFO - Filling up the DagBag from /opt/airflow/dags/02_sql_transform.py
[2026-07-10T15:18:50.556+0000] {processor.py:925} INFO - DAG(s) '02_sql_transform' retrieved from /opt/airflow/dags/02_sql_transform.py
[2026-07-10T15:18:50.620+0000] {logging_mixin.py:190} INFO - [2026-07-10T15:18:50.619+0000] {dag.py:3239} INFO - Sync 1 DAGs
[2026-07-10T15:18:50.647+0000] {logging_mixin.py:190} INFO - [2026-07-10T15:18:50.646+0000] {dag.py:4180} INFO - Setting next_dagrun for 02_sql_transform to None, run_after=None
[2026-07-10T15:18:50.682+0000] {processor.py:208} INFO - Processing /opt/airflow/dags/02_sql_transform.py took 0.165 seconds
[2026-07-10T15:19:20.796+0000] {processor.py:186} INFO - Started process (PID=4112) to work on /opt/airflow/dags/02_sql_transform.py
[2026-07-10T15:19:20.799+0000] {processor.py:914} INFO - Processing file /opt/airflow/dags/02_sql_transform.py for tasks to queue
[2026-07-10T15:19:20.803+0000] {logging_mixin.py:190} INFO - [2026-07-10T15:19:20.802+0000] {dagbag.py:588} INFO - Filling up the DagBag from /opt/airflow/dags/02_sql_transform.py
[2026-07-10T15:19:20.825+0000] {processor.py:925} INFO - DAG(s) '02_sql_transform' retrieved from /opt/airflow/dags/02_sql_transform.py
[2026-07-10T15:19:20.886+0000] {logging_mixin.py:190} INFO - [2026-07-10T15:19:20.886+0000] {dag.py:3239} INFO - Sync 1 DAGs
[2026-07-10T15:19:20.917+0000] {logging_mixin.py:190} INFO - [2026-07-10T15:19:20.916+0000] {dag.py:4180} INFO - Setting next_dagrun for 02_sql_transform to None, run_after=None
[2026-07-10T15:19:20.956+0000] {processor.py:208} INFO - Processing /opt/airflow/dags/02_sql_transform.py took 0.172 seconds
[2026-07-10T15:19:51.124+0000] {processor.py:186} INFO - Started process (PID=4162) to work on /opt/airflow/dags/02_sql_transform.py
[2026-07-10T15:19:51.126+0000] {processor.py:914} INFO - Processing file /opt/airflow/dags/02_sql_transform.py for tasks to queue
[2026-07-10T15:19:51.129+0000] {logging_mixin.py:190} INFO - [2026-07-10T15:19:51.129+0000] {dagbag.py:588} INFO - Filling up the DagBag from /opt/airflow/dags/02_sql_transform.py
[2026-07-10T15:19:51.145+0000] {processor.py:925} INFO - DAG(s) '02_sql_transform' retrieved from /opt/airflow/dags/02_sql_transform.py
[2026-07-10T15:19:51.214+0000] {logging_mixin.py:190} INFO - [2026-07-10T15:19:51.213+0000] {dag.py:3239} INFO - Sync 1 DAGs
[2026-07-10T15:19:51.248+0000] {logging_mixin.py:190} INFO - [2026-07-10T15:19:51.247+0000] {dag.py:4180} INFO - Setting next_dagrun for 02_sql_transform to None, run_after=None
[2026-07-10T15:19:51.278+0000] {processor.py:208} INFO - Processing /opt/airflow/dags/02_sql_transform.py took 0.171 seconds
[2026-07-10T15:20:21.547+0000] {processor.py:186} INFO - Started process (PID=4212) to work on /opt/airflow/dags/02_sql_transform.py
[2026-07-10T15:20:21.549+0000] {processor.py:914} INFO - Processing file /opt/airflow/dags/02_sql_transform.py for tasks to queue
[2026-07-10T15:20:21.555+0000] {logging_mixin.py:190} INFO - [2026-07-10T15:20:21.554+0000] {dagbag.py:588} INFO - Filling up the DagBag from /opt/airflow/dags/02_sql_transform.py
[2026-07-10T15:20:21.575+0000] {processor.py:925} INFO - DAG(s) '02_sql_transform' retrieved from /opt/airflow/dags/02_sql_transform.py
[2026-07-10T15:20:21.638+0000] {logging_mixin.py:190} INFO - [2026-07-10T15:20:21.638+0000] {dag.py:3239} INFO - Sync 1 DAGs
[2026-07-10T15:20:21.670+0000] {logging_mixin.py:190} INFO - [2026-07-10T15:20:21.669+0000] {dag.py:4180} INFO - Setting next_dagrun for 02_sql_transform to None, run_after=None
[2026-07-10T15:20:21.708+0000] {processor.py:208} INFO - Processing /opt/airflow/dags/02_sql_transform.py took 0.172 seconds
[2026-07-10T15:20:52.110+0000] {processor.py:186} INFO - Started process (PID=4262) to work on /opt/airflow/dags/02_sql_transform.py
[2026-07-10T15:20:52.111+0000] {processor.py:914} INFO - Processing file /opt/airflow/dags/02_sql_transform.py for tasks to queue
[2026-07-10T15:20:52.119+0000] {logging_mixin.py:190} INFO - [2026-07-10T15:20:52.117+0000] {dagbag.py:588} INFO - Filling up the DagBag from /opt/airflow/dags/02_sql_transform.py
[2026-07-10T15:20:52.136+0000] {processor.py:925} INFO - DAG(s) '02_sql_transform' retrieved from /opt/airflow/dags/02_sql_transform.py
[2026-07-10T15:20:52.191+0000] {logging_mixin.py:190} INFO - [2026-07-10T15:20:52.191+0000] {dag.py:3239} INFO - Sync 1 DAGs
[2026-07-10T15:20:52.219+0000] {logging_mixin.py:190} INFO - [2026-07-10T15:20:52.219+0000] {dag.py:4180} INFO - Setting next_dagrun for 02_sql_transform to None, run_after=None
[2026-07-10T15:20:52.245+0000] {processor.py:208} INFO - Processing /opt/airflow/dags/02_sql_transform.py took 0.151 seconds
[2026-07-10T15:21:22.409+0000] {processor.py:186} INFO - Started process (PID=4312) to work on /opt/airflow/dags/02_sql_transform.py
[2026-07-10T15:21:22.411+0000] {processor.py:914} INFO - Processing file /opt/airflow/dags/02_sql_transform.py for tasks to queue
[2026-07-10T15:21:22.415+0000] {logging_mixin.py:190} INFO - [2026-07-10T15:21:22.414+0000] {dagbag.py:588} INFO - Filling up the DagBag from /opt/airflow/dags/02_sql_transform.py
[2026-07-10T15:21:22.435+0000] {processor.py:925} INFO - DAG(s) '02_sql_transform' retrieved from /opt/airflow/dags/02_sql_transform.py
[2026-07-10T15:21:22.487+0000] {logging_mixin.py:190} INFO - [2026-07-10T15:21:22.486+0000] {dag.py:3239} INFO - Sync 1 DAGs
[2026-07-10T15:21:22.514+0000] {logging_mixin.py:190} INFO - [2026-07-10T15:21:22.514+0000] {dag.py:4180} INFO - Setting next_dagrun for 02_sql_transform to None, run_after=None
[2026-07-10T15:21:22.562+0000] {processor.py:208} INFO - Processing /opt/airflow/dags/02_sql_transform.py took 0.172 seconds
[2026-07-10T15:21:52.800+0000] {processor.py:186} INFO - Started process (PID=4362) to work on /opt/airflow/dags/02_sql_transform.py
[2026-07-10T15:21:52.801+0000] {processor.py:914} INFO - Processing file /opt/airflow/dags/02_sql_transform.py for tasks to queue
[2026-07-10T15:21:52.810+0000] {logging_mixin.py:190} INFO - [2026-07-10T15:21:52.808+0000] {dagbag.py:588} INFO - Filling up the DagBag from /opt/airflow/dags/02_sql_transform.py
[2026-07-10T15:21:52.833+0000] {processor.py:925} INFO - DAG(s) '02_sql_transform' retrieved from /opt/airflow/dags/02_sql_transform.py
[2026-07-10T15:21:52.903+0000] {logging_mixin.py:190} INFO - [2026-07-10T15:21:52.903+0000] {dag.py:3239} INFO - Sync 1 DAGs
[2026-07-10T15:21:52.931+0000] {logging_mixin.py:190} INFO - [2026-07-10T15:21:52.931+0000] {dag.py:4180} INFO - Setting next_dagrun for 02_sql_transform to None, run_after=None
[2026-07-10T15:21:52.961+0000] {processor.py:208} INFO - Processing /opt/airflow/dags/02_sql_transform.py took 0.180 seconds
[2026-07-10T15:22:23.149+0000] {processor.py:186} INFO - Started process (PID=4412) to work on /opt/airflow/dags/02_sql_transform.py
[2026-07-10T15:22:23.151+0000] {processor.py:914} INFO - Processing file /opt/airflow/dags/02_sql_transform.py for tasks to queue
[2026-07-10T15:22:23.153+0000] {logging_mixin.py:190} INFO - [2026-07-10T15:22:23.153+0000] {dagbag.py:588} INFO - Filling up the DagBag from /opt/airflow/dags/02_sql_transform.py
[2026-07-10T15:22:23.172+0000] {processor.py:925} INFO - DAG(s) '02_sql_transform' retrieved from /opt/airflow/dags/02_sql_transform.py
[2026-07-10T15:22:23.235+0000] {logging_mixin.py:190} INFO - [2026-07-10T15:22:23.234+0000] {dag.py:3239} INFO - Sync 1 DAGs
[2026-07-10T15:22:23.267+0000] {logging_mixin.py:190} INFO - [2026-07-10T15:22:23.267+0000] {dag.py:4180} INFO - Setting next_dagrun for 02_sql_transform to None, run_after=None
[2026-07-10T15:22:23.302+0000] {processor.py:208} INFO - Processing /opt/airflow/dags/02_sql_transform.py took 0.166 seconds
[2026-07-10T15:22:53.611+0000] {processor.py:186} INFO - Started process (PID=4462) to work on /opt/airflow/dags/02_sql_transform.py
[2026-07-10T15:22:53.614+0000] {processor.py:914} INFO - Processing file /opt/airflow/dags/02_sql_transform.py for tasks to queue
[2026-07-10T15:22:53.619+0000] {logging_mixin.py:190} INFO - [2026-07-10T15:22:53.618+0000] {dagbag.py:588} INFO - Filling up the DagBag from /opt/airflow/dags/02_sql_transform.py
[2026-07-10T15:22:53.636+0000] {processor.py:925} INFO - DAG(s) '02_sql_transform' retrieved from /opt/airflow/dags/02_sql_transform.py
[2026-07-10T15:22:53.721+0000] {logging_mixin.py:190} INFO - [2026-07-10T15:22:53.721+0000] {dag.py:3239} INFO - Sync 1 DAGs
[2026-07-10T15:22:54.020+0000] {logging_mixin.py:190} INFO - [2026-07-10T15:22:54.020+0000] {dag.py:4180} INFO - Setting next_dagrun for 02_sql_transform to None, run_after=None
[2026-07-10T15:22:54.045+0000] {processor.py:208} INFO - Processing /opt/airflow/dags/02_sql_transform.py took 0.447 seconds
[2026-07-10T15:23:24.599+0000] {processor.py:186} INFO - Started process (PID=4512) to work on /opt/airflow/dags/02_sql_transform.py
[2026-07-10T15:23:24.600+0000] {processor.py:914} INFO - Processing file /opt/airflow/dags/02_sql_transform.py for tasks to queue
[2026-07-10T15:23:24.603+0000] {logging_mixin.py:190} INFO - [2026-07-10T15:23:24.603+0000] {dagbag.py:588} INFO - Filling up the DagBag from /opt/airflow/dags/02_sql_transform.py
[2026-07-10T15:23:24.615+0000] {processor.py:925} INFO - DAG(s) '02_sql_transform' retrieved from /opt/airflow/dags/02_sql_transform.py
[2026-07-10T15:23:24.673+0000] {logging_mixin.py:190} INFO - [2026-07-10T15:23:24.673+0000] {dag.py:3239} INFO - Sync 1 DAGs
[2026-07-10T15:23:24.701+0000] {logging_mixin.py:190} INFO - [2026-07-10T15:23:24.700+0000] {dag.py:4180} INFO - Setting next_dagrun for 02_sql_transform to None, run_after=None
[2026-07-10T15:23:24.767+0000] {processor.py:208} INFO - Processing /opt/airflow/dags/02_sql_transform.py took 0.177 seconds
[2026-07-10T15:23:55.298+0000] {processor.py:186} INFO - Started process (PID=4562) to work on /opt/airflow/dags/02_sql_transform.py
[2026-07-10T15:23:55.301+0000] {processor.py:914} INFO - Processing file /opt/airflow/dags/02_sql_transform.py for tasks to queue
[2026-07-10T15:23:55.305+0000] {logging_mixin.py:190} INFO - [2026-07-10T15:23:55.305+0000] {dagbag.py:588} INFO - Filling up the DagBag from /opt/airflow/dags/02_sql_transform.py
[2026-07-10T15:23:55.333+0000] {processor.py:925} INFO - DAG(s) '02_sql_transform' retrieved from /opt/airflow/dags/02_sql_transform.py
[2026-07-10T15:23:55.408+0000] {logging_mixin.py:190} INFO - [2026-07-10T15:23:55.408+0000] {dag.py:3239} INFO - Sync 1 DAGs
[2026-07-10T15:23:55.765+0000] {logging_mixin.py:190} INFO - [2026-07-10T15:23:55.765+0000] {dag.py:4180} INFO - Setting next_dagrun for 02_sql_transform to None, run_after=None
[2026-07-10T15:23:55.918+0000] {processor.py:208} INFO - Processing /opt/airflow/dags/02_sql_transform.py took 0.637 seconds
[2026-07-10T15:24:26.373+0000] {processor.py:186} INFO - Started process (PID=4614) to work on /opt/airflow/dags/02_sql_transform.py
[2026-07-10T15:24:26.375+0000] {processor.py:914} INFO - Processing file /opt/airflow/dags/02_sql_transform.py for tasks to queue
[2026-07-10T15:24:26.380+0000] {logging_mixin.py:190} INFO - [2026-07-10T15:24:26.379+0000] {dagbag.py:588} INFO - Filling up the DagBag from /opt/airflow/dags/02_sql_transform.py
[2026-07-10T15:24:26.400+0000] {processor.py:925} INFO - DAG(s) '02_sql_transform' retrieved from /opt/airflow/dags/02_sql_transform.py
[2026-07-10T15:24:26.469+0000] {logging_mixin.py:190} INFO - [2026-07-10T15:24:26.469+0000] {dag.py:3239} INFO - Sync 1 DAGs
[2026-07-10T15:24:26.496+0000] {logging_mixin.py:190} INFO - [2026-07-10T15:24:26.495+0000] {dag.py:4180} INFO - Setting next_dagrun for 02_sql_transform to None, run_after=None
[2026-07-10T15:24:26.540+0000] {processor.py:208} INFO - Processing /opt/airflow/dags/02_sql_transform.py took 0.177 seconds
[2026-07-10T15:24:56.924+0000] {processor.py:186} INFO - Started process (PID=4664) to work on /opt/airflow/dags/02_sql_transform.py
[2026-07-10T15:24:56.925+0000] {processor.py:914} INFO - Processing file /opt/airflow/dags/02_sql_transform.py for tasks to queue
[2026-07-10T15:24:56.928+0000] {logging_mixin.py:190} INFO - [2026-07-10T15:24:56.927+0000] {dagbag.py:588} INFO - Filling up the DagBag from /opt/airflow/dags/02_sql_transform.py
[2026-07-10T15:24:56.941+0000] {processor.py:925} INFO - DAG(s) '02_sql_transform' retrieved from /opt/airflow/dags/02_sql_transform.py
[2026-07-10T15:24:56.996+0000] {logging_mixin.py:190} INFO - [2026-07-10T15:24:56.996+0000] {dag.py:3239} INFO - Sync 1 DAGs
[2026-07-10T15:24:57.225+0000] {logging_mixin.py:190} INFO - [2026-07-10T15:24:57.225+0000] {dag.py:4180} INFO - Setting next_dagrun for 02_sql_transform to None, run_after=None
[2026-07-10T15:24:57.252+0000] {processor.py:208} INFO - Processing /opt/airflow/dags/02_sql_transform.py took 0.340 seconds
[2026-07-10T15:25:27.679+0000] {processor.py:186} INFO - Started process (PID=4714) to work on /opt/airflow/dags/02_sql_transform.py
[2026-07-10T15:25:27.681+0000] {processor.py:914} INFO - Processing file /opt/airflow/dags/02_sql_transform.py for tasks to queue
[2026-07-10T15:25:27.688+0000] {logging_mixin.py:190} INFO - [2026-07-10T15:25:27.687+0000] {dagbag.py:588} INFO - Filling up the DagBag from /opt/airflow/dags/02_sql_transform.py
[2026-07-10T15:25:28.003+0000] {processor.py:925} INFO - DAG(s) '02_sql_transform' retrieved from /opt/airflow/dags/02_sql_transform.py
[2026-07-10T15:25:28.045+0000] {logging_mixin.py:190} INFO - [2026-07-10T15:25:28.045+0000] {dag.py:3239} INFO - Sync 1 DAGs
[2026-07-10T15:25:28.066+0000] {logging_mixin.py:190} INFO - [2026-07-10T15:25:28.065+0000] {dag.py:4180} INFO - Setting next_dagrun for 02_sql_transform to None, run_after=None
[2026-07-10T15:25:28.095+0000] {processor.py:208} INFO - Processing /opt/airflow/dags/02_sql_transform.py took 0.429 seconds
[2026-07-10T15:25:58.520+0000] {processor.py:186} INFO - Started process (PID=4762) to work on /opt/airflow/dags/02_sql_transform.py
[2026-07-10T15:25:58.522+0000] {processor.py:914} INFO - Processing file /opt/airflow/dags/02_sql_transform.py for tasks to queue
[2026-07-10T15:25:58.524+0000] {logging_mixin.py:190} INFO - [2026-07-10T15:25:58.524+0000] {dagbag.py:588} INFO - Filling up the DagBag from /opt/airflow/dags/02_sql_transform.py
[2026-07-10T15:25:58.540+0000] {processor.py:925} INFO - DAG(s) '02_sql_transform' retrieved from /opt/airflow/dags/02_sql_transform.py
[2026-07-10T15:25:58.610+0000] {logging_mixin.py:190} INFO - [2026-07-10T15:25:58.610+0000] {dag.py:3239} INFO - Sync 1 DAGs
[2026-07-10T15:25:58.667+0000] {logging_mixin.py:190} INFO - [2026-07-10T15:25:58.666+0000] {dag.py:4180} INFO - Setting next_dagrun for 02_sql_transform to None, run_after=None
[2026-07-10T15:25:58.719+0000] {processor.py:208} INFO - Processing /opt/airflow/dags/02_sql_transform.py took 0.246 seconds
[2026-07-10T15:26:29.097+0000] {processor.py:186} INFO - Started process (PID=4814) to work on /opt/airflow/dags/02_sql_transform.py
[2026-07-10T15:26:29.098+0000] {processor.py:914} INFO - Processing file /opt/airflow/dags/02_sql_transform.py for tasks to queue
[2026-07-10T15:26:29.103+0000] {logging_mixin.py:190} INFO - [2026-07-10T15:26:29.102+0000] {dagbag.py:588} INFO - Filling up the DagBag from /opt/airflow/dags/02_sql_transform.py
[2026-07-10T15:26:29.118+0000] {processor.py:925} INFO - DAG(s) '02_sql_transform' retrieved from /opt/airflow/dags/02_sql_transform.py
[2026-07-10T15:26:29.187+0000] {logging_mixin.py:190} INFO - [2026-07-10T15:26:29.185+0000] {dag.py:3239} INFO - Sync 1 DAGs
[2026-07-10T15:26:29.215+0000] {logging_mixin.py:190} INFO - [2026-07-10T15:26:29.215+0000] {dag.py:4180} INFO - Setting next_dagrun for 02_sql_transform to None, run_after=None
[2026-07-10T15:26:29.256+0000] {processor.py:208} INFO - Processing /opt/airflow/dags/02_sql_transform.py took 0.175 seconds
[2026-07-10T15:26:59.383+0000] {processor.py:186} INFO - Started process (PID=4864) to work on /opt/airflow/dags/02_sql_transform.py
[2026-07-10T15:26:59.384+0000] {processor.py:914} INFO - Processing file /opt/airflow/dags/02_sql_transform.py for tasks to queue
[2026-07-10T15:26:59.388+0000] {logging_mixin.py:190} INFO - [2026-07-10T15:26:59.387+0000] {dagbag.py:588} INFO - Filling up the DagBag from /opt/airflow/dags/02_sql_transform.py
[2026-07-10T15:26:59.406+0000] {processor.py:925} INFO - DAG(s) '02_sql_transform' retrieved from /opt/airflow/dags/02_sql_transform.py
[2026-07-10T15:26:59.466+0000] {logging_mixin.py:190} INFO - [2026-07-10T15:26:59.466+0000] {dag.py:3239} INFO - Sync 1 DAGs
[2026-07-10T15:26:59.494+0000] {logging_mixin.py:190} INFO - [2026-07-10T15:26:59.494+0000] {dag.py:4180} INFO - Setting next_dagrun for 02_sql_transform to None, run_after=None
[2026-07-10T15:26:59.542+0000] {processor.py:208} INFO - Processing /opt/airflow/dags/02_sql_transform.py took 0.168 seconds
[2026-07-10T15:27:29.704+0000] {processor.py:186} INFO - Started process (PID=4914) to work on /opt/airflow/dags/02_sql_transform.py
[2026-07-10T15:27:29.705+0000] {processor.py:914} INFO - Processing file /opt/airflow/dags/02_sql_transform.py for tasks to queue
[2026-07-10T15:27:29.711+0000] {logging_mixin.py:190} INFO - [2026-07-10T15:27:29.710+0000] {dagbag.py:588} INFO - Filling up the DagBag from /opt/airflow/dags/02_sql_transform.py
[2026-07-10T15:27:29.722+0000] {processor.py:925} INFO - DAG(s) '02_sql_transform' retrieved from /opt/airflow/dags/02_sql_transform.py
[2026-07-10T15:27:29.775+0000] {logging_mixin.py:190} INFO - [2026-07-10T15:27:29.775+0000] {dag.py:3239} INFO - Sync 1 DAGs
[2026-07-10T15:27:29.796+0000] {logging_mixin.py:190} INFO - [2026-07-10T15:27:29.795+0000] {dag.py:4180} INFO - Setting next_dagrun for 02_sql_transform to None, run_after=None
[2026-07-10T15:27:29.819+0000] {processor.py:208} INFO - Processing /opt/airflow/dags/02_sql_transform.py took 0.124 seconds
[2026-07-10T15:27:59.988+0000] {processor.py:186} INFO - Started process (PID=4964) to work on /opt/airflow/dags/02_sql_transform.py
[2026-07-10T15:27:59.989+0000] {processor.py:914} INFO - Processing file /opt/airflow/dags/02_sql_transform.py for tasks to queue
[2026-07-10T15:27:59.993+0000] {logging_mixin.py:190} INFO - [2026-07-10T15:27:59.993+0000] {dagbag.py:588} INFO - Filling up the DagBag from /opt/airflow/dags/02_sql_transform.py
[2026-07-10T15:28:00.006+0000] {processor.py:925} INFO - DAG(s) '02_sql_transform' retrieved from /opt/airflow/dags/02_sql_transform.py
[2026-07-10T15:28:00.058+0000] {logging_mixin.py:190} INFO - [2026-07-10T15:28:00.057+0000] {dag.py:3239} INFO - Sync 1 DAGs
[2026-07-10T15:28:00.080+0000] {logging_mixin.py:190} INFO - [2026-07-10T15:28:00.080+0000] {dag.py:4180} INFO - Setting next_dagrun for 02_sql_transform to None, run_after=None
[2026-07-10T15:28:00.107+0000] {processor.py:208} INFO - Processing /opt/airflow/dags/02_sql_transform.py took 0.128 seconds
[2026-07-10T15:28:30.301+0000] {processor.py:186} INFO - Started process (PID=5014) to work on /opt/airflow/dags/02_sql_transform.py
[2026-07-10T15:28:30.302+0000] {processor.py:914} INFO - Processing file /opt/airflow/dags/02_sql_transform.py for tasks to queue
[2026-07-10T15:28:30.306+0000] {logging_mixin.py:190} INFO - [2026-07-10T15:28:30.305+0000] {dagbag.py:588} INFO - Filling up the DagBag from /opt/airflow/dags/02_sql_transform.py
[2026-07-10T15:28:30.324+0000] {processor.py:925} INFO - DAG(s) '02_sql_transform' retrieved from /opt/airflow/dags/02_sql_transform.py
[2026-07-10T15:28:30.376+0000] {logging_mixin.py:190} INFO - [2026-07-10T15:28:30.375+0000] {dag.py:3239} INFO - Sync 1 DAGs
[2026-07-10T15:28:30.398+0000] {logging_mixin.py:190} INFO - [2026-07-10T15:28:30.398+0000] {dag.py:4180} INFO - Setting next_dagrun for 02_sql_transform to None, run_after=None
[2026-07-10T15:28:30.422+0000] {processor.py:208} INFO - Processing /opt/airflow/dags/02_sql_transform.py took 0.134 seconds
[2026-07-10T15:29:00.941+0000] {processor.py:186} INFO - Started process (PID=5064) to work on /opt/airflow/dags/02_sql_transform.py
[2026-07-10T15:29:00.947+0000] {processor.py:914} INFO - Processing file /opt/airflow/dags/02_sql_transform.py for tasks to queue
[2026-07-10T15:29:00.957+0000] {logging_mixin.py:190} INFO - [2026-07-10T15:29:00.956+0000] {dagbag.py:588} INFO - Filling up the DagBag from /opt/airflow/dags/02_sql_transform.py
[2026-07-10T15:29:00.990+0000] {processor.py:925} INFO - DAG(s) '02_sql_transform' retrieved from /opt/airflow/dags/02_sql_transform.py
[2026-07-10T15:29:01.148+0000] {logging_mixin.py:190} INFO - [2026-07-10T15:29:01.147+0000] {dag.py:3239} INFO - Sync 1 DAGs
[2026-07-10T15:29:01.235+0000] {logging_mixin.py:190} INFO - [2026-07-10T15:29:01.235+0000] {dag.py:4180} INFO - Setting next_dagrun for 02_sql_transform to None, run_after=None
[2026-07-10T15:29:01.400+0000] {processor.py:208} INFO - Processing /opt/airflow/dags/02_sql_transform.py took 0.491 seconds
[2026-07-10T15:29:32.165+0000] {processor.py:186} INFO - Started process (PID=5114) to work on /opt/airflow/dags/02_sql_transform.py
[2026-07-10T15:29:32.170+0000] {processor.py:914} INFO - Processing file /opt/airflow/dags/02_sql_transform.py for tasks to queue
[2026-07-10T15:29:32.191+0000] {logging_mixin.py:190} INFO - [2026-07-10T15:29:32.190+0000] {dagbag.py:588} INFO - Filling up the DagBag from /opt/airflow/dags/02_sql_transform.py
[2026-07-10T15:29:32.205+0000] {processor.py:925} INFO - DAG(s) '02_sql_transform' retrieved from /opt/airflow/dags/02_sql_transform.py
[2026-07-10T15:29:32.260+0000] {logging_mixin.py:190} INFO - [2026-07-10T15:29:32.260+0000] {dag.py:3239} INFO - Sync 1 DAGs
[2026-07-10T15:29:32.287+0000] {logging_mixin.py:190} INFO - [2026-07-10T15:29:32.287+0000] {dag.py:4180} INFO - Setting next_dagrun for 02_sql_transform to None, run_after=None
[2026-07-10T15:29:32.335+0000] {processor.py:208} INFO - Processing /opt/airflow/dags/02_sql_transform.py took 0.196 seconds
[2026-07-10T15:30:02.450+0000] {processor.py:186} INFO - Started process (PID=5164) to work on /opt/airflow/dags/02_sql_transform.py
[2026-07-10T15:30:02.452+0000] {processor.py:914} INFO - Processing file /opt/airflow/dags/02_sql_transform.py for tasks to queue
[2026-07-10T15:30:02.458+0000] {logging_mixin.py:190} INFO - [2026-07-10T15:30:02.457+0000] {dagbag.py:588} INFO - Filling up the DagBag from /opt/airflow/dags/02_sql_transform.py
[2026-07-10T15:30:02.483+0000] {processor.py:925} INFO - DAG(s) '02_sql_transform' retrieved from /opt/airflow/dags/02_sql_transform.py
[2026-07-10T15:30:02.541+0000] {logging_mixin.py:190} INFO - [2026-07-10T15:30:02.541+0000] {dag.py:3239} INFO - Sync 1 DAGs
[2026-07-10T15:30:02.558+0000] {logging_mixin.py:190} INFO - [2026-07-10T15:30:02.558+0000] {dag.py:4180} INFO - Setting next_dagrun for 02_sql_transform to None, run_after=None
[2026-07-10T15:30:02.582+0000] {processor.py:208} INFO - Processing /opt/airflow/dags/02_sql_transform.py took 0.148 seconds
[2026-07-10T15:30:33.609+0000] {processor.py:186} INFO - Started process (PID=5214) to work on /opt/airflow/dags/02_sql_transform.py
[2026-07-10T15:30:33.611+0000] {processor.py:914} INFO - Processing file /opt/airflow/dags/02_sql_transform.py for tasks to queue
[2026-07-10T15:30:33.617+0000] {logging_mixin.py:190} INFO - [2026-07-10T15:30:33.616+0000] {dagbag.py:588} INFO - Filling up the DagBag from /opt/airflow/dags/02_sql_transform.py
[2026-07-10T15:30:33.635+0000] {processor.py:925} INFO - DAG(s) '02_sql_transform' retrieved from /opt/airflow/dags/02_sql_transform.py
[2026-07-10T15:30:33.705+0000] {logging_mixin.py:190} INFO - [2026-07-10T15:30:33.704+0000] {dag.py:3239} INFO - Sync 1 DAGs
[2026-07-10T15:30:33.725+0000] {logging_mixin.py:190} INFO - [2026-07-10T15:30:33.725+0000] {dag.py:4180} INFO - Setting next_dagrun for 02_sql_transform to None, run_after=None
[2026-07-10T15:30:33.749+0000] {processor.py:208} INFO - Processing /opt/airflow/dags/02_sql_transform.py took 0.157 seconds
[2026-07-10T15:31:03.926+0000] {processor.py:186} INFO - Started process (PID=5264) to work on /opt/airflow/dags/02_sql_transform.py
[2026-07-10T15:31:03.931+0000] {processor.py:914} INFO - Processing file /opt/airflow/dags/02_sql_transform.py for tasks to queue
[2026-07-10T15:31:03.941+0000] {logging_mixin.py:190} INFO - [2026-07-10T15:31:03.940+0000] {dagbag.py:588} INFO - Filling up the DagBag from /opt/airflow/dags/02_sql_transform.py
[2026-07-10T15:31:03.968+0000] {processor.py:925} INFO - DAG(s) '02_sql_transform' retrieved from /opt/airflow/dags/02_sql_transform.py
[2026-07-10T15:31:04.028+0000] {logging_mixin.py:190} INFO - [2026-07-10T15:31:04.028+0000] {dag.py:3239} INFO - Sync 1 DAGs
[2026-07-10T15:31:04.047+0000] {logging_mixin.py:190} INFO - [2026-07-10T15:31:04.047+0000] {dag.py:4180} INFO - Setting next_dagrun for 02_sql_transform to None, run_after=None
[2026-07-10T15:31:04.074+0000] {processor.py:208} INFO - Processing /opt/airflow/dags/02_sql_transform.py took 0.174 seconds
[2026-07-10T15:31:34.149+0000] {processor.py:186} INFO - Started process (PID=5314) to work on /opt/airflow/dags/02_sql_transform.py
[2026-07-10T15:31:34.152+0000] {processor.py:914} INFO - Processing file /opt/airflow/dags/02_sql_transform.py for tasks to queue
[2026-07-10T15:31:34.156+0000] {logging_mixin.py:190} INFO - [2026-07-10T15:31:34.156+0000] {dagbag.py:588} INFO - Filling up the DagBag from /opt/airflow/dags/02_sql_transform.py
[2026-07-10T15:31:34.177+0000] {processor.py:925} INFO - DAG(s) '02_sql_transform' retrieved from /opt/airflow/dags/02_sql_transform.py
[2026-07-10T15:31:34.258+0000] {logging_mixin.py:190} INFO - [2026-07-10T15:31:34.258+0000] {dag.py:3239} INFO - Sync 1 DAGs
[2026-07-10T15:31:34.303+0000] {logging_mixin.py:190} INFO - [2026-07-10T15:31:34.302+0000] {dag.py:4180} INFO - Setting next_dagrun for 02_sql_transform to None, run_after=None
[2026-07-10T15:31:34.349+0000] {processor.py:208} INFO - Processing /opt/airflow/dags/02_sql_transform.py took 0.213 seconds
[2026-07-10T15:32:04.813+0000] {processor.py:186} INFO - Started process (PID=5364) to work on /opt/airflow/dags/02_sql_transform.py
[2026-07-10T15:32:04.818+0000] {processor.py:914} INFO - Processing file /opt/airflow/dags/02_sql_transform.py for tasks to queue
[2026-07-10T15:32:04.824+0000] {logging_mixin.py:190} INFO - [2026-07-10T15:32:04.824+0000] {dagbag.py:588} INFO - Filling up the DagBag from /opt/airflow/dags/02_sql_transform.py
[2026-07-10T15:32:04.841+0000] {processor.py:925} INFO - DAG(s) '02_sql_transform' retrieved from /opt/airflow/dags/02_sql_transform.py
[2026-07-10T15:32:04.908+0000] {logging_mixin.py:190} INFO - [2026-07-10T15:32:04.908+0000] {dag.py:3239} INFO - Sync 1 DAGs
[2026-07-10T15:32:04.941+0000] {logging_mixin.py:190} INFO - [2026-07-10T15:32:04.940+0000] {dag.py:4180} INFO - Setting next_dagrun for 02_sql_transform to None, run_after=None
[2026-07-10T15:32:04.979+0000] {processor.py:208} INFO - Processing /opt/airflow/dags/02_sql_transform.py took 0.180 seconds
[2026-07-10T15:32:35.160+0000] {processor.py:186} INFO - Started process (PID=5414) to work on /opt/airflow/dags/02_sql_transform.py
[2026-07-10T15:32:35.162+0000] {processor.py:914} INFO - Processing file /opt/airflow/dags/02_sql_transform.py for tasks to queue
[2026-07-10T15:32:35.170+0000] {logging_mixin.py:190} INFO - [2026-07-10T15:32:35.168+0000] {dagbag.py:588} INFO - Filling up the DagBag from /opt/airflow/dags/02_sql_transform.py
[2026-07-10T15:32:35.192+0000] {processor.py:925} INFO - DAG(s) '02_sql_transform' retrieved from /opt/airflow/dags/02_sql_transform.py
[2026-07-10T15:32:35.281+0000] {logging_mixin.py:190} INFO - [2026-07-10T15:32:35.281+0000] {dag.py:3239} INFO - Sync 1 DAGs
[2026-07-10T15:32:35.321+0000] {logging_mixin.py:190} INFO - [2026-07-10T15:32:35.320+0000] {dag.py:4180} INFO - Setting next_dagrun for 02_sql_transform to None, run_after=None
[2026-07-10T15:32:35.363+0000] {processor.py:208} INFO - Processing /opt/airflow/dags/02_sql_transform.py took 0.213 seconds
[2026-07-10T15:33:05.612+0000] {processor.py:186} INFO - Started process (PID=5464) to work on /opt/airflow/dags/02_sql_transform.py
[2026-07-10T15:33:05.613+0000] {processor.py:914} INFO - Processing file /opt/airflow/dags/02_sql_transform.py for tasks to queue
[2026-07-10T15:33:05.616+0000] {logging_mixin.py:190} INFO - [2026-07-10T15:33:05.615+0000] {dagbag.py:588} INFO - Filling up the DagBag from /opt/airflow/dags/02_sql_transform.py
[2026-07-10T15:33:05.629+0000] {processor.py:925} INFO - DAG(s) '02_sql_transform' retrieved from /opt/airflow/dags/02_sql_transform.py
[2026-07-10T15:33:05.678+0000] {logging_mixin.py:190} INFO - [2026-07-10T15:33:05.678+0000] {dag.py:3239} INFO - Sync 1 DAGs
[2026-07-10T15:33:05.713+0000] {logging_mixin.py:190} INFO - [2026-07-10T15:33:05.713+0000] {dag.py:4180} INFO - Setting next_dagrun for 02_sql_transform to None, run_after=None
[2026-07-10T15:33:05.749+0000] {processor.py:208} INFO - Processing /opt/airflow/dags/02_sql_transform.py took 0.145 seconds
[2026-07-10T15:33:35.869+0000] {processor.py:186} INFO - Started process (PID=5514) to work on /opt/airflow/dags/02_sql_transform.py
[2026-07-10T15:33:35.875+0000] {processor.py:914} INFO - Processing file /opt/airflow/dags/02_sql_transform.py for tasks to queue
[2026-07-10T15:33:35.883+0000] {logging_mixin.py:190} INFO - [2026-07-10T15:33:35.882+0000] {dagbag.py:588} INFO - Filling up the DagBag from /opt/airflow/dags/02_sql_transform.py
[2026-07-10T15:33:35.915+0000] {processor.py:925} INFO - DAG(s) '02_sql_transform' retrieved from /opt/airflow/dags/02_sql_transform.py
[2026-07-10T15:33:35.975+0000] {logging_mixin.py:190} INFO - [2026-07-10T15:33:35.975+0000] {dag.py:3239} INFO - Sync 1 DAGs
[2026-07-10T15:33:35.999+0000] {logging_mixin.py:190} INFO - [2026-07-10T15:33:35.999+0000] {dag.py:4180} INFO - Setting next_dagrun for 02_sql_transform to None, run_after=None
[2026-07-10T15:33:36.031+0000] {processor.py:208} INFO - Processing /opt/airflow/dags/02_sql_transform.py took 0.187 seconds
[2026-07-10T15:34:06.371+0000] {processor.py:186} INFO - Started process (PID=5564) to work on /opt/airflow/dags/02_sql_transform.py
[2026-07-10T15:34:06.372+0000] {processor.py:914} INFO - Processing file /opt/airflow/dags/02_sql_transform.py for tasks to queue
[2026-07-10T15:34:06.376+0000] {logging_mixin.py:190} INFO - [2026-07-10T15:34:06.376+0000] {dagbag.py:588} INFO - Filling up the DagBag from /opt/airflow/dags/02_sql_transform.py
[2026-07-10T15:34:06.393+0000] {processor.py:925} INFO - DAG(s) '02_sql_transform' retrieved from /opt/airflow/dags/02_sql_transform.py
[2026-07-10T15:34:06.468+0000] {logging_mixin.py:190} INFO - [2026-07-10T15:34:06.468+0000] {dag.py:3239} INFO - Sync 1 DAGs
[2026-07-10T15:34:06.495+0000] {logging_mixin.py:190} INFO - [2026-07-10T15:34:06.494+0000] {dag.py:4180} INFO - Setting next_dagrun for 02_sql_transform to None, run_after=None
[2026-07-10T15:34:06.531+0000] {processor.py:208} INFO - Processing /opt/airflow/dags/02_sql_transform.py took 0.188 seconds
[2026-07-10T15:34:36.609+0000] {processor.py:186} INFO - Started process (PID=5614) to work on /opt/airflow/dags/02_sql_transform.py
[2026-07-10T15:34:36.612+0000] {processor.py:914} INFO - Processing file /opt/airflow/dags/02_sql_transform.py for tasks to queue
[2026-07-10T15:34:36.616+0000] {logging_mixin.py:190} INFO - [2026-07-10T15:34:36.615+0000] {dagbag.py:588} INFO - Filling up the DagBag from /opt/airflow/dags/02_sql_transform.py
[2026-07-10T15:34:36.628+0000] {processor.py:925} INFO - DAG(s) '02_sql_transform' retrieved from /opt/airflow/dags/02_sql_transform.py
[2026-07-10T15:34:36.693+0000] {logging_mixin.py:190} INFO - [2026-07-10T15:34:36.692+0000] {dag.py:3239} INFO - Sync 1 DAGs
[2026-07-10T15:34:36.716+0000] {logging_mixin.py:190} INFO - [2026-07-10T15:34:36.716+0000] {dag.py:4180} INFO - Setting next_dagrun for 02_sql_transform to None, run_after=None
[2026-07-10T15:34:36.750+0000] {processor.py:208} INFO - Processing /opt/airflow/dags/02_sql_transform.py took 0.152 seconds
[2026-07-10T15:35:06.843+0000] {processor.py:186} INFO - Started process (PID=5664) to work on /opt/airflow/dags/02_sql_transform.py
[2026-07-10T15:35:06.844+0000] {processor.py:914} INFO - Processing file /opt/airflow/dags/02_sql_transform.py for tasks to queue
[2026-07-10T15:35:06.849+0000] {logging_mixin.py:190} INFO - [2026-07-10T15:35:06.848+0000] {dagbag.py:588} INFO - Filling up the DagBag from /opt/airflow/dags/02_sql_transform.py
[2026-07-10T15:35:06.862+0000] {processor.py:925} INFO - DAG(s) '02_sql_transform' retrieved from /opt/airflow/dags/02_sql_transform.py
[2026-07-10T15:35:06.918+0000] {logging_mixin.py:190} INFO - [2026-07-10T15:35:06.917+0000] {dag.py:3239} INFO - Sync 1 DAGs
[2026-07-10T15:35:06.938+0000] {logging_mixin.py:190} INFO - [2026-07-10T15:35:06.938+0000] {dag.py:4180} INFO - Setting next_dagrun for 02_sql_transform to None, run_after=None
[2026-07-10T15:35:06.980+0000] {processor.py:208} INFO - Processing /opt/airflow/dags/02_sql_transform.py took 0.146 seconds
[2026-07-10T15:35:37.252+0000] {processor.py:186} INFO - Started process (PID=5714) to work on /opt/airflow/dags/02_sql_transform.py
[2026-07-10T15:35:37.254+0000] {processor.py:914} INFO - Processing file /opt/airflow/dags/02_sql_transform.py for tasks to queue
[2026-07-10T15:35:37.258+0000] {logging_mixin.py:190} INFO - [2026-07-10T15:35:37.257+0000] {dagbag.py:588} INFO - Filling up the DagBag from /opt/airflow/dags/02_sql_transform.py
[2026-07-10T15:35:37.284+0000] {processor.py:925} INFO - DAG(s) '02_sql_transform' retrieved from /opt/airflow/dags/02_sql_transform.py
[2026-07-10T15:35:37.332+0000] {logging_mixin.py:190} INFO - [2026-07-10T15:35:37.332+0000] {dag.py:3239} INFO - Sync 1 DAGs
[2026-07-10T15:35:37.353+0000] {logging_mixin.py:190} INFO - [2026-07-10T15:35:37.353+0000] {dag.py:4180} INFO - Setting next_dagrun for 02_sql_transform to None, run_after=None
[2026-07-10T15:35:37.383+0000] {processor.py:208} INFO - Processing /opt/airflow/dags/02_sql_transform.py took 0.144 seconds
[2026-07-10T15:36:07.519+0000] {processor.py:186} INFO - Started process (PID=5764) to work on /opt/airflow/dags/02_sql_transform.py
[2026-07-10T15:36:07.520+0000] {processor.py:914} INFO - Processing file /opt/airflow/dags/02_sql_transform.py for tasks to queue
[2026-07-10T15:36:07.524+0000] {logging_mixin.py:190} INFO - [2026-07-10T15:36:07.523+0000] {dagbag.py:588} INFO - Filling up the DagBag from /opt/airflow/dags/02_sql_transform.py
[2026-07-10T15:36:07.540+0000] {processor.py:925} INFO - DAG(s) '02_sql_transform' retrieved from /opt/airflow/dags/02_sql_transform.py
[2026-07-10T15:36:07.618+0000] {logging_mixin.py:190} INFO - [2026-07-10T15:36:07.618+0000] {dag.py:3239} INFO - Sync 1 DAGs
[2026-07-10T15:36:07.643+0000] {logging_mixin.py:190} INFO - [2026-07-10T15:36:07.643+0000] {dag.py:4180} INFO - Setting next_dagrun for 02_sql_transform to None, run_after=None
[2026-07-10T15:36:07.682+0000] {processor.py:208} INFO - Processing /opt/airflow/dags/02_sql_transform.py took 0.176 seconds
[2026-07-10T15:36:37.762+0000] {processor.py:186} INFO - Started process (PID=5814) to work on /opt/airflow/dags/02_sql_transform.py
[2026-07-10T15:36:37.766+0000] {processor.py:914} INFO - Processing file /opt/airflow/dags/02_sql_transform.py for tasks to queue
[2026-07-10T15:36:37.771+0000] {logging_mixin.py:190} INFO - [2026-07-10T15:36:37.770+0000] {dagbag.py:588} INFO - Filling up the DagBag from /opt/airflow/dags/02_sql_transform.py
[2026-07-10T15:36:37.789+0000] {processor.py:925} INFO - DAG(s) '02_sql_transform' retrieved from /opt/airflow/dags/02_sql_transform.py
[2026-07-10T15:36:37.861+0000] {logging_mixin.py:190} INFO - [2026-07-10T15:36:37.860+0000] {dag.py:3239} INFO - Sync 1 DAGs
[2026-07-10T15:36:37.892+0000] {logging_mixin.py:190} INFO - [2026-07-10T15:36:37.891+0000] {dag.py:4180} INFO - Setting next_dagrun for 02_sql_transform to None, run_after=None
[2026-07-10T15:36:37.925+0000] {processor.py:208} INFO - Processing /opt/airflow/dags/02_sql_transform.py took 0.176 seconds
[2026-07-10T15:37:08.141+0000] {processor.py:186} INFO - Started process (PID=5869) to work on /opt/airflow/dags/02_sql_transform.py
[2026-07-10T15:37:08.143+0000] {processor.py:914} INFO - Processing file /opt/airflow/dags/02_sql_transform.py for tasks to queue
[2026-07-10T15:37:08.148+0000] {logging_mixin.py:190} INFO - [2026-07-10T15:37:08.147+0000] {dagbag.py:588} INFO - Filling up the DagBag from /opt/airflow/dags/02_sql_transform.py
[2026-07-10T15:37:08.168+0000] {processor.py:925} INFO - DAG(s) '02_sql_transform' retrieved from /opt/airflow/dags/02_sql_transform.py
[2026-07-10T15:37:08.237+0000] {logging_mixin.py:190} INFO - [2026-07-10T15:37:08.237+0000] {dag.py:3239} INFO - Sync 1 DAGs
[2026-07-10T15:37:08.261+0000] {logging_mixin.py:190} INFO - [2026-07-10T15:37:08.261+0000] {dag.py:4180} INFO - Setting next_dagrun for 02_sql_transform to None, run_after=None
[2026-07-10T15:37:08.289+0000] {processor.py:208} INFO - Processing /opt/airflow/dags/02_sql_transform.py took 0.162 seconds
[2026-07-10T15:37:38.440+0000] {processor.py:186} INFO - Started process (PID=5914) to work on /opt/airflow/dags/02_sql_transform.py
[2026-07-10T15:37:38.442+0000] {processor.py:914} INFO - Processing file /opt/airflow/dags/02_sql_transform.py for tasks to queue
[2026-07-10T15:37:38.447+0000] {logging_mixin.py:190} INFO - [2026-07-10T15:37:38.446+0000] {dagbag.py:588} INFO - Filling up the DagBag from /opt/airflow/dags/02_sql_transform.py
[2026-07-10T15:37:38.462+0000] {processor.py:925} INFO - DAG(s) '02_sql_transform' retrieved from /opt/airflow/dags/02_sql_transform.py
[2026-07-10T15:37:38.518+0000] {logging_mixin.py:190} INFO - [2026-07-10T15:37:38.517+0000] {dag.py:3239} INFO - Sync 1 DAGs
[2026-07-10T15:37:38.560+0000] {logging_mixin.py:190} INFO - [2026-07-10T15:37:38.560+0000] {dag.py:4180} INFO - Setting next_dagrun for 02_sql_transform to None, run_after=None
[2026-07-10T15:37:38.600+0000] {processor.py:208} INFO - Processing /opt/airflow/dags/02_sql_transform.py took 0.170 seconds
[2026-07-10T15:38:08.859+0000] {processor.py:186} INFO - Started process (PID=5964) to work on /opt/airflow/dags/02_sql_transform.py
[2026-07-10T15:38:08.861+0000] {processor.py:914} INFO - Processing file /opt/airflow/dags/02_sql_transform.py for tasks to queue
[2026-07-10T15:38:08.865+0000] {logging_mixin.py:190} INFO - [2026-07-10T15:38:08.864+0000] {dagbag.py:588} INFO - Filling up the DagBag from /opt/airflow/dags/02_sql_transform.py
[2026-07-10T15:38:08.887+0000] {processor.py:925} INFO - DAG(s) '02_sql_transform' retrieved from /opt/airflow/dags/02_sql_transform.py
[2026-07-10T15:38:08.958+0000] {logging_mixin.py:190} INFO - [2026-07-10T15:38:08.957+0000] {dag.py:3239} INFO - Sync 1 DAGs
[2026-07-10T15:38:08.992+0000] {logging_mixin.py:190} INFO - [2026-07-10T15:38:08.991+0000] {dag.py:4180} INFO - Setting next_dagrun for 02_sql_transform to None, run_after=None
[2026-07-10T15:38:09.026+0000] {processor.py:208} INFO - Processing /opt/airflow/dags/02_sql_transform.py took 0.181 seconds
[2026-07-10T15:38:39.155+0000] {processor.py:186} INFO - Started process (PID=6014) to work on /opt/airflow/dags/02_sql_transform.py
[2026-07-10T15:38:39.157+0000] {processor.py:914} INFO - Processing file /opt/airflow/dags/02_sql_transform.py for tasks to queue
[2026-07-10T15:38:39.161+0000] {logging_mixin.py:190} INFO - [2026-07-10T15:38:39.160+0000] {dagbag.py:588} INFO - Filling up the DagBag from /opt/airflow/dags/02_sql_transform.py
[2026-07-10T15:38:39.173+0000] {processor.py:925} INFO - DAG(s) '02_sql_transform' retrieved from /opt/airflow/dags/02_sql_transform.py
[2026-07-10T15:38:39.232+0000] {logging_mixin.py:190} INFO - [2026-07-10T15:38:39.231+0000] {dag.py:3239} INFO - Sync 1 DAGs
[2026-07-10T15:38:39.266+0000] {logging_mixin.py:190} INFO - [2026-07-10T15:38:39.266+0000] {dag.py:4180} INFO - Setting next_dagrun for 02_sql_transform to None, run_after=None
[2026-07-10T15:38:39.302+0000] {processor.py:208} INFO - Processing /opt/airflow/dags/02_sql_transform.py took 0.156 seconds
[2026-07-10T15:39:09.440+0000] {processor.py:186} INFO - Started process (PID=6064) to work on /opt/airflow/dags/02_sql_transform.py
[2026-07-10T15:39:09.445+0000] {processor.py:914} INFO - Processing file /opt/airflow/dags/02_sql_transform.py for tasks to queue
[2026-07-10T15:39:09.452+0000] {logging_mixin.py:190} INFO - [2026-07-10T15:39:09.449+0000] {dagbag.py:588} INFO - Filling up the DagBag from /opt/airflow/dags/02_sql_transform.py
[2026-07-10T15:39:09.473+0000] {processor.py:925} INFO - DAG(s) '02_sql_transform' retrieved from /opt/airflow/dags/02_sql_transform.py
[2026-07-10T15:39:09.554+0000] {logging_mixin.py:190} INFO - [2026-07-10T15:39:09.553+0000] {dag.py:3239} INFO - Sync 1 DAGs
[2026-07-10T15:39:09.583+0000] {logging_mixin.py:190} INFO - [2026-07-10T15:39:09.582+0000] {dag.py:4180} INFO - Setting next_dagrun for 02_sql_transform to None, run_after=None
[2026-07-10T15:39:09.608+0000] {processor.py:208} INFO - Processing /opt/airflow/dags/02_sql_transform.py took 0.187 seconds
[2026-07-10T15:39:39.759+0000] {processor.py:186} INFO - Started process (PID=6114) to work on /opt/airflow/dags/02_sql_transform.py
[2026-07-10T15:39:39.761+0000] {processor.py:914} INFO - Processing file /opt/airflow/dags/02_sql_transform.py for tasks to queue
[2026-07-10T15:39:39.767+0000] {logging_mixin.py:190} INFO - [2026-07-10T15:39:39.766+0000] {dagbag.py:588} INFO - Filling up the DagBag from /opt/airflow/dags/02_sql_transform.py
[2026-07-10T15:39:39.788+0000] {processor.py:925} INFO - DAG(s) '02_sql_transform' retrieved from /opt/airflow/dags/02_sql_transform.py
[2026-07-10T15:39:39.850+0000] {logging_mixin.py:190} INFO - [2026-07-10T15:39:39.849+0000] {dag.py:3239} INFO - Sync 1 DAGs
[2026-07-10T15:39:39.872+0000] {logging_mixin.py:190} INFO - [2026-07-10T15:39:39.871+0000] {dag.py:4180} INFO - Setting next_dagrun for 02_sql_transform to None, run_after=None
[2026-07-10T15:39:39.903+0000] {processor.py:208} INFO - Processing /opt/airflow/dags/02_sql_transform.py took 0.177 seconds
[2026-07-10T15:40:10.124+0000] {processor.py:186} INFO - Started process (PID=6164) to work on /opt/airflow/dags/02_sql_transform.py
[2026-07-10T15:40:10.128+0000] {processor.py:914} INFO - Processing file /opt/airflow/dags/02_sql_transform.py for tasks to queue
[2026-07-10T15:40:10.135+0000] {logging_mixin.py:190} INFO - [2026-07-10T15:40:10.134+0000] {dagbag.py:588} INFO - Filling up the DagBag from /opt/airflow/dags/02_sql_transform.py
[2026-07-10T15:40:10.154+0000] {processor.py:925} INFO - DAG(s) '02_sql_transform' retrieved from /opt/airflow/dags/02_sql_transform.py
[2026-07-10T15:40:10.220+0000] {logging_mixin.py:190} INFO - [2026-07-10T15:40:10.220+0000] {dag.py:3239} INFO - Sync 1 DAGs
[2026-07-10T15:40:10.253+0000] {logging_mixin.py:190} INFO - [2026-07-10T15:40:10.253+0000] {dag.py:4180} INFO - Setting next_dagrun for 02_sql_transform to None, run_after=None
[2026-07-10T15:40:10.292+0000] {processor.py:208} INFO - Processing /opt/airflow/dags/02_sql_transform.py took 0.179 seconds
[2026-07-10T15:40:40.375+0000] {processor.py:186} INFO - Started process (PID=6214) to work on /opt/airflow/dags/02_sql_transform.py
[2026-07-10T15:40:40.376+0000] {processor.py:914} INFO - Processing file /opt/airflow/dags/02_sql_transform.py for tasks to queue
[2026-07-10T15:40:40.381+0000] {logging_mixin.py:190} INFO - [2026-07-10T15:40:40.380+0000] {dagbag.py:588} INFO - Filling up the DagBag from /opt/airflow/dags/02_sql_transform.py
[2026-07-10T15:40:40.393+0000] {processor.py:925} INFO - DAG(s) '02_sql_transform' retrieved from /opt/airflow/dags/02_sql_transform.py
[2026-07-10T15:40:40.443+0000] {logging_mixin.py:190} INFO - [2026-07-10T15:40:40.442+0000] {dag.py:3239} INFO - Sync 1 DAGs
[2026-07-10T15:40:40.467+0000] {logging_mixin.py:190} INFO - [2026-07-10T15:40:40.467+0000] {dag.py:4180} INFO - Setting next_dagrun for 02_sql_transform to None, run_after=None
[2026-07-10T15:40:40.495+0000] {processor.py:208} INFO - Processing /opt/airflow/dags/02_sql_transform.py took 0.128 seconds
[2026-07-10T15:41:10.702+0000] {processor.py:186} INFO - Started process (PID=6264) to work on /opt/airflow/dags/02_sql_transform.py
[2026-07-10T15:41:10.706+0000] {processor.py:914} INFO - Processing file /opt/airflow/dags/02_sql_transform.py for tasks to queue
[2026-07-10T15:41:10.712+0000] {logging_mixin.py:190} INFO - [2026-07-10T15:41:10.711+0000] {dagbag.py:588} INFO - Filling up the DagBag from /opt/airflow/dags/02_sql_transform.py
[2026-07-10T15:41:10.738+0000] {processor.py:925} INFO - DAG(s) '02_sql_transform' retrieved from /opt/airflow/dags/02_sql_transform.py
[2026-07-10T15:41:10.803+0000] {logging_mixin.py:190} INFO - [2026-07-10T15:41:10.802+0000] {dag.py:3239} INFO - Sync 1 DAGs
[2026-07-10T15:41:10.837+0000] {logging_mixin.py:190} INFO - [2026-07-10T15:41:10.836+0000] {dag.py:4180} INFO - Setting next_dagrun for 02_sql_transform to None, run_after=None
[2026-07-10T15:41:10.877+0000] {processor.py:208} INFO - Processing /opt/airflow/dags/02_sql_transform.py took 0.199 seconds
[2026-07-10T15:41:40.997+0000] {processor.py:186} INFO - Started process (PID=6314) to work on /opt/airflow/dags/02_sql_transform.py
[2026-07-10T15:41:40.999+0000] {processor.py:914} INFO - Processing file /opt/airflow/dags/02_sql_transform.py for tasks to queue
[2026-07-10T15:41:41.006+0000] {logging_mixin.py:190} INFO - [2026-07-10T15:41:41.005+0000] {dagbag.py:588} INFO - Filling up the DagBag from /opt/airflow/dags/02_sql_transform.py
[2026-07-10T15:41:41.032+0000] {processor.py:925} INFO - DAG(s) '02_sql_transform' retrieved from /opt/airflow/dags/02_sql_transform.py
[2026-07-10T15:41:41.091+0000] {logging_mixin.py:190} INFO - [2026-07-10T15:41:41.091+0000] {dag.py:3239} INFO - Sync 1 DAGs
[2026-07-10T15:41:41.111+0000] {logging_mixin.py:190} INFO - [2026-07-10T15:41:41.111+0000] {dag.py:4180} INFO - Setting next_dagrun for 02_sql_transform to None, run_after=None
[2026-07-10T15:41:41.134+0000] {processor.py:208} INFO - Processing /opt/airflow/dags/02_sql_transform.py took 0.167 seconds
[2026-07-10T15:42:11.191+0000] {processor.py:186} INFO - Started process (PID=6364) to work on /opt/airflow/dags/02_sql_transform.py
[2026-07-10T15:42:11.193+0000] {processor.py:914} INFO - Processing file /opt/airflow/dags/02_sql_transform.py for tasks to queue
[2026-07-10T15:42:11.196+0000] {logging_mixin.py:190} INFO - [2026-07-10T15:42:11.196+0000] {dagbag.py:588} INFO - Filling up the DagBag from /opt/airflow/dags/02_sql_transform.py
[2026-07-10T15:42:11.213+0000] {processor.py:925} INFO - DAG(s) '02_sql_transform' retrieved from /opt/airflow/dags/02_sql_transform.py
[2026-07-10T15:42:11.289+0000] {logging_mixin.py:190} INFO - [2026-07-10T15:42:11.289+0000] {dag.py:3239} INFO - Sync 1 DAGs
[2026-07-10T15:42:11.323+0000] {logging_mixin.py:190} INFO - [2026-07-10T15:42:11.322+0000] {dag.py:4180} INFO - Setting next_dagrun for 02_sql_transform to None, run_after=None
[2026-07-10T15:42:11.358+0000] {processor.py:208} INFO - Processing /opt/airflow/dags/02_sql_transform.py took 0.179 seconds
[2026-07-10T15:42:41.449+0000] {processor.py:186} INFO - Started process (PID=6414) to work on /opt/airflow/dags/02_sql_transform.py
[2026-07-10T15:42:41.451+0000] {processor.py:914} INFO - Processing file /opt/airflow/dags/02_sql_transform.py for tasks to queue
[2026-07-10T15:42:41.456+0000] {logging_mixin.py:190} INFO - [2026-07-10T15:42:41.455+0000] {dagbag.py:588} INFO - Filling up the DagBag from /opt/airflow/dags/02_sql_transform.py
[2026-07-10T15:42:41.470+0000] {processor.py:925} INFO - DAG(s) '02_sql_transform' retrieved from /opt/airflow/dags/02_sql_transform.py
[2026-07-10T15:42:41.531+0000] {logging_mixin.py:190} INFO - [2026-07-10T15:42:41.531+0000] {dag.py:3239} INFO - Sync 1 DAGs
[2026-07-10T15:42:41.560+0000] {logging_mixin.py:190} INFO - [2026-07-10T15:42:41.559+0000] {dag.py:4180} INFO - Setting next_dagrun for 02_sql_transform to None, run_after=None
[2026-07-10T15:42:41.608+0000] {processor.py:208} INFO - Processing /opt/airflow/dags/02_sql_transform.py took 0.168 seconds
[2026-07-10T15:43:11.764+0000] {processor.py:186} INFO - Started process (PID=6464) to work on /opt/airflow/dags/02_sql_transform.py
[2026-07-10T15:43:11.768+0000] {processor.py:914} INFO - Processing file /opt/airflow/dags/02_sql_transform.py for tasks to queue
[2026-07-10T15:43:11.778+0000] {logging_mixin.py:190} INFO - [2026-07-10T15:43:11.777+0000] {dagbag.py:588} INFO - Filling up the DagBag from /opt/airflow/dags/02_sql_transform.py
[2026-07-10T15:43:11.802+0000] {processor.py:925} INFO - DAG(s) '02_sql_transform' retrieved from /opt/airflow/dags/02_sql_transform.py
[2026-07-10T15:43:11.847+0000] {logging_mixin.py:190} INFO - [2026-07-10T15:43:11.846+0000] {dag.py:3239} INFO - Sync 1 DAGs
[2026-07-10T15:43:11.865+0000] {logging_mixin.py:190} INFO - [2026-07-10T15:43:11.865+0000] {dag.py:4180} INFO - Setting next_dagrun for 02_sql_transform to None, run_after=None
[2026-07-10T15:43:11.894+0000] {processor.py:208} INFO - Processing /opt/airflow/dags/02_sql_transform.py took 0.161 seconds
[2026-07-10T15:43:42.078+0000] {processor.py:186} INFO - Started process (PID=6514) to work on /opt/airflow/dags/02_sql_transform.py
[2026-07-10T15:43:42.079+0000] {processor.py:914} INFO - Processing file /opt/airflow/dags/02_sql_transform.py for tasks to queue
[2026-07-10T15:43:42.082+0000] {logging_mixin.py:190} INFO - [2026-07-10T15:43:42.082+0000] {dagbag.py:588} INFO - Filling up the DagBag from /opt/airflow/dags/02_sql_transform.py
[2026-07-10T15:43:42.099+0000] {processor.py:925} INFO - DAG(s) '02_sql_transform' retrieved from /opt/airflow/dags/02_sql_transform.py
[2026-07-10T15:43:42.169+0000] {logging_mixin.py:190} INFO - [2026-07-10T15:43:42.169+0000] {dag.py:3239} INFO - Sync 1 DAGs
[2026-07-10T15:43:42.205+0000] {logging_mixin.py:190} INFO - [2026-07-10T15:43:42.204+0000] {dag.py:4180} INFO - Setting next_dagrun for 02_sql_transform to None, run_after=None
[2026-07-10T15:43:42.247+0000] {processor.py:208} INFO - Processing /opt/airflow/dags/02_sql_transform.py took 0.182 seconds
[2026-07-10T15:44:12.473+0000] {processor.py:186} INFO - Started process (PID=6564) to work on /opt/airflow/dags/02_sql_transform.py
[2026-07-10T15:44:12.477+0000] {processor.py:914} INFO - Processing file /opt/airflow/dags/02_sql_transform.py for tasks to queue
[2026-07-10T15:44:12.480+0000] {logging_mixin.py:190} INFO - [2026-07-10T15:44:12.480+0000] {dagbag.py:588} INFO - Filling up the DagBag from /opt/airflow/dags/02_sql_transform.py
[2026-07-10T15:44:12.498+0000] {processor.py:925} INFO - DAG(s) '02_sql_transform' retrieved from /opt/airflow/dags/02_sql_transform.py
[2026-07-10T15:44:12.544+0000] {logging_mixin.py:190} INFO - [2026-07-10T15:44:12.544+0000] {dag.py:3239} INFO - Sync 1 DAGs
[2026-07-10T15:44:12.572+0000] {logging_mixin.py:190} INFO - [2026-07-10T15:44:12.571+0000] {dag.py:4180} INFO - Setting next_dagrun for 02_sql_transform to None, run_after=None
[2026-07-10T15:44:12.599+0000] {processor.py:208} INFO - Processing /opt/airflow/dags/02_sql_transform.py took 0.134 seconds
[2026-07-10T15:44:42.804+0000] {processor.py:186} INFO - Started process (PID=6614) to work on /opt/airflow/dags/02_sql_transform.py
[2026-07-10T15:44:42.806+0000] {processor.py:914} INFO - Processing file /opt/airflow/dags/02_sql_transform.py for tasks to queue
[2026-07-10T15:44:42.815+0000] {logging_mixin.py:190} INFO - [2026-07-10T15:44:42.814+0000] {dagbag.py:588} INFO - Filling up the DagBag from /opt/airflow/dags/02_sql_transform.py
[2026-07-10T15:44:42.833+0000] {processor.py:925} INFO - DAG(s) '02_sql_transform' retrieved from /opt/airflow/dags/02_sql_transform.py
[2026-07-10T15:44:42.897+0000] {logging_mixin.py:190} INFO - [2026-07-10T15:44:42.896+0000] {dag.py:3239} INFO - Sync 1 DAGs
[2026-07-10T15:44:42.937+0000] {logging_mixin.py:190} INFO - [2026-07-10T15:44:42.937+0000] {dag.py:4180} INFO - Setting next_dagrun for 02_sql_transform to None, run_after=None
[2026-07-10T15:44:42.975+0000] {processor.py:208} INFO - Processing /opt/airflow/dags/02_sql_transform.py took 0.188 seconds
[2026-07-10T15:45:13.270+0000] {processor.py:186} INFO - Started process (PID=6664) to work on /opt/airflow/dags/02_sql_transform.py
[2026-07-10T15:45:13.271+0000] {processor.py:914} INFO - Processing file /opt/airflow/dags/02_sql_transform.py for tasks to queue
[2026-07-10T15:45:13.278+0000] {logging_mixin.py:190} INFO - [2026-07-10T15:45:13.276+0000] {dagbag.py:588} INFO - Filling up the DagBag from /opt/airflow/dags/02_sql_transform.py
[2026-07-10T15:45:13.296+0000] {processor.py:925} INFO - DAG(s) '02_sql_transform' retrieved from /opt/airflow/dags/02_sql_transform.py
[2026-07-10T15:45:13.372+0000] {logging_mixin.py:190} INFO - [2026-07-10T15:45:13.372+0000] {dag.py:3239} INFO - Sync 1 DAGs
[2026-07-10T15:45:13.402+0000] {logging_mixin.py:190} INFO - [2026-07-10T15:45:13.402+0000] {dag.py:4180} INFO - Setting next_dagrun for 02_sql_transform to None, run_after=None
[2026-07-10T15:45:13.441+0000] {processor.py:208} INFO - Processing /opt/airflow/dags/02_sql_transform.py took 0.187 seconds
[2026-07-10T15:45:43.702+0000] {processor.py:186} INFO - Started process (PID=6714) to work on /opt/airflow/dags/02_sql_transform.py
[2026-07-10T15:45:43.706+0000] {processor.py:914} INFO - Processing file /opt/airflow/dags/02_sql_transform.py for tasks to queue
[2026-07-10T15:45:43.710+0000] {logging_mixin.py:190} INFO - [2026-07-10T15:45:43.710+0000] {dagbag.py:588} INFO - Filling up the DagBag from /opt/airflow/dags/02_sql_transform.py
[2026-07-10T15:45:43.735+0000] {processor.py:925} INFO - DAG(s) '02_sql_transform' retrieved from /opt/airflow/dags/02_sql_transform.py
[2026-07-10T15:45:43.808+0000] {logging_mixin.py:190} INFO - [2026-07-10T15:45:43.808+0000] {dag.py:3239} INFO - Sync 1 DAGs
[2026-07-10T15:45:43.854+0000] {logging_mixin.py:190} INFO - [2026-07-10T15:45:43.853+0000] {dag.py:4180} INFO - Setting next_dagrun for 02_sql_transform to None, run_after=None
[2026-07-10T15:45:43.888+0000] {processor.py:208} INFO - Processing /opt/airflow/dags/02_sql_transform.py took 0.203 seconds
[2026-07-10T15:46:14.120+0000] {processor.py:186} INFO - Started process (PID=6764) to work on /opt/airflow/dags/02_sql_transform.py
[2026-07-10T15:46:14.121+0000] {processor.py:914} INFO - Processing file /opt/airflow/dags/02_sql_transform.py for tasks to queue
[2026-07-10T15:46:14.123+0000] {logging_mixin.py:190} INFO - [2026-07-10T15:46:14.123+0000] {dagbag.py:588} INFO - Filling up the DagBag from /opt/airflow/dags/02_sql_transform.py
[2026-07-10T15:46:14.138+0000] {processor.py:925} INFO - DAG(s) '02_sql_transform' retrieved from /opt/airflow/dags/02_sql_transform.py
[2026-07-10T15:46:14.189+0000] {logging_mixin.py:190} INFO - [2026-07-10T15:46:14.189+0000] {dag.py:3239} INFO - Sync 1 DAGs
[2026-07-10T15:46:14.219+0000] {logging_mixin.py:190} INFO - [2026-07-10T15:46:14.218+0000] {dag.py:4180} INFO - Setting next_dagrun for 02_sql_transform to None, run_after=None
[2026-07-10T15:46:14.245+0000] {processor.py:208} INFO - Processing /opt/airflow/dags/02_sql_transform.py took 0.139 seconds
[2026-07-10T15:46:44.394+0000] {processor.py:186} INFO - Started process (PID=6814) to work on /opt/airflow/dags/02_sql_transform.py
[2026-07-10T15:46:44.397+0000] {processor.py:914} INFO - Processing file /opt/airflow/dags/02_sql_transform.py for tasks to queue
[2026-07-10T15:46:44.403+0000] {logging_mixin.py:190} INFO - [2026-07-10T15:46:44.402+0000] {dagbag.py:588} INFO - Filling up the DagBag from /opt/airflow/dags/02_sql_transform.py
[2026-07-10T15:46:44.417+0000] {processor.py:925} INFO - DAG(s) '02_sql_transform' retrieved from /opt/airflow/dags/02_sql_transform.py
[2026-07-10T15:46:44.474+0000] {logging_mixin.py:190} INFO - [2026-07-10T15:46:44.474+0000] {dag.py:3239} INFO - Sync 1 DAGs
[2026-07-10T15:46:44.502+0000] {logging_mixin.py:190} INFO - [2026-07-10T15:46:44.502+0000] {dag.py:4180} INFO - Setting next_dagrun for 02_sql_transform to None, run_after=None
[2026-07-10T15:46:44.534+0000] {processor.py:208} INFO - Processing /opt/airflow/dags/02_sql_transform.py took 0.154 seconds
[2026-07-10T15:47:14.663+0000] {processor.py:186} INFO - Started process (PID=6864) to work on /opt/airflow/dags/02_sql_transform.py
[2026-07-10T15:47:14.664+0000] {processor.py:914} INFO - Processing file /opt/airflow/dags/02_sql_transform.py for tasks to queue
[2026-07-10T15:47:14.667+0000] {logging_mixin.py:190} INFO - [2026-07-10T15:47:14.667+0000] {dagbag.py:588} INFO - Filling up the DagBag from /opt/airflow/dags/02_sql_transform.py
[2026-07-10T15:47:14.690+0000] {processor.py:925} INFO - DAG(s) '02_sql_transform' retrieved from /opt/airflow/dags/02_sql_transform.py
[2026-07-10T15:47:14.803+0000] {logging_mixin.py:190} INFO - [2026-07-10T15:47:14.803+0000] {dag.py:3239} INFO - Sync 1 DAGs
[2026-07-10T15:47:14.881+0000] {logging_mixin.py:190} INFO - [2026-07-10T15:47:14.880+0000] {dag.py:4180} INFO - Setting next_dagrun for 02_sql_transform to None, run_after=None
[2026-07-10T15:47:15.024+0000] {processor.py:208} INFO - Processing /opt/airflow/dags/02_sql_transform.py took 0.374 seconds
[2026-07-10T16:29:30.648+0000] {processor.py:186} INFO - Started process (PID=191) to work on /opt/airflow/dags/02_sql_transform.py
[2026-07-10T16:29:30.651+0000] {processor.py:914} INFO - Processing file /opt/airflow/dags/02_sql_transform.py for tasks to queue
[2026-07-10T16:29:30.653+0000] {logging_mixin.py:190} INFO - [2026-07-10T16:29:30.653+0000] {dagbag.py:588} INFO - Filling up the DagBag from /opt/airflow/dags/02_sql_transform.py
[2026-07-10T16:29:30.665+0000] {processor.py:925} INFO - DAG(s) '02_sql_transform' retrieved from /opt/airflow/dags/02_sql_transform.py
[2026-07-10T16:29:30.863+0000] {logging_mixin.py:190} INFO - [2026-07-10T16:29:30.862+0000] {override.py:1911} INFO - Created Permission View: can delete on DAG:02_sql_transform
[2026-07-10T16:29:30.876+0000] {logging_mixin.py:190} INFO - [2026-07-10T16:29:30.876+0000] {override.py:1911} INFO - Created Permission View: can read on DAG:02_sql_transform
[2026-07-10T16:29:30.887+0000] {logging_mixin.py:190} INFO - [2026-07-10T16:29:30.887+0000] {override.py:1911} INFO - Created Permission View: can edit on DAG:02_sql_transform
[2026-07-10T16:29:30.899+0000] {logging_mixin.py:190} INFO - [2026-07-10T16:29:30.898+0000] {override.py:1911} INFO - Created Permission View: can delete on DAG Run:02_sql_transform
[2026-07-10T16:29:30.907+0000] {logging_mixin.py:190} INFO - [2026-07-10T16:29:30.907+0000] {override.py:1911} INFO - Created Permission View: can read on DAG Run:02_sql_transform
[2026-07-10T16:29:30.921+0000] {logging_mixin.py:190} INFO - [2026-07-10T16:29:30.921+0000] {override.py:1911} INFO - Created Permission View: can create on DAG Run:02_sql_transform
[2026-07-10T16:29:30.930+0000] {logging_mixin.py:190} INFO - [2026-07-10T16:29:30.929+0000] {override.py:1911} INFO - Created Permission View: menu access on DAG Run:02_sql_transform
[2026-07-10T16:29:30.931+0000] {logging_mixin.py:190} INFO - [2026-07-10T16:29:30.930+0000] {dag.py:3239} INFO - Sync 1 DAGs
[2026-07-10T16:29:30.951+0000] {logging_mixin.py:190} INFO - [2026-07-10T16:29:30.951+0000] {dag.py:3262} INFO - Creating ORM DAG for 02_sql_transform
[2026-07-10T16:29:30.952+0000] {logging_mixin.py:190} INFO - [2026-07-10T16:29:30.952+0000] {dag.py:4180} INFO - Setting next_dagrun for 02_sql_transform to None, run_after=None
[2026-07-10T16:29:30.975+0000] {processor.py:208} INFO - Processing /opt/airflow/dags/02_sql_transform.py took 0.338 seconds
[2026-07-10T16:30:01.656+0000] {processor.py:186} INFO - Started process (PID=243) to work on /opt/airflow/dags/02_sql_transform.py
[2026-07-10T16:30:01.657+0000] {processor.py:914} INFO - Processing file /opt/airflow/dags/02_sql_transform.py for tasks to queue
[2026-07-10T16:30:01.664+0000] {logging_mixin.py:190} INFO - [2026-07-10T16:30:01.664+0000] {dagbag.py:588} INFO - Filling up the DagBag from /opt/airflow/dags/02_sql_transform.py
[2026-07-10T16:30:01.691+0000] {processor.py:925} INFO - DAG(s) '02_sql_transform' retrieved from /opt/airflow/dags/02_sql_transform.py
[2026-07-10T16:30:01.797+0000] {logging_mixin.py:190} INFO - [2026-07-10T16:30:01.796+0000] {dag.py:3239} INFO - Sync 1 DAGs
[2026-07-10T16:30:01.832+0000] {logging_mixin.py:190} INFO - [2026-07-10T16:30:01.832+0000] {dag.py:4180} INFO - Setting next_dagrun for 02_sql_transform to None, run_after=None
[2026-07-10T16:30:01.867+0000] {processor.py:208} INFO - Processing /opt/airflow/dags/02_sql_transform.py took 0.221 seconds
[2026-07-10T16:30:31.979+0000] {processor.py:186} INFO - Started process (PID=291) to work on /opt/airflow/dags/02_sql_transform.py
[2026-07-10T16:30:31.981+0000] {processor.py:914} INFO - Processing file /opt/airflow/dags/02_sql_transform.py for tasks to queue
[2026-07-10T16:30:31.986+0000] {logging_mixin.py:190} INFO - [2026-07-10T16:30:31.985+0000] {dagbag.py:588} INFO - Filling up the DagBag from /opt/airflow/dags/02_sql_transform.py
[2026-07-10T16:30:32.031+0000] {processor.py:925} INFO - DAG(s) '02_sql_transform' retrieved from /opt/airflow/dags/02_sql_transform.py
[2026-07-10T16:30:32.152+0000] {logging_mixin.py:190} INFO - [2026-07-10T16:30:32.152+0000] {dag.py:3239} INFO - Sync 1 DAGs
[2026-07-10T16:30:32.182+0000] {logging_mixin.py:190} INFO - [2026-07-10T16:30:32.181+0000] {dag.py:4180} INFO - Setting next_dagrun for 02_sql_transform to None, run_after=None
[2026-07-10T16:30:32.214+0000] {processor.py:208} INFO - Processing /opt/airflow/dags/02_sql_transform.py took 0.253 seconds
[2026-07-10T16:31:02.699+0000] {processor.py:186} INFO - Started process (PID=352) to work on /opt/airflow/dags/02_sql_transform.py
[2026-07-10T16:31:02.700+0000] {processor.py:914} INFO - Processing file /opt/airflow/dags/02_sql_transform.py for tasks to queue
[2026-07-10T16:31:02.703+0000] {logging_mixin.py:190} INFO - [2026-07-10T16:31:02.703+0000] {dagbag.py:588} INFO - Filling up the DagBag from /opt/airflow/dags/02_sql_transform.py
[2026-07-10T16:31:02.714+0000] {processor.py:925} INFO - DAG(s) '02_sql_transform' retrieved from /opt/airflow/dags/02_sql_transform.py
[2026-07-10T16:31:02.754+0000] {logging_mixin.py:190} INFO - [2026-07-10T16:31:02.753+0000] {dag.py:3239} INFO - Sync 1 DAGs
[2026-07-10T16:31:02.771+0000] {logging_mixin.py:190} INFO - [2026-07-10T16:31:02.771+0000] {dag.py:4180} INFO - Setting next_dagrun for 02_sql_transform to None, run_after=None
[2026-07-10T16:31:02.798+0000] {processor.py:208} INFO - Processing /opt/airflow/dags/02_sql_transform.py took 0.111 seconds
[2026-07-10T16:31:32.958+0000] {processor.py:186} INFO - Started process (PID=402) to work on /opt/airflow/dags/02_sql_transform.py
[2026-07-10T16:31:32.960+0000] {processor.py:914} INFO - Processing file /opt/airflow/dags/02_sql_transform.py for tasks to queue
[2026-07-10T16:31:32.964+0000] {logging_mixin.py:190} INFO - [2026-07-10T16:31:32.964+0000] {dagbag.py:588} INFO - Filling up the DagBag from /opt/airflow/dags/02_sql_transform.py
[2026-07-10T16:31:32.981+0000] {processor.py:925} INFO - DAG(s) '02_sql_transform' retrieved from /opt/airflow/dags/02_sql_transform.py
[2026-07-10T16:31:33.056+0000] {logging_mixin.py:190} INFO - [2026-07-10T16:31:33.056+0000] {dag.py:3239} INFO - Sync 1 DAGs
[2026-07-10T16:31:33.091+0000] {logging_mixin.py:190} INFO - [2026-07-10T16:31:33.091+0000] {dag.py:4180} INFO - Setting next_dagrun for 02_sql_transform to None, run_after=None
[2026-07-10T16:31:33.120+0000] {processor.py:208} INFO - Processing /opt/airflow/dags/02_sql_transform.py took 0.174 seconds
[2026-07-10T16:32:05.432+0000] {processor.py:186} INFO - Started process (PID=454) to work on /opt/airflow/dags/02_sql_transform.py
[2026-07-10T16:32:05.433+0000] {processor.py:914} INFO - Processing file /opt/airflow/dags/02_sql_transform.py for tasks to queue
[2026-07-10T16:32:05.437+0000] {logging_mixin.py:190} INFO - [2026-07-10T16:32:05.436+0000] {dagbag.py:588} INFO - Filling up the DagBag from /opt/airflow/dags/02_sql_transform.py
[2026-07-10T16:32:05.450+0000] {processor.py:925} INFO - DAG(s) '02_sql_transform' retrieved from /opt/airflow/dags/02_sql_transform.py
[2026-07-10T16:32:05.497+0000] {logging_mixin.py:190} INFO - [2026-07-10T16:32:05.496+0000] {dag.py:3239} INFO - Sync 1 DAGs
[2026-07-10T16:32:05.719+0000] {logging_mixin.py:190} INFO - [2026-07-10T16:32:05.719+0000] {dag.py:4180} INFO - Setting next_dagrun for 02_sql_transform to None, run_after=None
[2026-07-10T16:32:05.741+0000] {processor.py:208} INFO - Processing /opt/airflow/dags/02_sql_transform.py took 0.321 seconds
[2026-07-10T16:32:35.841+0000] {processor.py:186} INFO - Started process (PID=504) to work on /opt/airflow/dags/02_sql_transform.py
[2026-07-10T16:32:35.843+0000] {processor.py:914} INFO - Processing file /opt/airflow/dags/02_sql_transform.py for tasks to queue
[2026-07-10T16:32:35.848+0000] {logging_mixin.py:190} INFO - [2026-07-10T16:32:35.847+0000] {dagbag.py:588} INFO - Filling up the DagBag from /opt/airflow/dags/02_sql_transform.py
[2026-07-10T16:32:35.870+0000] {processor.py:925} INFO - DAG(s) '02_sql_transform' retrieved from /opt/airflow/dags/02_sql_transform.py
[2026-07-10T16:32:35.926+0000] {logging_mixin.py:190} INFO - [2026-07-10T16:32:35.925+0000] {dag.py:3239} INFO - Sync 1 DAGs
[2026-07-10T16:32:35.945+0000] {logging_mixin.py:190} INFO - [2026-07-10T16:32:35.945+0000] {dag.py:4180} INFO - Setting next_dagrun for 02_sql_transform to None, run_after=None
[2026-07-10T16:32:35.974+0000] {processor.py:208} INFO - Processing /opt/airflow/dags/02_sql_transform.py took 0.150 seconds
[2026-07-10T16:33:07.105+0000] {processor.py:186} INFO - Started process (PID=552) to work on /opt/airflow/dags/02_sql_transform.py
[2026-07-10T16:33:07.106+0000] {processor.py:914} INFO - Processing file /opt/airflow/dags/02_sql_transform.py for tasks to queue
[2026-07-10T16:33:07.109+0000] {logging_mixin.py:190} INFO - [2026-07-10T16:33:07.108+0000] {dagbag.py:588} INFO - Filling up the DagBag from /opt/airflow/dags/02_sql_transform.py
[2026-07-10T16:33:07.120+0000] {processor.py:925} INFO - DAG(s) '02_sql_transform' retrieved from /opt/airflow/dags/02_sql_transform.py
[2026-07-10T16:33:07.159+0000] {logging_mixin.py:190} INFO - [2026-07-10T16:33:07.159+0000] {dag.py:3239} INFO - Sync 1 DAGs
[2026-07-10T16:33:07.358+0000] {logging_mixin.py:190} INFO - [2026-07-10T16:33:07.358+0000] {dag.py:4180} INFO - Setting next_dagrun for 02_sql_transform to None, run_after=None
[2026-07-10T16:33:07.378+0000] {processor.py:208} INFO - Processing /opt/airflow/dags/02_sql_transform.py took 0.282 seconds
[2026-07-10T16:33:37.473+0000] {processor.py:186} INFO - Started process (PID=602) to work on /opt/airflow/dags/02_sql_transform.py
[2026-07-10T16:33:37.474+0000] {processor.py:914} INFO - Processing file /opt/airflow/dags/02_sql_transform.py for tasks to queue
[2026-07-10T16:33:37.477+0000] {logging_mixin.py:190} INFO - [2026-07-10T16:33:37.477+0000] {dagbag.py:588} INFO - Filling up the DagBag from /opt/airflow/dags/02_sql_transform.py
[2026-07-10T16:33:37.488+0000] {processor.py:925} INFO - DAG(s) '02_sql_transform' retrieved from /opt/airflow/dags/02_sql_transform.py
[2026-07-10T16:33:37.528+0000] {logging_mixin.py:190} INFO - [2026-07-10T16:33:37.528+0000] {dag.py:3239} INFO - Sync 1 DAGs
[2026-07-10T16:33:37.545+0000] {logging_mixin.py:190} INFO - [2026-07-10T16:33:37.545+0000] {dag.py:4180} INFO - Setting next_dagrun for 02_sql_transform to None, run_after=None
[2026-07-10T16:33:37.565+0000] {processor.py:208} INFO - Processing /opt/airflow/dags/02_sql_transform.py took 0.100 seconds
[2026-07-10T16:34:07.855+0000] {processor.py:186} INFO - Started process (PID=654) to work on /opt/airflow/dags/02_sql_transform.py
[2026-07-10T16:34:07.856+0000] {processor.py:914} INFO - Processing file /opt/airflow/dags/02_sql_transform.py for tasks to queue
[2026-07-10T16:34:07.859+0000] {logging_mixin.py:190} INFO - [2026-07-10T16:34:07.858+0000] {dagbag.py:588} INFO - Filling up the DagBag from /opt/airflow/dags/02_sql_transform.py
[2026-07-10T16:34:07.870+0000] {processor.py:925} INFO - DAG(s) '02_sql_transform' retrieved from /opt/airflow/dags/02_sql_transform.py
[2026-07-10T16:34:07.909+0000] {logging_mixin.py:190} INFO - [2026-07-10T16:34:07.908+0000] {dag.py:3239} INFO - Sync 1 DAGs
[2026-07-10T16:34:07.927+0000] {logging_mixin.py:190} INFO - [2026-07-10T16:34:07.926+0000] {dag.py:4180} INFO - Setting next_dagrun for 02_sql_transform to None, run_after=None
[2026-07-10T16:34:07.948+0000] {processor.py:208} INFO - Processing /opt/airflow/dags/02_sql_transform.py took 0.101 seconds
[2026-07-10T16:34:38.395+0000] {processor.py:186} INFO - Started process (PID=702) to work on /opt/airflow/dags/02_sql_transform.py
[2026-07-10T16:34:38.397+0000] {processor.py:914} INFO - Processing file /opt/airflow/dags/02_sql_transform.py for tasks to queue
[2026-07-10T16:34:38.401+0000] {logging_mixin.py:190} INFO - [2026-07-10T16:34:38.400+0000] {dagbag.py:588} INFO - Filling up the DagBag from /opt/airflow/dags/02_sql_transform.py
[2026-07-10T16:34:38.422+0000] {processor.py:925} INFO - DAG(s) '02_sql_transform' retrieved from /opt/airflow/dags/02_sql_transform.py
[2026-07-10T16:34:38.499+0000] {logging_mixin.py:190} INFO - [2026-07-10T16:34:38.499+0000] {dag.py:3239} INFO - Sync 1 DAGs
[2026-07-10T16:34:38.525+0000] {logging_mixin.py:190} INFO - [2026-07-10T16:34:38.524+0000] {dag.py:4180} INFO - Setting next_dagrun for 02_sql_transform to None, run_after=None
[2026-07-10T16:34:38.555+0000] {processor.py:208} INFO - Processing /opt/airflow/dags/02_sql_transform.py took 0.174 seconds
[2026-07-10T16:35:09.083+0000] {processor.py:186} INFO - Started process (PID=754) to work on /opt/airflow/dags/02_sql_transform.py
[2026-07-10T16:35:09.085+0000] {processor.py:914} INFO - Processing file /opt/airflow/dags/02_sql_transform.py for tasks to queue
[2026-07-10T16:35:09.089+0000] {logging_mixin.py:190} INFO - [2026-07-10T16:35:09.088+0000] {dagbag.py:588} INFO - Filling up the DagBag from /opt/airflow/dags/02_sql_transform.py
[2026-07-10T16:35:09.106+0000] {processor.py:925} INFO - DAG(s) '02_sql_transform' retrieved from /opt/airflow/dags/02_sql_transform.py
[2026-07-10T16:35:09.160+0000] {logging_mixin.py:190} INFO - [2026-07-10T16:35:09.159+0000] {dag.py:3239} INFO - Sync 1 DAGs
[2026-07-10T16:35:09.183+0000] {logging_mixin.py:190} INFO - [2026-07-10T16:35:09.183+0000] {dag.py:4180} INFO - Setting next_dagrun for 02_sql_transform to None, run_after=None
[2026-07-10T16:35:09.220+0000] {processor.py:208} INFO - Processing /opt/airflow/dags/02_sql_transform.py took 0.150 seconds
[2026-07-10T16:39:18.935+0000] {processor.py:186} INFO - Started process (PID=191) to work on /opt/airflow/dags/02_sql_transform.py
[2026-07-10T16:39:18.937+0000] {processor.py:914} INFO - Processing file /opt/airflow/dags/02_sql_transform.py for tasks to queue
[2026-07-10T16:39:18.939+0000] {logging_mixin.py:190} INFO - [2026-07-10T16:39:18.938+0000] {dagbag.py:588} INFO - Filling up the DagBag from /opt/airflow/dags/02_sql_transform.py
[2026-07-10T16:39:18.949+0000] {processor.py:925} INFO - DAG(s) '02_sql_transform' retrieved from /opt/airflow/dags/02_sql_transform.py
[2026-07-10T16:39:19.116+0000] {logging_mixin.py:190} INFO - [2026-07-10T16:39:19.116+0000] {override.py:1911} INFO - Created Permission View: can edit on DAG:02_sql_transform
[2026-07-10T16:39:19.129+0000] {logging_mixin.py:190} INFO - [2026-07-10T16:39:19.128+0000] {override.py:1911} INFO - Created Permission View: can delete on DAG:02_sql_transform
[2026-07-10T16:39:19.138+0000] {logging_mixin.py:190} INFO - [2026-07-10T16:39:19.137+0000] {override.py:1911} INFO - Created Permission View: can read on DAG:02_sql_transform
[2026-07-10T16:39:19.147+0000] {logging_mixin.py:190} INFO - [2026-07-10T16:39:19.147+0000] {override.py:1911} INFO - Created Permission View: can delete on DAG Run:02_sql_transform
[2026-07-10T16:39:19.155+0000] {logging_mixin.py:190} INFO - [2026-07-10T16:39:19.154+0000] {override.py:1911} INFO - Created Permission View: menu access on DAG Run:02_sql_transform
[2026-07-10T16:39:19.163+0000] {logging_mixin.py:190} INFO - [2026-07-10T16:39:19.163+0000] {override.py:1911} INFO - Created Permission View: can create on DAG Run:02_sql_transform
[2026-07-10T16:39:19.171+0000] {logging_mixin.py:190} INFO - [2026-07-10T16:39:19.171+0000] {override.py:1911} INFO - Created Permission View: can read on DAG Run:02_sql_transform
[2026-07-10T16:39:19.172+0000] {logging_mixin.py:190} INFO - [2026-07-10T16:39:19.172+0000] {dag.py:3239} INFO - Sync 1 DAGs
[2026-07-10T16:39:19.191+0000] {logging_mixin.py:190} INFO - [2026-07-10T16:39:19.190+0000] {dag.py:3262} INFO - Creating ORM DAG for 02_sql_transform
[2026-07-10T16:39:19.192+0000] {logging_mixin.py:190} INFO - [2026-07-10T16:39:19.192+0000] {dag.py:4180} INFO - Setting next_dagrun for 02_sql_transform to None, run_after=None
[2026-07-10T16:39:19.222+0000] {processor.py:208} INFO - Processing /opt/airflow/dags/02_sql_transform.py took 0.295 seconds
[2026-07-10T16:39:49.918+0000] {processor.py:186} INFO - Started process (PID=243) to work on /opt/airflow/dags/02_sql_transform.py
[2026-07-10T16:39:49.919+0000] {processor.py:914} INFO - Processing file /opt/airflow/dags/02_sql_transform.py for tasks to queue
[2026-07-10T16:39:49.922+0000] {logging_mixin.py:190} INFO - [2026-07-10T16:39:49.921+0000] {dagbag.py:588} INFO - Filling up the DagBag from /opt/airflow/dags/02_sql_transform.py
[2026-07-10T16:39:49.933+0000] {processor.py:925} INFO - DAG(s) '02_sql_transform' retrieved from /opt/airflow/dags/02_sql_transform.py
[2026-07-10T16:39:49.970+0000] {logging_mixin.py:190} INFO - [2026-07-10T16:39:49.970+0000] {dag.py:3239} INFO - Sync 1 DAGs
[2026-07-10T16:39:49.987+0000] {logging_mixin.py:190} INFO - [2026-07-10T16:39:49.987+0000] {dag.py:4180} INFO - Setting next_dagrun for 02_sql_transform to None, run_after=None
[2026-07-10T16:39:50.014+0000] {processor.py:208} INFO - Processing /opt/airflow/dags/02_sql_transform.py took 0.103 seconds
[2026-07-10T16:40:20.530+0000] {processor.py:186} INFO - Started process (PID=291) to work on /opt/airflow/dags/02_sql_transform.py
[2026-07-10T16:40:20.531+0000] {processor.py:914} INFO - Processing file /opt/airflow/dags/02_sql_transform.py for tasks to queue
[2026-07-10T16:40:20.535+0000] {logging_mixin.py:190} INFO - [2026-07-10T16:40:20.535+0000] {dagbag.py:588} INFO - Filling up the DagBag from /opt/airflow/dags/02_sql_transform.py
[2026-07-10T16:40:20.549+0000] {processor.py:925} INFO - DAG(s) '02_sql_transform' retrieved from /opt/airflow/dags/02_sql_transform.py
[2026-07-10T16:40:20.602+0000] {logging_mixin.py:190} INFO - [2026-07-10T16:40:20.602+0000] {dag.py:3239} INFO - Sync 1 DAGs
[2026-07-10T16:40:20.649+0000] {logging_mixin.py:190} INFO - [2026-07-10T16:40:20.649+0000] {dag.py:4180} INFO - Setting next_dagrun for 02_sql_transform to None, run_after=None
[2026-07-10T16:40:20.693+0000] {processor.py:208} INFO - Processing /opt/airflow/dags/02_sql_transform.py took 0.176 seconds
[2026-07-10T16:40:50.961+0000] {processor.py:186} INFO - Started process (PID=341) to work on /opt/airflow/dags/02_sql_transform.py
[2026-07-10T16:40:50.962+0000] {processor.py:914} INFO - Processing file /opt/airflow/dags/02_sql_transform.py for tasks to queue
[2026-07-10T16:40:50.966+0000] {logging_mixin.py:190} INFO - [2026-07-10T16:40:50.966+0000] {dagbag.py:588} INFO - Filling up the DagBag from /opt/airflow/dags/02_sql_transform.py
[2026-07-10T16:40:50.985+0000] {processor.py:925} INFO - DAG(s) '02_sql_transform' retrieved from /opt/airflow/dags/02_sql_transform.py
[2026-07-10T16:40:51.043+0000] {logging_mixin.py:190} INFO - [2026-07-10T16:40:51.042+0000] {dag.py:3239} INFO - Sync 1 DAGs
[2026-07-10T16:40:51.068+0000] {logging_mixin.py:190} INFO - [2026-07-10T16:40:51.068+0000] {dag.py:4180} INFO - Setting next_dagrun for 02_sql_transform to None, run_after=None
[2026-07-10T16:40:51.100+0000] {processor.py:208} INFO - Processing /opt/airflow/dags/02_sql_transform.py took 0.151 seconds
[2026-07-10T19:23:03.783+0000] {processor.py:186} INFO - Started process (PID=191) to work on /opt/airflow/dags/02_sql_transform.py
[2026-07-10T19:23:03.787+0000] {processor.py:914} INFO - Processing file /opt/airflow/dags/02_sql_transform.py for tasks to queue
[2026-07-10T19:23:03.791+0000] {logging_mixin.py:190} INFO - [2026-07-10T19:23:03.790+0000] {dagbag.py:588} INFO - Filling up the DagBag from /opt/airflow/dags/02_sql_transform.py
[2026-07-10T19:23:03.806+0000] {processor.py:925} INFO - DAG(s) '02_sql_transform' retrieved from /opt/airflow/dags/02_sql_transform.py
[2026-07-10T19:23:04.035+0000] {logging_mixin.py:190} INFO - [2026-07-10T19:23:04.034+0000] {override.py:1911} INFO - Created Permission View: can delete on DAG:02_sql_transform
[2026-07-10T19:23:04.051+0000] {logging_mixin.py:190} INFO - [2026-07-10T19:23:04.051+0000] {override.py:1911} INFO - Created Permission View: can read on DAG:02_sql_transform
[2026-07-10T19:23:04.060+0000] {logging_mixin.py:190} INFO - [2026-07-10T19:23:04.060+0000] {override.py:1911} INFO - Created Permission View: can edit on DAG:02_sql_transform
[2026-07-10T19:23:04.070+0000] {logging_mixin.py:190} INFO - [2026-07-10T19:23:04.070+0000] {override.py:1911} INFO - Created Permission View: can create on DAG Run:02_sql_transform
[2026-07-10T19:23:04.083+0000] {logging_mixin.py:190} INFO - [2026-07-10T19:23:04.082+0000] {override.py:1911} INFO - Created Permission View: menu access on DAG Run:02_sql_transform
[2026-07-10T19:23:04.094+0000] {logging_mixin.py:190} INFO - [2026-07-10T19:23:04.094+0000] {override.py:1911} INFO - Created Permission View: can delete on DAG Run:02_sql_transform
[2026-07-10T19:23:04.104+0000] {logging_mixin.py:190} INFO - [2026-07-10T19:23:04.104+0000] {override.py:1911} INFO - Created Permission View: can read on DAG Run:02_sql_transform
[2026-07-10T19:23:04.105+0000] {logging_mixin.py:190} INFO - [2026-07-10T19:23:04.105+0000] {dag.py:3239} INFO - Sync 1 DAGs
[2026-07-10T19:23:04.130+0000] {logging_mixin.py:190} INFO - [2026-07-10T19:23:04.129+0000] {dag.py:3262} INFO - Creating ORM DAG for 02_sql_transform
[2026-07-10T19:23:04.131+0000] {logging_mixin.py:190} INFO - [2026-07-10T19:23:04.130+0000] {dag.py:4180} INFO - Setting next_dagrun for 02_sql_transform to None, run_after=None
[2026-07-10T19:23:04.159+0000] {processor.py:208} INFO - Processing /opt/airflow/dags/02_sql_transform.py took 0.386 seconds
[2026-07-10T19:23:34.730+0000] {processor.py:186} INFO - Started process (PID=243) to work on /opt/airflow/dags/02_sql_transform.py
[2026-07-10T19:23:34.733+0000] {processor.py:914} INFO - Processing file /opt/airflow/dags/02_sql_transform.py for tasks to queue
[2026-07-10T19:23:34.738+0000] {logging_mixin.py:190} INFO - [2026-07-10T19:23:34.737+0000] {dagbag.py:588} INFO - Filling up the DagBag from /opt/airflow/dags/02_sql_transform.py
[2026-07-10T19:23:34.756+0000] {processor.py:925} INFO - DAG(s) '02_sql_transform' retrieved from /opt/airflow/dags/02_sql_transform.py
[2026-07-10T19:23:34.824+0000] {logging_mixin.py:190} INFO - [2026-07-10T19:23:34.823+0000] {dag.py:3239} INFO - Sync 1 DAGs
[2026-07-10T19:23:34.852+0000] {logging_mixin.py:190} INFO - [2026-07-10T19:23:34.852+0000] {dag.py:4180} INFO - Setting next_dagrun for 02_sql_transform to None, run_after=None
[2026-07-10T19:23:34.887+0000] {processor.py:208} INFO - Processing /opt/airflow/dags/02_sql_transform.py took 0.169 seconds
[2026-07-10T19:24:05.345+0000] {processor.py:186} INFO - Started process (PID=294) to work on /opt/airflow/dags/02_sql_transform.py
[2026-07-10T19:24:05.347+0000] {processor.py:914} INFO - Processing file /opt/airflow/dags/02_sql_transform.py for tasks to queue
[2026-07-10T19:24:05.356+0000] {logging_mixin.py:190} INFO - [2026-07-10T19:24:05.355+0000] {dagbag.py:588} INFO - Filling up the DagBag from /opt/airflow/dags/02_sql_transform.py
[2026-07-10T19:24:05.373+0000] {processor.py:925} INFO - DAG(s) '02_sql_transform' retrieved from /opt/airflow/dags/02_sql_transform.py
[2026-07-10T19:24:05.425+0000] {logging_mixin.py:190} INFO - [2026-07-10T19:24:05.425+0000] {dag.py:3239} INFO - Sync 1 DAGs
[2026-07-10T19:24:05.454+0000] {logging_mixin.py:190} INFO - [2026-07-10T19:24:05.454+0000] {dag.py:4180} INFO - Setting next_dagrun for 02_sql_transform to None, run_after=None
[2026-07-10T19:24:05.491+0000] {processor.py:208} INFO - Processing /opt/airflow/dags/02_sql_transform.py took 0.165 seconds
[2026-07-10T19:24:35.918+0000] {processor.py:186} INFO - Started process (PID=382) to work on /opt/airflow/dags/02_sql_transform.py
[2026-07-10T19:24:35.919+0000] {processor.py:914} INFO - Processing file /opt/airflow/dags/02_sql_transform.py for tasks to queue
[2026-07-10T19:24:35.922+0000] {logging_mixin.py:190} INFO - [2026-07-10T19:24:35.922+0000] {dagbag.py:588} INFO - Filling up the DagBag from /opt/airflow/dags/02_sql_transform.py
[2026-07-10T19:24:35.933+0000] {processor.py:925} INFO - DAG(s) '02_sql_transform' retrieved from /opt/airflow/dags/02_sql_transform.py
[2026-07-10T19:24:35.978+0000] {logging_mixin.py:190} INFO - [2026-07-10T19:24:35.977+0000] {dag.py:3239} INFO - Sync 1 DAGs
[2026-07-10T19:24:35.994+0000] {logging_mixin.py:190} INFO - [2026-07-10T19:24:35.994+0000] {dag.py:4180} INFO - Setting next_dagrun for 02_sql_transform to None, run_after=None
[2026-07-10T19:24:36.020+0000] {processor.py:208} INFO - Processing /opt/airflow/dags/02_sql_transform.py took 0.110 seconds
[2026-07-10T19:25:06.082+0000] {processor.py:186} INFO - Started process (PID=454) to work on /opt/airflow/dags/02_sql_transform.py
[2026-07-10T19:25:06.083+0000] {processor.py:914} INFO - Processing file /opt/airflow/dags/02_sql_transform.py for tasks to queue
[2026-07-10T19:25:06.087+0000] {logging_mixin.py:190} INFO - [2026-07-10T19:25:06.086+0000] {dagbag.py:588} INFO - Filling up the DagBag from /opt/airflow/dags/02_sql_transform.py
[2026-07-10T19:25:06.100+0000] {processor.py:925} INFO - DAG(s) '02_sql_transform' retrieved from /opt/airflow/dags/02_sql_transform.py
[2026-07-10T19:25:06.158+0000] {logging_mixin.py:190} INFO - [2026-07-10T19:25:06.157+0000] {dag.py:3239} INFO - Sync 1 DAGs
[2026-07-10T19:25:06.181+0000] {logging_mixin.py:190} INFO - [2026-07-10T19:25:06.181+0000] {dag.py:4180} INFO - Setting next_dagrun for 02_sql_transform to None, run_after=None
[2026-07-10T19:25:06.213+0000] {processor.py:208} INFO - Processing /opt/airflow/dags/02_sql_transform.py took 0.139 seconds
[2026-07-10T19:25:36.798+0000] {processor.py:186} INFO - Started process (PID=513) to work on /opt/airflow/dags/02_sql_transform.py
[2026-07-10T19:25:36.799+0000] {processor.py:914} INFO - Processing file /opt/airflow/dags/02_sql_transform.py for tasks to queue
[2026-07-10T19:25:36.802+0000] {logging_mixin.py:190} INFO - [2026-07-10T19:25:36.802+0000] {dagbag.py:588} INFO - Filling up the DagBag from /opt/airflow/dags/02_sql_transform.py
[2026-07-10T19:25:36.823+0000] {processor.py:925} INFO - DAG(s) '02_sql_transform' retrieved from /opt/airflow/dags/02_sql_transform.py
[2026-07-10T19:25:36.885+0000] {logging_mixin.py:190} INFO - [2026-07-10T19:25:36.884+0000] {dag.py:3239} INFO - Sync 1 DAGs
[2026-07-10T19:25:36.914+0000] {logging_mixin.py:190} INFO - [2026-07-10T19:25:36.914+0000] {dag.py:4180} INFO - Setting next_dagrun for 02_sql_transform to None, run_after=None
[2026-07-10T19:25:36.951+0000] {processor.py:208} INFO - Processing /opt/airflow/dags/02_sql_transform.py took 0.167 seconds
[2026-07-10T19:26:07.531+0000] {processor.py:186} INFO - Started process (PID=563) to work on /opt/airflow/dags/02_sql_transform.py
[2026-07-10T19:26:07.533+0000] {processor.py:914} INFO - Processing file /opt/airflow/dags/02_sql_transform.py for tasks to queue
[2026-07-10T19:26:07.538+0000] {logging_mixin.py:190} INFO - [2026-07-10T19:26:07.538+0000] {dagbag.py:588} INFO - Filling up the DagBag from /opt/airflow/dags/02_sql_transform.py
[2026-07-10T19:26:07.568+0000] {processor.py:925} INFO - DAG(s) '02_sql_transform' retrieved from /opt/airflow/dags/02_sql_transform.py
[2026-07-10T19:26:07.650+0000] {logging_mixin.py:190} INFO - [2026-07-10T19:26:07.650+0000] {dag.py:3239} INFO - Sync 1 DAGs
[2026-07-10T19:26:07.743+0000] {logging_mixin.py:190} INFO - [2026-07-10T19:26:07.743+0000] {dag.py:4180} INFO - Setting next_dagrun for 02_sql_transform to None, run_after=None
[2026-07-10T19:26:07.784+0000] {processor.py:208} INFO - Processing /opt/airflow/dags/02_sql_transform.py took 0.281 seconds
[2026-07-10T19:26:38.206+0000] {processor.py:186} INFO - Started process (PID=615) to work on /opt/airflow/dags/02_sql_transform.py
[2026-07-10T19:26:38.207+0000] {processor.py:914} INFO - Processing file /opt/airflow/dags/02_sql_transform.py for tasks to queue
[2026-07-10T19:26:38.209+0000] {logging_mixin.py:190} INFO - [2026-07-10T19:26:38.209+0000] {dagbag.py:588} INFO - Filling up the DagBag from /opt/airflow/dags/02_sql_transform.py
[2026-07-10T19:26:38.218+0000] {processor.py:925} INFO - DAG(s) '02_sql_transform' retrieved from /opt/airflow/dags/02_sql_transform.py
[2026-07-10T19:26:38.256+0000] {logging_mixin.py:190} INFO - [2026-07-10T19:26:38.256+0000] {dag.py:3239} INFO - Sync 1 DAGs
[2026-07-10T19:26:38.273+0000] {logging_mixin.py:190} INFO - [2026-07-10T19:26:38.273+0000] {dag.py:4180} INFO - Setting next_dagrun for 02_sql_transform to None, run_after=None
[2026-07-10T19:26:38.294+0000] {processor.py:208} INFO - Processing /opt/airflow/dags/02_sql_transform.py took 0.095 seconds
[2026-07-10T19:27:08.787+0000] {processor.py:186} INFO - Started process (PID=677) to work on /opt/airflow/dags/02_sql_transform.py
[2026-07-10T19:27:08.794+0000] {processor.py:914} INFO - Processing file /opt/airflow/dags/02_sql_transform.py for tasks to queue
[2026-07-10T19:27:08.802+0000] {logging_mixin.py:190} INFO - [2026-07-10T19:27:08.801+0000] {dagbag.py:588} INFO - Filling up the DagBag from /opt/airflow/dags/02_sql_transform.py
[2026-07-10T19:27:08.837+0000] {processor.py:925} INFO - DAG(s) '02_sql_transform' retrieved from /opt/airflow/dags/02_sql_transform.py
[2026-07-10T19:27:08.955+0000] {logging_mixin.py:190} INFO - [2026-07-10T19:27:08.955+0000] {dag.py:3239} INFO - Sync 1 DAGs
[2026-07-10T19:27:08.982+0000] {logging_mixin.py:190} INFO - [2026-07-10T19:27:08.981+0000] {dag.py:4180} INFO - Setting next_dagrun for 02_sql_transform to None, run_after=None
[2026-07-10T19:27:09.017+0000] {processor.py:208} INFO - Processing /opt/airflow/dags/02_sql_transform.py took 0.248 seconds
[2026-07-10T19:27:39.907+0000] {processor.py:186} INFO - Started process (PID=727) to work on /opt/airflow/dags/02_sql_transform.py
[2026-07-10T19:27:39.908+0000] {processor.py:914} INFO - Processing file /opt/airflow/dags/02_sql_transform.py for tasks to queue
[2026-07-10T19:27:39.912+0000] {logging_mixin.py:190} INFO - [2026-07-10T19:27:39.912+0000] {dagbag.py:588} INFO - Filling up the DagBag from /opt/airflow/dags/02_sql_transform.py
[2026-07-10T19:27:39.925+0000] {processor.py:925} INFO - DAG(s) '02_sql_transform' retrieved from /opt/airflow/dags/02_sql_transform.py
[2026-07-10T19:27:40.037+0000] {logging_mixin.py:190} INFO - [2026-07-10T19:27:40.037+0000] {dag.py:3239} INFO - Sync 1 DAGs
[2026-07-10T19:27:40.179+0000] {logging_mixin.py:190} INFO - [2026-07-10T19:27:40.179+0000] {dag.py:4180} INFO - Setting next_dagrun for 02_sql_transform to None, run_after=None
[2026-07-10T19:27:40.257+0000] {processor.py:208} INFO - Processing /opt/airflow/dags/02_sql_transform.py took 0.362 seconds
[2026-07-10T19:28:10.740+0000] {processor.py:186} INFO - Started process (PID=777) to work on /opt/airflow/dags/02_sql_transform.py
[2026-07-10T19:28:10.744+0000] {processor.py:914} INFO - Processing file /opt/airflow/dags/02_sql_transform.py for tasks to queue
[2026-07-10T19:28:10.757+0000] {logging_mixin.py:190} INFO - [2026-07-10T19:28:10.755+0000] {dagbag.py:588} INFO - Filling up the DagBag from /opt/airflow/dags/02_sql_transform.py
[2026-07-10T19:28:10.795+0000] {processor.py:925} INFO - DAG(s) '02_sql_transform' retrieved from /opt/airflow/dags/02_sql_transform.py
[2026-07-10T19:28:10.891+0000] {logging_mixin.py:190} INFO - [2026-07-10T19:28:10.890+0000] {dag.py:3239} INFO - Sync 1 DAGs
[2026-07-10T19:28:10.934+0000] {logging_mixin.py:190} INFO - [2026-07-10T19:28:10.933+0000] {dag.py:4180} INFO - Setting next_dagrun for 02_sql_transform to None, run_after=None
[2026-07-10T19:28:10.995+0000] {processor.py:208} INFO - Processing /opt/airflow/dags/02_sql_transform.py took 0.276 seconds
[2026-07-10T19:28:41.958+0000] {processor.py:186} INFO - Started process (PID=827) to work on /opt/airflow/dags/02_sql_transform.py
[2026-07-10T19:28:41.961+0000] {processor.py:914} INFO - Processing file /opt/airflow/dags/02_sql_transform.py for tasks to queue
[2026-07-10T19:28:41.966+0000] {logging_mixin.py:190} INFO - [2026-07-10T19:28:41.965+0000] {dagbag.py:588} INFO - Filling up the DagBag from /opt/airflow/dags/02_sql_transform.py
[2026-07-10T19:28:41.984+0000] {processor.py:925} INFO - DAG(s) '02_sql_transform' retrieved from /opt/airflow/dags/02_sql_transform.py
[2026-07-10T19:28:42.034+0000] {logging_mixin.py:190} INFO - [2026-07-10T19:28:42.034+0000] {dag.py:3239} INFO - Sync 1 DAGs
[2026-07-10T19:28:42.050+0000] {logging_mixin.py:190} INFO - [2026-07-10T19:28:42.050+0000] {dag.py:4180} INFO - Setting next_dagrun for 02_sql_transform to None, run_after=None
[2026-07-10T19:28:42.069+0000] {processor.py:208} INFO - Processing /opt/airflow/dags/02_sql_transform.py took 0.143 seconds
[2026-07-10T19:29:12.159+0000] {processor.py:186} INFO - Started process (PID=877) to work on /opt/airflow/dags/02_sql_transform.py
[2026-07-10T19:29:12.160+0000] {processor.py:914} INFO - Processing file /opt/airflow/dags/02_sql_transform.py for tasks to queue
[2026-07-10T19:29:12.164+0000] {logging_mixin.py:190} INFO - [2026-07-10T19:29:12.163+0000] {dagbag.py:588} INFO - Filling up the DagBag from /opt/airflow/dags/02_sql_transform.py
[2026-07-10T19:29:12.176+0000] {processor.py:925} INFO - DAG(s) '02_sql_transform' retrieved from /opt/airflow/dags/02_sql_transform.py
[2026-07-10T19:29:12.224+0000] {logging_mixin.py:190} INFO - [2026-07-10T19:29:12.224+0000] {dag.py:3239} INFO - Sync 1 DAGs
[2026-07-10T19:29:12.246+0000] {logging_mixin.py:190} INFO - [2026-07-10T19:29:12.246+0000] {dag.py:4180} INFO - Setting next_dagrun for 02_sql_transform to None, run_after=None
[2026-07-10T19:29:12.279+0000] {processor.py:208} INFO - Processing /opt/airflow/dags/02_sql_transform.py took 0.131 seconds
[2026-07-10T19:29:42.676+0000] {processor.py:186} INFO - Started process (PID=927) to work on /opt/airflow/dags/02_sql_transform.py
[2026-07-10T19:29:42.692+0000] {processor.py:914} INFO - Processing file /opt/airflow/dags/02_sql_transform.py for tasks to queue
[2026-07-10T19:29:42.709+0000] {logging_mixin.py:190} INFO - [2026-07-10T19:29:42.707+0000] {dagbag.py:588} INFO - Filling up the DagBag from /opt/airflow/dags/02_sql_transform.py
[2026-07-10T19:29:42.750+0000] {processor.py:925} INFO - DAG(s) '02_sql_transform' retrieved from /opt/airflow/dags/02_sql_transform.py
[2026-07-10T19:29:42.802+0000] {logging_mixin.py:190} INFO - [2026-07-10T19:29:42.802+0000] {dag.py:3239} INFO - Sync 1 DAGs
[2026-07-10T19:29:43.115+0000] {logging_mixin.py:190} INFO - [2026-07-10T19:29:43.115+0000] {dag.py:4180} INFO - Setting next_dagrun for 02_sql_transform to None, run_after=None
[2026-07-10T19:29:43.138+0000] {processor.py:208} INFO - Processing /opt/airflow/dags/02_sql_transform.py took 0.503 seconds
[2026-07-10T19:30:13.409+0000] {processor.py:186} INFO - Started process (PID=977) to work on /opt/airflow/dags/02_sql_transform.py
[2026-07-10T19:30:13.418+0000] {processor.py:914} INFO - Processing file /opt/airflow/dags/02_sql_transform.py for tasks to queue
[2026-07-10T19:30:13.422+0000] {logging_mixin.py:190} INFO - [2026-07-10T19:30:13.422+0000] {dagbag.py:588} INFO - Filling up the DagBag from /opt/airflow/dags/02_sql_transform.py
[2026-07-10T19:30:13.442+0000] {processor.py:925} INFO - DAG(s) '02_sql_transform' retrieved from /opt/airflow/dags/02_sql_transform.py
[2026-07-10T19:30:13.493+0000] {logging_mixin.py:190} INFO - [2026-07-10T19:30:13.493+0000] {dag.py:3239} INFO - Sync 1 DAGs
[2026-07-10T19:30:13.510+0000] {logging_mixin.py:190} INFO - [2026-07-10T19:30:13.510+0000] {dag.py:4180} INFO - Setting next_dagrun for 02_sql_transform to None, run_after=None
[2026-07-10T19:30:13.533+0000] {processor.py:208} INFO - Processing /opt/airflow/dags/02_sql_transform.py took 0.153 seconds
[2026-07-10T19:30:43.919+0000] {processor.py:186} INFO - Started process (PID=1027) to work on /opt/airflow/dags/02_sql_transform.py
[2026-07-10T19:30:43.922+0000] {processor.py:914} INFO - Processing file /opt/airflow/dags/02_sql_transform.py for tasks to queue
[2026-07-10T19:30:43.930+0000] {logging_mixin.py:190} INFO - [2026-07-10T19:30:43.929+0000] {dagbag.py:588} INFO - Filling up the DagBag from /opt/airflow/dags/02_sql_transform.py
[2026-07-10T19:30:43.959+0000] {processor.py:925} INFO - DAG(s) '02_sql_transform' retrieved from /opt/airflow/dags/02_sql_transform.py
[2026-07-10T19:30:44.024+0000] {logging_mixin.py:190} INFO - [2026-07-10T19:30:44.024+0000] {dag.py:3239} INFO - Sync 1 DAGs
[2026-07-10T19:30:44.235+0000] {logging_mixin.py:190} INFO - [2026-07-10T19:30:44.235+0000] {dag.py:4180} INFO - Setting next_dagrun for 02_sql_transform to None, run_after=None
[2026-07-10T19:30:44.256+0000] {processor.py:208} INFO - Processing /opt/airflow/dags/02_sql_transform.py took 0.346 seconds
[2026-07-10T19:31:14.770+0000] {processor.py:186} INFO - Started process (PID=1077) to work on /opt/airflow/dags/02_sql_transform.py
[2026-07-10T19:31:14.774+0000] {processor.py:914} INFO - Processing file /opt/airflow/dags/02_sql_transform.py for tasks to queue
[2026-07-10T19:31:14.782+0000] {logging_mixin.py:190} INFO - [2026-07-10T19:31:14.781+0000] {dagbag.py:588} INFO - Filling up the DagBag from /opt/airflow/dags/02_sql_transform.py
[2026-07-10T19:31:14.815+0000] {processor.py:925} INFO - DAG(s) '02_sql_transform' retrieved from /opt/airflow/dags/02_sql_transform.py
[2026-07-10T19:31:14.880+0000] {logging_mixin.py:190} INFO - [2026-07-10T19:31:14.880+0000] {dag.py:3239} INFO - Sync 1 DAGs
[2026-07-10T19:31:14.901+0000] {logging_mixin.py:190} INFO - [2026-07-10T19:31:14.901+0000] {dag.py:4180} INFO - Setting next_dagrun for 02_sql_transform to None, run_after=None
[2026-07-10T19:31:14.927+0000] {processor.py:208} INFO - Processing /opt/airflow/dags/02_sql_transform.py took 0.197 seconds
[2026-07-10T19:31:45.510+0000] {processor.py:186} INFO - Started process (PID=1127) to work on /opt/airflow/dags/02_sql_transform.py
[2026-07-10T19:31:45.514+0000] {processor.py:914} INFO - Processing file /opt/airflow/dags/02_sql_transform.py for tasks to queue
[2026-07-10T19:31:45.523+0000] {logging_mixin.py:190} INFO - [2026-07-10T19:31:45.521+0000] {dagbag.py:588} INFO - Filling up the DagBag from /opt/airflow/dags/02_sql_transform.py
[2026-07-10T19:31:45.557+0000] {processor.py:925} INFO - DAG(s) '02_sql_transform' retrieved from /opt/airflow/dags/02_sql_transform.py
[2026-07-10T19:31:45.605+0000] {logging_mixin.py:190} INFO - [2026-07-10T19:31:45.605+0000] {dag.py:3239} INFO - Sync 1 DAGs
[2026-07-10T19:31:45.838+0000] {logging_mixin.py:190} INFO - [2026-07-10T19:31:45.838+0000] {dag.py:4180} INFO - Setting next_dagrun for 02_sql_transform to None, run_after=None
[2026-07-10T19:31:45.858+0000] {processor.py:208} INFO - Processing /opt/airflow/dags/02_sql_transform.py took 0.380 seconds
[2026-07-10T19:32:16.537+0000] {processor.py:186} INFO - Started process (PID=1177) to work on /opt/airflow/dags/02_sql_transform.py
[2026-07-10T19:32:16.538+0000] {processor.py:914} INFO - Processing file /opt/airflow/dags/02_sql_transform.py for tasks to queue
[2026-07-10T19:32:16.541+0000] {logging_mixin.py:190} INFO - [2026-07-10T19:32:16.541+0000] {dagbag.py:588} INFO - Filling up the DagBag from /opt/airflow/dags/02_sql_transform.py
[2026-07-10T19:32:16.554+0000] {processor.py:925} INFO - DAG(s) '02_sql_transform' retrieved from /opt/airflow/dags/02_sql_transform.py
[2026-07-10T19:32:16.594+0000] {logging_mixin.py:190} INFO - [2026-07-10T19:32:16.594+0000] {dag.py:3239} INFO - Sync 1 DAGs
[2026-07-10T19:32:16.612+0000] {logging_mixin.py:190} INFO - [2026-07-10T19:32:16.612+0000] {dag.py:4180} INFO - Setting next_dagrun for 02_sql_transform to None, run_after=None
[2026-07-10T19:32:16.634+0000] {processor.py:208} INFO - Processing /opt/airflow/dags/02_sql_transform.py took 0.106 seconds
[2026-07-10T19:32:47.070+0000] {processor.py:186} INFO - Started process (PID=1227) to work on /opt/airflow/dags/02_sql_transform.py
[2026-07-10T19:32:47.071+0000] {processor.py:914} INFO - Processing file /opt/airflow/dags/02_sql_transform.py for tasks to queue
[2026-07-10T19:32:47.075+0000] {logging_mixin.py:190} INFO - [2026-07-10T19:32:47.074+0000] {dagbag.py:588} INFO - Filling up the DagBag from /opt/airflow/dags/02_sql_transform.py
[2026-07-10T19:32:47.095+0000] {processor.py:925} INFO - DAG(s) '02_sql_transform' retrieved from /opt/airflow/dags/02_sql_transform.py
[2026-07-10T19:32:47.147+0000] {logging_mixin.py:190} INFO - [2026-07-10T19:32:47.147+0000] {dag.py:3239} INFO - Sync 1 DAGs
[2026-07-10T19:32:47.169+0000] {logging_mixin.py:190} INFO - [2026-07-10T19:32:47.169+0000] {dag.py:4180} INFO - Setting next_dagrun for 02_sql_transform to None, run_after=None
[2026-07-10T19:32:47.197+0000] {processor.py:208} INFO - Processing /opt/airflow/dags/02_sql_transform.py took 0.135 seconds
[2026-07-10T19:33:17.434+0000] {processor.py:186} INFO - Started process (PID=1289) to work on /opt/airflow/dags/02_sql_transform.py
[2026-07-10T19:33:17.436+0000] {processor.py:914} INFO - Processing file /opt/airflow/dags/02_sql_transform.py for tasks to queue
[2026-07-10T19:33:17.442+0000] {logging_mixin.py:190} INFO - [2026-07-10T19:33:17.441+0000] {dagbag.py:588} INFO - Filling up the DagBag from /opt/airflow/dags/02_sql_transform.py
[2026-07-10T19:33:17.463+0000] {processor.py:925} INFO - DAG(s) '02_sql_transform' retrieved from /opt/airflow/dags/02_sql_transform.py
[2026-07-10T19:33:17.556+0000] {logging_mixin.py:190} INFO - [2026-07-10T19:33:17.555+0000] {dag.py:3239} INFO - Sync 1 DAGs
[2026-07-10T19:33:17.590+0000] {logging_mixin.py:190} INFO - [2026-07-10T19:33:17.590+0000] {dag.py:4180} INFO - Setting next_dagrun for 02_sql_transform to None, run_after=None
[2026-07-10T19:33:17.672+0000] {processor.py:208} INFO - Processing /opt/airflow/dags/02_sql_transform.py took 0.254 seconds
[2026-07-10T19:38:51.790+0000] {processor.py:186} INFO - Started process (PID=192) to work on /opt/airflow/dags/02_sql_transform.py
[2026-07-10T19:38:51.794+0000] {processor.py:914} INFO - Processing file /opt/airflow/dags/02_sql_transform.py for tasks to queue
[2026-07-10T19:38:51.798+0000] {logging_mixin.py:190} INFO - [2026-07-10T19:38:51.798+0000] {dagbag.py:588} INFO - Filling up the DagBag from /opt/airflow/dags/02_sql_transform.py
[2026-07-10T19:38:51.811+0000] {processor.py:925} INFO - DAG(s) '02_sql_transform' retrieved from /opt/airflow/dags/02_sql_transform.py
[2026-07-10T19:38:52.007+0000] {logging_mixin.py:190} INFO - [2026-07-10T19:38:52.005+0000] {override.py:1911} INFO - Created Permission View: can delete on DAG:02_sql_transform
[2026-07-10T19:38:52.029+0000] {logging_mixin.py:190} INFO - [2026-07-10T19:38:52.028+0000] {override.py:1911} INFO - Created Permission View: can read on DAG:02_sql_transform
[2026-07-10T19:38:52.039+0000] {logging_mixin.py:190} INFO - [2026-07-10T19:38:52.038+0000] {override.py:1911} INFO - Created Permission View: can edit on DAG:02_sql_transform
[2026-07-10T19:38:52.049+0000] {logging_mixin.py:190} INFO - [2026-07-10T19:38:52.049+0000] {override.py:1911} INFO - Created Permission View: can delete on DAG Run:02_sql_transform
[2026-07-10T19:38:52.059+0000] {logging_mixin.py:190} INFO - [2026-07-10T19:38:52.058+0000] {override.py:1911} INFO - Created Permission View: can read on DAG Run:02_sql_transform
[2026-07-10T19:38:52.068+0000] {logging_mixin.py:190} INFO - [2026-07-10T19:38:52.067+0000] {override.py:1911} INFO - Created Permission View: can create on DAG Run:02_sql_transform
[2026-07-10T19:38:52.078+0000] {logging_mixin.py:190} INFO - [2026-07-10T19:38:52.078+0000] {override.py:1911} INFO - Created Permission View: menu access on DAG Run:02_sql_transform
[2026-07-10T19:38:52.079+0000] {logging_mixin.py:190} INFO - [2026-07-10T19:38:52.079+0000] {dag.py:3239} INFO - Sync 1 DAGs
[2026-07-10T19:38:52.113+0000] {logging_mixin.py:190} INFO - [2026-07-10T19:38:52.112+0000] {dag.py:3262} INFO - Creating ORM DAG for 02_sql_transform
[2026-07-10T19:38:52.114+0000] {logging_mixin.py:190} INFO - [2026-07-10T19:38:52.113+0000] {dag.py:4180} INFO - Setting next_dagrun for 02_sql_transform to None, run_after=None
[2026-07-10T19:38:52.143+0000] {processor.py:208} INFO - Processing /opt/airflow/dags/02_sql_transform.py took 0.362 seconds
[2026-07-10T19:39:22.372+0000] {processor.py:186} INFO - Started process (PID=240) to work on /opt/airflow/dags/02_sql_transform.py
[2026-07-10T19:39:22.373+0000] {processor.py:914} INFO - Processing file /opt/airflow/dags/02_sql_transform.py for tasks to queue
[2026-07-10T19:39:22.375+0000] {logging_mixin.py:190} INFO - [2026-07-10T19:39:22.374+0000] {dagbag.py:588} INFO - Filling up the DagBag from /opt/airflow/dags/02_sql_transform.py
[2026-07-10T19:39:22.384+0000] {processor.py:925} INFO - DAG(s) '02_sql_transform' retrieved from /opt/airflow/dags/02_sql_transform.py
[2026-07-10T19:39:22.428+0000] {logging_mixin.py:190} INFO - [2026-07-10T19:39:22.428+0000] {dag.py:3239} INFO - Sync 1 DAGs
[2026-07-10T19:39:22.445+0000] {logging_mixin.py:190} INFO - [2026-07-10T19:39:22.445+0000] {dag.py:4180} INFO - Setting next_dagrun for 02_sql_transform to None, run_after=None
[2026-07-10T19:39:22.566+0000] {processor.py:208} INFO - Processing /opt/airflow/dags/02_sql_transform.py took 0.200 seconds
[2026-07-10T19:39:52.653+0000] {processor.py:186} INFO - Started process (PID=292) to work on /opt/airflow/dags/02_sql_transform.py
[2026-07-10T19:39:52.654+0000] {processor.py:914} INFO - Processing file /opt/airflow/dags/02_sql_transform.py for tasks to queue
[2026-07-10T19:39:52.657+0000] {logging_mixin.py:190} INFO - [2026-07-10T19:39:52.657+0000] {dagbag.py:588} INFO - Filling up the DagBag from /opt/airflow/dags/02_sql_transform.py
[2026-07-10T19:39:52.669+0000] {processor.py:925} INFO - DAG(s) '02_sql_transform' retrieved from /opt/airflow/dags/02_sql_transform.py
[2026-07-10T19:39:52.719+0000] {logging_mixin.py:190} INFO - [2026-07-10T19:39:52.719+0000] {dag.py:3239} INFO - Sync 1 DAGs
[2026-07-10T19:39:52.746+0000] {logging_mixin.py:190} INFO - [2026-07-10T19:39:52.746+0000] {dag.py:4180} INFO - Setting next_dagrun for 02_sql_transform to None, run_after=None
[2026-07-10T19:39:52.770+0000] {processor.py:208} INFO - Processing /opt/airflow/dags/02_sql_transform.py took 0.126 seconds
[2026-07-10T19:40:22.988+0000] {processor.py:186} INFO - Started process (PID=340) to work on /opt/airflow/dags/02_sql_transform.py
[2026-07-10T19:40:22.989+0000] {processor.py:914} INFO - Processing file /opt/airflow/dags/02_sql_transform.py for tasks to queue
[2026-07-10T19:40:22.991+0000] {logging_mixin.py:190} INFO - [2026-07-10T19:40:22.991+0000] {dagbag.py:588} INFO - Filling up the DagBag from /opt/airflow/dags/02_sql_transform.py
[2026-07-10T19:40:23.002+0000] {processor.py:925} INFO - DAG(s) '02_sql_transform' retrieved from /opt/airflow/dags/02_sql_transform.py
[2026-07-10T19:40:23.043+0000] {logging_mixin.py:190} INFO - [2026-07-10T19:40:23.043+0000] {dag.py:3239} INFO - Sync 1 DAGs
[2026-07-10T19:40:23.061+0000] {logging_mixin.py:190} INFO - [2026-07-10T19:40:23.061+0000] {dag.py:4180} INFO - Setting next_dagrun for 02_sql_transform to None, run_after=None
[2026-07-10T19:40:23.084+0000] {processor.py:208} INFO - Processing /opt/airflow/dags/02_sql_transform.py took 0.104 seconds
[2026-07-10T19:40:54.156+0000] {processor.py:186} INFO - Started process (PID=390) to work on /opt/airflow/dags/02_sql_transform.py
[2026-07-10T19:40:54.158+0000] {processor.py:914} INFO - Processing file /opt/airflow/dags/02_sql_transform.py for tasks to queue
[2026-07-10T19:40:54.160+0000] {logging_mixin.py:190} INFO - [2026-07-10T19:40:54.160+0000] {dagbag.py:588} INFO - Filling up the DagBag from /opt/airflow/dags/02_sql_transform.py
[2026-07-10T19:40:54.170+0000] {processor.py:925} INFO - DAG(s) '02_sql_transform' retrieved from /opt/airflow/dags/02_sql_transform.py
[2026-07-10T19:40:54.206+0000] {logging_mixin.py:190} INFO - [2026-07-10T19:40:54.205+0000] {dag.py:3239} INFO - Sync 1 DAGs
[2026-07-10T19:40:54.221+0000] {logging_mixin.py:190} INFO - [2026-07-10T19:40:54.221+0000] {dag.py:4180} INFO - Setting next_dagrun for 02_sql_transform to None, run_after=None
[2026-07-10T19:40:54.241+0000] {processor.py:208} INFO - Processing /opt/airflow/dags/02_sql_transform.py took 0.094 seconds
[2026-07-10T19:41:24.567+0000] {processor.py:186} INFO - Started process (PID=440) to work on /opt/airflow/dags/02_sql_transform.py
[2026-07-10T19:41:24.568+0000] {processor.py:914} INFO - Processing file /opt/airflow/dags/02_sql_transform.py for tasks to queue
[2026-07-10T19:41:24.571+0000] {logging_mixin.py:190} INFO - [2026-07-10T19:41:24.570+0000] {dagbag.py:588} INFO - Filling up the DagBag from /opt/airflow/dags/02_sql_transform.py
[2026-07-10T19:41:24.581+0000] {processor.py:925} INFO - DAG(s) '02_sql_transform' retrieved from /opt/airflow/dags/02_sql_transform.py
[2026-07-10T19:41:24.621+0000] {logging_mixin.py:190} INFO - [2026-07-10T19:41:24.621+0000] {dag.py:3239} INFO - Sync 1 DAGs
[2026-07-10T19:41:24.910+0000] {logging_mixin.py:190} INFO - [2026-07-10T19:41:24.909+0000] {dag.py:4180} INFO - Setting next_dagrun for 02_sql_transform to None, run_after=None
[2026-07-10T19:41:24.944+0000] {processor.py:208} INFO - Processing /opt/airflow/dags/02_sql_transform.py took 0.385 seconds
[2026-07-10T19:41:55.469+0000] {processor.py:186} INFO - Started process (PID=490) to work on /opt/airflow/dags/02_sql_transform.py
[2026-07-10T19:41:55.471+0000] {processor.py:914} INFO - Processing file /opt/airflow/dags/02_sql_transform.py for tasks to queue
[2026-07-10T19:41:55.474+0000] {logging_mixin.py:190} INFO - [2026-07-10T19:41:55.474+0000] {dagbag.py:588} INFO - Filling up the DagBag from /opt/airflow/dags/02_sql_transform.py
[2026-07-10T19:41:55.485+0000] {processor.py:925} INFO - DAG(s) '02_sql_transform' retrieved from /opt/airflow/dags/02_sql_transform.py
[2026-07-10T19:41:55.536+0000] {logging_mixin.py:190} INFO - [2026-07-10T19:41:55.536+0000] {dag.py:3239} INFO - Sync 1 DAGs
[2026-07-10T19:41:55.559+0000] {logging_mixin.py:190} INFO - [2026-07-10T19:41:55.558+0000] {dag.py:4180} INFO - Setting next_dagrun for 02_sql_transform to None, run_after=None
[2026-07-10T19:41:55.582+0000] {processor.py:208} INFO - Processing /opt/airflow/dags/02_sql_transform.py took 0.125 seconds
[2026-07-10T19:42:26.417+0000] {processor.py:186} INFO - Started process (PID=552) to work on /opt/airflow/dags/02_sql_transform.py
[2026-07-10T19:42:26.417+0000] {processor.py:914} INFO - Processing file /opt/airflow/dags/02_sql_transform.py for tasks to queue
[2026-07-10T19:42:26.420+0000] {logging_mixin.py:190} INFO - [2026-07-10T19:42:26.419+0000] {dagbag.py:588} INFO - Filling up the DagBag from /opt/airflow/dags/02_sql_transform.py
[2026-07-10T19:42:26.432+0000] {processor.py:925} INFO - DAG(s) '02_sql_transform' retrieved from /opt/airflow/dags/02_sql_transform.py
[2026-07-10T19:42:26.487+0000] {logging_mixin.py:190} INFO - [2026-07-10T19:42:26.487+0000] {dag.py:3239} INFO - Sync 1 DAGs
[2026-07-10T19:42:26.773+0000] {logging_mixin.py:190} INFO - [2026-07-10T19:42:26.772+0000] {dag.py:4180} INFO - Setting next_dagrun for 02_sql_transform to None, run_after=None
[2026-07-10T19:42:26.800+0000] {processor.py:208} INFO - Processing /opt/airflow/dags/02_sql_transform.py took 0.389 seconds
[2026-07-10T19:42:57.808+0000] {processor.py:186} INFO - Started process (PID=632) to work on /opt/airflow/dags/02_sql_transform.py
[2026-07-10T19:42:57.819+0000] {processor.py:914} INFO - Processing file /opt/airflow/dags/02_sql_transform.py for tasks to queue
[2026-07-10T19:42:57.830+0000] {logging_mixin.py:190} INFO - [2026-07-10T19:42:57.829+0000] {dagbag.py:588} INFO - Filling up the DagBag from /opt/airflow/dags/02_sql_transform.py
[2026-07-10T19:42:57.874+0000] {processor.py:925} INFO - DAG(s) '02_sql_transform' retrieved from /opt/airflow/dags/02_sql_transform.py
[2026-07-10T19:42:57.957+0000] {logging_mixin.py:190} INFO - [2026-07-10T19:42:57.957+0000] {dag.py:3239} INFO - Sync 1 DAGs
[2026-07-10T19:42:58.019+0000] {logging_mixin.py:190} INFO - [2026-07-10T19:42:58.019+0000] {dag.py:4180} INFO - Setting next_dagrun for 02_sql_transform to None, run_after=None
[2026-07-10T19:42:58.099+0000] {processor.py:208} INFO - Processing /opt/airflow/dags/02_sql_transform.py took 0.323 seconds
[2026-07-10T19:43:28.448+0000] {processor.py:186} INFO - Started process (PID=694) to work on /opt/airflow/dags/02_sql_transform.py
[2026-07-10T19:43:28.452+0000] {processor.py:914} INFO - Processing file /opt/airflow/dags/02_sql_transform.py for tasks to queue
[2026-07-10T19:43:28.455+0000] {logging_mixin.py:190} INFO - [2026-07-10T19:43:28.455+0000] {dagbag.py:588} INFO - Filling up the DagBag from /opt/airflow/dags/02_sql_transform.py
[2026-07-10T19:43:28.473+0000] {processor.py:925} INFO - DAG(s) '02_sql_transform' retrieved from /opt/airflow/dags/02_sql_transform.py
[2026-07-10T19:43:28.551+0000] {logging_mixin.py:190} INFO - [2026-07-10T19:43:28.551+0000] {dag.py:3239} INFO - Sync 1 DAGs
[2026-07-10T19:43:28.578+0000] {logging_mixin.py:190} INFO - [2026-07-10T19:43:28.577+0000] {dag.py:4180} INFO - Setting next_dagrun for 02_sql_transform to None, run_after=None
[2026-07-10T19:43:28.610+0000] {processor.py:208} INFO - Processing /opt/airflow/dags/02_sql_transform.py took 0.176 seconds
[2026-07-10T19:43:59.312+0000] {processor.py:186} INFO - Started process (PID=753) to work on /opt/airflow/dags/02_sql_transform.py
[2026-07-10T19:43:59.319+0000] {processor.py:914} INFO - Processing file /opt/airflow/dags/02_sql_transform.py for tasks to queue
[2026-07-10T19:43:59.327+0000] {logging_mixin.py:190} INFO - [2026-07-10T19:43:59.326+0000] {dagbag.py:588} INFO - Filling up the DagBag from /opt/airflow/dags/02_sql_transform.py
[2026-07-10T19:43:59.358+0000] {processor.py:925} INFO - DAG(s) '02_sql_transform' retrieved from /opt/airflow/dags/02_sql_transform.py
[2026-07-10T19:43:59.528+0000] {logging_mixin.py:190} INFO - [2026-07-10T19:43:59.528+0000] {dag.py:3239} INFO - Sync 1 DAGs
[2026-07-10T19:43:59.589+0000] {logging_mixin.py:190} INFO - [2026-07-10T19:43:59.589+0000] {dag.py:4180} INFO - Setting next_dagrun for 02_sql_transform to None, run_after=None
[2026-07-10T19:43:59.657+0000] {processor.py:208} INFO - Processing /opt/airflow/dags/02_sql_transform.py took 0.458 seconds
[2026-07-10T19:44:30.013+0000] {processor.py:186} INFO - Started process (PID=805) to work on /opt/airflow/dags/02_sql_transform.py
[2026-07-10T19:44:30.014+0000] {processor.py:914} INFO - Processing file /opt/airflow/dags/02_sql_transform.py for tasks to queue
[2026-07-10T19:44:30.020+0000] {logging_mixin.py:190} INFO - [2026-07-10T19:44:30.019+0000] {dagbag.py:588} INFO - Filling up the DagBag from /opt/airflow/dags/02_sql_transform.py
[2026-07-10T19:44:30.039+0000] {processor.py:925} INFO - DAG(s) '02_sql_transform' retrieved from /opt/airflow/dags/02_sql_transform.py
[2026-07-10T19:44:30.098+0000] {logging_mixin.py:190} INFO - [2026-07-10T19:44:30.098+0000] {dag.py:3239} INFO - Sync 1 DAGs
[2026-07-10T19:44:30.122+0000] {logging_mixin.py:190} INFO - [2026-07-10T19:44:30.122+0000] {dag.py:4180} INFO - Setting next_dagrun for 02_sql_transform to None, run_after=None
[2026-07-10T19:44:30.146+0000] {processor.py:208} INFO - Processing /opt/airflow/dags/02_sql_transform.py took 0.145 seconds
[2026-07-10T19:45:00.320+0000] {processor.py:186} INFO - Started process (PID=910) to work on /opt/airflow/dags/02_sql_transform.py
[2026-07-10T19:45:00.323+0000] {processor.py:914} INFO - Processing file /opt/airflow/dags/02_sql_transform.py for tasks to queue
[2026-07-10T19:45:00.329+0000] {logging_mixin.py:190} INFO - [2026-07-10T19:45:00.328+0000] {dagbag.py:588} INFO - Filling up the DagBag from /opt/airflow/dags/02_sql_transform.py
[2026-07-10T19:45:00.360+0000] {processor.py:925} INFO - DAG(s) '02_sql_transform' retrieved from /opt/airflow/dags/02_sql_transform.py
[2026-07-10T19:45:00.428+0000] {logging_mixin.py:190} INFO - [2026-07-10T19:45:00.427+0000] {dag.py:3239} INFO - Sync 1 DAGs
[2026-07-10T19:45:00.487+0000] {logging_mixin.py:190} INFO - [2026-07-10T19:45:00.485+0000] {dag.py:4180} INFO - Setting next_dagrun for 02_sql_transform to None, run_after=None
[2026-07-10T19:45:00.574+0000] {processor.py:208} INFO - Processing /opt/airflow/dags/02_sql_transform.py took 0.265 seconds
[2026-07-10T19:45:30.790+0000] {processor.py:186} INFO - Started process (PID=972) to work on /opt/airflow/dags/02_sql_transform.py
[2026-07-10T19:45:30.793+0000] {processor.py:914} INFO - Processing file /opt/airflow/dags/02_sql_transform.py for tasks to queue
[2026-07-10T19:45:30.801+0000] {logging_mixin.py:190} INFO - [2026-07-10T19:45:30.800+0000] {dagbag.py:588} INFO - Filling up the DagBag from /opt/airflow/dags/02_sql_transform.py
[2026-07-10T19:45:30.825+0000] {processor.py:925} INFO - DAG(s) '02_sql_transform' retrieved from /opt/airflow/dags/02_sql_transform.py
[2026-07-10T19:45:30.888+0000] {logging_mixin.py:190} INFO - [2026-07-10T19:45:30.887+0000] {dag.py:3239} INFO - Sync 1 DAGs
[2026-07-10T19:45:30.916+0000] {logging_mixin.py:190} INFO - [2026-07-10T19:45:30.916+0000] {dag.py:4180} INFO - Setting next_dagrun for 02_sql_transform to None, run_after=None
[2026-07-10T19:45:30.948+0000] {processor.py:208} INFO - Processing /opt/airflow/dags/02_sql_transform.py took 0.196 seconds
[2026-07-10T19:46:01.258+0000] {processor.py:186} INFO - Started process (PID=1022) to work on /opt/airflow/dags/02_sql_transform.py
[2026-07-10T19:46:01.260+0000] {processor.py:914} INFO - Processing file /opt/airflow/dags/02_sql_transform.py for tasks to queue
[2026-07-10T19:46:01.266+0000] {logging_mixin.py:190} INFO - [2026-07-10T19:46:01.265+0000] {dagbag.py:588} INFO - Filling up the DagBag from /opt/airflow/dags/02_sql_transform.py
[2026-07-10T19:46:01.286+0000] {processor.py:925} INFO - DAG(s) '02_sql_transform' retrieved from /opt/airflow/dags/02_sql_transform.py
[2026-07-10T19:46:01.341+0000] {logging_mixin.py:190} INFO - [2026-07-10T19:46:01.341+0000] {dag.py:3239} INFO - Sync 1 DAGs
[2026-07-10T19:46:01.372+0000] {logging_mixin.py:190} INFO - [2026-07-10T19:46:01.372+0000] {dag.py:4180} INFO - Setting next_dagrun for 02_sql_transform to None, run_after=None
[2026-07-10T19:46:01.449+0000] {processor.py:208} INFO - Processing /opt/airflow/dags/02_sql_transform.py took 0.224 seconds
[2026-07-10T19:46:31.609+0000] {processor.py:186} INFO - Started process (PID=1072) to work on /opt/airflow/dags/02_sql_transform.py
[2026-07-10T19:46:31.610+0000] {processor.py:914} INFO - Processing file /opt/airflow/dags/02_sql_transform.py for tasks to queue
[2026-07-10T19:46:31.613+0000] {logging_mixin.py:190} INFO - [2026-07-10T19:46:31.613+0000] {dagbag.py:588} INFO - Filling up the DagBag from /opt/airflow/dags/02_sql_transform.py
[2026-07-10T19:46:31.643+0000] {processor.py:925} INFO - DAG(s) '02_sql_transform' retrieved from /opt/airflow/dags/02_sql_transform.py
[2026-07-10T19:46:31.690+0000] {logging_mixin.py:190} INFO - [2026-07-10T19:46:31.690+0000] {dag.py:3239} INFO - Sync 1 DAGs
[2026-07-10T19:46:31.731+0000] {logging_mixin.py:190} INFO - [2026-07-10T19:46:31.731+0000] {dag.py:4180} INFO - Setting next_dagrun for 02_sql_transform to None, run_after=None
[2026-07-10T19:46:31.757+0000] {processor.py:208} INFO - Processing /opt/airflow/dags/02_sql_transform.py took 0.165 seconds
[2026-07-10T19:47:01.869+0000] {processor.py:186} INFO - Started process (PID=1122) to work on /opt/airflow/dags/02_sql_transform.py
[2026-07-10T19:47:01.871+0000] {processor.py:914} INFO - Processing file /opt/airflow/dags/02_sql_transform.py for tasks to queue
[2026-07-10T19:47:01.876+0000] {logging_mixin.py:190} INFO - [2026-07-10T19:47:01.875+0000] {dagbag.py:588} INFO - Filling up the DagBag from /opt/airflow/dags/02_sql_transform.py
[2026-07-10T19:47:01.909+0000] {processor.py:925} INFO - DAG(s) '02_sql_transform' retrieved from /opt/airflow/dags/02_sql_transform.py
[2026-07-10T19:47:02.028+0000] {logging_mixin.py:190} INFO - [2026-07-10T19:47:02.027+0000] {dag.py:3239} INFO - Sync 1 DAGs
[2026-07-10T19:47:02.072+0000] {logging_mixin.py:190} INFO - [2026-07-10T19:47:02.071+0000] {dag.py:4180} INFO - Setting next_dagrun for 02_sql_transform to None, run_after=None
[2026-07-10T19:47:02.116+0000] {processor.py:208} INFO - Processing /opt/airflow/dags/02_sql_transform.py took 0.262 seconds
[2026-07-10T19:47:32.473+0000] {processor.py:186} INFO - Started process (PID=1177) to work on /opt/airflow/dags/02_sql_transform.py
[2026-07-10T19:47:32.476+0000] {processor.py:914} INFO - Processing file /opt/airflow/dags/02_sql_transform.py for tasks to queue
[2026-07-10T19:47:32.486+0000] {logging_mixin.py:190} INFO - [2026-07-10T19:47:32.485+0000] {dagbag.py:588} INFO - Filling up the DagBag from /opt/airflow/dags/02_sql_transform.py
[2026-07-10T19:47:32.506+0000] {processor.py:925} INFO - DAG(s) '02_sql_transform' retrieved from /opt/airflow/dags/02_sql_transform.py
[2026-07-10T19:47:32.586+0000] {logging_mixin.py:190} INFO - [2026-07-10T19:47:32.584+0000] {dag.py:3239} INFO - Sync 1 DAGs
[2026-07-10T19:47:32.635+0000] {logging_mixin.py:190} INFO - [2026-07-10T19:47:32.634+0000] {dag.py:4180} INFO - Setting next_dagrun for 02_sql_transform to None, run_after=None
[2026-07-10T19:47:32.679+0000] {processor.py:208} INFO - Processing /opt/airflow/dags/02_sql_transform.py took 0.237 seconds
[2026-07-10T19:48:03.218+0000] {processor.py:186} INFO - Started process (PID=1236) to work on /opt/airflow/dags/02_sql_transform.py
[2026-07-10T19:48:03.220+0000] {processor.py:914} INFO - Processing file /opt/airflow/dags/02_sql_transform.py for tasks to queue
[2026-07-10T19:48:03.224+0000] {logging_mixin.py:190} INFO - [2026-07-10T19:48:03.223+0000] {dagbag.py:588} INFO - Filling up the DagBag from /opt/airflow/dags/02_sql_transform.py
[2026-07-10T19:48:03.241+0000] {processor.py:925} INFO - DAG(s) '02_sql_transform' retrieved from /opt/airflow/dags/02_sql_transform.py
[2026-07-10T19:48:03.302+0000] {logging_mixin.py:190} INFO - [2026-07-10T19:48:03.301+0000] {dag.py:3239} INFO - Sync 1 DAGs
[2026-07-10T19:48:03.330+0000] {logging_mixin.py:190} INFO - [2026-07-10T19:48:03.330+0000] {dag.py:4180} INFO - Setting next_dagrun for 02_sql_transform to None, run_after=None
[2026-07-10T19:48:03.365+0000] {processor.py:208} INFO - Processing /opt/airflow/dags/02_sql_transform.py took 0.162 seconds
[2026-07-10T19:48:33.574+0000] {processor.py:186} INFO - Started process (PID=1295) to work on /opt/airflow/dags/02_sql_transform.py
[2026-07-10T19:48:33.575+0000] {processor.py:914} INFO - Processing file /opt/airflow/dags/02_sql_transform.py for tasks to queue
[2026-07-10T19:48:33.578+0000] {logging_mixin.py:190} INFO - [2026-07-10T19:48:33.578+0000] {dagbag.py:588} INFO - Filling up the DagBag from /opt/airflow/dags/02_sql_transform.py
[2026-07-10T19:48:33.594+0000] {processor.py:925} INFO - DAG(s) '02_sql_transform' retrieved from /opt/airflow/dags/02_sql_transform.py
[2026-07-10T19:48:33.685+0000] {logging_mixin.py:190} INFO - [2026-07-10T19:48:33.685+0000] {dag.py:3239} INFO - Sync 1 DAGs
[2026-07-10T19:48:33.728+0000] {logging_mixin.py:190} INFO - [2026-07-10T19:48:33.728+0000] {dag.py:4180} INFO - Setting next_dagrun for 02_sql_transform to None, run_after=None
[2026-07-10T19:48:33.767+0000] {processor.py:208} INFO - Processing /opt/airflow/dags/02_sql_transform.py took 0.211 seconds
[2026-07-10T19:49:04.456+0000] {processor.py:186} INFO - Started process (PID=1363) to work on /opt/airflow/dags/02_sql_transform.py
[2026-07-10T19:49:04.461+0000] {processor.py:914} INFO - Processing file /opt/airflow/dags/02_sql_transform.py for tasks to queue
[2026-07-10T19:49:04.472+0000] {logging_mixin.py:190} INFO - [2026-07-10T19:49:04.471+0000] {dagbag.py:588} INFO - Filling up the DagBag from /opt/airflow/dags/02_sql_transform.py
[2026-07-10T19:49:04.564+0000] {processor.py:925} INFO - DAG(s) '02_sql_transform' retrieved from /opt/airflow/dags/02_sql_transform.py
[2026-07-10T19:49:04.642+0000] {logging_mixin.py:190} INFO - [2026-07-10T19:49:04.641+0000] {dag.py:3239} INFO - Sync 1 DAGs
[2026-07-10T19:49:04.804+0000] {logging_mixin.py:190} INFO - [2026-07-10T19:49:04.804+0000] {dag.py:4180} INFO - Setting next_dagrun for 02_sql_transform to None, run_after=None
[2026-07-10T19:49:04.849+0000] {processor.py:208} INFO - Processing /opt/airflow/dags/02_sql_transform.py took 0.433 seconds
[2026-07-10T19:49:35.057+0000] {processor.py:186} INFO - Started process (PID=1431) to work on /opt/airflow/dags/02_sql_transform.py
[2026-07-10T19:49:35.059+0000] {processor.py:914} INFO - Processing file /opt/airflow/dags/02_sql_transform.py for tasks to queue
[2026-07-10T19:49:35.065+0000] {logging_mixin.py:190} INFO - [2026-07-10T19:49:35.064+0000] {dagbag.py:588} INFO - Filling up the DagBag from /opt/airflow/dags/02_sql_transform.py
[2026-07-10T19:49:35.080+0000] {processor.py:925} INFO - DAG(s) '02_sql_transform' retrieved from /opt/airflow/dags/02_sql_transform.py
[2026-07-10T19:49:35.139+0000] {logging_mixin.py:190} INFO - [2026-07-10T19:49:35.139+0000] {dag.py:3239} INFO - Sync 1 DAGs
[2026-07-10T19:49:35.174+0000] {logging_mixin.py:190} INFO - [2026-07-10T19:49:35.173+0000] {dag.py:4180} INFO - Setting next_dagrun for 02_sql_transform to None, run_after=None
[2026-07-10T19:49:35.219+0000] {processor.py:208} INFO - Processing /opt/airflow/dags/02_sql_transform.py took 0.184 seconds
[2026-07-10T19:50:05.601+0000] {processor.py:186} INFO - Started process (PID=1481) to work on /opt/airflow/dags/02_sql_transform.py
[2026-07-10T19:50:05.603+0000] {processor.py:914} INFO - Processing file /opt/airflow/dags/02_sql_transform.py for tasks to queue
[2026-07-10T19:50:05.607+0000] {logging_mixin.py:190} INFO - [2026-07-10T19:50:05.606+0000] {dagbag.py:588} INFO - Filling up the DagBag from /opt/airflow/dags/02_sql_transform.py
[2026-07-10T19:50:05.623+0000] {processor.py:925} INFO - DAG(s) '02_sql_transform' retrieved from /opt/airflow/dags/02_sql_transform.py
[2026-07-10T19:50:05.684+0000] {logging_mixin.py:190} INFO - [2026-07-10T19:50:05.683+0000] {dag.py:3239} INFO - Sync 1 DAGs
[2026-07-10T19:50:05.710+0000] {logging_mixin.py:190} INFO - [2026-07-10T19:50:05.710+0000] {dag.py:4180} INFO - Setting next_dagrun for 02_sql_transform to None, run_after=None
[2026-07-10T19:50:05.739+0000] {processor.py:208} INFO - Processing /opt/airflow/dags/02_sql_transform.py took 0.151 seconds
