[2026-07-10T00:00:27.973+0000] {processor.py:186} INFO - Started process (PID=9006) to work on /opt/airflow/dags/04_branch.py
[2026-07-10T00:00:27.974+0000] {processor.py:914} INFO - Processing file /opt/airflow/dags/04_branch.py for tasks to queue
[2026-07-10T00:00:27.977+0000] {logging_mixin.py:190} INFO - [2026-07-10T00:00:27.977+0000] {dagbag.py:588} INFO - Filling up the DagBag from /opt/airflow/dags/04_branch.py
[2026-07-10T00:00:27.990+0000] {processor.py:925} INFO - DAG(s) '04_branch' retrieved from /opt/airflow/dags/04_branch.py
[2026-07-10T00:00:28.031+0000] {logging_mixin.py:190} INFO - [2026-07-10T00:00:28.031+0000] {dag.py:3239} INFO - Sync 1 DAGs
[2026-07-10T00:00:28.051+0000] {logging_mixin.py:190} INFO - [2026-07-10T00:00:28.050+0000] {dag.py:4180} INFO - Setting next_dagrun for 04_branch to None, run_after=None
[2026-07-10T00:00:28.072+0000] {processor.py:208} INFO - Processing /opt/airflow/dags/04_branch.py took 0.111 seconds
[2026-07-10T00:00:59.170+0000] {processor.py:186} INFO - Started process (PID=9043) to work on /opt/airflow/dags/04_branch.py
[2026-07-10T00:00:59.171+0000] {processor.py:914} INFO - Processing file /opt/airflow/dags/04_branch.py for tasks to queue
[2026-07-10T00:00:59.174+0000] {logging_mixin.py:190} INFO - [2026-07-10T00:00:59.173+0000] {dagbag.py:588} INFO - Filling up the DagBag from /opt/airflow/dags/04_branch.py
[2026-07-10T00:00:59.185+0000] {processor.py:925} INFO - DAG(s) '04_branch' retrieved from /opt/airflow/dags/04_branch.py
[2026-07-10T00:00:59.222+0000] {logging_mixin.py:190} INFO - [2026-07-10T00:00:59.221+0000] {dag.py:3239} INFO - Sync 1 DAGs
[2026-07-10T00:00:59.241+0000] {logging_mixin.py:190} INFO - [2026-07-10T00:00:59.241+0000] {dag.py:4180} INFO - Setting next_dagrun for 04_branch to None, run_after=None
[2026-07-10T00:00:59.261+0000] {processor.py:208} INFO - Processing /opt/airflow/dags/04_branch.py took 0.099 seconds
[2026-07-10T00:01:30.222+0000] {processor.py:186} INFO - Started process (PID=9078) to work on /opt/airflow/dags/04_branch.py
[2026-07-10T00:01:30.224+0000] {processor.py:914} INFO - Processing file /opt/airflow/dags/04_branch.py for tasks to queue
[2026-07-10T00:01:30.227+0000] {logging_mixin.py:190} INFO - [2026-07-10T00:01:30.226+0000] {dagbag.py:588} INFO - Filling up the DagBag from /opt/airflow/dags/04_branch.py
[2026-07-10T00:01:30.238+0000] {processor.py:925} INFO - DAG(s) '04_branch' retrieved from /opt/airflow/dags/04_branch.py
[2026-07-10T00:01:30.277+0000] {logging_mixin.py:190} INFO - [2026-07-10T00:01:30.276+0000] {dag.py:3239} INFO - Sync 1 DAGs
[2026-07-10T00:01:30.294+0000] {logging_mixin.py:190} INFO - [2026-07-10T00:01:30.294+0000] {dag.py:4180} INFO - Setting next_dagrun for 04_branch to None, run_after=None
[2026-07-10T00:01:30.324+0000] {processor.py:208} INFO - Processing /opt/airflow/dags/04_branch.py took 0.113 seconds
[2026-07-10T00:02:01.064+0000] {processor.py:186} INFO - Started process (PID=9111) to work on /opt/airflow/dags/04_branch.py
[2026-07-10T00:02:01.065+0000] {processor.py:914} INFO - Processing file /opt/airflow/dags/04_branch.py for tasks to queue
[2026-07-10T00:02:01.068+0000] {logging_mixin.py:190} INFO - [2026-07-10T00:02:01.068+0000] {dagbag.py:588} INFO - Filling up the DagBag from /opt/airflow/dags/04_branch.py
[2026-07-10T00:02:01.080+0000] {processor.py:925} INFO - DAG(s) '04_branch' retrieved from /opt/airflow/dags/04_branch.py
[2026-07-10T00:02:01.120+0000] {logging_mixin.py:190} INFO - [2026-07-10T00:02:01.120+0000] {dag.py:3239} INFO - Sync 1 DAGs
[2026-07-10T00:02:01.139+0000] {logging_mixin.py:190} INFO - [2026-07-10T00:02:01.139+0000] {dag.py:4180} INFO - Setting next_dagrun for 04_branch to None, run_after=None
[2026-07-10T00:02:01.163+0000] {processor.py:208} INFO - Processing /opt/airflow/dags/04_branch.py took 0.109 seconds
[2026-07-10T00:02:32.032+0000] {processor.py:186} INFO - Started process (PID=9148) to work on /opt/airflow/dags/04_branch.py
[2026-07-10T00:02:32.033+0000] {processor.py:914} INFO - Processing file /opt/airflow/dags/04_branch.py for tasks to queue
[2026-07-10T00:02:32.037+0000] {logging_mixin.py:190} INFO - [2026-07-10T00:02:32.036+0000] {dagbag.py:588} INFO - Filling up the DagBag from /opt/airflow/dags/04_branch.py
[2026-07-10T00:02:32.053+0000] {processor.py:925} INFO - DAG(s) '04_branch' retrieved from /opt/airflow/dags/04_branch.py
[2026-07-10T00:02:32.121+0000] {logging_mixin.py:190} INFO - [2026-07-10T00:02:32.121+0000] {dag.py:3239} INFO - Sync 1 DAGs
[2026-07-10T00:02:32.153+0000] {logging_mixin.py:190} INFO - [2026-07-10T00:02:32.152+0000] {dag.py:4180} INFO - Setting next_dagrun for 04_branch to None, run_after=None
[2026-07-10T00:02:32.186+0000] {processor.py:208} INFO - Processing /opt/airflow/dags/04_branch.py took 0.166 seconds
[2026-07-10T00:03:03.046+0000] {processor.py:186} INFO - Started process (PID=9183) to work on /opt/airflow/dags/04_branch.py
[2026-07-10T00:03:03.048+0000] {processor.py:914} INFO - Processing file /opt/airflow/dags/04_branch.py for tasks to queue
[2026-07-10T00:03:03.050+0000] {logging_mixin.py:190} INFO - [2026-07-10T00:03:03.050+0000] {dagbag.py:588} INFO - Filling up the DagBag from /opt/airflow/dags/04_branch.py
[2026-07-10T00:03:03.059+0000] {processor.py:925} INFO - DAG(s) '04_branch' retrieved from /opt/airflow/dags/04_branch.py
[2026-07-10T00:03:03.097+0000] {logging_mixin.py:190} INFO - [2026-07-10T00:03:03.097+0000] {dag.py:3239} INFO - Sync 1 DAGs
[2026-07-10T00:03:03.115+0000] {logging_mixin.py:190} INFO - [2026-07-10T00:03:03.115+0000] {dag.py:4180} INFO - Setting next_dagrun for 04_branch to None, run_after=None
[2026-07-10T00:03:03.143+0000] {processor.py:208} INFO - Processing /opt/airflow/dags/04_branch.py took 0.103 seconds
[2026-07-10T00:03:33.348+0000] {processor.py:186} INFO - Started process (PID=9216) to work on /opt/airflow/dags/04_branch.py
[2026-07-10T00:03:33.349+0000] {processor.py:914} INFO - Processing file /opt/airflow/dags/04_branch.py for tasks to queue
[2026-07-10T00:03:33.353+0000] {logging_mixin.py:190} INFO - [2026-07-10T00:03:33.352+0000] {dagbag.py:588} INFO - Filling up the DagBag from /opt/airflow/dags/04_branch.py
[2026-07-10T00:03:33.365+0000] {processor.py:925} INFO - DAG(s) '04_branch' retrieved from /opt/airflow/dags/04_branch.py
[2026-07-10T00:03:33.409+0000] {logging_mixin.py:190} INFO - [2026-07-10T00:03:33.409+0000] {dag.py:3239} INFO - Sync 1 DAGs
[2026-07-10T00:03:33.433+0000] {logging_mixin.py:190} INFO - [2026-07-10T00:03:33.432+0000] {dag.py:4180} INFO - Setting next_dagrun for 04_branch to None, run_after=None
[2026-07-10T00:03:33.460+0000] {processor.py:208} INFO - Processing /opt/airflow/dags/04_branch.py took 0.120 seconds
[2026-07-10T00:04:04.334+0000] {processor.py:186} INFO - Started process (PID=9251) to work on /opt/airflow/dags/04_branch.py
[2026-07-10T00:04:04.337+0000] {processor.py:914} INFO - Processing file /opt/airflow/dags/04_branch.py for tasks to queue
[2026-07-10T00:04:04.342+0000] {logging_mixin.py:190} INFO - [2026-07-10T00:04:04.341+0000] {dagbag.py:588} INFO - Filling up the DagBag from /opt/airflow/dags/04_branch.py
[2026-07-10T00:04:04.372+0000] {processor.py:925} INFO - DAG(s) '04_branch' retrieved from /opt/airflow/dags/04_branch.py
[2026-07-10T00:04:04.451+0000] {logging_mixin.py:190} INFO - [2026-07-10T00:04:04.451+0000] {dag.py:3239} INFO - Sync 1 DAGs
[2026-07-10T00:04:04.478+0000] {logging_mixin.py:190} INFO - [2026-07-10T00:04:04.478+0000] {dag.py:4180} INFO - Setting next_dagrun for 04_branch to None, run_after=None
[2026-07-10T00:04:04.509+0000] {processor.py:208} INFO - Processing /opt/airflow/dags/04_branch.py took 0.198 seconds
[2026-07-10T00:04:35.216+0000] {processor.py:186} INFO - Started process (PID=9286) to work on /opt/airflow/dags/04_branch.py
[2026-07-10T00:04:35.218+0000] {processor.py:914} INFO - Processing file /opt/airflow/dags/04_branch.py for tasks to queue
[2026-07-10T00:04:35.228+0000] {logging_mixin.py:190} INFO - [2026-07-10T00:04:35.227+0000] {dagbag.py:588} INFO - Filling up the DagBag from /opt/airflow/dags/04_branch.py
[2026-07-10T00:04:35.249+0000] {processor.py:925} INFO - DAG(s) '04_branch' retrieved from /opt/airflow/dags/04_branch.py
[2026-07-10T00:04:35.323+0000] {logging_mixin.py:190} INFO - [2026-07-10T00:04:35.322+0000] {dag.py:3239} INFO - Sync 1 DAGs
[2026-07-10T00:04:35.365+0000] {logging_mixin.py:190} INFO - [2026-07-10T00:04:35.364+0000] {dag.py:4180} INFO - Setting next_dagrun for 04_branch to None, run_after=None
[2026-07-10T00:04:35.409+0000] {processor.py:208} INFO - Processing /opt/airflow/dags/04_branch.py took 0.238 seconds
[2026-07-10T00:05:06.174+0000] {processor.py:186} INFO - Started process (PID=9330) to work on /opt/airflow/dags/04_branch.py
[2026-07-10T00:05:06.176+0000] {processor.py:914} INFO - Processing file /opt/airflow/dags/04_branch.py for tasks to queue
[2026-07-10T00:05:06.178+0000] {logging_mixin.py:190} INFO - [2026-07-10T00:05:06.178+0000] {dagbag.py:588} INFO - Filling up the DagBag from /opt/airflow/dags/04_branch.py
[2026-07-10T00:05:06.190+0000] {processor.py:925} INFO - DAG(s) '04_branch' retrieved from /opt/airflow/dags/04_branch.py
[2026-07-10T00:05:06.245+0000] {logging_mixin.py:190} INFO - [2026-07-10T00:05:06.245+0000] {dag.py:3239} INFO - Sync 1 DAGs
[2026-07-10T00:05:06.266+0000] {logging_mixin.py:190} INFO - [2026-07-10T00:05:06.265+0000] {dag.py:4180} INFO - Setting next_dagrun for 04_branch to None, run_after=None
[2026-07-10T00:05:06.293+0000] {processor.py:208} INFO - Processing /opt/airflow/dags/04_branch.py took 0.130 seconds
[2026-07-10T00:05:37.174+0000] {processor.py:186} INFO - Started process (PID=9365) to work on /opt/airflow/dags/04_branch.py
[2026-07-10T00:05:37.176+0000] {processor.py:914} INFO - Processing file /opt/airflow/dags/04_branch.py for tasks to queue
[2026-07-10T00:05:37.179+0000] {logging_mixin.py:190} INFO - [2026-07-10T00:05:37.179+0000] {dagbag.py:588} INFO - Filling up the DagBag from /opt/airflow/dags/04_branch.py
[2026-07-10T00:05:37.192+0000] {processor.py:925} INFO - DAG(s) '04_branch' retrieved from /opt/airflow/dags/04_branch.py
[2026-07-10T00:05:37.239+0000] {logging_mixin.py:190} INFO - [2026-07-10T00:05:37.239+0000] {dag.py:3239} INFO - Sync 1 DAGs
[2026-07-10T00:05:37.265+0000] {logging_mixin.py:190} INFO - [2026-07-10T00:05:37.264+0000] {dag.py:4180} INFO - Setting next_dagrun for 04_branch to None, run_after=None
[2026-07-10T00:05:37.290+0000] {processor.py:208} INFO - Processing /opt/airflow/dags/04_branch.py took 0.129 seconds
[2026-07-10T00:06:08.166+0000] {processor.py:186} INFO - Started process (PID=9400) to work on /opt/airflow/dags/04_branch.py
[2026-07-10T00:06:08.168+0000] {processor.py:914} INFO - Processing file /opt/airflow/dags/04_branch.py for tasks to queue
[2026-07-10T00:06:08.170+0000] {logging_mixin.py:190} INFO - [2026-07-10T00:06:08.170+0000] {dagbag.py:588} INFO - Filling up the DagBag from /opt/airflow/dags/04_branch.py
[2026-07-10T00:06:08.183+0000] {processor.py:925} INFO - DAG(s) '04_branch' retrieved from /opt/airflow/dags/04_branch.py
[2026-07-10T00:06:08.227+0000] {logging_mixin.py:190} INFO - [2026-07-10T00:06:08.226+0000] {dag.py:3239} INFO - Sync 1 DAGs
[2026-07-10T00:06:08.241+0000] {logging_mixin.py:190} INFO - [2026-07-10T00:06:08.241+0000] {dag.py:4180} INFO - Setting next_dagrun for 04_branch to None, run_after=None
[2026-07-10T00:06:08.268+0000] {processor.py:208} INFO - Processing /opt/airflow/dags/04_branch.py took 0.112 seconds
[2026-07-10T00:06:38.359+0000] {processor.py:186} INFO - Started process (PID=9435) to work on /opt/airflow/dags/04_branch.py
[2026-07-10T00:06:38.360+0000] {processor.py:914} INFO - Processing file /opt/airflow/dags/04_branch.py for tasks to queue
[2026-07-10T00:06:38.366+0000] {logging_mixin.py:190} INFO - [2026-07-10T00:06:38.366+0000] {dagbag.py:588} INFO - Filling up the DagBag from /opt/airflow/dags/04_branch.py
[2026-07-10T00:06:38.393+0000] {processor.py:925} INFO - DAG(s) '04_branch' retrieved from /opt/airflow/dags/04_branch.py
[2026-07-10T00:06:38.463+0000] {logging_mixin.py:190} INFO - [2026-07-10T00:06:38.462+0000] {dag.py:3239} INFO - Sync 1 DAGs
[2026-07-10T00:06:38.486+0000] {logging_mixin.py:190} INFO - [2026-07-10T00:06:38.486+0000] {dag.py:4180} INFO - Setting next_dagrun for 04_branch to None, run_after=None
[2026-07-10T00:06:38.508+0000] {processor.py:208} INFO - Processing /opt/airflow/dags/04_branch.py took 0.168 seconds
[2026-07-10T00:07:09.358+0000] {processor.py:186} INFO - Started process (PID=9470) to work on /opt/airflow/dags/04_branch.py
[2026-07-10T00:07:09.361+0000] {processor.py:914} INFO - Processing file /opt/airflow/dags/04_branch.py for tasks to queue
[2026-07-10T00:07:09.370+0000] {logging_mixin.py:190} INFO - [2026-07-10T00:07:09.369+0000] {dagbag.py:588} INFO - Filling up the DagBag from /opt/airflow/dags/04_branch.py
[2026-07-10T00:07:09.410+0000] {processor.py:925} INFO - DAG(s) '04_branch' retrieved from /opt/airflow/dags/04_branch.py
[2026-07-10T00:07:09.463+0000] {logging_mixin.py:190} INFO - [2026-07-10T00:07:09.463+0000] {dag.py:3239} INFO - Sync 1 DAGs
[2026-07-10T00:07:09.488+0000] {logging_mixin.py:190} INFO - [2026-07-10T00:07:09.488+0000] {dag.py:4180} INFO - Setting next_dagrun for 04_branch to None, run_after=None
[2026-07-10T00:07:09.513+0000] {processor.py:208} INFO - Processing /opt/airflow/dags/04_branch.py took 0.194 seconds
[2026-07-10T00:07:39.860+0000] {processor.py:186} INFO - Started process (PID=9505) to work on /opt/airflow/dags/04_branch.py
[2026-07-10T00:07:39.862+0000] {processor.py:914} INFO - Processing file /opt/airflow/dags/04_branch.py for tasks to queue
[2026-07-10T00:07:39.866+0000] {logging_mixin.py:190} INFO - [2026-07-10T00:07:39.865+0000] {dagbag.py:588} INFO - Filling up the DagBag from /opt/airflow/dags/04_branch.py
[2026-07-10T00:07:39.877+0000] {processor.py:925} INFO - DAG(s) '04_branch' retrieved from /opt/airflow/dags/04_branch.py
[2026-07-10T00:07:39.925+0000] {logging_mixin.py:190} INFO - [2026-07-10T00:07:39.925+0000] {dag.py:3239} INFO - Sync 1 DAGs
[2026-07-10T00:07:39.941+0000] {logging_mixin.py:190} INFO - [2026-07-10T00:07:39.941+0000] {dag.py:4180} INFO - Setting next_dagrun for 04_branch to None, run_after=None
[2026-07-10T00:07:39.961+0000] {processor.py:208} INFO - Processing /opt/airflow/dags/04_branch.py took 0.110 seconds
[2026-07-10T00:08:10.459+0000] {processor.py:186} INFO - Started process (PID=9540) to work on /opt/airflow/dags/04_branch.py
[2026-07-10T00:08:10.460+0000] {processor.py:914} INFO - Processing file /opt/airflow/dags/04_branch.py for tasks to queue
[2026-07-10T00:08:10.466+0000] {logging_mixin.py:190} INFO - [2026-07-10T00:08:10.465+0000] {dagbag.py:588} INFO - Filling up the DagBag from /opt/airflow/dags/04_branch.py
[2026-07-10T00:08:10.488+0000] {processor.py:925} INFO - DAG(s) '04_branch' retrieved from /opt/airflow/dags/04_branch.py
[2026-07-10T00:08:10.555+0000] {logging_mixin.py:190} INFO - [2026-07-10T00:08:10.555+0000] {dag.py:3239} INFO - Sync 1 DAGs
[2026-07-10T00:08:10.582+0000] {logging_mixin.py:190} INFO - [2026-07-10T00:08:10.582+0000] {dag.py:4180} INFO - Setting next_dagrun for 04_branch to None, run_after=None
[2026-07-10T00:08:10.621+0000] {processor.py:208} INFO - Processing /opt/airflow/dags/04_branch.py took 0.181 seconds
[2026-07-10T00:08:41.678+0000] {processor.py:186} INFO - Started process (PID=9582) to work on /opt/airflow/dags/04_branch.py
[2026-07-10T00:08:41.680+0000] {processor.py:914} INFO - Processing file /opt/airflow/dags/04_branch.py for tasks to queue
[2026-07-10T00:08:41.685+0000] {logging_mixin.py:190} INFO - [2026-07-10T00:08:41.684+0000] {dagbag.py:588} INFO - Filling up the DagBag from /opt/airflow/dags/04_branch.py
[2026-07-10T00:08:41.699+0000] {processor.py:925} INFO - DAG(s) '04_branch' retrieved from /opt/airflow/dags/04_branch.py
[2026-07-10T00:08:41.754+0000] {logging_mixin.py:190} INFO - [2026-07-10T00:08:41.754+0000] {dag.py:3239} INFO - Sync 1 DAGs
[2026-07-10T00:08:41.777+0000] {logging_mixin.py:190} INFO - [2026-07-10T00:08:41.777+0000] {dag.py:4180} INFO - Setting next_dagrun for 04_branch to None, run_after=None
[2026-07-10T00:08:41.807+0000] {processor.py:208} INFO - Processing /opt/airflow/dags/04_branch.py took 0.139 seconds
[2026-07-10T00:09:12.007+0000] {processor.py:186} INFO - Started process (PID=9617) to work on /opt/airflow/dags/04_branch.py
[2026-07-10T00:09:12.009+0000] {processor.py:914} INFO - Processing file /opt/airflow/dags/04_branch.py for tasks to queue
[2026-07-10T00:09:12.013+0000] {logging_mixin.py:190} INFO - [2026-07-10T00:09:12.013+0000] {dagbag.py:588} INFO - Filling up the DagBag from /opt/airflow/dags/04_branch.py
[2026-07-10T00:09:12.025+0000] {processor.py:925} INFO - DAG(s) '04_branch' retrieved from /opt/airflow/dags/04_branch.py
[2026-07-10T00:09:12.068+0000] {logging_mixin.py:190} INFO - [2026-07-10T00:09:12.068+0000] {dag.py:3239} INFO - Sync 1 DAGs
[2026-07-10T00:09:12.086+0000] {logging_mixin.py:190} INFO - [2026-07-10T00:09:12.086+0000] {dag.py:4180} INFO - Setting next_dagrun for 04_branch to None, run_after=None
[2026-07-10T00:09:12.116+0000] {processor.py:208} INFO - Processing /opt/airflow/dags/04_branch.py took 0.125 seconds
[2026-07-10T00:09:43.187+0000] {processor.py:186} INFO - Started process (PID=9661) to work on /opt/airflow/dags/04_branch.py
[2026-07-10T00:09:43.188+0000] {processor.py:914} INFO - Processing file /opt/airflow/dags/04_branch.py for tasks to queue
[2026-07-10T00:09:43.193+0000] {logging_mixin.py:190} INFO - [2026-07-10T00:09:43.192+0000] {dagbag.py:588} INFO - Filling up the DagBag from /opt/airflow/dags/04_branch.py
[2026-07-10T00:09:43.206+0000] {processor.py:925} INFO - DAG(s) '04_branch' retrieved from /opt/airflow/dags/04_branch.py
[2026-07-10T00:09:43.259+0000] {logging_mixin.py:190} INFO - [2026-07-10T00:09:43.257+0000] {dag.py:3239} INFO - Sync 1 DAGs
[2026-07-10T00:09:43.282+0000] {logging_mixin.py:190} INFO - [2026-07-10T00:09:43.282+0000] {dag.py:4180} INFO - Setting next_dagrun for 04_branch to None, run_after=None
[2026-07-10T00:09:43.313+0000] {processor.py:208} INFO - Processing /opt/airflow/dags/04_branch.py took 0.134 seconds
[2026-07-10T00:10:14.426+0000] {processor.py:186} INFO - Started process (PID=9694) to work on /opt/airflow/dags/04_branch.py
[2026-07-10T00:10:14.428+0000] {processor.py:914} INFO - Processing file /opt/airflow/dags/04_branch.py for tasks to queue
[2026-07-10T00:10:14.431+0000] {logging_mixin.py:190} INFO - [2026-07-10T00:10:14.431+0000] {dagbag.py:588} INFO - Filling up the DagBag from /opt/airflow/dags/04_branch.py
[2026-07-10T00:10:14.445+0000] {processor.py:925} INFO - DAG(s) '04_branch' retrieved from /opt/airflow/dags/04_branch.py
[2026-07-10T00:10:14.495+0000] {logging_mixin.py:190} INFO - [2026-07-10T00:10:14.495+0000] {dag.py:3239} INFO - Sync 1 DAGs
[2026-07-10T00:10:14.516+0000] {logging_mixin.py:190} INFO - [2026-07-10T00:10:14.516+0000] {dag.py:4180} INFO - Setting next_dagrun for 04_branch to None, run_after=None
[2026-07-10T00:10:14.548+0000] {processor.py:208} INFO - Processing /opt/airflow/dags/04_branch.py took 0.134 seconds
[2026-07-10T00:10:44.820+0000] {processor.py:186} INFO - Started process (PID=9731) to work on /opt/airflow/dags/04_branch.py
[2026-07-10T00:10:44.821+0000] {processor.py:914} INFO - Processing file /opt/airflow/dags/04_branch.py for tasks to queue
[2026-07-10T00:10:44.824+0000] {logging_mixin.py:190} INFO - [2026-07-10T00:10:44.823+0000] {dagbag.py:588} INFO - Filling up the DagBag from /opt/airflow/dags/04_branch.py
[2026-07-10T00:10:44.835+0000] {processor.py:925} INFO - DAG(s) '04_branch' retrieved from /opt/airflow/dags/04_branch.py
[2026-07-10T00:10:44.872+0000] {logging_mixin.py:190} INFO - [2026-07-10T00:10:44.871+0000] {dag.py:3239} INFO - Sync 1 DAGs
[2026-07-10T00:10:44.890+0000] {logging_mixin.py:190} INFO - [2026-07-10T00:10:44.890+0000] {dag.py:4180} INFO - Setting next_dagrun for 04_branch to None, run_after=None
[2026-07-10T00:10:44.917+0000] {processor.py:208} INFO - Processing /opt/airflow/dags/04_branch.py took 0.104 seconds
[2026-07-10T00:11:15.649+0000] {processor.py:186} INFO - Started process (PID=9764) to work on /opt/airflow/dags/04_branch.py
[2026-07-10T00:11:15.651+0000] {processor.py:914} INFO - Processing file /opt/airflow/dags/04_branch.py for tasks to queue
[2026-07-10T00:11:15.655+0000] {logging_mixin.py:190} INFO - [2026-07-10T00:11:15.654+0000] {dagbag.py:588} INFO - Filling up the DagBag from /opt/airflow/dags/04_branch.py
[2026-07-10T00:11:15.674+0000] {processor.py:925} INFO - DAG(s) '04_branch' retrieved from /opt/airflow/dags/04_branch.py
[2026-07-10T00:11:15.734+0000] {logging_mixin.py:190} INFO - [2026-07-10T00:11:15.733+0000] {dag.py:3239} INFO - Sync 1 DAGs
[2026-07-10T00:11:15.767+0000] {logging_mixin.py:190} INFO - [2026-07-10T00:11:15.766+0000] {dag.py:4180} INFO - Setting next_dagrun for 04_branch to None, run_after=None
[2026-07-10T00:11:15.794+0000] {processor.py:208} INFO - Processing /opt/airflow/dags/04_branch.py took 0.161 seconds
[2026-07-10T00:11:46.841+0000] {processor.py:186} INFO - Started process (PID=9801) to work on /opt/airflow/dags/04_branch.py
[2026-07-10T00:11:46.842+0000] {processor.py:914} INFO - Processing file /opt/airflow/dags/04_branch.py for tasks to queue
[2026-07-10T00:11:46.844+0000] {logging_mixin.py:190} INFO - [2026-07-10T00:11:46.844+0000] {dagbag.py:588} INFO - Filling up the DagBag from /opt/airflow/dags/04_branch.py
[2026-07-10T00:11:46.854+0000] {processor.py:925} INFO - DAG(s) '04_branch' retrieved from /opt/airflow/dags/04_branch.py
[2026-07-10T00:11:46.890+0000] {logging_mixin.py:190} INFO - [2026-07-10T00:11:46.890+0000] {dag.py:3239} INFO - Sync 1 DAGs
[2026-07-10T00:11:46.907+0000] {logging_mixin.py:190} INFO - [2026-07-10T00:11:46.907+0000] {dag.py:4180} INFO - Setting next_dagrun for 04_branch to None, run_after=None
[2026-07-10T00:11:46.927+0000] {processor.py:208} INFO - Processing /opt/airflow/dags/04_branch.py took 0.094 seconds
[2026-07-10T00:12:17.793+0000] {processor.py:186} INFO - Started process (PID=9836) to work on /opt/airflow/dags/04_branch.py
[2026-07-10T00:12:17.795+0000] {processor.py:914} INFO - Processing file /opt/airflow/dags/04_branch.py for tasks to queue
[2026-07-10T00:12:17.798+0000] {logging_mixin.py:190} INFO - [2026-07-10T00:12:17.797+0000] {dagbag.py:588} INFO - Filling up the DagBag from /opt/airflow/dags/04_branch.py
[2026-07-10T00:12:17.808+0000] {processor.py:925} INFO - DAG(s) '04_branch' retrieved from /opt/airflow/dags/04_branch.py
[2026-07-10T00:12:17.854+0000] {logging_mixin.py:190} INFO - [2026-07-10T00:12:17.853+0000] {dag.py:3239} INFO - Sync 1 DAGs
[2026-07-10T00:12:17.870+0000] {logging_mixin.py:190} INFO - [2026-07-10T00:12:17.870+0000] {dag.py:4180} INFO - Setting next_dagrun for 04_branch to None, run_after=None
[2026-07-10T00:12:17.893+0000] {processor.py:208} INFO - Processing /opt/airflow/dags/04_branch.py took 0.108 seconds
[2026-07-10T00:12:48.864+0000] {processor.py:186} INFO - Started process (PID=9871) to work on /opt/airflow/dags/04_branch.py
[2026-07-10T00:12:48.865+0000] {processor.py:914} INFO - Processing file /opt/airflow/dags/04_branch.py for tasks to queue
[2026-07-10T00:12:48.868+0000] {logging_mixin.py:190} INFO - [2026-07-10T00:12:48.868+0000] {dagbag.py:588} INFO - Filling up the DagBag from /opt/airflow/dags/04_branch.py
[2026-07-10T00:12:48.878+0000] {processor.py:925} INFO - DAG(s) '04_branch' retrieved from /opt/airflow/dags/04_branch.py
[2026-07-10T00:12:48.915+0000] {logging_mixin.py:190} INFO - [2026-07-10T00:12:48.915+0000] {dag.py:3239} INFO - Sync 1 DAGs
[2026-07-10T00:12:48.932+0000] {logging_mixin.py:190} INFO - [2026-07-10T00:12:48.932+0000] {dag.py:4180} INFO - Setting next_dagrun for 04_branch to None, run_after=None
[2026-07-10T00:12:48.952+0000] {processor.py:208} INFO - Processing /opt/airflow/dags/04_branch.py took 0.096 seconds
[2026-07-10T00:13:20.022+0000] {processor.py:186} INFO - Started process (PID=9906) to work on /opt/airflow/dags/04_branch.py
[2026-07-10T00:13:20.024+0000] {processor.py:914} INFO - Processing file /opt/airflow/dags/04_branch.py for tasks to queue
[2026-07-10T00:13:20.027+0000] {logging_mixin.py:190} INFO - [2026-07-10T00:13:20.026+0000] {dagbag.py:588} INFO - Filling up the DagBag from /opt/airflow/dags/04_branch.py
[2026-07-10T00:13:20.037+0000] {processor.py:925} INFO - DAG(s) '04_branch' retrieved from /opt/airflow/dags/04_branch.py
[2026-07-10T00:13:20.072+0000] {logging_mixin.py:190} INFO - [2026-07-10T00:13:20.072+0000] {dag.py:3239} INFO - Sync 1 DAGs
[2026-07-10T00:13:20.089+0000] {logging_mixin.py:190} INFO - [2026-07-10T00:13:20.089+0000] {dag.py:4180} INFO - Setting next_dagrun for 04_branch to None, run_after=None
[2026-07-10T00:13:20.110+0000] {processor.py:208} INFO - Processing /opt/airflow/dags/04_branch.py took 0.095 seconds
[2026-07-10T00:13:51.080+0000] {processor.py:186} INFO - Started process (PID=9941) to work on /opt/airflow/dags/04_branch.py
[2026-07-10T00:13:51.081+0000] {processor.py:914} INFO - Processing file /opt/airflow/dags/04_branch.py for tasks to queue
[2026-07-10T00:13:51.085+0000] {logging_mixin.py:190} INFO - [2026-07-10T00:13:51.084+0000] {dagbag.py:588} INFO - Filling up the DagBag from /opt/airflow/dags/04_branch.py
[2026-07-10T00:13:51.099+0000] {processor.py:925} INFO - DAG(s) '04_branch' retrieved from /opt/airflow/dags/04_branch.py
[2026-07-10T00:13:51.150+0000] {logging_mixin.py:190} INFO - [2026-07-10T00:13:51.150+0000] {dag.py:3239} INFO - Sync 1 DAGs
[2026-07-10T00:13:51.172+0000] {logging_mixin.py:190} INFO - [2026-07-10T00:13:51.171+0000] {dag.py:4180} INFO - Setting next_dagrun for 04_branch to None, run_after=None
[2026-07-10T00:13:51.199+0000] {processor.py:208} INFO - Processing /opt/airflow/dags/04_branch.py took 0.130 seconds
[2026-07-10T00:14:22.155+0000] {processor.py:186} INFO - Started process (PID=9974) to work on /opt/airflow/dags/04_branch.py
[2026-07-10T00:14:22.157+0000] {processor.py:914} INFO - Processing file /opt/airflow/dags/04_branch.py for tasks to queue
[2026-07-10T00:14:22.160+0000] {logging_mixin.py:190} INFO - [2026-07-10T00:14:22.160+0000] {dagbag.py:588} INFO - Filling up the DagBag from /opt/airflow/dags/04_branch.py
[2026-07-10T00:14:22.171+0000] {processor.py:925} INFO - DAG(s) '04_branch' retrieved from /opt/airflow/dags/04_branch.py
[2026-07-10T00:14:22.207+0000] {logging_mixin.py:190} INFO - [2026-07-10T00:14:22.207+0000] {dag.py:3239} INFO - Sync 1 DAGs
[2026-07-10T00:14:22.224+0000] {logging_mixin.py:190} INFO - [2026-07-10T00:14:22.224+0000] {dag.py:4180} INFO - Setting next_dagrun for 04_branch to None, run_after=None
[2026-07-10T00:14:22.245+0000] {processor.py:208} INFO - Processing /opt/airflow/dags/04_branch.py took 0.099 seconds
[2026-07-10T00:14:53.322+0000] {processor.py:186} INFO - Started process (PID=10011) to work on /opt/airflow/dags/04_branch.py
[2026-07-10T00:14:53.323+0000] {processor.py:914} INFO - Processing file /opt/airflow/dags/04_branch.py for tasks to queue
[2026-07-10T00:14:53.326+0000] {logging_mixin.py:190} INFO - [2026-07-10T00:14:53.325+0000] {dagbag.py:588} INFO - Filling up the DagBag from /opt/airflow/dags/04_branch.py
[2026-07-10T00:14:53.340+0000] {processor.py:925} INFO - DAG(s) '04_branch' retrieved from /opt/airflow/dags/04_branch.py
[2026-07-10T00:14:53.384+0000] {logging_mixin.py:190} INFO - [2026-07-10T00:14:53.384+0000] {dag.py:3239} INFO - Sync 1 DAGs
[2026-07-10T00:14:53.406+0000] {logging_mixin.py:190} INFO - [2026-07-10T00:14:53.405+0000] {dag.py:4180} INFO - Setting next_dagrun for 04_branch to None, run_after=None
[2026-07-10T00:14:53.432+0000] {processor.py:208} INFO - Processing /opt/airflow/dags/04_branch.py took 0.118 seconds
[2026-07-10T00:15:24.337+0000] {processor.py:186} INFO - Started process (PID=10046) to work on /opt/airflow/dags/04_branch.py
[2026-07-10T00:15:24.339+0000] {processor.py:914} INFO - Processing file /opt/airflow/dags/04_branch.py for tasks to queue
[2026-07-10T00:15:24.342+0000] {logging_mixin.py:190} INFO - [2026-07-10T00:15:24.341+0000] {dagbag.py:588} INFO - Filling up the DagBag from /opt/airflow/dags/04_branch.py
[2026-07-10T00:15:24.353+0000] {processor.py:925} INFO - DAG(s) '04_branch' retrieved from /opt/airflow/dags/04_branch.py
[2026-07-10T00:15:24.389+0000] {logging_mixin.py:190} INFO - [2026-07-10T00:15:24.388+0000] {dag.py:3239} INFO - Sync 1 DAGs
[2026-07-10T00:15:24.405+0000] {logging_mixin.py:190} INFO - [2026-07-10T00:15:24.405+0000] {dag.py:4180} INFO - Setting next_dagrun for 04_branch to None, run_after=None
[2026-07-10T00:15:24.424+0000] {processor.py:208} INFO - Processing /opt/airflow/dags/04_branch.py took 0.093 seconds
[2026-07-10T00:15:55.276+0000] {processor.py:186} INFO - Started process (PID=10079) to work on /opt/airflow/dags/04_branch.py
[2026-07-10T00:15:55.277+0000] {processor.py:914} INFO - Processing file /opt/airflow/dags/04_branch.py for tasks to queue
[2026-07-10T00:15:55.280+0000] {logging_mixin.py:190} INFO - [2026-07-10T00:15:55.279+0000] {dagbag.py:588} INFO - Filling up the DagBag from /opt/airflow/dags/04_branch.py
[2026-07-10T00:15:55.290+0000] {processor.py:925} INFO - DAG(s) '04_branch' retrieved from /opt/airflow/dags/04_branch.py
[2026-07-10T00:15:55.325+0000] {logging_mixin.py:190} INFO - [2026-07-10T00:15:55.325+0000] {dag.py:3239} INFO - Sync 1 DAGs
[2026-07-10T00:15:55.341+0000] {logging_mixin.py:190} INFO - [2026-07-10T00:15:55.341+0000] {dag.py:4180} INFO - Setting next_dagrun for 04_branch to None, run_after=None
[2026-07-10T00:15:55.362+0000] {processor.py:208} INFO - Processing /opt/airflow/dags/04_branch.py took 0.096 seconds
[2026-07-10T00:16:26.452+0000] {processor.py:186} INFO - Started process (PID=10116) to work on /opt/airflow/dags/04_branch.py
[2026-07-10T00:16:26.453+0000] {processor.py:914} INFO - Processing file /opt/airflow/dags/04_branch.py for tasks to queue
[2026-07-10T00:16:26.456+0000] {logging_mixin.py:190} INFO - [2026-07-10T00:16:26.456+0000] {dagbag.py:588} INFO - Filling up the DagBag from /opt/airflow/dags/04_branch.py
[2026-07-10T00:16:26.474+0000] {processor.py:925} INFO - DAG(s) '04_branch' retrieved from /opt/airflow/dags/04_branch.py
[2026-07-10T00:16:26.519+0000] {logging_mixin.py:190} INFO - [2026-07-10T00:16:26.518+0000] {dag.py:3239} INFO - Sync 1 DAGs
[2026-07-10T00:16:26.533+0000] {logging_mixin.py:190} INFO - [2026-07-10T00:16:26.533+0000] {dag.py:4180} INFO - Setting next_dagrun for 04_branch to None, run_after=None
[2026-07-10T00:16:26.552+0000] {processor.py:208} INFO - Processing /opt/airflow/dags/04_branch.py took 0.109 seconds
[2026-07-10T00:16:57.314+0000] {processor.py:186} INFO - Started process (PID=10151) to work on /opt/airflow/dags/04_branch.py
[2026-07-10T00:16:57.315+0000] {processor.py:914} INFO - Processing file /opt/airflow/dags/04_branch.py for tasks to queue
[2026-07-10T00:16:57.317+0000] {logging_mixin.py:190} INFO - [2026-07-10T00:16:57.317+0000] {dagbag.py:588} INFO - Filling up the DagBag from /opt/airflow/dags/04_branch.py
[2026-07-10T00:16:57.328+0000] {processor.py:925} INFO - DAG(s) '04_branch' retrieved from /opt/airflow/dags/04_branch.py
[2026-07-10T00:16:57.367+0000] {logging_mixin.py:190} INFO - [2026-07-10T00:16:57.367+0000] {dag.py:3239} INFO - Sync 1 DAGs
[2026-07-10T00:16:57.388+0000] {logging_mixin.py:190} INFO - [2026-07-10T00:16:57.387+0000] {dag.py:4180} INFO - Setting next_dagrun for 04_branch to None, run_after=None
[2026-07-10T00:16:57.419+0000] {processor.py:208} INFO - Processing /opt/airflow/dags/04_branch.py took 0.113 seconds
[2026-07-10T00:17:28.475+0000] {processor.py:186} INFO - Started process (PID=10186) to work on /opt/airflow/dags/04_branch.py
[2026-07-10T00:17:28.477+0000] {processor.py:914} INFO - Processing file /opt/airflow/dags/04_branch.py for tasks to queue
[2026-07-10T00:17:28.482+0000] {logging_mixin.py:190} INFO - [2026-07-10T00:17:28.481+0000] {dagbag.py:588} INFO - Filling up the DagBag from /opt/airflow/dags/04_branch.py
[2026-07-10T00:17:28.497+0000] {processor.py:925} INFO - DAG(s) '04_branch' retrieved from /opt/airflow/dags/04_branch.py
[2026-07-10T00:17:28.558+0000] {logging_mixin.py:190} INFO - [2026-07-10T00:17:28.557+0000] {dag.py:3239} INFO - Sync 1 DAGs
[2026-07-10T00:17:28.584+0000] {logging_mixin.py:190} INFO - [2026-07-10T00:17:28.584+0000] {dag.py:4180} INFO - Setting next_dagrun for 04_branch to None, run_after=None
[2026-07-10T00:17:28.612+0000] {processor.py:208} INFO - Processing /opt/airflow/dags/04_branch.py took 0.149 seconds
[2026-07-10T00:17:58.980+0000] {processor.py:186} INFO - Started process (PID=10221) to work on /opt/airflow/dags/04_branch.py
[2026-07-10T00:17:58.981+0000] {processor.py:914} INFO - Processing file /opt/airflow/dags/04_branch.py for tasks to queue
[2026-07-10T00:17:58.983+0000] {logging_mixin.py:190} INFO - [2026-07-10T00:17:58.983+0000] {dagbag.py:588} INFO - Filling up the DagBag from /opt/airflow/dags/04_branch.py
[2026-07-10T00:17:58.994+0000] {processor.py:925} INFO - DAG(s) '04_branch' retrieved from /opt/airflow/dags/04_branch.py
[2026-07-10T00:17:59.033+0000] {logging_mixin.py:190} INFO - [2026-07-10T00:17:59.032+0000] {dag.py:3239} INFO - Sync 1 DAGs
[2026-07-10T00:17:59.050+0000] {logging_mixin.py:190} INFO - [2026-07-10T00:17:59.050+0000] {dag.py:4180} INFO - Setting next_dagrun for 04_branch to None, run_after=None
[2026-07-10T00:17:59.069+0000] {processor.py:208} INFO - Processing /opt/airflow/dags/04_branch.py took 0.097 seconds
[2026-07-10T00:18:30.185+0000] {processor.py:186} INFO - Started process (PID=10256) to work on /opt/airflow/dags/04_branch.py
[2026-07-10T00:18:30.187+0000] {processor.py:914} INFO - Processing file /opt/airflow/dags/04_branch.py for tasks to queue
[2026-07-10T00:18:30.192+0000] {logging_mixin.py:190} INFO - [2026-07-10T00:18:30.191+0000] {dagbag.py:588} INFO - Filling up the DagBag from /opt/airflow/dags/04_branch.py
[2026-07-10T00:18:30.204+0000] {processor.py:925} INFO - DAG(s) '04_branch' retrieved from /opt/airflow/dags/04_branch.py
[2026-07-10T00:18:30.250+0000] {logging_mixin.py:190} INFO - [2026-07-10T00:18:30.249+0000] {dag.py:3239} INFO - Sync 1 DAGs
[2026-07-10T00:18:30.268+0000] {logging_mixin.py:190} INFO - [2026-07-10T00:18:30.268+0000] {dag.py:4180} INFO - Setting next_dagrun for 04_branch to None, run_after=None
[2026-07-10T00:18:30.294+0000] {processor.py:208} INFO - Processing /opt/airflow/dags/04_branch.py took 0.119 seconds
[2026-07-10T00:19:01.332+0000] {processor.py:186} INFO - Started process (PID=10291) to work on /opt/airflow/dags/04_branch.py
[2026-07-10T00:19:01.334+0000] {processor.py:914} INFO - Processing file /opt/airflow/dags/04_branch.py for tasks to queue
[2026-07-10T00:19:01.339+0000] {logging_mixin.py:190} INFO - [2026-07-10T00:19:01.338+0000] {dagbag.py:588} INFO - Filling up the DagBag from /opt/airflow/dags/04_branch.py
[2026-07-10T00:19:01.355+0000] {processor.py:925} INFO - DAG(s) '04_branch' retrieved from /opt/airflow/dags/04_branch.py
[2026-07-10T00:19:01.400+0000] {logging_mixin.py:190} INFO - [2026-07-10T00:19:01.400+0000] {dag.py:3239} INFO - Sync 1 DAGs
[2026-07-10T00:19:01.432+0000] {logging_mixin.py:190} INFO - [2026-07-10T00:19:01.431+0000] {dag.py:4180} INFO - Setting next_dagrun for 04_branch to None, run_after=None
[2026-07-10T00:19:01.457+0000] {processor.py:208} INFO - Processing /opt/airflow/dags/04_branch.py took 0.134 seconds
[2026-07-10T00:19:32.473+0000] {processor.py:186} INFO - Started process (PID=10326) to work on /opt/airflow/dags/04_branch.py
[2026-07-10T00:19:32.475+0000] {processor.py:914} INFO - Processing file /opt/airflow/dags/04_branch.py for tasks to queue
[2026-07-10T00:19:32.479+0000] {logging_mixin.py:190} INFO - [2026-07-10T00:19:32.478+0000] {dagbag.py:588} INFO - Filling up the DagBag from /opt/airflow/dags/04_branch.py
[2026-07-10T00:19:32.494+0000] {processor.py:925} INFO - DAG(s) '04_branch' retrieved from /opt/airflow/dags/04_branch.py
[2026-07-10T00:19:32.548+0000] {logging_mixin.py:190} INFO - [2026-07-10T00:19:32.548+0000] {dag.py:3239} INFO - Sync 1 DAGs
[2026-07-10T00:19:32.574+0000] {logging_mixin.py:190} INFO - [2026-07-10T00:19:32.574+0000] {dag.py:4180} INFO - Setting next_dagrun for 04_branch to None, run_after=None
[2026-07-10T00:19:32.610+0000] {processor.py:208} INFO - Processing /opt/airflow/dags/04_branch.py took 0.146 seconds
[2026-07-10T00:20:02.787+0000] {processor.py:186} INFO - Started process (PID=10359) to work on /opt/airflow/dags/04_branch.py
[2026-07-10T00:20:02.788+0000] {processor.py:914} INFO - Processing file /opt/airflow/dags/04_branch.py for tasks to queue
[2026-07-10T00:20:02.792+0000] {logging_mixin.py:190} INFO - [2026-07-10T00:20:02.792+0000] {dagbag.py:588} INFO - Filling up the DagBag from /opt/airflow/dags/04_branch.py
[2026-07-10T00:20:02.803+0000] {processor.py:925} INFO - DAG(s) '04_branch' retrieved from /opt/airflow/dags/04_branch.py
[2026-07-10T00:20:02.840+0000] {logging_mixin.py:190} INFO - [2026-07-10T00:20:02.840+0000] {dag.py:3239} INFO - Sync 1 DAGs
[2026-07-10T00:20:02.856+0000] {logging_mixin.py:190} INFO - [2026-07-10T00:20:02.856+0000] {dag.py:4180} INFO - Setting next_dagrun for 04_branch to None, run_after=None
[2026-07-10T00:20:02.878+0000] {processor.py:208} INFO - Processing /opt/airflow/dags/04_branch.py took 0.100 seconds
[2026-07-10T00:20:33.775+0000] {processor.py:186} INFO - Started process (PID=10396) to work on /opt/airflow/dags/04_branch.py
[2026-07-10T00:20:33.777+0000] {processor.py:914} INFO - Processing file /opt/airflow/dags/04_branch.py for tasks to queue
[2026-07-10T00:20:33.780+0000] {logging_mixin.py:190} INFO - [2026-07-10T00:20:33.780+0000] {dagbag.py:588} INFO - Filling up the DagBag from /opt/airflow/dags/04_branch.py
[2026-07-10T00:20:33.795+0000] {processor.py:925} INFO - DAG(s) '04_branch' retrieved from /opt/airflow/dags/04_branch.py
[2026-07-10T00:20:33.839+0000] {logging_mixin.py:190} INFO - [2026-07-10T00:20:33.839+0000] {dag.py:3239} INFO - Sync 1 DAGs
[2026-07-10T00:20:33.858+0000] {logging_mixin.py:190} INFO - [2026-07-10T00:20:33.858+0000] {dag.py:4180} INFO - Setting next_dagrun for 04_branch to None, run_after=None
[2026-07-10T00:20:33.886+0000] {processor.py:208} INFO - Processing /opt/airflow/dags/04_branch.py took 0.120 seconds
[2026-07-10T00:21:04.730+0000] {processor.py:186} INFO - Started process (PID=10431) to work on /opt/airflow/dags/04_branch.py
[2026-07-10T00:21:04.733+0000] {processor.py:914} INFO - Processing file /opt/airflow/dags/04_branch.py for tasks to queue
[2026-07-10T00:21:04.738+0000] {logging_mixin.py:190} INFO - [2026-07-10T00:21:04.737+0000] {dagbag.py:588} INFO - Filling up the DagBag from /opt/airflow/dags/04_branch.py
[2026-07-10T00:21:04.756+0000] {processor.py:925} INFO - DAG(s) '04_branch' retrieved from /opt/airflow/dags/04_branch.py
[2026-07-10T00:21:04.828+0000] {logging_mixin.py:190} INFO - [2026-07-10T00:21:04.827+0000] {dag.py:3239} INFO - Sync 1 DAGs
[2026-07-10T00:21:04.871+0000] {logging_mixin.py:190} INFO - [2026-07-10T00:21:04.870+0000] {dag.py:4180} INFO - Setting next_dagrun for 04_branch to None, run_after=None
[2026-07-10T00:21:04.924+0000] {processor.py:208} INFO - Processing /opt/airflow/dags/04_branch.py took 0.208 seconds
[2026-07-10T00:21:35.829+0000] {processor.py:186} INFO - Started process (PID=10466) to work on /opt/airflow/dags/04_branch.py
[2026-07-10T00:21:35.831+0000] {processor.py:914} INFO - Processing file /opt/airflow/dags/04_branch.py for tasks to queue
[2026-07-10T00:21:35.834+0000] {logging_mixin.py:190} INFO - [2026-07-10T00:21:35.834+0000] {dagbag.py:588} INFO - Filling up the DagBag from /opt/airflow/dags/04_branch.py
[2026-07-10T00:21:35.849+0000] {processor.py:925} INFO - DAG(s) '04_branch' retrieved from /opt/airflow/dags/04_branch.py
[2026-07-10T00:21:35.895+0000] {logging_mixin.py:190} INFO - [2026-07-10T00:21:35.894+0000] {dag.py:3239} INFO - Sync 1 DAGs
[2026-07-10T00:21:35.922+0000] {logging_mixin.py:190} INFO - [2026-07-10T00:21:35.921+0000] {dag.py:4180} INFO - Setting next_dagrun for 04_branch to None, run_after=None
[2026-07-10T00:21:35.948+0000] {processor.py:208} INFO - Processing /opt/airflow/dags/04_branch.py took 0.129 seconds
[2026-07-10T00:22:07.068+0000] {processor.py:186} INFO - Started process (PID=10501) to work on /opt/airflow/dags/04_branch.py
[2026-07-10T00:22:07.069+0000] {processor.py:914} INFO - Processing file /opt/airflow/dags/04_branch.py for tasks to queue
[2026-07-10T00:22:07.071+0000] {logging_mixin.py:190} INFO - [2026-07-10T00:22:07.071+0000] {dagbag.py:588} INFO - Filling up the DagBag from /opt/airflow/dags/04_branch.py
[2026-07-10T00:22:07.085+0000] {processor.py:925} INFO - DAG(s) '04_branch' retrieved from /opt/airflow/dags/04_branch.py
[2026-07-10T00:22:07.125+0000] {logging_mixin.py:190} INFO - [2026-07-10T00:22:07.125+0000] {dag.py:3239} INFO - Sync 1 DAGs
[2026-07-10T00:22:07.145+0000] {logging_mixin.py:190} INFO - [2026-07-10T00:22:07.144+0000] {dag.py:4180} INFO - Setting next_dagrun for 04_branch to None, run_after=None
[2026-07-10T00:22:07.166+0000] {processor.py:208} INFO - Processing /opt/airflow/dags/04_branch.py took 0.108 seconds
[2026-07-10T00:22:38.132+0000] {processor.py:186} INFO - Started process (PID=10536) to work on /opt/airflow/dags/04_branch.py
[2026-07-10T00:22:38.133+0000] {processor.py:914} INFO - Processing file /opt/airflow/dags/04_branch.py for tasks to queue
[2026-07-10T00:22:38.140+0000] {logging_mixin.py:190} INFO - [2026-07-10T00:22:38.139+0000] {dagbag.py:588} INFO - Filling up the DagBag from /opt/airflow/dags/04_branch.py
[2026-07-10T00:22:38.151+0000] {processor.py:925} INFO - DAG(s) '04_branch' retrieved from /opt/airflow/dags/04_branch.py
[2026-07-10T00:22:38.192+0000] {logging_mixin.py:190} INFO - [2026-07-10T00:22:38.192+0000] {dag.py:3239} INFO - Sync 1 DAGs
[2026-07-10T00:22:38.209+0000] {logging_mixin.py:190} INFO - [2026-07-10T00:22:38.209+0000] {dag.py:4180} INFO - Setting next_dagrun for 04_branch to None, run_after=None
[2026-07-10T00:22:38.229+0000] {processor.py:208} INFO - Processing /opt/airflow/dags/04_branch.py took 0.106 seconds
[2026-07-10T00:23:09.269+0000] {processor.py:186} INFO - Started process (PID=10571) to work on /opt/airflow/dags/04_branch.py
[2026-07-10T00:23:09.270+0000] {processor.py:914} INFO - Processing file /opt/airflow/dags/04_branch.py for tasks to queue
[2026-07-10T00:23:09.273+0000] {logging_mixin.py:190} INFO - [2026-07-10T00:23:09.272+0000] {dagbag.py:588} INFO - Filling up the DagBag from /opt/airflow/dags/04_branch.py
[2026-07-10T00:23:09.285+0000] {processor.py:925} INFO - DAG(s) '04_branch' retrieved from /opt/airflow/dags/04_branch.py
[2026-07-10T00:23:09.323+0000] {logging_mixin.py:190} INFO - [2026-07-10T00:23:09.323+0000] {dag.py:3239} INFO - Sync 1 DAGs
[2026-07-10T00:23:09.339+0000] {logging_mixin.py:190} INFO - [2026-07-10T00:23:09.339+0000] {dag.py:4180} INFO - Setting next_dagrun for 04_branch to None, run_after=None
[2026-07-10T00:23:09.358+0000] {processor.py:208} INFO - Processing /opt/airflow/dags/04_branch.py took 0.098 seconds
[2026-07-10T00:23:39.557+0000] {processor.py:186} INFO - Started process (PID=10604) to work on /opt/airflow/dags/04_branch.py
[2026-07-10T00:23:39.559+0000] {processor.py:914} INFO - Processing file /opt/airflow/dags/04_branch.py for tasks to queue
[2026-07-10T00:23:39.561+0000] {logging_mixin.py:190} INFO - [2026-07-10T00:23:39.561+0000] {dagbag.py:588} INFO - Filling up the DagBag from /opt/airflow/dags/04_branch.py
[2026-07-10T00:23:39.573+0000] {processor.py:925} INFO - DAG(s) '04_branch' retrieved from /opt/airflow/dags/04_branch.py
[2026-07-10T00:23:39.618+0000] {logging_mixin.py:190} INFO - [2026-07-10T00:23:39.617+0000] {dag.py:3239} INFO - Sync 1 DAGs
[2026-07-10T00:23:39.637+0000] {logging_mixin.py:190} INFO - [2026-07-10T00:23:39.637+0000] {dag.py:4180} INFO - Setting next_dagrun for 04_branch to None, run_after=None
[2026-07-10T00:23:39.663+0000] {processor.py:208} INFO - Processing /opt/airflow/dags/04_branch.py took 0.115 seconds
[2026-07-10T00:24:10.699+0000] {processor.py:186} INFO - Started process (PID=10641) to work on /opt/airflow/dags/04_branch.py
[2026-07-10T00:24:10.700+0000] {processor.py:914} INFO - Processing file /opt/airflow/dags/04_branch.py for tasks to queue
[2026-07-10T00:24:10.703+0000] {logging_mixin.py:190} INFO - [2026-07-10T00:24:10.702+0000] {dagbag.py:588} INFO - Filling up the DagBag from /opt/airflow/dags/04_branch.py
[2026-07-10T00:24:10.714+0000] {processor.py:925} INFO - DAG(s) '04_branch' retrieved from /opt/airflow/dags/04_branch.py
[2026-07-10T00:24:10.754+0000] {logging_mixin.py:190} INFO - [2026-07-10T00:24:10.754+0000] {dag.py:3239} INFO - Sync 1 DAGs
[2026-07-10T00:24:10.771+0000] {logging_mixin.py:190} INFO - [2026-07-10T00:24:10.771+0000] {dag.py:4180} INFO - Setting next_dagrun for 04_branch to None, run_after=None
[2026-07-10T00:24:10.792+0000] {processor.py:208} INFO - Processing /opt/airflow/dags/04_branch.py took 0.101 seconds
[2026-07-10T00:24:41.831+0000] {processor.py:186} INFO - Started process (PID=10676) to work on /opt/airflow/dags/04_branch.py
[2026-07-10T00:24:41.833+0000] {processor.py:914} INFO - Processing file /opt/airflow/dags/04_branch.py for tasks to queue
[2026-07-10T00:24:41.836+0000] {logging_mixin.py:190} INFO - [2026-07-10T00:24:41.836+0000] {dagbag.py:588} INFO - Filling up the DagBag from /opt/airflow/dags/04_branch.py
[2026-07-10T00:24:41.848+0000] {processor.py:925} INFO - DAG(s) '04_branch' retrieved from /opt/airflow/dags/04_branch.py
[2026-07-10T00:24:41.890+0000] {logging_mixin.py:190} INFO - [2026-07-10T00:24:41.889+0000] {dag.py:3239} INFO - Sync 1 DAGs
[2026-07-10T00:24:41.908+0000] {logging_mixin.py:190} INFO - [2026-07-10T00:24:41.908+0000] {dag.py:4180} INFO - Setting next_dagrun for 04_branch to None, run_after=None
[2026-07-10T00:24:41.930+0000] {processor.py:208} INFO - Processing /opt/airflow/dags/04_branch.py took 0.107 seconds
[2026-07-10T00:25:12.132+0000] {processor.py:186} INFO - Started process (PID=10711) to work on /opt/airflow/dags/04_branch.py
[2026-07-10T00:25:12.133+0000] {processor.py:914} INFO - Processing file /opt/airflow/dags/04_branch.py for tasks to queue
[2026-07-10T00:25:12.135+0000] {logging_mixin.py:190} INFO - [2026-07-10T00:25:12.135+0000] {dagbag.py:588} INFO - Filling up the DagBag from /opt/airflow/dags/04_branch.py
[2026-07-10T00:25:12.146+0000] {processor.py:925} INFO - DAG(s) '04_branch' retrieved from /opt/airflow/dags/04_branch.py
[2026-07-10T00:25:12.182+0000] {logging_mixin.py:190} INFO - [2026-07-10T00:25:12.182+0000] {dag.py:3239} INFO - Sync 1 DAGs
[2026-07-10T00:25:12.199+0000] {logging_mixin.py:190} INFO - [2026-07-10T00:25:12.199+0000] {dag.py:4180} INFO - Setting next_dagrun for 04_branch to None, run_after=None
[2026-07-10T00:25:12.221+0000] {processor.py:208} INFO - Processing /opt/airflow/dags/04_branch.py took 0.097 seconds
[2026-07-10T00:25:43.374+0000] {processor.py:186} INFO - Started process (PID=10744) to work on /opt/airflow/dags/04_branch.py
[2026-07-10T00:25:43.376+0000] {processor.py:914} INFO - Processing file /opt/airflow/dags/04_branch.py for tasks to queue
[2026-07-10T00:25:43.378+0000] {logging_mixin.py:190} INFO - [2026-07-10T00:25:43.378+0000] {dagbag.py:588} INFO - Filling up the DagBag from /opt/airflow/dags/04_branch.py
[2026-07-10T00:25:43.403+0000] {processor.py:925} INFO - DAG(s) '04_branch' retrieved from /opt/airflow/dags/04_branch.py
[2026-07-10T00:25:43.454+0000] {logging_mixin.py:190} INFO - [2026-07-10T00:25:43.453+0000] {dag.py:3239} INFO - Sync 1 DAGs
[2026-07-10T00:25:43.472+0000] {logging_mixin.py:190} INFO - [2026-07-10T00:25:43.472+0000] {dag.py:4180} INFO - Setting next_dagrun for 04_branch to None, run_after=None
[2026-07-10T00:25:43.492+0000] {processor.py:208} INFO - Processing /opt/airflow/dags/04_branch.py took 0.126 seconds
[2026-07-10T00:26:14.393+0000] {processor.py:186} INFO - Started process (PID=10781) to work on /opt/airflow/dags/04_branch.py
[2026-07-10T00:26:14.394+0000] {processor.py:914} INFO - Processing file /opt/airflow/dags/04_branch.py for tasks to queue
[2026-07-10T00:26:14.396+0000] {logging_mixin.py:190} INFO - [2026-07-10T00:26:14.396+0000] {dagbag.py:588} INFO - Filling up the DagBag from /opt/airflow/dags/04_branch.py
[2026-07-10T00:26:14.407+0000] {processor.py:925} INFO - DAG(s) '04_branch' retrieved from /opt/airflow/dags/04_branch.py
[2026-07-10T00:26:14.445+0000] {logging_mixin.py:190} INFO - [2026-07-10T00:26:14.445+0000] {dag.py:3239} INFO - Sync 1 DAGs
[2026-07-10T00:26:14.463+0000] {logging_mixin.py:190} INFO - [2026-07-10T00:26:14.463+0000] {dag.py:4180} INFO - Setting next_dagrun for 04_branch to None, run_after=None
[2026-07-10T00:26:14.485+0000] {processor.py:208} INFO - Processing /opt/airflow/dags/04_branch.py took 0.100 seconds
[2026-07-10T00:26:45.425+0000] {processor.py:186} INFO - Started process (PID=10816) to work on /opt/airflow/dags/04_branch.py
[2026-07-10T00:26:45.427+0000] {processor.py:914} INFO - Processing file /opt/airflow/dags/04_branch.py for tasks to queue
[2026-07-10T00:26:45.431+0000] {logging_mixin.py:190} INFO - [2026-07-10T00:26:45.431+0000] {dagbag.py:588} INFO - Filling up the DagBag from /opt/airflow/dags/04_branch.py
[2026-07-10T00:26:45.450+0000] {processor.py:925} INFO - DAG(s) '04_branch' retrieved from /opt/airflow/dags/04_branch.py
[2026-07-10T00:26:45.531+0000] {logging_mixin.py:190} INFO - [2026-07-10T00:26:45.530+0000] {dag.py:3239} INFO - Sync 1 DAGs
[2026-07-10T00:26:45.572+0000] {logging_mixin.py:190} INFO - [2026-07-10T00:26:45.571+0000] {dag.py:4180} INFO - Setting next_dagrun for 04_branch to None, run_after=None
[2026-07-10T00:26:45.624+0000] {processor.py:208} INFO - Processing /opt/airflow/dags/04_branch.py took 0.214 seconds
[2026-07-10T00:27:15.944+0000] {processor.py:186} INFO - Started process (PID=10851) to work on /opt/airflow/dags/04_branch.py
[2026-07-10T00:27:15.944+0000] {processor.py:914} INFO - Processing file /opt/airflow/dags/04_branch.py for tasks to queue
[2026-07-10T00:27:15.946+0000] {logging_mixin.py:190} INFO - [2026-07-10T00:27:15.946+0000] {dagbag.py:588} INFO - Filling up the DagBag from /opt/airflow/dags/04_branch.py
[2026-07-10T00:27:15.956+0000] {processor.py:925} INFO - DAG(s) '04_branch' retrieved from /opt/airflow/dags/04_branch.py
[2026-07-10T00:27:15.996+0000] {logging_mixin.py:190} INFO - [2026-07-10T00:27:15.996+0000] {dag.py:3239} INFO - Sync 1 DAGs
[2026-07-10T00:27:16.018+0000] {logging_mixin.py:190} INFO - [2026-07-10T00:27:16.018+0000] {dag.py:4180} INFO - Setting next_dagrun for 04_branch to None, run_after=None
[2026-07-10T00:27:16.043+0000] {processor.py:208} INFO - Processing /opt/airflow/dags/04_branch.py took 0.106 seconds
[2026-07-10T00:27:46.338+0000] {processor.py:186} INFO - Started process (PID=10886) to work on /opt/airflow/dags/04_branch.py
[2026-07-10T00:27:46.339+0000] {processor.py:914} INFO - Processing file /opt/airflow/dags/04_branch.py for tasks to queue
[2026-07-10T00:27:46.343+0000] {logging_mixin.py:190} INFO - [2026-07-10T00:27:46.342+0000] {dagbag.py:588} INFO - Filling up the DagBag from /opt/airflow/dags/04_branch.py
[2026-07-10T00:27:46.356+0000] {processor.py:925} INFO - DAG(s) '04_branch' retrieved from /opt/airflow/dags/04_branch.py
[2026-07-10T00:27:46.408+0000] {logging_mixin.py:190} INFO - [2026-07-10T00:27:46.407+0000] {dag.py:3239} INFO - Sync 1 DAGs
[2026-07-10T00:27:46.426+0000] {logging_mixin.py:190} INFO - [2026-07-10T00:27:46.426+0000] {dag.py:4180} INFO - Setting next_dagrun for 04_branch to None, run_after=None
[2026-07-10T00:27:46.449+0000] {processor.py:208} INFO - Processing /opt/airflow/dags/04_branch.py took 0.121 seconds
[2026-07-10T00:28:17.337+0000] {processor.py:186} INFO - Started process (PID=10919) to work on /opt/airflow/dags/04_branch.py
[2026-07-10T00:28:17.338+0000] {processor.py:914} INFO - Processing file /opt/airflow/dags/04_branch.py for tasks to queue
[2026-07-10T00:28:17.343+0000] {logging_mixin.py:190} INFO - [2026-07-10T00:28:17.343+0000] {dagbag.py:588} INFO - Filling up the DagBag from /opt/airflow/dags/04_branch.py
[2026-07-10T00:28:17.361+0000] {processor.py:925} INFO - DAG(s) '04_branch' retrieved from /opt/airflow/dags/04_branch.py
[2026-07-10T00:28:17.422+0000] {logging_mixin.py:190} INFO - [2026-07-10T00:28:17.421+0000] {dag.py:3239} INFO - Sync 1 DAGs
[2026-07-10T00:28:17.458+0000] {logging_mixin.py:190} INFO - [2026-07-10T00:28:17.458+0000] {dag.py:4180} INFO - Setting next_dagrun for 04_branch to None, run_after=None
[2026-07-10T00:28:17.498+0000] {processor.py:208} INFO - Processing /opt/airflow/dags/04_branch.py took 0.173 seconds
[2026-07-10T00:28:48.443+0000] {processor.py:186} INFO - Started process (PID=10956) to work on /opt/airflow/dags/04_branch.py
[2026-07-10T00:28:48.445+0000] {processor.py:914} INFO - Processing file /opt/airflow/dags/04_branch.py for tasks to queue
[2026-07-10T00:28:48.449+0000] {logging_mixin.py:190} INFO - [2026-07-10T00:28:48.449+0000] {dagbag.py:588} INFO - Filling up the DagBag from /opt/airflow/dags/04_branch.py
[2026-07-10T00:28:48.468+0000] {processor.py:925} INFO - DAG(s) '04_branch' retrieved from /opt/airflow/dags/04_branch.py
[2026-07-10T00:28:48.529+0000] {logging_mixin.py:190} INFO - [2026-07-10T00:28:48.528+0000] {dag.py:3239} INFO - Sync 1 DAGs
[2026-07-10T00:28:48.562+0000] {logging_mixin.py:190} INFO - [2026-07-10T00:28:48.561+0000] {dag.py:4180} INFO - Setting next_dagrun for 04_branch to None, run_after=None
[2026-07-10T00:28:48.600+0000] {processor.py:208} INFO - Processing /opt/airflow/dags/04_branch.py took 0.166 seconds
[2026-07-10T00:29:19.439+0000] {processor.py:186} INFO - Started process (PID=10991) to work on /opt/airflow/dags/04_branch.py
[2026-07-10T00:29:19.441+0000] {processor.py:914} INFO - Processing file /opt/airflow/dags/04_branch.py for tasks to queue
[2026-07-10T00:29:19.447+0000] {logging_mixin.py:190} INFO - [2026-07-10T00:29:19.446+0000] {dagbag.py:588} INFO - Filling up the DagBag from /opt/airflow/dags/04_branch.py
[2026-07-10T00:29:19.471+0000] {processor.py:925} INFO - DAG(s) '04_branch' retrieved from /opt/airflow/dags/04_branch.py
[2026-07-10T00:29:19.533+0000] {logging_mixin.py:190} INFO - [2026-07-10T00:29:19.533+0000] {dag.py:3239} INFO - Sync 1 DAGs
[2026-07-10T00:29:19.579+0000] {logging_mixin.py:190} INFO - [2026-07-10T00:29:19.578+0000] {dag.py:4180} INFO - Setting next_dagrun for 04_branch to None, run_after=None
[2026-07-10T00:29:19.622+0000] {processor.py:208} INFO - Processing /opt/airflow/dags/04_branch.py took 0.193 seconds
[2026-07-10T00:29:49.773+0000] {processor.py:186} INFO - Started process (PID=11026) to work on /opt/airflow/dags/04_branch.py
[2026-07-10T00:29:49.775+0000] {processor.py:914} INFO - Processing file /opt/airflow/dags/04_branch.py for tasks to queue
[2026-07-10T00:29:49.782+0000] {logging_mixin.py:190} INFO - [2026-07-10T00:29:49.781+0000] {dagbag.py:588} INFO - Filling up the DagBag from /opt/airflow/dags/04_branch.py
[2026-07-10T00:29:49.802+0000] {processor.py:925} INFO - DAG(s) '04_branch' retrieved from /opt/airflow/dags/04_branch.py
[2026-07-10T00:29:49.861+0000] {logging_mixin.py:190} INFO - [2026-07-10T00:29:49.861+0000] {dag.py:3239} INFO - Sync 1 DAGs
[2026-07-10T00:29:49.892+0000] {logging_mixin.py:190} INFO - [2026-07-10T00:29:49.892+0000] {dag.py:4180} INFO - Setting next_dagrun for 04_branch to None, run_after=None
[2026-07-10T00:29:49.925+0000] {processor.py:208} INFO - Processing /opt/airflow/dags/04_branch.py took 0.163 seconds
[2026-07-10T00:30:20.072+0000] {processor.py:186} INFO - Started process (PID=11061) to work on /opt/airflow/dags/04_branch.py
[2026-07-10T00:30:20.073+0000] {processor.py:914} INFO - Processing file /opt/airflow/dags/04_branch.py for tasks to queue
[2026-07-10T00:30:20.076+0000] {logging_mixin.py:190} INFO - [2026-07-10T00:30:20.076+0000] {dagbag.py:588} INFO - Filling up the DagBag from /opt/airflow/dags/04_branch.py
[2026-07-10T00:30:20.089+0000] {processor.py:925} INFO - DAG(s) '04_branch' retrieved from /opt/airflow/dags/04_branch.py
[2026-07-10T00:30:20.130+0000] {logging_mixin.py:190} INFO - [2026-07-10T00:30:20.130+0000] {dag.py:3239} INFO - Sync 1 DAGs
[2026-07-10T00:30:20.148+0000] {logging_mixin.py:190} INFO - [2026-07-10T00:30:20.147+0000] {dag.py:4180} INFO - Setting next_dagrun for 04_branch to None, run_after=None
[2026-07-10T00:30:20.168+0000] {processor.py:208} INFO - Processing /opt/airflow/dags/04_branch.py took 0.110 seconds
[2026-07-10T00:30:51.232+0000] {processor.py:186} INFO - Started process (PID=11096) to work on /opt/airflow/dags/04_branch.py
[2026-07-10T00:30:51.233+0000] {processor.py:914} INFO - Processing file /opt/airflow/dags/04_branch.py for tasks to queue
[2026-07-10T00:30:51.236+0000] {logging_mixin.py:190} INFO - [2026-07-10T00:30:51.235+0000] {dagbag.py:588} INFO - Filling up the DagBag from /opt/airflow/dags/04_branch.py
[2026-07-10T00:30:51.249+0000] {processor.py:925} INFO - DAG(s) '04_branch' retrieved from /opt/airflow/dags/04_branch.py
[2026-07-10T00:30:51.300+0000] {logging_mixin.py:190} INFO - [2026-07-10T00:30:51.299+0000] {dag.py:3239} INFO - Sync 1 DAGs
[2026-07-10T00:30:51.321+0000] {logging_mixin.py:190} INFO - [2026-07-10T00:30:51.320+0000] {dag.py:4180} INFO - Setting next_dagrun for 04_branch to None, run_after=None
[2026-07-10T00:30:51.353+0000] {processor.py:208} INFO - Processing /opt/airflow/dags/04_branch.py took 0.131 seconds
[2026-07-10T00:31:22.450+0000] {processor.py:186} INFO - Started process (PID=11131) to work on /opt/airflow/dags/04_branch.py
[2026-07-10T00:31:22.451+0000] {processor.py:914} INFO - Processing file /opt/airflow/dags/04_branch.py for tasks to queue
[2026-07-10T00:31:22.454+0000] {logging_mixin.py:190} INFO - [2026-07-10T00:31:22.453+0000] {dagbag.py:588} INFO - Filling up the DagBag from /opt/airflow/dags/04_branch.py
[2026-07-10T00:31:22.464+0000] {processor.py:925} INFO - DAG(s) '04_branch' retrieved from /opt/airflow/dags/04_branch.py
[2026-07-10T00:31:22.502+0000] {logging_mixin.py:190} INFO - [2026-07-10T00:31:22.502+0000] {dag.py:3239} INFO - Sync 1 DAGs
[2026-07-10T00:31:22.519+0000] {logging_mixin.py:190} INFO - [2026-07-10T00:31:22.519+0000] {dag.py:4180} INFO - Setting next_dagrun for 04_branch to None, run_after=None
[2026-07-10T00:31:22.538+0000] {processor.py:208} INFO - Processing /opt/airflow/dags/04_branch.py took 0.097 seconds
[2026-07-10T00:31:53.495+0000] {processor.py:186} INFO - Started process (PID=11166) to work on /opt/airflow/dags/04_branch.py
[2026-07-10T00:31:53.498+0000] {processor.py:914} INFO - Processing file /opt/airflow/dags/04_branch.py for tasks to queue
[2026-07-10T00:31:53.504+0000] {logging_mixin.py:190} INFO - [2026-07-10T00:31:53.503+0000] {dagbag.py:588} INFO - Filling up the DagBag from /opt/airflow/dags/04_branch.py
[2026-07-10T00:31:53.514+0000] {processor.py:925} INFO - DAG(s) '04_branch' retrieved from /opt/airflow/dags/04_branch.py
[2026-07-10T00:31:53.557+0000] {logging_mixin.py:190} INFO - [2026-07-10T00:31:53.557+0000] {dag.py:3239} INFO - Sync 1 DAGs
[2026-07-10T00:31:53.578+0000] {logging_mixin.py:190} INFO - [2026-07-10T00:31:53.578+0000] {dag.py:4180} INFO - Setting next_dagrun for 04_branch to None, run_after=None
[2026-07-10T00:31:53.603+0000] {processor.py:208} INFO - Processing /opt/airflow/dags/04_branch.py took 0.116 seconds
[2026-07-10T00:32:24.472+0000] {processor.py:186} INFO - Started process (PID=11201) to work on /opt/airflow/dags/04_branch.py
[2026-07-10T00:32:24.473+0000] {processor.py:914} INFO - Processing file /opt/airflow/dags/04_branch.py for tasks to queue
[2026-07-10T00:32:24.476+0000] {logging_mixin.py:190} INFO - [2026-07-10T00:32:24.476+0000] {dagbag.py:588} INFO - Filling up the DagBag from /opt/airflow/dags/04_branch.py
[2026-07-10T00:32:24.488+0000] {processor.py:925} INFO - DAG(s) '04_branch' retrieved from /opt/airflow/dags/04_branch.py
[2026-07-10T00:32:24.532+0000] {logging_mixin.py:190} INFO - [2026-07-10T00:32:24.532+0000] {dag.py:3239} INFO - Sync 1 DAGs
[2026-07-10T00:32:24.552+0000] {logging_mixin.py:190} INFO - [2026-07-10T00:32:24.551+0000] {dag.py:4180} INFO - Setting next_dagrun for 04_branch to None, run_after=None
[2026-07-10T00:32:24.576+0000] {processor.py:208} INFO - Processing /opt/airflow/dags/04_branch.py took 0.113 seconds
[2026-07-10T00:32:55.567+0000] {processor.py:186} INFO - Started process (PID=11236) to work on /opt/airflow/dags/04_branch.py
[2026-07-10T00:32:55.569+0000] {processor.py:914} INFO - Processing file /opt/airflow/dags/04_branch.py for tasks to queue
[2026-07-10T00:32:55.572+0000] {logging_mixin.py:190} INFO - [2026-07-10T00:32:55.571+0000] {dagbag.py:588} INFO - Filling up the DagBag from /opt/airflow/dags/04_branch.py
[2026-07-10T00:32:55.582+0000] {processor.py:925} INFO - DAG(s) '04_branch' retrieved from /opt/airflow/dags/04_branch.py
[2026-07-10T00:32:55.620+0000] {logging_mixin.py:190} INFO - [2026-07-10T00:32:55.619+0000] {dag.py:3239} INFO - Sync 1 DAGs
[2026-07-10T00:32:55.638+0000] {logging_mixin.py:190} INFO - [2026-07-10T00:32:55.637+0000] {dag.py:4180} INFO - Setting next_dagrun for 04_branch to None, run_after=None
[2026-07-10T00:32:55.657+0000] {processor.py:208} INFO - Processing /opt/airflow/dags/04_branch.py took 0.097 seconds
[2026-07-10T00:33:26.420+0000] {processor.py:186} INFO - Started process (PID=11271) to work on /opt/airflow/dags/04_branch.py
[2026-07-10T00:33:26.421+0000] {processor.py:914} INFO - Processing file /opt/airflow/dags/04_branch.py for tasks to queue
[2026-07-10T00:33:26.424+0000] {logging_mixin.py:190} INFO - [2026-07-10T00:33:26.423+0000] {dagbag.py:588} INFO - Filling up the DagBag from /opt/airflow/dags/04_branch.py
[2026-07-10T00:33:26.437+0000] {processor.py:925} INFO - DAG(s) '04_branch' retrieved from /opt/airflow/dags/04_branch.py
[2026-07-10T00:33:26.477+0000] {logging_mixin.py:190} INFO - [2026-07-10T00:33:26.477+0000] {dag.py:3239} INFO - Sync 1 DAGs
[2026-07-10T00:33:26.496+0000] {logging_mixin.py:190} INFO - [2026-07-10T00:33:26.496+0000] {dag.py:4180} INFO - Setting next_dagrun for 04_branch to None, run_after=None
[2026-07-10T00:33:26.517+0000] {processor.py:208} INFO - Processing /opt/airflow/dags/04_branch.py took 0.105 seconds
[2026-07-10T00:33:57.368+0000] {processor.py:186} INFO - Started process (PID=11306) to work on /opt/airflow/dags/04_branch.py
[2026-07-10T00:33:57.370+0000] {processor.py:914} INFO - Processing file /opt/airflow/dags/04_branch.py for tasks to queue
[2026-07-10T00:33:57.374+0000] {logging_mixin.py:190} INFO - [2026-07-10T00:33:57.373+0000] {dagbag.py:588} INFO - Filling up the DagBag from /opt/airflow/dags/04_branch.py
[2026-07-10T00:33:57.386+0000] {processor.py:925} INFO - DAG(s) '04_branch' retrieved from /opt/airflow/dags/04_branch.py
[2026-07-10T00:33:57.429+0000] {logging_mixin.py:190} INFO - [2026-07-10T00:33:57.429+0000] {dag.py:3239} INFO - Sync 1 DAGs
[2026-07-10T00:33:57.447+0000] {logging_mixin.py:190} INFO - [2026-07-10T00:33:57.447+0000] {dag.py:4180} INFO - Setting next_dagrun for 04_branch to None, run_after=None
[2026-07-10T00:33:57.469+0000] {processor.py:208} INFO - Processing /opt/airflow/dags/04_branch.py took 0.110 seconds
[2026-07-10T00:34:28.293+0000] {processor.py:186} INFO - Started process (PID=11339) to work on /opt/airflow/dags/04_branch.py
[2026-07-10T00:34:28.294+0000] {processor.py:914} INFO - Processing file /opt/airflow/dags/04_branch.py for tasks to queue
[2026-07-10T00:34:28.296+0000] {logging_mixin.py:190} INFO - [2026-07-10T00:34:28.296+0000] {dagbag.py:588} INFO - Filling up the DagBag from /opt/airflow/dags/04_branch.py
[2026-07-10T00:34:28.306+0000] {processor.py:925} INFO - DAG(s) '04_branch' retrieved from /opt/airflow/dags/04_branch.py
[2026-07-10T00:34:28.348+0000] {logging_mixin.py:190} INFO - [2026-07-10T00:34:28.348+0000] {dag.py:3239} INFO - Sync 1 DAGs
[2026-07-10T00:34:28.368+0000] {logging_mixin.py:190} INFO - [2026-07-10T00:34:28.368+0000] {dag.py:4180} INFO - Setting next_dagrun for 04_branch to None, run_after=None
[2026-07-10T00:34:28.397+0000] {processor.py:208} INFO - Processing /opt/airflow/dags/04_branch.py took 0.111 seconds
[2026-07-10T00:34:59.370+0000] {processor.py:186} INFO - Started process (PID=11374) to work on /opt/airflow/dags/04_branch.py
[2026-07-10T00:34:59.371+0000] {processor.py:914} INFO - Processing file /opt/airflow/dags/04_branch.py for tasks to queue
[2026-07-10T00:34:59.377+0000] {logging_mixin.py:190} INFO - [2026-07-10T00:34:59.376+0000] {dagbag.py:588} INFO - Filling up the DagBag from /opt/airflow/dags/04_branch.py
[2026-07-10T00:34:59.400+0000] {processor.py:925} INFO - DAG(s) '04_branch' retrieved from /opt/airflow/dags/04_branch.py
[2026-07-10T00:34:59.496+0000] {logging_mixin.py:190} INFO - [2026-07-10T00:34:59.496+0000] {dag.py:3239} INFO - Sync 1 DAGs
[2026-07-10T00:34:59.537+0000] {logging_mixin.py:190} INFO - [2026-07-10T00:34:59.537+0000] {dag.py:4180} INFO - Setting next_dagrun for 04_branch to None, run_after=None
[2026-07-10T00:34:59.632+0000] {processor.py:208} INFO - Processing /opt/airflow/dags/04_branch.py took 0.269 seconds
[2026-07-10T00:35:29.867+0000] {processor.py:186} INFO - Started process (PID=11411) to work on /opt/airflow/dags/04_branch.py
[2026-07-10T00:35:29.869+0000] {processor.py:914} INFO - Processing file /opt/airflow/dags/04_branch.py for tasks to queue
[2026-07-10T00:35:29.876+0000] {logging_mixin.py:190} INFO - [2026-07-10T00:35:29.873+0000] {dagbag.py:588} INFO - Filling up the DagBag from /opt/airflow/dags/04_branch.py
[2026-07-10T00:35:29.898+0000] {processor.py:925} INFO - DAG(s) '04_branch' retrieved from /opt/airflow/dags/04_branch.py
[2026-07-10T00:35:29.966+0000] {logging_mixin.py:190} INFO - [2026-07-10T00:35:29.966+0000] {dag.py:3239} INFO - Sync 1 DAGs
[2026-07-10T00:35:29.991+0000] {logging_mixin.py:190} INFO - [2026-07-10T00:35:29.991+0000] {dag.py:4180} INFO - Setting next_dagrun for 04_branch to None, run_after=None
[2026-07-10T00:35:30.023+0000] {processor.py:208} INFO - Processing /opt/airflow/dags/04_branch.py took 0.171 seconds
[2026-07-10T00:36:00.229+0000] {processor.py:186} INFO - Started process (PID=11446) to work on /opt/airflow/dags/04_branch.py
[2026-07-10T00:36:00.231+0000] {processor.py:914} INFO - Processing file /opt/airflow/dags/04_branch.py for tasks to queue
[2026-07-10T00:36:00.237+0000] {logging_mixin.py:190} INFO - [2026-07-10T00:36:00.236+0000] {dagbag.py:588} INFO - Filling up the DagBag from /opt/airflow/dags/04_branch.py
[2026-07-10T00:36:00.253+0000] {processor.py:925} INFO - DAG(s) '04_branch' retrieved from /opt/airflow/dags/04_branch.py
[2026-07-10T00:36:00.294+0000] {logging_mixin.py:190} INFO - [2026-07-10T00:36:00.294+0000] {dag.py:3239} INFO - Sync 1 DAGs
[2026-07-10T00:36:00.312+0000] {logging_mixin.py:190} INFO - [2026-07-10T00:36:00.311+0000] {dag.py:4180} INFO - Setting next_dagrun for 04_branch to None, run_after=None
[2026-07-10T00:36:00.335+0000] {processor.py:208} INFO - Processing /opt/airflow/dags/04_branch.py took 0.116 seconds
[2026-07-10T00:36:30.554+0000] {processor.py:186} INFO - Started process (PID=11481) to work on /opt/airflow/dags/04_branch.py
[2026-07-10T00:36:30.555+0000] {processor.py:914} INFO - Processing file /opt/airflow/dags/04_branch.py for tasks to queue
[2026-07-10T00:36:30.557+0000] {logging_mixin.py:190} INFO - [2026-07-10T00:36:30.556+0000] {dagbag.py:588} INFO - Filling up the DagBag from /opt/airflow/dags/04_branch.py
[2026-07-10T00:36:30.566+0000] {processor.py:925} INFO - DAG(s) '04_branch' retrieved from /opt/airflow/dags/04_branch.py
[2026-07-10T00:36:30.605+0000] {logging_mixin.py:190} INFO - [2026-07-10T00:36:30.605+0000] {dag.py:3239} INFO - Sync 1 DAGs
[2026-07-10T00:36:30.621+0000] {logging_mixin.py:190} INFO - [2026-07-10T00:36:30.621+0000] {dag.py:4180} INFO - Setting next_dagrun for 04_branch to None, run_after=None
[2026-07-10T00:36:30.641+0000] {processor.py:208} INFO - Processing /opt/airflow/dags/04_branch.py took 0.094 seconds
[2026-07-10T00:37:01.684+0000] {processor.py:186} INFO - Started process (PID=11516) to work on /opt/airflow/dags/04_branch.py
[2026-07-10T00:37:01.687+0000] {processor.py:914} INFO - Processing file /opt/airflow/dags/04_branch.py for tasks to queue
[2026-07-10T00:37:01.691+0000] {logging_mixin.py:190} INFO - [2026-07-10T00:37:01.691+0000] {dagbag.py:588} INFO - Filling up the DagBag from /opt/airflow/dags/04_branch.py
[2026-07-10T00:37:01.706+0000] {processor.py:925} INFO - DAG(s) '04_branch' retrieved from /opt/airflow/dags/04_branch.py
[2026-07-10T00:37:01.757+0000] {logging_mixin.py:190} INFO - [2026-07-10T00:37:01.757+0000] {dag.py:3239} INFO - Sync 1 DAGs
[2026-07-10T00:37:01.781+0000] {logging_mixin.py:190} INFO - [2026-07-10T00:37:01.781+0000] {dag.py:4180} INFO - Setting next_dagrun for 04_branch to None, run_after=None
[2026-07-10T00:37:01.819+0000] {processor.py:208} INFO - Processing /opt/airflow/dags/04_branch.py took 0.146 seconds
[2026-07-10T00:37:32.796+0000] {processor.py:186} INFO - Started process (PID=11551) to work on /opt/airflow/dags/04_branch.py
[2026-07-10T00:37:32.802+0000] {processor.py:914} INFO - Processing file /opt/airflow/dags/04_branch.py for tasks to queue
[2026-07-10T00:37:32.812+0000] {logging_mixin.py:190} INFO - [2026-07-10T00:37:32.810+0000] {dagbag.py:588} INFO - Filling up the DagBag from /opt/airflow/dags/04_branch.py
[2026-07-10T00:37:32.850+0000] {processor.py:925} INFO - DAG(s) '04_branch' retrieved from /opt/airflow/dags/04_branch.py
[2026-07-10T00:37:32.919+0000] {logging_mixin.py:190} INFO - [2026-07-10T00:37:32.919+0000] {dag.py:3239} INFO - Sync 1 DAGs
[2026-07-10T00:37:32.936+0000] {logging_mixin.py:190} INFO - [2026-07-10T00:37:32.935+0000] {dag.py:4180} INFO - Setting next_dagrun for 04_branch to None, run_after=None
[2026-07-10T00:37:32.954+0000] {processor.py:208} INFO - Processing /opt/airflow/dags/04_branch.py took 0.184 seconds
[2026-07-10T00:38:03.889+0000] {processor.py:186} INFO - Started process (PID=11586) to work on /opt/airflow/dags/04_branch.py
[2026-07-10T00:38:03.891+0000] {processor.py:914} INFO - Processing file /opt/airflow/dags/04_branch.py for tasks to queue
[2026-07-10T00:38:03.894+0000] {logging_mixin.py:190} INFO - [2026-07-10T00:38:03.893+0000] {dagbag.py:588} INFO - Filling up the DagBag from /opt/airflow/dags/04_branch.py
[2026-07-10T00:38:03.904+0000] {processor.py:925} INFO - DAG(s) '04_branch' retrieved from /opt/airflow/dags/04_branch.py
[2026-07-10T00:38:03.943+0000] {logging_mixin.py:190} INFO - [2026-07-10T00:38:03.943+0000] {dag.py:3239} INFO - Sync 1 DAGs
[2026-07-10T00:38:03.965+0000] {logging_mixin.py:190} INFO - [2026-07-10T00:38:03.965+0000] {dag.py:4180} INFO - Setting next_dagrun for 04_branch to None, run_after=None
[2026-07-10T00:38:03.985+0000] {processor.py:208} INFO - Processing /opt/airflow/dags/04_branch.py took 0.104 seconds
[2026-07-10T00:38:34.937+0000] {processor.py:186} INFO - Started process (PID=11621) to work on /opt/airflow/dags/04_branch.py
[2026-07-10T00:38:34.939+0000] {processor.py:914} INFO - Processing file /opt/airflow/dags/04_branch.py for tasks to queue
[2026-07-10T00:38:34.944+0000] {logging_mixin.py:190} INFO - [2026-07-10T00:38:34.943+0000] {dagbag.py:588} INFO - Filling up the DagBag from /opt/airflow/dags/04_branch.py
[2026-07-10T00:38:34.963+0000] {processor.py:925} INFO - DAG(s) '04_branch' retrieved from /opt/airflow/dags/04_branch.py
[2026-07-10T00:38:35.034+0000] {logging_mixin.py:190} INFO - [2026-07-10T00:38:35.033+0000] {dag.py:3239} INFO - Sync 1 DAGs
[2026-07-10T00:38:35.067+0000] {logging_mixin.py:190} INFO - [2026-07-10T00:38:35.066+0000] {dag.py:4180} INFO - Setting next_dagrun for 04_branch to None, run_after=None
[2026-07-10T00:38:35.106+0000] {processor.py:208} INFO - Processing /opt/airflow/dags/04_branch.py took 0.183 seconds
[2026-07-10T00:39:05.268+0000] {processor.py:186} INFO - Started process (PID=11659) to work on /opt/airflow/dags/04_branch.py
[2026-07-10T00:39:05.269+0000] {processor.py:914} INFO - Processing file /opt/airflow/dags/04_branch.py for tasks to queue
[2026-07-10T00:39:05.273+0000] {logging_mixin.py:190} INFO - [2026-07-10T00:39:05.273+0000] {dagbag.py:588} INFO - Filling up the DagBag from /opt/airflow/dags/04_branch.py
[2026-07-10T00:39:05.285+0000] {processor.py:925} INFO - DAG(s) '04_branch' retrieved from /opt/airflow/dags/04_branch.py
[2026-07-10T00:39:05.327+0000] {logging_mixin.py:190} INFO - [2026-07-10T00:39:05.327+0000] {dag.py:3239} INFO - Sync 1 DAGs
[2026-07-10T00:39:05.347+0000] {logging_mixin.py:190} INFO - [2026-07-10T00:39:05.346+0000] {dag.py:4180} INFO - Setting next_dagrun for 04_branch to None, run_after=None
[2026-07-10T00:39:05.368+0000] {processor.py:208} INFO - Processing /opt/airflow/dags/04_branch.py took 0.110 seconds
[2026-07-10T00:39:35.795+0000] {processor.py:186} INFO - Started process (PID=11707) to work on /opt/airflow/dags/04_branch.py
[2026-07-10T00:39:35.803+0000] {processor.py:914} INFO - Processing file /opt/airflow/dags/04_branch.py for tasks to queue
[2026-07-10T00:39:35.813+0000] {logging_mixin.py:190} INFO - [2026-07-10T00:39:35.813+0000] {dagbag.py:588} INFO - Filling up the DagBag from /opt/airflow/dags/04_branch.py
[2026-07-10T00:39:35.862+0000] {processor.py:925} INFO - DAG(s) '04_branch' retrieved from /opt/airflow/dags/04_branch.py
[2026-07-10T00:39:36.127+0000] {logging_mixin.py:190} INFO - [2026-07-10T00:39:36.126+0000] {dag.py:3239} INFO - Sync 1 DAGs
[2026-07-10T00:39:36.217+0000] {logging_mixin.py:190} INFO - [2026-07-10T00:39:36.217+0000] {dag.py:4180} INFO - Setting next_dagrun for 04_branch to None, run_after=None
[2026-07-10T00:39:36.316+0000] {processor.py:208} INFO - Processing /opt/airflow/dags/04_branch.py took 0.551 seconds
[2026-07-10T00:40:06.591+0000] {processor.py:186} INFO - Started process (PID=11760) to work on /opt/airflow/dags/04_branch.py
[2026-07-10T00:40:06.593+0000] {processor.py:914} INFO - Processing file /opt/airflow/dags/04_branch.py for tasks to queue
[2026-07-10T00:40:06.596+0000] {logging_mixin.py:190} INFO - [2026-07-10T00:40:06.596+0000] {dagbag.py:588} INFO - Filling up the DagBag from /opt/airflow/dags/04_branch.py
[2026-07-10T00:40:06.606+0000] {processor.py:925} INFO - DAG(s) '04_branch' retrieved from /opt/airflow/dags/04_branch.py
[2026-07-10T00:40:06.646+0000] {logging_mixin.py:190} INFO - [2026-07-10T00:40:06.645+0000] {dag.py:3239} INFO - Sync 1 DAGs
[2026-07-10T00:40:06.665+0000] {logging_mixin.py:190} INFO - [2026-07-10T00:40:06.665+0000] {dag.py:4180} INFO - Setting next_dagrun for 04_branch to None, run_after=None
[2026-07-10T00:40:06.686+0000] {processor.py:208} INFO - Processing /opt/airflow/dags/04_branch.py took 0.103 seconds
[2026-07-10T00:40:36.784+0000] {processor.py:186} INFO - Started process (PID=11800) to work on /opt/airflow/dags/04_branch.py
[2026-07-10T00:40:36.786+0000] {processor.py:914} INFO - Processing file /opt/airflow/dags/04_branch.py for tasks to queue
[2026-07-10T00:40:36.793+0000] {logging_mixin.py:190} INFO - [2026-07-10T00:40:36.792+0000] {dagbag.py:588} INFO - Filling up the DagBag from /opt/airflow/dags/04_branch.py
[2026-07-10T00:40:36.811+0000] {processor.py:925} INFO - DAG(s) '04_branch' retrieved from /opt/airflow/dags/04_branch.py
[2026-07-10T00:40:36.876+0000] {logging_mixin.py:190} INFO - [2026-07-10T00:40:36.876+0000] {dag.py:3239} INFO - Sync 1 DAGs
[2026-07-10T00:40:36.904+0000] {logging_mixin.py:190} INFO - [2026-07-10T00:40:36.903+0000] {dag.py:4180} INFO - Setting next_dagrun for 04_branch to None, run_after=None
[2026-07-10T00:40:36.931+0000] {processor.py:208} INFO - Processing /opt/airflow/dags/04_branch.py took 0.164 seconds
[2026-07-10T00:41:07.126+0000] {processor.py:186} INFO - Started process (PID=11840) to work on /opt/airflow/dags/04_branch.py
[2026-07-10T00:41:07.128+0000] {processor.py:914} INFO - Processing file /opt/airflow/dags/04_branch.py for tasks to queue
[2026-07-10T00:41:07.131+0000] {logging_mixin.py:190} INFO - [2026-07-10T00:41:07.130+0000] {dagbag.py:588} INFO - Filling up the DagBag from /opt/airflow/dags/04_branch.py
[2026-07-10T00:41:07.141+0000] {processor.py:925} INFO - DAG(s) '04_branch' retrieved from /opt/airflow/dags/04_branch.py
[2026-07-10T00:41:07.183+0000] {logging_mixin.py:190} INFO - [2026-07-10T00:41:07.183+0000] {dag.py:3239} INFO - Sync 1 DAGs
[2026-07-10T00:41:07.201+0000] {logging_mixin.py:190} INFO - [2026-07-10T00:41:07.201+0000] {dag.py:4180} INFO - Setting next_dagrun for 04_branch to None, run_after=None
[2026-07-10T00:41:07.222+0000] {processor.py:208} INFO - Processing /opt/airflow/dags/04_branch.py took 0.103 seconds
[2026-07-10T00:41:37.522+0000] {processor.py:186} INFO - Started process (PID=11880) to work on /opt/airflow/dags/04_branch.py
[2026-07-10T00:41:37.523+0000] {processor.py:914} INFO - Processing file /opt/airflow/dags/04_branch.py for tasks to queue
[2026-07-10T00:41:37.525+0000] {logging_mixin.py:190} INFO - [2026-07-10T00:41:37.525+0000] {dagbag.py:588} INFO - Filling up the DagBag from /opt/airflow/dags/04_branch.py
[2026-07-10T00:41:37.537+0000] {processor.py:925} INFO - DAG(s) '04_branch' retrieved from /opt/airflow/dags/04_branch.py
[2026-07-10T00:41:37.581+0000] {logging_mixin.py:190} INFO - [2026-07-10T00:41:37.581+0000] {dag.py:3239} INFO - Sync 1 DAGs
[2026-07-10T00:41:37.599+0000] {logging_mixin.py:190} INFO - [2026-07-10T00:41:37.599+0000] {dag.py:4180} INFO - Setting next_dagrun for 04_branch to None, run_after=None
[2026-07-10T00:41:37.621+0000] {processor.py:208} INFO - Processing /opt/airflow/dags/04_branch.py took 0.111 seconds
[2026-07-10T00:42:08.013+0000] {processor.py:186} INFO - Started process (PID=11922) to work on /opt/airflow/dags/04_branch.py
[2026-07-10T00:42:08.015+0000] {processor.py:914} INFO - Processing file /opt/airflow/dags/04_branch.py for tasks to queue
[2026-07-10T00:42:08.021+0000] {logging_mixin.py:190} INFO - [2026-07-10T00:42:08.021+0000] {dagbag.py:588} INFO - Filling up the DagBag from /opt/airflow/dags/04_branch.py
[2026-07-10T00:42:08.036+0000] {processor.py:925} INFO - DAG(s) '04_branch' retrieved from /opt/airflow/dags/04_branch.py
[2026-07-10T00:42:08.098+0000] {logging_mixin.py:190} INFO - [2026-07-10T00:42:08.097+0000] {dag.py:3239} INFO - Sync 1 DAGs
[2026-07-10T00:42:08.126+0000] {logging_mixin.py:190} INFO - [2026-07-10T00:42:08.126+0000] {dag.py:4180} INFO - Setting next_dagrun for 04_branch to None, run_after=None
[2026-07-10T00:42:08.151+0000] {processor.py:208} INFO - Processing /opt/airflow/dags/04_branch.py took 0.154 seconds
[2026-07-10T00:42:38.408+0000] {processor.py:186} INFO - Started process (PID=11960) to work on /opt/airflow/dags/04_branch.py
[2026-07-10T00:42:38.410+0000] {processor.py:914} INFO - Processing file /opt/airflow/dags/04_branch.py for tasks to queue
[2026-07-10T00:42:38.413+0000] {logging_mixin.py:190} INFO - [2026-07-10T00:42:38.413+0000] {dagbag.py:588} INFO - Filling up the DagBag from /opt/airflow/dags/04_branch.py
[2026-07-10T00:42:38.428+0000] {processor.py:925} INFO - DAG(s) '04_branch' retrieved from /opt/airflow/dags/04_branch.py
[2026-07-10T00:42:38.473+0000] {logging_mixin.py:190} INFO - [2026-07-10T00:42:38.472+0000] {dag.py:3239} INFO - Sync 1 DAGs
[2026-07-10T00:42:38.491+0000] {logging_mixin.py:190} INFO - [2026-07-10T00:42:38.491+0000] {dag.py:4180} INFO - Setting next_dagrun for 04_branch to None, run_after=None
[2026-07-10T00:42:38.513+0000] {processor.py:208} INFO - Processing /opt/airflow/dags/04_branch.py took 0.119 seconds
[2026-07-10T00:43:09.560+0000] {processor.py:186} INFO - Started process (PID=12002) to work on /opt/airflow/dags/04_branch.py
[2026-07-10T00:43:09.562+0000] {processor.py:914} INFO - Processing file /opt/airflow/dags/04_branch.py for tasks to queue
[2026-07-10T00:43:09.565+0000] {logging_mixin.py:190} INFO - [2026-07-10T00:43:09.565+0000] {dagbag.py:588} INFO - Filling up the DagBag from /opt/airflow/dags/04_branch.py
[2026-07-10T00:43:09.580+0000] {processor.py:925} INFO - DAG(s) '04_branch' retrieved from /opt/airflow/dags/04_branch.py
[2026-07-10T00:43:09.642+0000] {logging_mixin.py:190} INFO - [2026-07-10T00:43:09.641+0000] {dag.py:3239} INFO - Sync 1 DAGs
[2026-07-10T00:43:09.673+0000] {logging_mixin.py:190} INFO - [2026-07-10T00:43:09.672+0000] {dag.py:4180} INFO - Setting next_dagrun for 04_branch to None, run_after=None
[2026-07-10T00:43:09.714+0000] {processor.py:208} INFO - Processing /opt/airflow/dags/04_branch.py took 0.164 seconds
[2026-07-10T00:43:40.843+0000] {processor.py:186} INFO - Started process (PID=12042) to work on /opt/airflow/dags/04_branch.py
[2026-07-10T00:43:40.849+0000] {processor.py:914} INFO - Processing file /opt/airflow/dags/04_branch.py for tasks to queue
[2026-07-10T00:43:40.867+0000] {logging_mixin.py:190} INFO - [2026-07-10T00:43:40.863+0000] {dagbag.py:588} INFO - Filling up the DagBag from /opt/airflow/dags/04_branch.py
[2026-07-10T00:43:40.897+0000] {processor.py:925} INFO - DAG(s) '04_branch' retrieved from /opt/airflow/dags/04_branch.py
[2026-07-10T00:43:41.003+0000] {logging_mixin.py:190} INFO - [2026-07-10T00:43:41.003+0000] {dag.py:3239} INFO - Sync 1 DAGs
[2026-07-10T00:43:41.024+0000] {logging_mixin.py:190} INFO - [2026-07-10T00:43:41.024+0000] {dag.py:4180} INFO - Setting next_dagrun for 04_branch to None, run_after=None
[2026-07-10T00:43:41.047+0000] {processor.py:208} INFO - Processing /opt/airflow/dags/04_branch.py took 0.267 seconds
[2026-07-10T00:44:11.996+0000] {processor.py:186} INFO - Started process (PID=12082) to work on /opt/airflow/dags/04_branch.py
[2026-07-10T00:44:11.999+0000] {processor.py:914} INFO - Processing file /opt/airflow/dags/04_branch.py for tasks to queue
[2026-07-10T00:44:12.006+0000] {logging_mixin.py:190} INFO - [2026-07-10T00:44:12.005+0000] {dagbag.py:588} INFO - Filling up the DagBag from /opt/airflow/dags/04_branch.py
[2026-07-10T00:44:12.023+0000] {processor.py:925} INFO - DAG(s) '04_branch' retrieved from /opt/airflow/dags/04_branch.py
[2026-07-10T00:44:12.073+0000] {logging_mixin.py:190} INFO - [2026-07-10T00:44:12.073+0000] {dag.py:3239} INFO - Sync 1 DAGs
[2026-07-10T00:44:12.092+0000] {logging_mixin.py:190} INFO - [2026-07-10T00:44:12.092+0000] {dag.py:4180} INFO - Setting next_dagrun for 04_branch to None, run_after=None
[2026-07-10T00:44:12.113+0000] {processor.py:208} INFO - Processing /opt/airflow/dags/04_branch.py took 0.148 seconds
[2026-07-10T00:44:43.033+0000] {processor.py:186} INFO - Started process (PID=12122) to work on /opt/airflow/dags/04_branch.py
[2026-07-10T00:44:43.037+0000] {processor.py:914} INFO - Processing file /opt/airflow/dags/04_branch.py for tasks to queue
[2026-07-10T00:44:43.045+0000] {logging_mixin.py:190} INFO - [2026-07-10T00:44:43.044+0000] {dagbag.py:588} INFO - Filling up the DagBag from /opt/airflow/dags/04_branch.py
[2026-07-10T00:44:43.072+0000] {processor.py:925} INFO - DAG(s) '04_branch' retrieved from /opt/airflow/dags/04_branch.py
[2026-07-10T00:44:43.132+0000] {logging_mixin.py:190} INFO - [2026-07-10T00:44:43.132+0000] {dag.py:3239} INFO - Sync 1 DAGs
[2026-07-10T00:44:43.163+0000] {logging_mixin.py:190} INFO - [2026-07-10T00:44:43.163+0000] {dag.py:4180} INFO - Setting next_dagrun for 04_branch to None, run_after=None
[2026-07-10T00:44:43.195+0000] {processor.py:208} INFO - Processing /opt/airflow/dags/04_branch.py took 0.213 seconds
[2026-07-10T00:45:13.486+0000] {processor.py:186} INFO - Started process (PID=12162) to work on /opt/airflow/dags/04_branch.py
[2026-07-10T00:45:13.495+0000] {processor.py:914} INFO - Processing file /opt/airflow/dags/04_branch.py for tasks to queue
[2026-07-10T00:45:13.512+0000] {logging_mixin.py:190} INFO - [2026-07-10T00:45:13.509+0000] {dagbag.py:588} INFO - Filling up the DagBag from /opt/airflow/dags/04_branch.py
[2026-07-10T00:45:13.545+0000] {processor.py:925} INFO - DAG(s) '04_branch' retrieved from /opt/airflow/dags/04_branch.py
[2026-07-10T00:45:13.601+0000] {logging_mixin.py:190} INFO - [2026-07-10T00:45:13.601+0000] {dag.py:3239} INFO - Sync 1 DAGs
[2026-07-10T00:45:13.623+0000] {logging_mixin.py:190} INFO - [2026-07-10T00:45:13.623+0000] {dag.py:4180} INFO - Setting next_dagrun for 04_branch to None, run_after=None
[2026-07-10T00:45:13.655+0000] {processor.py:208} INFO - Processing /opt/airflow/dags/04_branch.py took 0.227 seconds
[2026-07-10T00:45:43.805+0000] {processor.py:186} INFO - Started process (PID=12202) to work on /opt/airflow/dags/04_branch.py
[2026-07-10T00:45:43.808+0000] {processor.py:914} INFO - Processing file /opt/airflow/dags/04_branch.py for tasks to queue
[2026-07-10T00:45:43.814+0000] {logging_mixin.py:190} INFO - [2026-07-10T00:45:43.814+0000] {dagbag.py:588} INFO - Filling up the DagBag from /opt/airflow/dags/04_branch.py
[2026-07-10T00:45:43.833+0000] {processor.py:925} INFO - DAG(s) '04_branch' retrieved from /opt/airflow/dags/04_branch.py
[2026-07-10T00:45:43.898+0000] {logging_mixin.py:190} INFO - [2026-07-10T00:45:43.898+0000] {dag.py:3239} INFO - Sync 1 DAGs
[2026-07-10T00:45:43.924+0000] {logging_mixin.py:190} INFO - [2026-07-10T00:45:43.924+0000] {dag.py:4180} INFO - Setting next_dagrun for 04_branch to None, run_after=None
[2026-07-10T00:45:43.956+0000] {processor.py:208} INFO - Processing /opt/airflow/dags/04_branch.py took 0.187 seconds
[2026-07-10T00:46:14.285+0000] {processor.py:186} INFO - Started process (PID=12242) to work on /opt/airflow/dags/04_branch.py
[2026-07-10T00:46:14.290+0000] {processor.py:914} INFO - Processing file /opt/airflow/dags/04_branch.py for tasks to queue
[2026-07-10T00:46:14.304+0000] {logging_mixin.py:190} INFO - [2026-07-10T00:46:14.302+0000] {dagbag.py:588} INFO - Filling up the DagBag from /opt/airflow/dags/04_branch.py
[2026-07-10T00:46:14.331+0000] {processor.py:925} INFO - DAG(s) '04_branch' retrieved from /opt/airflow/dags/04_branch.py
[2026-07-10T00:46:14.380+0000] {logging_mixin.py:190} INFO - [2026-07-10T00:46:14.380+0000] {dag.py:3239} INFO - Sync 1 DAGs
[2026-07-10T00:46:14.402+0000] {logging_mixin.py:190} INFO - [2026-07-10T00:46:14.402+0000] {dag.py:4180} INFO - Setting next_dagrun for 04_branch to None, run_after=None
[2026-07-10T00:46:14.426+0000] {processor.py:208} INFO - Processing /opt/airflow/dags/04_branch.py took 0.189 seconds
[2026-07-10T00:46:44.576+0000] {processor.py:186} INFO - Started process (PID=12282) to work on /opt/airflow/dags/04_branch.py
[2026-07-10T00:46:44.582+0000] {processor.py:914} INFO - Processing file /opt/airflow/dags/04_branch.py for tasks to queue
[2026-07-10T00:46:44.597+0000] {logging_mixin.py:190} INFO - [2026-07-10T00:46:44.595+0000] {dagbag.py:588} INFO - Filling up the DagBag from /opt/airflow/dags/04_branch.py
[2026-07-10T00:46:44.664+0000] {processor.py:925} INFO - DAG(s) '04_branch' retrieved from /opt/airflow/dags/04_branch.py
[2026-07-10T00:46:44.743+0000] {logging_mixin.py:190} INFO - [2026-07-10T00:46:44.743+0000] {dag.py:3239} INFO - Sync 1 DAGs
[2026-07-10T00:46:44.764+0000] {logging_mixin.py:190} INFO - [2026-07-10T00:46:44.763+0000] {dag.py:4180} INFO - Setting next_dagrun for 04_branch to None, run_after=None
[2026-07-10T00:46:44.786+0000] {processor.py:208} INFO - Processing /opt/airflow/dags/04_branch.py took 0.241 seconds
[2026-07-10T00:47:15.043+0000] {processor.py:186} INFO - Started process (PID=12322) to work on /opt/airflow/dags/04_branch.py
[2026-07-10T00:47:15.048+0000] {processor.py:914} INFO - Processing file /opt/airflow/dags/04_branch.py for tasks to queue
[2026-07-10T00:47:15.062+0000] {logging_mixin.py:190} INFO - [2026-07-10T00:47:15.061+0000] {dagbag.py:588} INFO - Filling up the DagBag from /opt/airflow/dags/04_branch.py
[2026-07-10T00:47:15.092+0000] {processor.py:925} INFO - DAG(s) '04_branch' retrieved from /opt/airflow/dags/04_branch.py
[2026-07-10T00:47:15.141+0000] {logging_mixin.py:190} INFO - [2026-07-10T00:47:15.141+0000] {dag.py:3239} INFO - Sync 1 DAGs
[2026-07-10T00:47:15.158+0000] {logging_mixin.py:190} INFO - [2026-07-10T00:47:15.158+0000] {dag.py:4180} INFO - Setting next_dagrun for 04_branch to None, run_after=None
[2026-07-10T00:47:15.180+0000] {processor.py:208} INFO - Processing /opt/airflow/dags/04_branch.py took 0.173 seconds
[2026-07-10T00:47:45.329+0000] {processor.py:186} INFO - Started process (PID=12362) to work on /opt/airflow/dags/04_branch.py
[2026-07-10T00:47:45.331+0000] {processor.py:914} INFO - Processing file /opt/airflow/dags/04_branch.py for tasks to queue
[2026-07-10T00:47:45.335+0000] {logging_mixin.py:190} INFO - [2026-07-10T00:47:45.335+0000] {dagbag.py:588} INFO - Filling up the DagBag from /opt/airflow/dags/04_branch.py
[2026-07-10T00:47:45.348+0000] {processor.py:925} INFO - DAG(s) '04_branch' retrieved from /opt/airflow/dags/04_branch.py
[2026-07-10T00:47:45.392+0000] {logging_mixin.py:190} INFO - [2026-07-10T00:47:45.391+0000] {dag.py:3239} INFO - Sync 1 DAGs
[2026-07-10T00:47:45.411+0000] {logging_mixin.py:190} INFO - [2026-07-10T00:47:45.411+0000] {dag.py:4180} INFO - Setting next_dagrun for 04_branch to None, run_after=None
[2026-07-10T00:47:45.437+0000] {processor.py:208} INFO - Processing /opt/airflow/dags/04_branch.py took 0.122 seconds
[2026-07-10T00:48:15.716+0000] {processor.py:186} INFO - Started process (PID=12402) to work on /opt/airflow/dags/04_branch.py
[2026-07-10T00:48:15.717+0000] {processor.py:914} INFO - Processing file /opt/airflow/dags/04_branch.py for tasks to queue
[2026-07-10T00:48:15.722+0000] {logging_mixin.py:190} INFO - [2026-07-10T00:48:15.721+0000] {dagbag.py:588} INFO - Filling up the DagBag from /opt/airflow/dags/04_branch.py
[2026-07-10T00:48:15.737+0000] {processor.py:925} INFO - DAG(s) '04_branch' retrieved from /opt/airflow/dags/04_branch.py
[2026-07-10T00:48:15.812+0000] {logging_mixin.py:190} INFO - [2026-07-10T00:48:15.812+0000] {dag.py:3239} INFO - Sync 1 DAGs
[2026-07-10T00:48:15.846+0000] {logging_mixin.py:190} INFO - [2026-07-10T00:48:15.846+0000] {dag.py:4180} INFO - Setting next_dagrun for 04_branch to None, run_after=None
[2026-07-10T00:48:15.893+0000] {processor.py:208} INFO - Processing /opt/airflow/dags/04_branch.py took 0.189 seconds
[2026-07-10T00:48:46.193+0000] {processor.py:186} INFO - Started process (PID=12442) to work on /opt/airflow/dags/04_branch.py
[2026-07-10T00:48:46.196+0000] {processor.py:914} INFO - Processing file /opt/airflow/dags/04_branch.py for tasks to queue
[2026-07-10T00:48:46.203+0000] {logging_mixin.py:190} INFO - [2026-07-10T00:48:46.202+0000] {dagbag.py:588} INFO - Filling up the DagBag from /opt/airflow/dags/04_branch.py
[2026-07-10T00:48:46.230+0000] {processor.py:925} INFO - DAG(s) '04_branch' retrieved from /opt/airflow/dags/04_branch.py
[2026-07-10T00:48:46.317+0000] {logging_mixin.py:190} INFO - [2026-07-10T00:48:46.316+0000] {dag.py:3239} INFO - Sync 1 DAGs
[2026-07-10T00:48:46.345+0000] {logging_mixin.py:190} INFO - [2026-07-10T00:48:46.345+0000] {dag.py:4180} INFO - Setting next_dagrun for 04_branch to None, run_after=None
[2026-07-10T00:48:46.383+0000] {processor.py:208} INFO - Processing /opt/airflow/dags/04_branch.py took 0.216 seconds
[2026-07-10T00:49:16.562+0000] {processor.py:186} INFO - Started process (PID=12482) to work on /opt/airflow/dags/04_branch.py
[2026-07-10T00:49:16.564+0000] {processor.py:914} INFO - Processing file /opt/airflow/dags/04_branch.py for tasks to queue
[2026-07-10T00:49:16.567+0000] {logging_mixin.py:190} INFO - [2026-07-10T00:49:16.566+0000] {dagbag.py:588} INFO - Filling up the DagBag from /opt/airflow/dags/04_branch.py
[2026-07-10T00:49:16.579+0000] {processor.py:925} INFO - DAG(s) '04_branch' retrieved from /opt/airflow/dags/04_branch.py
[2026-07-10T00:49:16.620+0000] {logging_mixin.py:190} INFO - [2026-07-10T00:49:16.619+0000] {dag.py:3239} INFO - Sync 1 DAGs
[2026-07-10T00:49:16.638+0000] {logging_mixin.py:190} INFO - [2026-07-10T00:49:16.637+0000] {dag.py:4180} INFO - Setting next_dagrun for 04_branch to None, run_after=None
[2026-07-10T00:49:16.663+0000] {processor.py:208} INFO - Processing /opt/airflow/dags/04_branch.py took 0.122 seconds
[2026-07-10T00:49:47.069+0000] {processor.py:186} INFO - Started process (PID=12522) to work on /opt/airflow/dags/04_branch.py
[2026-07-10T00:49:47.075+0000] {processor.py:914} INFO - Processing file /opt/airflow/dags/04_branch.py for tasks to queue
[2026-07-10T00:49:47.084+0000] {logging_mixin.py:190} INFO - [2026-07-10T00:49:47.083+0000] {dagbag.py:588} INFO - Filling up the DagBag from /opt/airflow/dags/04_branch.py
[2026-07-10T00:49:47.108+0000] {processor.py:925} INFO - DAG(s) '04_branch' retrieved from /opt/airflow/dags/04_branch.py
[2026-07-10T00:49:47.160+0000] {logging_mixin.py:190} INFO - [2026-07-10T00:49:47.160+0000] {dag.py:3239} INFO - Sync 1 DAGs
[2026-07-10T00:49:47.179+0000] {logging_mixin.py:190} INFO - [2026-07-10T00:49:47.178+0000] {dag.py:4180} INFO - Setting next_dagrun for 04_branch to None, run_after=None
[2026-07-10T00:49:47.199+0000] {processor.py:208} INFO - Processing /opt/airflow/dags/04_branch.py took 0.190 seconds
[2026-07-10T00:50:17.449+0000] {processor.py:186} INFO - Started process (PID=12562) to work on /opt/airflow/dags/04_branch.py
[2026-07-10T00:50:17.453+0000] {processor.py:914} INFO - Processing file /opt/airflow/dags/04_branch.py for tasks to queue
[2026-07-10T00:50:17.465+0000] {logging_mixin.py:190} INFO - [2026-07-10T00:50:17.464+0000] {dagbag.py:588} INFO - Filling up the DagBag from /opt/airflow/dags/04_branch.py
[2026-07-10T00:50:17.487+0000] {processor.py:925} INFO - DAG(s) '04_branch' retrieved from /opt/airflow/dags/04_branch.py
[2026-07-10T00:50:17.569+0000] {logging_mixin.py:190} INFO - [2026-07-10T00:50:17.568+0000] {dag.py:3239} INFO - Sync 1 DAGs
[2026-07-10T00:50:17.588+0000] {logging_mixin.py:190} INFO - [2026-07-10T00:50:17.588+0000] {dag.py:4180} INFO - Setting next_dagrun for 04_branch to None, run_after=None
[2026-07-10T00:50:17.617+0000] {processor.py:208} INFO - Processing /opt/airflow/dags/04_branch.py took 0.240 seconds
[2026-07-10T00:50:47.807+0000] {processor.py:186} INFO - Started process (PID=12605) to work on /opt/airflow/dags/04_branch.py
[2026-07-10T00:50:47.809+0000] {processor.py:914} INFO - Processing file /opt/airflow/dags/04_branch.py for tasks to queue
[2026-07-10T00:50:47.815+0000] {logging_mixin.py:190} INFO - [2026-07-10T00:50:47.814+0000] {dagbag.py:588} INFO - Filling up the DagBag from /opt/airflow/dags/04_branch.py
[2026-07-10T00:50:47.832+0000] {processor.py:925} INFO - DAG(s) '04_branch' retrieved from /opt/airflow/dags/04_branch.py
[2026-07-10T00:50:47.876+0000] {logging_mixin.py:190} INFO - [2026-07-10T00:50:47.876+0000] {dag.py:3239} INFO - Sync 1 DAGs
[2026-07-10T00:50:47.893+0000] {logging_mixin.py:190} INFO - [2026-07-10T00:50:47.893+0000] {dag.py:4180} INFO - Setting next_dagrun for 04_branch to None, run_after=None
[2026-07-10T00:50:47.914+0000] {processor.py:208} INFO - Processing /opt/airflow/dags/04_branch.py took 0.128 seconds
[2026-07-10T00:51:18.217+0000] {processor.py:186} INFO - Started process (PID=12642) to work on /opt/airflow/dags/04_branch.py
[2026-07-10T00:51:18.226+0000] {processor.py:914} INFO - Processing file /opt/airflow/dags/04_branch.py for tasks to queue
[2026-07-10T00:51:18.239+0000] {logging_mixin.py:190} INFO - [2026-07-10T00:51:18.238+0000] {dagbag.py:588} INFO - Filling up the DagBag from /opt/airflow/dags/04_branch.py
[2026-07-10T00:51:18.266+0000] {processor.py:925} INFO - DAG(s) '04_branch' retrieved from /opt/airflow/dags/04_branch.py
[2026-07-10T00:51:18.320+0000] {logging_mixin.py:190} INFO - [2026-07-10T00:51:18.320+0000] {dag.py:3239} INFO - Sync 1 DAGs
[2026-07-10T00:51:18.342+0000] {logging_mixin.py:190} INFO - [2026-07-10T00:51:18.342+0000] {dag.py:4180} INFO - Setting next_dagrun for 04_branch to None, run_after=None
[2026-07-10T00:51:18.371+0000] {processor.py:208} INFO - Processing /opt/airflow/dags/04_branch.py took 0.214 seconds
[2026-07-10T00:51:49.368+0000] {processor.py:186} INFO - Started process (PID=12682) to work on /opt/airflow/dags/04_branch.py
[2026-07-10T00:51:49.371+0000] {processor.py:914} INFO - Processing file /opt/airflow/dags/04_branch.py for tasks to queue
[2026-07-10T00:51:49.379+0000] {logging_mixin.py:190} INFO - [2026-07-10T00:51:49.378+0000] {dagbag.py:588} INFO - Filling up the DagBag from /opt/airflow/dags/04_branch.py
[2026-07-10T00:51:49.412+0000] {processor.py:925} INFO - DAG(s) '04_branch' retrieved from /opt/airflow/dags/04_branch.py
[2026-07-10T00:51:49.465+0000] {logging_mixin.py:190} INFO - [2026-07-10T00:51:49.464+0000] {dag.py:3239} INFO - Sync 1 DAGs
[2026-07-10T00:51:49.487+0000] {logging_mixin.py:190} INFO - [2026-07-10T00:51:49.486+0000] {dag.py:4180} INFO - Setting next_dagrun for 04_branch to None, run_after=None
[2026-07-10T00:51:49.514+0000] {processor.py:208} INFO - Processing /opt/airflow/dags/04_branch.py took 0.162 seconds
[2026-07-10T00:52:19.658+0000] {processor.py:186} INFO - Started process (PID=12722) to work on /opt/airflow/dags/04_branch.py
[2026-07-10T00:52:19.660+0000] {processor.py:914} INFO - Processing file /opt/airflow/dags/04_branch.py for tasks to queue
[2026-07-10T00:52:19.665+0000] {logging_mixin.py:190} INFO - [2026-07-10T00:52:19.664+0000] {dagbag.py:588} INFO - Filling up the DagBag from /opt/airflow/dags/04_branch.py
[2026-07-10T00:52:19.680+0000] {processor.py:925} INFO - DAG(s) '04_branch' retrieved from /opt/airflow/dags/04_branch.py
[2026-07-10T00:52:19.728+0000] {logging_mixin.py:190} INFO - [2026-07-10T00:52:19.727+0000] {dag.py:3239} INFO - Sync 1 DAGs
[2026-07-10T00:52:19.745+0000] {logging_mixin.py:190} INFO - [2026-07-10T00:52:19.745+0000] {dag.py:4180} INFO - Setting next_dagrun for 04_branch to None, run_after=None
[2026-07-10T00:52:19.765+0000] {processor.py:208} INFO - Processing /opt/airflow/dags/04_branch.py took 0.130 seconds
[2026-07-10T00:52:49.853+0000] {processor.py:186} INFO - Started process (PID=12762) to work on /opt/airflow/dags/04_branch.py
[2026-07-10T00:52:49.854+0000] {processor.py:914} INFO - Processing file /opt/airflow/dags/04_branch.py for tasks to queue
[2026-07-10T00:52:49.858+0000] {logging_mixin.py:190} INFO - [2026-07-10T00:52:49.857+0000] {dagbag.py:588} INFO - Filling up the DagBag from /opt/airflow/dags/04_branch.py
[2026-07-10T00:52:49.879+0000] {processor.py:925} INFO - DAG(s) '04_branch' retrieved from /opt/airflow/dags/04_branch.py
[2026-07-10T00:52:49.957+0000] {logging_mixin.py:190} INFO - [2026-07-10T00:52:49.957+0000] {dag.py:3239} INFO - Sync 1 DAGs
[2026-07-10T00:52:49.978+0000] {logging_mixin.py:190} INFO - [2026-07-10T00:52:49.977+0000] {dag.py:4180} INFO - Setting next_dagrun for 04_branch to None, run_after=None
[2026-07-10T00:52:50.007+0000] {processor.py:208} INFO - Processing /opt/airflow/dags/04_branch.py took 0.164 seconds
[2026-07-10T00:53:20.215+0000] {processor.py:186} INFO - Started process (PID=12802) to work on /opt/airflow/dags/04_branch.py
[2026-07-10T00:53:20.218+0000] {processor.py:914} INFO - Processing file /opt/airflow/dags/04_branch.py for tasks to queue
[2026-07-10T00:53:20.222+0000] {logging_mixin.py:190} INFO - [2026-07-10T00:53:20.222+0000] {dagbag.py:588} INFO - Filling up the DagBag from /opt/airflow/dags/04_branch.py
[2026-07-10T00:53:20.235+0000] {processor.py:925} INFO - DAG(s) '04_branch' retrieved from /opt/airflow/dags/04_branch.py
[2026-07-10T00:53:20.283+0000] {logging_mixin.py:190} INFO - [2026-07-10T00:53:20.283+0000] {dag.py:3239} INFO - Sync 1 DAGs
[2026-07-10T00:53:20.300+0000] {logging_mixin.py:190} INFO - [2026-07-10T00:53:20.300+0000] {dag.py:4180} INFO - Setting next_dagrun for 04_branch to None, run_after=None
[2026-07-10T00:53:20.323+0000] {processor.py:208} INFO - Processing /opt/airflow/dags/04_branch.py took 0.123 seconds
[2026-07-10T00:53:50.822+0000] {processor.py:186} INFO - Started process (PID=12842) to work on /opt/airflow/dags/04_branch.py
[2026-07-10T00:53:50.823+0000] {processor.py:914} INFO - Processing file /opt/airflow/dags/04_branch.py for tasks to queue
[2026-07-10T00:53:50.827+0000] {logging_mixin.py:190} INFO - [2026-07-10T00:53:50.826+0000] {dagbag.py:588} INFO - Filling up the DagBag from /opt/airflow/dags/04_branch.py
[2026-07-10T00:53:50.838+0000] {processor.py:925} INFO - DAG(s) '04_branch' retrieved from /opt/airflow/dags/04_branch.py
[2026-07-10T00:53:50.883+0000] {logging_mixin.py:190} INFO - [2026-07-10T00:53:50.882+0000] {dag.py:3239} INFO - Sync 1 DAGs
[2026-07-10T00:53:50.903+0000] {logging_mixin.py:190} INFO - [2026-07-10T00:53:50.903+0000] {dag.py:4180} INFO - Setting next_dagrun for 04_branch to None, run_after=None
[2026-07-10T00:53:50.927+0000] {processor.py:208} INFO - Processing /opt/airflow/dags/04_branch.py took 0.114 seconds
[2026-07-10T00:54:21.409+0000] {processor.py:186} INFO - Started process (PID=12882) to work on /opt/airflow/dags/04_branch.py
[2026-07-10T00:54:21.413+0000] {processor.py:914} INFO - Processing file /opt/airflow/dags/04_branch.py for tasks to queue
[2026-07-10T00:54:21.422+0000] {logging_mixin.py:190} INFO - [2026-07-10T00:54:21.421+0000] {dagbag.py:588} INFO - Filling up the DagBag from /opt/airflow/dags/04_branch.py
[2026-07-10T00:54:21.459+0000] {processor.py:925} INFO - DAG(s) '04_branch' retrieved from /opt/airflow/dags/04_branch.py
[2026-07-10T00:54:21.591+0000] {logging_mixin.py:190} INFO - [2026-07-10T00:54:21.590+0000] {dag.py:3239} INFO - Sync 1 DAGs
[2026-07-10T00:54:21.612+0000] {logging_mixin.py:190} INFO - [2026-07-10T00:54:21.612+0000] {dag.py:4180} INFO - Setting next_dagrun for 04_branch to None, run_after=None
[2026-07-10T00:54:21.635+0000] {processor.py:208} INFO - Processing /opt/airflow/dags/04_branch.py took 0.293 seconds
[2026-07-10T00:54:51.961+0000] {processor.py:186} INFO - Started process (PID=12922) to work on /opt/airflow/dags/04_branch.py
[2026-07-10T00:54:51.963+0000] {processor.py:914} INFO - Processing file /opt/airflow/dags/04_branch.py for tasks to queue
[2026-07-10T00:54:51.969+0000] {logging_mixin.py:190} INFO - [2026-07-10T00:54:51.968+0000] {dagbag.py:588} INFO - Filling up the DagBag from /opt/airflow/dags/04_branch.py
[2026-07-10T00:54:51.986+0000] {processor.py:925} INFO - DAG(s) '04_branch' retrieved from /opt/airflow/dags/04_branch.py
[2026-07-10T00:54:52.046+0000] {logging_mixin.py:190} INFO - [2026-07-10T00:54:52.045+0000] {dag.py:3239} INFO - Sync 1 DAGs
[2026-07-10T00:54:52.068+0000] {logging_mixin.py:190} INFO - [2026-07-10T00:54:52.068+0000] {dag.py:4180} INFO - Setting next_dagrun for 04_branch to None, run_after=None
[2026-07-10T00:54:52.094+0000] {processor.py:208} INFO - Processing /opt/airflow/dags/04_branch.py took 0.166 seconds
[2026-07-10T00:55:22.329+0000] {processor.py:186} INFO - Started process (PID=12962) to work on /opt/airflow/dags/04_branch.py
[2026-07-10T00:55:22.331+0000] {processor.py:914} INFO - Processing file /opt/airflow/dags/04_branch.py for tasks to queue
[2026-07-10T00:55:22.334+0000] {logging_mixin.py:190} INFO - [2026-07-10T00:55:22.334+0000] {dagbag.py:588} INFO - Filling up the DagBag from /opt/airflow/dags/04_branch.py
[2026-07-10T00:55:22.351+0000] {processor.py:925} INFO - DAG(s) '04_branch' retrieved from /opt/airflow/dags/04_branch.py
[2026-07-10T00:55:22.398+0000] {logging_mixin.py:190} INFO - [2026-07-10T00:55:22.398+0000] {dag.py:3239} INFO - Sync 1 DAGs
[2026-07-10T00:55:22.420+0000] {logging_mixin.py:190} INFO - [2026-07-10T00:55:22.419+0000] {dag.py:4180} INFO - Setting next_dagrun for 04_branch to None, run_after=None
[2026-07-10T00:55:22.442+0000] {processor.py:208} INFO - Processing /opt/airflow/dags/04_branch.py took 0.132 seconds
[2026-07-10T00:55:52.587+0000] {processor.py:186} INFO - Started process (PID=13002) to work on /opt/airflow/dags/04_branch.py
[2026-07-10T00:55:52.589+0000] {processor.py:914} INFO - Processing file /opt/airflow/dags/04_branch.py for tasks to queue
[2026-07-10T00:55:52.594+0000] {logging_mixin.py:190} INFO - [2026-07-10T00:55:52.593+0000] {dagbag.py:588} INFO - Filling up the DagBag from /opt/airflow/dags/04_branch.py
[2026-07-10T00:55:52.610+0000] {processor.py:925} INFO - DAG(s) '04_branch' retrieved from /opt/airflow/dags/04_branch.py
[2026-07-10T00:55:52.657+0000] {logging_mixin.py:190} INFO - [2026-07-10T00:55:52.656+0000] {dag.py:3239} INFO - Sync 1 DAGs
[2026-07-10T00:55:52.869+0000] {logging_mixin.py:190} INFO - [2026-07-10T00:55:52.868+0000] {dag.py:4180} INFO - Setting next_dagrun for 04_branch to None, run_after=None
[2026-07-10T00:55:52.887+0000] {processor.py:208} INFO - Processing /opt/airflow/dags/04_branch.py took 0.330 seconds
[2026-07-10T00:56:23.037+0000] {processor.py:186} INFO - Started process (PID=13045) to work on /opt/airflow/dags/04_branch.py
[2026-07-10T00:56:23.038+0000] {processor.py:914} INFO - Processing file /opt/airflow/dags/04_branch.py for tasks to queue
[2026-07-10T00:56:23.042+0000] {logging_mixin.py:190} INFO - [2026-07-10T00:56:23.041+0000] {dagbag.py:588} INFO - Filling up the DagBag from /opt/airflow/dags/04_branch.py
[2026-07-10T00:56:23.052+0000] {processor.py:925} INFO - DAG(s) '04_branch' retrieved from /opt/airflow/dags/04_branch.py
[2026-07-10T00:56:23.094+0000] {logging_mixin.py:190} INFO - [2026-07-10T00:56:23.093+0000] {dag.py:3239} INFO - Sync 1 DAGs
[2026-07-10T00:56:23.110+0000] {logging_mixin.py:190} INFO - [2026-07-10T00:56:23.110+0000] {dag.py:4180} INFO - Setting next_dagrun for 04_branch to None, run_after=None
[2026-07-10T00:56:23.132+0000] {processor.py:208} INFO - Processing /opt/airflow/dags/04_branch.py took 0.106 seconds
[2026-07-10T00:56:53.305+0000] {processor.py:186} INFO - Started process (PID=13082) to work on /opt/airflow/dags/04_branch.py
[2026-07-10T00:56:53.307+0000] {processor.py:914} INFO - Processing file /opt/airflow/dags/04_branch.py for tasks to queue
[2026-07-10T00:56:53.313+0000] {logging_mixin.py:190} INFO - [2026-07-10T00:56:53.312+0000] {dagbag.py:588} INFO - Filling up the DagBag from /opt/airflow/dags/04_branch.py
[2026-07-10T00:56:53.339+0000] {processor.py:925} INFO - DAG(s) '04_branch' retrieved from /opt/airflow/dags/04_branch.py
[2026-07-10T00:56:53.412+0000] {logging_mixin.py:190} INFO - [2026-07-10T00:56:53.411+0000] {dag.py:3239} INFO - Sync 1 DAGs
[2026-07-10T00:56:53.438+0000] {logging_mixin.py:190} INFO - [2026-07-10T00:56:53.437+0000] {dag.py:4180} INFO - Setting next_dagrun for 04_branch to None, run_after=None
[2026-07-10T00:56:53.467+0000] {processor.py:208} INFO - Processing /opt/airflow/dags/04_branch.py took 0.201 seconds
[2026-07-10T00:57:24.067+0000] {processor.py:186} INFO - Started process (PID=13122) to work on /opt/airflow/dags/04_branch.py
[2026-07-10T00:57:24.074+0000] {processor.py:914} INFO - Processing file /opt/airflow/dags/04_branch.py for tasks to queue
[2026-07-10T00:57:24.080+0000] {logging_mixin.py:190} INFO - [2026-07-10T00:57:24.079+0000] {dagbag.py:588} INFO - Filling up the DagBag from /opt/airflow/dags/04_branch.py
[2026-07-10T00:57:24.103+0000] {processor.py:925} INFO - DAG(s) '04_branch' retrieved from /opt/airflow/dags/04_branch.py
[2026-07-10T00:57:24.182+0000] {logging_mixin.py:190} INFO - [2026-07-10T00:57:24.181+0000] {dag.py:3239} INFO - Sync 1 DAGs
[2026-07-10T00:57:24.215+0000] {logging_mixin.py:190} INFO - [2026-07-10T00:57:24.214+0000] {dag.py:4180} INFO - Setting next_dagrun for 04_branch to None, run_after=None
[2026-07-10T00:57:24.253+0000] {processor.py:208} INFO - Processing /opt/airflow/dags/04_branch.py took 0.201 seconds
[2026-07-10T00:57:54.443+0000] {processor.py:186} INFO - Started process (PID=13162) to work on /opt/airflow/dags/04_branch.py
[2026-07-10T00:57:54.447+0000] {processor.py:914} INFO - Processing file /opt/airflow/dags/04_branch.py for tasks to queue
[2026-07-10T00:57:54.457+0000] {logging_mixin.py:190} INFO - [2026-07-10T00:57:54.456+0000] {dagbag.py:588} INFO - Filling up the DagBag from /opt/airflow/dags/04_branch.py
[2026-07-10T00:57:54.478+0000] {processor.py:925} INFO - DAG(s) '04_branch' retrieved from /opt/airflow/dags/04_branch.py
[2026-07-10T00:57:54.526+0000] {logging_mixin.py:190} INFO - [2026-07-10T00:57:54.525+0000] {dag.py:3239} INFO - Sync 1 DAGs
[2026-07-10T00:57:54.545+0000] {logging_mixin.py:190} INFO - [2026-07-10T00:57:54.545+0000] {dag.py:4180} INFO - Setting next_dagrun for 04_branch to None, run_after=None
[2026-07-10T00:57:54.570+0000] {processor.py:208} INFO - Processing /opt/airflow/dags/04_branch.py took 0.165 seconds
[2026-07-10T00:58:24.642+0000] {processor.py:186} INFO - Started process (PID=13202) to work on /opt/airflow/dags/04_branch.py
[2026-07-10T00:58:24.644+0000] {processor.py:914} INFO - Processing file /opt/airflow/dags/04_branch.py for tasks to queue
[2026-07-10T00:58:24.647+0000] {logging_mixin.py:190} INFO - [2026-07-10T00:58:24.647+0000] {dagbag.py:588} INFO - Filling up the DagBag from /opt/airflow/dags/04_branch.py
[2026-07-10T00:58:24.659+0000] {processor.py:925} INFO - DAG(s) '04_branch' retrieved from /opt/airflow/dags/04_branch.py
[2026-07-10T00:58:24.705+0000] {logging_mixin.py:190} INFO - [2026-07-10T00:58:24.705+0000] {dag.py:3239} INFO - Sync 1 DAGs
[2026-07-10T00:58:24.927+0000] {logging_mixin.py:190} INFO - [2026-07-10T00:58:24.927+0000] {dag.py:4180} INFO - Setting next_dagrun for 04_branch to None, run_after=None
[2026-07-10T00:58:24.953+0000] {processor.py:208} INFO - Processing /opt/airflow/dags/04_branch.py took 0.322 seconds
[2026-07-10T00:58:55.240+0000] {processor.py:186} INFO - Started process (PID=13242) to work on /opt/airflow/dags/04_branch.py
[2026-07-10T00:58:55.246+0000] {processor.py:914} INFO - Processing file /opt/airflow/dags/04_branch.py for tasks to queue
[2026-07-10T00:58:55.261+0000] {logging_mixin.py:190} INFO - [2026-07-10T00:58:55.259+0000] {dagbag.py:588} INFO - Filling up the DagBag from /opt/airflow/dags/04_branch.py
[2026-07-10T00:58:55.313+0000] {processor.py:925} INFO - DAG(s) '04_branch' retrieved from /opt/airflow/dags/04_branch.py
[2026-07-10T00:58:55.385+0000] {logging_mixin.py:190} INFO - [2026-07-10T00:58:55.384+0000] {dag.py:3239} INFO - Sync 1 DAGs
[2026-07-10T00:58:55.412+0000] {logging_mixin.py:190} INFO - [2026-07-10T00:58:55.412+0000] {dag.py:4180} INFO - Setting next_dagrun for 04_branch to None, run_after=None
[2026-07-10T00:58:55.444+0000] {processor.py:208} INFO - Processing /opt/airflow/dags/04_branch.py took 0.250 seconds
[2026-07-10T00:59:25.889+0000] {processor.py:186} INFO - Started process (PID=13282) to work on /opt/airflow/dags/04_branch.py
[2026-07-10T00:59:25.892+0000] {processor.py:914} INFO - Processing file /opt/airflow/dags/04_branch.py for tasks to queue
[2026-07-10T00:59:25.897+0000] {logging_mixin.py:190} INFO - [2026-07-10T00:59:25.896+0000] {dagbag.py:588} INFO - Filling up the DagBag from /opt/airflow/dags/04_branch.py
[2026-07-10T00:59:25.914+0000] {processor.py:925} INFO - DAG(s) '04_branch' retrieved from /opt/airflow/dags/04_branch.py
[2026-07-10T00:59:25.969+0000] {logging_mixin.py:190} INFO - [2026-07-10T00:59:25.968+0000] {dag.py:3239} INFO - Sync 1 DAGs
[2026-07-10T00:59:26.234+0000] {logging_mixin.py:190} INFO - [2026-07-10T00:59:26.234+0000] {dag.py:4180} INFO - Setting next_dagrun for 04_branch to None, run_after=None
[2026-07-10T00:59:26.265+0000] {processor.py:208} INFO - Processing /opt/airflow/dags/04_branch.py took 0.400 seconds
[2026-07-10T00:59:56.938+0000] {processor.py:186} INFO - Started process (PID=13322) to work on /opt/airflow/dags/04_branch.py
[2026-07-10T00:59:56.939+0000] {processor.py:914} INFO - Processing file /opt/airflow/dags/04_branch.py for tasks to queue
[2026-07-10T00:59:56.942+0000] {logging_mixin.py:190} INFO - [2026-07-10T00:59:56.942+0000] {dagbag.py:588} INFO - Filling up the DagBag from /opt/airflow/dags/04_branch.py
[2026-07-10T00:59:56.951+0000] {processor.py:925} INFO - DAG(s) '04_branch' retrieved from /opt/airflow/dags/04_branch.py
[2026-07-10T00:59:57.000+0000] {logging_mixin.py:190} INFO - [2026-07-10T00:59:57.000+0000] {dag.py:3239} INFO - Sync 1 DAGs
[2026-07-10T00:59:57.020+0000] {logging_mixin.py:190} INFO - [2026-07-10T00:59:57.020+0000] {dag.py:4180} INFO - Setting next_dagrun for 04_branch to None, run_after=None
[2026-07-10T00:59:57.042+0000] {processor.py:208} INFO - Processing /opt/airflow/dags/04_branch.py took 0.110 seconds
[2026-07-10T01:00:28.060+0000] {processor.py:186} INFO - Started process (PID=13362) to work on /opt/airflow/dags/04_branch.py
[2026-07-10T01:00:28.067+0000] {processor.py:914} INFO - Processing file /opt/airflow/dags/04_branch.py for tasks to queue
[2026-07-10T01:00:28.082+0000] {logging_mixin.py:190} INFO - [2026-07-10T01:00:28.080+0000] {dagbag.py:588} INFO - Filling up the DagBag from /opt/airflow/dags/04_branch.py
[2026-07-10T01:00:28.105+0000] {processor.py:925} INFO - DAG(s) '04_branch' retrieved from /opt/airflow/dags/04_branch.py
[2026-07-10T01:00:28.140+0000] {logging_mixin.py:190} INFO - [2026-07-10T01:00:28.140+0000] {dag.py:3239} INFO - Sync 1 DAGs
[2026-07-10T01:00:28.156+0000] {logging_mixin.py:190} INFO - [2026-07-10T01:00:28.156+0000] {dag.py:4180} INFO - Setting next_dagrun for 04_branch to None, run_after=None
[2026-07-10T01:00:28.181+0000] {processor.py:208} INFO - Processing /opt/airflow/dags/04_branch.py took 0.152 seconds
[2026-07-10T01:00:58.273+0000] {processor.py:186} INFO - Started process (PID=13402) to work on /opt/airflow/dags/04_branch.py
[2026-07-10T01:00:58.274+0000] {processor.py:914} INFO - Processing file /opt/airflow/dags/04_branch.py for tasks to queue
[2026-07-10T01:00:58.277+0000] {logging_mixin.py:190} INFO - [2026-07-10T01:00:58.276+0000] {dagbag.py:588} INFO - Filling up the DagBag from /opt/airflow/dags/04_branch.py
[2026-07-10T01:00:58.289+0000] {processor.py:925} INFO - DAG(s) '04_branch' retrieved from /opt/airflow/dags/04_branch.py
[2026-07-10T01:00:58.342+0000] {logging_mixin.py:190} INFO - [2026-07-10T01:00:58.342+0000] {dag.py:3239} INFO - Sync 1 DAGs
[2026-07-10T01:00:58.365+0000] {logging_mixin.py:190} INFO - [2026-07-10T01:00:58.364+0000] {dag.py:4180} INFO - Setting next_dagrun for 04_branch to None, run_after=None
[2026-07-10T01:00:58.387+0000] {processor.py:208} INFO - Processing /opt/airflow/dags/04_branch.py took 0.121 seconds
[2026-07-10T01:01:28.487+0000] {processor.py:186} INFO - Started process (PID=13442) to work on /opt/airflow/dags/04_branch.py
[2026-07-10T01:01:28.489+0000] {processor.py:914} INFO - Processing file /opt/airflow/dags/04_branch.py for tasks to queue
[2026-07-10T01:01:28.495+0000] {logging_mixin.py:190} INFO - [2026-07-10T01:01:28.494+0000] {dagbag.py:588} INFO - Filling up the DagBag from /opt/airflow/dags/04_branch.py
[2026-07-10T01:01:28.519+0000] {processor.py:925} INFO - DAG(s) '04_branch' retrieved from /opt/airflow/dags/04_branch.py
[2026-07-10T01:01:28.595+0000] {logging_mixin.py:190} INFO - [2026-07-10T01:01:28.595+0000] {dag.py:3239} INFO - Sync 1 DAGs
[2026-07-10T01:01:28.627+0000] {logging_mixin.py:190} INFO - [2026-07-10T01:01:28.627+0000] {dag.py:4180} INFO - Setting next_dagrun for 04_branch to None, run_after=None
[2026-07-10T01:01:28.670+0000] {processor.py:208} INFO - Processing /opt/airflow/dags/04_branch.py took 0.196 seconds
[2026-07-10T01:01:58.810+0000] {processor.py:186} INFO - Started process (PID=13482) to work on /opt/airflow/dags/04_branch.py
[2026-07-10T01:01:58.811+0000] {processor.py:914} INFO - Processing file /opt/airflow/dags/04_branch.py for tasks to queue
[2026-07-10T01:01:58.817+0000] {logging_mixin.py:190} INFO - [2026-07-10T01:01:58.817+0000] {dagbag.py:588} INFO - Filling up the DagBag from /opt/airflow/dags/04_branch.py
[2026-07-10T01:01:58.834+0000] {processor.py:925} INFO - DAG(s) '04_branch' retrieved from /opt/airflow/dags/04_branch.py
[2026-07-10T01:01:58.878+0000] {logging_mixin.py:190} INFO - [2026-07-10T01:01:58.878+0000] {dag.py:3239} INFO - Sync 1 DAGs
[2026-07-10T01:01:58.897+0000] {logging_mixin.py:190} INFO - [2026-07-10T01:01:58.897+0000] {dag.py:4180} INFO - Setting next_dagrun for 04_branch to None, run_after=None
[2026-07-10T01:01:58.919+0000] {processor.py:208} INFO - Processing /opt/airflow/dags/04_branch.py took 0.132 seconds
[2026-07-10T01:02:29.656+0000] {processor.py:186} INFO - Started process (PID=13522) to work on /opt/airflow/dags/04_branch.py
[2026-07-10T01:02:29.658+0000] {processor.py:914} INFO - Processing file /opt/airflow/dags/04_branch.py for tasks to queue
[2026-07-10T01:02:29.663+0000] {logging_mixin.py:190} INFO - [2026-07-10T01:02:29.663+0000] {dagbag.py:588} INFO - Filling up the DagBag from /opt/airflow/dags/04_branch.py
[2026-07-10T01:02:29.688+0000] {processor.py:925} INFO - DAG(s) '04_branch' retrieved from /opt/airflow/dags/04_branch.py
[2026-07-10T01:02:29.758+0000] {logging_mixin.py:190} INFO - [2026-07-10T01:02:29.757+0000] {dag.py:3239} INFO - Sync 1 DAGs
[2026-07-10T01:02:29.785+0000] {logging_mixin.py:190} INFO - [2026-07-10T01:02:29.784+0000] {dag.py:4180} INFO - Setting next_dagrun for 04_branch to None, run_after=None
[2026-07-10T01:02:29.818+0000] {processor.py:208} INFO - Processing /opt/airflow/dags/04_branch.py took 0.180 seconds
[2026-07-10T01:03:00.323+0000] {processor.py:186} INFO - Started process (PID=13562) to work on /opt/airflow/dags/04_branch.py
[2026-07-10T01:03:00.325+0000] {processor.py:914} INFO - Processing file /opt/airflow/dags/04_branch.py for tasks to queue
[2026-07-10T01:03:00.329+0000] {logging_mixin.py:190} INFO - [2026-07-10T01:03:00.329+0000] {dagbag.py:588} INFO - Filling up the DagBag from /opt/airflow/dags/04_branch.py
[2026-07-10T01:03:00.343+0000] {processor.py:925} INFO - DAG(s) '04_branch' retrieved from /opt/airflow/dags/04_branch.py
[2026-07-10T01:03:00.399+0000] {logging_mixin.py:190} INFO - [2026-07-10T01:03:00.399+0000] {dag.py:3239} INFO - Sync 1 DAGs
[2026-07-10T01:03:00.421+0000] {logging_mixin.py:190} INFO - [2026-07-10T01:03:00.420+0000] {dag.py:4180} INFO - Setting next_dagrun for 04_branch to None, run_after=None
[2026-07-10T01:03:00.444+0000] {processor.py:208} INFO - Processing /opt/airflow/dags/04_branch.py took 0.131 seconds
[2026-07-10T01:03:30.713+0000] {processor.py:186} INFO - Started process (PID=13602) to work on /opt/airflow/dags/04_branch.py
[2026-07-10T01:03:30.715+0000] {processor.py:914} INFO - Processing file /opt/airflow/dags/04_branch.py for tasks to queue
[2026-07-10T01:03:30.723+0000] {logging_mixin.py:190} INFO - [2026-07-10T01:03:30.722+0000] {dagbag.py:588} INFO - Filling up the DagBag from /opt/airflow/dags/04_branch.py
[2026-07-10T01:03:30.741+0000] {processor.py:925} INFO - DAG(s) '04_branch' retrieved from /opt/airflow/dags/04_branch.py
[2026-07-10T01:03:30.789+0000] {logging_mixin.py:190} INFO - [2026-07-10T01:03:30.788+0000] {dag.py:3239} INFO - Sync 1 DAGs
[2026-07-10T01:03:30.809+0000] {logging_mixin.py:190} INFO - [2026-07-10T01:03:30.809+0000] {dag.py:4180} INFO - Setting next_dagrun for 04_branch to None, run_after=None
[2026-07-10T01:03:30.832+0000] {processor.py:208} INFO - Processing /opt/airflow/dags/04_branch.py took 0.139 seconds
[2026-07-10T01:04:01.767+0000] {processor.py:186} INFO - Started process (PID=13642) to work on /opt/airflow/dags/04_branch.py
[2026-07-10T01:04:01.769+0000] {processor.py:914} INFO - Processing file /opt/airflow/dags/04_branch.py for tasks to queue
[2026-07-10T01:04:01.778+0000] {logging_mixin.py:190} INFO - [2026-07-10T01:04:01.776+0000] {dagbag.py:588} INFO - Filling up the DagBag from /opt/airflow/dags/04_branch.py
[2026-07-10T01:04:01.817+0000] {processor.py:925} INFO - DAG(s) '04_branch' retrieved from /opt/airflow/dags/04_branch.py
[2026-07-10T01:04:01.924+0000] {logging_mixin.py:190} INFO - [2026-07-10T01:04:01.924+0000] {dag.py:3239} INFO - Sync 1 DAGs
[2026-07-10T01:04:01.977+0000] {logging_mixin.py:190} INFO - [2026-07-10T01:04:01.977+0000] {dag.py:4180} INFO - Setting next_dagrun for 04_branch to None, run_after=None
[2026-07-10T01:04:02.048+0000] {processor.py:208} INFO - Processing /opt/airflow/dags/04_branch.py took 0.310 seconds
[2026-07-10T01:04:32.235+0000] {processor.py:186} INFO - Started process (PID=13682) to work on /opt/airflow/dags/04_branch.py
[2026-07-10T01:04:32.244+0000] {processor.py:914} INFO - Processing file /opt/airflow/dags/04_branch.py for tasks to queue
[2026-07-10T01:04:32.252+0000] {logging_mixin.py:190} INFO - [2026-07-10T01:04:32.251+0000] {dagbag.py:588} INFO - Filling up the DagBag from /opt/airflow/dags/04_branch.py
[2026-07-10T01:04:32.272+0000] {processor.py:925} INFO - DAG(s) '04_branch' retrieved from /opt/airflow/dags/04_branch.py
[2026-07-10T01:04:32.325+0000] {logging_mixin.py:190} INFO - [2026-07-10T01:04:32.325+0000] {dag.py:3239} INFO - Sync 1 DAGs
[2026-07-10T01:04:32.346+0000] {logging_mixin.py:190} INFO - [2026-07-10T01:04:32.345+0000] {dag.py:4180} INFO - Setting next_dagrun for 04_branch to None, run_after=None
[2026-07-10T01:04:32.371+0000] {processor.py:208} INFO - Processing /opt/airflow/dags/04_branch.py took 0.165 seconds
[2026-07-10T01:05:02.426+0000] {processor.py:186} INFO - Started process (PID=13722) to work on /opt/airflow/dags/04_branch.py
[2026-07-10T01:05:02.428+0000] {processor.py:914} INFO - Processing file /opt/airflow/dags/04_branch.py for tasks to queue
[2026-07-10T01:05:02.433+0000] {logging_mixin.py:190} INFO - [2026-07-10T01:05:02.432+0000] {dagbag.py:588} INFO - Filling up the DagBag from /opt/airflow/dags/04_branch.py
[2026-07-10T01:05:02.448+0000] {processor.py:925} INFO - DAG(s) '04_branch' retrieved from /opt/airflow/dags/04_branch.py
[2026-07-10T01:05:02.509+0000] {logging_mixin.py:190} INFO - [2026-07-10T01:05:02.508+0000] {dag.py:3239} INFO - Sync 1 DAGs
[2026-07-10T01:05:02.527+0000] {logging_mixin.py:190} INFO - [2026-07-10T01:05:02.527+0000] {dag.py:4180} INFO - Setting next_dagrun for 04_branch to None, run_after=None
[2026-07-10T01:05:02.548+0000] {processor.py:208} INFO - Processing /opt/airflow/dags/04_branch.py took 0.132 seconds
[2026-07-10T01:05:32.786+0000] {processor.py:186} INFO - Started process (PID=13762) to work on /opt/airflow/dags/04_branch.py
[2026-07-10T01:05:32.794+0000] {processor.py:914} INFO - Processing file /opt/airflow/dags/04_branch.py for tasks to queue
[2026-07-10T01:05:32.814+0000] {logging_mixin.py:190} INFO - [2026-07-10T01:05:32.810+0000] {dagbag.py:588} INFO - Filling up the DagBag from /opt/airflow/dags/04_branch.py
[2026-07-10T01:05:32.834+0000] {processor.py:925} INFO - DAG(s) '04_branch' retrieved from /opt/airflow/dags/04_branch.py
[2026-07-10T01:05:32.879+0000] {logging_mixin.py:190} INFO - [2026-07-10T01:05:32.879+0000] {dag.py:3239} INFO - Sync 1 DAGs
[2026-07-10T01:05:32.897+0000] {logging_mixin.py:190} INFO - [2026-07-10T01:05:32.897+0000] {dag.py:4180} INFO - Setting next_dagrun for 04_branch to None, run_after=None
[2026-07-10T01:05:32.920+0000] {processor.py:208} INFO - Processing /opt/airflow/dags/04_branch.py took 0.180 seconds
[2026-07-10T01:06:03.152+0000] {processor.py:186} INFO - Started process (PID=13802) to work on /opt/airflow/dags/04_branch.py
[2026-07-10T01:06:03.154+0000] {processor.py:914} INFO - Processing file /opt/airflow/dags/04_branch.py for tasks to queue
[2026-07-10T01:06:03.160+0000] {logging_mixin.py:190} INFO - [2026-07-10T01:06:03.159+0000] {dagbag.py:588} INFO - Filling up the DagBag from /opt/airflow/dags/04_branch.py
[2026-07-10T01:06:03.177+0000] {processor.py:925} INFO - DAG(s) '04_branch' retrieved from /opt/airflow/dags/04_branch.py
[2026-07-10T01:06:03.240+0000] {logging_mixin.py:190} INFO - [2026-07-10T01:06:03.240+0000] {dag.py:3239} INFO - Sync 1 DAGs
[2026-07-10T01:06:03.260+0000] {logging_mixin.py:190} INFO - [2026-07-10T01:06:03.260+0000] {dag.py:4180} INFO - Setting next_dagrun for 04_branch to None, run_after=None
[2026-07-10T01:06:03.284+0000] {processor.py:208} INFO - Processing /opt/airflow/dags/04_branch.py took 0.183 seconds
[2026-07-10T01:06:33.384+0000] {processor.py:186} INFO - Started process (PID=13842) to work on /opt/airflow/dags/04_branch.py
[2026-07-10T01:06:33.388+0000] {processor.py:914} INFO - Processing file /opt/airflow/dags/04_branch.py for tasks to queue
[2026-07-10T01:06:33.395+0000] {logging_mixin.py:190} INFO - [2026-07-10T01:06:33.394+0000] {dagbag.py:588} INFO - Filling up the DagBag from /opt/airflow/dags/04_branch.py
[2026-07-10T01:06:33.433+0000] {processor.py:925} INFO - DAG(s) '04_branch' retrieved from /opt/airflow/dags/04_branch.py
[2026-07-10T01:06:33.501+0000] {logging_mixin.py:190} INFO - [2026-07-10T01:06:33.501+0000] {dag.py:3239} INFO - Sync 1 DAGs
[2026-07-10T01:06:33.522+0000] {logging_mixin.py:190} INFO - [2026-07-10T01:06:33.521+0000] {dag.py:4180} INFO - Setting next_dagrun for 04_branch to None, run_after=None
[2026-07-10T01:06:33.545+0000] {processor.py:208} INFO - Processing /opt/airflow/dags/04_branch.py took 0.185 seconds
[2026-07-10T01:07:03.750+0000] {processor.py:186} INFO - Started process (PID=13882) to work on /opt/airflow/dags/04_branch.py
[2026-07-10T01:07:03.751+0000] {processor.py:914} INFO - Processing file /opt/airflow/dags/04_branch.py for tasks to queue
[2026-07-10T01:07:03.758+0000] {logging_mixin.py:190} INFO - [2026-07-10T01:07:03.757+0000] {dagbag.py:588} INFO - Filling up the DagBag from /opt/airflow/dags/04_branch.py
[2026-07-10T01:07:03.775+0000] {processor.py:925} INFO - DAG(s) '04_branch' retrieved from /opt/airflow/dags/04_branch.py
[2026-07-10T01:07:03.820+0000] {logging_mixin.py:190} INFO - [2026-07-10T01:07:03.820+0000] {dag.py:3239} INFO - Sync 1 DAGs
[2026-07-10T01:07:03.837+0000] {logging_mixin.py:190} INFO - [2026-07-10T01:07:03.837+0000] {dag.py:4180} INFO - Setting next_dagrun for 04_branch to None, run_after=None
[2026-07-10T01:07:03.863+0000] {processor.py:208} INFO - Processing /opt/airflow/dags/04_branch.py took 0.133 seconds
[2026-07-10T01:07:34.023+0000] {processor.py:186} INFO - Started process (PID=13922) to work on /opt/airflow/dags/04_branch.py
[2026-07-10T01:07:34.028+0000] {processor.py:914} INFO - Processing file /opt/airflow/dags/04_branch.py for tasks to queue
[2026-07-10T01:07:34.044+0000] {logging_mixin.py:190} INFO - [2026-07-10T01:07:34.042+0000] {dagbag.py:588} INFO - Filling up the DagBag from /opt/airflow/dags/04_branch.py
[2026-07-10T01:07:34.064+0000] {processor.py:925} INFO - DAG(s) '04_branch' retrieved from /opt/airflow/dags/04_branch.py
[2026-07-10T01:07:34.148+0000] {logging_mixin.py:190} INFO - [2026-07-10T01:07:34.148+0000] {dag.py:3239} INFO - Sync 1 DAGs
[2026-07-10T01:07:34.182+0000] {logging_mixin.py:190} INFO - [2026-07-10T01:07:34.181+0000] {dag.py:4180} INFO - Setting next_dagrun for 04_branch to None, run_after=None
[2026-07-10T01:07:34.223+0000] {processor.py:208} INFO - Processing /opt/airflow/dags/04_branch.py took 0.250 seconds
[2026-07-10T01:08:04.430+0000] {processor.py:186} INFO - Started process (PID=13962) to work on /opt/airflow/dags/04_branch.py
[2026-07-10T01:08:04.435+0000] {processor.py:914} INFO - Processing file /opt/airflow/dags/04_branch.py for tasks to queue
[2026-07-10T01:08:04.445+0000] {logging_mixin.py:190} INFO - [2026-07-10T01:08:04.443+0000] {dagbag.py:588} INFO - Filling up the DagBag from /opt/airflow/dags/04_branch.py
[2026-07-10T01:08:04.471+0000] {processor.py:925} INFO - DAG(s) '04_branch' retrieved from /opt/airflow/dags/04_branch.py
[2026-07-10T01:08:04.545+0000] {logging_mixin.py:190} INFO - [2026-07-10T01:08:04.545+0000] {dag.py:3239} INFO - Sync 1 DAGs
[2026-07-10T01:08:04.572+0000] {logging_mixin.py:190} INFO - [2026-07-10T01:08:04.572+0000] {dag.py:4180} INFO - Setting next_dagrun for 04_branch to None, run_after=None
[2026-07-10T01:08:04.601+0000] {processor.py:208} INFO - Processing /opt/airflow/dags/04_branch.py took 0.200 seconds
[2026-07-10T01:08:34.833+0000] {processor.py:186} INFO - Started process (PID=14005) to work on /opt/airflow/dags/04_branch.py
[2026-07-10T01:08:34.834+0000] {processor.py:914} INFO - Processing file /opt/airflow/dags/04_branch.py for tasks to queue
[2026-07-10T01:08:34.843+0000] {logging_mixin.py:190} INFO - [2026-07-10T01:08:34.843+0000] {dagbag.py:588} INFO - Filling up the DagBag from /opt/airflow/dags/04_branch.py
[2026-07-10T01:08:34.857+0000] {processor.py:925} INFO - DAG(s) '04_branch' retrieved from /opt/airflow/dags/04_branch.py
[2026-07-10T01:08:34.897+0000] {logging_mixin.py:190} INFO - [2026-07-10T01:08:34.897+0000] {dag.py:3239} INFO - Sync 1 DAGs
[2026-07-10T01:08:34.919+0000] {logging_mixin.py:190} INFO - [2026-07-10T01:08:34.919+0000] {dag.py:4180} INFO - Setting next_dagrun for 04_branch to None, run_after=None
[2026-07-10T01:08:34.944+0000] {processor.py:208} INFO - Processing /opt/airflow/dags/04_branch.py took 0.134 seconds
[2026-07-10T01:09:05.047+0000] {processor.py:186} INFO - Started process (PID=14042) to work on /opt/airflow/dags/04_branch.py
[2026-07-10T01:09:05.049+0000] {processor.py:914} INFO - Processing file /opt/airflow/dags/04_branch.py for tasks to queue
[2026-07-10T01:09:05.053+0000] {logging_mixin.py:190} INFO - [2026-07-10T01:09:05.053+0000] {dagbag.py:588} INFO - Filling up the DagBag from /opt/airflow/dags/04_branch.py
[2026-07-10T01:09:05.077+0000] {processor.py:925} INFO - DAG(s) '04_branch' retrieved from /opt/airflow/dags/04_branch.py
[2026-07-10T01:09:05.199+0000] {logging_mixin.py:190} INFO - [2026-07-10T01:09:05.198+0000] {dag.py:3239} INFO - Sync 1 DAGs
[2026-07-10T01:09:05.234+0000] {logging_mixin.py:190} INFO - [2026-07-10T01:09:05.234+0000] {dag.py:4180} INFO - Setting next_dagrun for 04_branch to None, run_after=None
[2026-07-10T01:09:05.283+0000] {processor.py:208} INFO - Processing /opt/airflow/dags/04_branch.py took 0.248 seconds
[2026-07-10T01:09:36.270+0000] {processor.py:186} INFO - Started process (PID=14082) to work on /opt/airflow/dags/04_branch.py
[2026-07-10T01:09:36.273+0000] {processor.py:914} INFO - Processing file /opt/airflow/dags/04_branch.py for tasks to queue
[2026-07-10T01:09:36.282+0000] {logging_mixin.py:190} INFO - [2026-07-10T01:09:36.281+0000] {dagbag.py:588} INFO - Filling up the DagBag from /opt/airflow/dags/04_branch.py
[2026-07-10T01:09:36.299+0000] {processor.py:925} INFO - DAG(s) '04_branch' retrieved from /opt/airflow/dags/04_branch.py
[2026-07-10T01:09:36.348+0000] {logging_mixin.py:190} INFO - [2026-07-10T01:09:36.348+0000] {dag.py:3239} INFO - Sync 1 DAGs
[2026-07-10T01:09:36.371+0000] {logging_mixin.py:190} INFO - [2026-07-10T01:09:36.370+0000] {dag.py:4180} INFO - Setting next_dagrun for 04_branch to None, run_after=None
[2026-07-10T01:09:36.398+0000] {processor.py:208} INFO - Processing /opt/airflow/dags/04_branch.py took 0.148 seconds
[2026-07-10T01:10:06.827+0000] {processor.py:186} INFO - Started process (PID=14122) to work on /opt/airflow/dags/04_branch.py
[2026-07-10T01:10:06.829+0000] {processor.py:914} INFO - Processing file /opt/airflow/dags/04_branch.py for tasks to queue
[2026-07-10T01:10:06.836+0000] {logging_mixin.py:190} INFO - [2026-07-10T01:10:06.835+0000] {dagbag.py:588} INFO - Filling up the DagBag from /opt/airflow/dags/04_branch.py
[2026-07-10T01:10:06.859+0000] {processor.py:925} INFO - DAG(s) '04_branch' retrieved from /opt/airflow/dags/04_branch.py
[2026-07-10T01:10:06.916+0000] {logging_mixin.py:190} INFO - [2026-07-10T01:10:06.916+0000] {dag.py:3239} INFO - Sync 1 DAGs
[2026-07-10T01:10:06.959+0000] {logging_mixin.py:190} INFO - [2026-07-10T01:10:06.959+0000] {dag.py:4180} INFO - Setting next_dagrun for 04_branch to None, run_after=None
[2026-07-10T01:10:07.014+0000] {processor.py:208} INFO - Processing /opt/airflow/dags/04_branch.py took 0.257 seconds
[2026-07-10T01:10:37.925+0000] {processor.py:186} INFO - Started process (PID=14162) to work on /opt/airflow/dags/04_branch.py
[2026-07-10T01:10:37.926+0000] {processor.py:914} INFO - Processing file /opt/airflow/dags/04_branch.py for tasks to queue
[2026-07-10T01:10:37.938+0000] {logging_mixin.py:190} INFO - [2026-07-10T01:10:37.936+0000] {dagbag.py:588} INFO - Filling up the DagBag from /opt/airflow/dags/04_branch.py
[2026-07-10T01:10:37.957+0000] {processor.py:925} INFO - DAG(s) '04_branch' retrieved from /opt/airflow/dags/04_branch.py
[2026-07-10T01:10:38.004+0000] {logging_mixin.py:190} INFO - [2026-07-10T01:10:38.004+0000] {dag.py:3239} INFO - Sync 1 DAGs
[2026-07-10T01:10:38.032+0000] {logging_mixin.py:190} INFO - [2026-07-10T01:10:38.032+0000] {dag.py:4180} INFO - Setting next_dagrun for 04_branch to None, run_after=None
[2026-07-10T01:10:38.060+0000] {processor.py:208} INFO - Processing /opt/airflow/dags/04_branch.py took 0.149 seconds
[2026-07-10T01:11:09.169+0000] {processor.py:186} INFO - Started process (PID=14202) to work on /opt/airflow/dags/04_branch.py
[2026-07-10T01:11:09.177+0000] {processor.py:914} INFO - Processing file /opt/airflow/dags/04_branch.py for tasks to queue
[2026-07-10T01:11:09.188+0000] {logging_mixin.py:190} INFO - [2026-07-10T01:11:09.186+0000] {dagbag.py:588} INFO - Filling up the DagBag from /opt/airflow/dags/04_branch.py
[2026-07-10T01:11:09.222+0000] {processor.py:925} INFO - DAG(s) '04_branch' retrieved from /opt/airflow/dags/04_branch.py
[2026-07-10T01:11:09.291+0000] {logging_mixin.py:190} INFO - [2026-07-10T01:11:09.290+0000] {dag.py:3239} INFO - Sync 1 DAGs
[2026-07-10T01:11:09.318+0000] {logging_mixin.py:190} INFO - [2026-07-10T01:11:09.317+0000] {dag.py:4180} INFO - Setting next_dagrun for 04_branch to None, run_after=None
[2026-07-10T01:11:09.340+0000] {processor.py:208} INFO - Processing /opt/airflow/dags/04_branch.py took 0.215 seconds
[2026-07-10T01:11:39.468+0000] {processor.py:186} INFO - Started process (PID=14242) to work on /opt/airflow/dags/04_branch.py
[2026-07-10T01:11:39.473+0000] {processor.py:914} INFO - Processing file /opt/airflow/dags/04_branch.py for tasks to queue
[2026-07-10T01:11:39.488+0000] {logging_mixin.py:190} INFO - [2026-07-10T01:11:39.486+0000] {dagbag.py:588} INFO - Filling up the DagBag from /opt/airflow/dags/04_branch.py
[2026-07-10T01:11:39.516+0000] {processor.py:925} INFO - DAG(s) '04_branch' retrieved from /opt/airflow/dags/04_branch.py
[2026-07-10T01:11:39.576+0000] {logging_mixin.py:190} INFO - [2026-07-10T01:11:39.576+0000] {dag.py:3239} INFO - Sync 1 DAGs
[2026-07-10T01:11:39.608+0000] {logging_mixin.py:190} INFO - [2026-07-10T01:11:39.607+0000] {dag.py:4180} INFO - Setting next_dagrun for 04_branch to None, run_after=None
[2026-07-10T01:11:39.641+0000] {processor.py:208} INFO - Processing /opt/airflow/dags/04_branch.py took 0.215 seconds
[2026-07-10T01:12:09.869+0000] {processor.py:186} INFO - Started process (PID=14282) to work on /opt/airflow/dags/04_branch.py
[2026-07-10T01:12:09.874+0000] {processor.py:914} INFO - Processing file /opt/airflow/dags/04_branch.py for tasks to queue
[2026-07-10T01:12:09.933+0000] {logging_mixin.py:190} INFO - [2026-07-10T01:12:09.931+0000] {dagbag.py:588} INFO - Filling up the DagBag from /opt/airflow/dags/04_branch.py
[2026-07-10T01:12:10.026+0000] {processor.py:925} INFO - DAG(s) '04_branch' retrieved from /opt/airflow/dags/04_branch.py
[2026-07-10T01:12:10.071+0000] {logging_mixin.py:190} INFO - [2026-07-10T01:12:10.071+0000] {dag.py:3239} INFO - Sync 1 DAGs
[2026-07-10T01:12:10.090+0000] {logging_mixin.py:190} INFO - [2026-07-10T01:12:10.090+0000] {dag.py:4180} INFO - Setting next_dagrun for 04_branch to None, run_after=None
[2026-07-10T01:12:10.113+0000] {processor.py:208} INFO - Processing /opt/airflow/dags/04_branch.py took 0.278 seconds
[2026-07-10T01:12:40.357+0000] {processor.py:186} INFO - Started process (PID=14327) to work on /opt/airflow/dags/04_branch.py
[2026-07-10T01:12:40.361+0000] {processor.py:914} INFO - Processing file /opt/airflow/dags/04_branch.py for tasks to queue
[2026-07-10T01:12:40.369+0000] {logging_mixin.py:190} INFO - [2026-07-10T01:12:40.364+0000] {dagbag.py:588} INFO - Filling up the DagBag from /opt/airflow/dags/04_branch.py
[2026-07-10T01:12:40.397+0000] {processor.py:925} INFO - DAG(s) '04_branch' retrieved from /opt/airflow/dags/04_branch.py
[2026-07-10T01:12:40.470+0000] {logging_mixin.py:190} INFO - [2026-07-10T01:12:40.469+0000] {dag.py:3239} INFO - Sync 1 DAGs
[2026-07-10T01:12:40.488+0000] {logging_mixin.py:190} INFO - [2026-07-10T01:12:40.488+0000] {dag.py:4180} INFO - Setting next_dagrun for 04_branch to None, run_after=None
[2026-07-10T01:12:40.510+0000] {processor.py:208} INFO - Processing /opt/airflow/dags/04_branch.py took 0.170 seconds
[2026-07-10T01:13:10.808+0000] {processor.py:186} INFO - Started process (PID=14365) to work on /opt/airflow/dags/04_branch.py
[2026-07-10T01:13:10.810+0000] {processor.py:914} INFO - Processing file /opt/airflow/dags/04_branch.py for tasks to queue
[2026-07-10T01:13:10.814+0000] {logging_mixin.py:190} INFO - [2026-07-10T01:13:10.813+0000] {dagbag.py:588} INFO - Filling up the DagBag from /opt/airflow/dags/04_branch.py
[2026-07-10T01:13:10.827+0000] {processor.py:925} INFO - DAG(s) '04_branch' retrieved from /opt/airflow/dags/04_branch.py
[2026-07-10T01:13:10.875+0000] {logging_mixin.py:190} INFO - [2026-07-10T01:13:10.874+0000] {dag.py:3239} INFO - Sync 1 DAGs
[2026-07-10T01:13:10.892+0000] {logging_mixin.py:190} INFO - [2026-07-10T01:13:10.892+0000] {dag.py:4180} INFO - Setting next_dagrun for 04_branch to None, run_after=None
[2026-07-10T01:13:10.911+0000] {processor.py:208} INFO - Processing /opt/airflow/dags/04_branch.py took 0.120 seconds
[2026-07-10T01:13:41.065+0000] {processor.py:186} INFO - Started process (PID=14402) to work on /opt/airflow/dags/04_branch.py
[2026-07-10T01:13:41.067+0000] {processor.py:914} INFO - Processing file /opt/airflow/dags/04_branch.py for tasks to queue
[2026-07-10T01:13:41.072+0000] {logging_mixin.py:190} INFO - [2026-07-10T01:13:41.072+0000] {dagbag.py:588} INFO - Filling up the DagBag from /opt/airflow/dags/04_branch.py
[2026-07-10T01:13:41.083+0000] {processor.py:925} INFO - DAG(s) '04_branch' retrieved from /opt/airflow/dags/04_branch.py
[2026-07-10T01:13:41.129+0000] {logging_mixin.py:190} INFO - [2026-07-10T01:13:41.128+0000] {dag.py:3239} INFO - Sync 1 DAGs
[2026-07-10T01:13:41.145+0000] {logging_mixin.py:190} INFO - [2026-07-10T01:13:41.145+0000] {dag.py:4180} INFO - Setting next_dagrun for 04_branch to None, run_after=None
[2026-07-10T01:13:41.170+0000] {processor.py:208} INFO - Processing /opt/airflow/dags/04_branch.py took 0.129 seconds
[2026-07-10T01:14:11.426+0000] {processor.py:186} INFO - Started process (PID=14442) to work on /opt/airflow/dags/04_branch.py
[2026-07-10T01:14:11.429+0000] {processor.py:914} INFO - Processing file /opt/airflow/dags/04_branch.py for tasks to queue
[2026-07-10T01:14:11.434+0000] {logging_mixin.py:190} INFO - [2026-07-10T01:14:11.433+0000] {dagbag.py:588} INFO - Filling up the DagBag from /opt/airflow/dags/04_branch.py
[2026-07-10T01:14:11.451+0000] {processor.py:925} INFO - DAG(s) '04_branch' retrieved from /opt/airflow/dags/04_branch.py
[2026-07-10T01:14:11.512+0000] {logging_mixin.py:190} INFO - [2026-07-10T01:14:11.511+0000] {dag.py:3239} INFO - Sync 1 DAGs
[2026-07-10T01:14:11.537+0000] {logging_mixin.py:190} INFO - [2026-07-10T01:14:11.536+0000] {dag.py:4180} INFO - Setting next_dagrun for 04_branch to None, run_after=None
[2026-07-10T01:14:11.569+0000] {processor.py:208} INFO - Processing /opt/airflow/dags/04_branch.py took 0.157 seconds
[2026-07-10T01:14:41.737+0000] {processor.py:186} INFO - Started process (PID=14482) to work on /opt/airflow/dags/04_branch.py
[2026-07-10T01:14:41.738+0000] {processor.py:914} INFO - Processing file /opt/airflow/dags/04_branch.py for tasks to queue
[2026-07-10T01:14:41.742+0000] {logging_mixin.py:190} INFO - [2026-07-10T01:14:41.742+0000] {dagbag.py:588} INFO - Filling up the DagBag from /opt/airflow/dags/04_branch.py
[2026-07-10T01:14:41.754+0000] {processor.py:925} INFO - DAG(s) '04_branch' retrieved from /opt/airflow/dags/04_branch.py
[2026-07-10T01:14:41.795+0000] {logging_mixin.py:190} INFO - [2026-07-10T01:14:41.795+0000] {dag.py:3239} INFO - Sync 1 DAGs
[2026-07-10T01:14:41.817+0000] {logging_mixin.py:190} INFO - [2026-07-10T01:14:41.816+0000] {dag.py:4180} INFO - Setting next_dagrun for 04_branch to None, run_after=None
[2026-07-10T01:14:41.856+0000] {processor.py:208} INFO - Processing /opt/airflow/dags/04_branch.py took 0.127 seconds
[2026-07-10T01:15:12.901+0000] {processor.py:186} INFO - Started process (PID=14522) to work on /opt/airflow/dags/04_branch.py
[2026-07-10T01:15:12.908+0000] {processor.py:914} INFO - Processing file /opt/airflow/dags/04_branch.py for tasks to queue
[2026-07-10T01:15:12.918+0000] {logging_mixin.py:190} INFO - [2026-07-10T01:15:12.917+0000] {dagbag.py:588} INFO - Filling up the DagBag from /opt/airflow/dags/04_branch.py
[2026-07-10T01:15:12.941+0000] {processor.py:925} INFO - DAG(s) '04_branch' retrieved from /opt/airflow/dags/04_branch.py
[2026-07-10T01:15:12.981+0000] {logging_mixin.py:190} INFO - [2026-07-10T01:15:12.981+0000] {dag.py:3239} INFO - Sync 1 DAGs
[2026-07-10T01:15:12.999+0000] {logging_mixin.py:190} INFO - [2026-07-10T01:15:12.999+0000] {dag.py:4180} INFO - Setting next_dagrun for 04_branch to None, run_after=None
[2026-07-10T01:15:13.024+0000] {processor.py:208} INFO - Processing /opt/airflow/dags/04_branch.py took 0.176 seconds
[2026-07-10T01:15:43.127+0000] {processor.py:186} INFO - Started process (PID=14562) to work on /opt/airflow/dags/04_branch.py
[2026-07-10T01:15:43.130+0000] {processor.py:914} INFO - Processing file /opt/airflow/dags/04_branch.py for tasks to queue
[2026-07-10T01:15:43.138+0000] {logging_mixin.py:190} INFO - [2026-07-10T01:15:43.137+0000] {dagbag.py:588} INFO - Filling up the DagBag from /opt/airflow/dags/04_branch.py
[2026-07-10T01:15:43.182+0000] {processor.py:925} INFO - DAG(s) '04_branch' retrieved from /opt/airflow/dags/04_branch.py
[2026-07-10T01:15:43.297+0000] {logging_mixin.py:190} INFO - [2026-07-10T01:15:43.297+0000] {dag.py:3239} INFO - Sync 1 DAGs
[2026-07-10T01:15:43.317+0000] {logging_mixin.py:190} INFO - [2026-07-10T01:15:43.317+0000] {dag.py:4180} INFO - Setting next_dagrun for 04_branch to None, run_after=None
[2026-07-10T01:15:43.340+0000] {processor.py:208} INFO - Processing /opt/airflow/dags/04_branch.py took 0.238 seconds
[2026-07-10T01:16:13.429+0000] {processor.py:186} INFO - Started process (PID=14602) to work on /opt/airflow/dags/04_branch.py
[2026-07-10T01:16:13.431+0000] {processor.py:914} INFO - Processing file /opt/airflow/dags/04_branch.py for tasks to queue
[2026-07-10T01:16:13.436+0000] {logging_mixin.py:190} INFO - [2026-07-10T01:16:13.435+0000] {dagbag.py:588} INFO - Filling up the DagBag from /opt/airflow/dags/04_branch.py
[2026-07-10T01:16:13.451+0000] {processor.py:925} INFO - DAG(s) '04_branch' retrieved from /opt/airflow/dags/04_branch.py
[2026-07-10T01:16:13.489+0000] {logging_mixin.py:190} INFO - [2026-07-10T01:16:13.488+0000] {dag.py:3239} INFO - Sync 1 DAGs
[2026-07-10T01:16:13.505+0000] {logging_mixin.py:190} INFO - [2026-07-10T01:16:13.504+0000] {dag.py:4180} INFO - Setting next_dagrun for 04_branch to None, run_after=None
[2026-07-10T01:16:13.529+0000] {processor.py:208} INFO - Processing /opt/airflow/dags/04_branch.py took 0.111 seconds
[2026-07-10T01:16:44.209+0000] {processor.py:186} INFO - Started process (PID=14642) to work on /opt/airflow/dags/04_branch.py
[2026-07-10T01:16:44.210+0000] {processor.py:914} INFO - Processing file /opt/airflow/dags/04_branch.py for tasks to queue
[2026-07-10T01:16:44.215+0000] {logging_mixin.py:190} INFO - [2026-07-10T01:16:44.214+0000] {dagbag.py:588} INFO - Filling up the DagBag from /opt/airflow/dags/04_branch.py
[2026-07-10T01:16:44.230+0000] {processor.py:925} INFO - DAG(s) '04_branch' retrieved from /opt/airflow/dags/04_branch.py
[2026-07-10T01:16:44.275+0000] {logging_mixin.py:190} INFO - [2026-07-10T01:16:44.274+0000] {dag.py:3239} INFO - Sync 1 DAGs
[2026-07-10T01:16:44.296+0000] {logging_mixin.py:190} INFO - [2026-07-10T01:16:44.296+0000] {dag.py:4180} INFO - Setting next_dagrun for 04_branch to None, run_after=None
[2026-07-10T01:16:44.321+0000] {processor.py:208} INFO - Processing /opt/airflow/dags/04_branch.py took 0.126 seconds
[2026-07-10T01:17:14.931+0000] {processor.py:186} INFO - Started process (PID=14682) to work on /opt/airflow/dags/04_branch.py
[2026-07-10T01:17:14.933+0000] {processor.py:914} INFO - Processing file /opt/airflow/dags/04_branch.py for tasks to queue
[2026-07-10T01:17:14.937+0000] {logging_mixin.py:190} INFO - [2026-07-10T01:17:14.936+0000] {dagbag.py:588} INFO - Filling up the DagBag from /opt/airflow/dags/04_branch.py
[2026-07-10T01:17:14.948+0000] {processor.py:925} INFO - DAG(s) '04_branch' retrieved from /opt/airflow/dags/04_branch.py
[2026-07-10T01:17:14.991+0000] {logging_mixin.py:190} INFO - [2026-07-10T01:17:14.990+0000] {dag.py:3239} INFO - Sync 1 DAGs
[2026-07-10T01:17:15.017+0000] {logging_mixin.py:190} INFO - [2026-07-10T01:17:15.017+0000] {dag.py:4180} INFO - Setting next_dagrun for 04_branch to None, run_after=None
[2026-07-10T01:17:15.044+0000] {processor.py:208} INFO - Processing /opt/airflow/dags/04_branch.py took 0.121 seconds
[2026-07-10T01:17:45.673+0000] {processor.py:186} INFO - Started process (PID=14722) to work on /opt/airflow/dags/04_branch.py
[2026-07-10T01:17:45.674+0000] {processor.py:914} INFO - Processing file /opt/airflow/dags/04_branch.py for tasks to queue
[2026-07-10T01:17:45.678+0000] {logging_mixin.py:190} INFO - [2026-07-10T01:17:45.677+0000] {dagbag.py:588} INFO - Filling up the DagBag from /opt/airflow/dags/04_branch.py
[2026-07-10T01:17:45.689+0000] {processor.py:925} INFO - DAG(s) '04_branch' retrieved from /opt/airflow/dags/04_branch.py
[2026-07-10T01:17:45.737+0000] {logging_mixin.py:190} INFO - [2026-07-10T01:17:45.736+0000] {dag.py:3239} INFO - Sync 1 DAGs
[2026-07-10T01:17:45.755+0000] {logging_mixin.py:190} INFO - [2026-07-10T01:17:45.755+0000] {dag.py:4180} INFO - Setting next_dagrun for 04_branch to None, run_after=None
[2026-07-10T01:17:45.779+0000] {processor.py:208} INFO - Processing /opt/airflow/dags/04_branch.py took 0.116 seconds
[2026-07-10T01:18:16.599+0000] {processor.py:186} INFO - Started process (PID=14762) to work on /opt/airflow/dags/04_branch.py
[2026-07-10T01:18:16.604+0000] {processor.py:914} INFO - Processing file /opt/airflow/dags/04_branch.py for tasks to queue
[2026-07-10T01:18:16.623+0000] {logging_mixin.py:190} INFO - [2026-07-10T01:18:16.622+0000] {dagbag.py:588} INFO - Filling up the DagBag from /opt/airflow/dags/04_branch.py
[2026-07-10T01:18:16.671+0000] {processor.py:925} INFO - DAG(s) '04_branch' retrieved from /opt/airflow/dags/04_branch.py
[2026-07-10T01:18:16.754+0000] {logging_mixin.py:190} INFO - [2026-07-10T01:18:16.754+0000] {dag.py:3239} INFO - Sync 1 DAGs
[2026-07-10T01:18:16.787+0000] {logging_mixin.py:190} INFO - [2026-07-10T01:18:16.787+0000] {dag.py:4180} INFO - Setting next_dagrun for 04_branch to None, run_after=None
[2026-07-10T01:18:16.834+0000] {processor.py:208} INFO - Processing /opt/airflow/dags/04_branch.py took 0.250 seconds
[2026-07-10T01:18:46.948+0000] {processor.py:186} INFO - Started process (PID=14802) to work on /opt/airflow/dags/04_branch.py
[2026-07-10T01:18:46.950+0000] {processor.py:914} INFO - Processing file /opt/airflow/dags/04_branch.py for tasks to queue
[2026-07-10T01:18:46.952+0000] {logging_mixin.py:190} INFO - [2026-07-10T01:18:46.952+0000] {dagbag.py:588} INFO - Filling up the DagBag from /opt/airflow/dags/04_branch.py
[2026-07-10T01:18:46.965+0000] {processor.py:925} INFO - DAG(s) '04_branch' retrieved from /opt/airflow/dags/04_branch.py
[2026-07-10T01:18:47.014+0000] {logging_mixin.py:190} INFO - [2026-07-10T01:18:47.013+0000] {dag.py:3239} INFO - Sync 1 DAGs
[2026-07-10T01:18:47.042+0000] {logging_mixin.py:190} INFO - [2026-07-10T01:18:47.042+0000] {dag.py:4180} INFO - Setting next_dagrun for 04_branch to None, run_after=None
[2026-07-10T01:18:47.066+0000] {processor.py:208} INFO - Processing /opt/airflow/dags/04_branch.py took 0.130 seconds
[2026-07-10T01:19:17.261+0000] {processor.py:186} INFO - Started process (PID=14842) to work on /opt/airflow/dags/04_branch.py
[2026-07-10T01:19:17.267+0000] {processor.py:914} INFO - Processing file /opt/airflow/dags/04_branch.py for tasks to queue
[2026-07-10T01:19:17.276+0000] {logging_mixin.py:190} INFO - [2026-07-10T01:19:17.274+0000] {dagbag.py:588} INFO - Filling up the DagBag from /opt/airflow/dags/04_branch.py
[2026-07-10T01:19:17.320+0000] {processor.py:925} INFO - DAG(s) '04_branch' retrieved from /opt/airflow/dags/04_branch.py
[2026-07-10T01:19:17.379+0000] {logging_mixin.py:190} INFO - [2026-07-10T01:19:17.379+0000] {dag.py:3239} INFO - Sync 1 DAGs
[2026-07-10T01:19:17.398+0000] {logging_mixin.py:190} INFO - [2026-07-10T01:19:17.397+0000] {dag.py:4180} INFO - Setting next_dagrun for 04_branch to None, run_after=None
[2026-07-10T01:19:17.422+0000] {processor.py:208} INFO - Processing /opt/airflow/dags/04_branch.py took 0.193 seconds
[2026-07-10T01:19:47.729+0000] {processor.py:186} INFO - Started process (PID=14882) to work on /opt/airflow/dags/04_branch.py
[2026-07-10T01:19:47.736+0000] {processor.py:914} INFO - Processing file /opt/airflow/dags/04_branch.py for tasks to queue
[2026-07-10T01:19:47.755+0000] {logging_mixin.py:190} INFO - [2026-07-10T01:19:47.753+0000] {dagbag.py:588} INFO - Filling up the DagBag from /opt/airflow/dags/04_branch.py
[2026-07-10T01:19:47.794+0000] {processor.py:925} INFO - DAG(s) '04_branch' retrieved from /opt/airflow/dags/04_branch.py
[2026-07-10T01:19:47.844+0000] {logging_mixin.py:190} INFO - [2026-07-10T01:19:47.844+0000] {dag.py:3239} INFO - Sync 1 DAGs
[2026-07-10T01:19:47.861+0000] {logging_mixin.py:190} INFO - [2026-07-10T01:19:47.861+0000] {dag.py:4180} INFO - Setting next_dagrun for 04_branch to None, run_after=None
[2026-07-10T01:19:47.890+0000] {processor.py:208} INFO - Processing /opt/airflow/dags/04_branch.py took 0.212 seconds
[2026-07-10T01:20:18.063+0000] {processor.py:186} INFO - Started process (PID=14922) to work on /opt/airflow/dags/04_branch.py
[2026-07-10T01:20:18.065+0000] {processor.py:914} INFO - Processing file /opt/airflow/dags/04_branch.py for tasks to queue
[2026-07-10T01:20:18.069+0000] {logging_mixin.py:190} INFO - [2026-07-10T01:20:18.069+0000] {dagbag.py:588} INFO - Filling up the DagBag from /opt/airflow/dags/04_branch.py
[2026-07-10T01:20:18.081+0000] {processor.py:925} INFO - DAG(s) '04_branch' retrieved from /opt/airflow/dags/04_branch.py
[2026-07-10T01:20:18.122+0000] {logging_mixin.py:190} INFO - [2026-07-10T01:20:18.122+0000] {dag.py:3239} INFO - Sync 1 DAGs
[2026-07-10T01:20:18.141+0000] {logging_mixin.py:190} INFO - [2026-07-10T01:20:18.141+0000] {dag.py:4180} INFO - Setting next_dagrun for 04_branch to None, run_after=None
[2026-07-10T01:20:18.163+0000] {processor.py:208} INFO - Processing /opt/airflow/dags/04_branch.py took 0.111 seconds
[2026-07-10T01:20:48.345+0000] {processor.py:186} INFO - Started process (PID=14962) to work on /opt/airflow/dags/04_branch.py
[2026-07-10T01:20:48.346+0000] {processor.py:914} INFO - Processing file /opt/airflow/dags/04_branch.py for tasks to queue
[2026-07-10T01:20:48.351+0000] {logging_mixin.py:190} INFO - [2026-07-10T01:20:48.350+0000] {dagbag.py:588} INFO - Filling up the DagBag from /opt/airflow/dags/04_branch.py
[2026-07-10T01:20:48.366+0000] {processor.py:925} INFO - DAG(s) '04_branch' retrieved from /opt/airflow/dags/04_branch.py
[2026-07-10T01:20:48.408+0000] {logging_mixin.py:190} INFO - [2026-07-10T01:20:48.407+0000] {dag.py:3239} INFO - Sync 1 DAGs
[2026-07-10T01:20:48.426+0000] {logging_mixin.py:190} INFO - [2026-07-10T01:20:48.426+0000] {dag.py:4180} INFO - Setting next_dagrun for 04_branch to None, run_after=None
[2026-07-10T01:20:48.447+0000] {processor.py:208} INFO - Processing /opt/airflow/dags/04_branch.py took 0.120 seconds
[2026-07-10T01:21:18.745+0000] {processor.py:186} INFO - Started process (PID=15002) to work on /opt/airflow/dags/04_branch.py
[2026-07-10T01:21:18.750+0000] {processor.py:914} INFO - Processing file /opt/airflow/dags/04_branch.py for tasks to queue
[2026-07-10T01:21:18.763+0000] {logging_mixin.py:190} INFO - [2026-07-10T01:21:18.762+0000] {dagbag.py:588} INFO - Filling up the DagBag from /opt/airflow/dags/04_branch.py
[2026-07-10T01:21:18.799+0000] {processor.py:925} INFO - DAG(s) '04_branch' retrieved from /opt/airflow/dags/04_branch.py
[2026-07-10T01:21:18.894+0000] {logging_mixin.py:190} INFO - [2026-07-10T01:21:18.894+0000] {dag.py:3239} INFO - Sync 1 DAGs
[2026-07-10T01:21:18.942+0000] {logging_mixin.py:190} INFO - [2026-07-10T01:21:18.941+0000] {dag.py:4180} INFO - Setting next_dagrun for 04_branch to None, run_after=None
[2026-07-10T01:21:18.972+0000] {processor.py:208} INFO - Processing /opt/airflow/dags/04_branch.py took 0.257 seconds
[2026-07-10T01:21:49.110+0000] {processor.py:186} INFO - Started process (PID=15042) to work on /opt/airflow/dags/04_branch.py
[2026-07-10T01:21:49.112+0000] {processor.py:914} INFO - Processing file /opt/airflow/dags/04_branch.py for tasks to queue
[2026-07-10T01:21:49.118+0000] {logging_mixin.py:190} INFO - [2026-07-10T01:21:49.117+0000] {dagbag.py:588} INFO - Filling up the DagBag from /opt/airflow/dags/04_branch.py
[2026-07-10T01:21:49.149+0000] {processor.py:925} INFO - DAG(s) '04_branch' retrieved from /opt/airflow/dags/04_branch.py
[2026-07-10T01:21:49.265+0000] {logging_mixin.py:190} INFO - [2026-07-10T01:21:49.264+0000] {dag.py:3239} INFO - Sync 1 DAGs
[2026-07-10T01:21:49.316+0000] {logging_mixin.py:190} INFO - [2026-07-10T01:21:49.316+0000] {dag.py:4180} INFO - Setting next_dagrun for 04_branch to None, run_after=None
[2026-07-10T01:21:49.348+0000] {processor.py:208} INFO - Processing /opt/airflow/dags/04_branch.py took 0.255 seconds
[2026-07-10T01:22:19.575+0000] {processor.py:186} INFO - Started process (PID=15082) to work on /opt/airflow/dags/04_branch.py
[2026-07-10T01:22:19.582+0000] {processor.py:914} INFO - Processing file /opt/airflow/dags/04_branch.py for tasks to queue
[2026-07-10T01:22:19.600+0000] {logging_mixin.py:190} INFO - [2026-07-10T01:22:19.598+0000] {dagbag.py:588} INFO - Filling up the DagBag from /opt/airflow/dags/04_branch.py
[2026-07-10T01:22:19.637+0000] {processor.py:925} INFO - DAG(s) '04_branch' retrieved from /opt/airflow/dags/04_branch.py
[2026-07-10T01:22:19.701+0000] {logging_mixin.py:190} INFO - [2026-07-10T01:22:19.701+0000] {dag.py:3239} INFO - Sync 1 DAGs
[2026-07-10T01:22:19.732+0000] {logging_mixin.py:190} INFO - [2026-07-10T01:22:19.732+0000] {dag.py:4180} INFO - Setting next_dagrun for 04_branch to None, run_after=None
[2026-07-10T01:22:19.761+0000] {processor.py:208} INFO - Processing /opt/airflow/dags/04_branch.py took 0.245 seconds
[2026-07-10T01:22:50.072+0000] {processor.py:186} INFO - Started process (PID=15122) to work on /opt/airflow/dags/04_branch.py
[2026-07-10T01:22:50.077+0000] {processor.py:914} INFO - Processing file /opt/airflow/dags/04_branch.py for tasks to queue
[2026-07-10T01:22:50.086+0000] {logging_mixin.py:190} INFO - [2026-07-10T01:22:50.084+0000] {dagbag.py:588} INFO - Filling up the DagBag from /opt/airflow/dags/04_branch.py
[2026-07-10T01:22:50.101+0000] {processor.py:925} INFO - DAG(s) '04_branch' retrieved from /opt/airflow/dags/04_branch.py
[2026-07-10T01:22:50.150+0000] {logging_mixin.py:190} INFO - [2026-07-10T01:22:50.150+0000] {dag.py:3239} INFO - Sync 1 DAGs
[2026-07-10T01:22:50.172+0000] {logging_mixin.py:190} INFO - [2026-07-10T01:22:50.172+0000] {dag.py:4180} INFO - Setting next_dagrun for 04_branch to None, run_after=None
[2026-07-10T01:22:50.196+0000] {processor.py:208} INFO - Processing /opt/airflow/dags/04_branch.py took 0.145 seconds
[2026-07-10T01:23:20.383+0000] {processor.py:186} INFO - Started process (PID=15162) to work on /opt/airflow/dags/04_branch.py
[2026-07-10T01:23:20.390+0000] {processor.py:914} INFO - Processing file /opt/airflow/dags/04_branch.py for tasks to queue
[2026-07-10T01:23:20.402+0000] {logging_mixin.py:190} INFO - [2026-07-10T01:23:20.400+0000] {dagbag.py:588} INFO - Filling up the DagBag from /opt/airflow/dags/04_branch.py
[2026-07-10T01:23:20.434+0000] {processor.py:925} INFO - DAG(s) '04_branch' retrieved from /opt/airflow/dags/04_branch.py
[2026-07-10T01:23:20.495+0000] {logging_mixin.py:190} INFO - [2026-07-10T01:23:20.495+0000] {dag.py:3239} INFO - Sync 1 DAGs
[2026-07-10T01:23:20.521+0000] {logging_mixin.py:190} INFO - [2026-07-10T01:23:20.521+0000] {dag.py:4180} INFO - Setting next_dagrun for 04_branch to None, run_after=None
[2026-07-10T01:23:20.545+0000] {processor.py:208} INFO - Processing /opt/airflow/dags/04_branch.py took 0.211 seconds
[2026-07-10T01:23:50.765+0000] {processor.py:186} INFO - Started process (PID=15202) to work on /opt/airflow/dags/04_branch.py
[2026-07-10T01:23:50.767+0000] {processor.py:914} INFO - Processing file /opt/airflow/dags/04_branch.py for tasks to queue
[2026-07-10T01:23:50.772+0000] {logging_mixin.py:190} INFO - [2026-07-10T01:23:50.771+0000] {dagbag.py:588} INFO - Filling up the DagBag from /opt/airflow/dags/04_branch.py
[2026-07-10T01:23:50.790+0000] {processor.py:925} INFO - DAG(s) '04_branch' retrieved from /opt/airflow/dags/04_branch.py
[2026-07-10T01:23:50.863+0000] {logging_mixin.py:190} INFO - [2026-07-10T01:23:50.863+0000] {dag.py:3239} INFO - Sync 1 DAGs
[2026-07-10T01:23:50.891+0000] {logging_mixin.py:190} INFO - [2026-07-10T01:23:50.891+0000] {dag.py:4180} INFO - Setting next_dagrun for 04_branch to None, run_after=None
[2026-07-10T01:23:50.925+0000] {processor.py:208} INFO - Processing /opt/airflow/dags/04_branch.py took 0.188 seconds
[2026-07-10T01:24:21.138+0000] {processor.py:186} INFO - Started process (PID=15247) to work on /opt/airflow/dags/04_branch.py
[2026-07-10T01:24:21.139+0000] {processor.py:914} INFO - Processing file /opt/airflow/dags/04_branch.py for tasks to queue
[2026-07-10T01:24:21.143+0000] {logging_mixin.py:190} INFO - [2026-07-10T01:24:21.142+0000] {dagbag.py:588} INFO - Filling up the DagBag from /opt/airflow/dags/04_branch.py
[2026-07-10T01:24:21.156+0000] {processor.py:925} INFO - DAG(s) '04_branch' retrieved from /opt/airflow/dags/04_branch.py
[2026-07-10T01:24:21.204+0000] {logging_mixin.py:190} INFO - [2026-07-10T01:24:21.204+0000] {dag.py:3239} INFO - Sync 1 DAGs
[2026-07-10T01:24:21.227+0000] {logging_mixin.py:190} INFO - [2026-07-10T01:24:21.227+0000] {dag.py:4180} INFO - Setting next_dagrun for 04_branch to None, run_after=None
[2026-07-10T01:24:21.254+0000] {processor.py:208} INFO - Processing /opt/airflow/dags/04_branch.py took 0.124 seconds
[2026-07-10T01:24:51.462+0000] {processor.py:186} INFO - Started process (PID=15292) to work on /opt/airflow/dags/04_branch.py
[2026-07-10T01:24:51.468+0000] {processor.py:914} INFO - Processing file /opt/airflow/dags/04_branch.py for tasks to queue
[2026-07-10T01:24:51.480+0000] {logging_mixin.py:190} INFO - [2026-07-10T01:24:51.479+0000] {dagbag.py:588} INFO - Filling up the DagBag from /opt/airflow/dags/04_branch.py
[2026-07-10T01:24:51.509+0000] {processor.py:925} INFO - DAG(s) '04_branch' retrieved from /opt/airflow/dags/04_branch.py
[2026-07-10T01:24:51.557+0000] {logging_mixin.py:190} INFO - [2026-07-10T01:24:51.557+0000] {dag.py:3239} INFO - Sync 1 DAGs
[2026-07-10T01:24:51.576+0000] {logging_mixin.py:190} INFO - [2026-07-10T01:24:51.576+0000] {dag.py:4180} INFO - Setting next_dagrun for 04_branch to None, run_after=None
[2026-07-10T01:24:51.599+0000] {processor.py:208} INFO - Processing /opt/airflow/dags/04_branch.py took 0.173 seconds
[2026-07-10T01:25:21.961+0000] {processor.py:186} INFO - Started process (PID=15337) to work on /opt/airflow/dags/04_branch.py
[2026-07-10T01:25:21.969+0000] {processor.py:914} INFO - Processing file /opt/airflow/dags/04_branch.py for tasks to queue
[2026-07-10T01:25:21.979+0000] {logging_mixin.py:190} INFO - [2026-07-10T01:25:21.978+0000] {dagbag.py:588} INFO - Filling up the DagBag from /opt/airflow/dags/04_branch.py
[2026-07-10T01:25:22.000+0000] {processor.py:925} INFO - DAG(s) '04_branch' retrieved from /opt/airflow/dags/04_branch.py
[2026-07-10T01:25:22.056+0000] {logging_mixin.py:190} INFO - [2026-07-10T01:25:22.056+0000] {dag.py:3239} INFO - Sync 1 DAGs
[2026-07-10T01:25:22.079+0000] {logging_mixin.py:190} INFO - [2026-07-10T01:25:22.079+0000] {dag.py:4180} INFO - Setting next_dagrun for 04_branch to None, run_after=None
[2026-07-10T01:25:22.104+0000] {processor.py:208} INFO - Processing /opt/airflow/dags/04_branch.py took 0.194 seconds
[2026-07-10T01:25:52.316+0000] {processor.py:186} INFO - Started process (PID=15382) to work on /opt/airflow/dags/04_branch.py
[2026-07-10T01:25:52.325+0000] {processor.py:914} INFO - Processing file /opt/airflow/dags/04_branch.py for tasks to queue
[2026-07-10T01:25:52.329+0000] {logging_mixin.py:190} INFO - [2026-07-10T01:25:52.328+0000] {dagbag.py:588} INFO - Filling up the DagBag from /opt/airflow/dags/04_branch.py
[2026-07-10T01:25:52.348+0000] {processor.py:925} INFO - DAG(s) '04_branch' retrieved from /opt/airflow/dags/04_branch.py
[2026-07-10T01:25:52.418+0000] {logging_mixin.py:190} INFO - [2026-07-10T01:25:52.418+0000] {dag.py:3239} INFO - Sync 1 DAGs
[2026-07-10T01:25:52.444+0000] {logging_mixin.py:190} INFO - [2026-07-10T01:25:52.444+0000] {dag.py:4180} INFO - Setting next_dagrun for 04_branch to None, run_after=None
[2026-07-10T01:25:52.475+0000] {processor.py:208} INFO - Processing /opt/airflow/dags/04_branch.py took 0.176 seconds
[2026-07-10T01:26:22.674+0000] {processor.py:186} INFO - Started process (PID=15463) to work on /opt/airflow/dags/04_branch.py
[2026-07-10T01:26:22.678+0000] {processor.py:914} INFO - Processing file /opt/airflow/dags/04_branch.py for tasks to queue
[2026-07-10T01:26:22.692+0000] {logging_mixin.py:190} INFO - [2026-07-10T01:26:22.689+0000] {dagbag.py:588} INFO - Filling up the DagBag from /opt/airflow/dags/04_branch.py
[2026-07-10T01:26:22.752+0000] {processor.py:925} INFO - DAG(s) '04_branch' retrieved from /opt/airflow/dags/04_branch.py
[2026-07-10T01:26:22.862+0000] {logging_mixin.py:190} INFO - [2026-07-10T01:26:22.862+0000] {dag.py:3239} INFO - Sync 1 DAGs
[2026-07-10T01:26:22.894+0000] {logging_mixin.py:190} INFO - [2026-07-10T01:26:22.894+0000] {dag.py:4180} INFO - Setting next_dagrun for 04_branch to None, run_after=None
[2026-07-10T01:26:22.926+0000] {processor.py:208} INFO - Processing /opt/airflow/dags/04_branch.py took 0.287 seconds
[2026-07-10T01:26:53.186+0000] {processor.py:186} INFO - Started process (PID=15508) to work on /opt/airflow/dags/04_branch.py
[2026-07-10T01:26:53.189+0000] {processor.py:914} INFO - Processing file /opt/airflow/dags/04_branch.py for tasks to queue
[2026-07-10T01:26:53.195+0000] {logging_mixin.py:190} INFO - [2026-07-10T01:26:53.194+0000] {dagbag.py:588} INFO - Filling up the DagBag from /opt/airflow/dags/04_branch.py
[2026-07-10T01:26:53.214+0000] {processor.py:925} INFO - DAG(s) '04_branch' retrieved from /opt/airflow/dags/04_branch.py
[2026-07-10T01:26:53.263+0000] {logging_mixin.py:190} INFO - [2026-07-10T01:26:53.263+0000] {dag.py:3239} INFO - Sync 1 DAGs
[2026-07-10T01:26:53.284+0000] {logging_mixin.py:190} INFO - [2026-07-10T01:26:53.284+0000] {dag.py:4180} INFO - Setting next_dagrun for 04_branch to None, run_after=None
[2026-07-10T01:26:53.315+0000] {processor.py:208} INFO - Processing /opt/airflow/dags/04_branch.py took 0.139 seconds
