[2026-07-06T16:10:57.354+0000] {processor.py:186} INFO - Started process (PID=164) to work on /opt/airflow/dags/00_hello_world.py
[2026-07-06T16:10:57.357+0000] {processor.py:914} INFO - Processing file /opt/airflow/dags/00_hello_world.py for tasks to queue
[2026-07-06T16:10:57.361+0000] {logging_mixin.py:190} INFO - [2026-07-06T16:10:57.361+0000] {dagbag.py:588} INFO - Filling up the DagBag from /opt/airflow/dags/00_hello_world.py
[2026-07-06T16:10:57.407+0000] {processor.py:925} INFO - DAG(s) '01_load_csv' retrieved from /opt/airflow/dags/00_hello_world.py
[2026-07-06T16:10:57.978+0000] {logging_mixin.py:190} INFO - [2026-07-06T16:10:57.977+0000] {override.py:1911} INFO - Created Permission View: can read on DAG:01_load_csv
[2026-07-06T16:10:58.041+0000] {logging_mixin.py:190} INFO - [2026-07-06T16:10:58.041+0000] {override.py:1911} INFO - Created Permission View: can edit on DAG:01_load_csv
[2026-07-06T16:10:58.049+0000] {logging_mixin.py:190} INFO - [2026-07-06T16:10:58.048+0000] {override.py:1911} INFO - Created Permission View: can delete on DAG:01_load_csv
[2026-07-06T16:10:58.059+0000] {logging_mixin.py:190} INFO - [2026-07-06T16:10:58.058+0000] {override.py:1911} INFO - Created Permission View: can read on DAG Run:01_load_csv
[2026-07-06T16:10:58.068+0000] {logging_mixin.py:190} INFO - [2026-07-06T16:10:58.067+0000] {override.py:1911} INFO - Created Permission View: menu access on DAG Run:01_load_csv
[2026-07-06T16:10:58.079+0000] {logging_mixin.py:190} INFO - [2026-07-06T16:10:58.079+0000] {override.py:1914} ERROR - Creation of Permission View Error: (psycopg2.errors.UniqueViolation) duplicate key value violates unique constraint "ab_permission_view_permission_id_view_menu_id_uq"
DETAIL:  Key (permission_id, view_menu_id)=(3, 50) already exists.

[SQL: INSERT INTO ab_permission_view (permission_id, view_menu_id) VALUES (%(permission_id)s, %(view_menu_id)s) RETURNING ab_permission_view.id]
[parameters: {'permission_id': 3, 'view_menu_id': 50}]
(Background on this error at: https://sqlalche.me/e/14/gkpj)
[2026-07-06T16:10:58.086+0000] {logging_mixin.py:190} INFO - [2026-07-06T16:10:58.086+0000] {override.py:1911} INFO - Created Permission View: can delete on DAG Run:01_load_csv
[2026-07-06T16:10:58.087+0000] {logging_mixin.py:190} INFO - [2026-07-06T16:10:58.087+0000] {dag.py:3239} INFO - Sync 1 DAGs
[2026-07-06T16:10:58.108+0000] {logging_mixin.py:190} INFO - [2026-07-06T16:10:58.108+0000] {dag.py:3262} INFO - Creating ORM DAG for 01_load_csv
[2026-07-06T16:10:58.109+0000] {logging_mixin.py:190} INFO - [2026-07-06T16:10:58.109+0000] {dag.py:4180} INFO - Setting next_dagrun for 01_load_csv to None, run_after=None
[2026-07-06T16:10:58.132+0000] {processor.py:208} INFO - Processing /opt/airflow/dags/00_hello_world.py took 0.792 seconds
[2026-07-06T16:11:28.636+0000] {processor.py:186} INFO - Started process (PID=174) to work on /opt/airflow/dags/00_hello_world.py
[2026-07-06T16:11:28.637+0000] {processor.py:914} INFO - Processing file /opt/airflow/dags/00_hello_world.py for tasks to queue
[2026-07-06T16:11:28.640+0000] {logging_mixin.py:190} INFO - [2026-07-06T16:11:28.639+0000] {dagbag.py:588} INFO - Filling up the DagBag from /opt/airflow/dags/00_hello_world.py
[2026-07-06T16:11:28.681+0000] {processor.py:925} INFO - DAG(s) '01_load_csv' retrieved from /opt/airflow/dags/00_hello_world.py
[2026-07-06T16:11:28.772+0000] {logging_mixin.py:190} INFO - [2026-07-06T16:11:28.771+0000] {dag.py:3239} INFO - Sync 1 DAGs
[2026-07-06T16:11:28.812+0000] {logging_mixin.py:190} INFO - [2026-07-06T16:11:28.812+0000] {dag.py:4180} INFO - Setting next_dagrun for 01_load_csv to None, run_after=None
[2026-07-06T16:11:28.839+0000] {processor.py:208} INFO - Processing /opt/airflow/dags/00_hello_world.py took 0.210 seconds
[2026-07-06T16:11:59.133+0000] {processor.py:186} INFO - Started process (PID=184) to work on /opt/airflow/dags/00_hello_world.py
[2026-07-06T16:11:59.134+0000] {processor.py:914} INFO - Processing file /opt/airflow/dags/00_hello_world.py for tasks to queue
[2026-07-06T16:11:59.140+0000] {logging_mixin.py:190} INFO - [2026-07-06T16:11:59.140+0000] {dagbag.py:588} INFO - Filling up the DagBag from /opt/airflow/dags/00_hello_world.py
[2026-07-06T16:11:59.235+0000] {processor.py:925} INFO - DAG(s) '01_load_csv' retrieved from /opt/airflow/dags/00_hello_world.py
[2026-07-06T16:12:00.214+0000] {logging_mixin.py:190} INFO - [2026-07-06T16:12:00.214+0000] {dag.py:3239} INFO - Sync 1 DAGs
[2026-07-06T16:12:00.246+0000] {logging_mixin.py:190} INFO - [2026-07-06T16:12:00.245+0000] {dag.py:4180} INFO - Setting next_dagrun for 01_load_csv to None, run_after=None
[2026-07-06T16:12:00.279+0000] {processor.py:208} INFO - Processing /opt/airflow/dags/00_hello_world.py took 1.161 seconds
[2026-07-06T16:12:30.638+0000] {processor.py:186} INFO - Started process (PID=199) to work on /opt/airflow/dags/00_hello_world.py
[2026-07-06T16:12:30.640+0000] {processor.py:914} INFO - Processing file /opt/airflow/dags/00_hello_world.py for tasks to queue
[2026-07-06T16:12:30.646+0000] {logging_mixin.py:190} INFO - [2026-07-06T16:12:30.645+0000] {dagbag.py:588} INFO - Filling up the DagBag from /opt/airflow/dags/00_hello_world.py
[2026-07-06T16:12:30.656+0000] {processor.py:925} INFO - DAG(s) '01_load_csv' retrieved from /opt/airflow/dags/00_hello_world.py
[2026-07-06T16:12:30.672+0000] {logging_mixin.py:190} INFO - [2026-07-06T16:12:30.672+0000] {dag.py:3239} INFO - Sync 1 DAGs
[2026-07-06T16:12:30.689+0000] {logging_mixin.py:190} INFO - [2026-07-06T16:12:30.689+0000] {dag.py:4180} INFO - Setting next_dagrun for 01_load_csv to None, run_after=None
[2026-07-06T16:12:30.726+0000] {processor.py:208} INFO - Processing /opt/airflow/dags/00_hello_world.py took 0.094 seconds
[2026-07-06T16:13:00.963+0000] {processor.py:186} INFO - Started process (PID=204) to work on /opt/airflow/dags/00_hello_world.py
[2026-07-06T16:13:00.965+0000] {processor.py:914} INFO - Processing file /opt/airflow/dags/00_hello_world.py for tasks to queue
[2026-07-06T16:13:00.970+0000] {logging_mixin.py:190} INFO - [2026-07-06T16:13:00.969+0000] {dagbag.py:588} INFO - Filling up the DagBag from /opt/airflow/dags/00_hello_world.py
[2026-07-06T16:13:00.992+0000] {processor.py:925} INFO - DAG(s) '01_load_csv' retrieved from /opt/airflow/dags/00_hello_world.py
[2026-07-06T16:13:01.324+0000] {logging_mixin.py:190} INFO - [2026-07-06T16:13:01.324+0000] {dag.py:3239} INFO - Sync 1 DAGs
[2026-07-06T16:13:01.340+0000] {logging_mixin.py:190} INFO - [2026-07-06T16:13:01.340+0000] {dag.py:4180} INFO - Setting next_dagrun for 01_load_csv to None, run_after=None
[2026-07-06T16:13:01.364+0000] {processor.py:208} INFO - Processing /opt/airflow/dags/00_hello_world.py took 0.414 seconds
[2026-07-06T16:13:31.604+0000] {processor.py:186} INFO - Started process (PID=214) to work on /opt/airflow/dags/00_hello_world.py
[2026-07-06T16:13:31.606+0000] {processor.py:914} INFO - Processing file /opt/airflow/dags/00_hello_world.py for tasks to queue
[2026-07-06T16:13:31.612+0000] {logging_mixin.py:190} INFO - [2026-07-06T16:13:31.611+0000] {dagbag.py:588} INFO - Filling up the DagBag from /opt/airflow/dags/00_hello_world.py
[2026-07-06T16:13:31.625+0000] {processor.py:925} INFO - DAG(s) '01_load_csv' retrieved from /opt/airflow/dags/00_hello_world.py
[2026-07-06T16:13:31.664+0000] {logging_mixin.py:190} INFO - [2026-07-06T16:13:31.663+0000] {dag.py:3239} INFO - Sync 1 DAGs
[2026-07-06T16:13:31.683+0000] {logging_mixin.py:190} INFO - [2026-07-06T16:13:31.682+0000] {dag.py:4180} INFO - Setting next_dagrun for 01_load_csv to None, run_after=None
[2026-07-06T16:13:31.715+0000] {processor.py:208} INFO - Processing /opt/airflow/dags/00_hello_world.py took 0.120 seconds
[2026-07-06T16:14:02.205+0000] {processor.py:186} INFO - Started process (PID=224) to work on /opt/airflow/dags/00_hello_world.py
[2026-07-06T16:14:02.214+0000] {processor.py:914} INFO - Processing file /opt/airflow/dags/00_hello_world.py for tasks to queue
[2026-07-06T16:14:02.237+0000] {logging_mixin.py:190} INFO - [2026-07-06T16:14:02.235+0000] {dagbag.py:588} INFO - Filling up the DagBag from /opt/airflow/dags/00_hello_world.py
[2026-07-06T16:14:02.271+0000] {processor.py:925} INFO - DAG(s) '01_load_csv' retrieved from /opt/airflow/dags/00_hello_world.py
[2026-07-06T16:14:02.436+0000] {logging_mixin.py:190} INFO - [2026-07-06T16:14:02.435+0000] {dag.py:3239} INFO - Sync 1 DAGs
[2026-07-06T16:14:02.449+0000] {logging_mixin.py:190} INFO - [2026-07-06T16:14:02.448+0000] {dag.py:4180} INFO - Setting next_dagrun for 01_load_csv to None, run_after=None
[2026-07-06T16:14:02.470+0000] {processor.py:208} INFO - Processing /opt/airflow/dags/00_hello_world.py took 0.311 seconds
[2026-07-06T16:14:32.739+0000] {processor.py:186} INFO - Started process (PID=234) to work on /opt/airflow/dags/00_hello_world.py
[2026-07-06T16:14:32.740+0000] {processor.py:914} INFO - Processing file /opt/airflow/dags/00_hello_world.py for tasks to queue
[2026-07-06T16:14:32.744+0000] {logging_mixin.py:190} INFO - [2026-07-06T16:14:32.743+0000] {dagbag.py:588} INFO - Filling up the DagBag from /opt/airflow/dags/00_hello_world.py
[2026-07-06T16:14:32.757+0000] {processor.py:925} INFO - DAG(s) '01_load_csv' retrieved from /opt/airflow/dags/00_hello_world.py
[2026-07-06T16:14:32.797+0000] {logging_mixin.py:190} INFO - [2026-07-06T16:14:32.797+0000] {dag.py:3239} INFO - Sync 1 DAGs
[2026-07-06T16:14:32.814+0000] {logging_mixin.py:190} INFO - [2026-07-06T16:14:32.814+0000] {dag.py:4180} INFO - Setting next_dagrun for 01_load_csv to None, run_after=None
[2026-07-06T16:14:32.837+0000] {processor.py:208} INFO - Processing /opt/airflow/dags/00_hello_world.py took 0.105 seconds
[2026-07-06T16:15:03.230+0000] {processor.py:186} INFO - Started process (PID=244) to work on /opt/airflow/dags/00_hello_world.py
[2026-07-06T16:15:03.231+0000] {processor.py:914} INFO - Processing file /opt/airflow/dags/00_hello_world.py for tasks to queue
[2026-07-06T16:15:03.233+0000] {logging_mixin.py:190} INFO - [2026-07-06T16:15:03.232+0000] {dagbag.py:588} INFO - Filling up the DagBag from /opt/airflow/dags/00_hello_world.py
[2026-07-06T16:15:03.269+0000] {processor.py:925} INFO - DAG(s) '01_load_csv' retrieved from /opt/airflow/dags/00_hello_world.py
[2026-07-06T16:15:03.693+0000] {logging_mixin.py:190} INFO - [2026-07-06T16:15:03.692+0000] {dag.py:3239} INFO - Sync 1 DAGs
[2026-07-06T16:15:03.714+0000] {logging_mixin.py:190} INFO - [2026-07-06T16:15:03.714+0000] {dag.py:4180} INFO - Setting next_dagrun for 01_load_csv to None, run_after=None
[2026-07-06T16:15:03.736+0000] {processor.py:208} INFO - Processing /opt/airflow/dags/00_hello_world.py took 0.512 seconds
[2026-07-06T16:15:33.933+0000] {processor.py:186} INFO - Started process (PID=254) to work on /opt/airflow/dags/00_hello_world.py
[2026-07-06T16:15:33.938+0000] {processor.py:914} INFO - Processing file /opt/airflow/dags/00_hello_world.py for tasks to queue
[2026-07-06T16:15:33.947+0000] {logging_mixin.py:190} INFO - [2026-07-06T16:15:33.946+0000] {dagbag.py:588} INFO - Filling up the DagBag from /opt/airflow/dags/00_hello_world.py
[2026-07-06T16:15:33.976+0000] {processor.py:925} INFO - DAG(s) '01_load_csv' retrieved from /opt/airflow/dags/00_hello_world.py
[2026-07-06T16:15:34.042+0000] {logging_mixin.py:190} INFO - [2026-07-06T16:15:34.042+0000] {dag.py:3239} INFO - Sync 1 DAGs
[2026-07-06T16:15:34.061+0000] {logging_mixin.py:190} INFO - [2026-07-06T16:15:34.061+0000] {dag.py:4180} INFO - Setting next_dagrun for 01_load_csv to None, run_after=None
[2026-07-06T16:15:34.087+0000] {processor.py:208} INFO - Processing /opt/airflow/dags/00_hello_world.py took 0.193 seconds
[2026-07-06T16:16:04.501+0000] {processor.py:186} INFO - Started process (PID=264) to work on /opt/airflow/dags/00_hello_world.py
[2026-07-06T16:16:04.503+0000] {processor.py:914} INFO - Processing file /opt/airflow/dags/00_hello_world.py for tasks to queue
[2026-07-06T16:16:04.509+0000] {logging_mixin.py:190} INFO - [2026-07-06T16:16:04.508+0000] {dagbag.py:588} INFO - Filling up the DagBag from /opt/airflow/dags/00_hello_world.py
[2026-07-06T16:16:04.528+0000] {processor.py:925} INFO - DAG(s) '01_load_csv' retrieved from /opt/airflow/dags/00_hello_world.py
[2026-07-06T16:16:04.694+0000] {logging_mixin.py:190} INFO - [2026-07-06T16:16:04.694+0000] {dag.py:3239} INFO - Sync 1 DAGs
[2026-07-06T16:16:04.709+0000] {logging_mixin.py:190} INFO - [2026-07-06T16:16:04.709+0000] {dag.py:4180} INFO - Setting next_dagrun for 01_load_csv to None, run_after=None
[2026-07-06T16:16:04.731+0000] {processor.py:208} INFO - Processing /opt/airflow/dags/00_hello_world.py took 0.244 seconds
[2026-07-06T16:16:35.061+0000] {processor.py:186} INFO - Started process (PID=274) to work on /opt/airflow/dags/00_hello_world.py
[2026-07-06T16:16:35.067+0000] {processor.py:914} INFO - Processing file /opt/airflow/dags/00_hello_world.py for tasks to queue
[2026-07-06T16:16:35.082+0000] {logging_mixin.py:190} INFO - [2026-07-06T16:16:35.081+0000] {dagbag.py:588} INFO - Filling up the DagBag from /opt/airflow/dags/00_hello_world.py
[2026-07-06T16:16:35.113+0000] {processor.py:925} INFO - DAG(s) '01_load_csv' retrieved from /opt/airflow/dags/00_hello_world.py
[2026-07-06T16:16:35.152+0000] {logging_mixin.py:190} INFO - [2026-07-06T16:16:35.152+0000] {dag.py:3239} INFO - Sync 1 DAGs
[2026-07-06T16:16:35.167+0000] {logging_mixin.py:190} INFO - [2026-07-06T16:16:35.167+0000] {dag.py:4180} INFO - Setting next_dagrun for 01_load_csv to None, run_after=None
[2026-07-06T16:16:35.187+0000] {processor.py:208} INFO - Processing /opt/airflow/dags/00_hello_world.py took 0.180 seconds
[2026-07-06T16:17:05.599+0000] {processor.py:186} INFO - Started process (PID=284) to work on /opt/airflow/dags/00_hello_world.py
[2026-07-06T16:17:05.604+0000] {processor.py:914} INFO - Processing file /opt/airflow/dags/00_hello_world.py for tasks to queue
[2026-07-06T16:17:05.616+0000] {logging_mixin.py:190} INFO - [2026-07-06T16:17:05.615+0000] {dagbag.py:588} INFO - Filling up the DagBag from /opt/airflow/dags/00_hello_world.py
[2026-07-06T16:17:05.648+0000] {processor.py:925} INFO - DAG(s) '01_load_csv' retrieved from /opt/airflow/dags/00_hello_world.py
[2026-07-06T16:17:05.971+0000] {logging_mixin.py:190} INFO - [2026-07-06T16:17:05.971+0000] {dag.py:3239} INFO - Sync 1 DAGs
[2026-07-06T16:17:06.291+0000] {logging_mixin.py:190} INFO - [2026-07-06T16:17:06.290+0000] {dag.py:4180} INFO - Setting next_dagrun for 01_load_csv to None, run_after=None
[2026-07-06T16:17:06.309+0000] {processor.py:208} INFO - Processing /opt/airflow/dags/00_hello_world.py took 0.748 seconds
[2026-07-06T16:17:36.574+0000] {processor.py:186} INFO - Started process (PID=299) to work on /opt/airflow/dags/00_hello_world.py
[2026-07-06T16:17:36.575+0000] {processor.py:914} INFO - Processing file /opt/airflow/dags/00_hello_world.py for tasks to queue
[2026-07-06T16:17:36.577+0000] {logging_mixin.py:190} INFO - [2026-07-06T16:17:36.577+0000] {dagbag.py:588} INFO - Filling up the DagBag from /opt/airflow/dags/00_hello_world.py
[2026-07-06T16:17:36.589+0000] {processor.py:925} INFO - DAG(s) '01_load_csv' retrieved from /opt/airflow/dags/00_hello_world.py
[2026-07-06T16:17:36.607+0000] {logging_mixin.py:190} INFO - [2026-07-06T16:17:36.606+0000] {dag.py:3239} INFO - Sync 1 DAGs
[2026-07-06T16:17:36.624+0000] {logging_mixin.py:190} INFO - [2026-07-06T16:17:36.624+0000] {dag.py:4180} INFO - Setting next_dagrun for 01_load_csv to None, run_after=None
[2026-07-06T16:17:36.645+0000] {processor.py:208} INFO - Processing /opt/airflow/dags/00_hello_world.py took 0.079 seconds
[2026-07-06T16:18:06.899+0000] {processor.py:186} INFO - Started process (PID=304) to work on /opt/airflow/dags/00_hello_world.py
[2026-07-06T16:18:06.901+0000] {processor.py:914} INFO - Processing file /opt/airflow/dags/00_hello_world.py for tasks to queue
[2026-07-06T16:18:06.904+0000] {logging_mixin.py:190} INFO - [2026-07-06T16:18:06.903+0000] {dagbag.py:588} INFO - Filling up the DagBag from /opt/airflow/dags/00_hello_world.py
[2026-07-06T16:18:06.916+0000] {processor.py:925} INFO - DAG(s) '01_load_csv' retrieved from /opt/airflow/dags/00_hello_world.py
[2026-07-06T16:18:07.066+0000] {logging_mixin.py:190} INFO - [2026-07-06T16:18:07.066+0000] {dag.py:3239} INFO - Sync 1 DAGs
[2026-07-06T16:18:07.078+0000] {logging_mixin.py:190} INFO - [2026-07-06T16:18:07.078+0000] {dag.py:4180} INFO - Setting next_dagrun for 01_load_csv to None, run_after=None
[2026-07-06T16:18:07.096+0000] {processor.py:208} INFO - Processing /opt/airflow/dags/00_hello_world.py took 0.207 seconds
[2026-07-06T16:18:37.379+0000] {processor.py:186} INFO - Started process (PID=314) to work on /opt/airflow/dags/00_hello_world.py
[2026-07-06T16:18:37.380+0000] {processor.py:914} INFO - Processing file /opt/airflow/dags/00_hello_world.py for tasks to queue
[2026-07-06T16:18:37.384+0000] {logging_mixin.py:190} INFO - [2026-07-06T16:18:37.384+0000] {dagbag.py:588} INFO - Filling up the DagBag from /opt/airflow/dags/00_hello_world.py
[2026-07-06T16:18:37.405+0000] {processor.py:925} INFO - DAG(s) '01_load_csv' retrieved from /opt/airflow/dags/00_hello_world.py
[2026-07-06T16:18:37.477+0000] {logging_mixin.py:190} INFO - [2026-07-06T16:18:37.476+0000] {dag.py:3239} INFO - Sync 1 DAGs
[2026-07-06T16:18:37.512+0000] {logging_mixin.py:190} INFO - [2026-07-06T16:18:37.511+0000] {dag.py:4180} INFO - Setting next_dagrun for 01_load_csv to None, run_after=None
[2026-07-06T16:18:37.545+0000] {processor.py:208} INFO - Processing /opt/airflow/dags/00_hello_world.py took 0.176 seconds
[2026-07-06T16:19:07.997+0000] {processor.py:186} INFO - Started process (PID=324) to work on /opt/airflow/dags/00_hello_world.py
[2026-07-06T16:19:08.002+0000] {processor.py:914} INFO - Processing file /opt/airflow/dags/00_hello_world.py for tasks to queue
[2026-07-06T16:19:08.016+0000] {logging_mixin.py:190} INFO - [2026-07-06T16:19:08.014+0000] {dagbag.py:588} INFO - Filling up the DagBag from /opt/airflow/dags/00_hello_world.py
[2026-07-06T16:19:08.064+0000] {processor.py:925} INFO - DAG(s) '01_load_csv' retrieved from /opt/airflow/dags/00_hello_world.py
[2026-07-06T16:19:08.233+0000] {logging_mixin.py:190} INFO - [2026-07-06T16:19:08.233+0000] {dag.py:3239} INFO - Sync 1 DAGs
[2026-07-06T16:19:08.246+0000] {logging_mixin.py:190} INFO - [2026-07-06T16:19:08.245+0000] {dag.py:4180} INFO - Setting next_dagrun for 01_load_csv to None, run_after=None
[2026-07-06T16:19:08.265+0000] {processor.py:208} INFO - Processing /opt/airflow/dags/00_hello_world.py took 0.307 seconds
[2026-07-06T16:19:38.650+0000] {processor.py:186} INFO - Started process (PID=334) to work on /opt/airflow/dags/00_hello_world.py
[2026-07-06T16:19:38.654+0000] {processor.py:914} INFO - Processing file /opt/airflow/dags/00_hello_world.py for tasks to queue
[2026-07-06T16:19:38.667+0000] {logging_mixin.py:190} INFO - [2026-07-06T16:19:38.665+0000] {dagbag.py:588} INFO - Filling up the DagBag from /opt/airflow/dags/00_hello_world.py
[2026-07-06T16:19:38.718+0000] {processor.py:925} INFO - DAG(s) '01_load_csv' retrieved from /opt/airflow/dags/00_hello_world.py
[2026-07-06T16:19:38.861+0000] {logging_mixin.py:190} INFO - [2026-07-06T16:19:38.860+0000] {dag.py:3239} INFO - Sync 1 DAGs
[2026-07-06T16:19:38.933+0000] {logging_mixin.py:190} INFO - [2026-07-06T16:19:38.932+0000] {dag.py:4180} INFO - Setting next_dagrun for 01_load_csv to None, run_after=None
[2026-07-06T16:19:38.975+0000] {processor.py:208} INFO - Processing /opt/airflow/dags/00_hello_world.py took 0.370 seconds
[2026-07-06T16:20:09.450+0000] {processor.py:186} INFO - Started process (PID=344) to work on /opt/airflow/dags/00_hello_world.py
[2026-07-06T16:20:09.455+0000] {processor.py:914} INFO - Processing file /opt/airflow/dags/00_hello_world.py for tasks to queue
[2026-07-06T16:20:09.468+0000] {logging_mixin.py:190} INFO - [2026-07-06T16:20:09.466+0000] {dagbag.py:588} INFO - Filling up the DagBag from /opt/airflow/dags/00_hello_world.py
[2026-07-06T16:20:09.515+0000] {processor.py:925} INFO - DAG(s) '01_load_csv' retrieved from /opt/airflow/dags/00_hello_world.py
[2026-07-06T16:20:09.779+0000] {logging_mixin.py:190} INFO - [2026-07-06T16:20:09.779+0000] {dag.py:3239} INFO - Sync 1 DAGs
[2026-07-06T16:20:09.935+0000] {logging_mixin.py:190} INFO - [2026-07-06T16:20:09.934+0000] {dag.py:4180} INFO - Setting next_dagrun for 01_load_csv to None, run_after=None
[2026-07-06T16:20:09.951+0000] {processor.py:208} INFO - Processing /opt/airflow/dags/00_hello_world.py took 0.535 seconds
[2026-07-06T16:20:40.115+0000] {processor.py:186} INFO - Started process (PID=354) to work on /opt/airflow/dags/00_hello_world.py
[2026-07-06T16:20:40.118+0000] {processor.py:914} INFO - Processing file /opt/airflow/dags/00_hello_world.py for tasks to queue
[2026-07-06T16:20:40.124+0000] {logging_mixin.py:190} INFO - [2026-07-06T16:20:40.123+0000] {dagbag.py:588} INFO - Filling up the DagBag from /opt/airflow/dags/00_hello_world.py
[2026-07-06T16:20:40.153+0000] {processor.py:925} INFO - DAG(s) '01_load_csv' retrieved from /opt/airflow/dags/00_hello_world.py
[2026-07-06T16:20:40.205+0000] {logging_mixin.py:190} INFO - [2026-07-06T16:20:40.205+0000] {dag.py:3239} INFO - Sync 1 DAGs
[2026-07-06T16:20:40.226+0000] {logging_mixin.py:190} INFO - [2026-07-06T16:20:40.226+0000] {dag.py:4180} INFO - Setting next_dagrun for 01_load_csv to None, run_after=None
[2026-07-06T16:20:40.249+0000] {processor.py:208} INFO - Processing /opt/airflow/dags/00_hello_world.py took 0.155 seconds
[2026-07-06T16:21:10.707+0000] {processor.py:186} INFO - Started process (PID=364) to work on /opt/airflow/dags/00_hello_world.py
[2026-07-06T16:21:10.712+0000] {processor.py:914} INFO - Processing file /opt/airflow/dags/00_hello_world.py for tasks to queue
[2026-07-06T16:21:10.723+0000] {logging_mixin.py:190} INFO - [2026-07-06T16:21:10.721+0000] {dagbag.py:588} INFO - Filling up the DagBag from /opt/airflow/dags/00_hello_world.py
[2026-07-06T16:21:10.776+0000] {processor.py:925} INFO - DAG(s) '01_load_csv' retrieved from /opt/airflow/dags/00_hello_world.py
[2026-07-06T16:21:10.931+0000] {logging_mixin.py:190} INFO - [2026-07-06T16:21:10.931+0000] {dag.py:3239} INFO - Sync 1 DAGs
[2026-07-06T16:21:10.943+0000] {logging_mixin.py:190} INFO - [2026-07-06T16:21:10.942+0000] {dag.py:4180} INFO - Setting next_dagrun for 01_load_csv to None, run_after=None
[2026-07-06T16:21:10.961+0000] {processor.py:208} INFO - Processing /opt/airflow/dags/00_hello_world.py took 0.285 seconds
[2026-07-06T16:21:41.329+0000] {processor.py:186} INFO - Started process (PID=374) to work on /opt/airflow/dags/00_hello_world.py
[2026-07-06T16:21:41.333+0000] {processor.py:914} INFO - Processing file /opt/airflow/dags/00_hello_world.py for tasks to queue
[2026-07-06T16:21:41.342+0000] {logging_mixin.py:190} INFO - [2026-07-06T16:21:41.341+0000] {dagbag.py:588} INFO - Filling up the DagBag from /opt/airflow/dags/00_hello_world.py
[2026-07-06T16:21:41.387+0000] {processor.py:925} INFO - DAG(s) '01_load_csv' retrieved from /opt/airflow/dags/00_hello_world.py
[2026-07-06T16:21:41.489+0000] {logging_mixin.py:190} INFO - [2026-07-06T16:21:41.488+0000] {dag.py:3239} INFO - Sync 1 DAGs
[2026-07-06T16:21:41.525+0000] {logging_mixin.py:190} INFO - [2026-07-06T16:21:41.524+0000] {dag.py:4180} INFO - Setting next_dagrun for 01_load_csv to None, run_after=None
[2026-07-06T16:21:41.553+0000] {processor.py:208} INFO - Processing /opt/airflow/dags/00_hello_world.py took 0.260 seconds
[2026-07-06T16:22:12.015+0000] {processor.py:186} INFO - Started process (PID=384) to work on /opt/airflow/dags/00_hello_world.py
[2026-07-06T16:22:12.021+0000] {processor.py:914} INFO - Processing file /opt/airflow/dags/00_hello_world.py for tasks to queue
[2026-07-06T16:22:12.035+0000] {logging_mixin.py:190} INFO - [2026-07-06T16:22:12.033+0000] {dagbag.py:588} INFO - Filling up the DagBag from /opt/airflow/dags/00_hello_world.py
[2026-07-06T16:22:12.067+0000] {processor.py:925} INFO - DAG(s) '01_load_csv' retrieved from /opt/airflow/dags/00_hello_world.py
[2026-07-06T16:22:12.246+0000] {logging_mixin.py:190} INFO - [2026-07-06T16:22:12.245+0000] {dag.py:3239} INFO - Sync 1 DAGs
[2026-07-06T16:22:12.261+0000] {logging_mixin.py:190} INFO - [2026-07-06T16:22:12.260+0000] {dag.py:4180} INFO - Setting next_dagrun for 01_load_csv to None, run_after=None
[2026-07-06T16:22:12.283+0000] {processor.py:208} INFO - Processing /opt/airflow/dags/00_hello_world.py took 0.308 seconds
[2026-07-06T16:22:42.610+0000] {processor.py:186} INFO - Started process (PID=394) to work on /opt/airflow/dags/00_hello_world.py
[2026-07-06T16:22:42.614+0000] {processor.py:914} INFO - Processing file /opt/airflow/dags/00_hello_world.py for tasks to queue
[2026-07-06T16:22:42.628+0000] {logging_mixin.py:190} INFO - [2026-07-06T16:22:42.627+0000] {dagbag.py:588} INFO - Filling up the DagBag from /opt/airflow/dags/00_hello_world.py
[2026-07-06T16:22:42.681+0000] {processor.py:925} INFO - DAG(s) '01_load_csv' retrieved from /opt/airflow/dags/00_hello_world.py
[2026-07-06T16:22:42.756+0000] {logging_mixin.py:190} INFO - [2026-07-06T16:22:42.756+0000] {dag.py:3239} INFO - Sync 1 DAGs
[2026-07-06T16:22:42.773+0000] {logging_mixin.py:190} INFO - [2026-07-06T16:22:42.773+0000] {dag.py:4180} INFO - Setting next_dagrun for 01_load_csv to None, run_after=None
[2026-07-06T16:22:42.794+0000] {processor.py:208} INFO - Processing /opt/airflow/dags/00_hello_world.py took 0.216 seconds
[2026-07-06T16:23:13.198+0000] {processor.py:186} INFO - Started process (PID=404) to work on /opt/airflow/dags/00_hello_world.py
[2026-07-06T16:23:13.205+0000] {processor.py:914} INFO - Processing file /opt/airflow/dags/00_hello_world.py for tasks to queue
[2026-07-06T16:23:13.224+0000] {logging_mixin.py:190} INFO - [2026-07-06T16:23:13.221+0000] {dagbag.py:588} INFO - Filling up the DagBag from /opt/airflow/dags/00_hello_world.py
[2026-07-06T16:23:13.277+0000] {processor.py:925} INFO - DAG(s) '01_load_csv' retrieved from /opt/airflow/dags/00_hello_world.py
[2026-07-06T16:23:13.490+0000] {logging_mixin.py:190} INFO - [2026-07-06T16:23:13.490+0000] {dag.py:3239} INFO - Sync 1 DAGs
[2026-07-06T16:23:13.664+0000] {logging_mixin.py:190} INFO - [2026-07-06T16:23:13.664+0000] {dag.py:4180} INFO - Setting next_dagrun for 01_load_csv to None, run_after=None
[2026-07-06T16:23:13.683+0000] {processor.py:208} INFO - Processing /opt/airflow/dags/00_hello_world.py took 0.520 seconds
[2026-07-06T16:23:43.935+0000] {processor.py:186} INFO - Started process (PID=417) to work on /opt/airflow/dags/00_hello_world.py
[2026-07-06T16:23:43.938+0000] {processor.py:914} INFO - Processing file /opt/airflow/dags/00_hello_world.py for tasks to queue
[2026-07-06T16:23:43.941+0000] {logging_mixin.py:190} INFO - [2026-07-06T16:23:43.940+0000] {dagbag.py:588} INFO - Filling up the DagBag from /opt/airflow/dags/00_hello_world.py
[2026-07-06T16:23:43.956+0000] {processor.py:925} INFO - DAG(s) '01_load_csv' retrieved from /opt/airflow/dags/00_hello_world.py
[2026-07-06T16:23:44.007+0000] {logging_mixin.py:190} INFO - [2026-07-06T16:23:44.006+0000] {dag.py:3239} INFO - Sync 1 DAGs
[2026-07-06T16:23:44.032+0000] {logging_mixin.py:190} INFO - [2026-07-06T16:23:44.031+0000] {dag.py:4180} INFO - Setting next_dagrun for 01_load_csv to None, run_after=None
[2026-07-06T16:23:44.059+0000] {processor.py:208} INFO - Processing /opt/airflow/dags/00_hello_world.py took 0.134 seconds
[2026-07-06T16:24:14.266+0000] {processor.py:186} INFO - Started process (PID=424) to work on /opt/airflow/dags/00_hello_world.py
[2026-07-06T16:24:14.269+0000] {processor.py:914} INFO - Processing file /opt/airflow/dags/00_hello_world.py for tasks to queue
[2026-07-06T16:24:14.276+0000] {logging_mixin.py:190} INFO - [2026-07-06T16:24:14.275+0000] {dagbag.py:588} INFO - Filling up the DagBag from /opt/airflow/dags/00_hello_world.py
[2026-07-06T16:24:14.295+0000] {processor.py:925} INFO - DAG(s) '01_load_csv' retrieved from /opt/airflow/dags/00_hello_world.py
[2026-07-06T16:24:14.506+0000] {logging_mixin.py:190} INFO - [2026-07-06T16:24:14.506+0000] {dag.py:3239} INFO - Sync 1 DAGs
[2026-07-06T16:24:14.524+0000] {logging_mixin.py:190} INFO - [2026-07-06T16:24:14.524+0000] {dag.py:4180} INFO - Setting next_dagrun for 01_load_csv to None, run_after=None
[2026-07-06T16:24:14.554+0000] {processor.py:208} INFO - Processing /opt/airflow/dags/00_hello_world.py took 0.305 seconds
[2026-07-06T16:24:44.603+0000] {processor.py:186} INFO - Started process (PID=434) to work on /opt/airflow/dags/00_hello_world.py
[2026-07-06T16:24:44.604+0000] {processor.py:914} INFO - Processing file /opt/airflow/dags/00_hello_world.py for tasks to queue
[2026-07-06T16:24:44.608+0000] {logging_mixin.py:190} INFO - [2026-07-06T16:24:44.607+0000] {dagbag.py:588} INFO - Filling up the DagBag from /opt/airflow/dags/00_hello_world.py
[2026-07-06T16:24:44.625+0000] {processor.py:925} INFO - DAG(s) '01_load_csv' retrieved from /opt/airflow/dags/00_hello_world.py
[2026-07-06T16:24:44.677+0000] {logging_mixin.py:190} INFO - [2026-07-06T16:24:44.676+0000] {dag.py:3239} INFO - Sync 1 DAGs
[2026-07-06T16:24:44.714+0000] {logging_mixin.py:190} INFO - [2026-07-06T16:24:44.714+0000] {dag.py:4180} INFO - Setting next_dagrun for 01_load_csv to None, run_after=None
[2026-07-06T16:24:44.752+0000] {processor.py:208} INFO - Processing /opt/airflow/dags/00_hello_world.py took 0.161 seconds
[2026-07-06T16:25:14.974+0000] {processor.py:186} INFO - Started process (PID=444) to work on /opt/airflow/dags/00_hello_world.py
[2026-07-06T16:25:14.976+0000] {processor.py:914} INFO - Processing file /opt/airflow/dags/00_hello_world.py for tasks to queue
[2026-07-06T16:25:14.981+0000] {logging_mixin.py:190} INFO - [2026-07-06T16:25:14.981+0000] {dagbag.py:588} INFO - Filling up the DagBag from /opt/airflow/dags/00_hello_world.py
[2026-07-06T16:25:15.001+0000] {processor.py:925} INFO - DAG(s) '01_load_csv' retrieved from /opt/airflow/dags/00_hello_world.py
[2026-07-06T16:25:15.186+0000] {logging_mixin.py:190} INFO - [2026-07-06T16:25:15.186+0000] {dag.py:3239} INFO - Sync 1 DAGs
[2026-07-06T16:25:15.204+0000] {logging_mixin.py:190} INFO - [2026-07-06T16:25:15.203+0000] {dag.py:4180} INFO - Setting next_dagrun for 01_load_csv to None, run_after=None
[2026-07-06T16:25:15.228+0000] {processor.py:208} INFO - Processing /opt/airflow/dags/00_hello_world.py took 0.269 seconds
[2026-07-06T16:25:45.297+0000] {processor.py:186} INFO - Started process (PID=454) to work on /opt/airflow/dags/00_hello_world.py
[2026-07-06T16:25:45.299+0000] {processor.py:914} INFO - Processing file /opt/airflow/dags/00_hello_world.py for tasks to queue
[2026-07-06T16:25:45.303+0000] {logging_mixin.py:190} INFO - [2026-07-06T16:25:45.302+0000] {dagbag.py:588} INFO - Filling up the DagBag from /opt/airflow/dags/00_hello_world.py
[2026-07-06T16:25:45.320+0000] {processor.py:925} INFO - DAG(s) '01_load_csv' retrieved from /opt/airflow/dags/00_hello_world.py
[2026-07-06T16:25:45.370+0000] {logging_mixin.py:190} INFO - [2026-07-06T16:25:45.369+0000] {dag.py:3239} INFO - Sync 1 DAGs
[2026-07-06T16:25:45.404+0000] {logging_mixin.py:190} INFO - [2026-07-06T16:25:45.404+0000] {dag.py:4180} INFO - Setting next_dagrun for 01_load_csv to None, run_after=None
[2026-07-06T16:25:45.434+0000] {processor.py:208} INFO - Processing /opt/airflow/dags/00_hello_world.py took 0.147 seconds
[2026-07-06T16:26:15.652+0000] {processor.py:186} INFO - Started process (PID=464) to work on /opt/airflow/dags/00_hello_world.py
[2026-07-06T16:26:15.656+0000] {processor.py:914} INFO - Processing file /opt/airflow/dags/00_hello_world.py for tasks to queue
[2026-07-06T16:26:15.661+0000] {logging_mixin.py:190} INFO - [2026-07-06T16:26:15.660+0000] {dagbag.py:588} INFO - Filling up the DagBag from /opt/airflow/dags/00_hello_world.py
[2026-07-06T16:26:15.683+0000] {processor.py:925} INFO - DAG(s) '01_load_csv' retrieved from /opt/airflow/dags/00_hello_world.py
[2026-07-06T16:26:16.192+0000] {logging_mixin.py:190} INFO - [2026-07-06T16:26:16.191+0000] {dag.py:3239} INFO - Sync 1 DAGs
[2026-07-06T16:26:16.213+0000] {logging_mixin.py:190} INFO - [2026-07-06T16:26:16.213+0000] {dag.py:4180} INFO - Setting next_dagrun for 01_load_csv to None, run_after=None
[2026-07-06T16:26:16.236+0000] {processor.py:208} INFO - Processing /opt/airflow/dags/00_hello_world.py took 0.598 seconds
[2026-07-06T16:26:46.407+0000] {processor.py:186} INFO - Started process (PID=474) to work on /opt/airflow/dags/00_hello_world.py
[2026-07-06T16:26:46.409+0000] {processor.py:914} INFO - Processing file /opt/airflow/dags/00_hello_world.py for tasks to queue
[2026-07-06T16:26:46.413+0000] {logging_mixin.py:190} INFO - [2026-07-06T16:26:46.413+0000] {dagbag.py:588} INFO - Filling up the DagBag from /opt/airflow/dags/00_hello_world.py
[2026-07-06T16:26:46.435+0000] {processor.py:925} INFO - DAG(s) '01_load_csv' retrieved from /opt/airflow/dags/00_hello_world.py
[2026-07-06T16:26:46.497+0000] {logging_mixin.py:190} INFO - [2026-07-06T16:26:46.497+0000] {dag.py:3239} INFO - Sync 1 DAGs
[2026-07-06T16:26:46.532+0000] {logging_mixin.py:190} INFO - [2026-07-06T16:26:46.532+0000] {dag.py:4180} INFO - Setting next_dagrun for 01_load_csv to None, run_after=None
[2026-07-06T16:26:46.564+0000] {processor.py:208} INFO - Processing /opt/airflow/dags/00_hello_world.py took 0.170 seconds
[2026-07-06T16:27:16.841+0000] {processor.py:186} INFO - Started process (PID=484) to work on /opt/airflow/dags/00_hello_world.py
[2026-07-06T16:27:16.845+0000] {processor.py:914} INFO - Processing file /opt/airflow/dags/00_hello_world.py for tasks to queue
[2026-07-06T16:27:16.851+0000] {logging_mixin.py:190} INFO - [2026-07-06T16:27:16.850+0000] {dagbag.py:588} INFO - Filling up the DagBag from /opt/airflow/dags/00_hello_world.py
[2026-07-06T16:27:16.919+0000] {processor.py:925} INFO - DAG(s) '01_load_csv' retrieved from /opt/airflow/dags/00_hello_world.py
[2026-07-06T16:27:17.584+0000] {logging_mixin.py:190} INFO - [2026-07-06T16:27:17.584+0000] {dag.py:3239} INFO - Sync 1 DAGs
[2026-07-06T16:27:17.622+0000] {logging_mixin.py:190} INFO - [2026-07-06T16:27:17.621+0000] {dag.py:4180} INFO - Setting next_dagrun for 01_load_csv to None, run_after=None
[2026-07-06T16:27:17.670+0000] {processor.py:208} INFO - Processing /opt/airflow/dags/00_hello_world.py took 0.854 seconds
[2026-07-06T16:27:36.864+0000] {processor.py:186} INFO - Started process (PID=494) to work on /opt/airflow/dags/00_hello_world.py
[2026-07-06T16:27:36.866+0000] {processor.py:914} INFO - Processing file /opt/airflow/dags/00_hello_world.py for tasks to queue
[2026-07-06T16:27:36.874+0000] {logging_mixin.py:190} INFO - [2026-07-06T16:27:36.873+0000] {dagbag.py:588} INFO - Filling up the DagBag from /opt/airflow/dags/00_hello_world.py
[2026-07-06T16:27:36.895+0000] {processor.py:925} INFO - DAG(s) '00_hello_world' retrieved from /opt/airflow/dags/00_hello_world.py
[2026-07-06T16:27:37.174+0000] {logging_mixin.py:190} INFO - [2026-07-06T16:27:37.174+0000] {override.py:1911} INFO - Created Permission View: can read on DAG:00_hello_world
[2026-07-06T16:27:37.235+0000] {logging_mixin.py:190} INFO - [2026-07-06T16:27:37.234+0000] {override.py:1911} INFO - Created Permission View: can edit on DAG:00_hello_world
[2026-07-06T16:27:37.258+0000] {logging_mixin.py:190} INFO - [2026-07-06T16:27:37.258+0000] {override.py:1911} INFO - Created Permission View: can delete on DAG:00_hello_world
[2026-07-06T16:27:37.275+0000] {logging_mixin.py:190} INFO - [2026-07-06T16:27:37.274+0000] {override.py:1911} INFO - Created Permission View: can read on DAG Run:00_hello_world
[2026-07-06T16:27:37.297+0000] {logging_mixin.py:190} INFO - [2026-07-06T16:27:37.296+0000] {override.py:1911} INFO - Created Permission View: menu access on DAG Run:00_hello_world
[2026-07-06T16:27:37.314+0000] {logging_mixin.py:190} INFO - [2026-07-06T16:27:37.314+0000] {override.py:1911} INFO - Created Permission View: can create on DAG Run:00_hello_world
[2026-07-06T16:27:37.325+0000] {logging_mixin.py:190} INFO - [2026-07-06T16:27:37.325+0000] {override.py:1911} INFO - Created Permission View: can delete on DAG Run:00_hello_world
[2026-07-06T16:27:37.325+0000] {logging_mixin.py:190} INFO - [2026-07-06T16:27:37.325+0000] {dag.py:3239} INFO - Sync 1 DAGs
[2026-07-06T16:27:37.350+0000] {logging_mixin.py:190} INFO - [2026-07-06T16:27:37.349+0000] {dag.py:3262} INFO - Creating ORM DAG for 00_hello_world
[2026-07-06T16:27:37.353+0000] {logging_mixin.py:190} INFO - [2026-07-06T16:27:37.353+0000] {dag.py:4180} INFO - Setting next_dagrun for 00_hello_world to None, run_after=None
[2026-07-06T16:27:37.383+0000] {processor.py:208} INFO - Processing /opt/airflow/dags/00_hello_world.py took 0.537 seconds
[2026-07-06T16:28:07.770+0000] {processor.py:186} INFO - Started process (PID=504) to work on /opt/airflow/dags/00_hello_world.py
[2026-07-06T16:28:07.773+0000] {processor.py:914} INFO - Processing file /opt/airflow/dags/00_hello_world.py for tasks to queue
[2026-07-06T16:28:07.778+0000] {logging_mixin.py:190} INFO - [2026-07-06T16:28:07.777+0000] {dagbag.py:588} INFO - Filling up the DagBag from /opt/airflow/dags/00_hello_world.py
[2026-07-06T16:28:07.846+0000] {processor.py:925} INFO - DAG(s) '00_hello_world' retrieved from /opt/airflow/dags/00_hello_world.py
[2026-07-06T16:28:07.902+0000] {logging_mixin.py:190} INFO - [2026-07-06T16:28:07.901+0000] {dag.py:3239} INFO - Sync 1 DAGs
[2026-07-06T16:28:07.933+0000] {logging_mixin.py:190} INFO - [2026-07-06T16:28:07.933+0000] {dag.py:4180} INFO - Setting next_dagrun for 00_hello_world to None, run_after=None
[2026-07-06T16:28:07.972+0000] {processor.py:208} INFO - Processing /opt/airflow/dags/00_hello_world.py took 0.224 seconds
[2026-07-06T16:28:38.441+0000] {processor.py:186} INFO - Started process (PID=514) to work on /opt/airflow/dags/00_hello_world.py
[2026-07-06T16:28:38.448+0000] {processor.py:914} INFO - Processing file /opt/airflow/dags/00_hello_world.py for tasks to queue
[2026-07-06T16:28:38.469+0000] {logging_mixin.py:190} INFO - [2026-07-06T16:28:38.467+0000] {dagbag.py:588} INFO - Filling up the DagBag from /opt/airflow/dags/00_hello_world.py
[2026-07-06T16:28:38.513+0000] {processor.py:925} INFO - DAG(s) '00_hello_world' retrieved from /opt/airflow/dags/00_hello_world.py
[2026-07-06T16:28:38.554+0000] {logging_mixin.py:190} INFO - [2026-07-06T16:28:38.553+0000] {dag.py:3239} INFO - Sync 1 DAGs
[2026-07-06T16:28:38.570+0000] {logging_mixin.py:190} INFO - [2026-07-06T16:28:38.569+0000] {dag.py:4180} INFO - Setting next_dagrun for 00_hello_world to None, run_after=None
[2026-07-06T16:28:38.591+0000] {processor.py:208} INFO - Processing /opt/airflow/dags/00_hello_world.py took 0.198 seconds
[2026-07-06T16:29:09.059+0000] {processor.py:186} INFO - Started process (PID=524) to work on /opt/airflow/dags/00_hello_world.py
[2026-07-06T16:29:09.063+0000] {processor.py:914} INFO - Processing file /opt/airflow/dags/00_hello_world.py for tasks to queue
[2026-07-06T16:29:09.073+0000] {logging_mixin.py:190} INFO - [2026-07-06T16:29:09.072+0000] {dagbag.py:588} INFO - Filling up the DagBag from /opt/airflow/dags/00_hello_world.py
[2026-07-06T16:29:09.118+0000] {processor.py:925} INFO - DAG(s) '00_hello_world' retrieved from /opt/airflow/dags/00_hello_world.py
[2026-07-06T16:29:09.247+0000] {logging_mixin.py:190} INFO - [2026-07-06T16:29:09.246+0000] {dag.py:3239} INFO - Sync 1 DAGs
[2026-07-06T16:29:09.304+0000] {logging_mixin.py:190} INFO - [2026-07-06T16:29:09.303+0000] {dag.py:4180} INFO - Setting next_dagrun for 00_hello_world to None, run_after=None
[2026-07-06T16:29:09.333+0000] {processor.py:208} INFO - Processing /opt/airflow/dags/00_hello_world.py took 0.314 seconds
[2026-07-06T16:29:39.754+0000] {processor.py:186} INFO - Started process (PID=534) to work on /opt/airflow/dags/00_hello_world.py
[2026-07-06T16:29:39.756+0000] {processor.py:914} INFO - Processing file /opt/airflow/dags/00_hello_world.py for tasks to queue
[2026-07-06T16:29:39.763+0000] {logging_mixin.py:190} INFO - [2026-07-06T16:29:39.762+0000] {dagbag.py:588} INFO - Filling up the DagBag from /opt/airflow/dags/00_hello_world.py
[2026-07-06T16:29:39.792+0000] {processor.py:925} INFO - DAG(s) '00_hello_world' retrieved from /opt/airflow/dags/00_hello_world.py
[2026-07-06T16:29:39.871+0000] {logging_mixin.py:190} INFO - [2026-07-06T16:29:39.871+0000] {dag.py:3239} INFO - Sync 1 DAGs
[2026-07-06T16:29:39.909+0000] {logging_mixin.py:190} INFO - [2026-07-06T16:29:39.909+0000] {dag.py:4180} INFO - Setting next_dagrun for 00_hello_world to None, run_after=None
[2026-07-06T16:29:39.954+0000] {processor.py:208} INFO - Processing /opt/airflow/dags/00_hello_world.py took 0.220 seconds
[2026-07-06T16:30:10.374+0000] {processor.py:186} INFO - Started process (PID=544) to work on /opt/airflow/dags/00_hello_world.py
[2026-07-06T16:30:10.377+0000] {processor.py:914} INFO - Processing file /opt/airflow/dags/00_hello_world.py for tasks to queue
[2026-07-06T16:30:10.382+0000] {logging_mixin.py:190} INFO - [2026-07-06T16:30:10.381+0000] {dagbag.py:588} INFO - Filling up the DagBag from /opt/airflow/dags/00_hello_world.py
[2026-07-06T16:30:10.400+0000] {processor.py:925} INFO - DAG(s) '00_hello_world' retrieved from /opt/airflow/dags/00_hello_world.py
[2026-07-06T16:30:10.432+0000] {logging_mixin.py:190} INFO - [2026-07-06T16:30:10.432+0000] {dag.py:3239} INFO - Sync 1 DAGs
[2026-07-06T16:30:10.447+0000] {logging_mixin.py:190} INFO - [2026-07-06T16:30:10.446+0000] {dag.py:4180} INFO - Setting next_dagrun for 00_hello_world to None, run_after=None
[2026-07-06T16:30:10.465+0000] {processor.py:208} INFO - Processing /opt/airflow/dags/00_hello_world.py took 0.117 seconds
[2026-07-06T16:30:40.864+0000] {processor.py:186} INFO - Started process (PID=554) to work on /opt/airflow/dags/00_hello_world.py
[2026-07-06T16:30:40.867+0000] {processor.py:914} INFO - Processing file /opt/airflow/dags/00_hello_world.py for tasks to queue
[2026-07-06T16:30:40.872+0000] {logging_mixin.py:190} INFO - [2026-07-06T16:30:40.871+0000] {dagbag.py:588} INFO - Filling up the DagBag from /opt/airflow/dags/00_hello_world.py
[2026-07-06T16:30:40.889+0000] {processor.py:925} INFO - DAG(s) '00_hello_world' retrieved from /opt/airflow/dags/00_hello_world.py
[2026-07-06T16:30:40.923+0000] {logging_mixin.py:190} INFO - [2026-07-06T16:30:40.923+0000] {dag.py:3239} INFO - Sync 1 DAGs
[2026-07-06T16:30:40.939+0000] {logging_mixin.py:190} INFO - [2026-07-06T16:30:40.938+0000] {dag.py:4180} INFO - Setting next_dagrun for 00_hello_world to None, run_after=None
[2026-07-06T16:30:40.957+0000] {processor.py:208} INFO - Processing /opt/airflow/dags/00_hello_world.py took 0.118 seconds
[2026-07-06T16:31:11.372+0000] {processor.py:186} INFO - Started process (PID=564) to work on /opt/airflow/dags/00_hello_world.py
[2026-07-06T16:31:11.373+0000] {processor.py:914} INFO - Processing file /opt/airflow/dags/00_hello_world.py for tasks to queue
[2026-07-06T16:31:11.380+0000] {logging_mixin.py:190} INFO - [2026-07-06T16:31:11.379+0000] {dagbag.py:588} INFO - Filling up the DagBag from /opt/airflow/dags/00_hello_world.py
[2026-07-06T16:31:11.395+0000] {processor.py:925} INFO - DAG(s) '00_hello_world' retrieved from /opt/airflow/dags/00_hello_world.py
[2026-07-06T16:31:11.440+0000] {logging_mixin.py:190} INFO - [2026-07-06T16:31:11.440+0000] {dag.py:3239} INFO - Sync 1 DAGs
[2026-07-06T16:31:11.463+0000] {logging_mixin.py:190} INFO - [2026-07-06T16:31:11.463+0000] {dag.py:4180} INFO - Setting next_dagrun for 00_hello_world to None, run_after=None
[2026-07-06T16:31:11.483+0000] {processor.py:208} INFO - Processing /opt/airflow/dags/00_hello_world.py took 0.130 seconds
[2026-07-06T16:31:41.833+0000] {processor.py:186} INFO - Started process (PID=574) to work on /opt/airflow/dags/00_hello_world.py
[2026-07-06T16:31:41.835+0000] {processor.py:914} INFO - Processing file /opt/airflow/dags/00_hello_world.py for tasks to queue
[2026-07-06T16:31:41.837+0000] {logging_mixin.py:190} INFO - [2026-07-06T16:31:41.837+0000] {dagbag.py:588} INFO - Filling up the DagBag from /opt/airflow/dags/00_hello_world.py
[2026-07-06T16:31:41.848+0000] {processor.py:925} INFO - DAG(s) '00_hello_world' retrieved from /opt/airflow/dags/00_hello_world.py
[2026-07-06T16:31:41.884+0000] {logging_mixin.py:190} INFO - [2026-07-06T16:31:41.884+0000] {dag.py:3239} INFO - Sync 1 DAGs
[2026-07-06T16:31:41.900+0000] {logging_mixin.py:190} INFO - [2026-07-06T16:31:41.900+0000] {dag.py:4180} INFO - Setting next_dagrun for 00_hello_world to None, run_after=None
[2026-07-06T16:31:41.918+0000] {processor.py:208} INFO - Processing /opt/airflow/dags/00_hello_world.py took 0.093 seconds
[2026-07-06T16:32:12.288+0000] {processor.py:186} INFO - Started process (PID=584) to work on /opt/airflow/dags/00_hello_world.py
[2026-07-06T16:32:12.289+0000] {processor.py:914} INFO - Processing file /opt/airflow/dags/00_hello_world.py for tasks to queue
[2026-07-06T16:32:12.291+0000] {logging_mixin.py:190} INFO - [2026-07-06T16:32:12.291+0000] {dagbag.py:588} INFO - Filling up the DagBag from /opt/airflow/dags/00_hello_world.py
[2026-07-06T16:32:12.302+0000] {processor.py:925} INFO - DAG(s) '00_hello_world' retrieved from /opt/airflow/dags/00_hello_world.py
[2026-07-06T16:32:12.336+0000] {logging_mixin.py:190} INFO - [2026-07-06T16:32:12.335+0000] {dag.py:3239} INFO - Sync 1 DAGs
[2026-07-06T16:32:12.352+0000] {logging_mixin.py:190} INFO - [2026-07-06T16:32:12.352+0000] {dag.py:4180} INFO - Setting next_dagrun for 00_hello_world to None, run_after=None
[2026-07-06T16:32:12.372+0000] {processor.py:208} INFO - Processing /opt/airflow/dags/00_hello_world.py took 0.091 seconds
[2026-07-06T16:32:42.788+0000] {processor.py:186} INFO - Started process (PID=594) to work on /opt/airflow/dags/00_hello_world.py
[2026-07-06T16:32:42.791+0000] {processor.py:914} INFO - Processing file /opt/airflow/dags/00_hello_world.py for tasks to queue
[2026-07-06T16:32:42.797+0000] {logging_mixin.py:190} INFO - [2026-07-06T16:32:42.796+0000] {dagbag.py:588} INFO - Filling up the DagBag from /opt/airflow/dags/00_hello_world.py
[2026-07-06T16:32:42.814+0000] {processor.py:925} INFO - DAG(s) '00_hello_world' retrieved from /opt/airflow/dags/00_hello_world.py
[2026-07-06T16:32:42.870+0000] {logging_mixin.py:190} INFO - [2026-07-06T16:32:42.869+0000] {dag.py:3239} INFO - Sync 1 DAGs
[2026-07-06T16:32:42.889+0000] {logging_mixin.py:190} INFO - [2026-07-06T16:32:42.889+0000] {dag.py:4180} INFO - Setting next_dagrun for 00_hello_world to None, run_after=None
[2026-07-06T16:32:42.908+0000] {processor.py:208} INFO - Processing /opt/airflow/dags/00_hello_world.py took 0.139 seconds
[2026-07-06T16:33:13.358+0000] {processor.py:186} INFO - Started process (PID=604) to work on /opt/airflow/dags/00_hello_world.py
[2026-07-06T16:33:13.360+0000] {processor.py:914} INFO - Processing file /opt/airflow/dags/00_hello_world.py for tasks to queue
[2026-07-06T16:33:13.364+0000] {logging_mixin.py:190} INFO - [2026-07-06T16:33:13.363+0000] {dagbag.py:588} INFO - Filling up the DagBag from /opt/airflow/dags/00_hello_world.py
[2026-07-06T16:33:13.380+0000] {processor.py:925} INFO - DAG(s) '00_hello_world' retrieved from /opt/airflow/dags/00_hello_world.py
[2026-07-06T16:33:13.417+0000] {logging_mixin.py:190} INFO - [2026-07-06T16:33:13.417+0000] {dag.py:3239} INFO - Sync 1 DAGs
[2026-07-06T16:33:13.433+0000] {logging_mixin.py:190} INFO - [2026-07-06T16:33:13.432+0000] {dag.py:4180} INFO - Setting next_dagrun for 00_hello_world to None, run_after=None
[2026-07-06T16:33:13.452+0000] {processor.py:208} INFO - Processing /opt/airflow/dags/00_hello_world.py took 0.107 seconds
[2026-07-06T16:33:43.891+0000] {processor.py:186} INFO - Started process (PID=614) to work on /opt/airflow/dags/00_hello_world.py
[2026-07-06T16:33:43.894+0000] {processor.py:914} INFO - Processing file /opt/airflow/dags/00_hello_world.py for tasks to queue
[2026-07-06T16:33:43.901+0000] {logging_mixin.py:190} INFO - [2026-07-06T16:33:43.900+0000] {dagbag.py:588} INFO - Filling up the DagBag from /opt/airflow/dags/00_hello_world.py
[2026-07-06T16:33:43.936+0000] {processor.py:925} INFO - DAG(s) '00_hello_world' retrieved from /opt/airflow/dags/00_hello_world.py
[2026-07-06T16:33:44.003+0000] {logging_mixin.py:190} INFO - [2026-07-06T16:33:44.003+0000] {dag.py:3239} INFO - Sync 1 DAGs
[2026-07-06T16:33:44.023+0000] {logging_mixin.py:190} INFO - [2026-07-06T16:33:44.022+0000] {dag.py:4180} INFO - Setting next_dagrun for 00_hello_world to None, run_after=None
[2026-07-06T16:33:44.041+0000] {processor.py:208} INFO - Processing /opt/airflow/dags/00_hello_world.py took 0.170 seconds
[2026-07-06T16:34:14.457+0000] {processor.py:186} INFO - Started process (PID=624) to work on /opt/airflow/dags/00_hello_world.py
[2026-07-06T16:34:14.458+0000] {processor.py:914} INFO - Processing file /opt/airflow/dags/00_hello_world.py for tasks to queue
[2026-07-06T16:34:14.462+0000] {logging_mixin.py:190} INFO - [2026-07-06T16:34:14.461+0000] {dagbag.py:588} INFO - Filling up the DagBag from /opt/airflow/dags/00_hello_world.py
[2026-07-06T16:34:14.474+0000] {processor.py:925} INFO - DAG(s) '00_hello_world' retrieved from /opt/airflow/dags/00_hello_world.py
[2026-07-06T16:34:14.507+0000] {logging_mixin.py:190} INFO - [2026-07-06T16:34:14.507+0000] {dag.py:3239} INFO - Sync 1 DAGs
[2026-07-06T16:34:14.523+0000] {logging_mixin.py:190} INFO - [2026-07-06T16:34:14.523+0000] {dag.py:4180} INFO - Setting next_dagrun for 00_hello_world to None, run_after=None
[2026-07-06T16:34:14.542+0000] {processor.py:208} INFO - Processing /opt/airflow/dags/00_hello_world.py took 0.097 seconds
[2026-07-06T16:34:45.008+0000] {processor.py:186} INFO - Started process (PID=634) to work on /opt/airflow/dags/00_hello_world.py
[2026-07-06T16:34:45.013+0000] {processor.py:914} INFO - Processing file /opt/airflow/dags/00_hello_world.py for tasks to queue
[2026-07-06T16:34:45.028+0000] {logging_mixin.py:190} INFO - [2026-07-06T16:34:45.027+0000] {dagbag.py:588} INFO - Filling up the DagBag from /opt/airflow/dags/00_hello_world.py
[2026-07-06T16:34:45.081+0000] {processor.py:925} INFO - DAG(s) '00_hello_world' retrieved from /opt/airflow/dags/00_hello_world.py
[2026-07-06T16:34:45.133+0000] {logging_mixin.py:190} INFO - [2026-07-06T16:34:45.133+0000] {dag.py:3239} INFO - Sync 1 DAGs
[2026-07-06T16:34:45.149+0000] {logging_mixin.py:190} INFO - [2026-07-06T16:34:45.149+0000] {dag.py:4180} INFO - Setting next_dagrun for 00_hello_world to None, run_after=None
[2026-07-06T16:34:45.171+0000] {processor.py:208} INFO - Processing /opt/airflow/dags/00_hello_world.py took 0.194 seconds
[2026-07-06T16:35:15.578+0000] {processor.py:186} INFO - Started process (PID=644) to work on /opt/airflow/dags/00_hello_world.py
[2026-07-06T16:35:15.581+0000] {processor.py:914} INFO - Processing file /opt/airflow/dags/00_hello_world.py for tasks to queue
[2026-07-06T16:35:15.589+0000] {logging_mixin.py:190} INFO - [2026-07-06T16:35:15.588+0000] {dagbag.py:588} INFO - Filling up the DagBag from /opt/airflow/dags/00_hello_world.py
[2026-07-06T16:35:15.609+0000] {processor.py:925} INFO - DAG(s) '00_hello_world' retrieved from /opt/airflow/dags/00_hello_world.py
[2026-07-06T16:35:15.660+0000] {logging_mixin.py:190} INFO - [2026-07-06T16:35:15.660+0000] {dag.py:3239} INFO - Sync 1 DAGs
[2026-07-06T16:35:15.685+0000] {logging_mixin.py:190} INFO - [2026-07-06T16:35:15.685+0000] {dag.py:4180} INFO - Setting next_dagrun for 00_hello_world to None, run_after=None
[2026-07-06T16:35:15.714+0000] {processor.py:208} INFO - Processing /opt/airflow/dags/00_hello_world.py took 0.161 seconds
[2026-07-06T16:35:46.158+0000] {processor.py:186} INFO - Started process (PID=654) to work on /opt/airflow/dags/00_hello_world.py
[2026-07-06T16:35:46.162+0000] {processor.py:914} INFO - Processing file /opt/airflow/dags/00_hello_world.py for tasks to queue
[2026-07-06T16:35:46.172+0000] {logging_mixin.py:190} INFO - [2026-07-06T16:35:46.171+0000] {dagbag.py:588} INFO - Filling up the DagBag from /opt/airflow/dags/00_hello_world.py
[2026-07-06T16:35:46.194+0000] {processor.py:925} INFO - DAG(s) '00_hello_world' retrieved from /opt/airflow/dags/00_hello_world.py
[2026-07-06T16:35:46.232+0000] {logging_mixin.py:190} INFO - [2026-07-06T16:35:46.232+0000] {dag.py:3239} INFO - Sync 1 DAGs
[2026-07-06T16:35:46.248+0000] {logging_mixin.py:190} INFO - [2026-07-06T16:35:46.247+0000] {dag.py:4180} INFO - Setting next_dagrun for 00_hello_world to None, run_after=None
[2026-07-06T16:35:46.266+0000] {processor.py:208} INFO - Processing /opt/airflow/dags/00_hello_world.py took 0.138 seconds
[2026-07-06T16:36:16.625+0000] {processor.py:186} INFO - Started process (PID=664) to work on /opt/airflow/dags/00_hello_world.py
[2026-07-06T16:36:16.628+0000] {processor.py:914} INFO - Processing file /opt/airflow/dags/00_hello_world.py for tasks to queue
[2026-07-06T16:36:16.636+0000] {logging_mixin.py:190} INFO - [2026-07-06T16:36:16.635+0000] {dagbag.py:588} INFO - Filling up the DagBag from /opt/airflow/dags/00_hello_world.py
[2026-07-06T16:36:16.663+0000] {processor.py:925} INFO - DAG(s) '00_hello_world' retrieved from /opt/airflow/dags/00_hello_world.py
[2026-07-06T16:36:16.732+0000] {logging_mixin.py:190} INFO - [2026-07-06T16:36:16.732+0000] {dag.py:3239} INFO - Sync 1 DAGs
[2026-07-06T16:36:16.765+0000] {logging_mixin.py:190} INFO - [2026-07-06T16:36:16.765+0000] {dag.py:4180} INFO - Setting next_dagrun for 00_hello_world to None, run_after=None
[2026-07-06T16:36:16.794+0000] {processor.py:208} INFO - Processing /opt/airflow/dags/00_hello_world.py took 0.191 seconds
[2026-07-06T16:36:47.029+0000] {processor.py:186} INFO - Started process (PID=674) to work on /opt/airflow/dags/00_hello_world.py
[2026-07-06T16:36:47.032+0000] {processor.py:914} INFO - Processing file /opt/airflow/dags/00_hello_world.py for tasks to queue
[2026-07-06T16:36:47.052+0000] {logging_mixin.py:190} INFO - [2026-07-06T16:36:47.051+0000] {dagbag.py:588} INFO - Filling up the DagBag from /opt/airflow/dags/00_hello_world.py
[2026-07-06T16:36:47.079+0000] {processor.py:925} INFO - DAG(s) '00_hello_world' retrieved from /opt/airflow/dags/00_hello_world.py
[2026-07-06T16:36:47.129+0000] {logging_mixin.py:190} INFO - [2026-07-06T16:36:47.128+0000] {dag.py:3239} INFO - Sync 1 DAGs
[2026-07-06T16:36:47.156+0000] {logging_mixin.py:190} INFO - [2026-07-06T16:36:47.156+0000] {dag.py:4180} INFO - Setting next_dagrun for 00_hello_world to None, run_after=None
[2026-07-06T16:36:47.180+0000] {processor.py:208} INFO - Processing /opt/airflow/dags/00_hello_world.py took 0.195 seconds
[2026-07-06T16:37:17.584+0000] {processor.py:186} INFO - Started process (PID=684) to work on /opt/airflow/dags/00_hello_world.py
[2026-07-06T16:37:17.586+0000] {processor.py:914} INFO - Processing file /opt/airflow/dags/00_hello_world.py for tasks to queue
[2026-07-06T16:37:17.594+0000] {logging_mixin.py:190} INFO - [2026-07-06T16:37:17.594+0000] {dagbag.py:588} INFO - Filling up the DagBag from /opt/airflow/dags/00_hello_world.py
[2026-07-06T16:37:17.616+0000] {processor.py:925} INFO - DAG(s) '00_hello_world' retrieved from /opt/airflow/dags/00_hello_world.py
[2026-07-06T16:37:17.671+0000] {logging_mixin.py:190} INFO - [2026-07-06T16:37:17.670+0000] {dag.py:3239} INFO - Sync 1 DAGs
[2026-07-06T16:37:17.697+0000] {logging_mixin.py:190} INFO - [2026-07-06T16:37:17.697+0000] {dag.py:4180} INFO - Setting next_dagrun for 00_hello_world to None, run_after=None
[2026-07-06T16:37:17.724+0000] {processor.py:208} INFO - Processing /opt/airflow/dags/00_hello_world.py took 0.173 seconds
[2026-07-06T16:37:48.141+0000] {processor.py:186} INFO - Started process (PID=694) to work on /opt/airflow/dags/00_hello_world.py
[2026-07-06T16:37:48.145+0000] {processor.py:914} INFO - Processing file /opt/airflow/dags/00_hello_world.py for tasks to queue
[2026-07-06T16:37:48.154+0000] {logging_mixin.py:190} INFO - [2026-07-06T16:37:48.153+0000] {dagbag.py:588} INFO - Filling up the DagBag from /opt/airflow/dags/00_hello_world.py
[2026-07-06T16:37:48.178+0000] {processor.py:925} INFO - DAG(s) '00_hello_world' retrieved from /opt/airflow/dags/00_hello_world.py
[2026-07-06T16:37:48.268+0000] {logging_mixin.py:190} INFO - [2026-07-06T16:37:48.268+0000] {dag.py:3239} INFO - Sync 1 DAGs
[2026-07-06T16:37:48.288+0000] {logging_mixin.py:190} INFO - [2026-07-06T16:37:48.288+0000] {dag.py:4180} INFO - Setting next_dagrun for 00_hello_world to None, run_after=None
[2026-07-06T16:37:48.308+0000] {processor.py:208} INFO - Processing /opt/airflow/dags/00_hello_world.py took 0.188 seconds
[2026-07-06T16:38:18.767+0000] {processor.py:186} INFO - Started process (PID=704) to work on /opt/airflow/dags/00_hello_world.py
[2026-07-06T16:38:18.771+0000] {processor.py:914} INFO - Processing file /opt/airflow/dags/00_hello_world.py for tasks to queue
[2026-07-06T16:38:18.786+0000] {logging_mixin.py:190} INFO - [2026-07-06T16:38:18.784+0000] {dagbag.py:588} INFO - Filling up the DagBag from /opt/airflow/dags/00_hello_world.py
[2026-07-06T16:38:18.839+0000] {processor.py:925} INFO - DAG(s) '00_hello_world' retrieved from /opt/airflow/dags/00_hello_world.py
[2026-07-06T16:38:18.903+0000] {logging_mixin.py:190} INFO - [2026-07-06T16:38:18.903+0000] {dag.py:3239} INFO - Sync 1 DAGs
[2026-07-06T16:38:18.923+0000] {logging_mixin.py:190} INFO - [2026-07-06T16:38:18.922+0000] {dag.py:4180} INFO - Setting next_dagrun for 00_hello_world to None, run_after=None
[2026-07-06T16:38:18.942+0000] {processor.py:208} INFO - Processing /opt/airflow/dags/00_hello_world.py took 0.207 seconds
[2026-07-06T16:38:49.386+0000] {processor.py:186} INFO - Started process (PID=714) to work on /opt/airflow/dags/00_hello_world.py
[2026-07-06T16:38:49.390+0000] {processor.py:914} INFO - Processing file /opt/airflow/dags/00_hello_world.py for tasks to queue
[2026-07-06T16:38:49.399+0000] {logging_mixin.py:190} INFO - [2026-07-06T16:38:49.397+0000] {dagbag.py:588} INFO - Filling up the DagBag from /opt/airflow/dags/00_hello_world.py
[2026-07-06T16:38:49.437+0000] {processor.py:925} INFO - DAG(s) '00_hello_world' retrieved from /opt/airflow/dags/00_hello_world.py
[2026-07-06T16:38:49.566+0000] {logging_mixin.py:190} INFO - [2026-07-06T16:38:49.566+0000] {dag.py:3239} INFO - Sync 1 DAGs
[2026-07-06T16:38:49.593+0000] {logging_mixin.py:190} INFO - [2026-07-06T16:38:49.593+0000] {dag.py:4180} INFO - Setting next_dagrun for 00_hello_world to None, run_after=None
[2026-07-06T16:38:49.615+0000] {processor.py:208} INFO - Processing /opt/airflow/dags/00_hello_world.py took 0.259 seconds
[2026-07-06T16:39:19.829+0000] {processor.py:186} INFO - Started process (PID=724) to work on /opt/airflow/dags/00_hello_world.py
[2026-07-06T16:39:19.835+0000] {processor.py:914} INFO - Processing file /opt/airflow/dags/00_hello_world.py for tasks to queue
[2026-07-06T16:39:19.847+0000] {logging_mixin.py:190} INFO - [2026-07-06T16:39:19.846+0000] {dagbag.py:588} INFO - Filling up the DagBag from /opt/airflow/dags/00_hello_world.py
[2026-07-06T16:39:19.906+0000] {processor.py:925} INFO - DAG(s) '00_hello_world' retrieved from /opt/airflow/dags/00_hello_world.py
[2026-07-06T16:39:19.958+0000] {logging_mixin.py:190} INFO - [2026-07-06T16:39:19.958+0000] {dag.py:3239} INFO - Sync 1 DAGs
[2026-07-06T16:39:19.975+0000] {logging_mixin.py:190} INFO - [2026-07-06T16:39:19.975+0000] {dag.py:4180} INFO - Setting next_dagrun for 00_hello_world to None, run_after=None
[2026-07-06T16:39:19.996+0000] {processor.py:208} INFO - Processing /opt/airflow/dags/00_hello_world.py took 0.204 seconds
[2026-07-06T16:39:50.426+0000] {processor.py:186} INFO - Started process (PID=734) to work on /opt/airflow/dags/00_hello_world.py
[2026-07-06T16:39:50.430+0000] {processor.py:914} INFO - Processing file /opt/airflow/dags/00_hello_world.py for tasks to queue
[2026-07-06T16:39:50.438+0000] {logging_mixin.py:190} INFO - [2026-07-06T16:39:50.437+0000] {dagbag.py:588} INFO - Filling up the DagBag from /opt/airflow/dags/00_hello_world.py
[2026-07-06T16:39:50.478+0000] {processor.py:925} INFO - DAG(s) '00_hello_world' retrieved from /opt/airflow/dags/00_hello_world.py
[2026-07-06T16:39:50.590+0000] {logging_mixin.py:190} INFO - [2026-07-06T16:39:50.590+0000] {dag.py:3239} INFO - Sync 1 DAGs
[2026-07-06T16:39:50.620+0000] {logging_mixin.py:190} INFO - [2026-07-06T16:39:50.620+0000] {dag.py:4180} INFO - Setting next_dagrun for 00_hello_world to None, run_after=None
[2026-07-06T16:39:50.644+0000] {processor.py:208} INFO - Processing /opt/airflow/dags/00_hello_world.py took 0.241 seconds
[2026-07-06T16:40:21.088+0000] {processor.py:186} INFO - Started process (PID=744) to work on /opt/airflow/dags/00_hello_world.py
[2026-07-06T16:40:21.091+0000] {processor.py:914} INFO - Processing file /opt/airflow/dags/00_hello_world.py for tasks to queue
[2026-07-06T16:40:21.097+0000] {logging_mixin.py:190} INFO - [2026-07-06T16:40:21.096+0000] {dagbag.py:588} INFO - Filling up the DagBag from /opt/airflow/dags/00_hello_world.py
[2026-07-06T16:40:21.121+0000] {processor.py:925} INFO - DAG(s) '00_hello_world' retrieved from /opt/airflow/dags/00_hello_world.py
[2026-07-06T16:40:21.195+0000] {logging_mixin.py:190} INFO - [2026-07-06T16:40:21.194+0000] {dag.py:3239} INFO - Sync 1 DAGs
[2026-07-06T16:40:21.227+0000] {logging_mixin.py:190} INFO - [2026-07-06T16:40:21.227+0000] {dag.py:4180} INFO - Setting next_dagrun for 00_hello_world to None, run_after=None
[2026-07-06T16:40:21.262+0000] {processor.py:208} INFO - Processing /opt/airflow/dags/00_hello_world.py took 0.191 seconds
[2026-07-06T16:40:51.697+0000] {processor.py:186} INFO - Started process (PID=754) to work on /opt/airflow/dags/00_hello_world.py
[2026-07-06T16:40:51.701+0000] {processor.py:914} INFO - Processing file /opt/airflow/dags/00_hello_world.py for tasks to queue
[2026-07-06T16:40:51.712+0000] {logging_mixin.py:190} INFO - [2026-07-06T16:40:51.710+0000] {dagbag.py:588} INFO - Filling up the DagBag from /opt/airflow/dags/00_hello_world.py
[2026-07-06T16:40:51.757+0000] {processor.py:925} INFO - DAG(s) '00_hello_world' retrieved from /opt/airflow/dags/00_hello_world.py
[2026-07-06T16:40:51.855+0000] {logging_mixin.py:190} INFO - [2026-07-06T16:40:51.854+0000] {dag.py:3239} INFO - Sync 1 DAGs
[2026-07-06T16:40:51.877+0000] {logging_mixin.py:190} INFO - [2026-07-06T16:40:51.876+0000] {dag.py:4180} INFO - Setting next_dagrun for 00_hello_world to None, run_after=None
[2026-07-06T16:40:51.899+0000] {processor.py:208} INFO - Processing /opt/airflow/dags/00_hello_world.py took 0.231 seconds
[2026-07-06T16:41:22.385+0000] {processor.py:186} INFO - Started process (PID=764) to work on /opt/airflow/dags/00_hello_world.py
[2026-07-06T16:41:22.389+0000] {processor.py:914} INFO - Processing file /opt/airflow/dags/00_hello_world.py for tasks to queue
[2026-07-06T16:41:22.399+0000] {logging_mixin.py:190} INFO - [2026-07-06T16:41:22.399+0000] {dagbag.py:588} INFO - Filling up the DagBag from /opt/airflow/dags/00_hello_world.py
[2026-07-06T16:41:22.420+0000] {processor.py:925} INFO - DAG(s) '00_hello_world' retrieved from /opt/airflow/dags/00_hello_world.py
[2026-07-06T16:41:22.463+0000] {logging_mixin.py:190} INFO - [2026-07-06T16:41:22.462+0000] {dag.py:3239} INFO - Sync 1 DAGs
[2026-07-06T16:41:22.483+0000] {logging_mixin.py:190} INFO - [2026-07-06T16:41:22.483+0000] {dag.py:4180} INFO - Setting next_dagrun for 00_hello_world to None, run_after=None
[2026-07-06T16:41:22.507+0000] {processor.py:208} INFO - Processing /opt/airflow/dags/00_hello_world.py took 0.152 seconds
[2026-07-06T16:41:33.568+0000] {processor.py:186} INFO - Started process (PID=769) to work on /opt/airflow/dags/00_hello_world.py
[2026-07-06T16:41:33.570+0000] {processor.py:914} INFO - Processing file /opt/airflow/dags/00_hello_world.py for tasks to queue
[2026-07-06T16:41:33.574+0000] {logging_mixin.py:190} INFO - [2026-07-06T16:41:33.574+0000] {dagbag.py:588} INFO - Filling up the DagBag from /opt/airflow/dags/00_hello_world.py
[2026-07-06T16:41:33.594+0000] {processor.py:925} INFO - DAG(s) '00_hello_world' retrieved from /opt/airflow/dags/00_hello_world.py
[2026-07-06T16:41:33.639+0000] {logging_mixin.py:190} INFO - [2026-07-06T16:41:33.639+0000] {dag.py:3239} INFO - Sync 1 DAGs
[2026-07-06T16:41:33.655+0000] {logging_mixin.py:190} INFO - [2026-07-06T16:41:33.655+0000] {dag.py:4180} INFO - Setting next_dagrun for 00_hello_world to None, run_after=None
[2026-07-06T16:41:33.680+0000] {processor.py:208} INFO - Processing /opt/airflow/dags/00_hello_world.py took 0.137 seconds
[2026-07-06T16:42:04.168+0000] {processor.py:186} INFO - Started process (PID=782) to work on /opt/airflow/dags/00_hello_world.py
[2026-07-06T16:42:04.173+0000] {processor.py:914} INFO - Processing file /opt/airflow/dags/00_hello_world.py for tasks to queue
[2026-07-06T16:42:04.196+0000] {logging_mixin.py:190} INFO - [2026-07-06T16:42:04.191+0000] {dagbag.py:588} INFO - Filling up the DagBag from /opt/airflow/dags/00_hello_world.py
[2026-07-06T16:42:04.286+0000] {processor.py:925} INFO - DAG(s) '00_hello_world' retrieved from /opt/airflow/dags/00_hello_world.py
[2026-07-06T16:42:04.474+0000] {logging_mixin.py:190} INFO - [2026-07-06T16:42:04.472+0000] {dag.py:3239} INFO - Sync 1 DAGs
[2026-07-06T16:42:04.594+0000] {logging_mixin.py:190} INFO - [2026-07-06T16:42:04.593+0000] {dag.py:4180} INFO - Setting next_dagrun for 00_hello_world to None, run_after=None
[2026-07-06T16:42:04.635+0000] {processor.py:208} INFO - Processing /opt/airflow/dags/00_hello_world.py took 0.560 seconds
[2026-07-06T16:42:35.070+0000] {processor.py:186} INFO - Started process (PID=792) to work on /opt/airflow/dags/00_hello_world.py
[2026-07-06T16:42:35.073+0000] {processor.py:914} INFO - Processing file /opt/airflow/dags/00_hello_world.py for tasks to queue
[2026-07-06T16:42:35.088+0000] {logging_mixin.py:190} INFO - [2026-07-06T16:42:35.087+0000] {dagbag.py:588} INFO - Filling up the DagBag from /opt/airflow/dags/00_hello_world.py
[2026-07-06T16:42:35.119+0000] {processor.py:925} INFO - DAG(s) '00_hello_world' retrieved from /opt/airflow/dags/00_hello_world.py
[2026-07-06T16:42:35.163+0000] {logging_mixin.py:190} INFO - [2026-07-06T16:42:35.163+0000] {dag.py:3239} INFO - Sync 1 DAGs
[2026-07-06T16:42:35.186+0000] {logging_mixin.py:190} INFO - [2026-07-06T16:42:35.186+0000] {dag.py:4180} INFO - Setting next_dagrun for 00_hello_world to None, run_after=None
[2026-07-06T16:42:35.210+0000] {processor.py:208} INFO - Processing /opt/airflow/dags/00_hello_world.py took 0.173 seconds
[2026-07-06T16:43:05.581+0000] {processor.py:186} INFO - Started process (PID=802) to work on /opt/airflow/dags/00_hello_world.py
[2026-07-06T16:43:05.582+0000] {processor.py:914} INFO - Processing file /opt/airflow/dags/00_hello_world.py for tasks to queue
[2026-07-06T16:43:05.586+0000] {logging_mixin.py:190} INFO - [2026-07-06T16:43:05.585+0000] {dagbag.py:588} INFO - Filling up the DagBag from /opt/airflow/dags/00_hello_world.py
[2026-07-06T16:43:05.617+0000] {processor.py:925} INFO - DAG(s) '00_hello_world' retrieved from /opt/airflow/dags/00_hello_world.py
[2026-07-06T16:43:05.711+0000] {logging_mixin.py:190} INFO - [2026-07-06T16:43:05.711+0000] {dag.py:3239} INFO - Sync 1 DAGs
[2026-07-06T16:43:05.747+0000] {logging_mixin.py:190} INFO - [2026-07-06T16:43:05.747+0000] {dag.py:4180} INFO - Setting next_dagrun for 00_hello_world to None, run_after=None
[2026-07-06T16:43:05.774+0000] {processor.py:208} INFO - Processing /opt/airflow/dags/00_hello_world.py took 0.204 seconds
[2026-07-06T16:43:35.902+0000] {processor.py:186} INFO - Started process (PID=812) to work on /opt/airflow/dags/00_hello_world.py
[2026-07-06T16:43:35.903+0000] {processor.py:914} INFO - Processing file /opt/airflow/dags/00_hello_world.py for tasks to queue
[2026-07-06T16:43:35.907+0000] {logging_mixin.py:190} INFO - [2026-07-06T16:43:35.907+0000] {dagbag.py:588} INFO - Filling up the DagBag from /opt/airflow/dags/00_hello_world.py
[2026-07-06T16:43:35.925+0000] {processor.py:925} INFO - DAG(s) '00_hello_world' retrieved from /opt/airflow/dags/00_hello_world.py
[2026-07-06T16:43:35.973+0000] {logging_mixin.py:190} INFO - [2026-07-06T16:43:35.973+0000] {dag.py:3239} INFO - Sync 1 DAGs
[2026-07-06T16:43:35.992+0000] {logging_mixin.py:190} INFO - [2026-07-06T16:43:35.991+0000] {dag.py:4180} INFO - Setting next_dagrun for 00_hello_world to None, run_after=None
[2026-07-06T16:43:36.017+0000] {processor.py:208} INFO - Processing /opt/airflow/dags/00_hello_world.py took 0.130 seconds
[2026-07-06T16:44:06.369+0000] {processor.py:186} INFO - Started process (PID=822) to work on /opt/airflow/dags/00_hello_world.py
[2026-07-06T16:44:06.373+0000] {processor.py:914} INFO - Processing file /opt/airflow/dags/00_hello_world.py for tasks to queue
[2026-07-06T16:44:06.381+0000] {logging_mixin.py:190} INFO - [2026-07-06T16:44:06.379+0000] {dagbag.py:588} INFO - Filling up the DagBag from /opt/airflow/dags/00_hello_world.py
[2026-07-06T16:44:06.428+0000] {processor.py:925} INFO - DAG(s) '00_hello_world' retrieved from /opt/airflow/dags/00_hello_world.py
[2026-07-06T16:44:06.494+0000] {logging_mixin.py:190} INFO - [2026-07-06T16:44:06.493+0000] {dag.py:3239} INFO - Sync 1 DAGs
[2026-07-06T16:44:06.515+0000] {logging_mixin.py:190} INFO - [2026-07-06T16:44:06.515+0000] {dag.py:4180} INFO - Setting next_dagrun for 00_hello_world to None, run_after=None
[2026-07-06T16:44:06.546+0000] {processor.py:208} INFO - Processing /opt/airflow/dags/00_hello_world.py took 0.230 seconds
[2026-07-06T16:44:36.845+0000] {processor.py:186} INFO - Started process (PID=832) to work on /opt/airflow/dags/00_hello_world.py
[2026-07-06T16:44:36.850+0000] {processor.py:914} INFO - Processing file /opt/airflow/dags/00_hello_world.py for tasks to queue
[2026-07-06T16:44:36.869+0000] {logging_mixin.py:190} INFO - [2026-07-06T16:44:36.867+0000] {dagbag.py:588} INFO - Filling up the DagBag from /opt/airflow/dags/00_hello_world.py
[2026-07-06T16:44:36.897+0000] {processor.py:925} INFO - DAG(s) '00_hello_world' retrieved from /opt/airflow/dags/00_hello_world.py
[2026-07-06T16:44:36.956+0000] {logging_mixin.py:190} INFO - [2026-07-06T16:44:36.956+0000] {dag.py:3239} INFO - Sync 1 DAGs
[2026-07-06T16:44:36.987+0000] {logging_mixin.py:190} INFO - [2026-07-06T16:44:36.987+0000] {dag.py:4180} INFO - Setting next_dagrun for 00_hello_world to None, run_after=None
[2026-07-06T16:44:37.016+0000] {processor.py:208} INFO - Processing /opt/airflow/dags/00_hello_world.py took 0.203 seconds
[2026-07-06T16:45:07.520+0000] {processor.py:186} INFO - Started process (PID=842) to work on /opt/airflow/dags/00_hello_world.py
[2026-07-06T16:45:07.524+0000] {processor.py:914} INFO - Processing file /opt/airflow/dags/00_hello_world.py for tasks to queue
[2026-07-06T16:45:07.537+0000] {logging_mixin.py:190} INFO - [2026-07-06T16:45:07.535+0000] {dagbag.py:588} INFO - Filling up the DagBag from /opt/airflow/dags/00_hello_world.py
[2026-07-06T16:45:07.589+0000] {processor.py:925} INFO - DAG(s) '00_hello_world' retrieved from /opt/airflow/dags/00_hello_world.py
[2026-07-06T16:45:07.734+0000] {logging_mixin.py:190} INFO - [2026-07-06T16:45:07.733+0000] {dag.py:3239} INFO - Sync 1 DAGs
[2026-07-06T16:45:07.773+0000] {logging_mixin.py:190} INFO - [2026-07-06T16:45:07.773+0000] {dag.py:4180} INFO - Setting next_dagrun for 00_hello_world to None, run_after=None
[2026-07-06T16:45:07.819+0000] {processor.py:208} INFO - Processing /opt/airflow/dags/00_hello_world.py took 0.355 seconds
[2026-07-06T16:45:38.219+0000] {processor.py:186} INFO - Started process (PID=852) to work on /opt/airflow/dags/00_hello_world.py
[2026-07-06T16:45:38.221+0000] {processor.py:914} INFO - Processing file /opt/airflow/dags/00_hello_world.py for tasks to queue
[2026-07-06T16:45:38.228+0000] {logging_mixin.py:190} INFO - [2026-07-06T16:45:38.227+0000] {dagbag.py:588} INFO - Filling up the DagBag from /opt/airflow/dags/00_hello_world.py
[2026-07-06T16:45:38.251+0000] {processor.py:925} INFO - DAG(s) '00_hello_world' retrieved from /opt/airflow/dags/00_hello_world.py
[2026-07-06T16:45:38.321+0000] {logging_mixin.py:190} INFO - [2026-07-06T16:45:38.320+0000] {dag.py:3239} INFO - Sync 1 DAGs
[2026-07-06T16:45:38.363+0000] {logging_mixin.py:190} INFO - [2026-07-06T16:45:38.362+0000] {dag.py:4180} INFO - Setting next_dagrun for 00_hello_world to None, run_after=None
[2026-07-06T16:45:38.392+0000] {processor.py:208} INFO - Processing /opt/airflow/dags/00_hello_world.py took 0.189 seconds
[2026-07-06T16:46:08.574+0000] {processor.py:186} INFO - Started process (PID=862) to work on /opt/airflow/dags/00_hello_world.py
[2026-07-06T16:46:08.574+0000] {processor.py:914} INFO - Processing file /opt/airflow/dags/00_hello_world.py for tasks to queue
[2026-07-06T16:46:08.577+0000] {logging_mixin.py:190} INFO - [2026-07-06T16:46:08.576+0000] {dagbag.py:588} INFO - Filling up the DagBag from /opt/airflow/dags/00_hello_world.py
[2026-07-06T16:46:08.587+0000] {processor.py:925} INFO - DAG(s) '00_hello_world' retrieved from /opt/airflow/dags/00_hello_world.py
[2026-07-06T16:46:08.623+0000] {logging_mixin.py:190} INFO - [2026-07-06T16:46:08.623+0000] {dag.py:3239} INFO - Sync 1 DAGs
[2026-07-06T16:46:08.640+0000] {logging_mixin.py:190} INFO - [2026-07-06T16:46:08.640+0000] {dag.py:4180} INFO - Setting next_dagrun for 00_hello_world to None, run_after=None
[2026-07-06T16:46:08.664+0000] {processor.py:208} INFO - Processing /opt/airflow/dags/00_hello_world.py took 0.097 seconds
[2026-07-06T16:46:39.056+0000] {processor.py:186} INFO - Started process (PID=872) to work on /opt/airflow/dags/00_hello_world.py
[2026-07-06T16:46:39.057+0000] {processor.py:914} INFO - Processing file /opt/airflow/dags/00_hello_world.py for tasks to queue
[2026-07-06T16:46:39.061+0000] {logging_mixin.py:190} INFO - [2026-07-06T16:46:39.060+0000] {dagbag.py:588} INFO - Filling up the DagBag from /opt/airflow/dags/00_hello_world.py
[2026-07-06T16:46:39.073+0000] {processor.py:925} INFO - DAG(s) '00_hello_world' retrieved from /opt/airflow/dags/00_hello_world.py
[2026-07-06T16:46:39.114+0000] {logging_mixin.py:190} INFO - [2026-07-06T16:46:39.114+0000] {dag.py:3239} INFO - Sync 1 DAGs
[2026-07-06T16:46:39.130+0000] {logging_mixin.py:190} INFO - [2026-07-06T16:46:39.129+0000] {dag.py:4180} INFO - Setting next_dagrun for 00_hello_world to None, run_after=None
[2026-07-06T16:46:39.153+0000] {processor.py:208} INFO - Processing /opt/airflow/dags/00_hello_world.py took 0.105 seconds
[2026-07-06T16:47:09.555+0000] {processor.py:186} INFO - Started process (PID=882) to work on /opt/airflow/dags/00_hello_world.py
[2026-07-06T16:47:09.557+0000] {processor.py:914} INFO - Processing file /opt/airflow/dags/00_hello_world.py for tasks to queue
[2026-07-06T16:47:09.562+0000] {logging_mixin.py:190} INFO - [2026-07-06T16:47:09.561+0000] {dagbag.py:588} INFO - Filling up the DagBag from /opt/airflow/dags/00_hello_world.py
[2026-07-06T16:47:09.581+0000] {processor.py:925} INFO - DAG(s) '00_hello_world' retrieved from /opt/airflow/dags/00_hello_world.py
[2026-07-06T16:47:09.629+0000] {logging_mixin.py:190} INFO - [2026-07-06T16:47:09.629+0000] {dag.py:3239} INFO - Sync 1 DAGs
[2026-07-06T16:47:09.704+0000] {logging_mixin.py:190} INFO - [2026-07-06T16:47:09.704+0000] {dag.py:4180} INFO - Setting next_dagrun for 00_hello_world to None, run_after=None
[2026-07-06T16:47:09.748+0000] {processor.py:208} INFO - Processing /opt/airflow/dags/00_hello_world.py took 0.228 seconds
[2026-07-06T16:47:40.032+0000] {processor.py:186} INFO - Started process (PID=892) to work on /opt/airflow/dags/00_hello_world.py
[2026-07-06T16:47:40.038+0000] {processor.py:914} INFO - Processing file /opt/airflow/dags/00_hello_world.py for tasks to queue
[2026-07-06T16:47:40.049+0000] {logging_mixin.py:190} INFO - [2026-07-06T16:47:40.048+0000] {dagbag.py:588} INFO - Filling up the DagBag from /opt/airflow/dags/00_hello_world.py
[2026-07-06T16:47:40.079+0000] {processor.py:925} INFO - DAG(s) '00_hello_world' retrieved from /opt/airflow/dags/00_hello_world.py
[2026-07-06T16:47:40.125+0000] {logging_mixin.py:190} INFO - [2026-07-06T16:47:40.125+0000] {dag.py:3239} INFO - Sync 1 DAGs
[2026-07-06T16:47:40.142+0000] {logging_mixin.py:190} INFO - [2026-07-06T16:47:40.141+0000] {dag.py:4180} INFO - Setting next_dagrun for 00_hello_world to None, run_after=None
[2026-07-06T16:47:40.162+0000] {processor.py:208} INFO - Processing /opt/airflow/dags/00_hello_world.py took 0.187 seconds
[2026-07-06T16:48:10.595+0000] {processor.py:186} INFO - Started process (PID=902) to work on /opt/airflow/dags/00_hello_world.py
[2026-07-06T16:48:10.599+0000] {processor.py:914} INFO - Processing file /opt/airflow/dags/00_hello_world.py for tasks to queue
[2026-07-06T16:48:10.615+0000] {logging_mixin.py:190} INFO - [2026-07-06T16:48:10.614+0000] {dagbag.py:588} INFO - Filling up the DagBag from /opt/airflow/dags/00_hello_world.py
[2026-07-06T16:48:10.699+0000] {processor.py:925} INFO - DAG(s) '00_hello_world' retrieved from /opt/airflow/dags/00_hello_world.py
[2026-07-06T16:48:10.882+0000] {logging_mixin.py:190} INFO - [2026-07-06T16:48:10.881+0000] {dag.py:3239} INFO - Sync 1 DAGs
[2026-07-06T16:48:11.026+0000] {logging_mixin.py:190} INFO - [2026-07-06T16:48:11.026+0000] {dag.py:4180} INFO - Setting next_dagrun for 00_hello_world to None, run_after=None
[2026-07-06T16:48:11.064+0000] {processor.py:208} INFO - Processing /opt/airflow/dags/00_hello_world.py took 0.507 seconds
[2026-07-06T16:48:41.478+0000] {processor.py:186} INFO - Started process (PID=912) to work on /opt/airflow/dags/00_hello_world.py
[2026-07-06T16:48:41.480+0000] {processor.py:914} INFO - Processing file /opt/airflow/dags/00_hello_world.py for tasks to queue
[2026-07-06T16:48:41.485+0000] {logging_mixin.py:190} INFO - [2026-07-06T16:48:41.484+0000] {dagbag.py:588} INFO - Filling up the DagBag from /opt/airflow/dags/00_hello_world.py
[2026-07-06T16:48:41.501+0000] {processor.py:925} INFO - DAG(s) '00_hello_world' retrieved from /opt/airflow/dags/00_hello_world.py
[2026-07-06T16:48:41.536+0000] {logging_mixin.py:190} INFO - [2026-07-06T16:48:41.535+0000] {dag.py:3239} INFO - Sync 1 DAGs
[2026-07-06T16:48:41.553+0000] {logging_mixin.py:190} INFO - [2026-07-06T16:48:41.553+0000] {dag.py:4180} INFO - Setting next_dagrun for 00_hello_world to None, run_after=None
[2026-07-06T16:48:41.574+0000] {processor.py:208} INFO - Processing /opt/airflow/dags/00_hello_world.py took 0.121 seconds
[2026-07-06T16:49:11.952+0000] {processor.py:186} INFO - Started process (PID=922) to work on /opt/airflow/dags/00_hello_world.py
[2026-07-06T16:49:11.957+0000] {processor.py:914} INFO - Processing file /opt/airflow/dags/00_hello_world.py for tasks to queue
[2026-07-06T16:49:11.972+0000] {logging_mixin.py:190} INFO - [2026-07-06T16:49:11.969+0000] {dagbag.py:588} INFO - Filling up the DagBag from /opt/airflow/dags/00_hello_world.py
[2026-07-06T16:49:12.060+0000] {processor.py:925} INFO - DAG(s) '00_hello_world' retrieved from /opt/airflow/dags/00_hello_world.py
[2026-07-06T16:49:12.122+0000] {logging_mixin.py:190} INFO - [2026-07-06T16:49:12.122+0000] {dag.py:3239} INFO - Sync 1 DAGs
[2026-07-06T16:49:12.152+0000] {logging_mixin.py:190} INFO - [2026-07-06T16:49:12.151+0000] {dag.py:4180} INFO - Setting next_dagrun for 00_hello_world to None, run_after=None
[2026-07-06T16:49:12.182+0000] {processor.py:208} INFO - Processing /opt/airflow/dags/00_hello_world.py took 0.269 seconds
[2026-07-06T16:49:42.398+0000] {processor.py:186} INFO - Started process (PID=932) to work on /opt/airflow/dags/00_hello_world.py
[2026-07-06T16:49:42.407+0000] {processor.py:914} INFO - Processing file /opt/airflow/dags/00_hello_world.py for tasks to queue
[2026-07-06T16:49:42.427+0000] {logging_mixin.py:190} INFO - [2026-07-06T16:49:42.423+0000] {dagbag.py:588} INFO - Filling up the DagBag from /opt/airflow/dags/00_hello_world.py
[2026-07-06T16:49:42.460+0000] {processor.py:925} INFO - DAG(s) '00_hello_world' retrieved from /opt/airflow/dags/00_hello_world.py
[2026-07-06T16:49:42.508+0000] {logging_mixin.py:190} INFO - [2026-07-06T16:49:42.508+0000] {dag.py:3239} INFO - Sync 1 DAGs
[2026-07-06T16:49:42.529+0000] {logging_mixin.py:190} INFO - [2026-07-06T16:49:42.529+0000] {dag.py:4180} INFO - Setting next_dagrun for 00_hello_world to None, run_after=None
[2026-07-06T16:49:42.553+0000] {processor.py:208} INFO - Processing /opt/airflow/dags/00_hello_world.py took 0.204 seconds
[2026-07-06T16:50:13.033+0000] {processor.py:186} INFO - Started process (PID=942) to work on /opt/airflow/dags/00_hello_world.py
[2026-07-06T16:50:13.041+0000] {processor.py:914} INFO - Processing file /opt/airflow/dags/00_hello_world.py for tasks to queue
[2026-07-06T16:50:13.053+0000] {logging_mixin.py:190} INFO - [2026-07-06T16:50:13.052+0000] {dagbag.py:588} INFO - Filling up the DagBag from /opt/airflow/dags/00_hello_world.py
[2026-07-06T16:50:13.075+0000] {processor.py:925} INFO - DAG(s) '00_hello_world' retrieved from /opt/airflow/dags/00_hello_world.py
[2026-07-06T16:50:13.117+0000] {logging_mixin.py:190} INFO - [2026-07-06T16:50:13.117+0000] {dag.py:3239} INFO - Sync 1 DAGs
[2026-07-06T16:50:13.135+0000] {logging_mixin.py:190} INFO - [2026-07-06T16:50:13.135+0000] {dag.py:4180} INFO - Setting next_dagrun for 00_hello_world to None, run_after=None
[2026-07-06T16:50:13.160+0000] {processor.py:208} INFO - Processing /opt/airflow/dags/00_hello_world.py took 0.183 seconds
[2026-07-06T16:50:43.492+0000] {processor.py:186} INFO - Started process (PID=952) to work on /opt/airflow/dags/00_hello_world.py
[2026-07-06T16:50:43.499+0000] {processor.py:914} INFO - Processing file /opt/airflow/dags/00_hello_world.py for tasks to queue
[2026-07-06T16:50:43.519+0000] {logging_mixin.py:190} INFO - [2026-07-06T16:50:43.518+0000] {dagbag.py:588} INFO - Filling up the DagBag from /opt/airflow/dags/00_hello_world.py
[2026-07-06T16:50:43.575+0000] {processor.py:925} INFO - DAG(s) '00_hello_world' retrieved from /opt/airflow/dags/00_hello_world.py
[2026-07-06T16:50:43.701+0000] {logging_mixin.py:190} INFO - [2026-07-06T16:50:43.701+0000] {dag.py:3239} INFO - Sync 1 DAGs
[2026-07-06T16:50:43.726+0000] {logging_mixin.py:190} INFO - [2026-07-06T16:50:43.725+0000] {dag.py:4180} INFO - Setting next_dagrun for 00_hello_world to None, run_after=None
[2026-07-06T16:50:43.751+0000] {processor.py:208} INFO - Processing /opt/airflow/dags/00_hello_world.py took 0.291 seconds
[2026-07-06T16:51:13.915+0000] {processor.py:186} INFO - Started process (PID=962) to work on /opt/airflow/dags/00_hello_world.py
[2026-07-06T16:51:13.915+0000] {processor.py:914} INFO - Processing file /opt/airflow/dags/00_hello_world.py for tasks to queue
[2026-07-06T16:51:13.920+0000] {logging_mixin.py:190} INFO - [2026-07-06T16:51:13.919+0000] {dagbag.py:588} INFO - Filling up the DagBag from /opt/airflow/dags/00_hello_world.py
[2026-07-06T16:51:13.943+0000] {processor.py:925} INFO - DAG(s) '00_hello_world' retrieved from /opt/airflow/dags/00_hello_world.py
[2026-07-06T16:51:13.997+0000] {logging_mixin.py:190} INFO - [2026-07-06T16:51:13.997+0000] {dag.py:3239} INFO - Sync 1 DAGs
[2026-07-06T16:51:14.021+0000] {logging_mixin.py:190} INFO - [2026-07-06T16:51:14.021+0000] {dag.py:4180} INFO - Setting next_dagrun for 00_hello_world to None, run_after=None
[2026-07-06T16:51:14.052+0000] {processor.py:208} INFO - Processing /opt/airflow/dags/00_hello_world.py took 0.147 seconds
[2026-07-06T16:51:44.340+0000] {processor.py:186} INFO - Started process (PID=972) to work on /opt/airflow/dags/00_hello_world.py
[2026-07-06T16:51:44.342+0000] {processor.py:914} INFO - Processing file /opt/airflow/dags/00_hello_world.py for tasks to queue
[2026-07-06T16:51:44.347+0000] {logging_mixin.py:190} INFO - [2026-07-06T16:51:44.347+0000] {dagbag.py:588} INFO - Filling up the DagBag from /opt/airflow/dags/00_hello_world.py
[2026-07-06T16:51:44.366+0000] {processor.py:925} INFO - DAG(s) '00_hello_world' retrieved from /opt/airflow/dags/00_hello_world.py
[2026-07-06T16:51:44.404+0000] {logging_mixin.py:190} INFO - [2026-07-06T16:51:44.404+0000] {dag.py:3239} INFO - Sync 1 DAGs
[2026-07-06T16:51:44.420+0000] {logging_mixin.py:190} INFO - [2026-07-06T16:51:44.420+0000] {dag.py:4180} INFO - Setting next_dagrun for 00_hello_world to None, run_after=None
[2026-07-06T16:51:44.440+0000] {processor.py:208} INFO - Processing /opt/airflow/dags/00_hello_world.py took 0.123 seconds
[2026-07-06T16:52:14.829+0000] {processor.py:186} INFO - Started process (PID=982) to work on /opt/airflow/dags/00_hello_world.py
[2026-07-06T16:52:14.830+0000] {processor.py:914} INFO - Processing file /opt/airflow/dags/00_hello_world.py for tasks to queue
[2026-07-06T16:52:14.834+0000] {logging_mixin.py:190} INFO - [2026-07-06T16:52:14.833+0000] {dagbag.py:588} INFO - Filling up the DagBag from /opt/airflow/dags/00_hello_world.py
[2026-07-06T16:52:14.852+0000] {processor.py:925} INFO - DAG(s) '00_hello_world' retrieved from /opt/airflow/dags/00_hello_world.py
[2026-07-06T16:52:14.887+0000] {logging_mixin.py:190} INFO - [2026-07-06T16:52:14.886+0000] {dag.py:3239} INFO - Sync 1 DAGs
[2026-07-06T16:52:14.904+0000] {logging_mixin.py:190} INFO - [2026-07-06T16:52:14.903+0000] {dag.py:4180} INFO - Setting next_dagrun for 00_hello_world to None, run_after=None
[2026-07-06T16:52:14.925+0000] {processor.py:208} INFO - Processing /opt/airflow/dags/00_hello_world.py took 0.120 seconds
[2026-07-06T16:52:45.345+0000] {processor.py:186} INFO - Started process (PID=992) to work on /opt/airflow/dags/00_hello_world.py
[2026-07-06T16:52:45.350+0000] {processor.py:914} INFO - Processing file /opt/airflow/dags/00_hello_world.py for tasks to queue
[2026-07-06T16:52:45.362+0000] {logging_mixin.py:190} INFO - [2026-07-06T16:52:45.360+0000] {dagbag.py:588} INFO - Filling up the DagBag from /opt/airflow/dags/00_hello_world.py
[2026-07-06T16:52:45.403+0000] {processor.py:925} INFO - DAG(s) '00_hello_world' retrieved from /opt/airflow/dags/00_hello_world.py
[2026-07-06T16:52:45.469+0000] {logging_mixin.py:190} INFO - [2026-07-06T16:52:45.469+0000] {dag.py:3239} INFO - Sync 1 DAGs
[2026-07-06T16:52:45.496+0000] {logging_mixin.py:190} INFO - [2026-07-06T16:52:45.496+0000] {dag.py:4180} INFO - Setting next_dagrun for 00_hello_world to None, run_after=None
[2026-07-06T16:52:45.524+0000] {processor.py:208} INFO - Processing /opt/airflow/dags/00_hello_world.py took 0.218 seconds
[2026-07-06T16:53:15.985+0000] {processor.py:186} INFO - Started process (PID=1002) to work on /opt/airflow/dags/00_hello_world.py
[2026-07-06T16:53:15.992+0000] {processor.py:914} INFO - Processing file /opt/airflow/dags/00_hello_world.py for tasks to queue
[2026-07-06T16:53:16.005+0000] {logging_mixin.py:190} INFO - [2026-07-06T16:53:16.003+0000] {dagbag.py:588} INFO - Filling up the DagBag from /opt/airflow/dags/00_hello_world.py
[2026-07-06T16:53:16.042+0000] {processor.py:925} INFO - DAG(s) '00_hello_world' retrieved from /opt/airflow/dags/00_hello_world.py
[2026-07-06T16:53:16.092+0000] {logging_mixin.py:190} INFO - [2026-07-06T16:53:16.092+0000] {dag.py:3239} INFO - Sync 1 DAGs
[2026-07-06T16:53:16.114+0000] {logging_mixin.py:190} INFO - [2026-07-06T16:53:16.113+0000] {dag.py:4180} INFO - Setting next_dagrun for 00_hello_world to None, run_after=None
[2026-07-06T16:53:16.137+0000] {processor.py:208} INFO - Processing /opt/airflow/dags/00_hello_world.py took 0.207 seconds
[2026-07-06T16:53:46.434+0000] {processor.py:186} INFO - Started process (PID=1012) to work on /opt/airflow/dags/00_hello_world.py
[2026-07-06T16:53:46.442+0000] {processor.py:914} INFO - Processing file /opt/airflow/dags/00_hello_world.py for tasks to queue
[2026-07-06T16:53:46.463+0000] {logging_mixin.py:190} INFO - [2026-07-06T16:53:46.461+0000] {dagbag.py:588} INFO - Filling up the DagBag from /opt/airflow/dags/00_hello_world.py
[2026-07-06T16:53:46.526+0000] {processor.py:925} INFO - DAG(s) '00_hello_world' retrieved from /opt/airflow/dags/00_hello_world.py
[2026-07-06T16:53:46.577+0000] {logging_mixin.py:190} INFO - [2026-07-06T16:53:46.577+0000] {dag.py:3239} INFO - Sync 1 DAGs
[2026-07-06T16:53:46.594+0000] {logging_mixin.py:190} INFO - [2026-07-06T16:53:46.594+0000] {dag.py:4180} INFO - Setting next_dagrun for 00_hello_world to None, run_after=None
[2026-07-06T16:53:46.617+0000] {processor.py:208} INFO - Processing /opt/airflow/dags/00_hello_world.py took 0.235 seconds
[2026-07-06T16:54:16.902+0000] {processor.py:186} INFO - Started process (PID=1022) to work on /opt/airflow/dags/00_hello_world.py
[2026-07-06T16:54:16.905+0000] {processor.py:914} INFO - Processing file /opt/airflow/dags/00_hello_world.py for tasks to queue
[2026-07-06T16:54:16.913+0000] {logging_mixin.py:190} INFO - [2026-07-06T16:54:16.912+0000] {dagbag.py:588} INFO - Filling up the DagBag from /opt/airflow/dags/00_hello_world.py
[2026-07-06T16:54:16.937+0000] {processor.py:925} INFO - DAG(s) '00_hello_world' retrieved from /opt/airflow/dags/00_hello_world.py
[2026-07-06T16:54:16.985+0000] {logging_mixin.py:190} INFO - [2026-07-06T16:54:16.985+0000] {dag.py:3239} INFO - Sync 1 DAGs
[2026-07-06T16:54:17.010+0000] {logging_mixin.py:190} INFO - [2026-07-06T16:54:17.009+0000] {dag.py:4180} INFO - Setting next_dagrun for 00_hello_world to None, run_after=None
[2026-07-06T16:54:17.031+0000] {processor.py:208} INFO - Processing /opt/airflow/dags/00_hello_world.py took 0.172 seconds
[2026-07-06T16:54:47.406+0000] {processor.py:186} INFO - Started process (PID=1032) to work on /opt/airflow/dags/00_hello_world.py
[2026-07-06T16:54:47.410+0000] {processor.py:914} INFO - Processing file /opt/airflow/dags/00_hello_world.py for tasks to queue
[2026-07-06T16:54:47.419+0000] {logging_mixin.py:190} INFO - [2026-07-06T16:54:47.418+0000] {dagbag.py:588} INFO - Filling up the DagBag from /opt/airflow/dags/00_hello_world.py
[2026-07-06T16:54:47.441+0000] {processor.py:925} INFO - DAG(s) '00_hello_world' retrieved from /opt/airflow/dags/00_hello_world.py
[2026-07-06T16:54:47.485+0000] {logging_mixin.py:190} INFO - [2026-07-06T16:54:47.485+0000] {dag.py:3239} INFO - Sync 1 DAGs
[2026-07-06T16:54:47.505+0000] {logging_mixin.py:190} INFO - [2026-07-06T16:54:47.505+0000] {dag.py:4180} INFO - Setting next_dagrun for 00_hello_world to None, run_after=None
[2026-07-06T16:54:47.532+0000] {processor.py:208} INFO - Processing /opt/airflow/dags/00_hello_world.py took 0.170 seconds
[2026-07-06T16:55:17.844+0000] {processor.py:186} INFO - Started process (PID=1042) to work on /opt/airflow/dags/00_hello_world.py
[2026-07-06T16:55:17.847+0000] {processor.py:914} INFO - Processing file /opt/airflow/dags/00_hello_world.py for tasks to queue
[2026-07-06T16:55:17.855+0000] {logging_mixin.py:190} INFO - [2026-07-06T16:55:17.855+0000] {dagbag.py:588} INFO - Filling up the DagBag from /opt/airflow/dags/00_hello_world.py
[2026-07-06T16:55:17.876+0000] {processor.py:925} INFO - DAG(s) '00_hello_world' retrieved from /opt/airflow/dags/00_hello_world.py
[2026-07-06T16:55:17.919+0000] {logging_mixin.py:190} INFO - [2026-07-06T16:55:17.918+0000] {dag.py:3239} INFO - Sync 1 DAGs
[2026-07-06T16:55:17.936+0000] {logging_mixin.py:190} INFO - [2026-07-06T16:55:17.935+0000] {dag.py:4180} INFO - Setting next_dagrun for 00_hello_world to None, run_after=None
[2026-07-06T16:55:17.956+0000] {processor.py:208} INFO - Processing /opt/airflow/dags/00_hello_world.py took 0.147 seconds
[2026-07-06T16:55:48.381+0000] {processor.py:186} INFO - Started process (PID=1052) to work on /opt/airflow/dags/00_hello_world.py
[2026-07-06T16:55:48.382+0000] {processor.py:914} INFO - Processing file /opt/airflow/dags/00_hello_world.py for tasks to queue
[2026-07-06T16:55:48.386+0000] {logging_mixin.py:190} INFO - [2026-07-06T16:55:48.385+0000] {dagbag.py:588} INFO - Filling up the DagBag from /opt/airflow/dags/00_hello_world.py
[2026-07-06T16:55:48.397+0000] {processor.py:925} INFO - DAG(s) '00_hello_world' retrieved from /opt/airflow/dags/00_hello_world.py
[2026-07-06T16:55:48.437+0000] {logging_mixin.py:190} INFO - [2026-07-06T16:55:48.436+0000] {dag.py:3239} INFO - Sync 1 DAGs
[2026-07-06T16:55:48.457+0000] {logging_mixin.py:190} INFO - [2026-07-06T16:55:48.457+0000] {dag.py:4180} INFO - Setting next_dagrun for 00_hello_world to None, run_after=None
[2026-07-06T16:55:48.477+0000] {processor.py:208} INFO - Processing /opt/airflow/dags/00_hello_world.py took 0.110 seconds
[2026-07-06T16:56:18.887+0000] {processor.py:186} INFO - Started process (PID=1062) to work on /opt/airflow/dags/00_hello_world.py
[2026-07-06T16:56:18.891+0000] {processor.py:914} INFO - Processing file /opt/airflow/dags/00_hello_world.py for tasks to queue
[2026-07-06T16:56:18.903+0000] {logging_mixin.py:190} INFO - [2026-07-06T16:56:18.901+0000] {dagbag.py:588} INFO - Filling up the DagBag from /opt/airflow/dags/00_hello_world.py
[2026-07-06T16:56:18.952+0000] {processor.py:925} INFO - DAG(s) '00_hello_world' retrieved from /opt/airflow/dags/00_hello_world.py
[2026-07-06T16:56:19.038+0000] {logging_mixin.py:190} INFO - [2026-07-06T16:56:19.038+0000] {dag.py:3239} INFO - Sync 1 DAGs
[2026-07-06T16:56:19.054+0000] {logging_mixin.py:190} INFO - [2026-07-06T16:56:19.053+0000] {dag.py:4180} INFO - Setting next_dagrun for 00_hello_world to None, run_after=None
[2026-07-06T16:56:19.073+0000] {processor.py:208} INFO - Processing /opt/airflow/dags/00_hello_world.py took 0.233 seconds
[2026-07-06T16:56:49.413+0000] {processor.py:186} INFO - Started process (PID=1072) to work on /opt/airflow/dags/00_hello_world.py
[2026-07-06T16:56:49.415+0000] {processor.py:914} INFO - Processing file /opt/airflow/dags/00_hello_world.py for tasks to queue
[2026-07-06T16:56:49.418+0000] {logging_mixin.py:190} INFO - [2026-07-06T16:56:49.418+0000] {dagbag.py:588} INFO - Filling up the DagBag from /opt/airflow/dags/00_hello_world.py
[2026-07-06T16:56:49.431+0000] {processor.py:925} INFO - DAG(s) '00_hello_world' retrieved from /opt/airflow/dags/00_hello_world.py
[2026-07-06T16:56:49.473+0000] {logging_mixin.py:190} INFO - [2026-07-06T16:56:49.472+0000] {dag.py:3239} INFO - Sync 1 DAGs
[2026-07-06T16:56:49.497+0000] {logging_mixin.py:190} INFO - [2026-07-06T16:56:49.497+0000] {dag.py:4180} INFO - Setting next_dagrun for 00_hello_world to None, run_after=None
[2026-07-06T16:56:49.526+0000] {processor.py:208} INFO - Processing /opt/airflow/dags/00_hello_world.py took 0.127 seconds
[2026-07-06T16:57:19.924+0000] {processor.py:186} INFO - Started process (PID=1082) to work on /opt/airflow/dags/00_hello_world.py
[2026-07-06T16:57:19.929+0000] {processor.py:914} INFO - Processing file /opt/airflow/dags/00_hello_world.py for tasks to queue
[2026-07-06T16:57:19.939+0000] {logging_mixin.py:190} INFO - [2026-07-06T16:57:19.938+0000] {dagbag.py:588} INFO - Filling up the DagBag from /opt/airflow/dags/00_hello_world.py
[2026-07-06T16:57:19.961+0000] {processor.py:925} INFO - DAG(s) '00_hello_world' retrieved from /opt/airflow/dags/00_hello_world.py
[2026-07-06T16:57:20.023+0000] {logging_mixin.py:190} INFO - [2026-07-06T16:57:20.022+0000] {dag.py:3239} INFO - Sync 1 DAGs
[2026-07-06T16:57:20.042+0000] {logging_mixin.py:190} INFO - [2026-07-06T16:57:20.041+0000] {dag.py:4180} INFO - Setting next_dagrun for 00_hello_world to None, run_after=None
[2026-07-06T16:57:20.063+0000] {processor.py:208} INFO - Processing /opt/airflow/dags/00_hello_world.py took 0.183 seconds
[2026-07-06T16:57:50.531+0000] {processor.py:186} INFO - Started process (PID=1092) to work on /opt/airflow/dags/00_hello_world.py
[2026-07-06T16:57:50.534+0000] {processor.py:914} INFO - Processing file /opt/airflow/dags/00_hello_world.py for tasks to queue
[2026-07-06T16:57:50.547+0000] {logging_mixin.py:190} INFO - [2026-07-06T16:57:50.546+0000] {dagbag.py:588} INFO - Filling up the DagBag from /opt/airflow/dags/00_hello_world.py
[2026-07-06T16:57:50.569+0000] {processor.py:925} INFO - DAG(s) '00_hello_world' retrieved from /opt/airflow/dags/00_hello_world.py
[2026-07-06T16:57:50.608+0000] {logging_mixin.py:190} INFO - [2026-07-06T16:57:50.608+0000] {dag.py:3239} INFO - Sync 1 DAGs
[2026-07-06T16:57:50.626+0000] {logging_mixin.py:190} INFO - [2026-07-06T16:57:50.626+0000] {dag.py:4180} INFO - Setting next_dagrun for 00_hello_world to None, run_after=None
[2026-07-06T16:57:50.646+0000] {processor.py:208} INFO - Processing /opt/airflow/dags/00_hello_world.py took 0.148 seconds
[2026-07-06T16:58:20.929+0000] {processor.py:186} INFO - Started process (PID=1102) to work on /opt/airflow/dags/00_hello_world.py
[2026-07-06T16:58:20.930+0000] {processor.py:914} INFO - Processing file /opt/airflow/dags/00_hello_world.py for tasks to queue
[2026-07-06T16:58:20.937+0000] {logging_mixin.py:190} INFO - [2026-07-06T16:58:20.937+0000] {dagbag.py:588} INFO - Filling up the DagBag from /opt/airflow/dags/00_hello_world.py
[2026-07-06T16:58:20.955+0000] {processor.py:925} INFO - DAG(s) '00_hello_world' retrieved from /opt/airflow/dags/00_hello_world.py
[2026-07-06T16:58:21.026+0000] {logging_mixin.py:190} INFO - [2026-07-06T16:58:21.026+0000] {dag.py:3239} INFO - Sync 1 DAGs
[2026-07-06T16:58:21.051+0000] {logging_mixin.py:190} INFO - [2026-07-06T16:58:21.051+0000] {dag.py:4180} INFO - Setting next_dagrun for 00_hello_world to None, run_after=None
[2026-07-06T16:58:21.081+0000] {processor.py:208} INFO - Processing /opt/airflow/dags/00_hello_world.py took 0.173 seconds
[2026-07-06T16:58:51.362+0000] {processor.py:186} INFO - Started process (PID=1112) to work on /opt/airflow/dags/00_hello_world.py
[2026-07-06T16:58:51.364+0000] {processor.py:914} INFO - Processing file /opt/airflow/dags/00_hello_world.py for tasks to queue
[2026-07-06T16:58:51.368+0000] {logging_mixin.py:190} INFO - [2026-07-06T16:58:51.367+0000] {dagbag.py:588} INFO - Filling up the DagBag from /opt/airflow/dags/00_hello_world.py
[2026-07-06T16:58:51.388+0000] {processor.py:925} INFO - DAG(s) '00_hello_world' retrieved from /opt/airflow/dags/00_hello_world.py
[2026-07-06T16:58:51.438+0000] {logging_mixin.py:190} INFO - [2026-07-06T16:58:51.438+0000] {dag.py:3239} INFO - Sync 1 DAGs
[2026-07-06T16:58:51.459+0000] {logging_mixin.py:190} INFO - [2026-07-06T16:58:51.459+0000] {dag.py:4180} INFO - Setting next_dagrun for 00_hello_world to None, run_after=None
[2026-07-06T16:58:51.485+0000] {processor.py:208} INFO - Processing /opt/airflow/dags/00_hello_world.py took 0.141 seconds
[2026-07-06T16:59:21.757+0000] {processor.py:186} INFO - Started process (PID=1122) to work on /opt/airflow/dags/00_hello_world.py
[2026-07-06T16:59:21.758+0000] {processor.py:914} INFO - Processing file /opt/airflow/dags/00_hello_world.py for tasks to queue
[2026-07-06T16:59:21.762+0000] {logging_mixin.py:190} INFO - [2026-07-06T16:59:21.762+0000] {dagbag.py:588} INFO - Filling up the DagBag from /opt/airflow/dags/00_hello_world.py
[2026-07-06T16:59:21.778+0000] {processor.py:925} INFO - DAG(s) '00_hello_world' retrieved from /opt/airflow/dags/00_hello_world.py
[2026-07-06T16:59:21.815+0000] {logging_mixin.py:190} INFO - [2026-07-06T16:59:21.815+0000] {dag.py:3239} INFO - Sync 1 DAGs
[2026-07-06T16:59:21.832+0000] {logging_mixin.py:190} INFO - [2026-07-06T16:59:21.832+0000] {dag.py:4180} INFO - Setting next_dagrun for 00_hello_world to None, run_after=None
[2026-07-06T16:59:21.853+0000] {processor.py:208} INFO - Processing /opt/airflow/dags/00_hello_world.py took 0.114 seconds
[2026-07-06T16:59:52.222+0000] {processor.py:186} INFO - Started process (PID=1132) to work on /opt/airflow/dags/00_hello_world.py
[2026-07-06T16:59:52.224+0000] {processor.py:914} INFO - Processing file /opt/airflow/dags/00_hello_world.py for tasks to queue
[2026-07-06T16:59:52.230+0000] {logging_mixin.py:190} INFO - [2026-07-06T16:59:52.229+0000] {dagbag.py:588} INFO - Filling up the DagBag from /opt/airflow/dags/00_hello_world.py
[2026-07-06T16:59:52.248+0000] {processor.py:925} INFO - DAG(s) '00_hello_world' retrieved from /opt/airflow/dags/00_hello_world.py
[2026-07-06T16:59:52.287+0000] {logging_mixin.py:190} INFO - [2026-07-06T16:59:52.287+0000] {dag.py:3239} INFO - Sync 1 DAGs
[2026-07-06T16:59:52.307+0000] {logging_mixin.py:190} INFO - [2026-07-06T16:59:52.306+0000] {dag.py:4180} INFO - Setting next_dagrun for 00_hello_world to None, run_after=None
[2026-07-06T16:59:52.327+0000] {processor.py:208} INFO - Processing /opt/airflow/dags/00_hello_world.py took 0.116 seconds
[2026-07-06T17:00:23.059+0000] {processor.py:186} INFO - Started process (PID=1142) to work on /opt/airflow/dags/00_hello_world.py
[2026-07-06T17:00:23.066+0000] {processor.py:914} INFO - Processing file /opt/airflow/dags/00_hello_world.py for tasks to queue
[2026-07-06T17:00:23.170+0000] {logging_mixin.py:190} INFO - [2026-07-06T17:00:23.150+0000] {dagbag.py:588} INFO - Filling up the DagBag from /opt/airflow/dags/00_hello_world.py
[2026-07-06T17:00:23.541+0000] {processor.py:925} INFO - DAG(s) '00_hello_world' retrieved from /opt/airflow/dags/00_hello_world.py
[2026-07-06T17:00:24.080+0000] {logging_mixin.py:190} INFO - [2026-07-06T17:00:24.078+0000] {dag.py:3239} INFO - Sync 1 DAGs
[2026-07-06T17:00:24.294+0000] {logging_mixin.py:190} INFO - [2026-07-06T17:00:24.294+0000] {dag.py:4180} INFO - Setting next_dagrun for 00_hello_world to None, run_after=None
[2026-07-06T17:00:24.426+0000] {processor.py:208} INFO - Processing /opt/airflow/dags/00_hello_world.py took 1.520 seconds
[2026-07-06T17:00:54.789+0000] {processor.py:186} INFO - Started process (PID=1152) to work on /opt/airflow/dags/00_hello_world.py
[2026-07-06T17:00:54.790+0000] {processor.py:914} INFO - Processing file /opt/airflow/dags/00_hello_world.py for tasks to queue
[2026-07-06T17:00:54.806+0000] {logging_mixin.py:190} INFO - [2026-07-06T17:00:54.804+0000] {dagbag.py:588} INFO - Filling up the DagBag from /opt/airflow/dags/00_hello_world.py
[2026-07-06T17:00:54.926+0000] {processor.py:925} INFO - DAG(s) '00_hello_world' retrieved from /opt/airflow/dags/00_hello_world.py
[2026-07-06T17:00:55.038+0000] {logging_mixin.py:190} INFO - [2026-07-06T17:00:55.038+0000] {dag.py:3239} INFO - Sync 1 DAGs
[2026-07-06T17:00:55.082+0000] {logging_mixin.py:190} INFO - [2026-07-06T17:00:55.082+0000] {dag.py:4180} INFO - Setting next_dagrun for 00_hello_world to None, run_after=None
[2026-07-06T17:00:55.128+0000] {processor.py:208} INFO - Processing /opt/airflow/dags/00_hello_world.py took 0.377 seconds
[2026-07-06T17:01:25.245+0000] {processor.py:186} INFO - Started process (PID=1162) to work on /opt/airflow/dags/00_hello_world.py
[2026-07-06T17:01:25.248+0000] {processor.py:914} INFO - Processing file /opt/airflow/dags/00_hello_world.py for tasks to queue
[2026-07-06T17:01:25.260+0000] {logging_mixin.py:190} INFO - [2026-07-06T17:01:25.258+0000] {dagbag.py:588} INFO - Filling up the DagBag from /opt/airflow/dags/00_hello_world.py
[2026-07-06T17:01:25.307+0000] {processor.py:925} INFO - DAG(s) '00_hello_world' retrieved from /opt/airflow/dags/00_hello_world.py
[2026-07-06T17:01:25.415+0000] {logging_mixin.py:190} INFO - [2026-07-06T17:01:25.414+0000] {dag.py:3239} INFO - Sync 1 DAGs
[2026-07-06T17:01:25.439+0000] {logging_mixin.py:190} INFO - [2026-07-06T17:01:25.439+0000] {dag.py:4180} INFO - Setting next_dagrun for 00_hello_world to None, run_after=None
[2026-07-06T17:01:25.465+0000] {processor.py:208} INFO - Processing /opt/airflow/dags/00_hello_world.py took 0.246 seconds
[2026-07-06T17:01:55.867+0000] {processor.py:186} INFO - Started process (PID=1172) to work on /opt/airflow/dags/00_hello_world.py
[2026-07-06T17:01:55.869+0000] {processor.py:914} INFO - Processing file /opt/airflow/dags/00_hello_world.py for tasks to queue
[2026-07-06T17:01:55.876+0000] {logging_mixin.py:190} INFO - [2026-07-06T17:01:55.876+0000] {dagbag.py:588} INFO - Filling up the DagBag from /opt/airflow/dags/00_hello_world.py
[2026-07-06T17:01:55.899+0000] {processor.py:925} INFO - DAG(s) '00_hello_world' retrieved from /opt/airflow/dags/00_hello_world.py
[2026-07-06T17:01:55.960+0000] {logging_mixin.py:190} INFO - [2026-07-06T17:01:55.960+0000] {dag.py:3239} INFO - Sync 1 DAGs
[2026-07-06T17:01:55.983+0000] {logging_mixin.py:190} INFO - [2026-07-06T17:01:55.983+0000] {dag.py:4180} INFO - Setting next_dagrun for 00_hello_world to None, run_after=None
[2026-07-06T17:01:56.008+0000] {processor.py:208} INFO - Processing /opt/airflow/dags/00_hello_world.py took 0.155 seconds
[2026-07-06T17:02:26.183+0000] {processor.py:186} INFO - Started process (PID=1182) to work on /opt/airflow/dags/00_hello_world.py
[2026-07-06T17:02:26.184+0000] {processor.py:914} INFO - Processing file /opt/airflow/dags/00_hello_world.py for tasks to queue
[2026-07-06T17:02:26.190+0000] {logging_mixin.py:190} INFO - [2026-07-06T17:02:26.189+0000] {dagbag.py:588} INFO - Filling up the DagBag from /opt/airflow/dags/00_hello_world.py
[2026-07-06T17:02:26.207+0000] {processor.py:925} INFO - DAG(s) '00_hello_world' retrieved from /opt/airflow/dags/00_hello_world.py
[2026-07-06T17:02:26.255+0000] {logging_mixin.py:190} INFO - [2026-07-06T17:02:26.255+0000] {dag.py:3239} INFO - Sync 1 DAGs
[2026-07-06T17:02:26.280+0000] {logging_mixin.py:190} INFO - [2026-07-06T17:02:26.280+0000] {dag.py:4180} INFO - Setting next_dagrun for 00_hello_world to None, run_after=None
[2026-07-06T17:02:26.306+0000] {processor.py:208} INFO - Processing /opt/airflow/dags/00_hello_world.py took 0.137 seconds
[2026-07-06T17:02:56.779+0000] {processor.py:186} INFO - Started process (PID=1192) to work on /opt/airflow/dags/00_hello_world.py
[2026-07-06T17:02:56.784+0000] {processor.py:914} INFO - Processing file /opt/airflow/dags/00_hello_world.py for tasks to queue
[2026-07-06T17:02:56.793+0000] {logging_mixin.py:190} INFO - [2026-07-06T17:02:56.792+0000] {dagbag.py:588} INFO - Filling up the DagBag from /opt/airflow/dags/00_hello_world.py
[2026-07-06T17:02:56.823+0000] {processor.py:925} INFO - DAG(s) '00_hello_world' retrieved from /opt/airflow/dags/00_hello_world.py
[2026-07-06T17:02:56.899+0000] {logging_mixin.py:190} INFO - [2026-07-06T17:02:56.899+0000] {dag.py:3239} INFO - Sync 1 DAGs
[2026-07-06T17:02:56.941+0000] {logging_mixin.py:190} INFO - [2026-07-06T17:02:56.940+0000] {dag.py:4180} INFO - Setting next_dagrun for 00_hello_world to None, run_after=None
[2026-07-06T17:02:56.981+0000] {processor.py:208} INFO - Processing /opt/airflow/dags/00_hello_world.py took 0.246 seconds
[2026-07-06T17:03:27.400+0000] {processor.py:186} INFO - Started process (PID=1202) to work on /opt/airflow/dags/00_hello_world.py
[2026-07-06T17:03:27.403+0000] {processor.py:914} INFO - Processing file /opt/airflow/dags/00_hello_world.py for tasks to queue
[2026-07-06T17:03:27.411+0000] {logging_mixin.py:190} INFO - [2026-07-06T17:03:27.410+0000] {dagbag.py:588} INFO - Filling up the DagBag from /opt/airflow/dags/00_hello_world.py
[2026-07-06T17:03:27.446+0000] {processor.py:925} INFO - DAG(s) '00_hello_world' retrieved from /opt/airflow/dags/00_hello_world.py
[2026-07-06T17:03:27.538+0000] {logging_mixin.py:190} INFO - [2026-07-06T17:03:27.538+0000] {dag.py:3239} INFO - Sync 1 DAGs
[2026-07-06T17:03:27.594+0000] {logging_mixin.py:190} INFO - [2026-07-06T17:03:27.594+0000] {dag.py:4180} INFO - Setting next_dagrun for 00_hello_world to None, run_after=None
[2026-07-06T17:03:27.644+0000] {processor.py:208} INFO - Processing /opt/airflow/dags/00_hello_world.py took 0.264 seconds
[2026-07-06T17:03:57.847+0000] {processor.py:186} INFO - Started process (PID=1212) to work on /opt/airflow/dags/00_hello_world.py
[2026-07-06T17:03:57.854+0000] {processor.py:914} INFO - Processing file /opt/airflow/dags/00_hello_world.py for tasks to queue
[2026-07-06T17:03:57.866+0000] {logging_mixin.py:190} INFO - [2026-07-06T17:03:57.865+0000] {dagbag.py:588} INFO - Filling up the DagBag from /opt/airflow/dags/00_hello_world.py
[2026-07-06T17:03:57.894+0000] {processor.py:925} INFO - DAG(s) '00_hello_world' retrieved from /opt/airflow/dags/00_hello_world.py
[2026-07-06T17:03:57.942+0000] {logging_mixin.py:190} INFO - [2026-07-06T17:03:57.942+0000] {dag.py:3239} INFO - Sync 1 DAGs
[2026-07-06T17:03:57.962+0000] {logging_mixin.py:190} INFO - [2026-07-06T17:03:57.962+0000] {dag.py:4180} INFO - Setting next_dagrun for 00_hello_world to None, run_after=None
[2026-07-06T17:03:57.990+0000] {processor.py:208} INFO - Processing /opt/airflow/dags/00_hello_world.py took 0.199 seconds
[2026-07-06T17:04:28.476+0000] {processor.py:186} INFO - Started process (PID=1222) to work on /opt/airflow/dags/00_hello_world.py
[2026-07-06T17:04:28.481+0000] {processor.py:914} INFO - Processing file /opt/airflow/dags/00_hello_world.py for tasks to queue
[2026-07-06T17:04:28.496+0000] {logging_mixin.py:190} INFO - [2026-07-06T17:04:28.492+0000] {dagbag.py:588} INFO - Filling up the DagBag from /opt/airflow/dags/00_hello_world.py
[2026-07-06T17:04:28.546+0000] {processor.py:925} INFO - DAG(s) '00_hello_world' retrieved from /opt/airflow/dags/00_hello_world.py
[2026-07-06T17:04:28.687+0000] {logging_mixin.py:190} INFO - [2026-07-06T17:04:28.686+0000] {dag.py:3239} INFO - Sync 1 DAGs
[2026-07-06T17:04:28.744+0000] {logging_mixin.py:190} INFO - [2026-07-06T17:04:28.743+0000] {dag.py:4180} INFO - Setting next_dagrun for 00_hello_world to None, run_after=None
[2026-07-06T17:04:28.781+0000] {processor.py:208} INFO - Processing /opt/airflow/dags/00_hello_world.py took 0.337 seconds
[2026-07-06T17:04:58.934+0000] {processor.py:186} INFO - Started process (PID=1232) to work on /opt/airflow/dags/00_hello_world.py
[2026-07-06T17:04:58.939+0000] {processor.py:914} INFO - Processing file /opt/airflow/dags/00_hello_world.py for tasks to queue
[2026-07-06T17:04:58.960+0000] {logging_mixin.py:190} INFO - [2026-07-06T17:04:58.958+0000] {dagbag.py:588} INFO - Filling up the DagBag from /opt/airflow/dags/00_hello_world.py
[2026-07-06T17:04:59.024+0000] {processor.py:925} INFO - DAG(s) '00_hello_world' retrieved from /opt/airflow/dags/00_hello_world.py
[2026-07-06T17:04:59.136+0000] {logging_mixin.py:190} INFO - [2026-07-06T17:04:59.135+0000] {dag.py:3239} INFO - Sync 1 DAGs
[2026-07-06T17:04:59.161+0000] {logging_mixin.py:190} INFO - [2026-07-06T17:04:59.161+0000] {dag.py:4180} INFO - Setting next_dagrun for 00_hello_world to None, run_after=None
[2026-07-06T17:04:59.187+0000] {processor.py:208} INFO - Processing /opt/airflow/dags/00_hello_world.py took 0.289 seconds
[2026-07-06T17:05:29.683+0000] {processor.py:186} INFO - Started process (PID=1242) to work on /opt/airflow/dags/00_hello_world.py
[2026-07-06T17:05:29.692+0000] {processor.py:914} INFO - Processing file /opt/airflow/dags/00_hello_world.py for tasks to queue
[2026-07-06T17:05:29.711+0000] {logging_mixin.py:190} INFO - [2026-07-06T17:05:29.709+0000] {dagbag.py:588} INFO - Filling up the DagBag from /opt/airflow/dags/00_hello_world.py
[2026-07-06T17:05:29.756+0000] {processor.py:925} INFO - DAG(s) '00_hello_world' retrieved from /opt/airflow/dags/00_hello_world.py
[2026-07-06T17:05:29.822+0000] {logging_mixin.py:190} INFO - [2026-07-06T17:05:29.822+0000] {dag.py:3239} INFO - Sync 1 DAGs
[2026-07-06T17:05:29.843+0000] {logging_mixin.py:190} INFO - [2026-07-06T17:05:29.843+0000] {dag.py:4180} INFO - Setting next_dagrun for 00_hello_world to None, run_after=None
[2026-07-06T17:05:29.869+0000] {processor.py:208} INFO - Processing /opt/airflow/dags/00_hello_world.py took 0.261 seconds
[2026-07-06T17:06:00.277+0000] {processor.py:186} INFO - Started process (PID=1252) to work on /opt/airflow/dags/00_hello_world.py
[2026-07-06T17:06:00.281+0000] {processor.py:914} INFO - Processing file /opt/airflow/dags/00_hello_world.py for tasks to queue
[2026-07-06T17:06:00.286+0000] {logging_mixin.py:190} INFO - [2026-07-06T17:06:00.285+0000] {dagbag.py:588} INFO - Filling up the DagBag from /opt/airflow/dags/00_hello_world.py
[2026-07-06T17:06:00.331+0000] {processor.py:925} INFO - DAG(s) '00_hello_world' retrieved from /opt/airflow/dags/00_hello_world.py
[2026-07-06T17:06:00.376+0000] {logging_mixin.py:190} INFO - [2026-07-06T17:06:00.375+0000] {dag.py:3239} INFO - Sync 1 DAGs
[2026-07-06T17:06:00.398+0000] {logging_mixin.py:190} INFO - [2026-07-06T17:06:00.397+0000] {dag.py:4180} INFO - Setting next_dagrun for 00_hello_world to None, run_after=None
[2026-07-06T17:06:00.419+0000] {processor.py:208} INFO - Processing /opt/airflow/dags/00_hello_world.py took 0.239 seconds
[2026-07-06T17:06:30.813+0000] {processor.py:186} INFO - Started process (PID=1262) to work on /opt/airflow/dags/00_hello_world.py
[2026-07-06T17:06:30.815+0000] {processor.py:914} INFO - Processing file /opt/airflow/dags/00_hello_world.py for tasks to queue
[2026-07-06T17:06:30.822+0000] {logging_mixin.py:190} INFO - [2026-07-06T17:06:30.821+0000] {dagbag.py:588} INFO - Filling up the DagBag from /opt/airflow/dags/00_hello_world.py
[2026-07-06T17:06:30.835+0000] {processor.py:925} INFO - DAG(s) '00_hello_world' retrieved from /opt/airflow/dags/00_hello_world.py
[2026-07-06T17:06:30.874+0000] {logging_mixin.py:190} INFO - [2026-07-06T17:06:30.874+0000] {dag.py:3239} INFO - Sync 1 DAGs
[2026-07-06T17:06:30.890+0000] {logging_mixin.py:190} INFO - [2026-07-06T17:06:30.890+0000] {dag.py:4180} INFO - Setting next_dagrun for 00_hello_world to None, run_after=None
[2026-07-06T17:06:30.913+0000] {processor.py:208} INFO - Processing /opt/airflow/dags/00_hello_world.py took 0.111 seconds
[2026-07-06T17:07:01.146+0000] {processor.py:186} INFO - Started process (PID=1272) to work on /opt/airflow/dags/00_hello_world.py
[2026-07-06T17:07:01.150+0000] {processor.py:914} INFO - Processing file /opt/airflow/dags/00_hello_world.py for tasks to queue
[2026-07-06T17:07:01.161+0000] {logging_mixin.py:190} INFO - [2026-07-06T17:07:01.161+0000] {dagbag.py:588} INFO - Filling up the DagBag from /opt/airflow/dags/00_hello_world.py
[2026-07-06T17:07:01.186+0000] {processor.py:925} INFO - DAG(s) '00_hello_world' retrieved from /opt/airflow/dags/00_hello_world.py
[2026-07-06T17:07:01.253+0000] {logging_mixin.py:190} INFO - [2026-07-06T17:07:01.253+0000] {dag.py:3239} INFO - Sync 1 DAGs
[2026-07-06T17:07:01.272+0000] {logging_mixin.py:190} INFO - [2026-07-06T17:07:01.272+0000] {dag.py:4180} INFO - Setting next_dagrun for 00_hello_world to None, run_after=None
[2026-07-06T17:07:01.296+0000] {processor.py:208} INFO - Processing /opt/airflow/dags/00_hello_world.py took 0.166 seconds
[2026-07-06T17:07:31.697+0000] {processor.py:186} INFO - Started process (PID=1282) to work on /opt/airflow/dags/00_hello_world.py
[2026-07-06T17:07:31.698+0000] {processor.py:914} INFO - Processing file /opt/airflow/dags/00_hello_world.py for tasks to queue
[2026-07-06T17:07:31.702+0000] {logging_mixin.py:190} INFO - [2026-07-06T17:07:31.701+0000] {dagbag.py:588} INFO - Filling up the DagBag from /opt/airflow/dags/00_hello_world.py
[2026-07-06T17:07:31.715+0000] {processor.py:925} INFO - DAG(s) '00_hello_world' retrieved from /opt/airflow/dags/00_hello_world.py
[2026-07-06T17:07:31.760+0000] {logging_mixin.py:190} INFO - [2026-07-06T17:07:31.760+0000] {dag.py:3239} INFO - Sync 1 DAGs
[2026-07-06T17:07:31.779+0000] {logging_mixin.py:190} INFO - [2026-07-06T17:07:31.779+0000] {dag.py:4180} INFO - Setting next_dagrun for 00_hello_world to None, run_after=None
[2026-07-06T17:07:31.798+0000] {processor.py:208} INFO - Processing /opt/airflow/dags/00_hello_world.py took 0.112 seconds
[2026-07-06T17:08:02.286+0000] {processor.py:186} INFO - Started process (PID=1292) to work on /opt/airflow/dags/00_hello_world.py
[2026-07-06T17:08:02.293+0000] {processor.py:914} INFO - Processing file /opt/airflow/dags/00_hello_world.py for tasks to queue
[2026-07-06T17:08:02.314+0000] {logging_mixin.py:190} INFO - [2026-07-06T17:08:02.310+0000] {dagbag.py:588} INFO - Filling up the DagBag from /opt/airflow/dags/00_hello_world.py
[2026-07-06T17:08:02.356+0000] {processor.py:925} INFO - DAG(s) '00_hello_world' retrieved from /opt/airflow/dags/00_hello_world.py
[2026-07-06T17:08:02.414+0000] {logging_mixin.py:190} INFO - [2026-07-06T17:08:02.413+0000] {dag.py:3239} INFO - Sync 1 DAGs
[2026-07-06T17:08:02.440+0000] {logging_mixin.py:190} INFO - [2026-07-06T17:08:02.440+0000] {dag.py:4180} INFO - Setting next_dagrun for 00_hello_world to None, run_after=None
[2026-07-06T17:08:02.462+0000] {processor.py:208} INFO - Processing /opt/airflow/dags/00_hello_world.py took 0.240 seconds
[2026-07-06T17:08:32.956+0000] {processor.py:186} INFO - Started process (PID=1302) to work on /opt/airflow/dags/00_hello_world.py
[2026-07-06T17:08:32.961+0000] {processor.py:914} INFO - Processing file /opt/airflow/dags/00_hello_world.py for tasks to queue
[2026-07-06T17:08:32.978+0000] {logging_mixin.py:190} INFO - [2026-07-06T17:08:32.976+0000] {dagbag.py:588} INFO - Filling up the DagBag from /opt/airflow/dags/00_hello_world.py
[2026-07-06T17:08:33.017+0000] {processor.py:925} INFO - DAG(s) '00_hello_world' retrieved from /opt/airflow/dags/00_hello_world.py
[2026-07-06T17:08:33.074+0000] {logging_mixin.py:190} INFO - [2026-07-06T17:08:33.074+0000] {dag.py:3239} INFO - Sync 1 DAGs
[2026-07-06T17:08:33.105+0000] {logging_mixin.py:190} INFO - [2026-07-06T17:08:33.099+0000] {dag.py:4180} INFO - Setting next_dagrun for 00_hello_world to None, run_after=None
[2026-07-06T17:08:33.129+0000] {processor.py:208} INFO - Processing /opt/airflow/dags/00_hello_world.py took 0.225 seconds
[2026-07-06T17:09:03.390+0000] {processor.py:186} INFO - Started process (PID=1312) to work on /opt/airflow/dags/00_hello_world.py
[2026-07-06T17:09:03.395+0000] {processor.py:914} INFO - Processing file /opt/airflow/dags/00_hello_world.py for tasks to queue
[2026-07-06T17:09:03.411+0000] {logging_mixin.py:190} INFO - [2026-07-06T17:09:03.410+0000] {dagbag.py:588} INFO - Filling up the DagBag from /opt/airflow/dags/00_hello_world.py
[2026-07-06T17:09:03.465+0000] {processor.py:925} INFO - DAG(s) '00_hello_world' retrieved from /opt/airflow/dags/00_hello_world.py
[2026-07-06T17:09:03.649+0000] {logging_mixin.py:190} INFO - [2026-07-06T17:09:03.648+0000] {dag.py:3239} INFO - Sync 1 DAGs
[2026-07-06T17:09:03.714+0000] {logging_mixin.py:190} INFO - [2026-07-06T17:09:03.713+0000] {dag.py:4180} INFO - Setting next_dagrun for 00_hello_world to None, run_after=None
[2026-07-06T17:09:03.736+0000] {processor.py:208} INFO - Processing /opt/airflow/dags/00_hello_world.py took 0.383 seconds
[2026-07-06T17:09:34.196+0000] {processor.py:186} INFO - Started process (PID=1322) to work on /opt/airflow/dags/00_hello_world.py
[2026-07-06T17:09:34.203+0000] {processor.py:914} INFO - Processing file /opt/airflow/dags/00_hello_world.py for tasks to queue
[2026-07-06T17:09:34.227+0000] {logging_mixin.py:190} INFO - [2026-07-06T17:09:34.224+0000] {dagbag.py:588} INFO - Filling up the DagBag from /opt/airflow/dags/00_hello_world.py
[2026-07-06T17:09:34.290+0000] {processor.py:925} INFO - DAG(s) '00_hello_world' retrieved from /opt/airflow/dags/00_hello_world.py
[2026-07-06T17:09:34.350+0000] {logging_mixin.py:190} INFO - [2026-07-06T17:09:34.349+0000] {dag.py:3239} INFO - Sync 1 DAGs
[2026-07-06T17:09:34.369+0000] {logging_mixin.py:190} INFO - [2026-07-06T17:09:34.369+0000] {dag.py:4180} INFO - Setting next_dagrun for 00_hello_world to None, run_after=None
[2026-07-06T17:09:34.391+0000] {processor.py:208} INFO - Processing /opt/airflow/dags/00_hello_world.py took 0.260 seconds
[2026-07-06T17:10:04.776+0000] {processor.py:186} INFO - Started process (PID=1332) to work on /opt/airflow/dags/00_hello_world.py
[2026-07-06T17:10:04.778+0000] {processor.py:914} INFO - Processing file /opt/airflow/dags/00_hello_world.py for tasks to queue
[2026-07-06T17:10:04.783+0000] {logging_mixin.py:190} INFO - [2026-07-06T17:10:04.783+0000] {dagbag.py:588} INFO - Filling up the DagBag from /opt/airflow/dags/00_hello_world.py
[2026-07-06T17:10:04.802+0000] {processor.py:925} INFO - DAG(s) '00_hello_world' retrieved from /opt/airflow/dags/00_hello_world.py
[2026-07-06T17:10:04.854+0000] {logging_mixin.py:190} INFO - [2026-07-06T17:10:04.854+0000] {dag.py:3239} INFO - Sync 1 DAGs
[2026-07-06T17:10:04.873+0000] {logging_mixin.py:190} INFO - [2026-07-06T17:10:04.873+0000] {dag.py:4180} INFO - Setting next_dagrun for 00_hello_world to None, run_after=None
[2026-07-06T17:10:04.901+0000] {processor.py:208} INFO - Processing /opt/airflow/dags/00_hello_world.py took 0.143 seconds
[2026-07-06T17:10:35.303+0000] {processor.py:186} INFO - Started process (PID=1342) to work on /opt/airflow/dags/00_hello_world.py
[2026-07-06T17:10:35.305+0000] {processor.py:914} INFO - Processing file /opt/airflow/dags/00_hello_world.py for tasks to queue
[2026-07-06T17:10:35.310+0000] {logging_mixin.py:190} INFO - [2026-07-06T17:10:35.309+0000] {dagbag.py:588} INFO - Filling up the DagBag from /opt/airflow/dags/00_hello_world.py
[2026-07-06T17:10:35.337+0000] {processor.py:925} INFO - DAG(s) '00_hello_world' retrieved from /opt/airflow/dags/00_hello_world.py
[2026-07-06T17:10:35.399+0000] {logging_mixin.py:190} INFO - [2026-07-06T17:10:35.399+0000] {dag.py:3239} INFO - Sync 1 DAGs
[2026-07-06T17:10:35.430+0000] {logging_mixin.py:190} INFO - [2026-07-06T17:10:35.430+0000] {dag.py:4180} INFO - Setting next_dagrun for 00_hello_world to None, run_after=None
[2026-07-06T17:10:35.467+0000] {processor.py:208} INFO - Processing /opt/airflow/dags/00_hello_world.py took 0.176 seconds
[2026-07-06T17:11:05.948+0000] {processor.py:186} INFO - Started process (PID=1352) to work on /opt/airflow/dags/00_hello_world.py
[2026-07-06T17:11:05.953+0000] {processor.py:914} INFO - Processing file /opt/airflow/dags/00_hello_world.py for tasks to queue
[2026-07-06T17:11:05.965+0000] {logging_mixin.py:190} INFO - [2026-07-06T17:11:05.964+0000] {dagbag.py:588} INFO - Filling up the DagBag from /opt/airflow/dags/00_hello_world.py
[2026-07-06T17:11:05.989+0000] {processor.py:925} INFO - DAG(s) '00_hello_world' retrieved from /opt/airflow/dags/00_hello_world.py
[2026-07-06T17:11:07.199+0000] {logging_mixin.py:190} INFO - [2026-07-06T17:11:07.199+0000] {dag.py:3239} INFO - Sync 1 DAGs
[2026-07-06T17:11:07.216+0000] {logging_mixin.py:190} INFO - [2026-07-06T17:11:07.215+0000] {dag.py:4180} INFO - Setting next_dagrun for 00_hello_world to None, run_after=None
[2026-07-06T17:11:07.236+0000] {processor.py:208} INFO - Processing /opt/airflow/dags/00_hello_world.py took 1.341 seconds
[2026-07-06T17:11:37.351+0000] {processor.py:186} INFO - Started process (PID=1362) to work on /opt/airflow/dags/00_hello_world.py
[2026-07-06T17:11:37.355+0000] {processor.py:914} INFO - Processing file /opt/airflow/dags/00_hello_world.py for tasks to queue
[2026-07-06T17:11:37.366+0000] {logging_mixin.py:190} INFO - [2026-07-06T17:11:37.365+0000] {dagbag.py:588} INFO - Filling up the DagBag from /opt/airflow/dags/00_hello_world.py
[2026-07-06T17:11:37.390+0000] {processor.py:925} INFO - DAG(s) '00_hello_world' retrieved from /opt/airflow/dags/00_hello_world.py
[2026-07-06T17:11:37.445+0000] {logging_mixin.py:190} INFO - [2026-07-06T17:11:37.445+0000] {dag.py:3239} INFO - Sync 1 DAGs
[2026-07-06T17:11:37.461+0000] {logging_mixin.py:190} INFO - [2026-07-06T17:11:37.461+0000] {dag.py:4180} INFO - Setting next_dagrun for 00_hello_world to None, run_after=None
[2026-07-06T17:11:37.481+0000] {processor.py:208} INFO - Processing /opt/airflow/dags/00_hello_world.py took 0.174 seconds
[2026-07-06T17:12:07.904+0000] {processor.py:186} INFO - Started process (PID=1372) to work on /opt/airflow/dags/00_hello_world.py
[2026-07-06T17:12:07.906+0000] {processor.py:914} INFO - Processing file /opt/airflow/dags/00_hello_world.py for tasks to queue
[2026-07-06T17:12:07.911+0000] {logging_mixin.py:190} INFO - [2026-07-06T17:12:07.911+0000] {dagbag.py:588} INFO - Filling up the DagBag from /opt/airflow/dags/00_hello_world.py
[2026-07-06T17:12:07.927+0000] {processor.py:925} INFO - DAG(s) '00_hello_world' retrieved from /opt/airflow/dags/00_hello_world.py
[2026-07-06T17:12:07.978+0000] {logging_mixin.py:190} INFO - [2026-07-06T17:12:07.977+0000] {dag.py:3239} INFO - Sync 1 DAGs
[2026-07-06T17:12:07.994+0000] {logging_mixin.py:190} INFO - [2026-07-06T17:12:07.994+0000] {dag.py:4180} INFO - Setting next_dagrun for 00_hello_world to None, run_after=None
[2026-07-06T17:12:08.019+0000] {processor.py:208} INFO - Processing /opt/airflow/dags/00_hello_world.py took 0.133 seconds
[2026-07-06T17:12:38.482+0000] {processor.py:186} INFO - Started process (PID=1382) to work on /opt/airflow/dags/00_hello_world.py
[2026-07-06T17:12:38.488+0000] {processor.py:914} INFO - Processing file /opt/airflow/dags/00_hello_world.py for tasks to queue
[2026-07-06T17:12:38.500+0000] {logging_mixin.py:190} INFO - [2026-07-06T17:12:38.498+0000] {dagbag.py:588} INFO - Filling up the DagBag from /opt/airflow/dags/00_hello_world.py
[2026-07-06T17:12:38.552+0000] {processor.py:925} INFO - DAG(s) '00_hello_world' retrieved from /opt/airflow/dags/00_hello_world.py
[2026-07-06T17:12:38.688+0000] {logging_mixin.py:190} INFO - [2026-07-06T17:12:38.688+0000] {dag.py:3239} INFO - Sync 1 DAGs
[2026-07-06T17:12:38.710+0000] {logging_mixin.py:190} INFO - [2026-07-06T17:12:38.710+0000] {dag.py:4180} INFO - Setting next_dagrun for 00_hello_world to None, run_after=None
[2026-07-06T17:12:38.736+0000] {processor.py:208} INFO - Processing /opt/airflow/dags/00_hello_world.py took 0.290 seconds
[2026-07-06T17:13:09.187+0000] {processor.py:186} INFO - Started process (PID=1392) to work on /opt/airflow/dags/00_hello_world.py
[2026-07-06T17:13:09.191+0000] {processor.py:914} INFO - Processing file /opt/airflow/dags/00_hello_world.py for tasks to queue
[2026-07-06T17:13:09.204+0000] {logging_mixin.py:190} INFO - [2026-07-06T17:13:09.203+0000] {dagbag.py:588} INFO - Filling up the DagBag from /opt/airflow/dags/00_hello_world.py
[2026-07-06T17:13:09.258+0000] {processor.py:925} INFO - DAG(s) '00_hello_world' retrieved from /opt/airflow/dags/00_hello_world.py
[2026-07-06T17:13:09.377+0000] {logging_mixin.py:190} INFO - [2026-07-06T17:13:09.377+0000] {dag.py:3239} INFO - Sync 1 DAGs
[2026-07-06T17:13:09.397+0000] {logging_mixin.py:190} INFO - [2026-07-06T17:13:09.397+0000] {dag.py:4180} INFO - Setting next_dagrun for 00_hello_world to None, run_after=None
[2026-07-06T17:13:09.419+0000] {processor.py:208} INFO - Processing /opt/airflow/dags/00_hello_world.py took 0.279 seconds
[2026-07-06T17:13:39.628+0000] {processor.py:186} INFO - Started process (PID=1402) to work on /opt/airflow/dags/00_hello_world.py
[2026-07-06T17:13:39.631+0000] {processor.py:914} INFO - Processing file /opt/airflow/dags/00_hello_world.py for tasks to queue
[2026-07-06T17:13:39.639+0000] {logging_mixin.py:190} INFO - [2026-07-06T17:13:39.638+0000] {dagbag.py:588} INFO - Filling up the DagBag from /opt/airflow/dags/00_hello_world.py
[2026-07-06T17:13:39.664+0000] {processor.py:925} INFO - DAG(s) '00_hello_world' retrieved from /opt/airflow/dags/00_hello_world.py
[2026-07-06T17:13:39.725+0000] {logging_mixin.py:190} INFO - [2026-07-06T17:13:39.725+0000] {dag.py:3239} INFO - Sync 1 DAGs
[2026-07-06T17:13:39.743+0000] {logging_mixin.py:190} INFO - [2026-07-06T17:13:39.743+0000] {dag.py:4180} INFO - Setting next_dagrun for 00_hello_world to None, run_after=None
[2026-07-06T17:13:39.763+0000] {processor.py:208} INFO - Processing /opt/airflow/dags/00_hello_world.py took 0.181 seconds
[2026-07-06T17:14:10.234+0000] {processor.py:186} INFO - Started process (PID=1412) to work on /opt/airflow/dags/00_hello_world.py
[2026-07-06T17:14:10.238+0000] {processor.py:914} INFO - Processing file /opt/airflow/dags/00_hello_world.py for tasks to queue
[2026-07-06T17:14:10.250+0000] {logging_mixin.py:190} INFO - [2026-07-06T17:14:10.248+0000] {dagbag.py:588} INFO - Filling up the DagBag from /opt/airflow/dags/00_hello_world.py
[2026-07-06T17:14:10.300+0000] {processor.py:925} INFO - DAG(s) '00_hello_world' retrieved from /opt/airflow/dags/00_hello_world.py
[2026-07-06T17:14:10.492+0000] {logging_mixin.py:190} INFO - [2026-07-06T17:14:10.491+0000] {dag.py:3239} INFO - Sync 1 DAGs
[2026-07-06T17:14:10.580+0000] {logging_mixin.py:190} INFO - [2026-07-06T17:14:10.579+0000] {dag.py:4180} INFO - Setting next_dagrun for 00_hello_world to None, run_after=None
[2026-07-06T17:14:10.670+0000] {processor.py:208} INFO - Processing /opt/airflow/dags/00_hello_world.py took 0.475 seconds
[2026-07-06T17:14:41.128+0000] {processor.py:186} INFO - Started process (PID=1422) to work on /opt/airflow/dags/00_hello_world.py
[2026-07-06T17:14:41.133+0000] {processor.py:914} INFO - Processing file /opt/airflow/dags/00_hello_world.py for tasks to queue
[2026-07-06T17:14:41.145+0000] {logging_mixin.py:190} INFO - [2026-07-06T17:14:41.144+0000] {dagbag.py:588} INFO - Filling up the DagBag from /opt/airflow/dags/00_hello_world.py
[2026-07-06T17:14:41.197+0000] {processor.py:925} INFO - DAG(s) '00_hello_world' retrieved from /opt/airflow/dags/00_hello_world.py
[2026-07-06T17:14:41.365+0000] {logging_mixin.py:190} INFO - [2026-07-06T17:14:41.365+0000] {dag.py:3239} INFO - Sync 1 DAGs
[2026-07-06T17:14:41.401+0000] {logging_mixin.py:190} INFO - [2026-07-06T17:14:41.401+0000] {dag.py:4180} INFO - Setting next_dagrun for 00_hello_world to None, run_after=None
[2026-07-06T17:14:41.434+0000] {processor.py:208} INFO - Processing /opt/airflow/dags/00_hello_world.py took 0.341 seconds
[2026-07-06T17:15:11.531+0000] {processor.py:186} INFO - Started process (PID=1432) to work on /opt/airflow/dags/00_hello_world.py
[2026-07-06T17:15:11.533+0000] {processor.py:914} INFO - Processing file /opt/airflow/dags/00_hello_world.py for tasks to queue
[2026-07-06T17:15:11.539+0000] {logging_mixin.py:190} INFO - [2026-07-06T17:15:11.538+0000] {dagbag.py:588} INFO - Filling up the DagBag from /opt/airflow/dags/00_hello_world.py
[2026-07-06T17:15:11.556+0000] {processor.py:925} INFO - DAG(s) '00_hello_world' retrieved from /opt/airflow/dags/00_hello_world.py
[2026-07-06T17:15:11.611+0000] {logging_mixin.py:190} INFO - [2026-07-06T17:15:11.610+0000] {dag.py:3239} INFO - Sync 1 DAGs
[2026-07-06T17:15:11.629+0000] {logging_mixin.py:190} INFO - [2026-07-06T17:15:11.629+0000] {dag.py:4180} INFO - Setting next_dagrun for 00_hello_world to None, run_after=None
[2026-07-06T17:15:11.655+0000] {processor.py:208} INFO - Processing /opt/airflow/dags/00_hello_world.py took 0.151 seconds
[2026-07-06T17:15:41.911+0000] {processor.py:186} INFO - Started process (PID=1442) to work on /opt/airflow/dags/00_hello_world.py
[2026-07-06T17:15:41.915+0000] {processor.py:914} INFO - Processing file /opt/airflow/dags/00_hello_world.py for tasks to queue
[2026-07-06T17:15:41.923+0000] {logging_mixin.py:190} INFO - [2026-07-06T17:15:41.922+0000] {dagbag.py:588} INFO - Filling up the DagBag from /opt/airflow/dags/00_hello_world.py
[2026-07-06T17:15:41.947+0000] {processor.py:925} INFO - DAG(s) '00_hello_world' retrieved from /opt/airflow/dags/00_hello_world.py
[2026-07-06T17:15:42.001+0000] {logging_mixin.py:190} INFO - [2026-07-06T17:15:42.001+0000] {dag.py:3239} INFO - Sync 1 DAGs
[2026-07-06T17:15:42.017+0000] {logging_mixin.py:190} INFO - [2026-07-06T17:15:42.017+0000] {dag.py:4180} INFO - Setting next_dagrun for 00_hello_world to None, run_after=None
[2026-07-06T17:15:42.038+0000] {processor.py:208} INFO - Processing /opt/airflow/dags/00_hello_world.py took 0.160 seconds
[2026-07-06T17:16:12.423+0000] {processor.py:186} INFO - Started process (PID=1452) to work on /opt/airflow/dags/00_hello_world.py
[2026-07-06T17:16:12.424+0000] {processor.py:914} INFO - Processing file /opt/airflow/dags/00_hello_world.py for tasks to queue
[2026-07-06T17:16:12.428+0000] {logging_mixin.py:190} INFO - [2026-07-06T17:16:12.427+0000] {dagbag.py:588} INFO - Filling up the DagBag from /opt/airflow/dags/00_hello_world.py
[2026-07-06T17:16:12.442+0000] {processor.py:925} INFO - DAG(s) '00_hello_world' retrieved from /opt/airflow/dags/00_hello_world.py
[2026-07-06T17:16:12.510+0000] {logging_mixin.py:190} INFO - [2026-07-06T17:16:12.510+0000] {dag.py:3239} INFO - Sync 1 DAGs
[2026-07-06T17:16:12.534+0000] {logging_mixin.py:190} INFO - [2026-07-06T17:16:12.534+0000] {dag.py:4180} INFO - Setting next_dagrun for 00_hello_world to None, run_after=None
[2026-07-06T17:16:12.560+0000] {processor.py:208} INFO - Processing /opt/airflow/dags/00_hello_world.py took 0.150 seconds
[2026-07-06T17:16:42.602+0000] {processor.py:186} INFO - Started process (PID=1462) to work on /opt/airflow/dags/00_hello_world.py
[2026-07-06T17:16:42.604+0000] {processor.py:914} INFO - Processing file /opt/airflow/dags/00_hello_world.py for tasks to queue
[2026-07-06T17:16:42.608+0000] {logging_mixin.py:190} INFO - [2026-07-06T17:16:42.608+0000] {dagbag.py:588} INFO - Filling up the DagBag from /opt/airflow/dags/00_hello_world.py
[2026-07-06T17:16:42.626+0000] {processor.py:925} INFO - DAG(s) '00_hello_world' retrieved from /opt/airflow/dags/00_hello_world.py
[2026-07-06T17:16:42.688+0000] {logging_mixin.py:190} INFO - [2026-07-06T17:16:42.688+0000] {dag.py:3239} INFO - Sync 1 DAGs
[2026-07-06T17:16:42.719+0000] {logging_mixin.py:190} INFO - [2026-07-06T17:16:42.718+0000] {dag.py:4180} INFO - Setting next_dagrun for 00_hello_world to None, run_after=None
[2026-07-06T17:16:42.748+0000] {processor.py:208} INFO - Processing /opt/airflow/dags/00_hello_world.py took 0.158 seconds
[2026-07-06T17:17:12.970+0000] {processor.py:186} INFO - Started process (PID=1472) to work on /opt/airflow/dags/00_hello_world.py
[2026-07-06T17:17:12.973+0000] {processor.py:914} INFO - Processing file /opt/airflow/dags/00_hello_world.py for tasks to queue
[2026-07-06T17:17:12.977+0000] {logging_mixin.py:190} INFO - [2026-07-06T17:17:12.977+0000] {dagbag.py:588} INFO - Filling up the DagBag from /opt/airflow/dags/00_hello_world.py
[2026-07-06T17:17:13.016+0000] {processor.py:925} INFO - DAG(s) '00_hello_world' retrieved from /opt/airflow/dags/00_hello_world.py
[2026-07-06T17:17:13.068+0000] {logging_mixin.py:190} INFO - [2026-07-06T17:17:13.068+0000] {dag.py:3239} INFO - Sync 1 DAGs
[2026-07-06T17:17:13.095+0000] {logging_mixin.py:190} INFO - [2026-07-06T17:17:13.095+0000] {dag.py:4180} INFO - Setting next_dagrun for 00_hello_world to None, run_after=None
[2026-07-06T17:17:13.126+0000] {processor.py:208} INFO - Processing /opt/airflow/dags/00_hello_world.py took 0.171 seconds
[2026-07-06T17:17:43.329+0000] {processor.py:186} INFO - Started process (PID=1482) to work on /opt/airflow/dags/00_hello_world.py
[2026-07-06T17:17:43.331+0000] {processor.py:914} INFO - Processing file /opt/airflow/dags/00_hello_world.py for tasks to queue
[2026-07-06T17:17:43.337+0000] {logging_mixin.py:190} INFO - [2026-07-06T17:17:43.336+0000] {dagbag.py:588} INFO - Filling up the DagBag from /opt/airflow/dags/00_hello_world.py
[2026-07-06T17:17:43.372+0000] {processor.py:925} INFO - DAG(s) '00_hello_world' retrieved from /opt/airflow/dags/00_hello_world.py
[2026-07-06T17:17:43.423+0000] {logging_mixin.py:190} INFO - [2026-07-06T17:17:43.423+0000] {dag.py:3239} INFO - Sync 1 DAGs
[2026-07-06T17:17:43.446+0000] {logging_mixin.py:190} INFO - [2026-07-06T17:17:43.446+0000] {dag.py:4180} INFO - Setting next_dagrun for 00_hello_world to None, run_after=None
[2026-07-06T17:17:43.475+0000] {processor.py:208} INFO - Processing /opt/airflow/dags/00_hello_world.py took 0.160 seconds
[2026-07-06T17:18:13.683+0000] {processor.py:186} INFO - Started process (PID=1492) to work on /opt/airflow/dags/00_hello_world.py
[2026-07-06T17:18:13.685+0000] {processor.py:914} INFO - Processing file /opt/airflow/dags/00_hello_world.py for tasks to queue
[2026-07-06T17:18:13.689+0000] {logging_mixin.py:190} INFO - [2026-07-06T17:18:13.689+0000] {dagbag.py:588} INFO - Filling up the DagBag from /opt/airflow/dags/00_hello_world.py
[2026-07-06T17:18:13.731+0000] {processor.py:925} INFO - DAG(s) '00_hello_world' retrieved from /opt/airflow/dags/00_hello_world.py
[2026-07-06T17:18:13.779+0000] {logging_mixin.py:190} INFO - [2026-07-06T17:18:13.779+0000] {dag.py:3239} INFO - Sync 1 DAGs
[2026-07-06T17:18:13.810+0000] {logging_mixin.py:190} INFO - [2026-07-06T17:18:13.810+0000] {dag.py:4180} INFO - Setting next_dagrun for 00_hello_world to None, run_after=None
[2026-07-06T17:18:13.845+0000] {processor.py:208} INFO - Processing /opt/airflow/dags/00_hello_world.py took 0.175 seconds
[2026-07-06T17:18:44.034+0000] {processor.py:186} INFO - Started process (PID=1502) to work on /opt/airflow/dags/00_hello_world.py
[2026-07-06T17:18:44.036+0000] {processor.py:914} INFO - Processing file /opt/airflow/dags/00_hello_world.py for tasks to queue
[2026-07-06T17:18:44.042+0000] {logging_mixin.py:190} INFO - [2026-07-06T17:18:44.041+0000] {dagbag.py:588} INFO - Filling up the DagBag from /opt/airflow/dags/00_hello_world.py
[2026-07-06T17:18:44.073+0000] {processor.py:925} INFO - DAG(s) '00_hello_world' retrieved from /opt/airflow/dags/00_hello_world.py
[2026-07-06T17:18:44.126+0000] {logging_mixin.py:190} INFO - [2026-07-06T17:18:44.125+0000] {dag.py:3239} INFO - Sync 1 DAGs
[2026-07-06T17:18:44.149+0000] {logging_mixin.py:190} INFO - [2026-07-06T17:18:44.149+0000] {dag.py:4180} INFO - Setting next_dagrun for 00_hello_world to None, run_after=None
[2026-07-06T17:18:44.177+0000] {processor.py:208} INFO - Processing /opt/airflow/dags/00_hello_world.py took 0.160 seconds
[2026-07-06T17:19:14.370+0000] {processor.py:186} INFO - Started process (PID=1512) to work on /opt/airflow/dags/00_hello_world.py
[2026-07-06T17:19:14.371+0000] {processor.py:914} INFO - Processing file /opt/airflow/dags/00_hello_world.py for tasks to queue
[2026-07-06T17:19:14.377+0000] {logging_mixin.py:190} INFO - [2026-07-06T17:19:14.376+0000] {dagbag.py:588} INFO - Filling up the DagBag from /opt/airflow/dags/00_hello_world.py
[2026-07-06T17:19:14.412+0000] {processor.py:925} INFO - DAG(s) '00_hello_world' retrieved from /opt/airflow/dags/00_hello_world.py
[2026-07-06T17:19:14.467+0000] {logging_mixin.py:190} INFO - [2026-07-06T17:19:14.466+0000] {dag.py:3239} INFO - Sync 1 DAGs
[2026-07-06T17:19:14.490+0000] {logging_mixin.py:190} INFO - [2026-07-06T17:19:14.490+0000] {dag.py:4180} INFO - Setting next_dagrun for 00_hello_world to None, run_after=None
[2026-07-06T17:19:14.517+0000] {processor.py:208} INFO - Processing /opt/airflow/dags/00_hello_world.py took 0.160 seconds
[2026-07-06T17:19:44.725+0000] {processor.py:186} INFO - Started process (PID=1522) to work on /opt/airflow/dags/00_hello_world.py
[2026-07-06T17:19:44.727+0000] {processor.py:914} INFO - Processing file /opt/airflow/dags/00_hello_world.py for tasks to queue
[2026-07-06T17:19:44.731+0000] {logging_mixin.py:190} INFO - [2026-07-06T17:19:44.730+0000] {dagbag.py:588} INFO - Filling up the DagBag from /opt/airflow/dags/00_hello_world.py
[2026-07-06T17:19:44.758+0000] {processor.py:925} INFO - DAG(s) '00_hello_world' retrieved from /opt/airflow/dags/00_hello_world.py
[2026-07-06T17:19:44.809+0000] {logging_mixin.py:190} INFO - [2026-07-06T17:19:44.808+0000] {dag.py:3239} INFO - Sync 1 DAGs
[2026-07-06T17:19:44.840+0000] {logging_mixin.py:190} INFO - [2026-07-06T17:19:44.840+0000] {dag.py:4180} INFO - Setting next_dagrun for 00_hello_world to None, run_after=None
[2026-07-06T17:19:44.875+0000] {processor.py:208} INFO - Processing /opt/airflow/dags/00_hello_world.py took 0.162 seconds
[2026-07-06T17:20:15.116+0000] {processor.py:186} INFO - Started process (PID=1532) to work on /opt/airflow/dags/00_hello_world.py
[2026-07-06T17:20:15.117+0000] {processor.py:914} INFO - Processing file /opt/airflow/dags/00_hello_world.py for tasks to queue
[2026-07-06T17:20:15.122+0000] {logging_mixin.py:190} INFO - [2026-07-06T17:20:15.122+0000] {dagbag.py:588} INFO - Filling up the DagBag from /opt/airflow/dags/00_hello_world.py
[2026-07-06T17:20:15.153+0000] {processor.py:925} INFO - DAG(s) '00_hello_world' retrieved from /opt/airflow/dags/00_hello_world.py
[2026-07-06T17:20:15.206+0000] {logging_mixin.py:190} INFO - [2026-07-06T17:20:15.206+0000] {dag.py:3239} INFO - Sync 1 DAGs
[2026-07-06T17:20:15.235+0000] {logging_mixin.py:190} INFO - [2026-07-06T17:20:15.235+0000] {dag.py:4180} INFO - Setting next_dagrun for 00_hello_world to None, run_after=None
[2026-07-06T17:20:15.263+0000] {processor.py:208} INFO - Processing /opt/airflow/dags/00_hello_world.py took 0.165 seconds
[2026-07-06T17:20:45.460+0000] {processor.py:186} INFO - Started process (PID=1542) to work on /opt/airflow/dags/00_hello_world.py
[2026-07-06T17:20:45.462+0000] {processor.py:914} INFO - Processing file /opt/airflow/dags/00_hello_world.py for tasks to queue
[2026-07-06T17:20:45.466+0000] {logging_mixin.py:190} INFO - [2026-07-06T17:20:45.466+0000] {dagbag.py:588} INFO - Filling up the DagBag from /opt/airflow/dags/00_hello_world.py
[2026-07-06T17:20:45.508+0000] {processor.py:925} INFO - DAG(s) '00_hello_world' retrieved from /opt/airflow/dags/00_hello_world.py
[2026-07-06T17:20:45.565+0000] {logging_mixin.py:190} INFO - [2026-07-06T17:20:45.565+0000] {dag.py:3239} INFO - Sync 1 DAGs
[2026-07-06T17:20:45.591+0000] {logging_mixin.py:190} INFO - [2026-07-06T17:20:45.591+0000] {dag.py:4180} INFO - Setting next_dagrun for 00_hello_world to None, run_after=None
[2026-07-06T17:20:45.620+0000] {processor.py:208} INFO - Processing /opt/airflow/dags/00_hello_world.py took 0.174 seconds
[2026-07-06T17:21:15.841+0000] {processor.py:186} INFO - Started process (PID=1552) to work on /opt/airflow/dags/00_hello_world.py
[2026-07-06T17:21:15.843+0000] {processor.py:914} INFO - Processing file /opt/airflow/dags/00_hello_world.py for tasks to queue
[2026-07-06T17:21:15.849+0000] {logging_mixin.py:190} INFO - [2026-07-06T17:21:15.848+0000] {dagbag.py:588} INFO - Filling up the DagBag from /opt/airflow/dags/00_hello_world.py
[2026-07-06T17:21:15.888+0000] {processor.py:925} INFO - DAG(s) '00_hello_world' retrieved from /opt/airflow/dags/00_hello_world.py
[2026-07-06T17:21:15.937+0000] {logging_mixin.py:190} INFO - [2026-07-06T17:21:15.936+0000] {dag.py:3239} INFO - Sync 1 DAGs
[2026-07-06T17:21:15.970+0000] {logging_mixin.py:190} INFO - [2026-07-06T17:21:15.969+0000] {dag.py:4180} INFO - Setting next_dagrun for 00_hello_world to None, run_after=None
[2026-07-06T17:21:16.000+0000] {processor.py:208} INFO - Processing /opt/airflow/dags/00_hello_world.py took 0.175 seconds
[2026-07-06T17:21:46.187+0000] {processor.py:186} INFO - Started process (PID=1562) to work on /opt/airflow/dags/00_hello_world.py
[2026-07-06T17:21:46.189+0000] {processor.py:914} INFO - Processing file /opt/airflow/dags/00_hello_world.py for tasks to queue
[2026-07-06T17:21:46.194+0000] {logging_mixin.py:190} INFO - [2026-07-06T17:21:46.193+0000] {dagbag.py:588} INFO - Filling up the DagBag from /opt/airflow/dags/00_hello_world.py
[2026-07-06T17:21:46.226+0000] {processor.py:925} INFO - DAG(s) '00_hello_world' retrieved from /opt/airflow/dags/00_hello_world.py
[2026-07-06T17:21:46.274+0000] {logging_mixin.py:190} INFO - [2026-07-06T17:21:46.274+0000] {dag.py:3239} INFO - Sync 1 DAGs
[2026-07-06T17:21:46.297+0000] {logging_mixin.py:190} INFO - [2026-07-06T17:21:46.297+0000] {dag.py:4180} INFO - Setting next_dagrun for 00_hello_world to None, run_after=None
[2026-07-06T17:21:46.325+0000] {processor.py:208} INFO - Processing /opt/airflow/dags/00_hello_world.py took 0.150 seconds
[2026-07-06T17:22:16.389+0000] {processor.py:186} INFO - Started process (PID=1572) to work on /opt/airflow/dags/00_hello_world.py
[2026-07-06T17:22:16.392+0000] {processor.py:914} INFO - Processing file /opt/airflow/dags/00_hello_world.py for tasks to queue
[2026-07-06T17:22:16.401+0000] {logging_mixin.py:190} INFO - [2026-07-06T17:22:16.401+0000] {dagbag.py:588} INFO - Filling up the DagBag from /opt/airflow/dags/00_hello_world.py
[2026-07-06T17:22:16.426+0000] {processor.py:925} INFO - DAG(s) '00_hello_world' retrieved from /opt/airflow/dags/00_hello_world.py
[2026-07-06T17:22:16.486+0000] {logging_mixin.py:190} INFO - [2026-07-06T17:22:16.485+0000] {dag.py:3239} INFO - Sync 1 DAGs
[2026-07-06T17:22:16.511+0000] {logging_mixin.py:190} INFO - [2026-07-06T17:22:16.511+0000] {dag.py:4180} INFO - Setting next_dagrun for 00_hello_world to None, run_after=None
[2026-07-06T17:22:16.544+0000] {processor.py:208} INFO - Processing /opt/airflow/dags/00_hello_world.py took 0.173 seconds
[2026-07-06T17:22:46.735+0000] {processor.py:186} INFO - Started process (PID=1582) to work on /opt/airflow/dags/00_hello_world.py
[2026-07-06T17:22:46.738+0000] {processor.py:914} INFO - Processing file /opt/airflow/dags/00_hello_world.py for tasks to queue
[2026-07-06T17:22:46.742+0000] {logging_mixin.py:190} INFO - [2026-07-06T17:22:46.742+0000] {dagbag.py:588} INFO - Filling up the DagBag from /opt/airflow/dags/00_hello_world.py
[2026-07-06T17:22:46.756+0000] {processor.py:925} INFO - DAG(s) '00_hello_world' retrieved from /opt/airflow/dags/00_hello_world.py
[2026-07-06T17:22:46.795+0000] {logging_mixin.py:190} INFO - [2026-07-06T17:22:46.795+0000] {dag.py:3239} INFO - Sync 1 DAGs
[2026-07-06T17:22:46.815+0000] {logging_mixin.py:190} INFO - [2026-07-06T17:22:46.815+0000] {dag.py:4180} INFO - Setting next_dagrun for 00_hello_world to None, run_after=None
[2026-07-06T17:22:46.839+0000] {processor.py:208} INFO - Processing /opt/airflow/dags/00_hello_world.py took 0.115 seconds
[2026-07-06T17:23:17.032+0000] {processor.py:186} INFO - Started process (PID=1592) to work on /opt/airflow/dags/00_hello_world.py
[2026-07-06T17:23:17.034+0000] {processor.py:914} INFO - Processing file /opt/airflow/dags/00_hello_world.py for tasks to queue
[2026-07-06T17:23:17.037+0000] {logging_mixin.py:190} INFO - [2026-07-06T17:23:17.036+0000] {dagbag.py:588} INFO - Filling up the DagBag from /opt/airflow/dags/00_hello_world.py
[2026-07-06T17:23:17.052+0000] {processor.py:925} INFO - DAG(s) '00_hello_world' retrieved from /opt/airflow/dags/00_hello_world.py
[2026-07-06T17:23:17.096+0000] {logging_mixin.py:190} INFO - [2026-07-06T17:23:17.096+0000] {dag.py:3239} INFO - Sync 1 DAGs
[2026-07-06T17:23:17.114+0000] {logging_mixin.py:190} INFO - [2026-07-06T17:23:17.114+0000] {dag.py:4180} INFO - Setting next_dagrun for 00_hello_world to None, run_after=None
[2026-07-06T17:23:17.135+0000] {processor.py:208} INFO - Processing /opt/airflow/dags/00_hello_world.py took 0.115 seconds
[2026-07-06T17:23:47.344+0000] {processor.py:186} INFO - Started process (PID=1602) to work on /opt/airflow/dags/00_hello_world.py
[2026-07-06T17:23:47.346+0000] {processor.py:914} INFO - Processing file /opt/airflow/dags/00_hello_world.py for tasks to queue
[2026-07-06T17:23:47.350+0000] {logging_mixin.py:190} INFO - [2026-07-06T17:23:47.349+0000] {dagbag.py:588} INFO - Filling up the DagBag from /opt/airflow/dags/00_hello_world.py
[2026-07-06T17:23:47.365+0000] {processor.py:925} INFO - DAG(s) '00_hello_world' retrieved from /opt/airflow/dags/00_hello_world.py
[2026-07-06T17:23:47.404+0000] {logging_mixin.py:190} INFO - [2026-07-06T17:23:47.404+0000] {dag.py:3239} INFO - Sync 1 DAGs
[2026-07-06T17:23:47.428+0000] {logging_mixin.py:190} INFO - [2026-07-06T17:23:47.428+0000] {dag.py:4180} INFO - Setting next_dagrun for 00_hello_world to None, run_after=None
[2026-07-06T17:23:47.456+0000] {processor.py:208} INFO - Processing /opt/airflow/dags/00_hello_world.py took 0.133 seconds
[2026-07-06T17:24:17.524+0000] {processor.py:186} INFO - Started process (PID=1612) to work on /opt/airflow/dags/00_hello_world.py
[2026-07-06T17:24:17.526+0000] {processor.py:914} INFO - Processing file /opt/airflow/dags/00_hello_world.py for tasks to queue
[2026-07-06T17:24:17.530+0000] {logging_mixin.py:190} INFO - [2026-07-06T17:24:17.530+0000] {dagbag.py:588} INFO - Filling up the DagBag from /opt/airflow/dags/00_hello_world.py
[2026-07-06T17:24:17.548+0000] {processor.py:925} INFO - DAG(s) '00_hello_world' retrieved from /opt/airflow/dags/00_hello_world.py
[2026-07-06T17:24:17.594+0000] {logging_mixin.py:190} INFO - [2026-07-06T17:24:17.594+0000] {dag.py:3239} INFO - Sync 1 DAGs
[2026-07-06T17:24:17.621+0000] {logging_mixin.py:190} INFO - [2026-07-06T17:24:17.621+0000] {dag.py:4180} INFO - Setting next_dagrun for 00_hello_world to None, run_after=None
[2026-07-06T17:24:17.647+0000] {processor.py:208} INFO - Processing /opt/airflow/dags/00_hello_world.py took 0.133 seconds
[2026-07-06T17:24:47.845+0000] {processor.py:186} INFO - Started process (PID=1622) to work on /opt/airflow/dags/00_hello_world.py
[2026-07-06T17:24:47.846+0000] {processor.py:914} INFO - Processing file /opt/airflow/dags/00_hello_world.py for tasks to queue
[2026-07-06T17:24:47.850+0000] {logging_mixin.py:190} INFO - [2026-07-06T17:24:47.849+0000] {dagbag.py:588} INFO - Filling up the DagBag from /opt/airflow/dags/00_hello_world.py
[2026-07-06T17:24:47.864+0000] {processor.py:925} INFO - DAG(s) '00_hello_world' retrieved from /opt/airflow/dags/00_hello_world.py
[2026-07-06T17:24:47.907+0000] {logging_mixin.py:190} INFO - [2026-07-06T17:24:47.907+0000] {dag.py:3239} INFO - Sync 1 DAGs
[2026-07-06T17:24:47.932+0000] {logging_mixin.py:190} INFO - [2026-07-06T17:24:47.931+0000] {dag.py:4180} INFO - Setting next_dagrun for 00_hello_world to None, run_after=None
[2026-07-06T17:24:47.962+0000] {processor.py:208} INFO - Processing /opt/airflow/dags/00_hello_world.py took 0.128 seconds
[2026-07-06T17:25:18.160+0000] {processor.py:186} INFO - Started process (PID=1632) to work on /opt/airflow/dags/00_hello_world.py
[2026-07-06T17:25:18.161+0000] {processor.py:914} INFO - Processing file /opt/airflow/dags/00_hello_world.py for tasks to queue
[2026-07-06T17:25:18.166+0000] {logging_mixin.py:190} INFO - [2026-07-06T17:25:18.165+0000] {dagbag.py:588} INFO - Filling up the DagBag from /opt/airflow/dags/00_hello_world.py
[2026-07-06T17:25:18.184+0000] {processor.py:925} INFO - DAG(s) '00_hello_world' retrieved from /opt/airflow/dags/00_hello_world.py
[2026-07-06T17:25:18.226+0000] {logging_mixin.py:190} INFO - [2026-07-06T17:25:18.225+0000] {dag.py:3239} INFO - Sync 1 DAGs
[2026-07-06T17:25:18.248+0000] {logging_mixin.py:190} INFO - [2026-07-06T17:25:18.247+0000] {dag.py:4180} INFO - Setting next_dagrun for 00_hello_world to None, run_after=None
[2026-07-06T17:25:18.273+0000] {processor.py:208} INFO - Processing /opt/airflow/dags/00_hello_world.py took 0.126 seconds
[2026-07-06T18:09:25.547+0000] {processor.py:186} INFO - Started process (PID=1642) to work on /opt/airflow/dags/00_hello_world.py
[2026-07-06T18:09:25.626+0000] {processor.py:914} INFO - Processing file /opt/airflow/dags/00_hello_world.py for tasks to queue
[2026-07-06T18:09:25.632+0000] {logging_mixin.py:190} INFO - [2026-07-06T18:09:25.632+0000] {dagbag.py:588} INFO - Filling up the DagBag from /opt/airflow/dags/00_hello_world.py
[2026-07-06T18:09:25.707+0000] {processor.py:925} INFO - DAG(s) '00_hello_world' retrieved from /opt/airflow/dags/00_hello_world.py
[2026-07-06T18:09:26.307+0000] {logging_mixin.py:190} INFO - [2026-07-06T18:09:26.307+0000] {dag.py:3239} INFO - Sync 1 DAGs
[2026-07-06T18:09:26.397+0000] {logging_mixin.py:190} INFO - [2026-07-06T18:09:26.397+0000] {dag.py:4180} INFO - Setting next_dagrun for 00_hello_world to None, run_after=None
[2026-07-06T18:09:26.490+0000] {processor.py:208} INFO - Processing /opt/airflow/dags/00_hello_world.py took 1.038 seconds
[2026-07-06T18:09:56.862+0000] {processor.py:186} INFO - Started process (PID=1652) to work on /opt/airflow/dags/00_hello_world.py
[2026-07-06T18:09:56.865+0000] {processor.py:914} INFO - Processing file /opt/airflow/dags/00_hello_world.py for tasks to queue
[2026-07-06T18:09:56.872+0000] {logging_mixin.py:190} INFO - [2026-07-06T18:09:56.871+0000] {dagbag.py:588} INFO - Filling up the DagBag from /opt/airflow/dags/00_hello_world.py
[2026-07-06T18:09:56.908+0000] {processor.py:925} INFO - DAG(s) '00_hello_world' retrieved from /opt/airflow/dags/00_hello_world.py
[2026-07-06T18:09:56.971+0000] {logging_mixin.py:190} INFO - [2026-07-06T18:09:56.971+0000] {dag.py:3239} INFO - Sync 1 DAGs
[2026-07-06T18:09:57.009+0000] {logging_mixin.py:190} INFO - [2026-07-06T18:09:57.009+0000] {dag.py:4180} INFO - Setting next_dagrun for 00_hello_world to None, run_after=None
[2026-07-06T18:09:57.051+0000] {processor.py:208} INFO - Processing /opt/airflow/dags/00_hello_world.py took 0.215 seconds
[2026-07-06T18:10:27.265+0000] {processor.py:186} INFO - Started process (PID=1662) to work on /opt/airflow/dags/00_hello_world.py
[2026-07-06T18:10:27.267+0000] {processor.py:914} INFO - Processing file /opt/airflow/dags/00_hello_world.py for tasks to queue
[2026-07-06T18:10:27.272+0000] {logging_mixin.py:190} INFO - [2026-07-06T18:10:27.271+0000] {dagbag.py:588} INFO - Filling up the DagBag from /opt/airflow/dags/00_hello_world.py
[2026-07-06T18:10:27.283+0000] {processor.py:925} INFO - DAG(s) '00_hello_world' retrieved from /opt/airflow/dags/00_hello_world.py
[2026-07-06T18:10:27.320+0000] {logging_mixin.py:190} INFO - [2026-07-06T18:10:27.320+0000] {dag.py:3239} INFO - Sync 1 DAGs
[2026-07-06T18:10:27.338+0000] {logging_mixin.py:190} INFO - [2026-07-06T18:10:27.338+0000] {dag.py:4180} INFO - Setting next_dagrun for 00_hello_world to None, run_after=None
[2026-07-06T18:10:27.359+0000] {processor.py:208} INFO - Processing /opt/airflow/dags/00_hello_world.py took 0.104 seconds
[2026-07-06T18:10:57.578+0000] {processor.py:186} INFO - Started process (PID=1672) to work on /opt/airflow/dags/00_hello_world.py
[2026-07-06T18:10:57.583+0000] {processor.py:914} INFO - Processing file /opt/airflow/dags/00_hello_world.py for tasks to queue
[2026-07-06T18:10:57.596+0000] {logging_mixin.py:190} INFO - [2026-07-06T18:10:57.595+0000] {dagbag.py:588} INFO - Filling up the DagBag from /opt/airflow/dags/00_hello_world.py
[2026-07-06T18:10:57.633+0000] {processor.py:925} INFO - DAG(s) '00_hello_world' retrieved from /opt/airflow/dags/00_hello_world.py
[2026-07-06T18:10:57.690+0000] {logging_mixin.py:190} INFO - [2026-07-06T18:10:57.690+0000] {dag.py:3239} INFO - Sync 1 DAGs
[2026-07-06T18:10:57.713+0000] {logging_mixin.py:190} INFO - [2026-07-06T18:10:57.713+0000] {dag.py:4180} INFO - Setting next_dagrun for 00_hello_world to None, run_after=None
[2026-07-06T18:10:57.739+0000] {processor.py:208} INFO - Processing /opt/airflow/dags/00_hello_world.py took 0.212 seconds
[2026-07-06T18:11:28.153+0000] {processor.py:186} INFO - Started process (PID=1682) to work on /opt/airflow/dags/00_hello_world.py
[2026-07-06T18:11:28.154+0000] {processor.py:914} INFO - Processing file /opt/airflow/dags/00_hello_world.py for tasks to queue
[2026-07-06T18:11:28.158+0000] {logging_mixin.py:190} INFO - [2026-07-06T18:11:28.158+0000] {dagbag.py:588} INFO - Filling up the DagBag from /opt/airflow/dags/00_hello_world.py
[2026-07-06T18:11:28.175+0000] {processor.py:925} INFO - DAG(s) '00_hello_world' retrieved from /opt/airflow/dags/00_hello_world.py
[2026-07-06T18:11:28.218+0000] {logging_mixin.py:190} INFO - [2026-07-06T18:11:28.218+0000] {dag.py:3239} INFO - Sync 1 DAGs
[2026-07-06T18:11:28.240+0000] {logging_mixin.py:190} INFO - [2026-07-06T18:11:28.239+0000] {dag.py:4180} INFO - Setting next_dagrun for 00_hello_world to None, run_after=None
[2026-07-06T18:11:28.265+0000] {processor.py:208} INFO - Processing /opt/airflow/dags/00_hello_world.py took 0.126 seconds
[2026-07-06T18:11:58.558+0000] {processor.py:186} INFO - Started process (PID=1692) to work on /opt/airflow/dags/00_hello_world.py
[2026-07-06T18:11:58.564+0000] {processor.py:914} INFO - Processing file /opt/airflow/dags/00_hello_world.py for tasks to queue
[2026-07-06T18:11:58.578+0000] {logging_mixin.py:190} INFO - [2026-07-06T18:11:58.577+0000] {dagbag.py:588} INFO - Filling up the DagBag from /opt/airflow/dags/00_hello_world.py
[2026-07-06T18:11:58.632+0000] {processor.py:925} INFO - DAG(s) '00_hello_world' retrieved from /opt/airflow/dags/00_hello_world.py
[2026-07-06T18:11:58.776+0000] {logging_mixin.py:190} INFO - [2026-07-06T18:11:58.775+0000] {dag.py:3239} INFO - Sync 1 DAGs
[2026-07-06T18:11:58.808+0000] {logging_mixin.py:190} INFO - [2026-07-06T18:11:58.808+0000] {dag.py:4180} INFO - Setting next_dagrun for 00_hello_world to None, run_after=None
[2026-07-06T18:12:02.755+0000] {processor.py:208} INFO - Processing /opt/airflow/dags/00_hello_world.py took 4.235 seconds
[2026-07-06T18:12:33.035+0000] {processor.py:186} INFO - Started process (PID=1702) to work on /opt/airflow/dags/00_hello_world.py
[2026-07-06T18:12:33.037+0000] {processor.py:914} INFO - Processing file /opt/airflow/dags/00_hello_world.py for tasks to queue
[2026-07-06T18:12:33.041+0000] {logging_mixin.py:190} INFO - [2026-07-06T18:12:33.041+0000] {dagbag.py:588} INFO - Filling up the DagBag from /opt/airflow/dags/00_hello_world.py
[2026-07-06T18:12:33.055+0000] {processor.py:925} INFO - DAG(s) '00_hello_world' retrieved from /opt/airflow/dags/00_hello_world.py
[2026-07-06T18:12:33.097+0000] {logging_mixin.py:190} INFO - [2026-07-06T18:12:33.097+0000] {dag.py:3239} INFO - Sync 1 DAGs
[2026-07-06T18:12:33.114+0000] {logging_mixin.py:190} INFO - [2026-07-06T18:12:33.114+0000] {dag.py:4180} INFO - Setting next_dagrun for 00_hello_world to None, run_after=None
[2026-07-06T18:12:33.134+0000] {processor.py:208} INFO - Processing /opt/airflow/dags/00_hello_world.py took 0.116 seconds
[2026-07-06T18:13:03.570+0000] {processor.py:186} INFO - Started process (PID=1712) to work on /opt/airflow/dags/00_hello_world.py
[2026-07-06T18:13:03.572+0000] {processor.py:914} INFO - Processing file /opt/airflow/dags/00_hello_world.py for tasks to queue
[2026-07-06T18:13:03.580+0000] {logging_mixin.py:190} INFO - [2026-07-06T18:13:03.580+0000] {dagbag.py:588} INFO - Filling up the DagBag from /opt/airflow/dags/00_hello_world.py
[2026-07-06T18:13:03.601+0000] {processor.py:925} INFO - DAG(s) '00_hello_world' retrieved from /opt/airflow/dags/00_hello_world.py
[2026-07-06T18:13:03.642+0000] {logging_mixin.py:190} INFO - [2026-07-06T18:13:03.641+0000] {dag.py:3239} INFO - Sync 1 DAGs
[2026-07-06T18:13:03.664+0000] {logging_mixin.py:190} INFO - [2026-07-06T18:13:03.664+0000] {dag.py:4180} INFO - Setting next_dagrun for 00_hello_world to None, run_after=None
[2026-07-06T18:13:03.688+0000] {processor.py:208} INFO - Processing /opt/airflow/dags/00_hello_world.py took 0.164 seconds
[2026-07-06T18:13:33.977+0000] {processor.py:186} INFO - Started process (PID=1722) to work on /opt/airflow/dags/00_hello_world.py
[2026-07-06T18:13:33.980+0000] {processor.py:914} INFO - Processing file /opt/airflow/dags/00_hello_world.py for tasks to queue
[2026-07-06T18:13:33.987+0000] {logging_mixin.py:190} INFO - [2026-07-06T18:13:33.986+0000] {dagbag.py:588} INFO - Filling up the DagBag from /opt/airflow/dags/00_hello_world.py
[2026-07-06T18:13:34.007+0000] {processor.py:925} INFO - DAG(s) '00_hello_world' retrieved from /opt/airflow/dags/00_hello_world.py
[2026-07-06T18:13:34.062+0000] {logging_mixin.py:190} INFO - [2026-07-06T18:13:34.062+0000] {dag.py:3239} INFO - Sync 1 DAGs
[2026-07-06T18:13:34.083+0000] {logging_mixin.py:190} INFO - [2026-07-06T18:13:34.083+0000] {dag.py:4180} INFO - Setting next_dagrun for 00_hello_world to None, run_after=None
[2026-07-06T18:13:34.118+0000] {processor.py:208} INFO - Processing /opt/airflow/dags/00_hello_world.py took 0.170 seconds
[2026-07-06T18:14:04.459+0000] {processor.py:186} INFO - Started process (PID=1732) to work on /opt/airflow/dags/00_hello_world.py
[2026-07-06T18:14:04.461+0000] {processor.py:914} INFO - Processing file /opt/airflow/dags/00_hello_world.py for tasks to queue
[2026-07-06T18:14:04.466+0000] {logging_mixin.py:190} INFO - [2026-07-06T18:14:04.465+0000] {dagbag.py:588} INFO - Filling up the DagBag from /opt/airflow/dags/00_hello_world.py
[2026-07-06T18:14:04.482+0000] {processor.py:925} INFO - DAG(s) '00_hello_world' retrieved from /opt/airflow/dags/00_hello_world.py
[2026-07-06T18:14:04.530+0000] {logging_mixin.py:190} INFO - [2026-07-06T18:14:04.529+0000] {dag.py:3239} INFO - Sync 1 DAGs
[2026-07-06T18:14:04.550+0000] {logging_mixin.py:190} INFO - [2026-07-06T18:14:04.550+0000] {dag.py:4180} INFO - Setting next_dagrun for 00_hello_world to None, run_after=None
[2026-07-06T18:14:04.573+0000] {processor.py:208} INFO - Processing /opt/airflow/dags/00_hello_world.py took 0.138 seconds
[2026-07-06T18:14:34.975+0000] {processor.py:186} INFO - Started process (PID=1742) to work on /opt/airflow/dags/00_hello_world.py
[2026-07-06T18:14:34.978+0000] {processor.py:914} INFO - Processing file /opt/airflow/dags/00_hello_world.py for tasks to queue
[2026-07-06T18:14:34.982+0000] {logging_mixin.py:190} INFO - [2026-07-06T18:14:34.981+0000] {dagbag.py:588} INFO - Filling up the DagBag from /opt/airflow/dags/00_hello_world.py
[2026-07-06T18:14:34.994+0000] {processor.py:925} INFO - DAG(s) '00_hello_world' retrieved from /opt/airflow/dags/00_hello_world.py
[2026-07-06T18:14:35.029+0000] {logging_mixin.py:190} INFO - [2026-07-06T18:14:35.029+0000] {dag.py:3239} INFO - Sync 1 DAGs
[2026-07-06T18:14:35.046+0000] {logging_mixin.py:190} INFO - [2026-07-06T18:14:35.046+0000] {dag.py:4180} INFO - Setting next_dagrun for 00_hello_world to None, run_after=None
[2026-07-06T18:14:35.068+0000] {processor.py:208} INFO - Processing /opt/airflow/dags/00_hello_world.py took 0.102 seconds
[2026-07-06T18:15:05.275+0000] {processor.py:186} INFO - Started process (PID=1752) to work on /opt/airflow/dags/00_hello_world.py
[2026-07-06T18:15:05.277+0000] {processor.py:914} INFO - Processing file /opt/airflow/dags/00_hello_world.py for tasks to queue
[2026-07-06T18:15:05.283+0000] {logging_mixin.py:190} INFO - [2026-07-06T18:15:05.282+0000] {dagbag.py:588} INFO - Filling up the DagBag from /opt/airflow/dags/00_hello_world.py
[2026-07-06T18:15:05.306+0000] {processor.py:925} INFO - DAG(s) '00_hello_world' retrieved from /opt/airflow/dags/00_hello_world.py
[2026-07-06T18:15:05.371+0000] {logging_mixin.py:190} INFO - [2026-07-06T18:15:05.371+0000] {dag.py:3239} INFO - Sync 1 DAGs
[2026-07-06T18:15:05.397+0000] {logging_mixin.py:190} INFO - [2026-07-06T18:15:05.396+0000] {dag.py:4180} INFO - Setting next_dagrun for 00_hello_world to None, run_after=None
[2026-07-06T18:15:05.424+0000] {processor.py:208} INFO - Processing /opt/airflow/dags/00_hello_world.py took 0.164 seconds
[2026-07-06T18:15:35.988+0000] {processor.py:186} INFO - Started process (PID=1762) to work on /opt/airflow/dags/00_hello_world.py
[2026-07-06T18:15:35.995+0000] {processor.py:914} INFO - Processing file /opt/airflow/dags/00_hello_world.py for tasks to queue
[2026-07-06T18:15:36.055+0000] {logging_mixin.py:190} INFO - [2026-07-06T18:15:36.049+0000] {dagbag.py:588} INFO - Filling up the DagBag from /opt/airflow/dags/00_hello_world.py
[2026-07-06T18:15:36.173+0000] {processor.py:925} INFO - DAG(s) '00_hello_world' retrieved from /opt/airflow/dags/00_hello_world.py
[2026-07-06T18:15:36.308+0000] {logging_mixin.py:190} INFO - [2026-07-06T18:15:36.308+0000] {dag.py:3239} INFO - Sync 1 DAGs
[2026-07-06T18:15:36.411+0000] {logging_mixin.py:190} INFO - [2026-07-06T18:15:36.410+0000] {dag.py:4180} INFO - Setting next_dagrun for 00_hello_world to None, run_after=None
[2026-07-06T18:15:36.495+0000] {processor.py:208} INFO - Processing /opt/airflow/dags/00_hello_world.py took 0.695 seconds
[2026-07-06T18:16:07.007+0000] {processor.py:186} INFO - Started process (PID=1772) to work on /opt/airflow/dags/00_hello_world.py
[2026-07-06T18:16:07.012+0000] {processor.py:914} INFO - Processing file /opt/airflow/dags/00_hello_world.py for tasks to queue
[2026-07-06T18:16:07.033+0000] {logging_mixin.py:190} INFO - [2026-07-06T18:16:07.031+0000] {dagbag.py:588} INFO - Filling up the DagBag from /opt/airflow/dags/00_hello_world.py
[2026-07-06T18:16:07.080+0000] {processor.py:925} INFO - DAG(s) '00_hello_world' retrieved from /opt/airflow/dags/00_hello_world.py
[2026-07-06T18:16:07.132+0000] {logging_mixin.py:190} INFO - [2026-07-06T18:16:07.132+0000] {dag.py:3239} INFO - Sync 1 DAGs
[2026-07-06T18:16:07.153+0000] {logging_mixin.py:190} INFO - [2026-07-06T18:16:07.153+0000] {dag.py:4180} INFO - Setting next_dagrun for 00_hello_world to None, run_after=None
[2026-07-06T18:16:07.175+0000] {processor.py:208} INFO - Processing /opt/airflow/dags/00_hello_world.py took 0.218 seconds
[2026-07-06T18:16:37.621+0000] {processor.py:186} INFO - Started process (PID=1782) to work on /opt/airflow/dags/00_hello_world.py
[2026-07-06T18:16:37.626+0000] {processor.py:914} INFO - Processing file /opt/airflow/dags/00_hello_world.py for tasks to queue
[2026-07-06T18:16:37.648+0000] {logging_mixin.py:190} INFO - [2026-07-06T18:16:37.646+0000] {dagbag.py:588} INFO - Filling up the DagBag from /opt/airflow/dags/00_hello_world.py
[2026-07-06T18:16:37.688+0000] {processor.py:925} INFO - DAG(s) '00_hello_world' retrieved from /opt/airflow/dags/00_hello_world.py
[2026-07-06T18:16:37.754+0000] {logging_mixin.py:190} INFO - [2026-07-06T18:16:37.754+0000] {dag.py:3239} INFO - Sync 1 DAGs
[2026-07-06T18:16:37.774+0000] {logging_mixin.py:190} INFO - [2026-07-06T18:16:37.774+0000] {dag.py:4180} INFO - Setting next_dagrun for 00_hello_world to None, run_after=None
[2026-07-06T18:16:37.795+0000] {processor.py:208} INFO - Processing /opt/airflow/dags/00_hello_world.py took 0.214 seconds
[2026-07-06T18:17:08.127+0000] {processor.py:186} INFO - Started process (PID=1792) to work on /opt/airflow/dags/00_hello_world.py
[2026-07-06T18:17:08.130+0000] {processor.py:914} INFO - Processing file /opt/airflow/dags/00_hello_world.py for tasks to queue
[2026-07-06T18:17:08.135+0000] {logging_mixin.py:190} INFO - [2026-07-06T18:17:08.135+0000] {dagbag.py:588} INFO - Filling up the DagBag from /opt/airflow/dags/00_hello_world.py
[2026-07-06T18:17:08.152+0000] {processor.py:925} INFO - DAG(s) '00_hello_world' retrieved from /opt/airflow/dags/00_hello_world.py
[2026-07-06T18:17:08.188+0000] {logging_mixin.py:190} INFO - [2026-07-06T18:17:08.188+0000] {dag.py:3239} INFO - Sync 1 DAGs
[2026-07-06T18:17:08.208+0000] {logging_mixin.py:190} INFO - [2026-07-06T18:17:08.207+0000] {dag.py:4180} INFO - Setting next_dagrun for 00_hello_world to None, run_after=None
[2026-07-06T18:17:08.229+0000] {processor.py:208} INFO - Processing /opt/airflow/dags/00_hello_world.py took 0.122 seconds
[2026-07-06T18:17:38.562+0000] {processor.py:186} INFO - Started process (PID=1802) to work on /opt/airflow/dags/00_hello_world.py
[2026-07-06T18:17:38.566+0000] {processor.py:914} INFO - Processing file /opt/airflow/dags/00_hello_world.py for tasks to queue
[2026-07-06T18:17:38.578+0000] {logging_mixin.py:190} INFO - [2026-07-06T18:17:38.576+0000] {dagbag.py:588} INFO - Filling up the DagBag from /opt/airflow/dags/00_hello_world.py
[2026-07-06T18:17:38.610+0000] {processor.py:925} INFO - DAG(s) '00_hello_world' retrieved from /opt/airflow/dags/00_hello_world.py
[2026-07-06T18:17:38.698+0000] {logging_mixin.py:190} INFO - [2026-07-06T18:17:38.697+0000] {dag.py:3239} INFO - Sync 1 DAGs
[2026-07-06T18:17:38.732+0000] {logging_mixin.py:190} INFO - [2026-07-06T18:17:38.732+0000] {dag.py:4180} INFO - Setting next_dagrun for 00_hello_world to None, run_after=None
[2026-07-06T18:17:39.196+0000] {processor.py:208} INFO - Processing /opt/airflow/dags/00_hello_world.py took 0.675 seconds
[2026-07-06T18:18:09.675+0000] {processor.py:186} INFO - Started process (PID=1812) to work on /opt/airflow/dags/00_hello_world.py
[2026-07-06T18:18:09.680+0000] {processor.py:914} INFO - Processing file /opt/airflow/dags/00_hello_world.py for tasks to queue
[2026-07-06T18:18:09.692+0000] {logging_mixin.py:190} INFO - [2026-07-06T18:18:09.691+0000] {dagbag.py:588} INFO - Filling up the DagBag from /opt/airflow/dags/00_hello_world.py
[2026-07-06T18:18:09.742+0000] {processor.py:925} INFO - DAG(s) '00_hello_world' retrieved from /opt/airflow/dags/00_hello_world.py
[2026-07-06T18:18:09.838+0000] {logging_mixin.py:190} INFO - [2026-07-06T18:18:09.838+0000] {dag.py:3239} INFO - Sync 1 DAGs
[2026-07-06T18:18:09.875+0000] {logging_mixin.py:190} INFO - [2026-07-06T18:18:09.874+0000] {dag.py:4180} INFO - Setting next_dagrun for 00_hello_world to None, run_after=None
[2026-07-06T18:18:09.919+0000] {processor.py:208} INFO - Processing /opt/airflow/dags/00_hello_world.py took 0.287 seconds
[2026-07-06T18:18:40.444+0000] {processor.py:186} INFO - Started process (PID=1822) to work on /opt/airflow/dags/00_hello_world.py
[2026-07-06T18:18:40.448+0000] {processor.py:914} INFO - Processing file /opt/airflow/dags/00_hello_world.py for tasks to queue
[2026-07-06T18:18:40.460+0000] {logging_mixin.py:190} INFO - [2026-07-06T18:18:40.458+0000] {dagbag.py:588} INFO - Filling up the DagBag from /opt/airflow/dags/00_hello_world.py
[2026-07-06T18:18:40.516+0000] {processor.py:925} INFO - DAG(s) '00_hello_world' retrieved from /opt/airflow/dags/00_hello_world.py
[2026-07-06T18:18:40.599+0000] {logging_mixin.py:190} INFO - [2026-07-06T18:18:40.599+0000] {dag.py:3239} INFO - Sync 1 DAGs
[2026-07-06T18:18:40.636+0000] {logging_mixin.py:190} INFO - [2026-07-06T18:18:40.635+0000] {dag.py:4180} INFO - Setting next_dagrun for 00_hello_world to None, run_after=None
[2026-07-06T18:18:40.677+0000] {processor.py:208} INFO - Processing /opt/airflow/dags/00_hello_world.py took 0.277 seconds
[2026-07-06T18:19:11.095+0000] {processor.py:186} INFO - Started process (PID=1832) to work on /opt/airflow/dags/00_hello_world.py
[2026-07-06T18:19:11.102+0000] {processor.py:914} INFO - Processing file /opt/airflow/dags/00_hello_world.py for tasks to queue
[2026-07-06T18:19:11.114+0000] {logging_mixin.py:190} INFO - [2026-07-06T18:19:11.113+0000] {dagbag.py:588} INFO - Filling up the DagBag from /opt/airflow/dags/00_hello_world.py
[2026-07-06T18:19:11.171+0000] {processor.py:925} INFO - DAG(s) '00_hello_world' retrieved from /opt/airflow/dags/00_hello_world.py
[2026-07-06T18:19:11.434+0000] {logging_mixin.py:190} INFO - [2026-07-06T18:19:11.434+0000] {dag.py:3239} INFO - Sync 1 DAGs
[2026-07-06T18:19:11.536+0000] {logging_mixin.py:190} INFO - [2026-07-06T18:19:11.536+0000] {dag.py:4180} INFO - Setting next_dagrun for 00_hello_world to None, run_after=None
[2026-07-06T18:19:11.566+0000] {processor.py:208} INFO - Processing /opt/airflow/dags/00_hello_world.py took 0.512 seconds
[2026-07-06T18:19:41.974+0000] {processor.py:186} INFO - Started process (PID=1842) to work on /opt/airflow/dags/00_hello_world.py
[2026-07-06T18:19:41.978+0000] {processor.py:914} INFO - Processing file /opt/airflow/dags/00_hello_world.py for tasks to queue
[2026-07-06T18:19:41.989+0000] {logging_mixin.py:190} INFO - [2026-07-06T18:19:41.988+0000] {dagbag.py:588} INFO - Filling up the DagBag from /opt/airflow/dags/00_hello_world.py
[2026-07-06T18:19:42.018+0000] {processor.py:925} INFO - DAG(s) '00_hello_world' retrieved from /opt/airflow/dags/00_hello_world.py
[2026-07-06T18:19:42.072+0000] {logging_mixin.py:190} INFO - [2026-07-06T18:19:42.072+0000] {dag.py:3239} INFO - Sync 1 DAGs
[2026-07-06T18:19:42.092+0000] {logging_mixin.py:190} INFO - [2026-07-06T18:19:42.092+0000] {dag.py:4180} INFO - Setting next_dagrun for 00_hello_world to None, run_after=None
[2026-07-06T18:19:42.114+0000] {processor.py:208} INFO - Processing /opt/airflow/dags/00_hello_world.py took 0.182 seconds
[2026-07-06T18:20:12.625+0000] {processor.py:186} INFO - Started process (PID=1852) to work on /opt/airflow/dags/00_hello_world.py
[2026-07-06T18:20:12.628+0000] {processor.py:914} INFO - Processing file /opt/airflow/dags/00_hello_world.py for tasks to queue
[2026-07-06T18:20:12.637+0000] {logging_mixin.py:190} INFO - [2026-07-06T18:20:12.635+0000] {dagbag.py:588} INFO - Filling up the DagBag from /opt/airflow/dags/00_hello_world.py
[2026-07-06T18:20:12.666+0000] {processor.py:925} INFO - DAG(s) '00_hello_world' retrieved from /opt/airflow/dags/00_hello_world.py
[2026-07-06T18:20:12.728+0000] {logging_mixin.py:190} INFO - [2026-07-06T18:20:12.728+0000] {dag.py:3239} INFO - Sync 1 DAGs
[2026-07-06T18:20:12.775+0000] {logging_mixin.py:190} INFO - [2026-07-06T18:20:12.775+0000] {dag.py:4180} INFO - Setting next_dagrun for 00_hello_world to None, run_after=None
[2026-07-06T18:20:12.866+0000] {processor.py:208} INFO - Processing /opt/airflow/dags/00_hello_world.py took 0.328 seconds
[2026-07-06T18:20:43.012+0000] {processor.py:186} INFO - Started process (PID=1862) to work on /opt/airflow/dags/00_hello_world.py
[2026-07-06T18:20:43.015+0000] {processor.py:914} INFO - Processing file /opt/airflow/dags/00_hello_world.py for tasks to queue
[2026-07-06T18:20:43.022+0000] {logging_mixin.py:190} INFO - [2026-07-06T18:20:43.022+0000] {dagbag.py:588} INFO - Filling up the DagBag from /opt/airflow/dags/00_hello_world.py
[2026-07-06T18:20:43.045+0000] {processor.py:925} INFO - DAG(s) '00_hello_world' retrieved from /opt/airflow/dags/00_hello_world.py
[2026-07-06T18:20:43.106+0000] {logging_mixin.py:190} INFO - [2026-07-06T18:20:43.105+0000] {dag.py:3239} INFO - Sync 1 DAGs
[2026-07-06T18:20:43.129+0000] {logging_mixin.py:190} INFO - [2026-07-06T18:20:43.129+0000] {dag.py:4180} INFO - Setting next_dagrun for 00_hello_world to None, run_after=None
[2026-07-06T18:20:43.155+0000] {processor.py:208} INFO - Processing /opt/airflow/dags/00_hello_world.py took 0.163 seconds
[2026-07-06T18:21:13.641+0000] {processor.py:186} INFO - Started process (PID=1872) to work on /opt/airflow/dags/00_hello_world.py
[2026-07-06T18:21:13.645+0000] {processor.py:914} INFO - Processing file /opt/airflow/dags/00_hello_world.py for tasks to queue
[2026-07-06T18:21:13.659+0000] {logging_mixin.py:190} INFO - [2026-07-06T18:21:13.659+0000] {dagbag.py:588} INFO - Filling up the DagBag from /opt/airflow/dags/00_hello_world.py
[2026-07-06T18:21:13.689+0000] {processor.py:925} INFO - DAG(s) '00_hello_world' retrieved from /opt/airflow/dags/00_hello_world.py
[2026-07-06T18:21:13.744+0000] {logging_mixin.py:190} INFO - [2026-07-06T18:21:13.743+0000] {dag.py:3239} INFO - Sync 1 DAGs
[2026-07-06T18:21:13.762+0000] {logging_mixin.py:190} INFO - [2026-07-06T18:21:13.762+0000] {dag.py:4180} INFO - Setting next_dagrun for 00_hello_world to None, run_after=None
[2026-07-06T18:21:13.787+0000] {processor.py:208} INFO - Processing /opt/airflow/dags/00_hello_world.py took 0.224 seconds
[2026-07-06T18:21:44.099+0000] {processor.py:186} INFO - Started process (PID=1882) to work on /opt/airflow/dags/00_hello_world.py
[2026-07-06T18:21:44.102+0000] {processor.py:914} INFO - Processing file /opt/airflow/dags/00_hello_world.py for tasks to queue
[2026-07-06T18:21:44.111+0000] {logging_mixin.py:190} INFO - [2026-07-06T18:21:44.109+0000] {dagbag.py:588} INFO - Filling up the DagBag from /opt/airflow/dags/00_hello_world.py
[2026-07-06T18:21:44.135+0000] {processor.py:925} INFO - DAG(s) '00_hello_world' retrieved from /opt/airflow/dags/00_hello_world.py
[2026-07-06T18:21:44.176+0000] {logging_mixin.py:190} INFO - [2026-07-06T18:21:44.176+0000] {dag.py:3239} INFO - Sync 1 DAGs
[2026-07-06T18:21:44.199+0000] {logging_mixin.py:190} INFO - [2026-07-06T18:21:44.199+0000] {dag.py:4180} INFO - Setting next_dagrun for 00_hello_world to None, run_after=None
[2026-07-06T18:21:44.223+0000] {processor.py:208} INFO - Processing /opt/airflow/dags/00_hello_world.py took 0.168 seconds
[2026-07-06T18:22:14.712+0000] {processor.py:186} INFO - Started process (PID=1892) to work on /opt/airflow/dags/00_hello_world.py
[2026-07-06T18:22:14.714+0000] {processor.py:914} INFO - Processing file /opt/airflow/dags/00_hello_world.py for tasks to queue
[2026-07-06T18:22:14.721+0000] {logging_mixin.py:190} INFO - [2026-07-06T18:22:14.720+0000] {dagbag.py:588} INFO - Filling up the DagBag from /opt/airflow/dags/00_hello_world.py
[2026-07-06T18:22:14.740+0000] {processor.py:925} INFO - DAG(s) '00_hello_world' retrieved from /opt/airflow/dags/00_hello_world.py
[2026-07-06T18:22:14.788+0000] {logging_mixin.py:190} INFO - [2026-07-06T18:22:14.788+0000] {dag.py:3239} INFO - Sync 1 DAGs
[2026-07-06T18:22:14.806+0000] {logging_mixin.py:190} INFO - [2026-07-06T18:22:14.806+0000] {dag.py:4180} INFO - Setting next_dagrun for 00_hello_world to None, run_after=None
[2026-07-06T18:22:14.830+0000] {processor.py:208} INFO - Processing /opt/airflow/dags/00_hello_world.py took 0.144 seconds
[2026-07-06T18:22:45.276+0000] {processor.py:186} INFO - Started process (PID=1902) to work on /opt/airflow/dags/00_hello_world.py
[2026-07-06T18:22:45.279+0000] {processor.py:914} INFO - Processing file /opt/airflow/dags/00_hello_world.py for tasks to queue
[2026-07-06T18:22:45.299+0000] {logging_mixin.py:190} INFO - [2026-07-06T18:22:45.298+0000] {dagbag.py:588} INFO - Filling up the DagBag from /opt/airflow/dags/00_hello_world.py
[2026-07-06T18:22:45.362+0000] {processor.py:925} INFO - DAG(s) '00_hello_world' retrieved from /opt/airflow/dags/00_hello_world.py
[2026-07-06T18:22:45.541+0000] {logging_mixin.py:190} INFO - [2026-07-06T18:22:45.541+0000] {dag.py:3239} INFO - Sync 1 DAGs
[2026-07-06T18:22:45.617+0000] {logging_mixin.py:190} INFO - [2026-07-06T18:22:45.617+0000] {dag.py:4180} INFO - Setting next_dagrun for 00_hello_world to None, run_after=None
[2026-07-06T18:22:45.655+0000] {processor.py:208} INFO - Processing /opt/airflow/dags/00_hello_world.py took 0.416 seconds
[2026-07-06T18:23:16.130+0000] {processor.py:186} INFO - Started process (PID=1912) to work on /opt/airflow/dags/00_hello_world.py
[2026-07-06T18:23:16.135+0000] {processor.py:914} INFO - Processing file /opt/airflow/dags/00_hello_world.py for tasks to queue
[2026-07-06T18:23:16.145+0000] {logging_mixin.py:190} INFO - [2026-07-06T18:23:16.144+0000] {dagbag.py:588} INFO - Filling up the DagBag from /opt/airflow/dags/00_hello_world.py
[2026-07-06T18:23:16.174+0000] {processor.py:925} INFO - DAG(s) '00_hello_world' retrieved from /opt/airflow/dags/00_hello_world.py
[2026-07-06T18:23:16.239+0000] {logging_mixin.py:190} INFO - [2026-07-06T18:23:16.239+0000] {dag.py:3239} INFO - Sync 1 DAGs
[2026-07-06T18:23:16.270+0000] {logging_mixin.py:190} INFO - [2026-07-06T18:23:16.269+0000] {dag.py:4180} INFO - Setting next_dagrun for 00_hello_world to None, run_after=None
[2026-07-06T18:23:16.306+0000] {processor.py:208} INFO - Processing /opt/airflow/dags/00_hello_world.py took 0.214 seconds
[2026-07-06T18:23:46.466+0000] {processor.py:186} INFO - Started process (PID=1922) to work on /opt/airflow/dags/00_hello_world.py
[2026-07-06T18:23:46.468+0000] {processor.py:914} INFO - Processing file /opt/airflow/dags/00_hello_world.py for tasks to queue
[2026-07-06T18:23:46.476+0000] {logging_mixin.py:190} INFO - [2026-07-06T18:23:46.475+0000] {dagbag.py:588} INFO - Filling up the DagBag from /opt/airflow/dags/00_hello_world.py
[2026-07-06T18:23:46.494+0000] {processor.py:925} INFO - DAG(s) '00_hello_world' retrieved from /opt/airflow/dags/00_hello_world.py
[2026-07-06T18:23:46.554+0000] {logging_mixin.py:190} INFO - [2026-07-06T18:23:46.554+0000] {dag.py:3239} INFO - Sync 1 DAGs
[2026-07-06T18:23:46.582+0000] {logging_mixin.py:190} INFO - [2026-07-06T18:23:46.582+0000] {dag.py:4180} INFO - Setting next_dagrun for 00_hello_world to None, run_after=None
[2026-07-06T18:23:46.613+0000] {processor.py:208} INFO - Processing /opt/airflow/dags/00_hello_world.py took 0.162 seconds
[2026-07-06T18:24:16.801+0000] {processor.py:186} INFO - Started process (PID=1932) to work on /opt/airflow/dags/00_hello_world.py
[2026-07-06T18:24:16.802+0000] {processor.py:914} INFO - Processing file /opt/airflow/dags/00_hello_world.py for tasks to queue
[2026-07-06T18:24:16.809+0000] {logging_mixin.py:190} INFO - [2026-07-06T18:24:16.809+0000] {dagbag.py:588} INFO - Filling up the DagBag from /opt/airflow/dags/00_hello_world.py
[2026-07-06T18:24:16.829+0000] {processor.py:925} INFO - DAG(s) '00_hello_world' retrieved from /opt/airflow/dags/00_hello_world.py
[2026-07-06T18:24:16.883+0000] {logging_mixin.py:190} INFO - [2026-07-06T18:24:16.883+0000] {dag.py:3239} INFO - Sync 1 DAGs
[2026-07-06T18:24:16.902+0000] {logging_mixin.py:190} INFO - [2026-07-06T18:24:16.901+0000] {dag.py:4180} INFO - Setting next_dagrun for 00_hello_world to None, run_after=None
[2026-07-06T18:24:16.927+0000] {processor.py:208} INFO - Processing /opt/airflow/dags/00_hello_world.py took 0.141 seconds
[2026-07-06T18:24:47.439+0000] {processor.py:186} INFO - Started process (PID=1942) to work on /opt/airflow/dags/00_hello_world.py
[2026-07-06T18:24:47.440+0000] {processor.py:914} INFO - Processing file /opt/airflow/dags/00_hello_world.py for tasks to queue
[2026-07-06T18:24:47.458+0000] {logging_mixin.py:190} INFO - [2026-07-06T18:24:47.456+0000] {dagbag.py:588} INFO - Filling up the DagBag from /opt/airflow/dags/00_hello_world.py
[2026-07-06T18:24:47.499+0000] {processor.py:925} INFO - DAG(s) '00_hello_world' retrieved from /opt/airflow/dags/00_hello_world.py
[2026-07-06T18:24:47.574+0000] {logging_mixin.py:190} INFO - [2026-07-06T18:24:47.574+0000] {dag.py:3239} INFO - Sync 1 DAGs
[2026-07-06T18:24:47.613+0000] {logging_mixin.py:190} INFO - [2026-07-06T18:24:47.613+0000] {dag.py:4180} INFO - Setting next_dagrun for 00_hello_world to None, run_after=None
[2026-07-06T18:24:47.692+0000] {processor.py:208} INFO - Processing /opt/airflow/dags/00_hello_world.py took 0.300 seconds
[2026-07-06T18:25:17.825+0000] {processor.py:186} INFO - Started process (PID=1952) to work on /opt/airflow/dags/00_hello_world.py
[2026-07-06T18:25:17.831+0000] {processor.py:914} INFO - Processing file /opt/airflow/dags/00_hello_world.py for tasks to queue
[2026-07-06T18:25:17.846+0000] {logging_mixin.py:190} INFO - [2026-07-06T18:25:17.844+0000] {dagbag.py:588} INFO - Filling up the DagBag from /opt/airflow/dags/00_hello_world.py
[2026-07-06T18:25:17.924+0000] {processor.py:925} INFO - DAG(s) '00_hello_world' retrieved from /opt/airflow/dags/00_hello_world.py
[2026-07-06T18:25:18.072+0000] {logging_mixin.py:190} INFO - [2026-07-06T18:25:18.071+0000] {dag.py:3239} INFO - Sync 1 DAGs
[2026-07-06T18:25:18.097+0000] {logging_mixin.py:190} INFO - [2026-07-06T18:25:18.097+0000] {dag.py:4180} INFO - Setting next_dagrun for 00_hello_world to None, run_after=None
[2026-07-06T18:25:18.122+0000] {processor.py:208} INFO - Processing /opt/airflow/dags/00_hello_world.py took 0.336 seconds
[2026-07-06T18:25:48.542+0000] {processor.py:186} INFO - Started process (PID=1962) to work on /opt/airflow/dags/00_hello_world.py
[2026-07-06T18:25:48.544+0000] {processor.py:914} INFO - Processing file /opt/airflow/dags/00_hello_world.py for tasks to queue
[2026-07-06T18:25:48.551+0000] {logging_mixin.py:190} INFO - [2026-07-06T18:25:48.550+0000] {dagbag.py:588} INFO - Filling up the DagBag from /opt/airflow/dags/00_hello_world.py
[2026-07-06T18:25:48.573+0000] {processor.py:925} INFO - DAG(s) '00_hello_world' retrieved from /opt/airflow/dags/00_hello_world.py
[2026-07-06T18:25:48.618+0000] {logging_mixin.py:190} INFO - [2026-07-06T18:25:48.618+0000] {dag.py:3239} INFO - Sync 1 DAGs
[2026-07-06T18:25:48.639+0000] {logging_mixin.py:190} INFO - [2026-07-06T18:25:48.639+0000] {dag.py:4180} INFO - Setting next_dagrun for 00_hello_world to None, run_after=None
[2026-07-06T18:25:48.663+0000] {processor.py:208} INFO - Processing /opt/airflow/dags/00_hello_world.py took 0.147 seconds
[2026-07-06T18:26:18.957+0000] {processor.py:186} INFO - Started process (PID=1972) to work on /opt/airflow/dags/00_hello_world.py
[2026-07-06T18:26:18.962+0000] {processor.py:914} INFO - Processing file /opt/airflow/dags/00_hello_world.py for tasks to queue
[2026-07-06T18:26:18.971+0000] {logging_mixin.py:190} INFO - [2026-07-06T18:26:18.970+0000] {dagbag.py:588} INFO - Filling up the DagBag from /opt/airflow/dags/00_hello_world.py
[2026-07-06T18:26:18.991+0000] {processor.py:925} INFO - DAG(s) '00_hello_world' retrieved from /opt/airflow/dags/00_hello_world.py
[2026-07-06T18:26:19.048+0000] {logging_mixin.py:190} INFO - [2026-07-06T18:26:19.048+0000] {dag.py:3239} INFO - Sync 1 DAGs
[2026-07-06T18:26:19.072+0000] {logging_mixin.py:190} INFO - [2026-07-06T18:26:19.072+0000] {dag.py:4180} INFO - Setting next_dagrun for 00_hello_world to None, run_after=None
[2026-07-06T18:26:19.855+0000] {processor.py:208} INFO - Processing /opt/airflow/dags/00_hello_world.py took 0.933 seconds
[2026-07-06T18:26:50.239+0000] {processor.py:186} INFO - Started process (PID=1982) to work on /opt/airflow/dags/00_hello_world.py
[2026-07-06T18:26:50.240+0000] {processor.py:914} INFO - Processing file /opt/airflow/dags/00_hello_world.py for tasks to queue
[2026-07-06T18:26:50.247+0000] {logging_mixin.py:190} INFO - [2026-07-06T18:26:50.246+0000] {dagbag.py:588} INFO - Filling up the DagBag from /opt/airflow/dags/00_hello_world.py
[2026-07-06T18:26:50.265+0000] {processor.py:925} INFO - DAG(s) '00_hello_world' retrieved from /opt/airflow/dags/00_hello_world.py
[2026-07-06T18:26:50.313+0000] {logging_mixin.py:190} INFO - [2026-07-06T18:26:50.312+0000] {dag.py:3239} INFO - Sync 1 DAGs
[2026-07-06T18:26:50.339+0000] {logging_mixin.py:190} INFO - [2026-07-06T18:26:50.339+0000] {dag.py:4180} INFO - Setting next_dagrun for 00_hello_world to None, run_after=None
[2026-07-06T18:26:50.375+0000] {processor.py:208} INFO - Processing /opt/airflow/dags/00_hello_world.py took 0.148 seconds
[2026-07-06T18:27:20.683+0000] {processor.py:186} INFO - Started process (PID=1992) to work on /opt/airflow/dags/00_hello_world.py
[2026-07-06T18:27:20.688+0000] {processor.py:914} INFO - Processing file /opt/airflow/dags/00_hello_world.py for tasks to queue
[2026-07-06T18:27:20.703+0000] {logging_mixin.py:190} INFO - [2026-07-06T18:27:20.701+0000] {dagbag.py:588} INFO - Filling up the DagBag from /opt/airflow/dags/00_hello_world.py
[2026-07-06T18:27:20.755+0000] {processor.py:925} INFO - DAG(s) '00_hello_world' retrieved from /opt/airflow/dags/00_hello_world.py
[2026-07-06T18:27:20.831+0000] {logging_mixin.py:190} INFO - [2026-07-06T18:27:20.830+0000] {dag.py:3239} INFO - Sync 1 DAGs
[2026-07-06T18:27:20.853+0000] {logging_mixin.py:190} INFO - [2026-07-06T18:27:20.853+0000] {dag.py:4180} INFO - Setting next_dagrun for 00_hello_world to None, run_after=None
[2026-07-06T18:27:20.879+0000] {processor.py:208} INFO - Processing /opt/airflow/dags/00_hello_world.py took 0.232 seconds
[2026-07-06T18:27:51.306+0000] {processor.py:186} INFO - Started process (PID=2002) to work on /opt/airflow/dags/00_hello_world.py
[2026-07-06T18:27:51.308+0000] {processor.py:914} INFO - Processing file /opt/airflow/dags/00_hello_world.py for tasks to queue
[2026-07-06T18:27:51.312+0000] {logging_mixin.py:190} INFO - [2026-07-06T18:27:51.312+0000] {dagbag.py:588} INFO - Filling up the DagBag from /opt/airflow/dags/00_hello_world.py
[2026-07-06T18:27:51.327+0000] {processor.py:925} INFO - DAG(s) '00_hello_world' retrieved from /opt/airflow/dags/00_hello_world.py
[2026-07-06T18:27:51.358+0000] {logging_mixin.py:190} INFO - [2026-07-06T18:27:51.358+0000] {dag.py:3239} INFO - Sync 1 DAGs
[2026-07-06T18:27:51.379+0000] {logging_mixin.py:190} INFO - [2026-07-06T18:27:51.379+0000] {dag.py:4180} INFO - Setting next_dagrun for 00_hello_world to None, run_after=None
[2026-07-06T18:27:51.400+0000] {processor.py:208} INFO - Processing /opt/airflow/dags/00_hello_world.py took 0.111 seconds
[2026-07-06T18:28:21.845+0000] {processor.py:186} INFO - Started process (PID=2012) to work on /opt/airflow/dags/00_hello_world.py
[2026-07-06T18:28:21.848+0000] {processor.py:914} INFO - Processing file /opt/airflow/dags/00_hello_world.py for tasks to queue
[2026-07-06T18:28:21.852+0000] {logging_mixin.py:190} INFO - [2026-07-06T18:28:21.852+0000] {dagbag.py:588} INFO - Filling up the DagBag from /opt/airflow/dags/00_hello_world.py
[2026-07-06T18:28:21.873+0000] {processor.py:925} INFO - DAG(s) '00_hello_world' retrieved from /opt/airflow/dags/00_hello_world.py
[2026-07-06T18:28:21.912+0000] {logging_mixin.py:190} INFO - [2026-07-06T18:28:21.912+0000] {dag.py:3239} INFO - Sync 1 DAGs
[2026-07-06T18:28:21.930+0000] {logging_mixin.py:190} INFO - [2026-07-06T18:28:21.930+0000] {dag.py:4180} INFO - Setting next_dagrun for 00_hello_world to None, run_after=None
[2026-07-06T18:28:21.950+0000] {processor.py:208} INFO - Processing /opt/airflow/dags/00_hello_world.py took 0.121 seconds
[2026-07-06T18:28:52.320+0000] {processor.py:186} INFO - Started process (PID=2022) to work on /opt/airflow/dags/00_hello_world.py
[2026-07-06T18:28:52.321+0000] {processor.py:914} INFO - Processing file /opt/airflow/dags/00_hello_world.py for tasks to queue
[2026-07-06T18:28:52.324+0000] {logging_mixin.py:190} INFO - [2026-07-06T18:28:52.324+0000] {dagbag.py:588} INFO - Filling up the DagBag from /opt/airflow/dags/00_hello_world.py
[2026-07-06T18:28:52.337+0000] {processor.py:925} INFO - DAG(s) '00_hello_world' retrieved from /opt/airflow/dags/00_hello_world.py
[2026-07-06T18:28:52.375+0000] {logging_mixin.py:190} INFO - [2026-07-06T18:28:52.375+0000] {dag.py:3239} INFO - Sync 1 DAGs
[2026-07-06T18:28:52.394+0000] {logging_mixin.py:190} INFO - [2026-07-06T18:28:52.393+0000] {dag.py:4180} INFO - Setting next_dagrun for 00_hello_world to None, run_after=None
[2026-07-06T18:28:52.417+0000] {processor.py:208} INFO - Processing /opt/airflow/dags/00_hello_world.py took 0.107 seconds
[2026-07-06T18:29:22.815+0000] {processor.py:186} INFO - Started process (PID=2032) to work on /opt/airflow/dags/00_hello_world.py
[2026-07-06T18:29:22.817+0000] {processor.py:914} INFO - Processing file /opt/airflow/dags/00_hello_world.py for tasks to queue
[2026-07-06T18:29:22.821+0000] {logging_mixin.py:190} INFO - [2026-07-06T18:29:22.820+0000] {dagbag.py:588} INFO - Filling up the DagBag from /opt/airflow/dags/00_hello_world.py
[2026-07-06T18:29:22.835+0000] {processor.py:925} INFO - DAG(s) '00_hello_world' retrieved from /opt/airflow/dags/00_hello_world.py
[2026-07-06T18:29:22.878+0000] {logging_mixin.py:190} INFO - [2026-07-06T18:29:22.878+0000] {dag.py:3239} INFO - Sync 1 DAGs
[2026-07-06T18:29:23.174+0000] {logging_mixin.py:190} INFO - [2026-07-06T18:29:23.173+0000] {dag.py:4180} INFO - Setting next_dagrun for 00_hello_world to None, run_after=None
[2026-07-06T18:29:23.202+0000] {processor.py:208} INFO - Processing /opt/airflow/dags/00_hello_world.py took 0.404 seconds
[2026-07-06T18:29:53.616+0000] {processor.py:186} INFO - Started process (PID=2042) to work on /opt/airflow/dags/00_hello_world.py
[2026-07-06T18:29:53.619+0000] {processor.py:914} INFO - Processing file /opt/airflow/dags/00_hello_world.py for tasks to queue
[2026-07-06T18:29:53.626+0000] {logging_mixin.py:190} INFO - [2026-07-06T18:29:53.626+0000] {dagbag.py:588} INFO - Filling up the DagBag from /opt/airflow/dags/00_hello_world.py
[2026-07-06T18:29:53.643+0000] {processor.py:925} INFO - DAG(s) '00_hello_world' retrieved from /opt/airflow/dags/00_hello_world.py
[2026-07-06T18:29:53.695+0000] {logging_mixin.py:190} INFO - [2026-07-06T18:29:53.694+0000] {dag.py:3239} INFO - Sync 1 DAGs
[2026-07-06T18:29:53.719+0000] {logging_mixin.py:190} INFO - [2026-07-06T18:29:53.718+0000] {dag.py:4180} INFO - Setting next_dagrun for 00_hello_world to None, run_after=None
[2026-07-06T18:29:53.747+0000] {processor.py:208} INFO - Processing /opt/airflow/dags/00_hello_world.py took 0.160 seconds
[2026-07-06T18:30:24.059+0000] {processor.py:186} INFO - Started process (PID=2052) to work on /opt/airflow/dags/00_hello_world.py
[2026-07-06T18:30:24.065+0000] {processor.py:914} INFO - Processing file /opt/airflow/dags/00_hello_world.py for tasks to queue
[2026-07-06T18:30:24.085+0000] {logging_mixin.py:190} INFO - [2026-07-06T18:30:24.084+0000] {dagbag.py:588} INFO - Filling up the DagBag from /opt/airflow/dags/00_hello_world.py
[2026-07-06T18:30:24.151+0000] {processor.py:925} INFO - DAG(s) '00_hello_world' retrieved from /opt/airflow/dags/00_hello_world.py
[2026-07-06T18:30:24.303+0000] {logging_mixin.py:190} INFO - [2026-07-06T18:30:24.302+0000] {dag.py:3239} INFO - Sync 1 DAGs
[2026-07-06T18:30:24.334+0000] {logging_mixin.py:190} INFO - [2026-07-06T18:30:24.334+0000] {dag.py:4180} INFO - Setting next_dagrun for 00_hello_world to None, run_after=None
[2026-07-06T18:30:24.357+0000] {processor.py:208} INFO - Processing /opt/airflow/dags/00_hello_world.py took 0.349 seconds
[2026-07-06T18:30:54.426+0000] {processor.py:186} INFO - Started process (PID=2062) to work on /opt/airflow/dags/00_hello_world.py
[2026-07-06T18:30:54.427+0000] {processor.py:914} INFO - Processing file /opt/airflow/dags/00_hello_world.py for tasks to queue
[2026-07-06T18:30:54.431+0000] {logging_mixin.py:190} INFO - [2026-07-06T18:30:54.431+0000] {dagbag.py:588} INFO - Filling up the DagBag from /opt/airflow/dags/00_hello_world.py
[2026-07-06T18:30:54.447+0000] {processor.py:925} INFO - DAG(s) '00_hello_world' retrieved from /opt/airflow/dags/00_hello_world.py
[2026-07-06T18:30:54.491+0000] {logging_mixin.py:190} INFO - [2026-07-06T18:30:54.491+0000] {dag.py:3239} INFO - Sync 1 DAGs
[2026-07-06T18:30:54.513+0000] {logging_mixin.py:190} INFO - [2026-07-06T18:30:54.513+0000] {dag.py:4180} INFO - Setting next_dagrun for 00_hello_world to None, run_after=None
[2026-07-06T18:30:54.536+0000] {processor.py:208} INFO - Processing /opt/airflow/dags/00_hello_world.py took 0.126 seconds
[2026-07-06T18:31:24.955+0000] {processor.py:186} INFO - Started process (PID=2072) to work on /opt/airflow/dags/00_hello_world.py
[2026-07-06T18:31:24.957+0000] {processor.py:914} INFO - Processing file /opt/airflow/dags/00_hello_world.py for tasks to queue
[2026-07-06T18:31:24.962+0000] {logging_mixin.py:190} INFO - [2026-07-06T18:31:24.961+0000] {dagbag.py:588} INFO - Filling up the DagBag from /opt/airflow/dags/00_hello_world.py
[2026-07-06T18:31:24.984+0000] {processor.py:925} INFO - DAG(s) '00_hello_world' retrieved from /opt/airflow/dags/00_hello_world.py
[2026-07-06T18:31:25.042+0000] {logging_mixin.py:190} INFO - [2026-07-06T18:31:25.042+0000] {dag.py:3239} INFO - Sync 1 DAGs
[2026-07-06T18:31:25.067+0000] {logging_mixin.py:190} INFO - [2026-07-06T18:31:25.067+0000] {dag.py:4180} INFO - Setting next_dagrun for 00_hello_world to None, run_after=None
[2026-07-06T18:31:25.094+0000] {processor.py:208} INFO - Processing /opt/airflow/dags/00_hello_world.py took 0.159 seconds
[2026-07-06T18:31:55.538+0000] {processor.py:186} INFO - Started process (PID=2082) to work on /opt/airflow/dags/00_hello_world.py
[2026-07-06T18:31:55.541+0000] {processor.py:914} INFO - Processing file /opt/airflow/dags/00_hello_world.py for tasks to queue
[2026-07-06T18:31:55.546+0000] {logging_mixin.py:190} INFO - [2026-07-06T18:31:55.545+0000] {dagbag.py:588} INFO - Filling up the DagBag from /opt/airflow/dags/00_hello_world.py
[2026-07-06T18:31:55.565+0000] {processor.py:925} INFO - DAG(s) '00_hello_world' retrieved from /opt/airflow/dags/00_hello_world.py
[2026-07-06T18:31:55.617+0000] {logging_mixin.py:190} INFO - [2026-07-06T18:31:55.617+0000] {dag.py:3239} INFO - Sync 1 DAGs
[2026-07-06T18:31:55.650+0000] {logging_mixin.py:190} INFO - [2026-07-06T18:31:55.650+0000] {dag.py:4180} INFO - Setting next_dagrun for 00_hello_world to None, run_after=None
[2026-07-06T18:31:55.883+0000] {processor.py:208} INFO - Processing /opt/airflow/dags/00_hello_world.py took 0.388 seconds
[2026-07-06T18:32:26.288+0000] {processor.py:186} INFO - Started process (PID=2092) to work on /opt/airflow/dags/00_hello_world.py
[2026-07-06T18:32:26.294+0000] {processor.py:914} INFO - Processing file /opt/airflow/dags/00_hello_world.py for tasks to queue
[2026-07-06T18:32:26.311+0000] {logging_mixin.py:190} INFO - [2026-07-06T18:32:26.309+0000] {dagbag.py:588} INFO - Filling up the DagBag from /opt/airflow/dags/00_hello_world.py
[2026-07-06T18:32:26.351+0000] {processor.py:925} INFO - DAG(s) '00_hello_world' retrieved from /opt/airflow/dags/00_hello_world.py
[2026-07-06T18:32:26.404+0000] {logging_mixin.py:190} INFO - [2026-07-06T18:32:26.403+0000] {dag.py:3239} INFO - Sync 1 DAGs
[2026-07-06T18:32:26.427+0000] {logging_mixin.py:190} INFO - [2026-07-06T18:32:26.427+0000] {dag.py:4180} INFO - Setting next_dagrun for 00_hello_world to None, run_after=None
[2026-07-06T18:32:26.447+0000] {processor.py:208} INFO - Processing /opt/airflow/dags/00_hello_world.py took 0.212 seconds
[2026-07-06T18:32:56.687+0000] {processor.py:186} INFO - Started process (PID=2102) to work on /opt/airflow/dags/00_hello_world.py
[2026-07-06T18:32:56.690+0000] {processor.py:914} INFO - Processing file /opt/airflow/dags/00_hello_world.py for tasks to queue
[2026-07-06T18:32:56.694+0000] {logging_mixin.py:190} INFO - [2026-07-06T18:32:56.694+0000] {dagbag.py:588} INFO - Filling up the DagBag from /opt/airflow/dags/00_hello_world.py
[2026-07-06T18:32:56.710+0000] {processor.py:925} INFO - DAG(s) '00_hello_world' retrieved from /opt/airflow/dags/00_hello_world.py
[2026-07-06T18:32:56.751+0000] {logging_mixin.py:190} INFO - [2026-07-06T18:32:56.751+0000] {dag.py:3239} INFO - Sync 1 DAGs
[2026-07-06T18:32:56.775+0000] {logging_mixin.py:190} INFO - [2026-07-06T18:32:56.774+0000] {dag.py:4180} INFO - Setting next_dagrun for 00_hello_world to None, run_after=None
[2026-07-06T18:32:56.795+0000] {processor.py:208} INFO - Processing /opt/airflow/dags/00_hello_world.py took 0.130 seconds
[2026-07-06T18:33:27.243+0000] {processor.py:186} INFO - Started process (PID=2112) to work on /opt/airflow/dags/00_hello_world.py
[2026-07-06T18:33:27.246+0000] {processor.py:914} INFO - Processing file /opt/airflow/dags/00_hello_world.py for tasks to queue
[2026-07-06T18:33:27.251+0000] {logging_mixin.py:190} INFO - [2026-07-06T18:33:27.251+0000] {dagbag.py:588} INFO - Filling up the DagBag from /opt/airflow/dags/00_hello_world.py
[2026-07-06T18:33:27.267+0000] {processor.py:925} INFO - DAG(s) '00_hello_world' retrieved from /opt/airflow/dags/00_hello_world.py
[2026-07-06T18:33:27.310+0000] {logging_mixin.py:190} INFO - [2026-07-06T18:33:27.310+0000] {dag.py:3239} INFO - Sync 1 DAGs
[2026-07-06T18:33:27.329+0000] {logging_mixin.py:190} INFO - [2026-07-06T18:33:27.328+0000] {dag.py:4180} INFO - Setting next_dagrun for 00_hello_world to None, run_after=None
[2026-07-06T18:33:27.350+0000] {processor.py:208} INFO - Processing /opt/airflow/dags/00_hello_world.py took 0.136 seconds
[2026-07-06T18:33:57.649+0000] {processor.py:186} INFO - Started process (PID=2122) to work on /opt/airflow/dags/00_hello_world.py
[2026-07-06T18:33:57.653+0000] {processor.py:914} INFO - Processing file /opt/airflow/dags/00_hello_world.py for tasks to queue
[2026-07-06T18:33:57.663+0000] {logging_mixin.py:190} INFO - [2026-07-06T18:33:57.662+0000] {dagbag.py:588} INFO - Filling up the DagBag from /opt/airflow/dags/00_hello_world.py
[2026-07-06T18:33:57.685+0000] {processor.py:925} INFO - DAG(s) '00_hello_world' retrieved from /opt/airflow/dags/00_hello_world.py
[2026-07-06T18:33:57.734+0000] {logging_mixin.py:190} INFO - [2026-07-06T18:33:57.734+0000] {dag.py:3239} INFO - Sync 1 DAGs
[2026-07-06T18:33:57.759+0000] {logging_mixin.py:190} INFO - [2026-07-06T18:33:57.758+0000] {dag.py:4180} INFO - Setting next_dagrun for 00_hello_world to None, run_after=None
[2026-07-06T18:33:57.788+0000] {processor.py:208} INFO - Processing /opt/airflow/dags/00_hello_world.py took 0.161 seconds
[2026-07-06T18:34:28.264+0000] {processor.py:186} INFO - Started process (PID=2132) to work on /opt/airflow/dags/00_hello_world.py
[2026-07-06T18:34:28.268+0000] {processor.py:914} INFO - Processing file /opt/airflow/dags/00_hello_world.py for tasks to queue
[2026-07-06T18:34:28.283+0000] {logging_mixin.py:190} INFO - [2026-07-06T18:34:28.281+0000] {dagbag.py:588} INFO - Filling up the DagBag from /opt/airflow/dags/00_hello_world.py
[2026-07-06T18:34:28.340+0000] {processor.py:925} INFO - DAG(s) '00_hello_world' retrieved from /opt/airflow/dags/00_hello_world.py
[2026-07-06T18:34:28.399+0000] {logging_mixin.py:190} INFO - [2026-07-06T18:34:28.398+0000] {dag.py:3239} INFO - Sync 1 DAGs
[2026-07-06T18:34:28.418+0000] {logging_mixin.py:190} INFO - [2026-07-06T18:34:28.418+0000] {dag.py:4180} INFO - Setting next_dagrun for 00_hello_world to None, run_after=None
[2026-07-06T18:34:28.443+0000] {processor.py:208} INFO - Processing /opt/airflow/dags/00_hello_world.py took 0.224 seconds
[2026-07-06T18:34:58.672+0000] {processor.py:186} INFO - Started process (PID=2142) to work on /opt/airflow/dags/00_hello_world.py
[2026-07-06T18:34:58.674+0000] {processor.py:914} INFO - Processing file /opt/airflow/dags/00_hello_world.py for tasks to queue
[2026-07-06T18:34:58.679+0000] {logging_mixin.py:190} INFO - [2026-07-06T18:34:58.679+0000] {dagbag.py:588} INFO - Filling up the DagBag from /opt/airflow/dags/00_hello_world.py
[2026-07-06T18:34:58.699+0000] {processor.py:925} INFO - DAG(s) '00_hello_world' retrieved from /opt/airflow/dags/00_hello_world.py
[2026-07-06T18:34:58.738+0000] {logging_mixin.py:190} INFO - [2026-07-06T18:34:58.738+0000] {dag.py:3239} INFO - Sync 1 DAGs
[2026-07-06T18:34:58.948+0000] {logging_mixin.py:190} INFO - [2026-07-06T18:34:58.948+0000] {dag.py:4180} INFO - Setting next_dagrun for 00_hello_world to None, run_after=None
[2026-07-06T18:34:58.967+0000] {processor.py:208} INFO - Processing /opt/airflow/dags/00_hello_world.py took 0.313 seconds
[2026-07-06T18:35:29.157+0000] {processor.py:186} INFO - Started process (PID=2152) to work on /opt/airflow/dags/00_hello_world.py
[2026-07-06T18:35:29.158+0000] {processor.py:914} INFO - Processing file /opt/airflow/dags/00_hello_world.py for tasks to queue
[2026-07-06T18:35:29.163+0000] {logging_mixin.py:190} INFO - [2026-07-06T18:35:29.162+0000] {dagbag.py:588} INFO - Filling up the DagBag from /opt/airflow/dags/00_hello_world.py
[2026-07-06T18:35:29.180+0000] {processor.py:925} INFO - DAG(s) '00_hello_world' retrieved from /opt/airflow/dags/00_hello_world.py
[2026-07-06T18:35:29.220+0000] {logging_mixin.py:190} INFO - [2026-07-06T18:35:29.220+0000] {dag.py:3239} INFO - Sync 1 DAGs
[2026-07-06T18:35:29.239+0000] {logging_mixin.py:190} INFO - [2026-07-06T18:35:29.239+0000] {dag.py:4180} INFO - Setting next_dagrun for 00_hello_world to None, run_after=None
[2026-07-06T18:35:29.261+0000] {processor.py:208} INFO - Processing /opt/airflow/dags/00_hello_world.py took 0.120 seconds
[2026-07-06T18:35:59.666+0000] {processor.py:186} INFO - Started process (PID=2162) to work on /opt/airflow/dags/00_hello_world.py
[2026-07-06T18:35:59.668+0000] {processor.py:914} INFO - Processing file /opt/airflow/dags/00_hello_world.py for tasks to queue
[2026-07-06T18:35:59.672+0000] {logging_mixin.py:190} INFO - [2026-07-06T18:35:59.672+0000] {dagbag.py:588} INFO - Filling up the DagBag from /opt/airflow/dags/00_hello_world.py
[2026-07-06T18:35:59.686+0000] {processor.py:925} INFO - DAG(s) '00_hello_world' retrieved from /opt/airflow/dags/00_hello_world.py
[2026-07-06T18:35:59.735+0000] {logging_mixin.py:190} INFO - [2026-07-06T18:35:59.735+0000] {dag.py:3239} INFO - Sync 1 DAGs
[2026-07-06T18:35:59.764+0000] {logging_mixin.py:190} INFO - [2026-07-06T18:35:59.764+0000] {dag.py:4180} INFO - Setting next_dagrun for 00_hello_world to None, run_after=None
[2026-07-06T18:35:59.792+0000] {processor.py:208} INFO - Processing /opt/airflow/dags/00_hello_world.py took 0.146 seconds
[2026-07-06T18:36:30.258+0000] {processor.py:186} INFO - Started process (PID=2172) to work on /opt/airflow/dags/00_hello_world.py
[2026-07-06T18:36:30.267+0000] {processor.py:914} INFO - Processing file /opt/airflow/dags/00_hello_world.py for tasks to queue
[2026-07-06T18:36:30.281+0000] {logging_mixin.py:190} INFO - [2026-07-06T18:36:30.279+0000] {dagbag.py:588} INFO - Filling up the DagBag from /opt/airflow/dags/00_hello_world.py
[2026-07-06T18:36:30.318+0000] {processor.py:925} INFO - DAG(s) '00_hello_world' retrieved from /opt/airflow/dags/00_hello_world.py
[2026-07-06T18:36:30.371+0000] {logging_mixin.py:190} INFO - [2026-07-06T18:36:30.371+0000] {dag.py:3239} INFO - Sync 1 DAGs
[2026-07-06T18:36:30.399+0000] {logging_mixin.py:190} INFO - [2026-07-06T18:36:30.399+0000] {dag.py:4180} INFO - Setting next_dagrun for 00_hello_world to None, run_after=None
[2026-07-06T18:36:30.433+0000] {processor.py:208} INFO - Processing /opt/airflow/dags/00_hello_world.py took 0.232 seconds
[2026-07-06T18:37:00.778+0000] {processor.py:186} INFO - Started process (PID=2182) to work on /opt/airflow/dags/00_hello_world.py
[2026-07-06T18:37:00.780+0000] {processor.py:914} INFO - Processing file /opt/airflow/dags/00_hello_world.py for tasks to queue
[2026-07-06T18:37:00.787+0000] {logging_mixin.py:190} INFO - [2026-07-06T18:37:00.786+0000] {dagbag.py:588} INFO - Filling up the DagBag from /opt/airflow/dags/00_hello_world.py
[2026-07-06T18:37:00.808+0000] {processor.py:925} INFO - DAG(s) '00_hello_world' retrieved from /opt/airflow/dags/00_hello_world.py
[2026-07-06T18:37:00.863+0000] {logging_mixin.py:190} INFO - [2026-07-06T18:37:00.863+0000] {dag.py:3239} INFO - Sync 1 DAGs
[2026-07-06T18:37:00.887+0000] {logging_mixin.py:190} INFO - [2026-07-06T18:37:00.887+0000] {dag.py:4180} INFO - Setting next_dagrun for 00_hello_world to None, run_after=None
[2026-07-06T18:37:00.912+0000] {processor.py:208} INFO - Processing /opt/airflow/dags/00_hello_world.py took 0.152 seconds
[2026-07-06T18:37:31.376+0000] {processor.py:186} INFO - Started process (PID=2192) to work on /opt/airflow/dags/00_hello_world.py
[2026-07-06T18:37:31.380+0000] {processor.py:914} INFO - Processing file /opt/airflow/dags/00_hello_world.py for tasks to queue
[2026-07-06T18:37:31.390+0000] {logging_mixin.py:190} INFO - [2026-07-06T18:37:31.389+0000] {dagbag.py:588} INFO - Filling up the DagBag from /opt/airflow/dags/00_hello_world.py
[2026-07-06T18:37:31.411+0000] {processor.py:925} INFO - DAG(s) '00_hello_world' retrieved from /opt/airflow/dags/00_hello_world.py
[2026-07-06T18:37:31.447+0000] {logging_mixin.py:190} INFO - [2026-07-06T18:37:31.447+0000] {dag.py:3239} INFO - Sync 1 DAGs
[2026-07-06T18:37:31.467+0000] {logging_mixin.py:190} INFO - [2026-07-06T18:37:31.467+0000] {dag.py:4180} INFO - Setting next_dagrun for 00_hello_world to None, run_after=None
[2026-07-06T18:37:31.488+0000] {processor.py:208} INFO - Processing /opt/airflow/dags/00_hello_world.py took 0.147 seconds
[2026-07-06T18:38:01.796+0000] {processor.py:186} INFO - Started process (PID=2202) to work on /opt/airflow/dags/00_hello_world.py
[2026-07-06T18:38:01.801+0000] {processor.py:914} INFO - Processing file /opt/airflow/dags/00_hello_world.py for tasks to queue
[2026-07-06T18:38:01.815+0000] {logging_mixin.py:190} INFO - [2026-07-06T18:38:01.813+0000] {dagbag.py:588} INFO - Filling up the DagBag from /opt/airflow/dags/00_hello_world.py
[2026-07-06T18:38:01.881+0000] {processor.py:925} INFO - DAG(s) '00_hello_world' retrieved from /opt/airflow/dags/00_hello_world.py
[2026-07-06T18:38:01.976+0000] {logging_mixin.py:190} INFO - [2026-07-06T18:38:01.973+0000] {dag.py:3239} INFO - Sync 1 DAGs
[2026-07-06T18:38:02.244+0000] {logging_mixin.py:190} INFO - [2026-07-06T18:38:02.244+0000] {dag.py:4180} INFO - Setting next_dagrun for 00_hello_world to None, run_after=None
[2026-07-06T18:38:02.261+0000] {processor.py:208} INFO - Processing /opt/airflow/dags/00_hello_world.py took 0.487 seconds
[2026-07-06T18:38:32.717+0000] {processor.py:186} INFO - Started process (PID=2212) to work on /opt/airflow/dags/00_hello_world.py
[2026-07-06T18:38:32.722+0000] {processor.py:914} INFO - Processing file /opt/airflow/dags/00_hello_world.py for tasks to queue
[2026-07-06T18:38:32.734+0000] {logging_mixin.py:190} INFO - [2026-07-06T18:38:32.733+0000] {dagbag.py:588} INFO - Filling up the DagBag from /opt/airflow/dags/00_hello_world.py
[2026-07-06T18:38:32.780+0000] {processor.py:925} INFO - DAG(s) '00_hello_world' retrieved from /opt/airflow/dags/00_hello_world.py
[2026-07-06T18:38:32.858+0000] {logging_mixin.py:190} INFO - [2026-07-06T18:38:32.858+0000] {dag.py:3239} INFO - Sync 1 DAGs
[2026-07-06T18:38:32.881+0000] {logging_mixin.py:190} INFO - [2026-07-06T18:38:32.881+0000] {dag.py:4180} INFO - Setting next_dagrun for 00_hello_world to None, run_after=None
[2026-07-06T18:38:32.902+0000] {processor.py:208} INFO - Processing /opt/airflow/dags/00_hello_world.py took 0.236 seconds
[2026-07-06T18:39:03.319+0000] {processor.py:186} INFO - Started process (PID=2222) to work on /opt/airflow/dags/00_hello_world.py
[2026-07-06T18:39:03.321+0000] {processor.py:914} INFO - Processing file /opt/airflow/dags/00_hello_world.py for tasks to queue
[2026-07-06T18:39:03.326+0000] {logging_mixin.py:190} INFO - [2026-07-06T18:39:03.325+0000] {dagbag.py:588} INFO - Filling up the DagBag from /opt/airflow/dags/00_hello_world.py
[2026-07-06T18:39:03.339+0000] {processor.py:925} INFO - DAG(s) '00_hello_world' retrieved from /opt/airflow/dags/00_hello_world.py
[2026-07-06T18:39:03.373+0000] {logging_mixin.py:190} INFO - [2026-07-06T18:39:03.373+0000] {dag.py:3239} INFO - Sync 1 DAGs
[2026-07-06T18:39:03.391+0000] {logging_mixin.py:190} INFO - [2026-07-06T18:39:03.390+0000] {dag.py:4180} INFO - Setting next_dagrun for 00_hello_world to None, run_after=None
[2026-07-06T18:39:03.411+0000] {processor.py:208} INFO - Processing /opt/airflow/dags/00_hello_world.py took 0.103 seconds
[2026-07-06T18:39:34.000+0000] {processor.py:186} INFO - Started process (PID=2232) to work on /opt/airflow/dags/00_hello_world.py
[2026-07-06T18:39:34.006+0000] {processor.py:914} INFO - Processing file /opt/airflow/dags/00_hello_world.py for tasks to queue
[2026-07-06T18:39:34.021+0000] {logging_mixin.py:190} INFO - [2026-07-06T18:39:34.020+0000] {dagbag.py:588} INFO - Filling up the DagBag from /opt/airflow/dags/00_hello_world.py
[2026-07-06T18:39:34.060+0000] {processor.py:925} INFO - DAG(s) '00_hello_world' retrieved from /opt/airflow/dags/00_hello_world.py
[2026-07-06T18:39:34.101+0000] {logging_mixin.py:190} INFO - [2026-07-06T18:39:34.101+0000] {dag.py:3239} INFO - Sync 1 DAGs
[2026-07-06T18:39:34.120+0000] {logging_mixin.py:190} INFO - [2026-07-06T18:39:34.120+0000] {dag.py:4180} INFO - Setting next_dagrun for 00_hello_world to None, run_after=None
[2026-07-06T18:39:34.141+0000] {processor.py:208} INFO - Processing /opt/airflow/dags/00_hello_world.py took 0.202 seconds
[2026-07-06T18:40:04.632+0000] {processor.py:186} INFO - Started process (PID=2242) to work on /opt/airflow/dags/00_hello_world.py
[2026-07-06T18:40:04.640+0000] {processor.py:914} INFO - Processing file /opt/airflow/dags/00_hello_world.py for tasks to queue
[2026-07-06T18:40:04.659+0000] {logging_mixin.py:190} INFO - [2026-07-06T18:40:04.658+0000] {dagbag.py:588} INFO - Filling up the DagBag from /opt/airflow/dags/00_hello_world.py
[2026-07-06T18:40:04.689+0000] {processor.py:925} INFO - DAG(s) '00_hello_world' retrieved from /opt/airflow/dags/00_hello_world.py
[2026-07-06T18:40:04.735+0000] {logging_mixin.py:190} INFO - [2026-07-06T18:40:04.735+0000] {dag.py:3239} INFO - Sync 1 DAGs
[2026-07-06T18:40:04.754+0000] {logging_mixin.py:190} INFO - [2026-07-06T18:40:04.754+0000] {dag.py:4180} INFO - Setting next_dagrun for 00_hello_world to None, run_after=None
[2026-07-06T18:40:04.782+0000] {processor.py:208} INFO - Processing /opt/airflow/dags/00_hello_world.py took 0.212 seconds
[2026-07-06T18:40:35.072+0000] {processor.py:186} INFO - Started process (PID=2252) to work on /opt/airflow/dags/00_hello_world.py
[2026-07-06T18:40:35.077+0000] {processor.py:914} INFO - Processing file /opt/airflow/dags/00_hello_world.py for tasks to queue
[2026-07-06T18:40:35.092+0000] {logging_mixin.py:190} INFO - [2026-07-06T18:40:35.090+0000] {dagbag.py:588} INFO - Filling up the DagBag from /opt/airflow/dags/00_hello_world.py
[2026-07-06T18:40:35.137+0000] {processor.py:925} INFO - DAG(s) '00_hello_world' retrieved from /opt/airflow/dags/00_hello_world.py
[2026-07-06T18:40:35.195+0000] {logging_mixin.py:190} INFO - [2026-07-06T18:40:35.195+0000] {dag.py:3239} INFO - Sync 1 DAGs
[2026-07-06T18:40:35.224+0000] {logging_mixin.py:190} INFO - [2026-07-06T18:40:35.224+0000] {dag.py:4180} INFO - Setting next_dagrun for 00_hello_world to None, run_after=None
[2026-07-06T18:40:35.507+0000] {processor.py:208} INFO - Processing /opt/airflow/dags/00_hello_world.py took 0.483 seconds
[2026-07-06T18:41:05.948+0000] {processor.py:186} INFO - Started process (PID=2262) to work on /opt/airflow/dags/00_hello_world.py
[2026-07-06T18:41:05.953+0000] {processor.py:914} INFO - Processing file /opt/airflow/dags/00_hello_world.py for tasks to queue
[2026-07-06T18:41:05.964+0000] {logging_mixin.py:190} INFO - [2026-07-06T18:41:05.963+0000] {dagbag.py:588} INFO - Filling up the DagBag from /opt/airflow/dags/00_hello_world.py
[2026-07-06T18:41:05.990+0000] {processor.py:925} INFO - DAG(s) '00_hello_world' retrieved from /opt/airflow/dags/00_hello_world.py
[2026-07-06T18:41:06.035+0000] {logging_mixin.py:190} INFO - [2026-07-06T18:41:06.035+0000] {dag.py:3239} INFO - Sync 1 DAGs
[2026-07-06T18:41:06.052+0000] {logging_mixin.py:190} INFO - [2026-07-06T18:41:06.052+0000] {dag.py:4180} INFO - Setting next_dagrun for 00_hello_world to None, run_after=None
[2026-07-06T18:41:06.072+0000] {processor.py:208} INFO - Processing /opt/airflow/dags/00_hello_world.py took 0.160 seconds
[2026-07-06T18:41:36.551+0000] {processor.py:186} INFO - Started process (PID=2272) to work on /opt/airflow/dags/00_hello_world.py
[2026-07-06T18:41:36.553+0000] {processor.py:914} INFO - Processing file /opt/airflow/dags/00_hello_world.py for tasks to queue
[2026-07-06T18:41:36.562+0000] {logging_mixin.py:190} INFO - [2026-07-06T18:41:36.562+0000] {dagbag.py:588} INFO - Filling up the DagBag from /opt/airflow/dags/00_hello_world.py
[2026-07-06T18:41:36.579+0000] {processor.py:925} INFO - DAG(s) '00_hello_world' retrieved from /opt/airflow/dags/00_hello_world.py
[2026-07-06T18:41:36.614+0000] {logging_mixin.py:190} INFO - [2026-07-06T18:41:36.614+0000] {dag.py:3239} INFO - Sync 1 DAGs
[2026-07-06T18:41:36.632+0000] {logging_mixin.py:190} INFO - [2026-07-06T18:41:36.632+0000] {dag.py:4180} INFO - Setting next_dagrun for 00_hello_world to None, run_after=None
[2026-07-06T18:41:36.654+0000] {processor.py:208} INFO - Processing /opt/airflow/dags/00_hello_world.py took 0.146 seconds
[2026-07-06T18:42:07.093+0000] {processor.py:186} INFO - Started process (PID=2282) to work on /opt/airflow/dags/00_hello_world.py
[2026-07-06T18:42:07.096+0000] {processor.py:914} INFO - Processing file /opt/airflow/dags/00_hello_world.py for tasks to queue
[2026-07-06T18:42:07.102+0000] {logging_mixin.py:190} INFO - [2026-07-06T18:42:07.101+0000] {dagbag.py:588} INFO - Filling up the DagBag from /opt/airflow/dags/00_hello_world.py
[2026-07-06T18:42:07.118+0000] {processor.py:925} INFO - DAG(s) '00_hello_world' retrieved from /opt/airflow/dags/00_hello_world.py
[2026-07-06T18:42:07.159+0000] {logging_mixin.py:190} INFO - [2026-07-06T18:42:07.159+0000] {dag.py:3239} INFO - Sync 1 DAGs
[2026-07-06T18:42:07.175+0000] {logging_mixin.py:190} INFO - [2026-07-06T18:42:07.175+0000] {dag.py:4180} INFO - Setting next_dagrun for 00_hello_world to None, run_after=None
[2026-07-06T18:42:07.195+0000] {processor.py:208} INFO - Processing /opt/airflow/dags/00_hello_world.py took 0.134 seconds
[2026-07-06T18:42:37.300+0000] {processor.py:186} INFO - Started process (PID=2292) to work on /opt/airflow/dags/00_hello_world.py
[2026-07-06T18:42:37.301+0000] {processor.py:914} INFO - Processing file /opt/airflow/dags/00_hello_world.py for tasks to queue
[2026-07-06T18:42:37.305+0000] {logging_mixin.py:190} INFO - [2026-07-06T18:42:37.305+0000] {dagbag.py:588} INFO - Filling up the DagBag from /opt/airflow/dags/00_hello_world.py
[2026-07-06T18:42:37.321+0000] {processor.py:925} INFO - DAG(s) '00_hello_world' retrieved from /opt/airflow/dags/00_hello_world.py
[2026-07-06T18:42:37.365+0000] {logging_mixin.py:190} INFO - [2026-07-06T18:42:37.365+0000] {dag.py:3239} INFO - Sync 1 DAGs
[2026-07-06T18:42:37.385+0000] {logging_mixin.py:190} INFO - [2026-07-06T18:42:37.384+0000] {dag.py:4180} INFO - Setting next_dagrun for 00_hello_world to None, run_after=None
[2026-07-06T18:42:37.410+0000] {processor.py:208} INFO - Processing /opt/airflow/dags/00_hello_world.py took 0.125 seconds
[2026-07-06T18:43:07.600+0000] {processor.py:186} INFO - Started process (PID=2302) to work on /opt/airflow/dags/00_hello_world.py
[2026-07-06T18:43:07.602+0000] {processor.py:914} INFO - Processing file /opt/airflow/dags/00_hello_world.py for tasks to queue
[2026-07-06T18:43:07.605+0000] {logging_mixin.py:190} INFO - [2026-07-06T18:43:07.605+0000] {dagbag.py:588} INFO - Filling up the DagBag from /opt/airflow/dags/00_hello_world.py
[2026-07-06T18:43:07.618+0000] {processor.py:925} INFO - DAG(s) '00_hello_world' retrieved from /opt/airflow/dags/00_hello_world.py
[2026-07-06T18:43:07.657+0000] {logging_mixin.py:190} INFO - [2026-07-06T18:43:07.657+0000] {dag.py:3239} INFO - Sync 1 DAGs
[2026-07-06T18:43:07.684+0000] {logging_mixin.py:190} INFO - [2026-07-06T18:43:07.684+0000] {dag.py:4180} INFO - Setting next_dagrun for 00_hello_world to None, run_after=None
[2026-07-06T18:43:07.711+0000] {processor.py:208} INFO - Processing /opt/airflow/dags/00_hello_world.py took 0.123 seconds
[2026-07-06T18:43:38.038+0000] {processor.py:186} INFO - Started process (PID=2312) to work on /opt/airflow/dags/00_hello_world.py
[2026-07-06T18:43:38.039+0000] {processor.py:914} INFO - Processing file /opt/airflow/dags/00_hello_world.py for tasks to queue
[2026-07-06T18:43:38.043+0000] {logging_mixin.py:190} INFO - [2026-07-06T18:43:38.042+0000] {dagbag.py:588} INFO - Filling up the DagBag from /opt/airflow/dags/00_hello_world.py
[2026-07-06T18:43:38.057+0000] {processor.py:925} INFO - DAG(s) '00_hello_world' retrieved from /opt/airflow/dags/00_hello_world.py
[2026-07-06T18:43:38.093+0000] {logging_mixin.py:190} INFO - [2026-07-06T18:43:38.092+0000] {dag.py:3239} INFO - Sync 1 DAGs
[2026-07-06T18:43:38.301+0000] {logging_mixin.py:190} INFO - [2026-07-06T18:43:38.301+0000] {dag.py:4180} INFO - Setting next_dagrun for 00_hello_world to None, run_after=None
[2026-07-06T18:43:38.321+0000] {processor.py:208} INFO - Processing /opt/airflow/dags/00_hello_world.py took 0.294 seconds
[2026-07-06T18:44:08.566+0000] {processor.py:186} INFO - Started process (PID=2322) to work on /opt/airflow/dags/00_hello_world.py
[2026-07-06T18:44:08.568+0000] {processor.py:914} INFO - Processing file /opt/airflow/dags/00_hello_world.py for tasks to queue
[2026-07-06T18:44:08.574+0000] {logging_mixin.py:190} INFO - [2026-07-06T18:44:08.573+0000] {dagbag.py:588} INFO - Filling up the DagBag from /opt/airflow/dags/00_hello_world.py
[2026-07-06T18:44:08.590+0000] {processor.py:925} INFO - DAG(s) '00_hello_world' retrieved from /opt/airflow/dags/00_hello_world.py
[2026-07-06T18:44:08.644+0000] {logging_mixin.py:190} INFO - [2026-07-06T18:44:08.643+0000] {dag.py:3239} INFO - Sync 1 DAGs
[2026-07-06T18:44:08.678+0000] {logging_mixin.py:190} INFO - [2026-07-06T18:44:08.678+0000] {dag.py:4180} INFO - Setting next_dagrun for 00_hello_world to None, run_after=None
[2026-07-06T18:44:08.721+0000] {processor.py:208} INFO - Processing /opt/airflow/dags/00_hello_world.py took 0.166 seconds
[2026-07-06T18:44:39.230+0000] {processor.py:186} INFO - Started process (PID=2332) to work on /opt/airflow/dags/00_hello_world.py
[2026-07-06T18:44:39.231+0000] {processor.py:914} INFO - Processing file /opt/airflow/dags/00_hello_world.py for tasks to queue
[2026-07-06T18:44:39.236+0000] {logging_mixin.py:190} INFO - [2026-07-06T18:44:39.236+0000] {dagbag.py:588} INFO - Filling up the DagBag from /opt/airflow/dags/00_hello_world.py
[2026-07-06T18:44:39.249+0000] {processor.py:925} INFO - DAG(s) '00_hello_world' retrieved from /opt/airflow/dags/00_hello_world.py
[2026-07-06T18:44:39.285+0000] {logging_mixin.py:190} INFO - [2026-07-06T18:44:39.285+0000] {dag.py:3239} INFO - Sync 1 DAGs
[2026-07-06T18:44:39.304+0000] {logging_mixin.py:190} INFO - [2026-07-06T18:44:39.304+0000] {dag.py:4180} INFO - Setting next_dagrun for 00_hello_world to None, run_after=None
[2026-07-06T18:44:39.333+0000] {processor.py:208} INFO - Processing /opt/airflow/dags/00_hello_world.py took 0.128 seconds
[2026-07-06T18:45:09.636+0000] {processor.py:186} INFO - Started process (PID=2342) to work on /opt/airflow/dags/00_hello_world.py
[2026-07-06T18:45:09.637+0000] {processor.py:914} INFO - Processing file /opt/airflow/dags/00_hello_world.py for tasks to queue
[2026-07-06T18:45:09.644+0000] {logging_mixin.py:190} INFO - [2026-07-06T18:45:09.644+0000] {dagbag.py:588} INFO - Filling up the DagBag from /opt/airflow/dags/00_hello_world.py
[2026-07-06T18:45:09.659+0000] {processor.py:925} INFO - DAG(s) '00_hello_world' retrieved from /opt/airflow/dags/00_hello_world.py
[2026-07-06T18:45:09.712+0000] {logging_mixin.py:190} INFO - [2026-07-06T18:45:09.712+0000] {dag.py:3239} INFO - Sync 1 DAGs
[2026-07-06T18:45:09.731+0000] {logging_mixin.py:190} INFO - [2026-07-06T18:45:09.730+0000] {dag.py:4180} INFO - Setting next_dagrun for 00_hello_world to None, run_after=None
[2026-07-06T18:45:09.753+0000] {processor.py:208} INFO - Processing /opt/airflow/dags/00_hello_world.py took 0.128 seconds
[2026-07-06T18:45:40.147+0000] {processor.py:186} INFO - Started process (PID=2352) to work on /opt/airflow/dags/00_hello_world.py
[2026-07-06T18:45:40.149+0000] {processor.py:914} INFO - Processing file /opt/airflow/dags/00_hello_world.py for tasks to queue
[2026-07-06T18:45:40.152+0000] {logging_mixin.py:190} INFO - [2026-07-06T18:45:40.152+0000] {dagbag.py:588} INFO - Filling up the DagBag from /opt/airflow/dags/00_hello_world.py
[2026-07-06T18:45:40.169+0000] {processor.py:925} INFO - DAG(s) '00_hello_world' retrieved from /opt/airflow/dags/00_hello_world.py
[2026-07-06T18:45:40.237+0000] {logging_mixin.py:190} INFO - [2026-07-06T18:45:40.237+0000] {dag.py:3239} INFO - Sync 1 DAGs
[2026-07-06T18:45:40.263+0000] {logging_mixin.py:190} INFO - [2026-07-06T18:45:40.263+0000] {dag.py:4180} INFO - Setting next_dagrun for 00_hello_world to None, run_after=None
[2026-07-06T18:45:40.285+0000] {processor.py:208} INFO - Processing /opt/airflow/dags/00_hello_world.py took 0.155 seconds
[2026-07-06T18:46:10.736+0000] {processor.py:186} INFO - Started process (PID=2362) to work on /opt/airflow/dags/00_hello_world.py
[2026-07-06T18:46:10.742+0000] {processor.py:914} INFO - Processing file /opt/airflow/dags/00_hello_world.py for tasks to queue
[2026-07-06T18:46:10.748+0000] {logging_mixin.py:190} INFO - [2026-07-06T18:46:10.747+0000] {dagbag.py:588} INFO - Filling up the DagBag from /opt/airflow/dags/00_hello_world.py
[2026-07-06T18:46:10.779+0000] {processor.py:925} INFO - DAG(s) '00_hello_world' retrieved from /opt/airflow/dags/00_hello_world.py
[2026-07-06T18:46:10.878+0000] {logging_mixin.py:190} INFO - [2026-07-06T18:46:10.878+0000] {dag.py:3239} INFO - Sync 1 DAGs
[2026-07-06T18:46:10.917+0000] {logging_mixin.py:190} INFO - [2026-07-06T18:46:10.917+0000] {dag.py:4180} INFO - Setting next_dagrun for 00_hello_world to None, run_after=None
[2026-07-06T18:46:11.268+0000] {processor.py:208} INFO - Processing /opt/airflow/dags/00_hello_world.py took 0.553 seconds
[2026-07-06T18:46:41.651+0000] {processor.py:186} INFO - Started process (PID=2372) to work on /opt/airflow/dags/00_hello_world.py
[2026-07-06T18:46:41.653+0000] {processor.py:914} INFO - Processing file /opt/airflow/dags/00_hello_world.py for tasks to queue
[2026-07-06T18:46:41.659+0000] {logging_mixin.py:190} INFO - [2026-07-06T18:46:41.659+0000] {dagbag.py:588} INFO - Filling up the DagBag from /opt/airflow/dags/00_hello_world.py
[2026-07-06T18:46:41.684+0000] {processor.py:925} INFO - DAG(s) '00_hello_world' retrieved from /opt/airflow/dags/00_hello_world.py
[2026-07-06T18:46:41.758+0000] {logging_mixin.py:190} INFO - [2026-07-06T18:46:41.758+0000] {dag.py:3239} INFO - Sync 1 DAGs
[2026-07-06T18:46:42.124+0000] {logging_mixin.py:190} INFO - [2026-07-06T18:46:42.124+0000] {dag.py:4180} INFO - Setting next_dagrun for 00_hello_world to None, run_after=None
[2026-07-06T18:46:42.145+0000] {processor.py:208} INFO - Processing /opt/airflow/dags/00_hello_world.py took 0.510 seconds
[2026-07-06T18:47:12.476+0000] {processor.py:186} INFO - Started process (PID=2382) to work on /opt/airflow/dags/00_hello_world.py
[2026-07-06T18:47:12.479+0000] {processor.py:914} INFO - Processing file /opt/airflow/dags/00_hello_world.py for tasks to queue
[2026-07-06T18:47:12.487+0000] {logging_mixin.py:190} INFO - [2026-07-06T18:47:12.486+0000] {dagbag.py:588} INFO - Filling up the DagBag from /opt/airflow/dags/00_hello_world.py
[2026-07-06T18:47:12.506+0000] {processor.py:925} INFO - DAG(s) '00_hello_world' retrieved from /opt/airflow/dags/00_hello_world.py
[2026-07-06T18:47:12.551+0000] {logging_mixin.py:190} INFO - [2026-07-06T18:47:12.551+0000] {dag.py:3239} INFO - Sync 1 DAGs
[2026-07-06T18:47:12.575+0000] {logging_mixin.py:190} INFO - [2026-07-06T18:47:12.574+0000] {dag.py:4180} INFO - Setting next_dagrun for 00_hello_world to None, run_after=None
[2026-07-06T18:47:12.600+0000] {processor.py:208} INFO - Processing /opt/airflow/dags/00_hello_world.py took 0.136 seconds
[2026-07-06T18:47:42.931+0000] {processor.py:186} INFO - Started process (PID=2392) to work on /opt/airflow/dags/00_hello_world.py
[2026-07-06T18:47:42.933+0000] {processor.py:914} INFO - Processing file /opt/airflow/dags/00_hello_world.py for tasks to queue
[2026-07-06T18:47:42.937+0000] {logging_mixin.py:190} INFO - [2026-07-06T18:47:42.936+0000] {dagbag.py:588} INFO - Filling up the DagBag from /opt/airflow/dags/00_hello_world.py
[2026-07-06T18:47:42.956+0000] {processor.py:925} INFO - DAG(s) '00_hello_world' retrieved from /opt/airflow/dags/00_hello_world.py
[2026-07-06T18:47:43.030+0000] {logging_mixin.py:190} INFO - [2026-07-06T18:47:43.029+0000] {dag.py:3239} INFO - Sync 1 DAGs
[2026-07-06T18:47:43.054+0000] {logging_mixin.py:190} INFO - [2026-07-06T18:47:43.054+0000] {dag.py:4180} INFO - Setting next_dagrun for 00_hello_world to None, run_after=None
[2026-07-06T18:47:43.085+0000] {processor.py:208} INFO - Processing /opt/airflow/dags/00_hello_world.py took 0.166 seconds
[2026-07-06T18:48:13.575+0000] {processor.py:186} INFO - Started process (PID=2402) to work on /opt/airflow/dags/00_hello_world.py
[2026-07-06T18:48:13.580+0000] {processor.py:914} INFO - Processing file /opt/airflow/dags/00_hello_world.py for tasks to queue
[2026-07-06T18:48:13.605+0000] {logging_mixin.py:190} INFO - [2026-07-06T18:48:13.603+0000] {dagbag.py:588} INFO - Filling up the DagBag from /opt/airflow/dags/00_hello_world.py
[2026-07-06T18:48:13.655+0000] {processor.py:925} INFO - DAG(s) '00_hello_world' retrieved from /opt/airflow/dags/00_hello_world.py
[2026-07-06T18:48:13.711+0000] {logging_mixin.py:190} INFO - [2026-07-06T18:48:13.710+0000] {dag.py:3239} INFO - Sync 1 DAGs
[2026-07-06T18:48:13.730+0000] {logging_mixin.py:190} INFO - [2026-07-06T18:48:13.730+0000] {dag.py:4180} INFO - Setting next_dagrun for 00_hello_world to None, run_after=None
[2026-07-06T18:48:13.755+0000] {processor.py:208} INFO - Processing /opt/airflow/dags/00_hello_world.py took 0.238 seconds
[2026-07-06T18:48:44.005+0000] {processor.py:186} INFO - Started process (PID=2412) to work on /opt/airflow/dags/00_hello_world.py
[2026-07-06T18:48:44.008+0000] {processor.py:914} INFO - Processing file /opt/airflow/dags/00_hello_world.py for tasks to queue
[2026-07-06T18:48:44.017+0000] {logging_mixin.py:190} INFO - [2026-07-06T18:48:44.016+0000] {dagbag.py:588} INFO - Filling up the DagBag from /opt/airflow/dags/00_hello_world.py
[2026-07-06T18:48:44.041+0000] {processor.py:925} INFO - DAG(s) '00_hello_world' retrieved from /opt/airflow/dags/00_hello_world.py
[2026-07-06T18:48:44.092+0000] {logging_mixin.py:190} INFO - [2026-07-06T18:48:44.092+0000] {dag.py:3239} INFO - Sync 1 DAGs
[2026-07-06T18:48:44.117+0000] {logging_mixin.py:190} INFO - [2026-07-06T18:48:44.116+0000] {dag.py:4180} INFO - Setting next_dagrun for 00_hello_world to None, run_after=None
[2026-07-06T18:48:44.149+0000] {processor.py:208} INFO - Processing /opt/airflow/dags/00_hello_world.py took 0.180 seconds
[2026-07-06T18:49:14.503+0000] {processor.py:186} INFO - Started process (PID=2422) to work on /opt/airflow/dags/00_hello_world.py
[2026-07-06T18:49:14.506+0000] {processor.py:914} INFO - Processing file /opt/airflow/dags/00_hello_world.py for tasks to queue
[2026-07-06T18:49:14.512+0000] {logging_mixin.py:190} INFO - [2026-07-06T18:49:14.511+0000] {dagbag.py:588} INFO - Filling up the DagBag from /opt/airflow/dags/00_hello_world.py
[2026-07-06T18:49:14.526+0000] {processor.py:925} INFO - DAG(s) '00_hello_world' retrieved from /opt/airflow/dags/00_hello_world.py
[2026-07-06T18:49:14.566+0000] {logging_mixin.py:190} INFO - [2026-07-06T18:49:14.566+0000] {dag.py:3239} INFO - Sync 1 DAGs
[2026-07-06T18:49:14.585+0000] {logging_mixin.py:190} INFO - [2026-07-06T18:49:14.584+0000] {dag.py:4180} INFO - Setting next_dagrun for 00_hello_world to None, run_after=None
[2026-07-06T18:49:14.808+0000] {processor.py:208} INFO - Processing /opt/airflow/dags/00_hello_world.py took 0.325 seconds
[2026-07-06T18:49:44.970+0000] {processor.py:186} INFO - Started process (PID=2432) to work on /opt/airflow/dags/00_hello_world.py
[2026-07-06T18:49:44.976+0000] {processor.py:914} INFO - Processing file /opt/airflow/dags/00_hello_world.py for tasks to queue
[2026-07-06T18:49:44.993+0000] {logging_mixin.py:190} INFO - [2026-07-06T18:49:44.991+0000] {dagbag.py:588} INFO - Filling up the DagBag from /opt/airflow/dags/00_hello_world.py
[2026-07-06T18:49:45.042+0000] {processor.py:925} INFO - DAG(s) '00_hello_world' retrieved from /opt/airflow/dags/00_hello_world.py
[2026-07-06T18:49:45.095+0000] {logging_mixin.py:190} INFO - [2026-07-06T18:49:45.095+0000] {dag.py:3239} INFO - Sync 1 DAGs
[2026-07-06T18:49:45.113+0000] {logging_mixin.py:190} INFO - [2026-07-06T18:49:45.113+0000] {dag.py:4180} INFO - Setting next_dagrun for 00_hello_world to None, run_after=None
[2026-07-06T18:49:45.134+0000] {processor.py:208} INFO - Processing /opt/airflow/dags/00_hello_world.py took 0.196 seconds
[2026-07-06T18:50:15.388+0000] {processor.py:186} INFO - Started process (PID=2442) to work on /opt/airflow/dags/00_hello_world.py
[2026-07-06T18:50:15.392+0000] {processor.py:914} INFO - Processing file /opt/airflow/dags/00_hello_world.py for tasks to queue
[2026-07-06T18:50:15.399+0000] {logging_mixin.py:190} INFO - [2026-07-06T18:50:15.398+0000] {dagbag.py:588} INFO - Filling up the DagBag from /opt/airflow/dags/00_hello_world.py
[2026-07-06T18:50:15.430+0000] {processor.py:925} INFO - DAG(s) '00_hello_world' retrieved from /opt/airflow/dags/00_hello_world.py
[2026-07-06T18:50:15.488+0000] {logging_mixin.py:190} INFO - [2026-07-06T18:50:15.487+0000] {dag.py:3239} INFO - Sync 1 DAGs
[2026-07-06T18:50:15.514+0000] {logging_mixin.py:190} INFO - [2026-07-06T18:50:15.514+0000] {dag.py:4180} INFO - Setting next_dagrun for 00_hello_world to None, run_after=None
[2026-07-06T18:50:15.544+0000] {processor.py:208} INFO - Processing /opt/airflow/dags/00_hello_world.py took 0.180 seconds
[2026-07-06T18:50:45.923+0000] {processor.py:186} INFO - Started process (PID=2452) to work on /opt/airflow/dags/00_hello_world.py
[2026-07-06T18:50:45.924+0000] {processor.py:914} INFO - Processing file /opt/airflow/dags/00_hello_world.py for tasks to queue
[2026-07-06T18:50:45.929+0000] {logging_mixin.py:190} INFO - [2026-07-06T18:50:45.928+0000] {dagbag.py:588} INFO - Filling up the DagBag from /opt/airflow/dags/00_hello_world.py
[2026-07-06T18:50:45.944+0000] {processor.py:925} INFO - DAG(s) '00_hello_world' retrieved from /opt/airflow/dags/00_hello_world.py
[2026-07-06T18:50:45.993+0000] {logging_mixin.py:190} INFO - [2026-07-06T18:50:45.993+0000] {dag.py:3239} INFO - Sync 1 DAGs
[2026-07-06T18:50:46.031+0000] {logging_mixin.py:190} INFO - [2026-07-06T18:50:46.021+0000] {dag.py:4180} INFO - Setting next_dagrun for 00_hello_world to None, run_after=None
[2026-07-06T18:50:46.078+0000] {processor.py:208} INFO - Processing /opt/airflow/dags/00_hello_world.py took 0.177 seconds
[2026-07-06T18:51:16.382+0000] {processor.py:186} INFO - Started process (PID=2462) to work on /opt/airflow/dags/00_hello_world.py
[2026-07-06T18:51:16.387+0000] {processor.py:914} INFO - Processing file /opt/airflow/dags/00_hello_world.py for tasks to queue
[2026-07-06T18:51:16.401+0000] {logging_mixin.py:190} INFO - [2026-07-06T18:51:16.400+0000] {dagbag.py:588} INFO - Filling up the DagBag from /opt/airflow/dags/00_hello_world.py
[2026-07-06T18:51:16.463+0000] {processor.py:925} INFO - DAG(s) '00_hello_world' retrieved from /opt/airflow/dags/00_hello_world.py
[2026-07-06T18:51:16.610+0000] {logging_mixin.py:190} INFO - [2026-07-06T18:51:16.610+0000] {dag.py:3239} INFO - Sync 1 DAGs
[2026-07-06T18:51:16.641+0000] {logging_mixin.py:190} INFO - [2026-07-06T18:51:16.641+0000] {dag.py:4180} INFO - Setting next_dagrun for 00_hello_world to None, run_after=None
[2026-07-06T18:51:16.664+0000] {processor.py:208} INFO - Processing /opt/airflow/dags/00_hello_world.py took 0.326 seconds
[2026-07-06T18:51:47.143+0000] {processor.py:186} INFO - Started process (PID=2472) to work on /opt/airflow/dags/00_hello_world.py
[2026-07-06T18:51:47.145+0000] {processor.py:914} INFO - Processing file /opt/airflow/dags/00_hello_world.py for tasks to queue
[2026-07-06T18:51:47.153+0000] {logging_mixin.py:190} INFO - [2026-07-06T18:51:47.151+0000] {dagbag.py:588} INFO - Filling up the DagBag from /opt/airflow/dags/00_hello_world.py
[2026-07-06T18:51:47.176+0000] {processor.py:925} INFO - DAG(s) '00_hello_world' retrieved from /opt/airflow/dags/00_hello_world.py
[2026-07-06T18:51:47.218+0000] {logging_mixin.py:190} INFO - [2026-07-06T18:51:47.217+0000] {dag.py:3239} INFO - Sync 1 DAGs
[2026-07-06T18:51:47.236+0000] {logging_mixin.py:190} INFO - [2026-07-06T18:51:47.236+0000] {dag.py:4180} INFO - Setting next_dagrun for 00_hello_world to None, run_after=None
[2026-07-06T18:51:47.257+0000] {processor.py:208} INFO - Processing /opt/airflow/dags/00_hello_world.py took 0.155 seconds
[2026-07-06T18:52:17.665+0000] {processor.py:186} INFO - Started process (PID=2482) to work on /opt/airflow/dags/00_hello_world.py
[2026-07-06T18:52:17.668+0000] {processor.py:914} INFO - Processing file /opt/airflow/dags/00_hello_world.py for tasks to queue
[2026-07-06T18:52:17.678+0000] {logging_mixin.py:190} INFO - [2026-07-06T18:52:17.676+0000] {dagbag.py:588} INFO - Filling up the DagBag from /opt/airflow/dags/00_hello_world.py
[2026-07-06T18:52:17.698+0000] {processor.py:925} INFO - DAG(s) '00_hello_world' retrieved from /opt/airflow/dags/00_hello_world.py
[2026-07-06T18:52:17.739+0000] {logging_mixin.py:190} INFO - [2026-07-06T18:52:17.739+0000] {dag.py:3239} INFO - Sync 1 DAGs
[2026-07-06T18:52:17.983+0000] {logging_mixin.py:190} INFO - [2026-07-06T18:52:17.982+0000] {dag.py:4180} INFO - Setting next_dagrun for 00_hello_world to None, run_after=None
[2026-07-06T18:52:18.003+0000] {processor.py:208} INFO - Processing /opt/airflow/dags/00_hello_world.py took 0.396 seconds
[2026-07-06T18:52:48.480+0000] {processor.py:186} INFO - Started process (PID=2492) to work on /opt/airflow/dags/00_hello_world.py
[2026-07-06T18:52:48.484+0000] {processor.py:914} INFO - Processing file /opt/airflow/dags/00_hello_world.py for tasks to queue
[2026-07-06T18:52:48.499+0000] {logging_mixin.py:190} INFO - [2026-07-06T18:52:48.498+0000] {dagbag.py:588} INFO - Filling up the DagBag from /opt/airflow/dags/00_hello_world.py
[2026-07-06T18:52:48.540+0000] {processor.py:925} INFO - DAG(s) '00_hello_world' retrieved from /opt/airflow/dags/00_hello_world.py
[2026-07-06T18:52:48.600+0000] {logging_mixin.py:190} INFO - [2026-07-06T18:52:48.599+0000] {dag.py:3239} INFO - Sync 1 DAGs
[2026-07-06T18:52:48.619+0000] {logging_mixin.py:190} INFO - [2026-07-06T18:52:48.619+0000] {dag.py:4180} INFO - Setting next_dagrun for 00_hello_world to None, run_after=None
[2026-07-06T18:52:48.640+0000] {processor.py:208} INFO - Processing /opt/airflow/dags/00_hello_world.py took 0.205 seconds
[2026-07-06T18:53:18.971+0000] {processor.py:186} INFO - Started process (PID=2502) to work on /opt/airflow/dags/00_hello_world.py
[2026-07-06T18:53:18.976+0000] {processor.py:914} INFO - Processing file /opt/airflow/dags/00_hello_world.py for tasks to queue
[2026-07-06T18:53:18.986+0000] {logging_mixin.py:190} INFO - [2026-07-06T18:53:18.985+0000] {dagbag.py:588} INFO - Filling up the DagBag from /opt/airflow/dags/00_hello_world.py
[2026-07-06T18:53:19.004+0000] {processor.py:925} INFO - DAG(s) '00_hello_world' retrieved from /opt/airflow/dags/00_hello_world.py
[2026-07-06T18:53:19.047+0000] {logging_mixin.py:190} INFO - [2026-07-06T18:53:19.047+0000] {dag.py:3239} INFO - Sync 1 DAGs
[2026-07-06T18:53:19.072+0000] {logging_mixin.py:190} INFO - [2026-07-06T18:53:19.072+0000] {dag.py:4180} INFO - Setting next_dagrun for 00_hello_world to None, run_after=None
[2026-07-06T18:53:19.098+0000] {processor.py:208} INFO - Processing /opt/airflow/dags/00_hello_world.py took 0.171 seconds
[2026-07-06T18:53:49.452+0000] {processor.py:186} INFO - Started process (PID=2512) to work on /opt/airflow/dags/00_hello_world.py
[2026-07-06T18:53:49.454+0000] {processor.py:914} INFO - Processing file /opt/airflow/dags/00_hello_world.py for tasks to queue
[2026-07-06T18:53:49.460+0000] {logging_mixin.py:190} INFO - [2026-07-06T18:53:49.459+0000] {dagbag.py:588} INFO - Filling up the DagBag from /opt/airflow/dags/00_hello_world.py
[2026-07-06T18:53:49.475+0000] {processor.py:925} INFO - DAG(s) '00_hello_world' retrieved from /opt/airflow/dags/00_hello_world.py
[2026-07-06T18:53:49.523+0000] {logging_mixin.py:190} INFO - [2026-07-06T18:53:49.523+0000] {dag.py:3239} INFO - Sync 1 DAGs
[2026-07-06T18:53:49.540+0000] {logging_mixin.py:190} INFO - [2026-07-06T18:53:49.540+0000] {dag.py:4180} INFO - Setting next_dagrun for 00_hello_world to None, run_after=None
[2026-07-06T18:53:49.560+0000] {processor.py:208} INFO - Processing /opt/airflow/dags/00_hello_world.py took 0.132 seconds
[2026-07-06T18:54:20.066+0000] {processor.py:186} INFO - Started process (PID=2522) to work on /opt/airflow/dags/00_hello_world.py
[2026-07-06T18:54:20.072+0000] {processor.py:914} INFO - Processing file /opt/airflow/dags/00_hello_world.py for tasks to queue
[2026-07-06T18:54:20.085+0000] {logging_mixin.py:190} INFO - [2026-07-06T18:54:20.084+0000] {dagbag.py:588} INFO - Filling up the DagBag from /opt/airflow/dags/00_hello_world.py
[2026-07-06T18:54:20.113+0000] {processor.py:925} INFO - DAG(s) '00_hello_world' retrieved from /opt/airflow/dags/00_hello_world.py
[2026-07-06T18:54:20.174+0000] {logging_mixin.py:190} INFO - [2026-07-06T18:54:20.174+0000] {dag.py:3239} INFO - Sync 1 DAGs
[2026-07-06T18:54:20.201+0000] {logging_mixin.py:190} INFO - [2026-07-06T18:54:20.201+0000] {dag.py:4180} INFO - Setting next_dagrun for 00_hello_world to None, run_after=None
[2026-07-06T18:54:20.230+0000] {processor.py:208} INFO - Processing /opt/airflow/dags/00_hello_world.py took 0.232 seconds
[2026-07-06T18:54:50.677+0000] {processor.py:186} INFO - Started process (PID=2532) to work on /opt/airflow/dags/00_hello_world.py
[2026-07-06T18:54:50.680+0000] {processor.py:914} INFO - Processing file /opt/airflow/dags/00_hello_world.py for tasks to queue
[2026-07-06T18:54:50.685+0000] {logging_mixin.py:190} INFO - [2026-07-06T18:54:50.684+0000] {dagbag.py:588} INFO - Filling up the DagBag from /opt/airflow/dags/00_hello_world.py
[2026-07-06T18:54:50.702+0000] {processor.py:925} INFO - DAG(s) '00_hello_world' retrieved from /opt/airflow/dags/00_hello_world.py
[2026-07-06T18:54:50.748+0000] {logging_mixin.py:190} INFO - [2026-07-06T18:54:50.747+0000] {dag.py:3239} INFO - Sync 1 DAGs
[2026-07-06T18:54:50.771+0000] {logging_mixin.py:190} INFO - [2026-07-06T18:54:50.771+0000] {dag.py:4180} INFO - Setting next_dagrun for 00_hello_world to None, run_after=None
[2026-07-06T18:54:51.008+0000] {processor.py:208} INFO - Processing /opt/airflow/dags/00_hello_world.py took 0.350 seconds
[2026-07-06T18:55:21.492+0000] {processor.py:186} INFO - Started process (PID=2542) to work on /opt/airflow/dags/00_hello_world.py
[2026-07-06T18:55:21.496+0000] {processor.py:914} INFO - Processing file /opt/airflow/dags/00_hello_world.py for tasks to queue
[2026-07-06T18:55:21.511+0000] {logging_mixin.py:190} INFO - [2026-07-06T18:55:21.510+0000] {dagbag.py:588} INFO - Filling up the DagBag from /opt/airflow/dags/00_hello_world.py
[2026-07-06T18:55:21.553+0000] {processor.py:925} INFO - DAG(s) '00_hello_world' retrieved from /opt/airflow/dags/00_hello_world.py
[2026-07-06T18:55:21.672+0000] {logging_mixin.py:190} INFO - [2026-07-06T18:55:21.671+0000] {dag.py:3239} INFO - Sync 1 DAGs
[2026-07-06T18:55:21.921+0000] {logging_mixin.py:190} INFO - [2026-07-06T18:55:21.921+0000] {dag.py:4180} INFO - Setting next_dagrun for 00_hello_world to None, run_after=None
[2026-07-06T18:55:21.940+0000] {processor.py:208} INFO - Processing /opt/airflow/dags/00_hello_world.py took 0.484 seconds
[2026-07-06T18:55:52.398+0000] {processor.py:186} INFO - Started process (PID=2552) to work on /opt/airflow/dags/00_hello_world.py
[2026-07-06T18:55:52.402+0000] {processor.py:914} INFO - Processing file /opt/airflow/dags/00_hello_world.py for tasks to queue
[2026-07-06T18:55:52.410+0000] {logging_mixin.py:190} INFO - [2026-07-06T18:55:52.409+0000] {dagbag.py:588} INFO - Filling up the DagBag from /opt/airflow/dags/00_hello_world.py
[2026-07-06T18:55:52.441+0000] {processor.py:925} INFO - DAG(s) '00_hello_world' retrieved from /opt/airflow/dags/00_hello_world.py
[2026-07-06T18:55:52.526+0000] {logging_mixin.py:190} INFO - [2026-07-06T18:55:52.526+0000] {dag.py:3239} INFO - Sync 1 DAGs
[2026-07-06T18:55:52.548+0000] {logging_mixin.py:190} INFO - [2026-07-06T18:55:52.547+0000] {dag.py:4180} INFO - Setting next_dagrun for 00_hello_world to None, run_after=None
[2026-07-06T18:55:52.572+0000] {processor.py:208} INFO - Processing /opt/airflow/dags/00_hello_world.py took 0.207 seconds
[2026-07-06T18:56:23.105+0000] {processor.py:186} INFO - Started process (PID=2562) to work on /opt/airflow/dags/00_hello_world.py
[2026-07-06T18:56:23.108+0000] {processor.py:914} INFO - Processing file /opt/airflow/dags/00_hello_world.py for tasks to queue
[2026-07-06T18:56:23.117+0000] {logging_mixin.py:190} INFO - [2026-07-06T18:56:23.116+0000] {dagbag.py:588} INFO - Filling up the DagBag from /opt/airflow/dags/00_hello_world.py
[2026-07-06T18:56:23.136+0000] {processor.py:925} INFO - DAG(s) '00_hello_world' retrieved from /opt/airflow/dags/00_hello_world.py
[2026-07-06T18:56:23.177+0000] {logging_mixin.py:190} INFO - [2026-07-06T18:56:23.177+0000] {dag.py:3239} INFO - Sync 1 DAGs
[2026-07-06T18:56:23.196+0000] {logging_mixin.py:190} INFO - [2026-07-06T18:56:23.196+0000] {dag.py:4180} INFO - Setting next_dagrun for 00_hello_world to None, run_after=None
[2026-07-06T18:56:23.220+0000] {processor.py:208} INFO - Processing /opt/airflow/dags/00_hello_world.py took 0.153 seconds
[2026-07-06T18:56:53.594+0000] {processor.py:186} INFO - Started process (PID=2572) to work on /opt/airflow/dags/00_hello_world.py
[2026-07-06T18:56:53.596+0000] {processor.py:914} INFO - Processing file /opt/airflow/dags/00_hello_world.py for tasks to queue
[2026-07-06T18:56:53.599+0000] {logging_mixin.py:190} INFO - [2026-07-06T18:56:53.599+0000] {dagbag.py:588} INFO - Filling up the DagBag from /opt/airflow/dags/00_hello_world.py
[2026-07-06T18:56:53.611+0000] {processor.py:925} INFO - DAG(s) '00_hello_world' retrieved from /opt/airflow/dags/00_hello_world.py
[2026-07-06T18:56:53.651+0000] {logging_mixin.py:190} INFO - [2026-07-06T18:56:53.650+0000] {dag.py:3239} INFO - Sync 1 DAGs
[2026-07-06T18:56:53.670+0000] {logging_mixin.py:190} INFO - [2026-07-06T18:56:53.670+0000] {dag.py:4180} INFO - Setting next_dagrun for 00_hello_world to None, run_after=None
[2026-07-06T18:56:53.693+0000] {processor.py:208} INFO - Processing /opt/airflow/dags/00_hello_world.py took 0.115 seconds
[2026-07-06T18:57:23.987+0000] {processor.py:186} INFO - Started process (PID=2582) to work on /opt/airflow/dags/00_hello_world.py
[2026-07-06T18:57:23.989+0000] {processor.py:914} INFO - Processing file /opt/airflow/dags/00_hello_world.py for tasks to queue
[2026-07-06T18:57:23.998+0000] {logging_mixin.py:190} INFO - [2026-07-06T18:57:23.997+0000] {dagbag.py:588} INFO - Filling up the DagBag from /opt/airflow/dags/00_hello_world.py
[2026-07-06T18:57:24.020+0000] {processor.py:925} INFO - DAG(s) '00_hello_world' retrieved from /opt/airflow/dags/00_hello_world.py
[2026-07-06T18:57:24.056+0000] {logging_mixin.py:190} INFO - [2026-07-06T18:57:24.056+0000] {dag.py:3239} INFO - Sync 1 DAGs
[2026-07-06T18:57:24.073+0000] {logging_mixin.py:190} INFO - [2026-07-06T18:57:24.073+0000] {dag.py:4180} INFO - Setting next_dagrun for 00_hello_world to None, run_after=None
[2026-07-06T18:57:24.094+0000] {processor.py:208} INFO - Processing /opt/airflow/dags/00_hello_world.py took 0.142 seconds
[2026-07-06T18:57:54.580+0000] {processor.py:186} INFO - Started process (PID=2592) to work on /opt/airflow/dags/00_hello_world.py
[2026-07-06T18:57:54.585+0000] {processor.py:914} INFO - Processing file /opt/airflow/dags/00_hello_world.py for tasks to queue
[2026-07-06T18:57:54.592+0000] {logging_mixin.py:190} INFO - [2026-07-06T18:57:54.591+0000] {dagbag.py:588} INFO - Filling up the DagBag from /opt/airflow/dags/00_hello_world.py
[2026-07-06T18:57:54.613+0000] {processor.py:925} INFO - DAG(s) '00_hello_world' retrieved from /opt/airflow/dags/00_hello_world.py
[2026-07-06T18:57:54.652+0000] {logging_mixin.py:190} INFO - [2026-07-06T18:57:54.652+0000] {dag.py:3239} INFO - Sync 1 DAGs
[2026-07-06T18:57:54.873+0000] {logging_mixin.py:190} INFO - [2026-07-06T18:57:54.873+0000] {dag.py:4180} INFO - Setting next_dagrun for 00_hello_world to None, run_after=None
[2026-07-06T18:57:54.891+0000] {processor.py:208} INFO - Processing /opt/airflow/dags/00_hello_world.py took 0.361 seconds
[2026-07-06T18:58:25.372+0000] {processor.py:186} INFO - Started process (PID=2602) to work on /opt/airflow/dags/00_hello_world.py
[2026-07-06T18:58:25.374+0000] {processor.py:914} INFO - Processing file /opt/airflow/dags/00_hello_world.py for tasks to queue
[2026-07-06T18:58:25.380+0000] {logging_mixin.py:190} INFO - [2026-07-06T18:58:25.379+0000] {dagbag.py:588} INFO - Filling up the DagBag from /opt/airflow/dags/00_hello_world.py
[2026-07-06T18:58:25.402+0000] {processor.py:925} INFO - DAG(s) '00_hello_world' retrieved from /opt/airflow/dags/00_hello_world.py
[2026-07-06T18:58:25.449+0000] {logging_mixin.py:190} INFO - [2026-07-06T18:58:25.448+0000] {dag.py:3239} INFO - Sync 1 DAGs
[2026-07-06T18:58:25.649+0000] {logging_mixin.py:190} INFO - [2026-07-06T18:58:25.649+0000] {dag.py:4180} INFO - Setting next_dagrun for 00_hello_world to None, run_after=None
[2026-07-06T18:58:25.668+0000] {processor.py:208} INFO - Processing /opt/airflow/dags/00_hello_world.py took 0.326 seconds
[2026-07-06T18:58:56.196+0000] {processor.py:186} INFO - Started process (PID=2612) to work on /opt/airflow/dags/00_hello_world.py
[2026-07-06T18:58:56.202+0000] {processor.py:914} INFO - Processing file /opt/airflow/dags/00_hello_world.py for tasks to queue
[2026-07-06T18:58:56.220+0000] {logging_mixin.py:190} INFO - [2026-07-06T18:58:56.218+0000] {dagbag.py:588} INFO - Filling up the DagBag from /opt/airflow/dags/00_hello_world.py
[2026-07-06T18:58:56.266+0000] {processor.py:925} INFO - DAG(s) '00_hello_world' retrieved from /opt/airflow/dags/00_hello_world.py
[2026-07-06T18:58:56.334+0000] {logging_mixin.py:190} INFO - [2026-07-06T18:58:56.334+0000] {dag.py:3239} INFO - Sync 1 DAGs
[2026-07-06T18:58:56.364+0000] {logging_mixin.py:190} INFO - [2026-07-06T18:58:56.363+0000] {dag.py:4180} INFO - Setting next_dagrun for 00_hello_world to None, run_after=None
[2026-07-06T18:58:56.397+0000] {processor.py:208} INFO - Processing /opt/airflow/dags/00_hello_world.py took 0.253 seconds
[2026-07-06T18:59:26.804+0000] {processor.py:186} INFO - Started process (PID=2622) to work on /opt/airflow/dags/00_hello_world.py
[2026-07-06T18:59:26.806+0000] {processor.py:914} INFO - Processing file /opt/airflow/dags/00_hello_world.py for tasks to queue
[2026-07-06T18:59:26.810+0000] {logging_mixin.py:190} INFO - [2026-07-06T18:59:26.809+0000] {dagbag.py:588} INFO - Filling up the DagBag from /opt/airflow/dags/00_hello_world.py
[2026-07-06T18:59:26.823+0000] {processor.py:925} INFO - DAG(s) '00_hello_world' retrieved from /opt/airflow/dags/00_hello_world.py
[2026-07-06T18:59:26.870+0000] {logging_mixin.py:190} INFO - [2026-07-06T18:59:26.870+0000] {dag.py:3239} INFO - Sync 1 DAGs
[2026-07-06T18:59:26.894+0000] {logging_mixin.py:190} INFO - [2026-07-06T18:59:26.893+0000] {dag.py:4180} INFO - Setting next_dagrun for 00_hello_world to None, run_after=None
[2026-07-06T18:59:26.919+0000] {processor.py:208} INFO - Processing /opt/airflow/dags/00_hello_world.py took 0.128 seconds
[2026-07-06T18:59:57.358+0000] {processor.py:186} INFO - Started process (PID=2632) to work on /opt/airflow/dags/00_hello_world.py
[2026-07-06T18:59:57.360+0000] {processor.py:914} INFO - Processing file /opt/airflow/dags/00_hello_world.py for tasks to queue
[2026-07-06T18:59:57.363+0000] {logging_mixin.py:190} INFO - [2026-07-06T18:59:57.363+0000] {dagbag.py:588} INFO - Filling up the DagBag from /opt/airflow/dags/00_hello_world.py
[2026-07-06T18:59:57.375+0000] {processor.py:925} INFO - DAG(s) '00_hello_world' retrieved from /opt/airflow/dags/00_hello_world.py
[2026-07-06T18:59:57.410+0000] {logging_mixin.py:190} INFO - [2026-07-06T18:59:57.409+0000] {dag.py:3239} INFO - Sync 1 DAGs
[2026-07-06T18:59:57.427+0000] {logging_mixin.py:190} INFO - [2026-07-06T18:59:57.427+0000] {dag.py:4180} INFO - Setting next_dagrun for 00_hello_world to None, run_after=None
[2026-07-06T18:59:57.448+0000] {processor.py:208} INFO - Processing /opt/airflow/dags/00_hello_world.py took 0.100 seconds
[2026-07-06T19:00:27.778+0000] {processor.py:186} INFO - Started process (PID=2642) to work on /opt/airflow/dags/00_hello_world.py
[2026-07-06T19:00:27.780+0000] {processor.py:914} INFO - Processing file /opt/airflow/dags/00_hello_world.py for tasks to queue
[2026-07-06T19:00:27.784+0000] {logging_mixin.py:190} INFO - [2026-07-06T19:00:27.784+0000] {dagbag.py:588} INFO - Filling up the DagBag from /opt/airflow/dags/00_hello_world.py
[2026-07-06T19:00:27.802+0000] {processor.py:925} INFO - DAG(s) '00_hello_world' retrieved from /opt/airflow/dags/00_hello_world.py
[2026-07-06T19:00:27.857+0000] {logging_mixin.py:190} INFO - [2026-07-06T19:00:27.856+0000] {dag.py:3239} INFO - Sync 1 DAGs
[2026-07-06T19:00:27.880+0000] {logging_mixin.py:190} INFO - [2026-07-06T19:00:27.879+0000] {dag.py:4180} INFO - Setting next_dagrun for 00_hello_world to None, run_after=None
[2026-07-06T19:00:27.905+0000] {processor.py:208} INFO - Processing /opt/airflow/dags/00_hello_world.py took 0.155 seconds
[2026-07-06T19:00:58.313+0000] {processor.py:186} INFO - Started process (PID=2652) to work on /opt/airflow/dags/00_hello_world.py
[2026-07-06T19:00:58.315+0000] {processor.py:914} INFO - Processing file /opt/airflow/dags/00_hello_world.py for tasks to queue
[2026-07-06T19:00:58.318+0000] {logging_mixin.py:190} INFO - [2026-07-06T19:00:58.318+0000] {dagbag.py:588} INFO - Filling up the DagBag from /opt/airflow/dags/00_hello_world.py
[2026-07-06T19:00:58.341+0000] {processor.py:925} INFO - DAG(s) '00_hello_world' retrieved from /opt/airflow/dags/00_hello_world.py
[2026-07-06T19:00:58.380+0000] {logging_mixin.py:190} INFO - [2026-07-06T19:00:58.379+0000] {dag.py:3239} INFO - Sync 1 DAGs
[2026-07-06T19:00:58.607+0000] {logging_mixin.py:190} INFO - [2026-07-06T19:00:58.607+0000] {dag.py:4180} INFO - Setting next_dagrun for 00_hello_world to None, run_after=None
[2026-07-06T19:00:58.626+0000] {processor.py:208} INFO - Processing /opt/airflow/dags/00_hello_world.py took 0.325 seconds
[2026-07-06T19:01:29.135+0000] {processor.py:186} INFO - Started process (PID=2662) to work on /opt/airflow/dags/00_hello_world.py
[2026-07-06T19:01:29.140+0000] {processor.py:914} INFO - Processing file /opt/airflow/dags/00_hello_world.py for tasks to queue
[2026-07-06T19:01:29.150+0000] {logging_mixin.py:190} INFO - [2026-07-06T19:01:29.149+0000] {dagbag.py:588} INFO - Filling up the DagBag from /opt/airflow/dags/00_hello_world.py
[2026-07-06T19:01:29.174+0000] {processor.py:925} INFO - DAG(s) '00_hello_world' retrieved from /opt/airflow/dags/00_hello_world.py
[2026-07-06T19:01:29.217+0000] {logging_mixin.py:190} INFO - [2026-07-06T19:01:29.217+0000] {dag.py:3239} INFO - Sync 1 DAGs
[2026-07-06T19:01:29.235+0000] {logging_mixin.py:190} INFO - [2026-07-06T19:01:29.235+0000] {dag.py:4180} INFO - Setting next_dagrun for 00_hello_world to None, run_after=None
[2026-07-06T19:01:29.256+0000] {processor.py:208} INFO - Processing /opt/airflow/dags/00_hello_world.py took 0.182 seconds
[2026-07-06T19:01:59.735+0000] {processor.py:186} INFO - Started process (PID=2672) to work on /opt/airflow/dags/00_hello_world.py
[2026-07-06T19:01:59.738+0000] {processor.py:914} INFO - Processing file /opt/airflow/dags/00_hello_world.py for tasks to queue
[2026-07-06T19:01:59.743+0000] {logging_mixin.py:190} INFO - [2026-07-06T19:01:59.742+0000] {dagbag.py:588} INFO - Filling up the DagBag from /opt/airflow/dags/00_hello_world.py
[2026-07-06T19:01:59.765+0000] {processor.py:925} INFO - DAG(s) '00_hello_world' retrieved from /opt/airflow/dags/00_hello_world.py
[2026-07-06T19:01:59.813+0000] {logging_mixin.py:190} INFO - [2026-07-06T19:01:59.812+0000] {dag.py:3239} INFO - Sync 1 DAGs
[2026-07-06T19:01:59.835+0000] {logging_mixin.py:190} INFO - [2026-07-06T19:01:59.835+0000] {dag.py:4180} INFO - Setting next_dagrun for 00_hello_world to None, run_after=None
[2026-07-06T19:01:59.861+0000] {processor.py:208} INFO - Processing /opt/airflow/dags/00_hello_world.py took 0.145 seconds
[2026-07-06T19:02:30.195+0000] {processor.py:186} INFO - Started process (PID=2682) to work on /opt/airflow/dags/00_hello_world.py
[2026-07-06T19:02:30.200+0000] {processor.py:914} INFO - Processing file /opt/airflow/dags/00_hello_world.py for tasks to queue
[2026-07-06T19:02:30.213+0000] {logging_mixin.py:190} INFO - [2026-07-06T19:02:30.211+0000] {dagbag.py:588} INFO - Filling up the DagBag from /opt/airflow/dags/00_hello_world.py
[2026-07-06T19:02:30.239+0000] {processor.py:925} INFO - DAG(s) '00_hello_world' retrieved from /opt/airflow/dags/00_hello_world.py
[2026-07-06T19:02:30.285+0000] {logging_mixin.py:190} INFO - [2026-07-06T19:02:30.285+0000] {dag.py:3239} INFO - Sync 1 DAGs
[2026-07-06T19:02:30.312+0000] {logging_mixin.py:190} INFO - [2026-07-06T19:02:30.312+0000] {dag.py:4180} INFO - Setting next_dagrun for 00_hello_world to None, run_after=None
[2026-07-06T19:02:30.334+0000] {processor.py:208} INFO - Processing /opt/airflow/dags/00_hello_world.py took 0.183 seconds
[2026-07-06T19:03:00.657+0000] {processor.py:186} INFO - Started process (PID=2692) to work on /opt/airflow/dags/00_hello_world.py
[2026-07-06T19:03:00.659+0000] {processor.py:914} INFO - Processing file /opt/airflow/dags/00_hello_world.py for tasks to queue
[2026-07-06T19:03:00.665+0000] {logging_mixin.py:190} INFO - [2026-07-06T19:03:00.664+0000] {dagbag.py:588} INFO - Filling up the DagBag from /opt/airflow/dags/00_hello_world.py
[2026-07-06T19:03:00.685+0000] {processor.py:925} INFO - DAG(s) '00_hello_world' retrieved from /opt/airflow/dags/00_hello_world.py
[2026-07-06T19:03:00.726+0000] {logging_mixin.py:190} INFO - [2026-07-06T19:03:00.725+0000] {dag.py:3239} INFO - Sync 1 DAGs
[2026-07-06T19:03:00.745+0000] {logging_mixin.py:190} INFO - [2026-07-06T19:03:00.745+0000] {dag.py:4180} INFO - Setting next_dagrun for 00_hello_world to None, run_after=None
[2026-07-06T19:03:00.769+0000] {processor.py:208} INFO - Processing /opt/airflow/dags/00_hello_world.py took 0.127 seconds
[2026-07-06T19:03:31.253+0000] {processor.py:186} INFO - Started process (PID=2702) to work on /opt/airflow/dags/00_hello_world.py
[2026-07-06T19:03:31.259+0000] {processor.py:914} INFO - Processing file /opt/airflow/dags/00_hello_world.py for tasks to queue
[2026-07-06T19:03:31.279+0000] {logging_mixin.py:190} INFO - [2026-07-06T19:03:31.277+0000] {dagbag.py:588} INFO - Filling up the DagBag from /opt/airflow/dags/00_hello_world.py
[2026-07-06T19:03:31.327+0000] {processor.py:925} INFO - DAG(s) '00_hello_world' retrieved from /opt/airflow/dags/00_hello_world.py
[2026-07-06T19:03:31.375+0000] {logging_mixin.py:190} INFO - [2026-07-06T19:03:31.375+0000] {dag.py:3239} INFO - Sync 1 DAGs
[2026-07-06T19:03:31.393+0000] {logging_mixin.py:190} INFO - [2026-07-06T19:03:31.393+0000] {dag.py:4180} INFO - Setting next_dagrun for 00_hello_world to None, run_after=None
[2026-07-06T19:03:31.617+0000] {processor.py:208} INFO - Processing /opt/airflow/dags/00_hello_world.py took 0.412 seconds
[2026-07-06T19:04:01.729+0000] {processor.py:186} INFO - Started process (PID=2712) to work on /opt/airflow/dags/00_hello_world.py
[2026-07-06T19:04:01.732+0000] {processor.py:914} INFO - Processing file /opt/airflow/dags/00_hello_world.py for tasks to queue
[2026-07-06T19:04:01.737+0000] {logging_mixin.py:190} INFO - [2026-07-06T19:04:01.736+0000] {dagbag.py:588} INFO - Filling up the DagBag from /opt/airflow/dags/00_hello_world.py
[2026-07-06T19:04:01.755+0000] {processor.py:925} INFO - DAG(s) '00_hello_world' retrieved from /opt/airflow/dags/00_hello_world.py
[2026-07-06T19:04:01.822+0000] {logging_mixin.py:190} INFO - [2026-07-06T19:04:01.822+0000] {dag.py:3239} INFO - Sync 1 DAGs
[2026-07-06T19:04:02.100+0000] {logging_mixin.py:190} INFO - [2026-07-06T19:04:02.099+0000] {dag.py:4180} INFO - Setting next_dagrun for 00_hello_world to None, run_after=None
[2026-07-06T19:04:02.124+0000] {processor.py:208} INFO - Processing /opt/airflow/dags/00_hello_world.py took 0.419 seconds
[2026-07-06T19:04:32.663+0000] {processor.py:186} INFO - Started process (PID=2722) to work on /opt/airflow/dags/00_hello_world.py
[2026-07-06T19:04:32.667+0000] {processor.py:914} INFO - Processing file /opt/airflow/dags/00_hello_world.py for tasks to queue
[2026-07-06T19:04:32.676+0000] {logging_mixin.py:190} INFO - [2026-07-06T19:04:32.675+0000] {dagbag.py:588} INFO - Filling up the DagBag from /opt/airflow/dags/00_hello_world.py
[2026-07-06T19:04:32.702+0000] {processor.py:925} INFO - DAG(s) '00_hello_world' retrieved from /opt/airflow/dags/00_hello_world.py
[2026-07-06T19:04:32.747+0000] {logging_mixin.py:190} INFO - [2026-07-06T19:04:32.747+0000] {dag.py:3239} INFO - Sync 1 DAGs
[2026-07-06T19:04:32.771+0000] {logging_mixin.py:190} INFO - [2026-07-06T19:04:32.771+0000] {dag.py:4180} INFO - Setting next_dagrun for 00_hello_world to None, run_after=None
[2026-07-06T19:04:32.795+0000] {processor.py:208} INFO - Processing /opt/airflow/dags/00_hello_world.py took 0.170 seconds
[2026-07-06T19:05:03.290+0000] {processor.py:186} INFO - Started process (PID=2732) to work on /opt/airflow/dags/00_hello_world.py
[2026-07-06T19:05:03.298+0000] {processor.py:914} INFO - Processing file /opt/airflow/dags/00_hello_world.py for tasks to queue
[2026-07-06T19:05:03.319+0000] {logging_mixin.py:190} INFO - [2026-07-06T19:05:03.317+0000] {dagbag.py:588} INFO - Filling up the DagBag from /opt/airflow/dags/00_hello_world.py
[2026-07-06T19:05:03.355+0000] {processor.py:925} INFO - DAG(s) '00_hello_world' retrieved from /opt/airflow/dags/00_hello_world.py
[2026-07-06T19:05:03.415+0000] {logging_mixin.py:190} INFO - [2026-07-06T19:05:03.415+0000] {dag.py:3239} INFO - Sync 1 DAGs
[2026-07-06T19:05:03.437+0000] {logging_mixin.py:190} INFO - [2026-07-06T19:05:03.437+0000] {dag.py:4180} INFO - Setting next_dagrun for 00_hello_world to None, run_after=None
[2026-07-06T19:05:03.458+0000] {processor.py:208} INFO - Processing /opt/airflow/dags/00_hello_world.py took 0.221 seconds
[2026-07-06T19:05:33.723+0000] {processor.py:186} INFO - Started process (PID=2742) to work on /opt/airflow/dags/00_hello_world.py
[2026-07-06T19:05:33.726+0000] {processor.py:914} INFO - Processing file /opt/airflow/dags/00_hello_world.py for tasks to queue
[2026-07-06T19:05:33.735+0000] {logging_mixin.py:190} INFO - [2026-07-06T19:05:33.734+0000] {dagbag.py:588} INFO - Filling up the DagBag from /opt/airflow/dags/00_hello_world.py
[2026-07-06T19:05:33.775+0000] {processor.py:925} INFO - DAG(s) '00_hello_world' retrieved from /opt/airflow/dags/00_hello_world.py
[2026-07-06T19:05:33.867+0000] {logging_mixin.py:190} INFO - [2026-07-06T19:05:33.867+0000] {dag.py:3239} INFO - Sync 1 DAGs
[2026-07-06T19:05:33.908+0000] {logging_mixin.py:190} INFO - [2026-07-06T19:05:33.907+0000] {dag.py:4180} INFO - Setting next_dagrun for 00_hello_world to None, run_after=None
[2026-07-06T19:05:33.952+0000] {processor.py:208} INFO - Processing /opt/airflow/dags/00_hello_world.py took 0.256 seconds
[2026-07-06T19:06:04.462+0000] {processor.py:186} INFO - Started process (PID=2752) to work on /opt/airflow/dags/00_hello_world.py
[2026-07-06T19:06:04.465+0000] {processor.py:914} INFO - Processing file /opt/airflow/dags/00_hello_world.py for tasks to queue
[2026-07-06T19:06:04.470+0000] {logging_mixin.py:190} INFO - [2026-07-06T19:06:04.469+0000] {dagbag.py:588} INFO - Filling up the DagBag from /opt/airflow/dags/00_hello_world.py
[2026-07-06T19:06:04.484+0000] {processor.py:925} INFO - DAG(s) '00_hello_world' retrieved from /opt/airflow/dags/00_hello_world.py
[2026-07-06T19:06:04.519+0000] {logging_mixin.py:190} INFO - [2026-07-06T19:06:04.519+0000] {dag.py:3239} INFO - Sync 1 DAGs
[2026-07-06T19:06:04.536+0000] {logging_mixin.py:190} INFO - [2026-07-06T19:06:04.536+0000] {dag.py:4180} INFO - Setting next_dagrun for 00_hello_world to None, run_after=None
[2026-07-06T19:06:04.558+0000] {processor.py:208} INFO - Processing /opt/airflow/dags/00_hello_world.py took 0.119 seconds
[2026-07-06T19:06:34.941+0000] {processor.py:186} INFO - Started process (PID=2762) to work on /opt/airflow/dags/00_hello_world.py
[2026-07-06T19:06:34.947+0000] {processor.py:914} INFO - Processing file /opt/airflow/dags/00_hello_world.py for tasks to queue
[2026-07-06T19:06:34.966+0000] {logging_mixin.py:190} INFO - [2026-07-06T19:06:34.964+0000] {dagbag.py:588} INFO - Filling up the DagBag from /opt/airflow/dags/00_hello_world.py
[2026-07-06T19:06:35.014+0000] {processor.py:925} INFO - DAG(s) '00_hello_world' retrieved from /opt/airflow/dags/00_hello_world.py
[2026-07-06T19:06:35.061+0000] {logging_mixin.py:190} INFO - [2026-07-06T19:06:35.060+0000] {dag.py:3239} INFO - Sync 1 DAGs
[2026-07-06T19:06:35.284+0000] {logging_mixin.py:190} INFO - [2026-07-06T19:06:35.283+0000] {dag.py:4180} INFO - Setting next_dagrun for 00_hello_world to None, run_after=None
[2026-07-06T19:06:35.301+0000] {processor.py:208} INFO - Processing /opt/airflow/dags/00_hello_world.py took 0.398 seconds
[2026-07-06T19:07:05.681+0000] {processor.py:186} INFO - Started process (PID=2772) to work on /opt/airflow/dags/00_hello_world.py
[2026-07-06T19:07:05.684+0000] {processor.py:914} INFO - Processing file /opt/airflow/dags/00_hello_world.py for tasks to queue
[2026-07-06T19:07:05.690+0000] {logging_mixin.py:190} INFO - [2026-07-06T19:07:05.689+0000] {dagbag.py:588} INFO - Filling up the DagBag from /opt/airflow/dags/00_hello_world.py
[2026-07-06T19:07:05.709+0000] {processor.py:925} INFO - DAG(s) '00_hello_world' retrieved from /opt/airflow/dags/00_hello_world.py
[2026-07-06T19:07:06.054+0000] {logging_mixin.py:190} INFO - [2026-07-06T19:07:06.054+0000] {dag.py:3239} INFO - Sync 1 DAGs
[2026-07-06T19:07:06.072+0000] {logging_mixin.py:190} INFO - [2026-07-06T19:07:06.072+0000] {dag.py:4180} INFO - Setting next_dagrun for 00_hello_world to None, run_after=None
[2026-07-06T19:07:06.097+0000] {processor.py:208} INFO - Processing /opt/airflow/dags/00_hello_world.py took 0.439 seconds
[2026-07-06T19:07:36.562+0000] {processor.py:186} INFO - Started process (PID=2782) to work on /opt/airflow/dags/00_hello_world.py
[2026-07-06T19:07:36.564+0000] {processor.py:914} INFO - Processing file /opt/airflow/dags/00_hello_world.py for tasks to queue
[2026-07-06T19:07:36.570+0000] {logging_mixin.py:190} INFO - [2026-07-06T19:07:36.570+0000] {dagbag.py:588} INFO - Filling up the DagBag from /opt/airflow/dags/00_hello_world.py
[2026-07-06T19:07:36.587+0000] {processor.py:925} INFO - DAG(s) '00_hello_world' retrieved from /opt/airflow/dags/00_hello_world.py
[2026-07-06T19:07:36.625+0000] {logging_mixin.py:190} INFO - [2026-07-06T19:07:36.624+0000] {dag.py:3239} INFO - Sync 1 DAGs
[2026-07-06T19:07:36.650+0000] {logging_mixin.py:190} INFO - [2026-07-06T19:07:36.650+0000] {dag.py:4180} INFO - Setting next_dagrun for 00_hello_world to None, run_after=None
[2026-07-06T19:07:36.677+0000] {processor.py:208} INFO - Processing /opt/airflow/dags/00_hello_world.py took 0.154 seconds
[2026-07-06T19:08:07.002+0000] {processor.py:186} INFO - Started process (PID=2792) to work on /opt/airflow/dags/00_hello_world.py
[2026-07-06T19:08:07.008+0000] {processor.py:914} INFO - Processing file /opt/airflow/dags/00_hello_world.py for tasks to queue
[2026-07-06T19:08:07.023+0000] {logging_mixin.py:190} INFO - [2026-07-06T19:08:07.022+0000] {dagbag.py:588} INFO - Filling up the DagBag from /opt/airflow/dags/00_hello_world.py
[2026-07-06T19:08:07.061+0000] {processor.py:925} INFO - DAG(s) '00_hello_world' retrieved from /opt/airflow/dags/00_hello_world.py
[2026-07-06T19:08:07.107+0000] {logging_mixin.py:190} INFO - [2026-07-06T19:08:07.106+0000] {dag.py:3239} INFO - Sync 1 DAGs
[2026-07-06T19:08:07.123+0000] {logging_mixin.py:190} INFO - [2026-07-06T19:08:07.123+0000] {dag.py:4180} INFO - Setting next_dagrun for 00_hello_world to None, run_after=None
[2026-07-06T19:08:07.143+0000] {processor.py:208} INFO - Processing /opt/airflow/dags/00_hello_world.py took 0.191 seconds
[2026-07-06T19:08:37.612+0000] {processor.py:186} INFO - Started process (PID=2802) to work on /opt/airflow/dags/00_hello_world.py
[2026-07-06T19:08:37.615+0000] {processor.py:914} INFO - Processing file /opt/airflow/dags/00_hello_world.py for tasks to queue
[2026-07-06T19:08:37.626+0000] {logging_mixin.py:190} INFO - [2026-07-06T19:08:37.624+0000] {dagbag.py:588} INFO - Filling up the DagBag from /opt/airflow/dags/00_hello_world.py
[2026-07-06T19:08:37.672+0000] {processor.py:925} INFO - DAG(s) '00_hello_world' retrieved from /opt/airflow/dags/00_hello_world.py
[2026-07-06T19:08:37.815+0000] {logging_mixin.py:190} INFO - [2026-07-06T19:08:37.814+0000] {dag.py:3239} INFO - Sync 1 DAGs
[2026-07-06T19:08:37.879+0000] {logging_mixin.py:190} INFO - [2026-07-06T19:08:37.879+0000] {dag.py:4180} INFO - Setting next_dagrun for 00_hello_world to None, run_after=None
[2026-07-06T19:08:37.936+0000] {processor.py:208} INFO - Processing /opt/airflow/dags/00_hello_world.py took 0.358 seconds
[2026-07-06T19:09:08.080+0000] {processor.py:186} INFO - Started process (PID=2812) to work on /opt/airflow/dags/00_hello_world.py
[2026-07-06T19:09:08.086+0000] {processor.py:914} INFO - Processing file /opt/airflow/dags/00_hello_world.py for tasks to queue
[2026-07-06T19:09:08.107+0000] {logging_mixin.py:190} INFO - [2026-07-06T19:09:08.104+0000] {dagbag.py:588} INFO - Filling up the DagBag from /opt/airflow/dags/00_hello_world.py
[2026-07-06T19:09:08.173+0000] {processor.py:925} INFO - DAG(s) '00_hello_world' retrieved from /opt/airflow/dags/00_hello_world.py
[2026-07-06T19:09:08.239+0000] {logging_mixin.py:190} INFO - [2026-07-06T19:09:08.239+0000] {dag.py:3239} INFO - Sync 1 DAGs
[2026-07-06T19:09:08.259+0000] {logging_mixin.py:190} INFO - [2026-07-06T19:09:08.258+0000] {dag.py:4180} INFO - Setting next_dagrun for 00_hello_world to None, run_after=None
[2026-07-06T19:09:08.467+0000] {processor.py:208} INFO - Processing /opt/airflow/dags/00_hello_world.py took 0.429 seconds
[2026-07-06T19:09:38.764+0000] {processor.py:186} INFO - Started process (PID=2822) to work on /opt/airflow/dags/00_hello_world.py
[2026-07-06T19:09:38.765+0000] {processor.py:914} INFO - Processing file /opt/airflow/dags/00_hello_world.py for tasks to queue
[2026-07-06T19:09:38.769+0000] {logging_mixin.py:190} INFO - [2026-07-06T19:09:38.769+0000] {dagbag.py:588} INFO - Filling up the DagBag from /opt/airflow/dags/00_hello_world.py
[2026-07-06T19:09:38.787+0000] {processor.py:925} INFO - DAG(s) '00_hello_world' retrieved from /opt/airflow/dags/00_hello_world.py
[2026-07-06T19:09:38.833+0000] {logging_mixin.py:190} INFO - [2026-07-06T19:09:38.832+0000] {dag.py:3239} INFO - Sync 1 DAGs
[2026-07-06T19:09:39.080+0000] {logging_mixin.py:190} INFO - [2026-07-06T19:09:39.080+0000] {dag.py:4180} INFO - Setting next_dagrun for 00_hello_world to None, run_after=None
[2026-07-06T19:09:39.102+0000] {processor.py:208} INFO - Processing /opt/airflow/dags/00_hello_world.py took 0.348 seconds
[2026-07-06T19:10:09.454+0000] {processor.py:186} INFO - Started process (PID=2832) to work on /opt/airflow/dags/00_hello_world.py
[2026-07-06T19:10:09.456+0000] {processor.py:914} INFO - Processing file /opt/airflow/dags/00_hello_world.py for tasks to queue
[2026-07-06T19:10:09.461+0000] {logging_mixin.py:190} INFO - [2026-07-06T19:10:09.461+0000] {dagbag.py:588} INFO - Filling up the DagBag from /opt/airflow/dags/00_hello_world.py
[2026-07-06T19:10:09.479+0000] {processor.py:925} INFO - DAG(s) '00_hello_world' retrieved from /opt/airflow/dags/00_hello_world.py
[2026-07-06T19:10:09.535+0000] {logging_mixin.py:190} INFO - [2026-07-06T19:10:09.535+0000] {dag.py:3239} INFO - Sync 1 DAGs
[2026-07-06T19:10:09.561+0000] {logging_mixin.py:190} INFO - [2026-07-06T19:10:09.560+0000] {dag.py:4180} INFO - Setting next_dagrun for 00_hello_world to None, run_after=None
[2026-07-06T19:10:09.585+0000] {processor.py:208} INFO - Processing /opt/airflow/dags/00_hello_world.py took 0.148 seconds
[2026-07-06T19:10:39.816+0000] {processor.py:186} INFO - Started process (PID=2842) to work on /opt/airflow/dags/00_hello_world.py
[2026-07-06T19:10:39.817+0000] {processor.py:914} INFO - Processing file /opt/airflow/dags/00_hello_world.py for tasks to queue
[2026-07-06T19:10:39.821+0000] {logging_mixin.py:190} INFO - [2026-07-06T19:10:39.821+0000] {dagbag.py:588} INFO - Filling up the DagBag from /opt/airflow/dags/00_hello_world.py
[2026-07-06T19:10:39.833+0000] {processor.py:925} INFO - DAG(s) '00_hello_world' retrieved from /opt/airflow/dags/00_hello_world.py
[2026-07-06T19:10:39.878+0000] {logging_mixin.py:190} INFO - [2026-07-06T19:10:39.877+0000] {dag.py:3239} INFO - Sync 1 DAGs
[2026-07-06T19:10:39.899+0000] {logging_mixin.py:190} INFO - [2026-07-06T19:10:39.899+0000] {dag.py:4180} INFO - Setting next_dagrun for 00_hello_world to None, run_after=None
[2026-07-06T19:10:39.929+0000] {processor.py:208} INFO - Processing /opt/airflow/dags/00_hello_world.py took 0.122 seconds
[2026-07-06T19:11:10.431+0000] {processor.py:186} INFO - Started process (PID=2852) to work on /opt/airflow/dags/00_hello_world.py
[2026-07-06T19:11:10.437+0000] {processor.py:914} INFO - Processing file /opt/airflow/dags/00_hello_world.py for tasks to queue
[2026-07-06T19:11:10.448+0000] {logging_mixin.py:190} INFO - [2026-07-06T19:11:10.447+0000] {dagbag.py:588} INFO - Filling up the DagBag from /opt/airflow/dags/00_hello_world.py
[2026-07-06T19:11:10.473+0000] {processor.py:925} INFO - DAG(s) '00_hello_world' retrieved from /opt/airflow/dags/00_hello_world.py
[2026-07-06T19:11:10.511+0000] {logging_mixin.py:190} INFO - [2026-07-06T19:11:10.511+0000] {dag.py:3239} INFO - Sync 1 DAGs
[2026-07-06T19:11:10.528+0000] {logging_mixin.py:190} INFO - [2026-07-06T19:11:10.528+0000] {dag.py:4180} INFO - Setting next_dagrun for 00_hello_world to None, run_after=None
[2026-07-06T19:11:10.548+0000] {processor.py:208} INFO - Processing /opt/airflow/dags/00_hello_world.py took 0.163 seconds
[2026-07-06T19:11:40.908+0000] {processor.py:186} INFO - Started process (PID=2862) to work on /opt/airflow/dags/00_hello_world.py
[2026-07-06T19:11:40.912+0000] {processor.py:914} INFO - Processing file /opt/airflow/dags/00_hello_world.py for tasks to queue
[2026-07-06T19:11:40.928+0000] {logging_mixin.py:190} INFO - [2026-07-06T19:11:40.926+0000] {dagbag.py:588} INFO - Filling up the DagBag from /opt/airflow/dags/00_hello_world.py
[2026-07-06T19:11:40.988+0000] {processor.py:925} INFO - DAG(s) '00_hello_world' retrieved from /opt/airflow/dags/00_hello_world.py
[2026-07-06T19:11:41.102+0000] {logging_mixin.py:190} INFO - [2026-07-06T19:11:41.101+0000] {dag.py:3239} INFO - Sync 1 DAGs
[2026-07-06T19:11:41.127+0000] {logging_mixin.py:190} INFO - [2026-07-06T19:11:41.126+0000] {dag.py:4180} INFO - Setting next_dagrun for 00_hello_world to None, run_after=None
[2026-07-06T19:11:41.149+0000] {processor.py:208} INFO - Processing /opt/airflow/dags/00_hello_world.py took 0.283 seconds
[2026-07-06T19:12:11.613+0000] {processor.py:186} INFO - Started process (PID=2872) to work on /opt/airflow/dags/00_hello_world.py
[2026-07-06T19:12:11.617+0000] {processor.py:914} INFO - Processing file /opt/airflow/dags/00_hello_world.py for tasks to queue
[2026-07-06T19:12:11.623+0000] {logging_mixin.py:190} INFO - [2026-07-06T19:12:11.622+0000] {dagbag.py:588} INFO - Filling up the DagBag from /opt/airflow/dags/00_hello_world.py
[2026-07-06T19:12:11.639+0000] {processor.py:925} INFO - DAG(s) '00_hello_world' retrieved from /opt/airflow/dags/00_hello_world.py
[2026-07-06T19:12:11.681+0000] {logging_mixin.py:190} INFO - [2026-07-06T19:12:11.680+0000] {dag.py:3239} INFO - Sync 1 DAGs
[2026-07-06T19:12:11.906+0000] {logging_mixin.py:190} INFO - [2026-07-06T19:12:11.906+0000] {dag.py:4180} INFO - Setting next_dagrun for 00_hello_world to None, run_after=None
[2026-07-06T19:12:11.924+0000] {processor.py:208} INFO - Processing /opt/airflow/dags/00_hello_world.py took 0.339 seconds
[2026-07-06T19:12:42.374+0000] {processor.py:186} INFO - Started process (PID=2882) to work on /opt/airflow/dags/00_hello_world.py
[2026-07-06T19:12:42.376+0000] {processor.py:914} INFO - Processing file /opt/airflow/dags/00_hello_world.py for tasks to queue
[2026-07-06T19:12:42.384+0000] {logging_mixin.py:190} INFO - [2026-07-06T19:12:42.383+0000] {dagbag.py:588} INFO - Filling up the DagBag from /opt/airflow/dags/00_hello_world.py
[2026-07-06T19:12:42.404+0000] {processor.py:925} INFO - DAG(s) '00_hello_world' retrieved from /opt/airflow/dags/00_hello_world.py
[2026-07-06T19:12:42.461+0000] {logging_mixin.py:190} INFO - [2026-07-06T19:12:42.461+0000] {dag.py:3239} INFO - Sync 1 DAGs
[2026-07-06T19:12:42.707+0000] {logging_mixin.py:190} INFO - [2026-07-06T19:12:42.707+0000] {dag.py:4180} INFO - Setting next_dagrun for 00_hello_world to None, run_after=None
[2026-07-06T19:12:42.729+0000] {processor.py:208} INFO - Processing /opt/airflow/dags/00_hello_world.py took 0.397 seconds
[2026-07-06T19:13:13.190+0000] {processor.py:186} INFO - Started process (PID=2892) to work on /opt/airflow/dags/00_hello_world.py
[2026-07-06T19:13:13.192+0000] {processor.py:914} INFO - Processing file /opt/airflow/dags/00_hello_world.py for tasks to queue
[2026-07-06T19:13:13.197+0000] {logging_mixin.py:190} INFO - [2026-07-06T19:13:13.196+0000] {dagbag.py:588} INFO - Filling up the DagBag from /opt/airflow/dags/00_hello_world.py
[2026-07-06T19:13:13.209+0000] {processor.py:925} INFO - DAG(s) '00_hello_world' retrieved from /opt/airflow/dags/00_hello_world.py
[2026-07-06T19:13:13.244+0000] {logging_mixin.py:190} INFO - [2026-07-06T19:13:13.244+0000] {dag.py:3239} INFO - Sync 1 DAGs
[2026-07-06T19:13:13.263+0000] {logging_mixin.py:190} INFO - [2026-07-06T19:13:13.262+0000] {dag.py:4180} INFO - Setting next_dagrun for 00_hello_world to None, run_after=None
[2026-07-06T19:13:13.282+0000] {processor.py:208} INFO - Processing /opt/airflow/dags/00_hello_world.py took 0.107 seconds
[2026-07-06T19:13:43.698+0000] {processor.py:186} INFO - Started process (PID=2902) to work on /opt/airflow/dags/00_hello_world.py
[2026-07-06T19:13:43.702+0000] {processor.py:914} INFO - Processing file /opt/airflow/dags/00_hello_world.py for tasks to queue
[2026-07-06T19:13:43.711+0000] {logging_mixin.py:190} INFO - [2026-07-06T19:13:43.710+0000] {dagbag.py:588} INFO - Filling up the DagBag from /opt/airflow/dags/00_hello_world.py
[2026-07-06T19:13:43.724+0000] {processor.py:925} INFO - DAG(s) '00_hello_world' retrieved from /opt/airflow/dags/00_hello_world.py
[2026-07-06T19:13:43.779+0000] {logging_mixin.py:190} INFO - [2026-07-06T19:13:43.779+0000] {dag.py:3239} INFO - Sync 1 DAGs
[2026-07-06T19:13:43.798+0000] {logging_mixin.py:190} INFO - [2026-07-06T19:13:43.797+0000] {dag.py:4180} INFO - Setting next_dagrun for 00_hello_world to None, run_after=None
[2026-07-06T19:13:43.842+0000] {processor.py:208} INFO - Processing /opt/airflow/dags/00_hello_world.py took 0.174 seconds
[2026-07-06T19:14:14.378+0000] {processor.py:186} INFO - Started process (PID=2912) to work on /opt/airflow/dags/00_hello_world.py
[2026-07-06T19:14:14.387+0000] {processor.py:914} INFO - Processing file /opt/airflow/dags/00_hello_world.py for tasks to queue
[2026-07-06T19:14:14.405+0000] {logging_mixin.py:190} INFO - [2026-07-06T19:14:14.404+0000] {dagbag.py:588} INFO - Filling up the DagBag from /opt/airflow/dags/00_hello_world.py
[2026-07-06T19:14:14.438+0000] {processor.py:925} INFO - DAG(s) '00_hello_world' retrieved from /opt/airflow/dags/00_hello_world.py
[2026-07-06T19:14:14.503+0000] {logging_mixin.py:190} INFO - [2026-07-06T19:14:14.503+0000] {dag.py:3239} INFO - Sync 1 DAGs
[2026-07-06T19:14:14.522+0000] {logging_mixin.py:190} INFO - [2026-07-06T19:14:14.522+0000] {dag.py:4180} INFO - Setting next_dagrun for 00_hello_world to None, run_after=None
[2026-07-06T19:14:14.544+0000] {processor.py:208} INFO - Processing /opt/airflow/dags/00_hello_world.py took 0.274 seconds
[2026-07-06T19:14:44.732+0000] {processor.py:186} INFO - Started process (PID=2922) to work on /opt/airflow/dags/00_hello_world.py
[2026-07-06T19:14:44.736+0000] {processor.py:914} INFO - Processing file /opt/airflow/dags/00_hello_world.py for tasks to queue
[2026-07-06T19:14:44.744+0000] {logging_mixin.py:190} INFO - [2026-07-06T19:14:44.742+0000] {dagbag.py:588} INFO - Filling up the DagBag from /opt/airflow/dags/00_hello_world.py
[2026-07-06T19:14:44.823+0000] {processor.py:925} INFO - DAG(s) '00_hello_world' retrieved from /opt/airflow/dags/00_hello_world.py
[2026-07-06T19:14:44.904+0000] {logging_mixin.py:190} INFO - [2026-07-06T19:14:44.903+0000] {dag.py:3239} INFO - Sync 1 DAGs
[2026-07-06T19:14:44.942+0000] {logging_mixin.py:190} INFO - [2026-07-06T19:14:44.941+0000] {dag.py:4180} INFO - Setting next_dagrun for 00_hello_world to None, run_after=None
[2026-07-06T19:14:50.013+0000] {processor.py:208} INFO - Processing /opt/airflow/dags/00_hello_world.py took 5.300 seconds
[2026-07-06T19:15:20.266+0000] {processor.py:186} INFO - Started process (PID=2932) to work on /opt/airflow/dags/00_hello_world.py
[2026-07-06T19:15:20.272+0000] {processor.py:914} INFO - Processing file /opt/airflow/dags/00_hello_world.py for tasks to queue
[2026-07-06T19:15:20.310+0000] {logging_mixin.py:190} INFO - [2026-07-06T19:15:20.309+0000] {dagbag.py:588} INFO - Filling up the DagBag from /opt/airflow/dags/00_hello_world.py
[2026-07-06T19:15:20.423+0000] {processor.py:925} INFO - DAG(s) '00_hello_world' retrieved from /opt/airflow/dags/00_hello_world.py
[2026-07-06T19:15:20.557+0000] {logging_mixin.py:190} INFO - [2026-07-06T19:15:20.557+0000] {dag.py:3239} INFO - Sync 1 DAGs
[2026-07-06T19:15:21.036+0000] {logging_mixin.py:190} INFO - [2026-07-06T19:15:21.036+0000] {dag.py:4180} INFO - Setting next_dagrun for 00_hello_world to None, run_after=None
[2026-07-06T19:15:21.054+0000] {processor.py:208} INFO - Processing /opt/airflow/dags/00_hello_world.py took 0.854 seconds
[2026-07-06T19:15:51.528+0000] {processor.py:186} INFO - Started process (PID=2942) to work on /opt/airflow/dags/00_hello_world.py
[2026-07-06T19:15:51.536+0000] {processor.py:914} INFO - Processing file /opt/airflow/dags/00_hello_world.py for tasks to queue
[2026-07-06T19:15:51.552+0000] {logging_mixin.py:190} INFO - [2026-07-06T19:15:51.551+0000] {dagbag.py:588} INFO - Filling up the DagBag from /opt/airflow/dags/00_hello_world.py
[2026-07-06T19:15:51.589+0000] {processor.py:925} INFO - DAG(s) '00_hello_world' retrieved from /opt/airflow/dags/00_hello_world.py
[2026-07-06T19:15:51.856+0000] {logging_mixin.py:190} INFO - [2026-07-06T19:15:51.856+0000] {dag.py:3239} INFO - Sync 1 DAGs
[2026-07-06T19:15:51.870+0000] {logging_mixin.py:190} INFO - [2026-07-06T19:15:51.870+0000] {dag.py:4180} INFO - Setting next_dagrun for 00_hello_world to None, run_after=None
[2026-07-06T19:15:51.888+0000] {processor.py:208} INFO - Processing /opt/airflow/dags/00_hello_world.py took 0.400 seconds
[2026-07-06T19:16:22.423+0000] {processor.py:186} INFO - Started process (PID=2952) to work on /opt/airflow/dags/00_hello_world.py
[2026-07-06T19:16:22.427+0000] {processor.py:914} INFO - Processing file /opt/airflow/dags/00_hello_world.py for tasks to queue
[2026-07-06T19:16:22.470+0000] {logging_mixin.py:190} INFO - [2026-07-06T19:16:22.464+0000] {dagbag.py:588} INFO - Filling up the DagBag from /opt/airflow/dags/00_hello_world.py
[2026-07-06T19:16:22.623+0000] {processor.py:925} INFO - DAG(s) '00_hello_world' retrieved from /opt/airflow/dags/00_hello_world.py
[2026-07-06T19:16:22.865+0000] {logging_mixin.py:190} INFO - [2026-07-06T19:16:22.863+0000] {dag.py:3239} INFO - Sync 1 DAGs
[2026-07-06T19:16:23.007+0000] {logging_mixin.py:190} INFO - [2026-07-06T19:16:23.006+0000] {dag.py:4180} INFO - Setting next_dagrun for 00_hello_world to None, run_after=None
[2026-07-06T19:16:23.118+0000] {processor.py:208} INFO - Processing /opt/airflow/dags/00_hello_world.py took 0.765 seconds
[2026-07-06T19:16:53.488+0000] {processor.py:186} INFO - Started process (PID=2962) to work on /opt/airflow/dags/00_hello_world.py
[2026-07-06T19:16:53.490+0000] {processor.py:914} INFO - Processing file /opt/airflow/dags/00_hello_world.py for tasks to queue
[2026-07-06T19:16:53.494+0000] {logging_mixin.py:190} INFO - [2026-07-06T19:16:53.493+0000] {dagbag.py:588} INFO - Filling up the DagBag from /opt/airflow/dags/00_hello_world.py
[2026-07-06T19:16:53.506+0000] {processor.py:925} INFO - DAG(s) '00_hello_world' retrieved from /opt/airflow/dags/00_hello_world.py
[2026-07-06T19:16:53.551+0000] {logging_mixin.py:190} INFO - [2026-07-06T19:16:53.550+0000] {dag.py:3239} INFO - Sync 1 DAGs
[2026-07-06T19:16:53.573+0000] {logging_mixin.py:190} INFO - [2026-07-06T19:16:53.573+0000] {dag.py:4180} INFO - Setting next_dagrun for 00_hello_world to None, run_after=None
[2026-07-06T19:16:53.595+0000] {processor.py:208} INFO - Processing /opt/airflow/dags/00_hello_world.py took 0.116 seconds
[2026-07-06T19:17:23.814+0000] {processor.py:186} INFO - Started process (PID=2972) to work on /opt/airflow/dags/00_hello_world.py
[2026-07-06T19:17:23.815+0000] {processor.py:914} INFO - Processing file /opt/airflow/dags/00_hello_world.py for tasks to queue
[2026-07-06T19:17:23.818+0000] {logging_mixin.py:190} INFO - [2026-07-06T19:17:23.817+0000] {dagbag.py:588} INFO - Filling up the DagBag from /opt/airflow/dags/00_hello_world.py
[2026-07-06T19:17:23.830+0000] {processor.py:925} INFO - DAG(s) '00_hello_world' retrieved from /opt/airflow/dags/00_hello_world.py
[2026-07-06T19:17:23.866+0000] {logging_mixin.py:190} INFO - [2026-07-06T19:17:23.866+0000] {dag.py:3239} INFO - Sync 1 DAGs
[2026-07-06T19:17:23.886+0000] {logging_mixin.py:190} INFO - [2026-07-06T19:17:23.886+0000] {dag.py:4180} INFO - Setting next_dagrun for 00_hello_world to None, run_after=None
[2026-07-06T19:17:23.914+0000] {processor.py:208} INFO - Processing /opt/airflow/dags/00_hello_world.py took 0.110 seconds
[2026-07-06T19:17:54.417+0000] {processor.py:186} INFO - Started process (PID=2982) to work on /opt/airflow/dags/00_hello_world.py
[2026-07-06T19:17:54.421+0000] {processor.py:914} INFO - Processing file /opt/airflow/dags/00_hello_world.py for tasks to queue
[2026-07-06T19:17:54.426+0000] {logging_mixin.py:190} INFO - [2026-07-06T19:17:54.425+0000] {dagbag.py:588} INFO - Filling up the DagBag from /opt/airflow/dags/00_hello_world.py
[2026-07-06T19:17:54.446+0000] {processor.py:925} INFO - DAG(s) '00_hello_world' retrieved from /opt/airflow/dags/00_hello_world.py
[2026-07-06T19:17:54.490+0000] {logging_mixin.py:190} INFO - [2026-07-06T19:17:54.490+0000] {dag.py:3239} INFO - Sync 1 DAGs
[2026-07-06T19:17:56.968+0000] {logging_mixin.py:190} INFO - [2026-07-06T19:17:56.968+0000] {dag.py:4180} INFO - Setting next_dagrun for 00_hello_world to None, run_after=None
[2026-07-06T19:17:56.987+0000] {processor.py:208} INFO - Processing /opt/airflow/dags/00_hello_world.py took 2.638 seconds
[2026-07-06T19:18:27.442+0000] {processor.py:186} INFO - Started process (PID=2992) to work on /opt/airflow/dags/00_hello_world.py
[2026-07-06T19:18:27.450+0000] {processor.py:914} INFO - Processing file /opt/airflow/dags/00_hello_world.py for tasks to queue
[2026-07-06T19:18:27.463+0000] {logging_mixin.py:190} INFO - [2026-07-06T19:18:27.461+0000] {dagbag.py:588} INFO - Filling up the DagBag from /opt/airflow/dags/00_hello_world.py
[2026-07-06T19:18:27.501+0000] {processor.py:925} INFO - DAG(s) '00_hello_world' retrieved from /opt/airflow/dags/00_hello_world.py
[2026-07-06T19:18:27.549+0000] {logging_mixin.py:190} INFO - [2026-07-06T19:18:27.548+0000] {dag.py:3239} INFO - Sync 1 DAGs
[2026-07-06T19:18:27.815+0000] {logging_mixin.py:190} INFO - [2026-07-06T19:18:27.815+0000] {dag.py:4180} INFO - Setting next_dagrun for 00_hello_world to None, run_after=None
[2026-07-06T19:18:27.832+0000] {processor.py:208} INFO - Processing /opt/airflow/dags/00_hello_world.py took 0.416 seconds
[2026-07-06T19:18:58.340+0000] {processor.py:186} INFO - Started process (PID=3002) to work on /opt/airflow/dags/00_hello_world.py
[2026-07-06T19:18:58.349+0000] {processor.py:914} INFO - Processing file /opt/airflow/dags/00_hello_world.py for tasks to queue
[2026-07-06T19:18:58.370+0000] {logging_mixin.py:190} INFO - [2026-07-06T19:18:58.368+0000] {dagbag.py:588} INFO - Filling up the DagBag from /opt/airflow/dags/00_hello_world.py
[2026-07-06T19:18:58.400+0000] {processor.py:925} INFO - DAG(s) '00_hello_world' retrieved from /opt/airflow/dags/00_hello_world.py
[2026-07-06T19:18:58.445+0000] {logging_mixin.py:190} INFO - [2026-07-06T19:18:58.444+0000] {dag.py:3239} INFO - Sync 1 DAGs
[2026-07-06T19:18:58.466+0000] {logging_mixin.py:190} INFO - [2026-07-06T19:18:58.465+0000] {dag.py:4180} INFO - Setting next_dagrun for 00_hello_world to None, run_after=None
[2026-07-06T19:18:58.487+0000] {processor.py:208} INFO - Processing /opt/airflow/dags/00_hello_world.py took 0.211 seconds
[2026-07-06T19:19:28.865+0000] {processor.py:186} INFO - Started process (PID=3012) to work on /opt/airflow/dags/00_hello_world.py
[2026-07-06T19:19:28.866+0000] {processor.py:914} INFO - Processing file /opt/airflow/dags/00_hello_world.py for tasks to queue
[2026-07-06T19:19:28.880+0000] {logging_mixin.py:190} INFO - [2026-07-06T19:19:28.879+0000] {dagbag.py:588} INFO - Filling up the DagBag from /opt/airflow/dags/00_hello_world.py
[2026-07-06T19:19:28.942+0000] {processor.py:925} INFO - DAG(s) '00_hello_world' retrieved from /opt/airflow/dags/00_hello_world.py
[2026-07-06T19:19:29.029+0000] {logging_mixin.py:190} INFO - [2026-07-06T19:19:29.029+0000] {dag.py:3239} INFO - Sync 1 DAGs
[2026-07-06T19:19:29.054+0000] {logging_mixin.py:190} INFO - [2026-07-06T19:19:29.054+0000] {dag.py:4180} INFO - Setting next_dagrun for 00_hello_world to None, run_after=None
[2026-07-06T19:19:29.083+0000] {processor.py:208} INFO - Processing /opt/airflow/dags/00_hello_world.py took 0.240 seconds
[2026-07-06T19:19:59.473+0000] {processor.py:186} INFO - Started process (PID=3022) to work on /opt/airflow/dags/00_hello_world.py
[2026-07-06T19:19:59.477+0000] {processor.py:914} INFO - Processing file /opt/airflow/dags/00_hello_world.py for tasks to queue
[2026-07-06T19:19:59.481+0000] {logging_mixin.py:190} INFO - [2026-07-06T19:19:59.481+0000] {dagbag.py:588} INFO - Filling up the DagBag from /opt/airflow/dags/00_hello_world.py
[2026-07-06T19:19:59.519+0000] {processor.py:925} INFO - DAG(s) '00_hello_world' retrieved from /opt/airflow/dags/00_hello_world.py
[2026-07-06T19:19:59.565+0000] {logging_mixin.py:190} INFO - [2026-07-06T19:19:59.565+0000] {dag.py:3239} INFO - Sync 1 DAGs
[2026-07-06T19:19:59.590+0000] {logging_mixin.py:190} INFO - [2026-07-06T19:19:59.590+0000] {dag.py:4180} INFO - Setting next_dagrun for 00_hello_world to None, run_after=None
[2026-07-06T19:19:59.621+0000] {processor.py:208} INFO - Processing /opt/airflow/dags/00_hello_world.py took 0.186 seconds
[2026-07-06T19:20:29.859+0000] {processor.py:186} INFO - Started process (PID=3032) to work on /opt/airflow/dags/00_hello_world.py
[2026-07-06T19:20:29.860+0000] {processor.py:914} INFO - Processing file /opt/airflow/dags/00_hello_world.py for tasks to queue
[2026-07-06T19:20:29.865+0000] {logging_mixin.py:190} INFO - [2026-07-06T19:20:29.864+0000] {dagbag.py:588} INFO - Filling up the DagBag from /opt/airflow/dags/00_hello_world.py
[2026-07-06T19:20:29.880+0000] {processor.py:925} INFO - DAG(s) '00_hello_world' retrieved from /opt/airflow/dags/00_hello_world.py
[2026-07-06T19:20:29.918+0000] {logging_mixin.py:190} INFO - [2026-07-06T19:20:29.918+0000] {dag.py:3239} INFO - Sync 1 DAGs
[2026-07-06T19:20:29.936+0000] {logging_mixin.py:190} INFO - [2026-07-06T19:20:29.936+0000] {dag.py:4180} INFO - Setting next_dagrun for 00_hello_world to None, run_after=None
[2026-07-06T19:20:30.240+0000] {processor.py:208} INFO - Processing /opt/airflow/dags/00_hello_world.py took 0.398 seconds
[2026-07-06T19:21:00.757+0000] {processor.py:186} INFO - Started process (PID=3042) to work on /opt/airflow/dags/00_hello_world.py
[2026-07-06T19:21:00.763+0000] {processor.py:914} INFO - Processing file /opt/airflow/dags/00_hello_world.py for tasks to queue
[2026-07-06T19:21:00.799+0000] {logging_mixin.py:190} INFO - [2026-07-06T19:21:00.796+0000] {dagbag.py:588} INFO - Filling up the DagBag from /opt/airflow/dags/00_hello_world.py
[2026-07-06T19:21:00.899+0000] {processor.py:925} INFO - DAG(s) '00_hello_world' retrieved from /opt/airflow/dags/00_hello_world.py
[2026-07-06T19:21:01.084+0000] {logging_mixin.py:190} INFO - [2026-07-06T19:21:01.083+0000] {dag.py:3239} INFO - Sync 1 DAGs
[2026-07-06T19:21:01.596+0000] {logging_mixin.py:190} INFO - [2026-07-06T19:21:01.596+0000] {dag.py:4180} INFO - Setting next_dagrun for 00_hello_world to None, run_after=None
[2026-07-06T19:21:01.618+0000] {processor.py:208} INFO - Processing /opt/airflow/dags/00_hello_world.py took 0.938 seconds
[2026-07-06T19:21:32.105+0000] {processor.py:186} INFO - Started process (PID=3052) to work on /opt/airflow/dags/00_hello_world.py
[2026-07-06T19:21:32.111+0000] {processor.py:914} INFO - Processing file /opt/airflow/dags/00_hello_world.py for tasks to queue
[2026-07-06T19:21:32.128+0000] {logging_mixin.py:190} INFO - [2026-07-06T19:21:32.126+0000] {dagbag.py:588} INFO - Filling up the DagBag from /opt/airflow/dags/00_hello_world.py
[2026-07-06T19:21:32.191+0000] {processor.py:925} INFO - DAG(s) '00_hello_world' retrieved from /opt/airflow/dags/00_hello_world.py
[2026-07-06T19:21:32.604+0000] {logging_mixin.py:190} INFO - [2026-07-06T19:21:32.604+0000] {dag.py:3239} INFO - Sync 1 DAGs
[2026-07-06T19:21:32.618+0000] {logging_mixin.py:190} INFO - [2026-07-06T19:21:32.617+0000] {dag.py:4180} INFO - Setting next_dagrun for 00_hello_world to None, run_after=None
[2026-07-06T19:21:32.638+0000] {processor.py:208} INFO - Processing /opt/airflow/dags/00_hello_world.py took 0.579 seconds
[2026-07-06T19:22:03.110+0000] {processor.py:186} INFO - Started process (PID=3062) to work on /opt/airflow/dags/00_hello_world.py
[2026-07-06T19:22:03.115+0000] {processor.py:914} INFO - Processing file /opt/airflow/dags/00_hello_world.py for tasks to queue
[2026-07-06T19:22:03.129+0000] {logging_mixin.py:190} INFO - [2026-07-06T19:22:03.127+0000] {dagbag.py:588} INFO - Filling up the DagBag from /opt/airflow/dags/00_hello_world.py
[2026-07-06T19:22:03.179+0000] {processor.py:925} INFO - DAG(s) '00_hello_world' retrieved from /opt/airflow/dags/00_hello_world.py
[2026-07-06T19:22:03.260+0000] {logging_mixin.py:190} INFO - [2026-07-06T19:22:03.259+0000] {dag.py:3239} INFO - Sync 1 DAGs
[2026-07-06T19:22:03.295+0000] {logging_mixin.py:190} INFO - [2026-07-06T19:22:03.295+0000] {dag.py:4180} INFO - Setting next_dagrun for 00_hello_world to None, run_after=None
[2026-07-06T19:22:03.336+0000] {processor.py:208} INFO - Processing /opt/airflow/dags/00_hello_world.py took 0.271 seconds
[2026-07-06T19:22:33.810+0000] {processor.py:186} INFO - Started process (PID=3072) to work on /opt/airflow/dags/00_hello_world.py
[2026-07-06T19:22:33.812+0000] {processor.py:914} INFO - Processing file /opt/airflow/dags/00_hello_world.py for tasks to queue
[2026-07-06T19:22:33.818+0000] {logging_mixin.py:190} INFO - [2026-07-06T19:22:33.818+0000] {dagbag.py:588} INFO - Filling up the DagBag from /opt/airflow/dags/00_hello_world.py
[2026-07-06T19:22:33.840+0000] {processor.py:925} INFO - DAG(s) '00_hello_world' retrieved from /opt/airflow/dags/00_hello_world.py
[2026-07-06T19:22:33.885+0000] {logging_mixin.py:190} INFO - [2026-07-06T19:22:33.885+0000] {dag.py:3239} INFO - Sync 1 DAGs
[2026-07-06T19:22:33.903+0000] {logging_mixin.py:190} INFO - [2026-07-06T19:22:33.903+0000] {dag.py:4180} INFO - Setting next_dagrun for 00_hello_world to None, run_after=None
[2026-07-06T19:22:33.925+0000] {processor.py:208} INFO - Processing /opt/airflow/dags/00_hello_world.py took 0.144 seconds
[2026-07-06T19:23:04.260+0000] {processor.py:186} INFO - Started process (PID=3082) to work on /opt/airflow/dags/00_hello_world.py
[2026-07-06T19:23:04.266+0000] {processor.py:914} INFO - Processing file /opt/airflow/dags/00_hello_world.py for tasks to queue
[2026-07-06T19:23:04.287+0000] {logging_mixin.py:190} INFO - [2026-07-06T19:23:04.285+0000] {dagbag.py:588} INFO - Filling up the DagBag from /opt/airflow/dags/00_hello_world.py
[2026-07-06T19:23:04.340+0000] {processor.py:925} INFO - DAG(s) '00_hello_world' retrieved from /opt/airflow/dags/00_hello_world.py
[2026-07-06T19:23:04.408+0000] {logging_mixin.py:190} INFO - [2026-07-06T19:23:04.408+0000] {dag.py:3239} INFO - Sync 1 DAGs
[2026-07-06T19:23:04.429+0000] {logging_mixin.py:190} INFO - [2026-07-06T19:23:04.429+0000] {dag.py:4180} INFO - Setting next_dagrun for 00_hello_world to None, run_after=None
[2026-07-06T19:23:04.449+0000] {processor.py:208} INFO - Processing /opt/airflow/dags/00_hello_world.py took 0.227 seconds
[2026-07-06T19:23:34.772+0000] {processor.py:186} INFO - Started process (PID=3092) to work on /opt/airflow/dags/00_hello_world.py
[2026-07-06T19:23:34.775+0000] {processor.py:914} INFO - Processing file /opt/airflow/dags/00_hello_world.py for tasks to queue
[2026-07-06T19:23:34.786+0000] {logging_mixin.py:190} INFO - [2026-07-06T19:23:34.785+0000] {dagbag.py:588} INFO - Filling up the DagBag from /opt/airflow/dags/00_hello_world.py
[2026-07-06T19:23:34.809+0000] {processor.py:925} INFO - DAG(s) '00_hello_world' retrieved from /opt/airflow/dags/00_hello_world.py
[2026-07-06T19:23:34.849+0000] {logging_mixin.py:190} INFO - [2026-07-06T19:23:34.849+0000] {dag.py:3239} INFO - Sync 1 DAGs
[2026-07-06T19:23:34.867+0000] {logging_mixin.py:190} INFO - [2026-07-06T19:23:34.867+0000] {dag.py:4180} INFO - Setting next_dagrun for 00_hello_world to None, run_after=None
[2026-07-06T19:23:35.211+0000] {processor.py:208} INFO - Processing /opt/airflow/dags/00_hello_world.py took 0.499 seconds
[2026-07-06T19:24:05.694+0000] {processor.py:186} INFO - Started process (PID=3102) to work on /opt/airflow/dags/00_hello_world.py
[2026-07-06T19:24:05.698+0000] {processor.py:914} INFO - Processing file /opt/airflow/dags/00_hello_world.py for tasks to queue
[2026-07-06T19:24:05.716+0000] {logging_mixin.py:190} INFO - [2026-07-06T19:24:05.714+0000] {dagbag.py:588} INFO - Filling up the DagBag from /opt/airflow/dags/00_hello_world.py
[2026-07-06T19:24:05.770+0000] {processor.py:925} INFO - DAG(s) '00_hello_world' retrieved from /opt/airflow/dags/00_hello_world.py
[2026-07-06T19:24:05.936+0000] {logging_mixin.py:190} INFO - [2026-07-06T19:24:05.935+0000] {dag.py:3239} INFO - Sync 1 DAGs
[2026-07-06T19:24:06.251+0000] {logging_mixin.py:190} INFO - [2026-07-06T19:24:06.251+0000] {dag.py:4180} INFO - Setting next_dagrun for 00_hello_world to None, run_after=None
[2026-07-06T19:24:06.276+0000] {processor.py:208} INFO - Processing /opt/airflow/dags/00_hello_world.py took 0.639 seconds
[2026-07-06T19:24:36.810+0000] {processor.py:186} INFO - Started process (PID=3112) to work on /opt/airflow/dags/00_hello_world.py
[2026-07-06T19:24:36.812+0000] {processor.py:914} INFO - Processing file /opt/airflow/dags/00_hello_world.py for tasks to queue
[2026-07-06T19:24:36.819+0000] {logging_mixin.py:190} INFO - [2026-07-06T19:24:36.818+0000] {dagbag.py:588} INFO - Filling up the DagBag from /opt/airflow/dags/00_hello_world.py
[2026-07-06T19:24:36.837+0000] {processor.py:925} INFO - DAG(s) '00_hello_world' retrieved from /opt/airflow/dags/00_hello_world.py
[2026-07-06T19:24:37.073+0000] {logging_mixin.py:190} INFO - [2026-07-06T19:24:37.072+0000] {dag.py:3239} INFO - Sync 1 DAGs
[2026-07-06T19:24:37.085+0000] {logging_mixin.py:190} INFO - [2026-07-06T19:24:37.085+0000] {dag.py:4180} INFO - Setting next_dagrun for 00_hello_world to None, run_after=None
[2026-07-06T19:24:37.104+0000] {processor.py:208} INFO - Processing /opt/airflow/dags/00_hello_world.py took 0.325 seconds
[2026-07-06T19:25:07.197+0000] {processor.py:186} INFO - Started process (PID=3122) to work on /opt/airflow/dags/00_hello_world.py
[2026-07-06T19:25:07.199+0000] {processor.py:914} INFO - Processing file /opt/airflow/dags/00_hello_world.py for tasks to queue
[2026-07-06T19:25:07.205+0000] {logging_mixin.py:190} INFO - [2026-07-06T19:25:07.204+0000] {dagbag.py:588} INFO - Filling up the DagBag from /opt/airflow/dags/00_hello_world.py
[2026-07-06T19:25:07.230+0000] {processor.py:925} INFO - DAG(s) '00_hello_world' retrieved from /opt/airflow/dags/00_hello_world.py
[2026-07-06T19:25:07.289+0000] {logging_mixin.py:190} INFO - [2026-07-06T19:25:07.289+0000] {dag.py:3239} INFO - Sync 1 DAGs
[2026-07-06T19:25:07.313+0000] {logging_mixin.py:190} INFO - [2026-07-06T19:25:07.313+0000] {dag.py:4180} INFO - Setting next_dagrun for 00_hello_world to None, run_after=None
[2026-07-06T19:25:07.342+0000] {processor.py:208} INFO - Processing /opt/airflow/dags/00_hello_world.py took 0.164 seconds
[2026-07-06T19:25:37.822+0000] {processor.py:186} INFO - Started process (PID=3132) to work on /opt/airflow/dags/00_hello_world.py
[2026-07-06T19:25:37.825+0000] {processor.py:914} INFO - Processing file /opt/airflow/dags/00_hello_world.py for tasks to queue
[2026-07-06T19:25:37.840+0000] {logging_mixin.py:190} INFO - [2026-07-06T19:25:37.838+0000] {dagbag.py:588} INFO - Filling up the DagBag from /opt/airflow/dags/00_hello_world.py
[2026-07-06T19:25:37.888+0000] {processor.py:925} INFO - DAG(s) '00_hello_world' retrieved from /opt/airflow/dags/00_hello_world.py
[2026-07-06T19:25:37.952+0000] {logging_mixin.py:190} INFO - [2026-07-06T19:25:37.951+0000] {dag.py:3239} INFO - Sync 1 DAGs
[2026-07-06T19:25:37.987+0000] {logging_mixin.py:190} INFO - [2026-07-06T19:25:37.986+0000] {dag.py:4180} INFO - Setting next_dagrun for 00_hello_world to None, run_after=None
[2026-07-06T19:25:38.022+0000] {processor.py:208} INFO - Processing /opt/airflow/dags/00_hello_world.py took 0.239 seconds
[2026-07-06T19:26:08.146+0000] {processor.py:186} INFO - Started process (PID=3142) to work on /opt/airflow/dags/00_hello_world.py
[2026-07-06T19:26:08.147+0000] {processor.py:914} INFO - Processing file /opt/airflow/dags/00_hello_world.py for tasks to queue
[2026-07-06T19:26:08.150+0000] {logging_mixin.py:190} INFO - [2026-07-06T19:26:08.150+0000] {dagbag.py:588} INFO - Filling up the DagBag from /opt/airflow/dags/00_hello_world.py
[2026-07-06T19:26:08.165+0000] {processor.py:925} INFO - DAG(s) '00_hello_world' retrieved from /opt/airflow/dags/00_hello_world.py
[2026-07-06T19:26:08.213+0000] {logging_mixin.py:190} INFO - [2026-07-06T19:26:08.213+0000] {dag.py:3239} INFO - Sync 1 DAGs
[2026-07-06T19:26:08.235+0000] {logging_mixin.py:190} INFO - [2026-07-06T19:26:08.235+0000] {dag.py:4180} INFO - Setting next_dagrun for 00_hello_world to None, run_after=None
[2026-07-06T19:26:08.259+0000] {processor.py:208} INFO - Processing /opt/airflow/dags/00_hello_world.py took 0.124 seconds
[2026-07-06T19:26:38.602+0000] {processor.py:186} INFO - Started process (PID=3152) to work on /opt/airflow/dags/00_hello_world.py
[2026-07-06T19:26:38.608+0000] {processor.py:914} INFO - Processing file /opt/airflow/dags/00_hello_world.py for tasks to queue
[2026-07-06T19:26:38.624+0000] {logging_mixin.py:190} INFO - [2026-07-06T19:26:38.622+0000] {dagbag.py:588} INFO - Filling up the DagBag from /opt/airflow/dags/00_hello_world.py
[2026-07-06T19:26:38.671+0000] {processor.py:925} INFO - DAG(s) '00_hello_world' retrieved from /opt/airflow/dags/00_hello_world.py
[2026-07-06T19:26:38.722+0000] {logging_mixin.py:190} INFO - [2026-07-06T19:26:38.722+0000] {dag.py:3239} INFO - Sync 1 DAGs
[2026-07-06T19:26:39.042+0000] {logging_mixin.py:190} INFO - [2026-07-06T19:26:39.042+0000] {dag.py:4180} INFO - Setting next_dagrun for 00_hello_world to None, run_after=None
[2026-07-06T19:26:39.058+0000] {processor.py:208} INFO - Processing /opt/airflow/dags/00_hello_world.py took 0.492 seconds
[2026-07-06T19:27:09.405+0000] {processor.py:186} INFO - Started process (PID=3162) to work on /opt/airflow/dags/00_hello_world.py
[2026-07-06T19:27:09.409+0000] {processor.py:914} INFO - Processing file /opt/airflow/dags/00_hello_world.py for tasks to queue
[2026-07-06T19:27:09.418+0000] {logging_mixin.py:190} INFO - [2026-07-06T19:27:09.417+0000] {dagbag.py:588} INFO - Filling up the DagBag from /opt/airflow/dags/00_hello_world.py
[2026-07-06T19:27:09.436+0000] {processor.py:925} INFO - DAG(s) '00_hello_world' retrieved from /opt/airflow/dags/00_hello_world.py
[2026-07-06T19:27:09.675+0000] {logging_mixin.py:190} INFO - [2026-07-06T19:27:09.674+0000] {dag.py:3239} INFO - Sync 1 DAGs
[2026-07-06T19:27:09.690+0000] {logging_mixin.py:190} INFO - [2026-07-06T19:27:09.689+0000] {dag.py:4180} INFO - Setting next_dagrun for 00_hello_world to None, run_after=None
[2026-07-06T19:27:09.712+0000] {processor.py:208} INFO - Processing /opt/airflow/dags/00_hello_world.py took 0.339 seconds
[2026-07-06T19:27:40.125+0000] {processor.py:186} INFO - Started process (PID=3172) to work on /opt/airflow/dags/00_hello_world.py
[2026-07-06T19:27:40.128+0000] {processor.py:914} INFO - Processing file /opt/airflow/dags/00_hello_world.py for tasks to queue
[2026-07-06T19:27:40.134+0000] {logging_mixin.py:190} INFO - [2026-07-06T19:27:40.133+0000] {dagbag.py:588} INFO - Filling up the DagBag from /opt/airflow/dags/00_hello_world.py
[2026-07-06T19:27:40.161+0000] {processor.py:925} INFO - DAG(s) '00_hello_world' retrieved from /opt/airflow/dags/00_hello_world.py
[2026-07-06T19:27:40.235+0000] {logging_mixin.py:190} INFO - [2026-07-06T19:27:40.234+0000] {dag.py:3239} INFO - Sync 1 DAGs
[2026-07-06T19:27:40.272+0000] {logging_mixin.py:190} INFO - [2026-07-06T19:27:40.271+0000] {dag.py:4180} INFO - Setting next_dagrun for 00_hello_world to None, run_after=None
[2026-07-06T19:27:40.323+0000] {processor.py:208} INFO - Processing /opt/airflow/dags/00_hello_world.py took 0.218 seconds
[2026-07-06T19:28:10.838+0000] {processor.py:186} INFO - Started process (PID=3182) to work on /opt/airflow/dags/00_hello_world.py
[2026-07-06T19:28:10.842+0000] {processor.py:914} INFO - Processing file /opt/airflow/dags/00_hello_world.py for tasks to queue
[2026-07-06T19:28:10.854+0000] {logging_mixin.py:190} INFO - [2026-07-06T19:28:10.853+0000] {dagbag.py:588} INFO - Filling up the DagBag from /opt/airflow/dags/00_hello_world.py
[2026-07-06T19:28:10.892+0000] {processor.py:925} INFO - DAG(s) '00_hello_world' retrieved from /opt/airflow/dags/00_hello_world.py
[2026-07-06T19:28:10.941+0000] {logging_mixin.py:190} INFO - [2026-07-06T19:28:10.940+0000] {dag.py:3239} INFO - Sync 1 DAGs
[2026-07-06T19:28:10.964+0000] {logging_mixin.py:190} INFO - [2026-07-06T19:28:10.964+0000] {dag.py:4180} INFO - Setting next_dagrun for 00_hello_world to None, run_after=None
[2026-07-06T19:28:10.992+0000] {processor.py:208} INFO - Processing /opt/airflow/dags/00_hello_world.py took 0.198 seconds
[2026-07-06T19:28:41.482+0000] {processor.py:186} INFO - Started process (PID=3192) to work on /opt/airflow/dags/00_hello_world.py
[2026-07-06T19:28:41.489+0000] {processor.py:914} INFO - Processing file /opt/airflow/dags/00_hello_world.py for tasks to queue
[2026-07-06T19:28:41.503+0000] {logging_mixin.py:190} INFO - [2026-07-06T19:28:41.501+0000] {dagbag.py:588} INFO - Filling up the DagBag from /opt/airflow/dags/00_hello_world.py
[2026-07-06T19:28:41.561+0000] {processor.py:925} INFO - DAG(s) '00_hello_world' retrieved from /opt/airflow/dags/00_hello_world.py
[2026-07-06T19:28:41.640+0000] {logging_mixin.py:190} INFO - [2026-07-06T19:28:41.639+0000] {dag.py:3239} INFO - Sync 1 DAGs
[2026-07-06T19:28:41.675+0000] {logging_mixin.py:190} INFO - [2026-07-06T19:28:41.675+0000] {dag.py:4180} INFO - Setting next_dagrun for 00_hello_world to None, run_after=None
[2026-07-06T19:28:41.718+0000] {processor.py:208} INFO - Processing /opt/airflow/dags/00_hello_world.py took 0.276 seconds
[2026-07-06T19:29:12.106+0000] {processor.py:186} INFO - Started process (PID=3202) to work on /opt/airflow/dags/00_hello_world.py
[2026-07-06T19:29:12.107+0000] {processor.py:914} INFO - Processing file /opt/airflow/dags/00_hello_world.py for tasks to queue
[2026-07-06T19:29:12.110+0000] {logging_mixin.py:190} INFO - [2026-07-06T19:29:12.109+0000] {dagbag.py:588} INFO - Filling up the DagBag from /opt/airflow/dags/00_hello_world.py
[2026-07-06T19:29:12.121+0000] {processor.py:925} INFO - DAG(s) '00_hello_world' retrieved from /opt/airflow/dags/00_hello_world.py
[2026-07-06T19:29:12.181+0000] {logging_mixin.py:190} INFO - [2026-07-06T19:29:12.180+0000] {dag.py:3239} INFO - Sync 1 DAGs
[2026-07-06T19:29:12.204+0000] {logging_mixin.py:190} INFO - [2026-07-06T19:29:12.204+0000] {dag.py:4180} INFO - Setting next_dagrun for 00_hello_world to None, run_after=None
[2026-07-06T19:29:12.463+0000] {processor.py:208} INFO - Processing /opt/airflow/dags/00_hello_world.py took 0.367 seconds
[2026-07-06T19:29:42.993+0000] {processor.py:186} INFO - Started process (PID=3212) to work on /opt/airflow/dags/00_hello_world.py
[2026-07-06T19:29:43.001+0000] {processor.py:914} INFO - Processing file /opt/airflow/dags/00_hello_world.py for tasks to queue
[2026-07-06T19:29:43.019+0000] {logging_mixin.py:190} INFO - [2026-07-06T19:29:43.018+0000] {dagbag.py:588} INFO - Filling up the DagBag from /opt/airflow/dags/00_hello_world.py
[2026-07-06T19:29:43.044+0000] {processor.py:925} INFO - DAG(s) '00_hello_world' retrieved from /opt/airflow/dags/00_hello_world.py
[2026-07-06T19:29:43.094+0000] {logging_mixin.py:190} INFO - [2026-07-06T19:29:43.094+0000] {dag.py:3239} INFO - Sync 1 DAGs
[2026-07-06T19:29:43.348+0000] {logging_mixin.py:190} INFO - [2026-07-06T19:29:43.348+0000] {dag.py:4180} INFO - Setting next_dagrun for 00_hello_world to None, run_after=None
[2026-07-06T19:29:43.365+0000] {processor.py:208} INFO - Processing /opt/airflow/dags/00_hello_world.py took 0.417 seconds
[2026-07-06T19:30:13.783+0000] {processor.py:186} INFO - Started process (PID=3222) to work on /opt/airflow/dags/00_hello_world.py
[2026-07-06T19:30:13.789+0000] {processor.py:914} INFO - Processing file /opt/airflow/dags/00_hello_world.py for tasks to queue
[2026-07-06T19:30:13.813+0000] {logging_mixin.py:190} INFO - [2026-07-06T19:30:13.810+0000] {dagbag.py:588} INFO - Filling up the DagBag from /opt/airflow/dags/00_hello_world.py
[2026-07-06T19:30:13.859+0000] {processor.py:925} INFO - DAG(s) '00_hello_world' retrieved from /opt/airflow/dags/00_hello_world.py
[2026-07-06T19:30:14.148+0000] {logging_mixin.py:190} INFO - [2026-07-06T19:30:14.148+0000] {dag.py:3239} INFO - Sync 1 DAGs
[2026-07-06T19:30:14.160+0000] {logging_mixin.py:190} INFO - [2026-07-06T19:30:14.160+0000] {dag.py:4180} INFO - Setting next_dagrun for 00_hello_world to None, run_after=None
[2026-07-06T19:30:14.179+0000] {processor.py:208} INFO - Processing /opt/airflow/dags/00_hello_world.py took 0.442 seconds
[2026-07-06T19:30:44.587+0000] {processor.py:186} INFO - Started process (PID=3232) to work on /opt/airflow/dags/00_hello_world.py
[2026-07-06T19:30:44.591+0000] {processor.py:914} INFO - Processing file /opt/airflow/dags/00_hello_world.py for tasks to queue
[2026-07-06T19:30:44.600+0000] {logging_mixin.py:190} INFO - [2026-07-06T19:30:44.599+0000] {dagbag.py:588} INFO - Filling up the DagBag from /opt/airflow/dags/00_hello_world.py
[2026-07-06T19:30:44.642+0000] {processor.py:925} INFO - DAG(s) '00_hello_world' retrieved from /opt/airflow/dags/00_hello_world.py
[2026-07-06T19:30:44.755+0000] {logging_mixin.py:190} INFO - [2026-07-06T19:30:44.754+0000] {dag.py:3239} INFO - Sync 1 DAGs
[2026-07-06T19:30:44.808+0000] {logging_mixin.py:190} INFO - [2026-07-06T19:30:44.807+0000] {dag.py:4180} INFO - Setting next_dagrun for 00_hello_world to None, run_after=None
[2026-07-06T19:30:44.865+0000] {processor.py:208} INFO - Processing /opt/airflow/dags/00_hello_world.py took 0.304 seconds
[2026-07-06T19:31:15.318+0000] {processor.py:186} INFO - Started process (PID=3242) to work on /opt/airflow/dags/00_hello_world.py
[2026-07-06T19:31:15.322+0000] {processor.py:914} INFO - Processing file /opt/airflow/dags/00_hello_world.py for tasks to queue
[2026-07-06T19:31:15.337+0000] {logging_mixin.py:190} INFO - [2026-07-06T19:31:15.336+0000] {dagbag.py:588} INFO - Filling up the DagBag from /opt/airflow/dags/00_hello_world.py
[2026-07-06T19:31:15.388+0000] {processor.py:925} INFO - DAG(s) '00_hello_world' retrieved from /opt/airflow/dags/00_hello_world.py
[2026-07-06T19:31:15.452+0000] {logging_mixin.py:190} INFO - [2026-07-06T19:31:15.452+0000] {dag.py:3239} INFO - Sync 1 DAGs
[2026-07-06T19:31:15.485+0000] {logging_mixin.py:190} INFO - [2026-07-06T19:31:15.484+0000] {dag.py:4180} INFO - Setting next_dagrun for 00_hello_world to None, run_after=None
[2026-07-06T19:31:15.520+0000] {processor.py:208} INFO - Processing /opt/airflow/dags/00_hello_world.py took 0.249 seconds
[2026-07-06T19:31:45.960+0000] {processor.py:186} INFO - Started process (PID=3252) to work on /opt/airflow/dags/00_hello_world.py
[2026-07-06T19:31:45.963+0000] {processor.py:914} INFO - Processing file /opt/airflow/dags/00_hello_world.py for tasks to queue
[2026-07-06T19:31:45.966+0000] {logging_mixin.py:190} INFO - [2026-07-06T19:31:45.966+0000] {dagbag.py:588} INFO - Filling up the DagBag from /opt/airflow/dags/00_hello_world.py
[2026-07-06T19:31:45.991+0000] {processor.py:925} INFO - DAG(s) '00_hello_world' retrieved from /opt/airflow/dags/00_hello_world.py
[2026-07-06T19:31:46.081+0000] {logging_mixin.py:190} INFO - [2026-07-06T19:31:46.080+0000] {dag.py:3239} INFO - Sync 1 DAGs
[2026-07-06T19:31:46.144+0000] {logging_mixin.py:190} INFO - [2026-07-06T19:31:46.144+0000] {dag.py:4180} INFO - Setting next_dagrun for 00_hello_world to None, run_after=None
[2026-07-06T19:31:46.312+0000] {processor.py:208} INFO - Processing /opt/airflow/dags/00_hello_world.py took 0.365 seconds
[2026-07-06T19:32:16.781+0000] {processor.py:186} INFO - Started process (PID=3262) to work on /opt/airflow/dags/00_hello_world.py
[2026-07-06T19:32:16.783+0000] {processor.py:914} INFO - Processing file /opt/airflow/dags/00_hello_world.py for tasks to queue
[2026-07-06T19:32:16.788+0000] {logging_mixin.py:190} INFO - [2026-07-06T19:32:16.786+0000] {dagbag.py:588} INFO - Filling up the DagBag from /opt/airflow/dags/00_hello_world.py
[2026-07-06T19:32:16.810+0000] {processor.py:925} INFO - DAG(s) '00_hello_world' retrieved from /opt/airflow/dags/00_hello_world.py
[2026-07-06T19:32:16.850+0000] {logging_mixin.py:190} INFO - [2026-07-06T19:32:16.850+0000] {dag.py:3239} INFO - Sync 1 DAGs
[2026-07-06T19:32:17.090+0000] {logging_mixin.py:190} INFO - [2026-07-06T19:32:17.089+0000] {dag.py:4180} INFO - Setting next_dagrun for 00_hello_world to None, run_after=None
[2026-07-06T19:32:17.108+0000] {processor.py:208} INFO - Processing /opt/airflow/dags/00_hello_world.py took 0.341 seconds
[2026-07-06T19:32:47.558+0000] {processor.py:186} INFO - Started process (PID=3272) to work on /opt/airflow/dags/00_hello_world.py
[2026-07-06T19:32:47.560+0000] {processor.py:914} INFO - Processing file /opt/airflow/dags/00_hello_world.py for tasks to queue
[2026-07-06T19:32:47.564+0000] {logging_mixin.py:190} INFO - [2026-07-06T19:32:47.563+0000] {dagbag.py:588} INFO - Filling up the DagBag from /opt/airflow/dags/00_hello_world.py
[2026-07-06T19:32:47.579+0000] {processor.py:925} INFO - DAG(s) '00_hello_world' retrieved from /opt/airflow/dags/00_hello_world.py
[2026-07-06T19:32:47.619+0000] {logging_mixin.py:190} INFO - [2026-07-06T19:32:47.618+0000] {dag.py:3239} INFO - Sync 1 DAGs
[2026-07-06T19:32:47.915+0000] {logging_mixin.py:190} INFO - [2026-07-06T19:32:47.915+0000] {dag.py:4180} INFO - Setting next_dagrun for 00_hello_world to None, run_after=None
[2026-07-06T19:32:47.934+0000] {processor.py:208} INFO - Processing /opt/airflow/dags/00_hello_world.py took 0.390 seconds
[2026-07-06T19:33:18.266+0000] {processor.py:186} INFO - Started process (PID=3282) to work on /opt/airflow/dags/00_hello_world.py
[2026-07-06T19:33:18.268+0000] {processor.py:914} INFO - Processing file /opt/airflow/dags/00_hello_world.py for tasks to queue
[2026-07-06T19:33:18.272+0000] {logging_mixin.py:190} INFO - [2026-07-06T19:33:18.271+0000] {dagbag.py:588} INFO - Filling up the DagBag from /opt/airflow/dags/00_hello_world.py
[2026-07-06T19:33:18.287+0000] {processor.py:925} INFO - DAG(s) '00_hello_world' retrieved from /opt/airflow/dags/00_hello_world.py
[2026-07-06T19:33:18.580+0000] {logging_mixin.py:190} INFO - [2026-07-06T19:33:18.580+0000] {dag.py:3239} INFO - Sync 1 DAGs
[2026-07-06T19:33:18.596+0000] {logging_mixin.py:190} INFO - [2026-07-06T19:33:18.596+0000] {dag.py:4180} INFO - Setting next_dagrun for 00_hello_world to None, run_after=None
[2026-07-06T19:33:18.626+0000] {processor.py:208} INFO - Processing /opt/airflow/dags/00_hello_world.py took 0.374 seconds
[2026-07-06T19:33:49.347+0000] {processor.py:186} INFO - Started process (PID=3292) to work on /opt/airflow/dags/00_hello_world.py
[2026-07-06T19:33:49.357+0000] {processor.py:914} INFO - Processing file /opt/airflow/dags/00_hello_world.py for tasks to queue
[2026-07-06T19:33:49.376+0000] {logging_mixin.py:190} INFO - [2026-07-06T19:33:49.375+0000] {dagbag.py:588} INFO - Filling up the DagBag from /opt/airflow/dags/00_hello_world.py
[2026-07-06T19:33:49.405+0000] {processor.py:925} INFO - DAG(s) '00_hello_world' retrieved from /opt/airflow/dags/00_hello_world.py
[2026-07-06T19:33:49.467+0000] {logging_mixin.py:190} INFO - [2026-07-06T19:33:49.466+0000] {dag.py:3239} INFO - Sync 1 DAGs
[2026-07-06T19:33:49.495+0000] {logging_mixin.py:190} INFO - [2026-07-06T19:33:49.494+0000] {dag.py:4180} INFO - Setting next_dagrun for 00_hello_world to None, run_after=None
[2026-07-06T19:33:49.531+0000] {processor.py:208} INFO - Processing /opt/airflow/dags/00_hello_world.py took 0.241 seconds
[2026-07-06T19:34:19.716+0000] {processor.py:186} INFO - Started process (PID=3302) to work on /opt/airflow/dags/00_hello_world.py
[2026-07-06T19:34:19.717+0000] {processor.py:914} INFO - Processing file /opt/airflow/dags/00_hello_world.py for tasks to queue
[2026-07-06T19:34:19.720+0000] {logging_mixin.py:190} INFO - [2026-07-06T19:34:19.719+0000] {dagbag.py:588} INFO - Filling up the DagBag from /opt/airflow/dags/00_hello_world.py
[2026-07-06T19:34:19.737+0000] {processor.py:925} INFO - DAG(s) '00_hello_world' retrieved from /opt/airflow/dags/00_hello_world.py
[2026-07-06T19:34:19.786+0000] {logging_mixin.py:190} INFO - [2026-07-06T19:34:19.786+0000] {dag.py:3239} INFO - Sync 1 DAGs
[2026-07-06T19:34:19.807+0000] {logging_mixin.py:190} INFO - [2026-07-06T19:34:19.807+0000] {dag.py:4180} INFO - Setting next_dagrun for 00_hello_world to None, run_after=None
[2026-07-06T19:34:19.836+0000] {processor.py:208} INFO - Processing /opt/airflow/dags/00_hello_world.py took 0.131 seconds
[2026-07-06T19:34:50.335+0000] {processor.py:186} INFO - Started process (PID=3312) to work on /opt/airflow/dags/00_hello_world.py
[2026-07-06T19:34:50.340+0000] {processor.py:914} INFO - Processing file /opt/airflow/dags/00_hello_world.py for tasks to queue
[2026-07-06T19:34:50.350+0000] {logging_mixin.py:190} INFO - [2026-07-06T19:34:50.348+0000] {dagbag.py:588} INFO - Filling up the DagBag from /opt/airflow/dags/00_hello_world.py
[2026-07-06T19:34:50.442+0000] {processor.py:925} INFO - DAG(s) '00_hello_world' retrieved from /opt/airflow/dags/00_hello_world.py
[2026-07-06T19:34:50.509+0000] {logging_mixin.py:190} INFO - [2026-07-06T19:34:50.509+0000] {dag.py:3239} INFO - Sync 1 DAGs
[2026-07-06T19:34:50.532+0000] {logging_mixin.py:190} INFO - [2026-07-06T19:34:50.532+0000] {dag.py:4180} INFO - Setting next_dagrun for 00_hello_world to None, run_after=None
[2026-07-06T19:34:50.558+0000] {processor.py:208} INFO - Processing /opt/airflow/dags/00_hello_world.py took 0.258 seconds
[2026-07-06T19:35:21.015+0000] {processor.py:186} INFO - Started process (PID=3322) to work on /opt/airflow/dags/00_hello_world.py
[2026-07-06T19:35:21.016+0000] {processor.py:914} INFO - Processing file /opt/airflow/dags/00_hello_world.py for tasks to queue
[2026-07-06T19:35:21.031+0000] {logging_mixin.py:190} INFO - [2026-07-06T19:35:21.031+0000] {dagbag.py:588} INFO - Filling up the DagBag from /opt/airflow/dags/00_hello_world.py
[2026-07-06T19:35:21.044+0000] {processor.py:925} INFO - DAG(s) '00_hello_world' retrieved from /opt/airflow/dags/00_hello_world.py
[2026-07-06T19:35:21.077+0000] {logging_mixin.py:190} INFO - [2026-07-06T19:35:21.076+0000] {dag.py:3239} INFO - Sync 1 DAGs
[2026-07-06T19:35:21.093+0000] {logging_mixin.py:190} INFO - [2026-07-06T19:35:21.093+0000] {dag.py:4180} INFO - Setting next_dagrun for 00_hello_world to None, run_after=None
[2026-07-06T19:35:21.113+0000] {processor.py:208} INFO - Processing /opt/airflow/dags/00_hello_world.py took 0.162 seconds
[2026-07-06T19:35:51.515+0000] {processor.py:186} INFO - Started process (PID=3332) to work on /opt/airflow/dags/00_hello_world.py
[2026-07-06T19:35:51.517+0000] {processor.py:914} INFO - Processing file /opt/airflow/dags/00_hello_world.py for tasks to queue
[2026-07-06T19:35:51.522+0000] {logging_mixin.py:190} INFO - [2026-07-06T19:35:51.522+0000] {dagbag.py:588} INFO - Filling up the DagBag from /opt/airflow/dags/00_hello_world.py
[2026-07-06T19:35:51.540+0000] {processor.py:925} INFO - DAG(s) '00_hello_world' retrieved from /opt/airflow/dags/00_hello_world.py
[2026-07-06T19:35:51.588+0000] {logging_mixin.py:190} INFO - [2026-07-06T19:35:51.588+0000] {dag.py:3239} INFO - Sync 1 DAGs
[2026-07-06T19:35:51.610+0000] {logging_mixin.py:190} INFO - [2026-07-06T19:35:51.610+0000] {dag.py:4180} INFO - Setting next_dagrun for 00_hello_world to None, run_after=None
[2026-07-06T19:35:51.637+0000] {processor.py:208} INFO - Processing /opt/airflow/dags/00_hello_world.py took 0.134 seconds
[2026-07-06T19:36:22.154+0000] {processor.py:186} INFO - Started process (PID=3342) to work on /opt/airflow/dags/00_hello_world.py
[2026-07-06T19:36:22.159+0000] {processor.py:914} INFO - Processing file /opt/airflow/dags/00_hello_world.py for tasks to queue
[2026-07-06T19:36:22.176+0000] {logging_mixin.py:190} INFO - [2026-07-06T19:36:22.173+0000] {dagbag.py:588} INFO - Filling up the DagBag from /opt/airflow/dags/00_hello_world.py
[2026-07-06T19:36:22.302+0000] {processor.py:925} INFO - DAG(s) '00_hello_world' retrieved from /opt/airflow/dags/00_hello_world.py
[2026-07-06T19:36:22.415+0000] {logging_mixin.py:190} INFO - [2026-07-06T19:36:22.415+0000] {dag.py:3239} INFO - Sync 1 DAGs
[2026-07-06T19:36:22.445+0000] {logging_mixin.py:190} INFO - [2026-07-06T19:36:22.444+0000] {dag.py:4180} INFO - Setting next_dagrun for 00_hello_world to None, run_after=None
[2026-07-06T19:36:22.478+0000] {processor.py:208} INFO - Processing /opt/airflow/dags/00_hello_world.py took 0.369 seconds
[2026-07-06T19:36:52.829+0000] {processor.py:186} INFO - Started process (PID=3352) to work on /opt/airflow/dags/00_hello_world.py
[2026-07-06T19:36:52.830+0000] {processor.py:914} INFO - Processing file /opt/airflow/dags/00_hello_world.py for tasks to queue
[2026-07-06T19:36:52.833+0000] {logging_mixin.py:190} INFO - [2026-07-06T19:36:52.833+0000] {dagbag.py:588} INFO - Filling up the DagBag from /opt/airflow/dags/00_hello_world.py
[2026-07-06T19:36:52.850+0000] {processor.py:925} INFO - DAG(s) '00_hello_world' retrieved from /opt/airflow/dags/00_hello_world.py
[2026-07-06T19:36:52.890+0000] {logging_mixin.py:190} INFO - [2026-07-06T19:36:52.890+0000] {dag.py:3239} INFO - Sync 1 DAGs
[2026-07-06T19:36:52.917+0000] {logging_mixin.py:190} INFO - [2026-07-06T19:36:52.917+0000] {dag.py:4180} INFO - Setting next_dagrun for 00_hello_world to None, run_after=None
[2026-07-06T19:36:52.939+0000] {processor.py:208} INFO - Processing /opt/airflow/dags/00_hello_world.py took 0.118 seconds
[2026-07-06T19:37:23.302+0000] {processor.py:186} INFO - Started process (PID=3362) to work on /opt/airflow/dags/00_hello_world.py
[2026-07-06T19:37:23.302+0000] {processor.py:914} INFO - Processing file /opt/airflow/dags/00_hello_world.py for tasks to queue
[2026-07-06T19:37:23.305+0000] {logging_mixin.py:190} INFO - [2026-07-06T19:37:23.304+0000] {dagbag.py:588} INFO - Filling up the DagBag from /opt/airflow/dags/00_hello_world.py
[2026-07-06T19:37:23.314+0000] {processor.py:925} INFO - DAG(s) '00_hello_world' retrieved from /opt/airflow/dags/00_hello_world.py
[2026-07-06T19:37:23.355+0000] {logging_mixin.py:190} INFO - [2026-07-06T19:37:23.354+0000] {dag.py:3239} INFO - Sync 1 DAGs
[2026-07-06T19:37:23.372+0000] {logging_mixin.py:190} INFO - [2026-07-06T19:37:23.371+0000] {dag.py:4180} INFO - Setting next_dagrun for 00_hello_world to None, run_after=None
[2026-07-06T19:37:23.392+0000] {processor.py:208} INFO - Processing /opt/airflow/dags/00_hello_world.py took 0.098 seconds
[2026-07-06T19:37:53.925+0000] {processor.py:186} INFO - Started process (PID=3372) to work on /opt/airflow/dags/00_hello_world.py
[2026-07-06T19:37:53.935+0000] {processor.py:914} INFO - Processing file /opt/airflow/dags/00_hello_world.py for tasks to queue
[2026-07-06T19:37:53.946+0000] {logging_mixin.py:190} INFO - [2026-07-06T19:37:53.945+0000] {dagbag.py:588} INFO - Filling up the DagBag from /opt/airflow/dags/00_hello_world.py
[2026-07-06T19:37:54.003+0000] {processor.py:925} INFO - DAG(s) '00_hello_world' retrieved from /opt/airflow/dags/00_hello_world.py
[2026-07-06T19:37:54.055+0000] {logging_mixin.py:190} INFO - [2026-07-06T19:37:54.055+0000] {dag.py:3239} INFO - Sync 1 DAGs
[2026-07-06T19:37:54.074+0000] {logging_mixin.py:190} INFO - [2026-07-06T19:37:54.073+0000] {dag.py:4180} INFO - Setting next_dagrun for 00_hello_world to None, run_after=None
[2026-07-06T19:37:54.095+0000] {processor.py:208} INFO - Processing /opt/airflow/dags/00_hello_world.py took 0.232 seconds
[2026-07-06T19:38:24.357+0000] {processor.py:186} INFO - Started process (PID=3382) to work on /opt/airflow/dags/00_hello_world.py
[2026-07-06T19:38:24.362+0000] {processor.py:914} INFO - Processing file /opt/airflow/dags/00_hello_world.py for tasks to queue
[2026-07-06T19:38:24.372+0000] {logging_mixin.py:190} INFO - [2026-07-06T19:38:24.371+0000] {dagbag.py:588} INFO - Filling up the DagBag from /opt/airflow/dags/00_hello_world.py
[2026-07-06T19:38:24.415+0000] {processor.py:925} INFO - DAG(s) '00_hello_world' retrieved from /opt/airflow/dags/00_hello_world.py
[2026-07-06T19:38:24.469+0000] {logging_mixin.py:190} INFO - [2026-07-06T19:38:24.469+0000] {dag.py:3239} INFO - Sync 1 DAGs
[2026-07-06T19:38:24.490+0000] {logging_mixin.py:190} INFO - [2026-07-06T19:38:24.489+0000] {dag.py:4180} INFO - Setting next_dagrun for 00_hello_world to None, run_after=None
[2026-07-06T19:38:24.514+0000] {processor.py:208} INFO - Processing /opt/airflow/dags/00_hello_world.py took 0.193 seconds
[2026-07-06T19:38:54.945+0000] {processor.py:186} INFO - Started process (PID=3392) to work on /opt/airflow/dags/00_hello_world.py
[2026-07-06T19:38:54.947+0000] {processor.py:914} INFO - Processing file /opt/airflow/dags/00_hello_world.py for tasks to queue
[2026-07-06T19:38:54.953+0000] {logging_mixin.py:190} INFO - [2026-07-06T19:38:54.952+0000] {dagbag.py:588} INFO - Filling up the DagBag from /opt/airflow/dags/00_hello_world.py
[2026-07-06T19:38:54.975+0000] {processor.py:925} INFO - DAG(s) '00_hello_world' retrieved from /opt/airflow/dags/00_hello_world.py
[2026-07-06T19:38:55.030+0000] {logging_mixin.py:190} INFO - [2026-07-06T19:38:55.029+0000] {dag.py:3239} INFO - Sync 1 DAGs
[2026-07-06T19:38:55.050+0000] {logging_mixin.py:190} INFO - [2026-07-06T19:38:55.050+0000] {dag.py:4180} INFO - Setting next_dagrun for 00_hello_world to None, run_after=None
[2026-07-06T19:38:55.072+0000] {processor.py:208} INFO - Processing /opt/airflow/dags/00_hello_world.py took 0.146 seconds
[2026-07-06T19:39:25.439+0000] {processor.py:186} INFO - Started process (PID=3402) to work on /opt/airflow/dags/00_hello_world.py
[2026-07-06T19:39:25.440+0000] {processor.py:914} INFO - Processing file /opt/airflow/dags/00_hello_world.py for tasks to queue
[2026-07-06T19:39:25.443+0000] {logging_mixin.py:190} INFO - [2026-07-06T19:39:25.442+0000] {dagbag.py:588} INFO - Filling up the DagBag from /opt/airflow/dags/00_hello_world.py
[2026-07-06T19:39:25.455+0000] {processor.py:925} INFO - DAG(s) '00_hello_world' retrieved from /opt/airflow/dags/00_hello_world.py
[2026-07-06T19:39:25.491+0000] {logging_mixin.py:190} INFO - [2026-07-06T19:39:25.490+0000] {dag.py:3239} INFO - Sync 1 DAGs
[2026-07-06T19:39:25.514+0000] {logging_mixin.py:190} INFO - [2026-07-06T19:39:25.513+0000] {dag.py:4180} INFO - Setting next_dagrun for 00_hello_world to None, run_after=None
[2026-07-06T19:39:25.540+0000] {processor.py:208} INFO - Processing /opt/airflow/dags/00_hello_world.py took 0.110 seconds
[2026-07-06T19:39:55.854+0000] {processor.py:186} INFO - Started process (PID=3412) to work on /opt/airflow/dags/00_hello_world.py
[2026-07-06T19:39:55.859+0000] {processor.py:914} INFO - Processing file /opt/airflow/dags/00_hello_world.py for tasks to queue
[2026-07-06T19:39:55.870+0000] {logging_mixin.py:190} INFO - [2026-07-06T19:39:55.868+0000] {dagbag.py:588} INFO - Filling up the DagBag from /opt/airflow/dags/00_hello_world.py
[2026-07-06T19:39:55.892+0000] {processor.py:925} INFO - DAG(s) '00_hello_world' retrieved from /opt/airflow/dags/00_hello_world.py
[2026-07-06T19:39:55.941+0000] {logging_mixin.py:190} INFO - [2026-07-06T19:39:55.940+0000] {dag.py:3239} INFO - Sync 1 DAGs
[2026-07-06T19:39:55.966+0000] {logging_mixin.py:190} INFO - [2026-07-06T19:39:55.966+0000] {dag.py:4180} INFO - Setting next_dagrun for 00_hello_world to None, run_after=None
[2026-07-06T19:39:55.994+0000] {processor.py:208} INFO - Processing /opt/airflow/dags/00_hello_world.py took 0.172 seconds
[2026-07-06T19:40:26.377+0000] {processor.py:186} INFO - Started process (PID=3422) to work on /opt/airflow/dags/00_hello_world.py
[2026-07-06T19:40:26.378+0000] {processor.py:914} INFO - Processing file /opt/airflow/dags/00_hello_world.py for tasks to queue
[2026-07-06T19:40:26.381+0000] {logging_mixin.py:190} INFO - [2026-07-06T19:40:26.380+0000] {dagbag.py:588} INFO - Filling up the DagBag from /opt/airflow/dags/00_hello_world.py
[2026-07-06T19:40:26.392+0000] {processor.py:925} INFO - DAG(s) '00_hello_world' retrieved from /opt/airflow/dags/00_hello_world.py
[2026-07-06T19:40:26.429+0000] {logging_mixin.py:190} INFO - [2026-07-06T19:40:26.428+0000] {dag.py:3239} INFO - Sync 1 DAGs
[2026-07-06T19:40:26.447+0000] {logging_mixin.py:190} INFO - [2026-07-06T19:40:26.446+0000] {dag.py:4180} INFO - Setting next_dagrun for 00_hello_world to None, run_after=None
[2026-07-06T19:40:26.474+0000] {processor.py:208} INFO - Processing /opt/airflow/dags/00_hello_world.py took 0.108 seconds
[2026-07-06T19:40:56.868+0000] {processor.py:186} INFO - Started process (PID=3432) to work on /opt/airflow/dags/00_hello_world.py
[2026-07-06T19:40:56.871+0000] {processor.py:914} INFO - Processing file /opt/airflow/dags/00_hello_world.py for tasks to queue
[2026-07-06T19:40:56.877+0000] {logging_mixin.py:190} INFO - [2026-07-06T19:40:56.877+0000] {dagbag.py:588} INFO - Filling up the DagBag from /opt/airflow/dags/00_hello_world.py
[2026-07-06T19:40:56.899+0000] {processor.py:925} INFO - DAG(s) '00_hello_world' retrieved from /opt/airflow/dags/00_hello_world.py
[2026-07-06T19:40:56.964+0000] {logging_mixin.py:190} INFO - [2026-07-06T19:40:56.964+0000] {dag.py:3239} INFO - Sync 1 DAGs
[2026-07-06T19:40:56.991+0000] {logging_mixin.py:190} INFO - [2026-07-06T19:40:56.991+0000] {dag.py:4180} INFO - Setting next_dagrun for 00_hello_world to None, run_after=None
[2026-07-06T19:40:57.020+0000] {processor.py:208} INFO - Processing /opt/airflow/dags/00_hello_world.py took 0.202 seconds
[2026-07-06T19:41:27.407+0000] {processor.py:186} INFO - Started process (PID=3442) to work on /opt/airflow/dags/00_hello_world.py
[2026-07-06T19:41:27.408+0000] {processor.py:914} INFO - Processing file /opt/airflow/dags/00_hello_world.py for tasks to queue
[2026-07-06T19:41:27.413+0000] {logging_mixin.py:190} INFO - [2026-07-06T19:41:27.412+0000] {dagbag.py:588} INFO - Filling up the DagBag from /opt/airflow/dags/00_hello_world.py
[2026-07-06T19:41:27.425+0000] {processor.py:925} INFO - DAG(s) '00_hello_world' retrieved from /opt/airflow/dags/00_hello_world.py
[2026-07-06T19:41:27.467+0000] {logging_mixin.py:190} INFO - [2026-07-06T19:41:27.466+0000] {dag.py:3239} INFO - Sync 1 DAGs
[2026-07-06T19:41:27.488+0000] {logging_mixin.py:190} INFO - [2026-07-06T19:41:27.488+0000] {dag.py:4180} INFO - Setting next_dagrun for 00_hello_world to None, run_after=None
[2026-07-06T19:41:27.511+0000] {processor.py:208} INFO - Processing /opt/airflow/dags/00_hello_world.py took 0.116 seconds
[2026-07-06T19:41:57.903+0000] {processor.py:186} INFO - Started process (PID=3452) to work on /opt/airflow/dags/00_hello_world.py
[2026-07-06T19:41:57.911+0000] {processor.py:914} INFO - Processing file /opt/airflow/dags/00_hello_world.py for tasks to queue
[2026-07-06T19:41:57.930+0000] {logging_mixin.py:190} INFO - [2026-07-06T19:41:57.929+0000] {dagbag.py:588} INFO - Filling up the DagBag from /opt/airflow/dags/00_hello_world.py
[2026-07-06T19:41:57.956+0000] {processor.py:925} INFO - DAG(s) '00_hello_world' retrieved from /opt/airflow/dags/00_hello_world.py
[2026-07-06T19:41:58.018+0000] {logging_mixin.py:190} INFO - [2026-07-06T19:41:58.018+0000] {dag.py:3239} INFO - Sync 1 DAGs
[2026-07-06T19:41:58.042+0000] {logging_mixin.py:190} INFO - [2026-07-06T19:41:58.042+0000] {dag.py:4180} INFO - Setting next_dagrun for 00_hello_world to None, run_after=None
[2026-07-06T19:41:58.065+0000] {processor.py:208} INFO - Processing /opt/airflow/dags/00_hello_world.py took 0.225 seconds
[2026-07-06T19:42:28.330+0000] {processor.py:186} INFO - Started process (PID=3462) to work on /opt/airflow/dags/00_hello_world.py
[2026-07-06T19:42:28.333+0000] {processor.py:914} INFO - Processing file /opt/airflow/dags/00_hello_world.py for tasks to queue
[2026-07-06T19:42:28.345+0000] {logging_mixin.py:190} INFO - [2026-07-06T19:42:28.343+0000] {dagbag.py:588} INFO - Filling up the DagBag from /opt/airflow/dags/00_hello_world.py
[2026-07-06T19:42:28.395+0000] {processor.py:925} INFO - DAG(s) '00_hello_world' retrieved from /opt/airflow/dags/00_hello_world.py
[2026-07-06T19:42:28.499+0000] {logging_mixin.py:190} INFO - [2026-07-06T19:42:28.498+0000] {dag.py:3239} INFO - Sync 1 DAGs
[2026-07-06T19:42:28.533+0000] {logging_mixin.py:190} INFO - [2026-07-06T19:42:28.533+0000] {dag.py:4180} INFO - Setting next_dagrun for 00_hello_world to None, run_after=None
[2026-07-06T19:42:28.571+0000] {processor.py:208} INFO - Processing /opt/airflow/dags/00_hello_world.py took 0.280 seconds
[2026-07-06T19:42:59.032+0000] {processor.py:186} INFO - Started process (PID=3472) to work on /opt/airflow/dags/00_hello_world.py
[2026-07-06T19:42:59.036+0000] {processor.py:914} INFO - Processing file /opt/airflow/dags/00_hello_world.py for tasks to queue
[2026-07-06T19:42:59.045+0000] {logging_mixin.py:190} INFO - [2026-07-06T19:42:59.044+0000] {dagbag.py:588} INFO - Filling up the DagBag from /opt/airflow/dags/00_hello_world.py
[2026-07-06T19:42:59.066+0000] {processor.py:925} INFO - DAG(s) '00_hello_world' retrieved from /opt/airflow/dags/00_hello_world.py
[2026-07-06T19:42:59.114+0000] {logging_mixin.py:190} INFO - [2026-07-06T19:42:59.113+0000] {dag.py:3239} INFO - Sync 1 DAGs
[2026-07-06T19:42:59.144+0000] {logging_mixin.py:190} INFO - [2026-07-06T19:42:59.144+0000] {dag.py:4180} INFO - Setting next_dagrun for 00_hello_world to None, run_after=None
[2026-07-06T19:42:59.188+0000] {processor.py:208} INFO - Processing /opt/airflow/dags/00_hello_world.py took 0.211 seconds
[2026-07-06T19:43:29.658+0000] {processor.py:186} INFO - Started process (PID=3482) to work on /opt/airflow/dags/00_hello_world.py
[2026-07-06T19:43:29.660+0000] {processor.py:914} INFO - Processing file /opt/airflow/dags/00_hello_world.py for tasks to queue
[2026-07-06T19:43:29.669+0000] {logging_mixin.py:190} INFO - [2026-07-06T19:43:29.668+0000] {dagbag.py:588} INFO - Filling up the DagBag from /opt/airflow/dags/00_hello_world.py
[2026-07-06T19:43:29.687+0000] {processor.py:925} INFO - DAG(s) '00_hello_world' retrieved from /opt/airflow/dags/00_hello_world.py
[2026-07-06T19:43:29.734+0000] {logging_mixin.py:190} INFO - [2026-07-06T19:43:29.733+0000] {dag.py:3239} INFO - Sync 1 DAGs
[2026-07-06T19:43:29.763+0000] {logging_mixin.py:190} INFO - [2026-07-06T19:43:29.763+0000] {dag.py:4180} INFO - Setting next_dagrun for 00_hello_world to None, run_after=None
[2026-07-06T19:43:29.789+0000] {processor.py:208} INFO - Processing /opt/airflow/dags/00_hello_world.py took 0.167 seconds
[2026-07-06T19:44:00.196+0000] {processor.py:186} INFO - Started process (PID=3492) to work on /opt/airflow/dags/00_hello_world.py
[2026-07-06T19:44:00.200+0000] {processor.py:914} INFO - Processing file /opt/airflow/dags/00_hello_world.py for tasks to queue
[2026-07-06T19:44:00.210+0000] {logging_mixin.py:190} INFO - [2026-07-06T19:44:00.209+0000] {dagbag.py:588} INFO - Filling up the DagBag from /opt/airflow/dags/00_hello_world.py
[2026-07-06T19:44:00.228+0000] {processor.py:925} INFO - DAG(s) '00_hello_world' retrieved from /opt/airflow/dags/00_hello_world.py
[2026-07-06T19:44:00.275+0000] {logging_mixin.py:190} INFO - [2026-07-06T19:44:00.274+0000] {dag.py:3239} INFO - Sync 1 DAGs
[2026-07-06T19:44:00.294+0000] {logging_mixin.py:190} INFO - [2026-07-06T19:44:00.294+0000] {dag.py:4180} INFO - Setting next_dagrun for 00_hello_world to None, run_after=None
[2026-07-06T19:44:00.321+0000] {processor.py:208} INFO - Processing /opt/airflow/dags/00_hello_world.py took 0.139 seconds
[2026-07-06T19:44:30.716+0000] {processor.py:186} INFO - Started process (PID=3502) to work on /opt/airflow/dags/00_hello_world.py
[2026-07-06T19:44:30.721+0000] {processor.py:914} INFO - Processing file /opt/airflow/dags/00_hello_world.py for tasks to queue
[2026-07-06T19:44:30.740+0000] {logging_mixin.py:190} INFO - [2026-07-06T19:44:30.739+0000] {dagbag.py:588} INFO - Filling up the DagBag from /opt/airflow/dags/00_hello_world.py
[2026-07-06T19:44:30.760+0000] {processor.py:925} INFO - DAG(s) '00_hello_world' retrieved from /opt/airflow/dags/00_hello_world.py
[2026-07-06T19:44:30.800+0000] {logging_mixin.py:190} INFO - [2026-07-06T19:44:30.800+0000] {dag.py:3239} INFO - Sync 1 DAGs
[2026-07-06T19:44:30.820+0000] {logging_mixin.py:190} INFO - [2026-07-06T19:44:30.819+0000] {dag.py:4180} INFO - Setting next_dagrun for 00_hello_world to None, run_after=None
[2026-07-06T19:44:30.842+0000] {processor.py:208} INFO - Processing /opt/airflow/dags/00_hello_world.py took 0.179 seconds
[2026-07-06T19:45:01.251+0000] {processor.py:186} INFO - Started process (PID=3512) to work on /opt/airflow/dags/00_hello_world.py
[2026-07-06T19:45:01.255+0000] {processor.py:914} INFO - Processing file /opt/airflow/dags/00_hello_world.py for tasks to queue
[2026-07-06T19:45:01.264+0000] {logging_mixin.py:190} INFO - [2026-07-06T19:45:01.262+0000] {dagbag.py:588} INFO - Filling up the DagBag from /opt/airflow/dags/00_hello_world.py
[2026-07-06T19:45:01.303+0000] {processor.py:925} INFO - DAG(s) '00_hello_world' retrieved from /opt/airflow/dags/00_hello_world.py
[2026-07-06T19:45:01.414+0000] {logging_mixin.py:190} INFO - [2026-07-06T19:45:01.413+0000] {dag.py:3239} INFO - Sync 1 DAGs
[2026-07-06T19:45:01.459+0000] {logging_mixin.py:190} INFO - [2026-07-06T19:45:01.459+0000] {dag.py:4180} INFO - Setting next_dagrun for 00_hello_world to None, run_after=None
[2026-07-06T19:45:01.483+0000] {processor.py:208} INFO - Processing /opt/airflow/dags/00_hello_world.py took 0.272 seconds
[2026-07-06T19:45:31.984+0000] {processor.py:186} INFO - Started process (PID=3522) to work on /opt/airflow/dags/00_hello_world.py
[2026-07-06T19:45:31.990+0000] {processor.py:914} INFO - Processing file /opt/airflow/dags/00_hello_world.py for tasks to queue
[2026-07-06T19:45:32.002+0000] {logging_mixin.py:190} INFO - [2026-07-06T19:45:32.001+0000] {dagbag.py:588} INFO - Filling up the DagBag from /opt/airflow/dags/00_hello_world.py
[2026-07-06T19:45:32.042+0000] {processor.py:925} INFO - DAG(s) '00_hello_world' retrieved from /opt/airflow/dags/00_hello_world.py
[2026-07-06T19:45:32.089+0000] {logging_mixin.py:190} INFO - [2026-07-06T19:45:32.089+0000] {dag.py:3239} INFO - Sync 1 DAGs
[2026-07-06T19:45:32.109+0000] {logging_mixin.py:190} INFO - [2026-07-06T19:45:32.109+0000] {dag.py:4180} INFO - Setting next_dagrun for 00_hello_world to None, run_after=None
[2026-07-06T19:45:32.134+0000] {processor.py:208} INFO - Processing /opt/airflow/dags/00_hello_world.py took 0.190 seconds
[2026-07-06T19:46:02.451+0000] {processor.py:186} INFO - Started process (PID=3532) to work on /opt/airflow/dags/00_hello_world.py
[2026-07-06T19:46:02.455+0000] {processor.py:914} INFO - Processing file /opt/airflow/dags/00_hello_world.py for tasks to queue
[2026-07-06T19:46:02.467+0000] {logging_mixin.py:190} INFO - [2026-07-06T19:46:02.465+0000] {dagbag.py:588} INFO - Filling up the DagBag from /opt/airflow/dags/00_hello_world.py
[2026-07-06T19:46:02.498+0000] {processor.py:925} INFO - DAG(s) '00_hello_world' retrieved from /opt/airflow/dags/00_hello_world.py
[2026-07-06T19:46:02.576+0000] {logging_mixin.py:190} INFO - [2026-07-06T19:46:02.575+0000] {dag.py:3239} INFO - Sync 1 DAGs
[2026-07-06T19:46:02.605+0000] {logging_mixin.py:190} INFO - [2026-07-06T19:46:02.605+0000] {dag.py:4180} INFO - Setting next_dagrun for 00_hello_world to None, run_after=None
[2026-07-06T19:46:02.633+0000] {processor.py:208} INFO - Processing /opt/airflow/dags/00_hello_world.py took 0.221 seconds
[2026-07-06T19:46:32.953+0000] {processor.py:186} INFO - Started process (PID=3542) to work on /opt/airflow/dags/00_hello_world.py
[2026-07-06T19:46:32.955+0000] {processor.py:914} INFO - Processing file /opt/airflow/dags/00_hello_world.py for tasks to queue
[2026-07-06T19:46:32.961+0000] {logging_mixin.py:190} INFO - [2026-07-06T19:46:32.960+0000] {dagbag.py:588} INFO - Filling up the DagBag from /opt/airflow/dags/00_hello_world.py
[2026-07-06T19:46:32.985+0000] {processor.py:925} INFO - DAG(s) '00_hello_world' retrieved from /opt/airflow/dags/00_hello_world.py
[2026-07-06T19:46:33.026+0000] {logging_mixin.py:190} INFO - [2026-07-06T19:46:33.026+0000] {dag.py:3239} INFO - Sync 1 DAGs
[2026-07-06T19:46:33.044+0000] {logging_mixin.py:190} INFO - [2026-07-06T19:46:33.043+0000] {dag.py:4180} INFO - Setting next_dagrun for 00_hello_world to None, run_after=None
[2026-07-06T19:46:33.060+0000] {processor.py:208} INFO - Processing /opt/airflow/dags/00_hello_world.py took 0.137 seconds
[2026-07-06T19:47:03.295+0000] {processor.py:186} INFO - Started process (PID=3552) to work on /opt/airflow/dags/00_hello_world.py
[2026-07-06T19:47:03.297+0000] {processor.py:914} INFO - Processing file /opt/airflow/dags/00_hello_world.py for tasks to queue
[2026-07-06T19:47:03.302+0000] {logging_mixin.py:190} INFO - [2026-07-06T19:47:03.301+0000] {dagbag.py:588} INFO - Filling up the DagBag from /opt/airflow/dags/00_hello_world.py
[2026-07-06T19:47:03.321+0000] {processor.py:925} INFO - DAG(s) '00_hello_world' retrieved from /opt/airflow/dags/00_hello_world.py
[2026-07-06T19:47:03.375+0000] {logging_mixin.py:190} INFO - [2026-07-06T19:47:03.375+0000] {dag.py:3239} INFO - Sync 1 DAGs
[2026-07-06T19:47:03.398+0000] {logging_mixin.py:190} INFO - [2026-07-06T19:47:03.398+0000] {dag.py:4180} INFO - Setting next_dagrun for 00_hello_world to None, run_after=None
[2026-07-06T19:47:03.427+0000] {processor.py:208} INFO - Processing /opt/airflow/dags/00_hello_world.py took 0.148 seconds
[2026-07-06T19:47:33.861+0000] {processor.py:186} INFO - Started process (PID=3562) to work on /opt/airflow/dags/00_hello_world.py
[2026-07-06T19:47:33.865+0000] {processor.py:914} INFO - Processing file /opt/airflow/dags/00_hello_world.py for tasks to queue
[2026-07-06T19:47:33.892+0000] {logging_mixin.py:190} INFO - [2026-07-06T19:47:33.891+0000] {dagbag.py:588} INFO - Filling up the DagBag from /opt/airflow/dags/00_hello_world.py
[2026-07-06T19:47:33.957+0000] {processor.py:925} INFO - DAG(s) '00_hello_world' retrieved from /opt/airflow/dags/00_hello_world.py
[2026-07-06T19:47:34.090+0000] {logging_mixin.py:190} INFO - [2026-07-06T19:47:34.089+0000] {dag.py:3239} INFO - Sync 1 DAGs
[2026-07-06T19:47:34.113+0000] {logging_mixin.py:190} INFO - [2026-07-06T19:47:34.113+0000] {dag.py:4180} INFO - Setting next_dagrun for 00_hello_world to None, run_after=None
[2026-07-06T19:47:34.143+0000] {processor.py:208} INFO - Processing /opt/airflow/dags/00_hello_world.py took 0.316 seconds
[2026-07-06T19:48:04.296+0000] {processor.py:186} INFO - Started process (PID=3572) to work on /opt/airflow/dags/00_hello_world.py
[2026-07-06T19:48:04.303+0000] {processor.py:914} INFO - Processing file /opt/airflow/dags/00_hello_world.py for tasks to queue
[2026-07-06T19:48:04.324+0000] {logging_mixin.py:190} INFO - [2026-07-06T19:48:04.322+0000] {dagbag.py:588} INFO - Filling up the DagBag from /opt/airflow/dags/00_hello_world.py
[2026-07-06T19:48:04.354+0000] {processor.py:925} INFO - DAG(s) '00_hello_world' retrieved from /opt/airflow/dags/00_hello_world.py
[2026-07-06T19:48:04.399+0000] {logging_mixin.py:190} INFO - [2026-07-06T19:48:04.399+0000] {dag.py:3239} INFO - Sync 1 DAGs
[2026-07-06T19:48:04.417+0000] {logging_mixin.py:190} INFO - [2026-07-06T19:48:04.416+0000] {dag.py:4180} INFO - Setting next_dagrun for 00_hello_world to None, run_after=None
[2026-07-06T19:48:04.439+0000] {processor.py:208} INFO - Processing /opt/airflow/dags/00_hello_world.py took 0.181 seconds
[2026-07-06T19:48:34.931+0000] {processor.py:186} INFO - Started process (PID=3582) to work on /opt/airflow/dags/00_hello_world.py
[2026-07-06T19:48:34.934+0000] {processor.py:914} INFO - Processing file /opt/airflow/dags/00_hello_world.py for tasks to queue
[2026-07-06T19:48:34.946+0000] {logging_mixin.py:190} INFO - [2026-07-06T19:48:34.944+0000] {dagbag.py:588} INFO - Filling up the DagBag from /opt/airflow/dags/00_hello_world.py
[2026-07-06T19:48:34.980+0000] {processor.py:925} INFO - DAG(s) '00_hello_world' retrieved from /opt/airflow/dags/00_hello_world.py
[2026-07-06T19:48:35.055+0000] {logging_mixin.py:190} INFO - [2026-07-06T19:48:35.055+0000] {dag.py:3239} INFO - Sync 1 DAGs
[2026-07-06T19:48:35.089+0000] {logging_mixin.py:190} INFO - [2026-07-06T19:48:35.089+0000] {dag.py:4180} INFO - Setting next_dagrun for 00_hello_world to None, run_after=None
[2026-07-06T19:48:35.132+0000] {processor.py:208} INFO - Processing /opt/airflow/dags/00_hello_world.py took 0.247 seconds
[2026-07-06T19:49:05.385+0000] {processor.py:186} INFO - Started process (PID=3592) to work on /opt/airflow/dags/00_hello_world.py
[2026-07-06T19:49:05.390+0000] {processor.py:914} INFO - Processing file /opt/airflow/dags/00_hello_world.py for tasks to queue
[2026-07-06T19:49:05.400+0000] {logging_mixin.py:190} INFO - [2026-07-06T19:49:05.398+0000] {dagbag.py:588} INFO - Filling up the DagBag from /opt/airflow/dags/00_hello_world.py
[2026-07-06T19:49:05.456+0000] {processor.py:925} INFO - DAG(s) '00_hello_world' retrieved from /opt/airflow/dags/00_hello_world.py
[2026-07-06T19:49:05.534+0000] {logging_mixin.py:190} INFO - [2026-07-06T19:49:05.534+0000] {dag.py:3239} INFO - Sync 1 DAGs
[2026-07-06T19:49:05.565+0000] {logging_mixin.py:190} INFO - [2026-07-06T19:49:05.564+0000] {dag.py:4180} INFO - Setting next_dagrun for 00_hello_world to None, run_after=None
[2026-07-06T19:49:05.598+0000] {processor.py:208} INFO - Processing /opt/airflow/dags/00_hello_world.py took 0.246 seconds
[2026-07-06T19:49:36.069+0000] {processor.py:186} INFO - Started process (PID=3602) to work on /opt/airflow/dags/00_hello_world.py
[2026-07-06T19:49:36.074+0000] {processor.py:914} INFO - Processing file /opt/airflow/dags/00_hello_world.py for tasks to queue
[2026-07-06T19:49:36.083+0000] {logging_mixin.py:190} INFO - [2026-07-06T19:49:36.081+0000] {dagbag.py:588} INFO - Filling up the DagBag from /opt/airflow/dags/00_hello_world.py
[2026-07-06T19:49:36.122+0000] {processor.py:925} INFO - DAG(s) '00_hello_world' retrieved from /opt/airflow/dags/00_hello_world.py
[2026-07-06T19:49:36.193+0000] {logging_mixin.py:190} INFO - [2026-07-06T19:49:36.193+0000] {dag.py:3239} INFO - Sync 1 DAGs
[2026-07-06T19:49:36.212+0000] {logging_mixin.py:190} INFO - [2026-07-06T19:49:36.211+0000] {dag.py:4180} INFO - Setting next_dagrun for 00_hello_world to None, run_after=None
[2026-07-06T19:49:36.231+0000] {processor.py:208} INFO - Processing /opt/airflow/dags/00_hello_world.py took 0.200 seconds
[2026-07-06T19:50:06.656+0000] {processor.py:186} INFO - Started process (PID=3612) to work on /opt/airflow/dags/00_hello_world.py
[2026-07-06T19:50:06.658+0000] {processor.py:914} INFO - Processing file /opt/airflow/dags/00_hello_world.py for tasks to queue
[2026-07-06T19:50:06.663+0000] {logging_mixin.py:190} INFO - [2026-07-06T19:50:06.662+0000] {dagbag.py:588} INFO - Filling up the DagBag from /opt/airflow/dags/00_hello_world.py
[2026-07-06T19:50:06.683+0000] {processor.py:925} INFO - DAG(s) '00_hello_world' retrieved from /opt/airflow/dags/00_hello_world.py
[2026-07-06T19:50:06.742+0000] {logging_mixin.py:190} INFO - [2026-07-06T19:50:06.741+0000] {dag.py:3239} INFO - Sync 1 DAGs
[2026-07-06T19:50:06.769+0000] {logging_mixin.py:190} INFO - [2026-07-06T19:50:06.769+0000] {dag.py:4180} INFO - Setting next_dagrun for 00_hello_world to None, run_after=None
[2026-07-06T19:50:06.807+0000] {processor.py:208} INFO - Processing /opt/airflow/dags/00_hello_world.py took 0.169 seconds
[2026-07-06T19:50:37.195+0000] {processor.py:186} INFO - Started process (PID=3622) to work on /opt/airflow/dags/00_hello_world.py
[2026-07-06T19:50:37.196+0000] {processor.py:914} INFO - Processing file /opt/airflow/dags/00_hello_world.py for tasks to queue
[2026-07-06T19:50:37.200+0000] {logging_mixin.py:190} INFO - [2026-07-06T19:50:37.199+0000] {dagbag.py:588} INFO - Filling up the DagBag from /opt/airflow/dags/00_hello_world.py
[2026-07-06T19:50:37.211+0000] {processor.py:925} INFO - DAG(s) '00_hello_world' retrieved from /opt/airflow/dags/00_hello_world.py
[2026-07-06T19:50:37.247+0000] {logging_mixin.py:190} INFO - [2026-07-06T19:50:37.247+0000] {dag.py:3239} INFO - Sync 1 DAGs
[2026-07-06T19:50:37.263+0000] {logging_mixin.py:190} INFO - [2026-07-06T19:50:37.263+0000] {dag.py:4180} INFO - Setting next_dagrun for 00_hello_world to None, run_after=None
[2026-07-06T19:50:37.290+0000] {processor.py:208} INFO - Processing /opt/airflow/dags/00_hello_world.py took 0.105 seconds
[2026-07-06T19:51:07.669+0000] {processor.py:186} INFO - Started process (PID=3632) to work on /opt/airflow/dags/00_hello_world.py
[2026-07-06T19:51:07.671+0000] {processor.py:914} INFO - Processing file /opt/airflow/dags/00_hello_world.py for tasks to queue
[2026-07-06T19:51:07.675+0000] {logging_mixin.py:190} INFO - [2026-07-06T19:51:07.674+0000] {dagbag.py:588} INFO - Filling up the DagBag from /opt/airflow/dags/00_hello_world.py
[2026-07-06T19:51:07.687+0000] {processor.py:925} INFO - DAG(s) '00_hello_world' retrieved from /opt/airflow/dags/00_hello_world.py
[2026-07-06T19:51:07.724+0000] {logging_mixin.py:190} INFO - [2026-07-06T19:51:07.723+0000] {dag.py:3239} INFO - Sync 1 DAGs
[2026-07-06T19:51:07.739+0000] {logging_mixin.py:190} INFO - [2026-07-06T19:51:07.738+0000] {dag.py:4180} INFO - Setting next_dagrun for 00_hello_world to None, run_after=None
[2026-07-06T19:51:07.759+0000] {processor.py:208} INFO - Processing /opt/airflow/dags/00_hello_world.py took 0.099 seconds
[2026-07-06T19:51:38.178+0000] {processor.py:186} INFO - Started process (PID=3642) to work on /opt/airflow/dags/00_hello_world.py
[2026-07-06T19:51:38.179+0000] {processor.py:914} INFO - Processing file /opt/airflow/dags/00_hello_world.py for tasks to queue
[2026-07-06T19:51:38.182+0000] {logging_mixin.py:190} INFO - [2026-07-06T19:51:38.181+0000] {dagbag.py:588} INFO - Filling up the DagBag from /opt/airflow/dags/00_hello_world.py
[2026-07-06T19:51:38.193+0000] {processor.py:925} INFO - DAG(s) '00_hello_world' retrieved from /opt/airflow/dags/00_hello_world.py
[2026-07-06T19:51:38.237+0000] {logging_mixin.py:190} INFO - [2026-07-06T19:51:38.237+0000] {dag.py:3239} INFO - Sync 1 DAGs
[2026-07-06T19:51:38.257+0000] {logging_mixin.py:190} INFO - [2026-07-06T19:51:38.257+0000] {dag.py:4180} INFO - Setting next_dagrun for 00_hello_world to None, run_after=None
[2026-07-06T19:51:38.281+0000] {processor.py:208} INFO - Processing /opt/airflow/dags/00_hello_world.py took 0.114 seconds
[2026-07-06T19:52:08.746+0000] {processor.py:186} INFO - Started process (PID=3652) to work on /opt/airflow/dags/00_hello_world.py
[2026-07-06T19:52:08.751+0000] {processor.py:914} INFO - Processing file /opt/airflow/dags/00_hello_world.py for tasks to queue
[2026-07-06T19:52:08.763+0000] {logging_mixin.py:190} INFO - [2026-07-06T19:52:08.762+0000] {dagbag.py:588} INFO - Filling up the DagBag from /opt/airflow/dags/00_hello_world.py
[2026-07-06T19:52:08.790+0000] {processor.py:925} INFO - DAG(s) '00_hello_world' retrieved from /opt/airflow/dags/00_hello_world.py
[2026-07-06T19:52:08.848+0000] {logging_mixin.py:190} INFO - [2026-07-06T19:52:08.847+0000] {dag.py:3239} INFO - Sync 1 DAGs
[2026-07-06T19:52:08.875+0000] {logging_mixin.py:190} INFO - [2026-07-06T19:52:08.875+0000] {dag.py:4180} INFO - Setting next_dagrun for 00_hello_world to None, run_after=None
[2026-07-06T19:52:08.896+0000] {processor.py:208} INFO - Processing /opt/airflow/dags/00_hello_world.py took 0.210 seconds
[2026-07-06T19:52:39.175+0000] {processor.py:186} INFO - Started process (PID=3662) to work on /opt/airflow/dags/00_hello_world.py
[2026-07-06T19:52:39.181+0000] {processor.py:914} INFO - Processing file /opt/airflow/dags/00_hello_world.py for tasks to queue
[2026-07-06T19:52:39.193+0000] {logging_mixin.py:190} INFO - [2026-07-06T19:52:39.191+0000] {dagbag.py:588} INFO - Filling up the DagBag from /opt/airflow/dags/00_hello_world.py
[2026-07-06T19:52:39.255+0000] {processor.py:925} INFO - DAG(s) '00_hello_world' retrieved from /opt/airflow/dags/00_hello_world.py
[2026-07-06T19:52:39.393+0000] {logging_mixin.py:190} INFO - [2026-07-06T19:52:39.392+0000] {dag.py:3239} INFO - Sync 1 DAGs
[2026-07-06T19:52:39.454+0000] {logging_mixin.py:190} INFO - [2026-07-06T19:52:39.453+0000] {dag.py:4180} INFO - Setting next_dagrun for 00_hello_world to None, run_after=None
[2026-07-06T19:52:39.480+0000] {processor.py:208} INFO - Processing /opt/airflow/dags/00_hello_world.py took 0.342 seconds
[2026-07-06T19:53:09.912+0000] {processor.py:186} INFO - Started process (PID=3672) to work on /opt/airflow/dags/00_hello_world.py
[2026-07-06T19:53:09.918+0000] {processor.py:914} INFO - Processing file /opt/airflow/dags/00_hello_world.py for tasks to queue
[2026-07-06T19:53:09.927+0000] {logging_mixin.py:190} INFO - [2026-07-06T19:53:09.926+0000] {dagbag.py:588} INFO - Filling up the DagBag from /opt/airflow/dags/00_hello_world.py
[2026-07-06T19:53:09.952+0000] {processor.py:925} INFO - DAG(s) '00_hello_world' retrieved from /opt/airflow/dags/00_hello_world.py
[2026-07-06T19:53:10.000+0000] {logging_mixin.py:190} INFO - [2026-07-06T19:53:10.000+0000] {dag.py:3239} INFO - Sync 1 DAGs
[2026-07-06T19:53:10.027+0000] {logging_mixin.py:190} INFO - [2026-07-06T19:53:10.027+0000] {dag.py:4180} INFO - Setting next_dagrun for 00_hello_world to None, run_after=None
[2026-07-06T19:53:10.057+0000] {processor.py:208} INFO - Processing /opt/airflow/dags/00_hello_world.py took 0.188 seconds
[2026-07-06T19:53:40.588+0000] {processor.py:186} INFO - Started process (PID=3682) to work on /opt/airflow/dags/00_hello_world.py
[2026-07-06T19:53:40.594+0000] {processor.py:914} INFO - Processing file /opt/airflow/dags/00_hello_world.py for tasks to queue
[2026-07-06T19:53:40.610+0000] {logging_mixin.py:190} INFO - [2026-07-06T19:53:40.608+0000] {dagbag.py:588} INFO - Filling up the DagBag from /opt/airflow/dags/00_hello_world.py
[2026-07-06T19:53:40.669+0000] {processor.py:925} INFO - DAG(s) '00_hello_world' retrieved from /opt/airflow/dags/00_hello_world.py
[2026-07-06T19:53:40.723+0000] {logging_mixin.py:190} INFO - [2026-07-06T19:53:40.723+0000] {dag.py:3239} INFO - Sync 1 DAGs
[2026-07-06T19:53:40.740+0000] {logging_mixin.py:190} INFO - [2026-07-06T19:53:40.740+0000] {dag.py:4180} INFO - Setting next_dagrun for 00_hello_world to None, run_after=None
[2026-07-06T19:53:40.759+0000] {processor.py:208} INFO - Processing /opt/airflow/dags/00_hello_world.py took 0.235 seconds
[2026-07-06T19:54:11.000+0000] {processor.py:186} INFO - Started process (PID=3692) to work on /opt/airflow/dags/00_hello_world.py
[2026-07-06T19:54:11.004+0000] {processor.py:914} INFO - Processing file /opt/airflow/dags/00_hello_world.py for tasks to queue
[2026-07-06T19:54:11.011+0000] {logging_mixin.py:190} INFO - [2026-07-06T19:54:11.010+0000] {dagbag.py:588} INFO - Filling up the DagBag from /opt/airflow/dags/00_hello_world.py
[2026-07-06T19:54:11.038+0000] {processor.py:925} INFO - DAG(s) '00_hello_world' retrieved from /opt/airflow/dags/00_hello_world.py
[2026-07-06T19:54:11.102+0000] {logging_mixin.py:190} INFO - [2026-07-06T19:54:11.101+0000] {dag.py:3239} INFO - Sync 1 DAGs
[2026-07-06T19:54:11.132+0000] {logging_mixin.py:190} INFO - [2026-07-06T19:54:11.131+0000] {dag.py:4180} INFO - Setting next_dagrun for 00_hello_world to None, run_after=None
[2026-07-06T19:54:11.160+0000] {processor.py:208} INFO - Processing /opt/airflow/dags/00_hello_world.py took 0.200 seconds
[2026-07-06T19:54:41.690+0000] {processor.py:186} INFO - Started process (PID=3702) to work on /opt/airflow/dags/00_hello_world.py
[2026-07-06T19:54:41.693+0000] {processor.py:914} INFO - Processing file /opt/airflow/dags/00_hello_world.py for tasks to queue
[2026-07-06T19:54:41.704+0000] {logging_mixin.py:190} INFO - [2026-07-06T19:54:41.702+0000] {dagbag.py:588} INFO - Filling up the DagBag from /opt/airflow/dags/00_hello_world.py
[2026-07-06T19:54:41.748+0000] {processor.py:925} INFO - DAG(s) '00_hello_world' retrieved from /opt/airflow/dags/00_hello_world.py
[2026-07-06T19:54:41.811+0000] {logging_mixin.py:190} INFO - [2026-07-06T19:54:41.811+0000] {dag.py:3239} INFO - Sync 1 DAGs
[2026-07-06T19:54:41.843+0000] {logging_mixin.py:190} INFO - [2026-07-06T19:54:41.843+0000] {dag.py:4180} INFO - Setting next_dagrun for 00_hello_world to None, run_after=None
[2026-07-06T19:54:41.867+0000] {processor.py:208} INFO - Processing /opt/airflow/dags/00_hello_world.py took 0.217 seconds
[2026-07-06T19:55:12.101+0000] {processor.py:186} INFO - Started process (PID=3712) to work on /opt/airflow/dags/00_hello_world.py
[2026-07-06T19:55:12.103+0000] {processor.py:914} INFO - Processing file /opt/airflow/dags/00_hello_world.py for tasks to queue
[2026-07-06T19:55:12.108+0000] {logging_mixin.py:190} INFO - [2026-07-06T19:55:12.108+0000] {dagbag.py:588} INFO - Filling up the DagBag from /opt/airflow/dags/00_hello_world.py
[2026-07-06T19:55:12.132+0000] {processor.py:925} INFO - DAG(s) '00_hello_world' retrieved from /opt/airflow/dags/00_hello_world.py
[2026-07-06T19:55:12.220+0000] {logging_mixin.py:190} INFO - [2026-07-06T19:55:12.219+0000] {dag.py:3239} INFO - Sync 1 DAGs
[2026-07-06T19:55:12.263+0000] {logging_mixin.py:190} INFO - [2026-07-06T19:55:12.263+0000] {dag.py:4180} INFO - Setting next_dagrun for 00_hello_world to None, run_after=None
[2026-07-06T19:55:12.322+0000] {processor.py:208} INFO - Processing /opt/airflow/dags/00_hello_world.py took 0.239 seconds
[2026-07-06T19:55:42.745+0000] {processor.py:186} INFO - Started process (PID=3722) to work on /opt/airflow/dags/00_hello_world.py
[2026-07-06T19:55:42.747+0000] {processor.py:914} INFO - Processing file /opt/airflow/dags/00_hello_world.py for tasks to queue
[2026-07-06T19:55:42.752+0000] {logging_mixin.py:190} INFO - [2026-07-06T19:55:42.751+0000] {dagbag.py:588} INFO - Filling up the DagBag from /opt/airflow/dags/00_hello_world.py
[2026-07-06T19:55:42.773+0000] {processor.py:925} INFO - DAG(s) '00_hello_world' retrieved from /opt/airflow/dags/00_hello_world.py
[2026-07-06T19:55:42.816+0000] {logging_mixin.py:190} INFO - [2026-07-06T19:55:42.816+0000] {dag.py:3239} INFO - Sync 1 DAGs
[2026-07-06T19:55:42.837+0000] {logging_mixin.py:190} INFO - [2026-07-06T19:55:42.837+0000] {dag.py:4180} INFO - Setting next_dagrun for 00_hello_world to None, run_after=None
[2026-07-06T19:55:42.863+0000] {processor.py:208} INFO - Processing /opt/airflow/dags/00_hello_world.py took 0.129 seconds
[2026-07-06T19:56:13.317+0000] {processor.py:186} INFO - Started process (PID=3732) to work on /opt/airflow/dags/00_hello_world.py
[2026-07-06T19:56:13.319+0000] {processor.py:914} INFO - Processing file /opt/airflow/dags/00_hello_world.py for tasks to queue
[2026-07-06T19:56:13.325+0000] {logging_mixin.py:190} INFO - [2026-07-06T19:56:13.324+0000] {dagbag.py:588} INFO - Filling up the DagBag from /opt/airflow/dags/00_hello_world.py
[2026-07-06T19:56:13.348+0000] {processor.py:925} INFO - DAG(s) '00_hello_world' retrieved from /opt/airflow/dags/00_hello_world.py
[2026-07-06T19:56:13.418+0000] {logging_mixin.py:190} INFO - [2026-07-06T19:56:13.417+0000] {dag.py:3239} INFO - Sync 1 DAGs
[2026-07-06T19:56:13.459+0000] {logging_mixin.py:190} INFO - [2026-07-06T19:56:13.459+0000] {dag.py:4180} INFO - Setting next_dagrun for 00_hello_world to None, run_after=None
[2026-07-06T19:56:13.502+0000] {processor.py:208} INFO - Processing /opt/airflow/dags/00_hello_world.py took 0.209 seconds
[2026-07-06T19:56:43.911+0000] {processor.py:186} INFO - Started process (PID=3742) to work on /opt/airflow/dags/00_hello_world.py
[2026-07-06T19:56:43.912+0000] {processor.py:914} INFO - Processing file /opt/airflow/dags/00_hello_world.py for tasks to queue
[2026-07-06T19:56:43.916+0000] {logging_mixin.py:190} INFO - [2026-07-06T19:56:43.915+0000] {dagbag.py:588} INFO - Filling up the DagBag from /opt/airflow/dags/00_hello_world.py
[2026-07-06T19:56:43.929+0000] {processor.py:925} INFO - DAG(s) '00_hello_world' retrieved from /opt/airflow/dags/00_hello_world.py
[2026-07-06T19:56:43.965+0000] {logging_mixin.py:190} INFO - [2026-07-06T19:56:43.965+0000] {dag.py:3239} INFO - Sync 1 DAGs
[2026-07-06T19:56:43.980+0000] {logging_mixin.py:190} INFO - [2026-07-06T19:56:43.980+0000] {dag.py:4180} INFO - Setting next_dagrun for 00_hello_world to None, run_after=None
[2026-07-06T19:56:44.002+0000] {processor.py:208} INFO - Processing /opt/airflow/dags/00_hello_world.py took 0.102 seconds
[2026-07-06T19:57:14.223+0000] {processor.py:186} INFO - Started process (PID=3752) to work on /opt/airflow/dags/00_hello_world.py
[2026-07-06T19:57:14.225+0000] {processor.py:914} INFO - Processing file /opt/airflow/dags/00_hello_world.py for tasks to queue
[2026-07-06T19:57:14.228+0000] {logging_mixin.py:190} INFO - [2026-07-06T19:57:14.227+0000] {dagbag.py:588} INFO - Filling up the DagBag from /opt/airflow/dags/00_hello_world.py
[2026-07-06T19:57:14.243+0000] {processor.py:925} INFO - DAG(s) '00_hello_world' retrieved from /opt/airflow/dags/00_hello_world.py
[2026-07-06T19:57:14.281+0000] {logging_mixin.py:190} INFO - [2026-07-06T19:57:14.281+0000] {dag.py:3239} INFO - Sync 1 DAGs
[2026-07-06T19:57:14.304+0000] {logging_mixin.py:190} INFO - [2026-07-06T19:57:14.303+0000] {dag.py:4180} INFO - Setting next_dagrun for 00_hello_world to None, run_after=None
[2026-07-06T19:57:14.333+0000] {processor.py:208} INFO - Processing /opt/airflow/dags/00_hello_world.py took 0.119 seconds
[2026-07-06T19:57:44.794+0000] {processor.py:186} INFO - Started process (PID=3762) to work on /opt/airflow/dags/00_hello_world.py
[2026-07-06T19:57:44.796+0000] {processor.py:914} INFO - Processing file /opt/airflow/dags/00_hello_world.py for tasks to queue
[2026-07-06T19:57:44.817+0000] {logging_mixin.py:190} INFO - [2026-07-06T19:57:44.817+0000] {dagbag.py:588} INFO - Filling up the DagBag from /opt/airflow/dags/00_hello_world.py
[2026-07-06T19:57:44.849+0000] {processor.py:925} INFO - DAG(s) '00_hello_world' retrieved from /opt/airflow/dags/00_hello_world.py
[2026-07-06T19:57:44.932+0000] {logging_mixin.py:190} INFO - [2026-07-06T19:57:44.931+0000] {dag.py:3239} INFO - Sync 1 DAGs
[2026-07-06T19:57:44.954+0000] {logging_mixin.py:190} INFO - [2026-07-06T19:57:44.954+0000] {dag.py:4180} INFO - Setting next_dagrun for 00_hello_world to None, run_after=None
[2026-07-06T19:57:44.974+0000] {processor.py:208} INFO - Processing /opt/airflow/dags/00_hello_world.py took 0.211 seconds
[2026-07-06T19:58:15.184+0000] {processor.py:186} INFO - Started process (PID=3772) to work on /opt/airflow/dags/00_hello_world.py
[2026-07-06T19:58:15.189+0000] {processor.py:914} INFO - Processing file /opt/airflow/dags/00_hello_world.py for tasks to queue
[2026-07-06T19:58:15.204+0000] {logging_mixin.py:190} INFO - [2026-07-06T19:58:15.203+0000] {dagbag.py:588} INFO - Filling up the DagBag from /opt/airflow/dags/00_hello_world.py
[2026-07-06T19:58:15.227+0000] {processor.py:925} INFO - DAG(s) '00_hello_world' retrieved from /opt/airflow/dags/00_hello_world.py
[2026-07-06T19:58:15.273+0000] {logging_mixin.py:190} INFO - [2026-07-06T19:58:15.273+0000] {dag.py:3239} INFO - Sync 1 DAGs
[2026-07-06T19:58:15.294+0000] {logging_mixin.py:190} INFO - [2026-07-06T19:58:15.294+0000] {dag.py:4180} INFO - Setting next_dagrun for 00_hello_world to None, run_after=None
[2026-07-06T19:58:15.318+0000] {processor.py:208} INFO - Processing /opt/airflow/dags/00_hello_world.py took 0.170 seconds
[2026-07-06T19:58:45.836+0000] {processor.py:186} INFO - Started process (PID=3782) to work on /opt/airflow/dags/00_hello_world.py
[2026-07-06T19:58:45.842+0000] {processor.py:914} INFO - Processing file /opt/airflow/dags/00_hello_world.py for tasks to queue
[2026-07-06T19:58:45.865+0000] {logging_mixin.py:190} INFO - [2026-07-06T19:58:45.862+0000] {dagbag.py:588} INFO - Filling up the DagBag from /opt/airflow/dags/00_hello_world.py
[2026-07-06T19:58:45.907+0000] {processor.py:925} INFO - DAG(s) '00_hello_world' retrieved from /opt/airflow/dags/00_hello_world.py
[2026-07-06T19:58:45.958+0000] {logging_mixin.py:190} INFO - [2026-07-06T19:58:45.957+0000] {dag.py:3239} INFO - Sync 1 DAGs
[2026-07-06T19:58:45.976+0000] {logging_mixin.py:190} INFO - [2026-07-06T19:58:45.976+0000] {dag.py:4180} INFO - Setting next_dagrun for 00_hello_world to None, run_after=None
[2026-07-06T19:58:45.996+0000] {processor.py:208} INFO - Processing /opt/airflow/dags/00_hello_world.py took 0.210 seconds
[2026-07-06T19:59:16.257+0000] {processor.py:186} INFO - Started process (PID=3792) to work on /opt/airflow/dags/00_hello_world.py
[2026-07-06T19:59:16.260+0000] {processor.py:914} INFO - Processing file /opt/airflow/dags/00_hello_world.py for tasks to queue
[2026-07-06T19:59:16.268+0000] {logging_mixin.py:190} INFO - [2026-07-06T19:59:16.267+0000] {dagbag.py:588} INFO - Filling up the DagBag from /opt/airflow/dags/00_hello_world.py
[2026-07-06T19:59:16.299+0000] {processor.py:925} INFO - DAG(s) '00_hello_world' retrieved from /opt/airflow/dags/00_hello_world.py
[2026-07-06T19:59:16.358+0000] {logging_mixin.py:190} INFO - [2026-07-06T19:59:16.358+0000] {dag.py:3239} INFO - Sync 1 DAGs
[2026-07-06T19:59:16.378+0000] {logging_mixin.py:190} INFO - [2026-07-06T19:59:16.378+0000] {dag.py:4180} INFO - Setting next_dagrun for 00_hello_world to None, run_after=None
[2026-07-06T19:59:16.402+0000] {processor.py:208} INFO - Processing /opt/airflow/dags/00_hello_world.py took 0.176 seconds
[2026-07-06T19:59:46.895+0000] {processor.py:186} INFO - Started process (PID=3802) to work on /opt/airflow/dags/00_hello_world.py
[2026-07-06T19:59:46.900+0000] {processor.py:914} INFO - Processing file /opt/airflow/dags/00_hello_world.py for tasks to queue
[2026-07-06T19:59:46.924+0000] {logging_mixin.py:190} INFO - [2026-07-06T19:59:46.919+0000] {dagbag.py:588} INFO - Filling up the DagBag from /opt/airflow/dags/00_hello_world.py
[2026-07-06T19:59:47.029+0000] {processor.py:925} INFO - DAG(s) '00_hello_world' retrieved from /opt/airflow/dags/00_hello_world.py
[2026-07-06T19:59:47.094+0000] {logging_mixin.py:190} INFO - [2026-07-06T19:59:47.094+0000] {dag.py:3239} INFO - Sync 1 DAGs
[2026-07-06T19:59:47.163+0000] {logging_mixin.py:190} INFO - [2026-07-06T19:59:47.163+0000] {dag.py:4180} INFO - Setting next_dagrun for 00_hello_world to None, run_after=None
[2026-07-06T19:59:47.216+0000] {processor.py:208} INFO - Processing /opt/airflow/dags/00_hello_world.py took 0.358 seconds
[2026-07-06T20:00:17.340+0000] {processor.py:186} INFO - Started process (PID=3812) to work on /opt/airflow/dags/00_hello_world.py
[2026-07-06T20:00:17.344+0000] {processor.py:914} INFO - Processing file /opt/airflow/dags/00_hello_world.py for tasks to queue
[2026-07-06T20:00:17.354+0000] {logging_mixin.py:190} INFO - [2026-07-06T20:00:17.353+0000] {dagbag.py:588} INFO - Filling up the DagBag from /opt/airflow/dags/00_hello_world.py
[2026-07-06T20:00:17.406+0000] {processor.py:925} INFO - DAG(s) '00_hello_world' retrieved from /opt/airflow/dags/00_hello_world.py
[2026-07-06T20:00:17.489+0000] {logging_mixin.py:190} INFO - [2026-07-06T20:00:17.489+0000] {dag.py:3239} INFO - Sync 1 DAGs
[2026-07-06T20:00:17.526+0000] {logging_mixin.py:190} INFO - [2026-07-06T20:00:17.525+0000] {dag.py:4180} INFO - Setting next_dagrun for 00_hello_world to None, run_after=None
[2026-07-06T20:00:17.571+0000] {processor.py:208} INFO - Processing /opt/airflow/dags/00_hello_world.py took 0.265 seconds
[2026-07-06T20:00:48.095+0000] {processor.py:186} INFO - Started process (PID=3822) to work on /opt/airflow/dags/00_hello_world.py
[2026-07-06T20:00:48.098+0000] {processor.py:914} INFO - Processing file /opt/airflow/dags/00_hello_world.py for tasks to queue
[2026-07-06T20:00:48.106+0000] {logging_mixin.py:190} INFO - [2026-07-06T20:00:48.105+0000] {dagbag.py:588} INFO - Filling up the DagBag from /opt/airflow/dags/00_hello_world.py
[2026-07-06T20:00:48.131+0000] {processor.py:925} INFO - DAG(s) '00_hello_world' retrieved from /opt/airflow/dags/00_hello_world.py
[2026-07-06T20:00:48.190+0000] {logging_mixin.py:190} INFO - [2026-07-06T20:00:48.190+0000] {dag.py:3239} INFO - Sync 1 DAGs
[2026-07-06T20:00:48.214+0000] {logging_mixin.py:190} INFO - [2026-07-06T20:00:48.214+0000] {dag.py:4180} INFO - Setting next_dagrun for 00_hello_world to None, run_after=None
[2026-07-06T20:00:48.237+0000] {processor.py:208} INFO - Processing /opt/airflow/dags/00_hello_world.py took 0.218 seconds
[2026-07-06T20:01:18.699+0000] {processor.py:186} INFO - Started process (PID=3832) to work on /opt/airflow/dags/00_hello_world.py
[2026-07-06T20:01:18.703+0000] {processor.py:914} INFO - Processing file /opt/airflow/dags/00_hello_world.py for tasks to queue
[2026-07-06T20:01:18.720+0000] {logging_mixin.py:190} INFO - [2026-07-06T20:01:18.718+0000] {dagbag.py:588} INFO - Filling up the DagBag from /opt/airflow/dags/00_hello_world.py
[2026-07-06T20:01:18.823+0000] {processor.py:925} INFO - DAG(s) '00_hello_world' retrieved from /opt/airflow/dags/00_hello_world.py
[2026-07-06T20:01:18.904+0000] {logging_mixin.py:190} INFO - [2026-07-06T20:01:18.904+0000] {dag.py:3239} INFO - Sync 1 DAGs
[2026-07-06T20:01:18.935+0000] {logging_mixin.py:190} INFO - [2026-07-06T20:01:18.934+0000] {dag.py:4180} INFO - Setting next_dagrun for 00_hello_world to None, run_after=None
[2026-07-06T20:01:18.968+0000] {processor.py:208} INFO - Processing /opt/airflow/dags/00_hello_world.py took 0.319 seconds
[2026-07-06T20:01:49.094+0000] {processor.py:186} INFO - Started process (PID=3842) to work on /opt/airflow/dags/00_hello_world.py
[2026-07-06T20:01:49.096+0000] {processor.py:914} INFO - Processing file /opt/airflow/dags/00_hello_world.py for tasks to queue
[2026-07-06T20:01:49.103+0000] {logging_mixin.py:190} INFO - [2026-07-06T20:01:49.102+0000] {dagbag.py:588} INFO - Filling up the DagBag from /opt/airflow/dags/00_hello_world.py
[2026-07-06T20:01:49.128+0000] {processor.py:925} INFO - DAG(s) '00_hello_world' retrieved from /opt/airflow/dags/00_hello_world.py
[2026-07-06T20:01:49.191+0000] {logging_mixin.py:190} INFO - [2026-07-06T20:01:49.191+0000] {dag.py:3239} INFO - Sync 1 DAGs
[2026-07-06T20:01:49.241+0000] {logging_mixin.py:190} INFO - [2026-07-06T20:01:49.241+0000] {dag.py:4180} INFO - Setting next_dagrun for 00_hello_world to None, run_after=None
[2026-07-06T20:01:49.282+0000] {processor.py:208} INFO - Processing /opt/airflow/dags/00_hello_world.py took 0.204 seconds
[2026-07-06T20:02:19.484+0000] {processor.py:186} INFO - Started process (PID=3852) to work on /opt/airflow/dags/00_hello_world.py
[2026-07-06T20:02:19.489+0000] {processor.py:914} INFO - Processing file /opt/airflow/dags/00_hello_world.py for tasks to queue
[2026-07-06T20:02:19.500+0000] {logging_mixin.py:190} INFO - [2026-07-06T20:02:19.498+0000] {dagbag.py:588} INFO - Filling up the DagBag from /opt/airflow/dags/00_hello_world.py
[2026-07-06T20:02:19.549+0000] {processor.py:925} INFO - DAG(s) '00_hello_world' retrieved from /opt/airflow/dags/00_hello_world.py
[2026-07-06T20:02:19.599+0000] {logging_mixin.py:190} INFO - [2026-07-06T20:02:19.599+0000] {dag.py:3239} INFO - Sync 1 DAGs
[2026-07-06T20:02:19.620+0000] {logging_mixin.py:190} INFO - [2026-07-06T20:02:19.619+0000] {dag.py:4180} INFO - Setting next_dagrun for 00_hello_world to None, run_after=None
[2026-07-06T20:02:19.649+0000] {processor.py:208} INFO - Processing /opt/airflow/dags/00_hello_world.py took 0.204 seconds
[2026-07-06T20:02:50.029+0000] {processor.py:186} INFO - Started process (PID=3862) to work on /opt/airflow/dags/00_hello_world.py
[2026-07-06T20:02:50.030+0000] {processor.py:914} INFO - Processing file /opt/airflow/dags/00_hello_world.py for tasks to queue
[2026-07-06T20:02:50.033+0000] {logging_mixin.py:190} INFO - [2026-07-06T20:02:50.033+0000] {dagbag.py:588} INFO - Filling up the DagBag from /opt/airflow/dags/00_hello_world.py
[2026-07-06T20:02:50.045+0000] {processor.py:925} INFO - DAG(s) '00_hello_world' retrieved from /opt/airflow/dags/00_hello_world.py
[2026-07-06T20:02:50.076+0000] {logging_mixin.py:190} INFO - [2026-07-06T20:02:50.075+0000] {dag.py:3239} INFO - Sync 1 DAGs
[2026-07-06T20:02:50.090+0000] {logging_mixin.py:190} INFO - [2026-07-06T20:02:50.090+0000] {dag.py:4180} INFO - Setting next_dagrun for 00_hello_world to None, run_after=None
[2026-07-06T20:02:50.110+0000] {processor.py:208} INFO - Processing /opt/airflow/dags/00_hello_world.py took 0.092 seconds
[2026-07-06T20:03:20.487+0000] {processor.py:186} INFO - Started process (PID=3872) to work on /opt/airflow/dags/00_hello_world.py
[2026-07-06T20:03:20.493+0000] {processor.py:914} INFO - Processing file /opt/airflow/dags/00_hello_world.py for tasks to queue
[2026-07-06T20:03:20.505+0000] {logging_mixin.py:190} INFO - [2026-07-06T20:03:20.503+0000] {dagbag.py:588} INFO - Filling up the DagBag from /opt/airflow/dags/00_hello_world.py
[2026-07-06T20:03:20.560+0000] {processor.py:925} INFO - DAG(s) '00_hello_world' retrieved from /opt/airflow/dags/00_hello_world.py
[2026-07-06T20:03:20.692+0000] {logging_mixin.py:190} INFO - [2026-07-06T20:03:20.692+0000] {dag.py:3239} INFO - Sync 1 DAGs
[2026-07-06T20:03:20.719+0000] {logging_mixin.py:190} INFO - [2026-07-06T20:03:20.718+0000] {dag.py:4180} INFO - Setting next_dagrun for 00_hello_world to None, run_after=None
[2026-07-06T20:03:20.744+0000] {processor.py:208} INFO - Processing /opt/airflow/dags/00_hello_world.py took 0.295 seconds
[2026-07-06T20:03:50.882+0000] {processor.py:186} INFO - Started process (PID=3882) to work on /opt/airflow/dags/00_hello_world.py
[2026-07-06T20:03:50.884+0000] {processor.py:914} INFO - Processing file /opt/airflow/dags/00_hello_world.py for tasks to queue
[2026-07-06T20:03:50.888+0000] {logging_mixin.py:190} INFO - [2026-07-06T20:03:50.887+0000] {dagbag.py:588} INFO - Filling up the DagBag from /opt/airflow/dags/00_hello_world.py
[2026-07-06T20:03:50.908+0000] {processor.py:925} INFO - DAG(s) '00_hello_world' retrieved from /opt/airflow/dags/00_hello_world.py
[2026-07-06T20:03:50.945+0000] {logging_mixin.py:190} INFO - [2026-07-06T20:03:50.945+0000] {dag.py:3239} INFO - Sync 1 DAGs
[2026-07-06T20:03:50.967+0000] {logging_mixin.py:190} INFO - [2026-07-06T20:03:50.966+0000] {dag.py:4180} INFO - Setting next_dagrun for 00_hello_world to None, run_after=None
[2026-07-06T20:03:50.989+0000] {processor.py:208} INFO - Processing /opt/airflow/dags/00_hello_world.py took 0.120 seconds
[2026-07-06T20:04:21.355+0000] {processor.py:186} INFO - Started process (PID=3892) to work on /opt/airflow/dags/00_hello_world.py
[2026-07-06T20:04:21.361+0000] {processor.py:914} INFO - Processing file /opt/airflow/dags/00_hello_world.py for tasks to queue
[2026-07-06T20:04:21.369+0000] {logging_mixin.py:190} INFO - [2026-07-06T20:04:21.368+0000] {dagbag.py:588} INFO - Filling up the DagBag from /opt/airflow/dags/00_hello_world.py
[2026-07-06T20:04:21.394+0000] {processor.py:925} INFO - DAG(s) '00_hello_world' retrieved from /opt/airflow/dags/00_hello_world.py
[2026-07-06T20:04:21.436+0000] {logging_mixin.py:190} INFO - [2026-07-06T20:04:21.436+0000] {dag.py:3239} INFO - Sync 1 DAGs
[2026-07-06T20:04:21.456+0000] {logging_mixin.py:190} INFO - [2026-07-06T20:04:21.455+0000] {dag.py:4180} INFO - Setting next_dagrun for 00_hello_world to None, run_after=None
[2026-07-06T20:04:21.477+0000] {processor.py:208} INFO - Processing /opt/airflow/dags/00_hello_world.py took 0.165 seconds
[2026-07-06T20:04:51.790+0000] {processor.py:186} INFO - Started process (PID=3902) to work on /opt/airflow/dags/00_hello_world.py
[2026-07-06T20:04:51.791+0000] {processor.py:914} INFO - Processing file /opt/airflow/dags/00_hello_world.py for tasks to queue
[2026-07-06T20:04:51.796+0000] {logging_mixin.py:190} INFO - [2026-07-06T20:04:51.795+0000] {dagbag.py:588} INFO - Filling up the DagBag from /opt/airflow/dags/00_hello_world.py
[2026-07-06T20:04:51.812+0000] {processor.py:925} INFO - DAG(s) '00_hello_world' retrieved from /opt/airflow/dags/00_hello_world.py
[2026-07-06T20:04:51.852+0000] {logging_mixin.py:190} INFO - [2026-07-06T20:04:51.852+0000] {dag.py:3239} INFO - Sync 1 DAGs
[2026-07-06T20:04:51.869+0000] {logging_mixin.py:190} INFO - [2026-07-06T20:04:51.869+0000] {dag.py:4180} INFO - Setting next_dagrun for 00_hello_world to None, run_after=None
[2026-07-06T20:04:51.891+0000] {processor.py:208} INFO - Processing /opt/airflow/dags/00_hello_world.py took 0.110 seconds
[2026-07-06T20:05:22.391+0000] {processor.py:186} INFO - Started process (PID=3912) to work on /opt/airflow/dags/00_hello_world.py
[2026-07-06T20:05:22.396+0000] {processor.py:914} INFO - Processing file /opt/airflow/dags/00_hello_world.py for tasks to queue
[2026-07-06T20:05:22.403+0000] {logging_mixin.py:190} INFO - [2026-07-06T20:05:22.403+0000] {dagbag.py:588} INFO - Filling up the DagBag from /opt/airflow/dags/00_hello_world.py
[2026-07-06T20:05:22.430+0000] {processor.py:925} INFO - DAG(s) '00_hello_world' retrieved from /opt/airflow/dags/00_hello_world.py
[2026-07-06T20:05:22.491+0000] {logging_mixin.py:190} INFO - [2026-07-06T20:05:22.491+0000] {dag.py:3239} INFO - Sync 1 DAGs
[2026-07-06T20:05:22.518+0000] {logging_mixin.py:190} INFO - [2026-07-06T20:05:22.518+0000] {dag.py:4180} INFO - Setting next_dagrun for 00_hello_world to None, run_after=None
[2026-07-06T20:05:22.551+0000] {processor.py:208} INFO - Processing /opt/airflow/dags/00_hello_world.py took 0.213 seconds
[2026-07-06T20:05:52.882+0000] {processor.py:186} INFO - Started process (PID=3922) to work on /opt/airflow/dags/00_hello_world.py
[2026-07-06T20:05:52.886+0000] {processor.py:914} INFO - Processing file /opt/airflow/dags/00_hello_world.py for tasks to queue
[2026-07-06T20:05:52.898+0000] {logging_mixin.py:190} INFO - [2026-07-06T20:05:52.896+0000] {dagbag.py:588} INFO - Filling up the DagBag from /opt/airflow/dags/00_hello_world.py
[2026-07-06T20:05:52.952+0000] {processor.py:925} INFO - DAG(s) '00_hello_world' retrieved from /opt/airflow/dags/00_hello_world.py
[2026-07-06T20:05:53.003+0000] {logging_mixin.py:190} INFO - [2026-07-06T20:05:53.003+0000] {dag.py:3239} INFO - Sync 1 DAGs
[2026-07-06T20:05:53.021+0000] {logging_mixin.py:190} INFO - [2026-07-06T20:05:53.020+0000] {dag.py:4180} INFO - Setting next_dagrun for 00_hello_world to None, run_after=None
[2026-07-06T20:05:53.041+0000] {processor.py:208} INFO - Processing /opt/airflow/dags/00_hello_world.py took 0.214 seconds
[2026-07-06T20:06:23.407+0000] {processor.py:186} INFO - Started process (PID=3932) to work on /opt/airflow/dags/00_hello_world.py
[2026-07-06T20:06:23.410+0000] {processor.py:914} INFO - Processing file /opt/airflow/dags/00_hello_world.py for tasks to queue
[2026-07-06T20:06:23.413+0000] {logging_mixin.py:190} INFO - [2026-07-06T20:06:23.413+0000] {dagbag.py:588} INFO - Filling up the DagBag from /opt/airflow/dags/00_hello_world.py
[2026-07-06T20:06:23.427+0000] {processor.py:925} INFO - DAG(s) '00_hello_world' retrieved from /opt/airflow/dags/00_hello_world.py
[2026-07-06T20:06:23.466+0000] {logging_mixin.py:190} INFO - [2026-07-06T20:06:23.466+0000] {dag.py:3239} INFO - Sync 1 DAGs
[2026-07-06T20:06:23.483+0000] {logging_mixin.py:190} INFO - [2026-07-06T20:06:23.482+0000] {dag.py:4180} INFO - Setting next_dagrun for 00_hello_world to None, run_after=None
[2026-07-06T20:06:23.502+0000] {processor.py:208} INFO - Processing /opt/airflow/dags/00_hello_world.py took 0.112 seconds
[2026-07-06T20:06:53.756+0000] {processor.py:186} INFO - Started process (PID=3942) to work on /opt/airflow/dags/00_hello_world.py
[2026-07-06T20:06:53.758+0000] {processor.py:914} INFO - Processing file /opt/airflow/dags/00_hello_world.py for tasks to queue
[2026-07-06T20:06:53.761+0000] {logging_mixin.py:190} INFO - [2026-07-06T20:06:53.760+0000] {dagbag.py:588} INFO - Filling up the DagBag from /opt/airflow/dags/00_hello_world.py
[2026-07-06T20:06:53.773+0000] {processor.py:925} INFO - DAG(s) '00_hello_world' retrieved from /opt/airflow/dags/00_hello_world.py
[2026-07-06T20:06:53.810+0000] {logging_mixin.py:190} INFO - [2026-07-06T20:06:53.809+0000] {dag.py:3239} INFO - Sync 1 DAGs
[2026-07-06T20:06:53.835+0000] {logging_mixin.py:190} INFO - [2026-07-06T20:06:53.835+0000] {dag.py:4180} INFO - Setting next_dagrun for 00_hello_world to None, run_after=None
[2026-07-06T20:06:53.857+0000] {processor.py:208} INFO - Processing /opt/airflow/dags/00_hello_world.py took 0.110 seconds
[2026-07-06T20:07:24.268+0000] {processor.py:186} INFO - Started process (PID=3952) to work on /opt/airflow/dags/00_hello_world.py
[2026-07-06T20:07:24.271+0000] {processor.py:914} INFO - Processing file /opt/airflow/dags/00_hello_world.py for tasks to queue
[2026-07-06T20:07:24.277+0000] {logging_mixin.py:190} INFO - [2026-07-06T20:07:24.277+0000] {dagbag.py:588} INFO - Filling up the DagBag from /opt/airflow/dags/00_hello_world.py
[2026-07-06T20:07:24.302+0000] {processor.py:925} INFO - DAG(s) '00_hello_world' retrieved from /opt/airflow/dags/00_hello_world.py
[2026-07-06T20:07:24.354+0000] {logging_mixin.py:190} INFO - [2026-07-06T20:07:24.353+0000] {dag.py:3239} INFO - Sync 1 DAGs
[2026-07-06T20:07:24.374+0000] {logging_mixin.py:190} INFO - [2026-07-06T20:07:24.373+0000] {dag.py:4180} INFO - Setting next_dagrun for 00_hello_world to None, run_after=None
[2026-07-06T20:07:24.395+0000] {processor.py:208} INFO - Processing /opt/airflow/dags/00_hello_world.py took 0.178 seconds
[2026-07-06T20:07:54.755+0000] {processor.py:186} INFO - Started process (PID=3962) to work on /opt/airflow/dags/00_hello_world.py
[2026-07-06T20:07:54.761+0000] {processor.py:914} INFO - Processing file /opt/airflow/dags/00_hello_world.py for tasks to queue
[2026-07-06T20:07:54.782+0000] {logging_mixin.py:190} INFO - [2026-07-06T20:07:54.781+0000] {dagbag.py:588} INFO - Filling up the DagBag from /opt/airflow/dags/00_hello_world.py
[2026-07-06T20:07:54.825+0000] {processor.py:925} INFO - DAG(s) '00_hello_world' retrieved from /opt/airflow/dags/00_hello_world.py
[2026-07-06T20:07:54.890+0000] {logging_mixin.py:190} INFO - [2026-07-06T20:07:54.889+0000] {dag.py:3239} INFO - Sync 1 DAGs
[2026-07-06T20:07:54.913+0000] {logging_mixin.py:190} INFO - [2026-07-06T20:07:54.912+0000] {dag.py:4180} INFO - Setting next_dagrun for 00_hello_world to None, run_after=None
[2026-07-06T20:07:54.954+0000] {processor.py:208} INFO - Processing /opt/airflow/dags/00_hello_world.py took 0.273 seconds
[2026-07-06T20:08:25.169+0000] {processor.py:186} INFO - Started process (PID=3972) to work on /opt/airflow/dags/00_hello_world.py
[2026-07-06T20:08:25.171+0000] {processor.py:914} INFO - Processing file /opt/airflow/dags/00_hello_world.py for tasks to queue
[2026-07-06T20:08:25.180+0000] {logging_mixin.py:190} INFO - [2026-07-06T20:08:25.179+0000] {dagbag.py:588} INFO - Filling up the DagBag from /opt/airflow/dags/00_hello_world.py
[2026-07-06T20:08:25.200+0000] {processor.py:925} INFO - DAG(s) '00_hello_world' retrieved from /opt/airflow/dags/00_hello_world.py
[2026-07-06T20:08:25.258+0000] {logging_mixin.py:190} INFO - [2026-07-06T20:08:25.257+0000] {dag.py:3239} INFO - Sync 1 DAGs
[2026-07-06T20:08:25.284+0000] {logging_mixin.py:190} INFO - [2026-07-06T20:08:25.284+0000] {dag.py:4180} INFO - Setting next_dagrun for 00_hello_world to None, run_after=None
[2026-07-06T20:08:25.315+0000] {processor.py:208} INFO - Processing /opt/airflow/dags/00_hello_world.py took 0.168 seconds
[2026-07-06T20:08:55.686+0000] {processor.py:186} INFO - Started process (PID=3982) to work on /opt/airflow/dags/00_hello_world.py
[2026-07-06T20:08:55.689+0000] {processor.py:914} INFO - Processing file /opt/airflow/dags/00_hello_world.py for tasks to queue
[2026-07-06T20:08:55.700+0000] {logging_mixin.py:190} INFO - [2026-07-06T20:08:55.699+0000] {dagbag.py:588} INFO - Filling up the DagBag from /opt/airflow/dags/00_hello_world.py
[2026-07-06T20:08:55.731+0000] {processor.py:925} INFO - DAG(s) '00_hello_world' retrieved from /opt/airflow/dags/00_hello_world.py
[2026-07-06T20:08:55.781+0000] {logging_mixin.py:190} INFO - [2026-07-06T20:08:55.780+0000] {dag.py:3239} INFO - Sync 1 DAGs
[2026-07-06T20:08:55.811+0000] {logging_mixin.py:190} INFO - [2026-07-06T20:08:55.811+0000] {dag.py:4180} INFO - Setting next_dagrun for 00_hello_world to None, run_after=None
[2026-07-06T20:08:55.848+0000] {processor.py:208} INFO - Processing /opt/airflow/dags/00_hello_world.py took 0.193 seconds
[2026-07-06T20:09:26.193+0000] {processor.py:186} INFO - Started process (PID=3992) to work on /opt/airflow/dags/00_hello_world.py
[2026-07-06T20:09:26.197+0000] {processor.py:914} INFO - Processing file /opt/airflow/dags/00_hello_world.py for tasks to queue
[2026-07-06T20:09:26.212+0000] {logging_mixin.py:190} INFO - [2026-07-06T20:09:26.210+0000] {dagbag.py:588} INFO - Filling up the DagBag from /opt/airflow/dags/00_hello_world.py
[2026-07-06T20:09:26.245+0000] {processor.py:925} INFO - DAG(s) '00_hello_world' retrieved from /opt/airflow/dags/00_hello_world.py
[2026-07-06T20:09:26.307+0000] {logging_mixin.py:190} INFO - [2026-07-06T20:09:26.306+0000] {dag.py:3239} INFO - Sync 1 DAGs
[2026-07-06T20:09:26.336+0000] {logging_mixin.py:190} INFO - [2026-07-06T20:09:26.336+0000] {dag.py:4180} INFO - Setting next_dagrun for 00_hello_world to None, run_after=None
[2026-07-06T20:09:26.370+0000] {processor.py:208} INFO - Processing /opt/airflow/dags/00_hello_world.py took 0.218 seconds
[2026-07-06T20:09:56.977+0000] {processor.py:186} INFO - Started process (PID=4002) to work on /opt/airflow/dags/00_hello_world.py
[2026-07-06T20:09:56.980+0000] {processor.py:914} INFO - Processing file /opt/airflow/dags/00_hello_world.py for tasks to queue
[2026-07-06T20:09:56.991+0000] {logging_mixin.py:190} INFO - [2026-07-06T20:09:56.989+0000] {dagbag.py:588} INFO - Filling up the DagBag from /opt/airflow/dags/00_hello_world.py
[2026-07-06T20:09:57.057+0000] {processor.py:925} INFO - DAG(s) '00_hello_world' retrieved from /opt/airflow/dags/00_hello_world.py
[2026-07-06T20:09:57.109+0000] {logging_mixin.py:190} INFO - [2026-07-06T20:09:57.109+0000] {dag.py:3239} INFO - Sync 1 DAGs
[2026-07-06T20:09:57.127+0000] {logging_mixin.py:190} INFO - [2026-07-06T20:09:57.127+0000] {dag.py:4180} INFO - Setting next_dagrun for 00_hello_world to None, run_after=None
[2026-07-06T20:09:57.156+0000] {processor.py:208} INFO - Processing /opt/airflow/dags/00_hello_world.py took 0.230 seconds
[2026-07-06T20:10:27.323+0000] {processor.py:186} INFO - Started process (PID=4012) to work on /opt/airflow/dags/00_hello_world.py
[2026-07-06T20:10:27.328+0000] {processor.py:914} INFO - Processing file /opt/airflow/dags/00_hello_world.py for tasks to queue
[2026-07-06T20:10:27.343+0000] {logging_mixin.py:190} INFO - [2026-07-06T20:10:27.341+0000] {dagbag.py:588} INFO - Filling up the DagBag from /opt/airflow/dags/00_hello_world.py
[2026-07-06T20:10:27.402+0000] {processor.py:925} INFO - DAG(s) '00_hello_world' retrieved from /opt/airflow/dags/00_hello_world.py
[2026-07-06T20:10:27.528+0000] {logging_mixin.py:190} INFO - [2026-07-06T20:10:27.527+0000] {dag.py:3239} INFO - Sync 1 DAGs
[2026-07-06T20:10:27.556+0000] {logging_mixin.py:190} INFO - [2026-07-06T20:10:27.556+0000] {dag.py:4180} INFO - Setting next_dagrun for 00_hello_world to None, run_after=None
[2026-07-06T20:10:27.591+0000] {processor.py:208} INFO - Processing /opt/airflow/dags/00_hello_world.py took 0.314 seconds
[2026-07-06T20:10:58.024+0000] {processor.py:186} INFO - Started process (PID=4022) to work on /opt/airflow/dags/00_hello_world.py
[2026-07-06T20:10:58.026+0000] {processor.py:914} INFO - Processing file /opt/airflow/dags/00_hello_world.py for tasks to queue
[2026-07-06T20:10:58.031+0000] {logging_mixin.py:190} INFO - [2026-07-06T20:10:58.031+0000] {dagbag.py:588} INFO - Filling up the DagBag from /opt/airflow/dags/00_hello_world.py
[2026-07-06T20:10:58.073+0000] {processor.py:925} INFO - DAG(s) '00_hello_world' retrieved from /opt/airflow/dags/00_hello_world.py
[2026-07-06T20:10:58.135+0000] {logging_mixin.py:190} INFO - [2026-07-06T20:10:58.134+0000] {dag.py:3239} INFO - Sync 1 DAGs
[2026-07-06T20:10:58.155+0000] {logging_mixin.py:190} INFO - [2026-07-06T20:10:58.154+0000] {dag.py:4180} INFO - Setting next_dagrun for 00_hello_world to None, run_after=None
[2026-07-06T20:10:58.186+0000] {processor.py:208} INFO - Processing /opt/airflow/dags/00_hello_world.py took 0.185 seconds
[2026-07-06T20:11:28.392+0000] {processor.py:186} INFO - Started process (PID=4032) to work on /opt/airflow/dags/00_hello_world.py
[2026-07-06T20:11:28.393+0000] {processor.py:914} INFO - Processing file /opt/airflow/dags/00_hello_world.py for tasks to queue
[2026-07-06T20:11:28.402+0000] {logging_mixin.py:190} INFO - [2026-07-06T20:11:28.400+0000] {dagbag.py:588} INFO - Filling up the DagBag from /opt/airflow/dags/00_hello_world.py
[2026-07-06T20:11:28.431+0000] {processor.py:925} INFO - DAG(s) '00_hello_world' retrieved from /opt/airflow/dags/00_hello_world.py
[2026-07-06T20:11:28.489+0000] {logging_mixin.py:190} INFO - [2026-07-06T20:11:28.488+0000] {dag.py:3239} INFO - Sync 1 DAGs
[2026-07-06T20:11:28.509+0000] {logging_mixin.py:190} INFO - [2026-07-06T20:11:28.509+0000] {dag.py:4180} INFO - Setting next_dagrun for 00_hello_world to None, run_after=None
[2026-07-06T20:11:28.544+0000] {processor.py:208} INFO - Processing /opt/airflow/dags/00_hello_world.py took 0.197 seconds
[2026-07-06T20:11:58.900+0000] {processor.py:186} INFO - Started process (PID=4047) to work on /opt/airflow/dags/00_hello_world.py
[2026-07-06T20:11:58.903+0000] {processor.py:914} INFO - Processing file /opt/airflow/dags/00_hello_world.py for tasks to queue
[2026-07-06T20:11:58.908+0000] {logging_mixin.py:190} INFO - [2026-07-06T20:11:58.907+0000] {dagbag.py:588} INFO - Filling up the DagBag from /opt/airflow/dags/00_hello_world.py
[2026-07-06T20:11:58.930+0000] {processor.py:925} INFO - DAG(s) '00_hello_world' retrieved from /opt/airflow/dags/00_hello_world.py
[2026-07-06T20:11:58.995+0000] {logging_mixin.py:190} INFO - [2026-07-06T20:11:58.995+0000] {dag.py:3239} INFO - Sync 1 DAGs
[2026-07-06T20:11:59.028+0000] {logging_mixin.py:190} INFO - [2026-07-06T20:11:59.028+0000] {dag.py:4180} INFO - Setting next_dagrun for 00_hello_world to None, run_after=None
[2026-07-06T20:11:59.063+0000] {processor.py:208} INFO - Processing /opt/airflow/dags/00_hello_world.py took 0.179 seconds
[2026-07-06T20:12:29.266+0000] {processor.py:186} INFO - Started process (PID=4057) to work on /opt/airflow/dags/00_hello_world.py
[2026-07-06T20:12:29.273+0000] {processor.py:914} INFO - Processing file /opt/airflow/dags/00_hello_world.py for tasks to queue
[2026-07-06T20:12:29.279+0000] {logging_mixin.py:190} INFO - [2026-07-06T20:12:29.278+0000] {dagbag.py:588} INFO - Filling up the DagBag from /opt/airflow/dags/00_hello_world.py
[2026-07-06T20:12:29.296+0000] {processor.py:925} INFO - DAG(s) '00_hello_world' retrieved from /opt/airflow/dags/00_hello_world.py
[2026-07-06T20:12:29.338+0000] {logging_mixin.py:190} INFO - [2026-07-06T20:12:29.338+0000] {dag.py:3239} INFO - Sync 1 DAGs
[2026-07-06T20:12:29.359+0000] {logging_mixin.py:190} INFO - [2026-07-06T20:12:29.358+0000] {dag.py:4180} INFO - Setting next_dagrun for 00_hello_world to None, run_after=None
[2026-07-06T20:12:29.382+0000] {processor.py:208} INFO - Processing /opt/airflow/dags/00_hello_world.py took 0.132 seconds
[2026-07-06T20:12:59.695+0000] {processor.py:186} INFO - Started process (PID=4067) to work on /opt/airflow/dags/00_hello_world.py
[2026-07-06T20:12:59.697+0000] {processor.py:914} INFO - Processing file /opt/airflow/dags/00_hello_world.py for tasks to queue
[2026-07-06T20:12:59.702+0000] {logging_mixin.py:190} INFO - [2026-07-06T20:12:59.701+0000] {dagbag.py:588} INFO - Filling up the DagBag from /opt/airflow/dags/00_hello_world.py
[2026-07-06T20:12:59.718+0000] {processor.py:925} INFO - DAG(s) '00_hello_world' retrieved from /opt/airflow/dags/00_hello_world.py
[2026-07-06T20:12:59.779+0000] {logging_mixin.py:190} INFO - [2026-07-06T20:12:59.779+0000] {dag.py:3239} INFO - Sync 1 DAGs
[2026-07-06T20:12:59.813+0000] {logging_mixin.py:190} INFO - [2026-07-06T20:12:59.812+0000] {dag.py:4180} INFO - Setting next_dagrun for 00_hello_world to None, run_after=None
[2026-07-06T20:12:59.845+0000] {processor.py:208} INFO - Processing /opt/airflow/dags/00_hello_world.py took 0.166 seconds
[2026-07-06T20:13:30.313+0000] {processor.py:186} INFO - Started process (PID=4077) to work on /opt/airflow/dags/00_hello_world.py
[2026-07-06T20:13:30.318+0000] {processor.py:914} INFO - Processing file /opt/airflow/dags/00_hello_world.py for tasks to queue
[2026-07-06T20:13:30.332+0000] {logging_mixin.py:190} INFO - [2026-07-06T20:13:30.331+0000] {dagbag.py:588} INFO - Filling up the DagBag from /opt/airflow/dags/00_hello_world.py
[2026-07-06T20:13:30.383+0000] {processor.py:925} INFO - DAG(s) '00_hello_world' retrieved from /opt/airflow/dags/00_hello_world.py
[2026-07-06T20:13:30.516+0000] {logging_mixin.py:190} INFO - [2026-07-06T20:13:30.515+0000] {dag.py:3239} INFO - Sync 1 DAGs
[2026-07-06T20:13:30.541+0000] {logging_mixin.py:190} INFO - [2026-07-06T20:13:30.541+0000] {dag.py:4180} INFO - Setting next_dagrun for 00_hello_world to None, run_after=None
[2026-07-06T20:13:30.566+0000] {processor.py:208} INFO - Processing /opt/airflow/dags/00_hello_world.py took 0.291 seconds
[2026-07-06T20:14:01.000+0000] {processor.py:186} INFO - Started process (PID=4087) to work on /opt/airflow/dags/00_hello_world.py
[2026-07-06T20:14:01.002+0000] {processor.py:914} INFO - Processing file /opt/airflow/dags/00_hello_world.py for tasks to queue
[2026-07-06T20:14:01.009+0000] {logging_mixin.py:190} INFO - [2026-07-06T20:14:01.008+0000] {dagbag.py:588} INFO - Filling up the DagBag from /opt/airflow/dags/00_hello_world.py
[2026-07-06T20:14:01.033+0000] {processor.py:925} INFO - DAG(s) '00_hello_world' retrieved from /opt/airflow/dags/00_hello_world.py
[2026-07-06T20:14:01.095+0000] {logging_mixin.py:190} INFO - [2026-07-06T20:14:01.095+0000] {dag.py:3239} INFO - Sync 1 DAGs
[2026-07-06T20:14:01.123+0000] {logging_mixin.py:190} INFO - [2026-07-06T20:14:01.122+0000] {dag.py:4180} INFO - Setting next_dagrun for 00_hello_world to None, run_after=None
[2026-07-06T20:14:01.155+0000] {processor.py:208} INFO - Processing /opt/airflow/dags/00_hello_world.py took 0.173 seconds
[2026-07-06T20:14:31.686+0000] {processor.py:186} INFO - Started process (PID=4097) to work on /opt/airflow/dags/00_hello_world.py
[2026-07-06T20:14:31.689+0000] {processor.py:914} INFO - Processing file /opt/airflow/dags/00_hello_world.py for tasks to queue
[2026-07-06T20:14:31.701+0000] {logging_mixin.py:190} INFO - [2026-07-06T20:14:31.700+0000] {dagbag.py:588} INFO - Filling up the DagBag from /opt/airflow/dags/00_hello_world.py
[2026-07-06T20:14:31.728+0000] {processor.py:925} INFO - DAG(s) '00_hello_world' retrieved from /opt/airflow/dags/00_hello_world.py
[2026-07-06T20:14:31.771+0000] {logging_mixin.py:190} INFO - [2026-07-06T20:14:31.771+0000] {dag.py:3239} INFO - Sync 1 DAGs
[2026-07-06T20:14:31.791+0000] {logging_mixin.py:190} INFO - [2026-07-06T20:14:31.790+0000] {dag.py:4180} INFO - Setting next_dagrun for 00_hello_world to None, run_after=None
[2026-07-06T20:14:31.817+0000] {processor.py:208} INFO - Processing /opt/airflow/dags/00_hello_world.py took 0.176 seconds
[2026-07-06T20:15:02.259+0000] {processor.py:186} INFO - Started process (PID=4107) to work on /opt/airflow/dags/00_hello_world.py
[2026-07-06T20:15:02.262+0000] {processor.py:914} INFO - Processing file /opt/airflow/dags/00_hello_world.py for tasks to queue
[2026-07-06T20:15:02.269+0000] {logging_mixin.py:190} INFO - [2026-07-06T20:15:02.268+0000] {dagbag.py:588} INFO - Filling up the DagBag from /opt/airflow/dags/00_hello_world.py
[2026-07-06T20:15:02.289+0000] {processor.py:925} INFO - DAG(s) '00_hello_world' retrieved from /opt/airflow/dags/00_hello_world.py
[2026-07-06T20:15:02.331+0000] {logging_mixin.py:190} INFO - [2026-07-06T20:15:02.331+0000] {dag.py:3239} INFO - Sync 1 DAGs
[2026-07-06T20:15:02.351+0000] {logging_mixin.py:190} INFO - [2026-07-06T20:15:02.351+0000] {dag.py:4180} INFO - Setting next_dagrun for 00_hello_world to None, run_after=None
[2026-07-06T20:15:02.374+0000] {processor.py:208} INFO - Processing /opt/airflow/dags/00_hello_world.py took 0.147 seconds
[2026-07-06T20:15:32.718+0000] {processor.py:186} INFO - Started process (PID=4117) to work on /opt/airflow/dags/00_hello_world.py
[2026-07-06T20:15:32.720+0000] {processor.py:914} INFO - Processing file /opt/airflow/dags/00_hello_world.py for tasks to queue
[2026-07-06T20:15:32.722+0000] {logging_mixin.py:190} INFO - [2026-07-06T20:15:32.722+0000] {dagbag.py:588} INFO - Filling up the DagBag from /opt/airflow/dags/00_hello_world.py
[2026-07-06T20:15:32.739+0000] {processor.py:925} INFO - DAG(s) '00_hello_world' retrieved from /opt/airflow/dags/00_hello_world.py
[2026-07-06T20:15:32.787+0000] {logging_mixin.py:190} INFO - [2026-07-06T20:15:32.786+0000] {dag.py:3239} INFO - Sync 1 DAGs
[2026-07-06T20:15:32.807+0000] {logging_mixin.py:190} INFO - [2026-07-06T20:15:32.807+0000] {dag.py:4180} INFO - Setting next_dagrun for 00_hello_world to None, run_after=None
[2026-07-06T20:15:32.838+0000] {processor.py:208} INFO - Processing /opt/airflow/dags/00_hello_world.py took 0.132 seconds
[2026-07-06T20:16:03.263+0000] {processor.py:186} INFO - Started process (PID=4127) to work on /opt/airflow/dags/00_hello_world.py
[2026-07-06T20:16:03.265+0000] {processor.py:914} INFO - Processing file /opt/airflow/dags/00_hello_world.py for tasks to queue
[2026-07-06T20:16:03.273+0000] {logging_mixin.py:190} INFO - [2026-07-06T20:16:03.272+0000] {dagbag.py:588} INFO - Filling up the DagBag from /opt/airflow/dags/00_hello_world.py
[2026-07-06T20:16:03.294+0000] {processor.py:925} INFO - DAG(s) '00_hello_world' retrieved from /opt/airflow/dags/00_hello_world.py
[2026-07-06T20:16:03.342+0000] {logging_mixin.py:190} INFO - [2026-07-06T20:16:03.342+0000] {dag.py:3239} INFO - Sync 1 DAGs
[2026-07-06T20:16:03.365+0000] {logging_mixin.py:190} INFO - [2026-07-06T20:16:03.364+0000] {dag.py:4180} INFO - Setting next_dagrun for 00_hello_world to None, run_after=None
[2026-07-06T20:16:03.393+0000] {processor.py:208} INFO - Processing /opt/airflow/dags/00_hello_world.py took 0.161 seconds
[2026-07-06T20:16:33.828+0000] {processor.py:186} INFO - Started process (PID=4137) to work on /opt/airflow/dags/00_hello_world.py
[2026-07-06T20:16:33.831+0000] {processor.py:914} INFO - Processing file /opt/airflow/dags/00_hello_world.py for tasks to queue
[2026-07-06T20:16:33.839+0000] {logging_mixin.py:190} INFO - [2026-07-06T20:16:33.839+0000] {dagbag.py:588} INFO - Filling up the DagBag from /opt/airflow/dags/00_hello_world.py
[2026-07-06T20:16:33.862+0000] {processor.py:925} INFO - DAG(s) '00_hello_world' retrieved from /opt/airflow/dags/00_hello_world.py
[2026-07-06T20:16:33.919+0000] {logging_mixin.py:190} INFO - [2026-07-06T20:16:33.917+0000] {dag.py:3239} INFO - Sync 1 DAGs
[2026-07-06T20:16:33.940+0000] {logging_mixin.py:190} INFO - [2026-07-06T20:16:33.940+0000] {dag.py:4180} INFO - Setting next_dagrun for 00_hello_world to None, run_after=None
[2026-07-06T20:16:33.963+0000] {processor.py:208} INFO - Processing /opt/airflow/dags/00_hello_world.py took 0.156 seconds
[2026-07-06T20:17:04.295+0000] {processor.py:186} INFO - Started process (PID=4147) to work on /opt/airflow/dags/00_hello_world.py
[2026-07-06T20:17:04.296+0000] {processor.py:914} INFO - Processing file /opt/airflow/dags/00_hello_world.py for tasks to queue
[2026-07-06T20:17:04.299+0000] {logging_mixin.py:190} INFO - [2026-07-06T20:17:04.298+0000] {dagbag.py:588} INFO - Filling up the DagBag from /opt/airflow/dags/00_hello_world.py
[2026-07-06T20:17:04.322+0000] {processor.py:925} INFO - DAG(s) '00_hello_world' retrieved from /opt/airflow/dags/00_hello_world.py
[2026-07-06T20:17:04.371+0000] {logging_mixin.py:190} INFO - [2026-07-06T20:17:04.371+0000] {dag.py:3239} INFO - Sync 1 DAGs
[2026-07-06T20:17:04.399+0000] {logging_mixin.py:190} INFO - [2026-07-06T20:17:04.398+0000] {dag.py:4180} INFO - Setting next_dagrun for 00_hello_world to None, run_after=None
[2026-07-06T20:17:04.444+0000] {processor.py:208} INFO - Processing /opt/airflow/dags/00_hello_world.py took 0.162 seconds
[2026-07-06T20:17:34.856+0000] {processor.py:186} INFO - Started process (PID=4157) to work on /opt/airflow/dags/00_hello_world.py
[2026-07-06T20:17:34.858+0000] {processor.py:914} INFO - Processing file /opt/airflow/dags/00_hello_world.py for tasks to queue
[2026-07-06T20:17:34.861+0000] {logging_mixin.py:190} INFO - [2026-07-06T20:17:34.861+0000] {dagbag.py:588} INFO - Filling up the DagBag from /opt/airflow/dags/00_hello_world.py
[2026-07-06T20:17:34.878+0000] {processor.py:925} INFO - DAG(s) '00_hello_world' retrieved from /opt/airflow/dags/00_hello_world.py
[2026-07-06T20:17:34.926+0000] {logging_mixin.py:190} INFO - [2026-07-06T20:17:34.926+0000] {dag.py:3239} INFO - Sync 1 DAGs
[2026-07-06T20:17:34.968+0000] {logging_mixin.py:190} INFO - [2026-07-06T20:17:34.968+0000] {dag.py:4180} INFO - Setting next_dagrun for 00_hello_world to None, run_after=None
[2026-07-06T20:17:35.025+0000] {processor.py:208} INFO - Processing /opt/airflow/dags/00_hello_world.py took 0.179 seconds
[2026-07-06T20:18:05.485+0000] {processor.py:186} INFO - Started process (PID=4167) to work on /opt/airflow/dags/00_hello_world.py
[2026-07-06T20:18:05.489+0000] {processor.py:914} INFO - Processing file /opt/airflow/dags/00_hello_world.py for tasks to queue
[2026-07-06T20:18:05.497+0000] {logging_mixin.py:190} INFO - [2026-07-06T20:18:05.497+0000] {dagbag.py:588} INFO - Filling up the DagBag from /opt/airflow/dags/00_hello_world.py
[2026-07-06T20:18:05.530+0000] {processor.py:925} INFO - DAG(s) '00_hello_world' retrieved from /opt/airflow/dags/00_hello_world.py
[2026-07-06T20:18:05.631+0000] {logging_mixin.py:190} INFO - [2026-07-06T20:18:05.631+0000] {dag.py:3239} INFO - Sync 1 DAGs
[2026-07-06T20:18:05.676+0000] {logging_mixin.py:190} INFO - [2026-07-06T20:18:05.675+0000] {dag.py:4180} INFO - Setting next_dagrun for 00_hello_world to None, run_after=None
[2026-07-06T20:18:05.730+0000] {processor.py:208} INFO - Processing /opt/airflow/dags/00_hello_world.py took 0.269 seconds
[2026-07-06T20:18:36.167+0000] {processor.py:186} INFO - Started process (PID=4177) to work on /opt/airflow/dags/00_hello_world.py
[2026-07-06T20:18:36.168+0000] {processor.py:914} INFO - Processing file /opt/airflow/dags/00_hello_world.py for tasks to queue
[2026-07-06T20:18:36.175+0000] {logging_mixin.py:190} INFO - [2026-07-06T20:18:36.174+0000] {dagbag.py:588} INFO - Filling up the DagBag from /opt/airflow/dags/00_hello_world.py
[2026-07-06T20:18:36.194+0000] {processor.py:925} INFO - DAG(s) '00_hello_world' retrieved from /opt/airflow/dags/00_hello_world.py
[2026-07-06T20:18:36.237+0000] {logging_mixin.py:190} INFO - [2026-07-06T20:18:36.237+0000] {dag.py:3239} INFO - Sync 1 DAGs
[2026-07-06T20:18:36.260+0000] {logging_mixin.py:190} INFO - [2026-07-06T20:18:36.260+0000] {dag.py:4180} INFO - Setting next_dagrun for 00_hello_world to None, run_after=None
[2026-07-06T20:18:36.282+0000] {processor.py:208} INFO - Processing /opt/airflow/dags/00_hello_world.py took 0.130 seconds
[2026-07-06T20:19:06.702+0000] {processor.py:186} INFO - Started process (PID=4187) to work on /opt/airflow/dags/00_hello_world.py
[2026-07-06T20:19:06.703+0000] {processor.py:914} INFO - Processing file /opt/airflow/dags/00_hello_world.py for tasks to queue
[2026-07-06T20:19:06.708+0000] {logging_mixin.py:190} INFO - [2026-07-06T20:19:06.707+0000] {dagbag.py:588} INFO - Filling up the DagBag from /opt/airflow/dags/00_hello_world.py
[2026-07-06T20:19:06.724+0000] {processor.py:925} INFO - DAG(s) '00_hello_world' retrieved from /opt/airflow/dags/00_hello_world.py
[2026-07-06T20:19:06.765+0000] {logging_mixin.py:190} INFO - [2026-07-06T20:19:06.765+0000] {dag.py:3239} INFO - Sync 1 DAGs
[2026-07-06T20:19:06.791+0000] {logging_mixin.py:190} INFO - [2026-07-06T20:19:06.791+0000] {dag.py:4180} INFO - Setting next_dagrun for 00_hello_world to None, run_after=None
[2026-07-06T20:19:06.818+0000] {processor.py:208} INFO - Processing /opt/airflow/dags/00_hello_world.py took 0.139 seconds
[2026-07-06T20:19:37.214+0000] {processor.py:186} INFO - Started process (PID=4197) to work on /opt/airflow/dags/00_hello_world.py
[2026-07-06T20:19:37.215+0000] {processor.py:914} INFO - Processing file /opt/airflow/dags/00_hello_world.py for tasks to queue
[2026-07-06T20:19:37.219+0000] {logging_mixin.py:190} INFO - [2026-07-06T20:19:37.218+0000] {dagbag.py:588} INFO - Filling up the DagBag from /opt/airflow/dags/00_hello_world.py
[2026-07-06T20:19:37.232+0000] {processor.py:925} INFO - DAG(s) '00_hello_world' retrieved from /opt/airflow/dags/00_hello_world.py
[2026-07-06T20:19:37.277+0000] {logging_mixin.py:190} INFO - [2026-07-06T20:19:37.277+0000] {dag.py:3239} INFO - Sync 1 DAGs
[2026-07-06T20:19:37.300+0000] {logging_mixin.py:190} INFO - [2026-07-06T20:19:37.299+0000] {dag.py:4180} INFO - Setting next_dagrun for 00_hello_world to None, run_after=None
[2026-07-06T20:19:37.334+0000] {processor.py:208} INFO - Processing /opt/airflow/dags/00_hello_world.py took 0.129 seconds
[2026-07-06T20:20:07.772+0000] {processor.py:186} INFO - Started process (PID=4207) to work on /opt/airflow/dags/00_hello_world.py
[2026-07-06T20:20:07.773+0000] {processor.py:914} INFO - Processing file /opt/airflow/dags/00_hello_world.py for tasks to queue
[2026-07-06T20:20:07.779+0000] {logging_mixin.py:190} INFO - [2026-07-06T20:20:07.778+0000] {dagbag.py:588} INFO - Filling up the DagBag from /opt/airflow/dags/00_hello_world.py
[2026-07-06T20:20:07.801+0000] {processor.py:925} INFO - DAG(s) '00_hello_world' retrieved from /opt/airflow/dags/00_hello_world.py
[2026-07-06T20:20:07.848+0000] {logging_mixin.py:190} INFO - [2026-07-06T20:20:07.847+0000] {dag.py:3239} INFO - Sync 1 DAGs
[2026-07-06T20:20:07.873+0000] {logging_mixin.py:190} INFO - [2026-07-06T20:20:07.873+0000] {dag.py:4180} INFO - Setting next_dagrun for 00_hello_world to None, run_after=None
[2026-07-06T20:20:07.899+0000] {processor.py:208} INFO - Processing /opt/airflow/dags/00_hello_world.py took 0.149 seconds
[2026-07-06T20:20:38.340+0000] {processor.py:186} INFO - Started process (PID=4217) to work on /opt/airflow/dags/00_hello_world.py
[2026-07-06T20:20:38.342+0000] {processor.py:914} INFO - Processing file /opt/airflow/dags/00_hello_world.py for tasks to queue
[2026-07-06T20:20:38.348+0000] {logging_mixin.py:190} INFO - [2026-07-06T20:20:38.347+0000] {dagbag.py:588} INFO - Filling up the DagBag from /opt/airflow/dags/00_hello_world.py
[2026-07-06T20:20:38.370+0000] {processor.py:925} INFO - DAG(s) '00_hello_world' retrieved from /opt/airflow/dags/00_hello_world.py
[2026-07-06T20:20:38.442+0000] {logging_mixin.py:190} INFO - [2026-07-06T20:20:38.442+0000] {dag.py:3239} INFO - Sync 1 DAGs
[2026-07-06T20:20:38.468+0000] {logging_mixin.py:190} INFO - [2026-07-06T20:20:38.468+0000] {dag.py:4180} INFO - Setting next_dagrun for 00_hello_world to None, run_after=None
[2026-07-06T20:20:38.499+0000] {processor.py:208} INFO - Processing /opt/airflow/dags/00_hello_world.py took 0.182 seconds
[2026-07-06T20:21:08.903+0000] {processor.py:186} INFO - Started process (PID=4227) to work on /opt/airflow/dags/00_hello_world.py
[2026-07-06T20:21:08.904+0000] {processor.py:914} INFO - Processing file /opt/airflow/dags/00_hello_world.py for tasks to queue
[2026-07-06T20:21:08.908+0000] {logging_mixin.py:190} INFO - [2026-07-06T20:21:08.907+0000] {dagbag.py:588} INFO - Filling up the DagBag from /opt/airflow/dags/00_hello_world.py
[2026-07-06T20:21:08.931+0000] {processor.py:925} INFO - DAG(s) '00_hello_world' retrieved from /opt/airflow/dags/00_hello_world.py
[2026-07-06T20:21:09.021+0000] {logging_mixin.py:190} INFO - [2026-07-06T20:21:09.021+0000] {dag.py:3239} INFO - Sync 1 DAGs
[2026-07-06T20:21:09.055+0000] {logging_mixin.py:190} INFO - [2026-07-06T20:21:09.054+0000] {dag.py:4180} INFO - Setting next_dagrun for 00_hello_world to None, run_after=None
[2026-07-06T20:21:09.087+0000] {processor.py:208} INFO - Processing /opt/airflow/dags/00_hello_world.py took 0.196 seconds
[2026-07-06T20:21:39.604+0000] {processor.py:186} INFO - Started process (PID=4237) to work on /opt/airflow/dags/00_hello_world.py
[2026-07-06T20:21:39.610+0000] {processor.py:914} INFO - Processing file /opt/airflow/dags/00_hello_world.py for tasks to queue
[2026-07-06T20:21:39.622+0000] {logging_mixin.py:190} INFO - [2026-07-06T20:21:39.621+0000] {dagbag.py:588} INFO - Filling up the DagBag from /opt/airflow/dags/00_hello_world.py
[2026-07-06T20:21:39.655+0000] {processor.py:925} INFO - DAG(s) '00_hello_world' retrieved from /opt/airflow/dags/00_hello_world.py
[2026-07-06T20:21:39.714+0000] {logging_mixin.py:190} INFO - [2026-07-06T20:21:39.713+0000] {dag.py:3239} INFO - Sync 1 DAGs
[2026-07-06T20:21:39.738+0000] {logging_mixin.py:190} INFO - [2026-07-06T20:21:39.738+0000] {dag.py:4180} INFO - Setting next_dagrun for 00_hello_world to None, run_after=None
[2026-07-06T20:21:39.762+0000] {processor.py:208} INFO - Processing /opt/airflow/dags/00_hello_world.py took 0.215 seconds
[2026-07-06T20:22:10.181+0000] {processor.py:186} INFO - Started process (PID=4247) to work on /opt/airflow/dags/00_hello_world.py
[2026-07-06T20:22:10.183+0000] {processor.py:914} INFO - Processing file /opt/airflow/dags/00_hello_world.py for tasks to queue
[2026-07-06T20:22:10.190+0000] {logging_mixin.py:190} INFO - [2026-07-06T20:22:10.189+0000] {dagbag.py:588} INFO - Filling up the DagBag from /opt/airflow/dags/00_hello_world.py
[2026-07-06T20:22:10.212+0000] {processor.py:925} INFO - DAG(s) '00_hello_world' retrieved from /opt/airflow/dags/00_hello_world.py
[2026-07-06T20:22:10.257+0000] {logging_mixin.py:190} INFO - [2026-07-06T20:22:10.257+0000] {dag.py:3239} INFO - Sync 1 DAGs
[2026-07-06T20:22:10.279+0000] {logging_mixin.py:190} INFO - [2026-07-06T20:22:10.279+0000] {dag.py:4180} INFO - Setting next_dagrun for 00_hello_world to None, run_after=None
[2026-07-06T20:22:10.315+0000] {processor.py:208} INFO - Processing /opt/airflow/dags/00_hello_world.py took 0.159 seconds
[2026-07-06T20:22:40.699+0000] {processor.py:186} INFO - Started process (PID=4257) to work on /opt/airflow/dags/00_hello_world.py
[2026-07-06T20:22:40.700+0000] {processor.py:914} INFO - Processing file /opt/airflow/dags/00_hello_world.py for tasks to queue
[2026-07-06T20:22:40.706+0000] {logging_mixin.py:190} INFO - [2026-07-06T20:22:40.706+0000] {dagbag.py:588} INFO - Filling up the DagBag from /opt/airflow/dags/00_hello_world.py
[2026-07-06T20:22:40.720+0000] {processor.py:925} INFO - DAG(s) '00_hello_world' retrieved from /opt/airflow/dags/00_hello_world.py
[2026-07-06T20:22:40.764+0000] {logging_mixin.py:190} INFO - [2026-07-06T20:22:40.764+0000] {dag.py:3239} INFO - Sync 1 DAGs
[2026-07-06T20:22:40.791+0000] {logging_mixin.py:190} INFO - [2026-07-06T20:22:40.791+0000] {dag.py:4180} INFO - Setting next_dagrun for 00_hello_world to None, run_after=None
[2026-07-06T20:22:40.826+0000] {processor.py:208} INFO - Processing /opt/airflow/dags/00_hello_world.py took 0.135 seconds
[2026-07-06T20:23:11.354+0000] {processor.py:186} INFO - Started process (PID=4267) to work on /opt/airflow/dags/00_hello_world.py
[2026-07-06T20:23:11.360+0000] {processor.py:914} INFO - Processing file /opt/airflow/dags/00_hello_world.py for tasks to queue
[2026-07-06T20:23:11.365+0000] {logging_mixin.py:190} INFO - [2026-07-06T20:23:11.365+0000] {dagbag.py:588} INFO - Filling up the DagBag from /opt/airflow/dags/00_hello_world.py
[2026-07-06T20:23:11.394+0000] {processor.py:925} INFO - DAG(s) '00_hello_world' retrieved from /opt/airflow/dags/00_hello_world.py
[2026-07-06T20:23:11.450+0000] {logging_mixin.py:190} INFO - [2026-07-06T20:23:11.450+0000] {dag.py:3239} INFO - Sync 1 DAGs
[2026-07-06T20:23:11.477+0000] {logging_mixin.py:190} INFO - [2026-07-06T20:23:11.477+0000] {dag.py:4180} INFO - Setting next_dagrun for 00_hello_world to None, run_after=None
[2026-07-06T20:23:11.502+0000] {processor.py:208} INFO - Processing /opt/airflow/dags/00_hello_world.py took 0.170 seconds
[2026-07-06T20:23:42.112+0000] {processor.py:186} INFO - Started process (PID=4277) to work on /opt/airflow/dags/00_hello_world.py
[2026-07-06T20:23:42.116+0000] {processor.py:914} INFO - Processing file /opt/airflow/dags/00_hello_world.py for tasks to queue
[2026-07-06T20:23:42.130+0000] {logging_mixin.py:190} INFO - [2026-07-06T20:23:42.129+0000] {dagbag.py:588} INFO - Filling up the DagBag from /opt/airflow/dags/00_hello_world.py
[2026-07-06T20:23:42.165+0000] {processor.py:925} INFO - DAG(s) '00_hello_world' retrieved from /opt/airflow/dags/00_hello_world.py
[2026-07-06T20:23:42.227+0000] {logging_mixin.py:190} INFO - [2026-07-06T20:23:42.227+0000] {dag.py:3239} INFO - Sync 1 DAGs
[2026-07-06T20:23:42.252+0000] {logging_mixin.py:190} INFO - [2026-07-06T20:23:42.251+0000] {dag.py:4180} INFO - Setting next_dagrun for 00_hello_world to None, run_after=None
[2026-07-06T20:23:42.284+0000] {processor.py:208} INFO - Processing /opt/airflow/dags/00_hello_world.py took 0.203 seconds
[2026-07-06T20:24:12.797+0000] {processor.py:186} INFO - Started process (PID=4287) to work on /opt/airflow/dags/00_hello_world.py
[2026-07-06T20:24:12.800+0000] {processor.py:914} INFO - Processing file /opt/airflow/dags/00_hello_world.py for tasks to queue
[2026-07-06T20:24:12.806+0000] {logging_mixin.py:190} INFO - [2026-07-06T20:24:12.806+0000] {dagbag.py:588} INFO - Filling up the DagBag from /opt/airflow/dags/00_hello_world.py
[2026-07-06T20:24:12.831+0000] {processor.py:925} INFO - DAG(s) '00_hello_world' retrieved from /opt/airflow/dags/00_hello_world.py
[2026-07-06T20:24:12.874+0000] {logging_mixin.py:190} INFO - [2026-07-06T20:24:12.874+0000] {dag.py:3239} INFO - Sync 1 DAGs
[2026-07-06T20:24:12.893+0000] {logging_mixin.py:190} INFO - [2026-07-06T20:24:12.893+0000] {dag.py:4180} INFO - Setting next_dagrun for 00_hello_world to None, run_after=None
[2026-07-06T20:24:12.918+0000] {processor.py:208} INFO - Processing /opt/airflow/dags/00_hello_world.py took 0.159 seconds
[2026-07-06T20:24:43.432+0000] {processor.py:186} INFO - Started process (PID=4297) to work on /opt/airflow/dags/00_hello_world.py
[2026-07-06T20:24:43.436+0000] {processor.py:914} INFO - Processing file /opt/airflow/dags/00_hello_world.py for tasks to queue
[2026-07-06T20:24:43.445+0000] {logging_mixin.py:190} INFO - [2026-07-06T20:24:43.444+0000] {dagbag.py:588} INFO - Filling up the DagBag from /opt/airflow/dags/00_hello_world.py
[2026-07-06T20:24:43.471+0000] {processor.py:925} INFO - DAG(s) '00_hello_world' retrieved from /opt/airflow/dags/00_hello_world.py
[2026-07-06T20:24:43.517+0000] {logging_mixin.py:190} INFO - [2026-07-06T20:24:43.517+0000] {dag.py:3239} INFO - Sync 1 DAGs
[2026-07-06T20:24:43.538+0000] {logging_mixin.py:190} INFO - [2026-07-06T20:24:43.538+0000] {dag.py:4180} INFO - Setting next_dagrun for 00_hello_world to None, run_after=None
[2026-07-06T20:24:43.566+0000] {processor.py:208} INFO - Processing /opt/airflow/dags/00_hello_world.py took 0.179 seconds
[2026-07-06T20:25:13.944+0000] {processor.py:186} INFO - Started process (PID=4307) to work on /opt/airflow/dags/00_hello_world.py
[2026-07-06T20:25:13.947+0000] {processor.py:914} INFO - Processing file /opt/airflow/dags/00_hello_world.py for tasks to queue
[2026-07-06T20:25:13.958+0000] {logging_mixin.py:190} INFO - [2026-07-06T20:25:13.956+0000] {dagbag.py:588} INFO - Filling up the DagBag from /opt/airflow/dags/00_hello_world.py
[2026-07-06T20:25:14.005+0000] {processor.py:925} INFO - DAG(s) '00_hello_world' retrieved from /opt/airflow/dags/00_hello_world.py
[2026-07-06T20:25:14.119+0000] {logging_mixin.py:190} INFO - [2026-07-06T20:25:14.118+0000] {dag.py:3239} INFO - Sync 1 DAGs
[2026-07-06T20:25:14.175+0000] {logging_mixin.py:190} INFO - [2026-07-06T20:25:14.174+0000] {dag.py:4180} INFO - Setting next_dagrun for 00_hello_world to None, run_after=None
[2026-07-06T20:25:14.212+0000] {processor.py:208} INFO - Processing /opt/airflow/dags/00_hello_world.py took 0.294 seconds
[2026-07-06T20:25:44.412+0000] {processor.py:186} INFO - Started process (PID=4317) to work on /opt/airflow/dags/00_hello_world.py
[2026-07-06T20:25:44.416+0000] {processor.py:914} INFO - Processing file /opt/airflow/dags/00_hello_world.py for tasks to queue
[2026-07-06T20:25:44.428+0000] {logging_mixin.py:190} INFO - [2026-07-06T20:25:44.427+0000] {dagbag.py:588} INFO - Filling up the DagBag from /opt/airflow/dags/00_hello_world.py
[2026-07-06T20:25:44.478+0000] {processor.py:925} INFO - DAG(s) '00_hello_world' retrieved from /opt/airflow/dags/00_hello_world.py
[2026-07-06T20:25:44.591+0000] {logging_mixin.py:190} INFO - [2026-07-06T20:25:44.591+0000] {dag.py:3239} INFO - Sync 1 DAGs
[2026-07-06T20:25:44.641+0000] {logging_mixin.py:190} INFO - [2026-07-06T20:25:44.641+0000] {dag.py:4180} INFO - Setting next_dagrun for 00_hello_world to None, run_after=None
[2026-07-06T20:25:44.688+0000] {processor.py:208} INFO - Processing /opt/airflow/dags/00_hello_world.py took 0.313 seconds
[2026-07-06T20:26:15.113+0000] {processor.py:186} INFO - Started process (PID=4327) to work on /opt/airflow/dags/00_hello_world.py
[2026-07-06T20:26:15.114+0000] {processor.py:914} INFO - Processing file /opt/airflow/dags/00_hello_world.py for tasks to queue
[2026-07-06T20:26:15.118+0000] {logging_mixin.py:190} INFO - [2026-07-06T20:26:15.117+0000] {dagbag.py:588} INFO - Filling up the DagBag from /opt/airflow/dags/00_hello_world.py
[2026-07-06T20:26:15.134+0000] {processor.py:925} INFO - DAG(s) '00_hello_world' retrieved from /opt/airflow/dags/00_hello_world.py
[2026-07-06T20:26:15.183+0000] {logging_mixin.py:190} INFO - [2026-07-06T20:26:15.183+0000] {dag.py:3239} INFO - Sync 1 DAGs
[2026-07-06T20:26:15.209+0000] {logging_mixin.py:190} INFO - [2026-07-06T20:26:15.208+0000] {dag.py:4180} INFO - Setting next_dagrun for 00_hello_world to None, run_after=None
[2026-07-06T20:26:15.237+0000] {processor.py:208} INFO - Processing /opt/airflow/dags/00_hello_world.py took 0.140 seconds
[2026-07-06T20:26:45.718+0000] {processor.py:186} INFO - Started process (PID=4337) to work on /opt/airflow/dags/00_hello_world.py
[2026-07-06T20:26:45.719+0000] {processor.py:914} INFO - Processing file /opt/airflow/dags/00_hello_world.py for tasks to queue
[2026-07-06T20:26:45.726+0000] {logging_mixin.py:190} INFO - [2026-07-06T20:26:45.725+0000] {dagbag.py:588} INFO - Filling up the DagBag from /opt/airflow/dags/00_hello_world.py
[2026-07-06T20:26:45.744+0000] {processor.py:925} INFO - DAG(s) '00_hello_world' retrieved from /opt/airflow/dags/00_hello_world.py
[2026-07-06T20:26:45.798+0000] {logging_mixin.py:190} INFO - [2026-07-06T20:26:45.797+0000] {dag.py:3239} INFO - Sync 1 DAGs
[2026-07-06T20:26:45.827+0000] {logging_mixin.py:190} INFO - [2026-07-06T20:26:45.827+0000] {dag.py:4180} INFO - Setting next_dagrun for 00_hello_world to None, run_after=None
[2026-07-06T20:26:45.859+0000] {processor.py:208} INFO - Processing /opt/airflow/dags/00_hello_world.py took 0.166 seconds
[2026-07-06T20:27:16.162+0000] {processor.py:186} INFO - Started process (PID=4347) to work on /opt/airflow/dags/00_hello_world.py
[2026-07-06T20:27:16.164+0000] {processor.py:914} INFO - Processing file /opt/airflow/dags/00_hello_world.py for tasks to queue
[2026-07-06T20:27:16.168+0000] {logging_mixin.py:190} INFO - [2026-07-06T20:27:16.167+0000] {dagbag.py:588} INFO - Filling up the DagBag from /opt/airflow/dags/00_hello_world.py
[2026-07-06T20:27:16.192+0000] {processor.py:925} INFO - DAG(s) '00_hello_world' retrieved from /opt/airflow/dags/00_hello_world.py
[2026-07-06T20:27:16.262+0000] {logging_mixin.py:190} INFO - [2026-07-06T20:27:16.262+0000] {dag.py:3239} INFO - Sync 1 DAGs
[2026-07-06T20:27:16.299+0000] {logging_mixin.py:190} INFO - [2026-07-06T20:27:16.299+0000] {dag.py:4180} INFO - Setting next_dagrun for 00_hello_world to None, run_after=None
[2026-07-06T20:27:16.340+0000] {processor.py:208} INFO - Processing /opt/airflow/dags/00_hello_world.py took 0.191 seconds
[2026-07-06T20:27:46.824+0000] {processor.py:186} INFO - Started process (PID=4357) to work on /opt/airflow/dags/00_hello_world.py
[2026-07-06T20:27:46.827+0000] {processor.py:914} INFO - Processing file /opt/airflow/dags/00_hello_world.py for tasks to queue
[2026-07-06T20:27:46.835+0000] {logging_mixin.py:190} INFO - [2026-07-06T20:27:46.834+0000] {dagbag.py:588} INFO - Filling up the DagBag from /opt/airflow/dags/00_hello_world.py
[2026-07-06T20:27:46.869+0000] {processor.py:925} INFO - DAG(s) '00_hello_world' retrieved from /opt/airflow/dags/00_hello_world.py
[2026-07-06T20:27:46.964+0000] {logging_mixin.py:190} INFO - [2026-07-06T20:27:46.963+0000] {dag.py:3239} INFO - Sync 1 DAGs
[2026-07-06T20:27:47.015+0000] {logging_mixin.py:190} INFO - [2026-07-06T20:27:47.015+0000] {dag.py:4180} INFO - Setting next_dagrun for 00_hello_world to None, run_after=None
[2026-07-06T20:27:47.065+0000] {processor.py:208} INFO - Processing /opt/airflow/dags/00_hello_world.py took 0.267 seconds
[2026-07-06T20:28:17.511+0000] {processor.py:186} INFO - Started process (PID=4367) to work on /opt/airflow/dags/00_hello_world.py
[2026-07-06T20:28:17.515+0000] {processor.py:914} INFO - Processing file /opt/airflow/dags/00_hello_world.py for tasks to queue
[2026-07-06T20:28:17.519+0000] {logging_mixin.py:190} INFO - [2026-07-06T20:28:17.519+0000] {dagbag.py:588} INFO - Filling up the DagBag from /opt/airflow/dags/00_hello_world.py
[2026-07-06T20:28:17.537+0000] {processor.py:925} INFO - DAG(s) '00_hello_world' retrieved from /opt/airflow/dags/00_hello_world.py
[2026-07-06T20:28:17.585+0000] {logging_mixin.py:190} INFO - [2026-07-06T20:28:17.584+0000] {dag.py:3239} INFO - Sync 1 DAGs
[2026-07-06T20:28:17.606+0000] {logging_mixin.py:190} INFO - [2026-07-06T20:28:17.606+0000] {dag.py:4180} INFO - Setting next_dagrun for 00_hello_world to None, run_after=None
[2026-07-06T20:28:17.634+0000] {processor.py:208} INFO - Processing /opt/airflow/dags/00_hello_world.py took 0.134 seconds
[2026-07-06T20:28:48.027+0000] {processor.py:186} INFO - Started process (PID=4377) to work on /opt/airflow/dags/00_hello_world.py
[2026-07-06T20:28:48.029+0000] {processor.py:914} INFO - Processing file /opt/airflow/dags/00_hello_world.py for tasks to queue
[2026-07-06T20:28:48.036+0000] {logging_mixin.py:190} INFO - [2026-07-06T20:28:48.035+0000] {dagbag.py:588} INFO - Filling up the DagBag from /opt/airflow/dags/00_hello_world.py
[2026-07-06T20:28:48.053+0000] {processor.py:925} INFO - DAG(s) '00_hello_world' retrieved from /opt/airflow/dags/00_hello_world.py
[2026-07-06T20:28:48.100+0000] {logging_mixin.py:190} INFO - [2026-07-06T20:28:48.099+0000] {dag.py:3239} INFO - Sync 1 DAGs
[2026-07-06T20:28:48.118+0000] {logging_mixin.py:190} INFO - [2026-07-06T20:28:48.118+0000] {dag.py:4180} INFO - Setting next_dagrun for 00_hello_world to None, run_after=None
[2026-07-06T20:28:48.141+0000] {processor.py:208} INFO - Processing /opt/airflow/dags/00_hello_world.py took 0.125 seconds
[2026-07-06T20:29:18.488+0000] {processor.py:186} INFO - Started process (PID=4387) to work on /opt/airflow/dags/00_hello_world.py
[2026-07-06T20:29:18.489+0000] {processor.py:914} INFO - Processing file /opt/airflow/dags/00_hello_world.py for tasks to queue
[2026-07-06T20:29:18.492+0000] {logging_mixin.py:190} INFO - [2026-07-06T20:29:18.492+0000] {dagbag.py:588} INFO - Filling up the DagBag from /opt/airflow/dags/00_hello_world.py
[2026-07-06T20:29:18.509+0000] {processor.py:925} INFO - DAG(s) '00_hello_world' retrieved from /opt/airflow/dags/00_hello_world.py
[2026-07-06T20:29:18.566+0000] {logging_mixin.py:190} INFO - [2026-07-06T20:29:18.565+0000] {dag.py:3239} INFO - Sync 1 DAGs
[2026-07-06T20:29:18.590+0000] {logging_mixin.py:190} INFO - [2026-07-06T20:29:18.590+0000] {dag.py:4180} INFO - Setting next_dagrun for 00_hello_world to None, run_after=None
[2026-07-06T20:29:18.619+0000] {processor.py:208} INFO - Processing /opt/airflow/dags/00_hello_world.py took 0.144 seconds
[2026-07-06T20:29:49.022+0000] {processor.py:186} INFO - Started process (PID=4397) to work on /opt/airflow/dags/00_hello_world.py
[2026-07-06T20:29:49.030+0000] {processor.py:914} INFO - Processing file /opt/airflow/dags/00_hello_world.py for tasks to queue
[2026-07-06T20:29:49.069+0000] {logging_mixin.py:190} INFO - [2026-07-06T20:29:49.068+0000] {dagbag.py:588} INFO - Filling up the DagBag from /opt/airflow/dags/00_hello_world.py
[2026-07-06T20:29:49.121+0000] {processor.py:925} INFO - DAG(s) '00_hello_world' retrieved from /opt/airflow/dags/00_hello_world.py
[2026-07-06T20:29:49.190+0000] {logging_mixin.py:190} INFO - [2026-07-06T20:29:49.190+0000] {dag.py:3239} INFO - Sync 1 DAGs
[2026-07-06T20:29:49.215+0000] {logging_mixin.py:190} INFO - [2026-07-06T20:29:49.214+0000] {dag.py:4180} INFO - Setting next_dagrun for 00_hello_world to None, run_after=None
[2026-07-06T20:29:49.241+0000] {processor.py:208} INFO - Processing /opt/airflow/dags/00_hello_world.py took 0.278 seconds
[2026-07-06T20:30:19.714+0000] {processor.py:186} INFO - Started process (PID=4407) to work on /opt/airflow/dags/00_hello_world.py
[2026-07-06T20:30:19.719+0000] {processor.py:914} INFO - Processing file /opt/airflow/dags/00_hello_world.py for tasks to queue
[2026-07-06T20:30:19.729+0000] {logging_mixin.py:190} INFO - [2026-07-06T20:30:19.728+0000] {dagbag.py:588} INFO - Filling up the DagBag from /opt/airflow/dags/00_hello_world.py
[2026-07-06T20:30:19.760+0000] {processor.py:925} INFO - DAG(s) '00_hello_world' retrieved from /opt/airflow/dags/00_hello_world.py
[2026-07-06T20:30:19.826+0000] {logging_mixin.py:190} INFO - [2026-07-06T20:30:19.826+0000] {dag.py:3239} INFO - Sync 1 DAGs
[2026-07-06T20:30:19.854+0000] {logging_mixin.py:190} INFO - [2026-07-06T20:30:19.853+0000] {dag.py:4180} INFO - Setting next_dagrun for 00_hello_world to None, run_after=None
[2026-07-06T20:30:19.879+0000] {processor.py:208} INFO - Processing /opt/airflow/dags/00_hello_world.py took 0.220 seconds
[2026-07-06T20:30:50.349+0000] {processor.py:186} INFO - Started process (PID=4417) to work on /opt/airflow/dags/00_hello_world.py
[2026-07-06T20:30:50.351+0000] {processor.py:914} INFO - Processing file /opt/airflow/dags/00_hello_world.py for tasks to queue
[2026-07-06T20:30:50.358+0000] {logging_mixin.py:190} INFO - [2026-07-06T20:30:50.358+0000] {dagbag.py:588} INFO - Filling up the DagBag from /opt/airflow/dags/00_hello_world.py
[2026-07-06T20:30:50.382+0000] {processor.py:925} INFO - DAG(s) '00_hello_world' retrieved from /opt/airflow/dags/00_hello_world.py
[2026-07-06T20:30:50.448+0000] {logging_mixin.py:190} INFO - [2026-07-06T20:30:50.448+0000] {dag.py:3239} INFO - Sync 1 DAGs
[2026-07-06T20:30:50.480+0000] {logging_mixin.py:190} INFO - [2026-07-06T20:30:50.479+0000] {dag.py:4180} INFO - Setting next_dagrun for 00_hello_world to None, run_after=None
[2026-07-06T20:30:50.518+0000] {processor.py:208} INFO - Processing /opt/airflow/dags/00_hello_world.py took 0.208 seconds
[2026-07-06T20:31:20.977+0000] {processor.py:186} INFO - Started process (PID=4427) to work on /opt/airflow/dags/00_hello_world.py
[2026-07-06T20:31:20.982+0000] {processor.py:914} INFO - Processing file /opt/airflow/dags/00_hello_world.py for tasks to queue
[2026-07-06T20:31:20.991+0000] {logging_mixin.py:190} INFO - [2026-07-06T20:31:20.989+0000] {dagbag.py:588} INFO - Filling up the DagBag from /opt/airflow/dags/00_hello_world.py
[2026-07-06T20:31:21.012+0000] {processor.py:925} INFO - DAG(s) '00_hello_world' retrieved from /opt/airflow/dags/00_hello_world.py
[2026-07-06T20:31:21.082+0000] {logging_mixin.py:190} INFO - [2026-07-06T20:31:21.082+0000] {dag.py:3239} INFO - Sync 1 DAGs
[2026-07-06T20:31:21.116+0000] {logging_mixin.py:190} INFO - [2026-07-06T20:31:21.116+0000] {dag.py:4180} INFO - Setting next_dagrun for 00_hello_world to None, run_after=None
[2026-07-06T20:31:21.157+0000] {processor.py:208} INFO - Processing /opt/airflow/dags/00_hello_world.py took 0.212 seconds
[2026-07-06T20:31:51.354+0000] {processor.py:186} INFO - Started process (PID=4437) to work on /opt/airflow/dags/00_hello_world.py
[2026-07-06T20:31:51.358+0000] {processor.py:914} INFO - Processing file /opt/airflow/dags/00_hello_world.py for tasks to queue
[2026-07-06T20:31:51.368+0000] {logging_mixin.py:190} INFO - [2026-07-06T20:31:51.367+0000] {dagbag.py:588} INFO - Filling up the DagBag from /opt/airflow/dags/00_hello_world.py
[2026-07-06T20:31:51.396+0000] {processor.py:925} INFO - DAG(s) '00_hello_world' retrieved from /opt/airflow/dags/00_hello_world.py
[2026-07-06T20:31:51.448+0000] {logging_mixin.py:190} INFO - [2026-07-06T20:31:51.448+0000] {dag.py:3239} INFO - Sync 1 DAGs
[2026-07-06T20:31:51.467+0000] {logging_mixin.py:190} INFO - [2026-07-06T20:31:51.467+0000] {dag.py:4180} INFO - Setting next_dagrun for 00_hello_world to None, run_after=None
[2026-07-06T20:31:51.492+0000] {processor.py:208} INFO - Processing /opt/airflow/dags/00_hello_world.py took 0.180 seconds
[2026-07-06T20:32:21.853+0000] {processor.py:186} INFO - Started process (PID=4447) to work on /opt/airflow/dags/00_hello_world.py
[2026-07-06T20:32:21.854+0000] {processor.py:914} INFO - Processing file /opt/airflow/dags/00_hello_world.py for tasks to queue
[2026-07-06T20:32:21.861+0000] {logging_mixin.py:190} INFO - [2026-07-06T20:32:21.860+0000] {dagbag.py:588} INFO - Filling up the DagBag from /opt/airflow/dags/00_hello_world.py
[2026-07-06T20:32:21.883+0000] {processor.py:925} INFO - DAG(s) '00_hello_world' retrieved from /opt/airflow/dags/00_hello_world.py
[2026-07-06T20:32:21.926+0000] {logging_mixin.py:190} INFO - [2026-07-06T20:32:21.926+0000] {dag.py:3239} INFO - Sync 1 DAGs
[2026-07-06T20:32:21.945+0000] {logging_mixin.py:190} INFO - [2026-07-06T20:32:21.945+0000] {dag.py:4180} INFO - Setting next_dagrun for 00_hello_world to None, run_after=None
[2026-07-06T20:32:21.968+0000] {processor.py:208} INFO - Processing /opt/airflow/dags/00_hello_world.py took 0.132 seconds
[2026-07-06T20:32:52.467+0000] {processor.py:186} INFO - Started process (PID=4457) to work on /opt/airflow/dags/00_hello_world.py
[2026-07-06T20:32:52.471+0000] {processor.py:914} INFO - Processing file /opt/airflow/dags/00_hello_world.py for tasks to queue
[2026-07-06T20:32:52.479+0000] {logging_mixin.py:190} INFO - [2026-07-06T20:32:52.478+0000] {dagbag.py:588} INFO - Filling up the DagBag from /opt/airflow/dags/00_hello_world.py
[2026-07-06T20:32:52.504+0000] {processor.py:925} INFO - DAG(s) '00_hello_world' retrieved from /opt/airflow/dags/00_hello_world.py
[2026-07-06T20:32:52.553+0000] {logging_mixin.py:190} INFO - [2026-07-06T20:32:52.553+0000] {dag.py:3239} INFO - Sync 1 DAGs
[2026-07-06T20:32:52.579+0000] {logging_mixin.py:190} INFO - [2026-07-06T20:32:52.578+0000] {dag.py:4180} INFO - Setting next_dagrun for 00_hello_world to None, run_after=None
[2026-07-06T20:32:52.607+0000] {processor.py:208} INFO - Processing /opt/airflow/dags/00_hello_world.py took 0.179 seconds
[2026-07-06T20:33:22.968+0000] {processor.py:186} INFO - Started process (PID=4467) to work on /opt/airflow/dags/00_hello_world.py
[2026-07-06T20:33:22.971+0000] {processor.py:914} INFO - Processing file /opt/airflow/dags/00_hello_world.py for tasks to queue
[2026-07-06T20:33:22.973+0000] {logging_mixin.py:190} INFO - [2026-07-06T20:33:22.973+0000] {dagbag.py:588} INFO - Filling up the DagBag from /opt/airflow/dags/00_hello_world.py
[2026-07-06T20:33:22.991+0000] {processor.py:925} INFO - DAG(s) '00_hello_world' retrieved from /opt/airflow/dags/00_hello_world.py
[2026-07-06T20:33:23.041+0000] {logging_mixin.py:190} INFO - [2026-07-06T20:33:23.040+0000] {dag.py:3239} INFO - Sync 1 DAGs
[2026-07-06T20:33:23.067+0000] {logging_mixin.py:190} INFO - [2026-07-06T20:33:23.066+0000] {dag.py:4180} INFO - Setting next_dagrun for 00_hello_world to None, run_after=None
[2026-07-06T20:33:23.092+0000] {processor.py:208} INFO - Processing /opt/airflow/dags/00_hello_world.py took 0.136 seconds
[2026-07-06T20:33:53.599+0000] {processor.py:186} INFO - Started process (PID=4477) to work on /opt/airflow/dags/00_hello_world.py
[2026-07-06T20:33:53.601+0000] {processor.py:914} INFO - Processing file /opt/airflow/dags/00_hello_world.py for tasks to queue
[2026-07-06T20:33:53.609+0000] {logging_mixin.py:190} INFO - [2026-07-06T20:33:53.608+0000] {dagbag.py:588} INFO - Filling up the DagBag from /opt/airflow/dags/00_hello_world.py
[2026-07-06T20:33:53.624+0000] {processor.py:925} INFO - DAG(s) '00_hello_world' retrieved from /opt/airflow/dags/00_hello_world.py
[2026-07-06T20:33:53.669+0000] {logging_mixin.py:190} INFO - [2026-07-06T20:33:53.669+0000] {dag.py:3239} INFO - Sync 1 DAGs
[2026-07-06T20:33:53.688+0000] {logging_mixin.py:190} INFO - [2026-07-06T20:33:53.688+0000] {dag.py:4180} INFO - Setting next_dagrun for 00_hello_world to None, run_after=None
[2026-07-06T20:33:53.710+0000] {processor.py:208} INFO - Processing /opt/airflow/dags/00_hello_world.py took 0.141 seconds
[2026-07-06T20:34:24.128+0000] {processor.py:186} INFO - Started process (PID=4487) to work on /opt/airflow/dags/00_hello_world.py
[2026-07-06T20:34:24.131+0000] {processor.py:914} INFO - Processing file /opt/airflow/dags/00_hello_world.py for tasks to queue
[2026-07-06T20:34:24.140+0000] {logging_mixin.py:190} INFO - [2026-07-06T20:34:24.139+0000] {dagbag.py:588} INFO - Filling up the DagBag from /opt/airflow/dags/00_hello_world.py
[2026-07-06T20:34:24.171+0000] {processor.py:925} INFO - DAG(s) '00_hello_world' retrieved from /opt/airflow/dags/00_hello_world.py
[2026-07-06T20:34:24.256+0000] {logging_mixin.py:190} INFO - [2026-07-06T20:34:24.256+0000] {dag.py:3239} INFO - Sync 1 DAGs
[2026-07-06T20:34:24.296+0000] {logging_mixin.py:190} INFO - [2026-07-06T20:34:24.295+0000] {dag.py:4180} INFO - Setting next_dagrun for 00_hello_world to None, run_after=None
[2026-07-06T20:34:24.342+0000] {processor.py:208} INFO - Processing /opt/airflow/dags/00_hello_world.py took 0.236 seconds
[2026-07-06T20:34:54.828+0000] {processor.py:186} INFO - Started process (PID=4497) to work on /opt/airflow/dags/00_hello_world.py
[2026-07-06T20:34:54.831+0000] {processor.py:914} INFO - Processing file /opt/airflow/dags/00_hello_world.py for tasks to queue
[2026-07-06T20:34:54.853+0000] {logging_mixin.py:190} INFO - [2026-07-06T20:34:54.851+0000] {dagbag.py:588} INFO - Filling up the DagBag from /opt/airflow/dags/00_hello_world.py
[2026-07-06T20:34:54.881+0000] {processor.py:925} INFO - DAG(s) '00_hello_world' retrieved from /opt/airflow/dags/00_hello_world.py
[2026-07-06T20:34:54.936+0000] {logging_mixin.py:190} INFO - [2026-07-06T20:34:54.935+0000] {dag.py:3239} INFO - Sync 1 DAGs
[2026-07-06T20:34:54.959+0000] {logging_mixin.py:190} INFO - [2026-07-06T20:34:54.959+0000] {dag.py:4180} INFO - Setting next_dagrun for 00_hello_world to None, run_after=None
[2026-07-06T20:34:54.988+0000] {processor.py:208} INFO - Processing /opt/airflow/dags/00_hello_world.py took 0.204 seconds
[2026-07-06T20:35:25.412+0000] {processor.py:186} INFO - Started process (PID=4507) to work on /opt/airflow/dags/00_hello_world.py
[2026-07-06T20:35:25.414+0000] {processor.py:914} INFO - Processing file /opt/airflow/dags/00_hello_world.py for tasks to queue
[2026-07-06T20:35:25.422+0000] {logging_mixin.py:190} INFO - [2026-07-06T20:35:25.420+0000] {dagbag.py:588} INFO - Filling up the DagBag from /opt/airflow/dags/00_hello_world.py
[2026-07-06T20:35:25.445+0000] {processor.py:925} INFO - DAG(s) '00_hello_world' retrieved from /opt/airflow/dags/00_hello_world.py
[2026-07-06T20:35:25.495+0000] {logging_mixin.py:190} INFO - [2026-07-06T20:35:25.495+0000] {dag.py:3239} INFO - Sync 1 DAGs
[2026-07-06T20:35:25.516+0000] {logging_mixin.py:190} INFO - [2026-07-06T20:35:25.516+0000] {dag.py:4180} INFO - Setting next_dagrun for 00_hello_world to None, run_after=None
[2026-07-06T20:35:25.543+0000] {processor.py:208} INFO - Processing /opt/airflow/dags/00_hello_world.py took 0.150 seconds
[2026-07-06T20:35:55.923+0000] {processor.py:186} INFO - Started process (PID=4517) to work on /opt/airflow/dags/00_hello_world.py
[2026-07-06T20:35:55.926+0000] {processor.py:914} INFO - Processing file /opt/airflow/dags/00_hello_world.py for tasks to queue
[2026-07-06T20:35:55.936+0000] {logging_mixin.py:190} INFO - [2026-07-06T20:35:55.934+0000] {dagbag.py:588} INFO - Filling up the DagBag from /opt/airflow/dags/00_hello_world.py
[2026-07-06T20:35:55.983+0000] {processor.py:925} INFO - DAG(s) '00_hello_world' retrieved from /opt/airflow/dags/00_hello_world.py
[2026-07-06T20:35:56.045+0000] {logging_mixin.py:190} INFO - [2026-07-06T20:35:56.045+0000] {dag.py:3239} INFO - Sync 1 DAGs
[2026-07-06T20:35:56.068+0000] {logging_mixin.py:190} INFO - [2026-07-06T20:35:56.068+0000] {dag.py:4180} INFO - Setting next_dagrun for 00_hello_world to None, run_after=None
[2026-07-06T20:35:56.099+0000] {processor.py:208} INFO - Processing /opt/airflow/dags/00_hello_world.py took 0.204 seconds
[2026-07-06T20:36:26.508+0000] {processor.py:186} INFO - Started process (PID=4527) to work on /opt/airflow/dags/00_hello_world.py
[2026-07-06T20:36:26.511+0000] {processor.py:914} INFO - Processing file /opt/airflow/dags/00_hello_world.py for tasks to queue
[2026-07-06T20:36:26.516+0000] {logging_mixin.py:190} INFO - [2026-07-06T20:36:26.515+0000] {dagbag.py:588} INFO - Filling up the DagBag from /opt/airflow/dags/00_hello_world.py
[2026-07-06T20:36:26.545+0000] {processor.py:925} INFO - DAG(s) '00_hello_world' retrieved from /opt/airflow/dags/00_hello_world.py
[2026-07-06T20:36:26.613+0000] {logging_mixin.py:190} INFO - [2026-07-06T20:36:26.612+0000] {dag.py:3239} INFO - Sync 1 DAGs
[2026-07-06T20:36:26.640+0000] {logging_mixin.py:190} INFO - [2026-07-06T20:36:26.640+0000] {dag.py:4180} INFO - Setting next_dagrun for 00_hello_world to None, run_after=None
[2026-07-06T20:36:26.680+0000] {processor.py:208} INFO - Processing /opt/airflow/dags/00_hello_world.py took 0.188 seconds
[2026-07-06T20:36:56.974+0000] {processor.py:186} INFO - Started process (PID=4537) to work on /opt/airflow/dags/00_hello_world.py
[2026-07-06T20:36:56.976+0000] {processor.py:914} INFO - Processing file /opt/airflow/dags/00_hello_world.py for tasks to queue
[2026-07-06T20:36:56.981+0000] {logging_mixin.py:190} INFO - [2026-07-06T20:36:56.981+0000] {dagbag.py:588} INFO - Filling up the DagBag from /opt/airflow/dags/00_hello_world.py
[2026-07-06T20:36:57.000+0000] {processor.py:925} INFO - DAG(s) '00_hello_world' retrieved from /opt/airflow/dags/00_hello_world.py
[2026-07-06T20:36:57.049+0000] {logging_mixin.py:190} INFO - [2026-07-06T20:36:57.049+0000] {dag.py:3239} INFO - Sync 1 DAGs
[2026-07-06T20:36:57.071+0000] {logging_mixin.py:190} INFO - [2026-07-06T20:36:57.070+0000] {dag.py:4180} INFO - Setting next_dagrun for 00_hello_world to None, run_after=None
[2026-07-06T20:36:57.097+0000] {processor.py:208} INFO - Processing /opt/airflow/dags/00_hello_world.py took 0.135 seconds
[2026-07-06T20:37:27.473+0000] {processor.py:186} INFO - Started process (PID=4547) to work on /opt/airflow/dags/00_hello_world.py
[2026-07-06T20:37:27.476+0000] {processor.py:914} INFO - Processing file /opt/airflow/dags/00_hello_world.py for tasks to queue
[2026-07-06T20:37:27.483+0000] {logging_mixin.py:190} INFO - [2026-07-06T20:37:27.482+0000] {dagbag.py:588} INFO - Filling up the DagBag from /opt/airflow/dags/00_hello_world.py
[2026-07-06T20:37:27.504+0000] {processor.py:925} INFO - DAG(s) '00_hello_world' retrieved from /opt/airflow/dags/00_hello_world.py
[2026-07-06T20:37:27.566+0000] {logging_mixin.py:190} INFO - [2026-07-06T20:37:27.566+0000] {dag.py:3239} INFO - Sync 1 DAGs
[2026-07-06T20:37:27.602+0000] {logging_mixin.py:190} INFO - [2026-07-06T20:37:27.601+0000] {dag.py:4180} INFO - Setting next_dagrun for 00_hello_world to None, run_after=None
[2026-07-06T20:37:27.654+0000] {processor.py:208} INFO - Processing /opt/airflow/dags/00_hello_world.py took 0.192 seconds
[2026-07-06T20:37:58.033+0000] {processor.py:186} INFO - Started process (PID=4557) to work on /opt/airflow/dags/00_hello_world.py
[2026-07-06T20:37:58.035+0000] {processor.py:914} INFO - Processing file /opt/airflow/dags/00_hello_world.py for tasks to queue
[2026-07-06T20:37:58.039+0000] {logging_mixin.py:190} INFO - [2026-07-06T20:37:58.039+0000] {dagbag.py:588} INFO - Filling up the DagBag from /opt/airflow/dags/00_hello_world.py
[2026-07-06T20:37:58.060+0000] {processor.py:925} INFO - DAG(s) '00_hello_world' retrieved from /opt/airflow/dags/00_hello_world.py
[2026-07-06T20:37:58.138+0000] {logging_mixin.py:190} INFO - [2026-07-06T20:37:58.137+0000] {dag.py:3239} INFO - Sync 1 DAGs
[2026-07-06T20:37:58.167+0000] {logging_mixin.py:190} INFO - [2026-07-06T20:37:58.167+0000] {dag.py:4180} INFO - Setting next_dagrun for 00_hello_world to None, run_after=None
[2026-07-06T20:37:58.202+0000] {processor.py:208} INFO - Processing /opt/airflow/dags/00_hello_world.py took 0.185 seconds
[2026-07-06T20:40:51.571+0000] {processor.py:186} INFO - Started process (PID=167) to work on /opt/airflow/dags/00_hello_world.py
[2026-07-06T20:40:51.574+0000] {processor.py:914} INFO - Processing file /opt/airflow/dags/00_hello_world.py for tasks to queue
[2026-07-06T20:40:51.581+0000] {logging_mixin.py:190} INFO - [2026-07-06T20:40:51.581+0000] {dagbag.py:588} INFO - Filling up the DagBag from /opt/airflow/dags/00_hello_world.py
[2026-07-06T20:40:51.632+0000] {processor.py:925} INFO - DAG(s) '00_hello_world' retrieved from /opt/airflow/dags/00_hello_world.py
[2026-07-06T20:40:52.691+0000] {logging_mixin.py:190} INFO - [2026-07-06T20:40:52.690+0000] {override.py:1911} INFO - Created Permission View: can edit on DAG:00_hello_world
[2026-07-06T20:40:52.710+0000] {logging_mixin.py:190} INFO - [2026-07-06T20:40:52.709+0000] {override.py:1911} INFO - Created Permission View: can read on DAG:00_hello_world
[2026-07-06T20:40:52.730+0000] {logging_mixin.py:190} INFO - [2026-07-06T20:40:52.725+0000] {override.py:1911} INFO - Created Permission View: can delete on DAG:00_hello_world
[2026-07-06T20:40:52.745+0000] {logging_mixin.py:190} INFO - [2026-07-06T20:40:52.745+0000] {override.py:1911} INFO - Created Permission View: can create on DAG Run:00_hello_world
[2026-07-06T20:40:52.791+0000] {logging_mixin.py:190} INFO - [2026-07-06T20:40:52.791+0000] {override.py:1911} INFO - Created Permission View: menu access on DAG Run:00_hello_world
[2026-07-06T20:40:52.807+0000] {logging_mixin.py:190} INFO - [2026-07-06T20:40:52.805+0000] {override.py:1911} INFO - Created Permission View: can read on DAG Run:00_hello_world
[2026-07-06T20:40:52.827+0000] {logging_mixin.py:190} INFO - [2026-07-06T20:40:52.826+0000] {override.py:1911} INFO - Created Permission View: can delete on DAG Run:00_hello_world
[2026-07-06T20:40:52.829+0000] {logging_mixin.py:190} INFO - [2026-07-06T20:40:52.828+0000] {dag.py:3239} INFO - Sync 1 DAGs
[2026-07-06T20:40:52.862+0000] {logging_mixin.py:190} INFO - [2026-07-06T20:40:52.860+0000] {dag.py:3262} INFO - Creating ORM DAG for 00_hello_world
[2026-07-06T20:40:52.864+0000] {logging_mixin.py:190} INFO - [2026-07-06T20:40:52.863+0000] {dag.py:4180} INFO - Setting next_dagrun for 00_hello_world to None, run_after=None
[2026-07-06T20:40:52.912+0000] {processor.py:208} INFO - Processing /opt/airflow/dags/00_hello_world.py took 1.357 seconds
[2026-07-06T20:41:23.289+0000] {processor.py:186} INFO - Started process (PID=177) to work on /opt/airflow/dags/00_hello_world.py
[2026-07-06T20:41:23.326+0000] {processor.py:914} INFO - Processing file /opt/airflow/dags/00_hello_world.py for tasks to queue
[2026-07-06T20:41:23.337+0000] {logging_mixin.py:190} INFO - [2026-07-06T20:41:23.337+0000] {dagbag.py:588} INFO - Filling up the DagBag from /opt/airflow/dags/00_hello_world.py
[2026-07-06T20:41:23.357+0000] {processor.py:925} INFO - DAG(s) '00_hello_world' retrieved from /opt/airflow/dags/00_hello_world.py
[2026-07-06T20:41:23.421+0000] {logging_mixin.py:190} INFO - [2026-07-06T20:41:23.420+0000] {dag.py:3239} INFO - Sync 1 DAGs
[2026-07-06T20:41:23.464+0000] {logging_mixin.py:190} INFO - [2026-07-06T20:41:23.461+0000] {dag.py:4180} INFO - Setting next_dagrun for 00_hello_world to None, run_after=None
[2026-07-06T20:41:23.535+0000] {processor.py:208} INFO - Processing /opt/airflow/dags/00_hello_world.py took 0.261 seconds
[2026-07-06T20:41:53.876+0000] {processor.py:186} INFO - Started process (PID=186) to work on /opt/airflow/dags/00_hello_world.py
[2026-07-06T20:41:53.877+0000] {processor.py:914} INFO - Processing file /opt/airflow/dags/00_hello_world.py for tasks to queue
[2026-07-06T20:41:53.884+0000] {logging_mixin.py:190} INFO - [2026-07-06T20:41:53.881+0000] {dagbag.py:588} INFO - Filling up the DagBag from /opt/airflow/dags/00_hello_world.py
[2026-07-06T20:41:53.958+0000] {processor.py:925} INFO - DAG(s) '00_hello_world' retrieved from /opt/airflow/dags/00_hello_world.py
[2026-07-06T20:41:54.282+0000] {logging_mixin.py:190} INFO - [2026-07-06T20:41:54.281+0000] {dag.py:3239} INFO - Sync 1 DAGs
[2026-07-06T20:41:54.315+0000] {logging_mixin.py:190} INFO - [2026-07-06T20:41:54.315+0000] {dag.py:4180} INFO - Setting next_dagrun for 00_hello_world to None, run_after=None
[2026-07-06T20:41:54.351+0000] {processor.py:208} INFO - Processing /opt/airflow/dags/00_hello_world.py took 0.485 seconds
[2026-07-06T20:42:24.830+0000] {processor.py:186} INFO - Started process (PID=197) to work on /opt/airflow/dags/00_hello_world.py
[2026-07-06T20:42:24.833+0000] {processor.py:914} INFO - Processing file /opt/airflow/dags/00_hello_world.py for tasks to queue
[2026-07-06T20:42:24.850+0000] {logging_mixin.py:190} INFO - [2026-07-06T20:42:24.845+0000] {dagbag.py:588} INFO - Filling up the DagBag from /opt/airflow/dags/00_hello_world.py
[2026-07-06T20:42:24.907+0000] {processor.py:925} INFO - DAG(s) '00_hello_world' retrieved from /opt/airflow/dags/00_hello_world.py
[2026-07-06T20:42:25.054+0000] {logging_mixin.py:190} INFO - [2026-07-06T20:42:25.054+0000] {dag.py:3239} INFO - Sync 1 DAGs
[2026-07-06T20:42:25.168+0000] {logging_mixin.py:190} INFO - [2026-07-06T20:42:25.168+0000] {dag.py:4180} INFO - Setting next_dagrun for 00_hello_world to None, run_after=None
[2026-07-06T20:42:25.224+0000] {processor.py:208} INFO - Processing /opt/airflow/dags/00_hello_world.py took 0.423 seconds
[2026-07-06T20:42:55.642+0000] {processor.py:186} INFO - Started process (PID=207) to work on /opt/airflow/dags/00_hello_world.py
[2026-07-06T20:42:55.643+0000] {processor.py:914} INFO - Processing file /opt/airflow/dags/00_hello_world.py for tasks to queue
[2026-07-06T20:42:55.655+0000] {logging_mixin.py:190} INFO - [2026-07-06T20:42:55.655+0000] {dagbag.py:588} INFO - Filling up the DagBag from /opt/airflow/dags/00_hello_world.py
[2026-07-06T20:42:55.717+0000] {processor.py:925} INFO - DAG(s) '00_hello_world' retrieved from /opt/airflow/dags/00_hello_world.py
[2026-07-06T20:42:55.789+0000] {logging_mixin.py:190} INFO - [2026-07-06T20:42:55.788+0000] {dag.py:3239} INFO - Sync 1 DAGs
[2026-07-06T20:42:55.811+0000] {logging_mixin.py:190} INFO - [2026-07-06T20:42:55.811+0000] {dag.py:4180} INFO - Setting next_dagrun for 00_hello_world to None, run_after=None
[2026-07-06T20:42:55.874+0000] {processor.py:208} INFO - Processing /opt/airflow/dags/00_hello_world.py took 0.255 seconds
[2026-07-06T20:43:26.264+0000] {processor.py:186} INFO - Started process (PID=219) to work on /opt/airflow/dags/00_hello_world.py
[2026-07-06T20:43:26.265+0000] {processor.py:914} INFO - Processing file /opt/airflow/dags/00_hello_world.py for tasks to queue
[2026-07-06T20:43:26.268+0000] {logging_mixin.py:190} INFO - [2026-07-06T20:43:26.267+0000] {dagbag.py:588} INFO - Filling up the DagBag from /opt/airflow/dags/00_hello_world.py
[2026-07-06T20:43:26.278+0000] {processor.py:925} INFO - DAG(s) '00_hello_world' retrieved from /opt/airflow/dags/00_hello_world.py
[2026-07-06T20:43:26.312+0000] {logging_mixin.py:190} INFO - [2026-07-06T20:43:26.312+0000] {dag.py:3239} INFO - Sync 1 DAGs
[2026-07-06T20:43:26.327+0000] {logging_mixin.py:190} INFO - [2026-07-06T20:43:26.327+0000] {dag.py:4180} INFO - Setting next_dagrun for 00_hello_world to None, run_after=None
[2026-07-06T20:43:26.347+0000] {processor.py:208} INFO - Processing /opt/airflow/dags/00_hello_world.py took 0.091 seconds
[2026-07-06T20:43:56.654+0000] {processor.py:186} INFO - Started process (PID=227) to work on /opt/airflow/dags/00_hello_world.py
[2026-07-06T20:43:56.655+0000] {processor.py:914} INFO - Processing file /opt/airflow/dags/00_hello_world.py for tasks to queue
[2026-07-06T20:43:56.659+0000] {logging_mixin.py:190} INFO - [2026-07-06T20:43:56.658+0000] {dagbag.py:588} INFO - Filling up the DagBag from /opt/airflow/dags/00_hello_world.py
[2026-07-06T20:43:56.675+0000] {processor.py:925} INFO - DAG(s) '00_hello_world' retrieved from /opt/airflow/dags/00_hello_world.py
[2026-07-06T20:43:56.737+0000] {logging_mixin.py:190} INFO - [2026-07-06T20:43:56.736+0000] {dag.py:3239} INFO - Sync 1 DAGs
[2026-07-06T20:43:56.758+0000] {logging_mixin.py:190} INFO - [2026-07-06T20:43:56.758+0000] {dag.py:4180} INFO - Setting next_dagrun for 00_hello_world to None, run_after=None
[2026-07-06T20:43:56.782+0000] {processor.py:208} INFO - Processing /opt/airflow/dags/00_hello_world.py took 0.142 seconds
[2026-07-06T20:44:27.217+0000] {processor.py:186} INFO - Started process (PID=237) to work on /opt/airflow/dags/00_hello_world.py
[2026-07-06T20:44:27.218+0000] {processor.py:914} INFO - Processing file /opt/airflow/dags/00_hello_world.py for tasks to queue
[2026-07-06T20:44:27.221+0000] {logging_mixin.py:190} INFO - [2026-07-06T20:44:27.220+0000] {dagbag.py:588} INFO - Filling up the DagBag from /opt/airflow/dags/00_hello_world.py
[2026-07-06T20:44:27.235+0000] {processor.py:925} INFO - DAG(s) '00_hello_world' retrieved from /opt/airflow/dags/00_hello_world.py
[2026-07-06T20:44:27.293+0000] {logging_mixin.py:190} INFO - [2026-07-06T20:44:27.293+0000] {dag.py:3239} INFO - Sync 1 DAGs
[2026-07-06T20:44:27.382+0000] {logging_mixin.py:190} INFO - [2026-07-06T20:44:27.382+0000] {dag.py:4180} INFO - Setting next_dagrun for 00_hello_world to None, run_after=None
[2026-07-06T20:44:27.452+0000] {processor.py:208} INFO - Processing /opt/airflow/dags/00_hello_world.py took 0.245 seconds
[2026-07-06T20:44:57.617+0000] {processor.py:186} INFO - Started process (PID=247) to work on /opt/airflow/dags/00_hello_world.py
[2026-07-06T20:44:57.619+0000] {processor.py:914} INFO - Processing file /opt/airflow/dags/00_hello_world.py for tasks to queue
[2026-07-06T20:44:57.624+0000] {logging_mixin.py:190} INFO - [2026-07-06T20:44:57.624+0000] {dagbag.py:588} INFO - Filling up the DagBag from /opt/airflow/dags/00_hello_world.py
[2026-07-06T20:44:57.702+0000] {processor.py:925} INFO - DAG(s) '00_hello_world' retrieved from /opt/airflow/dags/00_hello_world.py
[2026-07-06T20:44:57.809+0000] {logging_mixin.py:190} INFO - [2026-07-06T20:44:57.808+0000] {dag.py:3239} INFO - Sync 1 DAGs
[2026-07-06T20:44:57.859+0000] {logging_mixin.py:190} INFO - [2026-07-06T20:44:57.858+0000] {dag.py:4180} INFO - Setting next_dagrun for 00_hello_world to None, run_after=None
[2026-07-06T20:44:57.920+0000] {processor.py:208} INFO - Processing /opt/airflow/dags/00_hello_world.py took 0.312 seconds
[2026-07-06T20:45:28.251+0000] {processor.py:186} INFO - Started process (PID=257) to work on /opt/airflow/dags/00_hello_world.py
[2026-07-06T20:45:28.253+0000] {processor.py:914} INFO - Processing file /opt/airflow/dags/00_hello_world.py for tasks to queue
[2026-07-06T20:45:28.255+0000] {logging_mixin.py:190} INFO - [2026-07-06T20:45:28.254+0000] {dagbag.py:588} INFO - Filling up the DagBag from /opt/airflow/dags/00_hello_world.py
[2026-07-06T20:45:28.265+0000] {processor.py:925} INFO - DAG(s) '00_hello_world' retrieved from /opt/airflow/dags/00_hello_world.py
[2026-07-06T20:45:28.299+0000] {logging_mixin.py:190} INFO - [2026-07-06T20:45:28.299+0000] {dag.py:3239} INFO - Sync 1 DAGs
[2026-07-06T20:45:28.315+0000] {logging_mixin.py:190} INFO - [2026-07-06T20:45:28.315+0000] {dag.py:4180} INFO - Setting next_dagrun for 00_hello_world to None, run_after=None
[2026-07-06T20:45:28.337+0000] {processor.py:208} INFO - Processing /opt/airflow/dags/00_hello_world.py took 0.092 seconds
[2026-07-06T20:45:58.738+0000] {processor.py:186} INFO - Started process (PID=267) to work on /opt/airflow/dags/00_hello_world.py
[2026-07-06T20:45:58.739+0000] {processor.py:914} INFO - Processing file /opt/airflow/dags/00_hello_world.py for tasks to queue
[2026-07-06T20:45:58.742+0000] {logging_mixin.py:190} INFO - [2026-07-06T20:45:58.741+0000] {dagbag.py:588} INFO - Filling up the DagBag from /opt/airflow/dags/00_hello_world.py
[2026-07-06T20:45:58.755+0000] {processor.py:925} INFO - DAG(s) '00_hello_world' retrieved from /opt/airflow/dags/00_hello_world.py
[2026-07-06T20:45:58.788+0000] {logging_mixin.py:190} INFO - [2026-07-06T20:45:58.788+0000] {dag.py:3239} INFO - Sync 1 DAGs
[2026-07-06T20:45:58.804+0000] {logging_mixin.py:190} INFO - [2026-07-06T20:45:58.803+0000] {dag.py:4180} INFO - Setting next_dagrun for 00_hello_world to None, run_after=None
[2026-07-06T20:45:58.823+0000] {processor.py:208} INFO - Processing /opt/airflow/dags/00_hello_world.py took 0.093 seconds
[2026-07-06T20:46:29.194+0000] {processor.py:186} INFO - Started process (PID=277) to work on /opt/airflow/dags/00_hello_world.py
[2026-07-06T20:46:29.195+0000] {processor.py:914} INFO - Processing file /opt/airflow/dags/00_hello_world.py for tasks to queue
[2026-07-06T20:46:29.199+0000] {logging_mixin.py:190} INFO - [2026-07-06T20:46:29.199+0000] {dagbag.py:588} INFO - Filling up the DagBag from /opt/airflow/dags/00_hello_world.py
[2026-07-06T20:46:29.214+0000] {processor.py:925} INFO - DAG(s) '00_hello_world' retrieved from /opt/airflow/dags/00_hello_world.py
[2026-07-06T20:46:29.261+0000] {logging_mixin.py:190} INFO - [2026-07-06T20:46:29.261+0000] {dag.py:3239} INFO - Sync 1 DAGs
[2026-07-06T20:46:29.297+0000] {logging_mixin.py:190} INFO - [2026-07-06T20:46:29.297+0000] {dag.py:4180} INFO - Setting next_dagrun for 00_hello_world to None, run_after=None
[2026-07-06T20:46:29.320+0000] {processor.py:208} INFO - Processing /opt/airflow/dags/00_hello_world.py took 0.141 seconds
[2026-07-06T20:46:59.615+0000] {processor.py:186} INFO - Started process (PID=287) to work on /opt/airflow/dags/00_hello_world.py
[2026-07-06T20:46:59.616+0000] {processor.py:914} INFO - Processing file /opt/airflow/dags/00_hello_world.py for tasks to queue
[2026-07-06T20:46:59.618+0000] {logging_mixin.py:190} INFO - [2026-07-06T20:46:59.617+0000] {dagbag.py:588} INFO - Filling up the DagBag from /opt/airflow/dags/00_hello_world.py
[2026-07-06T20:46:59.626+0000] {processor.py:925} INFO - DAG(s) '00_hello_world' retrieved from /opt/airflow/dags/00_hello_world.py
[2026-07-06T20:46:59.671+0000] {logging_mixin.py:190} INFO - [2026-07-06T20:46:59.670+0000] {dag.py:3239} INFO - Sync 1 DAGs
[2026-07-06T20:46:59.694+0000] {logging_mixin.py:190} INFO - [2026-07-06T20:46:59.693+0000] {dag.py:4180} INFO - Setting next_dagrun for 00_hello_world to None, run_after=None
[2026-07-06T20:46:59.723+0000] {processor.py:208} INFO - Processing /opt/airflow/dags/00_hello_world.py took 0.114 seconds
[2026-07-06T20:47:30.228+0000] {processor.py:186} INFO - Started process (PID=297) to work on /opt/airflow/dags/00_hello_world.py
[2026-07-06T20:47:30.234+0000] {processor.py:914} INFO - Processing file /opt/airflow/dags/00_hello_world.py for tasks to queue
[2026-07-06T20:47:30.255+0000] {logging_mixin.py:190} INFO - [2026-07-06T20:47:30.253+0000] {dagbag.py:588} INFO - Filling up the DagBag from /opt/airflow/dags/00_hello_world.py
[2026-07-06T20:47:30.287+0000] {processor.py:925} INFO - DAG(s) '00_hello_world' retrieved from /opt/airflow/dags/00_hello_world.py
[2026-07-06T20:47:30.335+0000] {logging_mixin.py:190} INFO - [2026-07-06T20:47:30.335+0000] {dag.py:3239} INFO - Sync 1 DAGs
[2026-07-06T20:47:30.352+0000] {logging_mixin.py:190} INFO - [2026-07-06T20:47:30.351+0000] {dag.py:4180} INFO - Setting next_dagrun for 00_hello_world to None, run_after=None
[2026-07-06T20:47:30.371+0000] {processor.py:208} INFO - Processing /opt/airflow/dags/00_hello_world.py took 0.177 seconds
[2026-07-06T20:48:00.717+0000] {processor.py:186} INFO - Started process (PID=305) to work on /opt/airflow/dags/00_hello_world.py
[2026-07-06T20:48:00.721+0000] {processor.py:914} INFO - Processing file /opt/airflow/dags/00_hello_world.py for tasks to queue
[2026-07-06T20:48:00.760+0000] {logging_mixin.py:190} INFO - [2026-07-06T20:48:00.753+0000] {dagbag.py:588} INFO - Filling up the DagBag from /opt/airflow/dags/00_hello_world.py
[2026-07-06T20:48:00.865+0000] {processor.py:925} INFO - DAG(s) '00_hello_world' retrieved from /opt/airflow/dags/00_hello_world.py
[2026-07-06T20:48:01.007+0000] {logging_mixin.py:190} INFO - [2026-07-06T20:48:01.006+0000] {dag.py:3239} INFO - Sync 1 DAGs
[2026-07-06T20:48:01.062+0000] {logging_mixin.py:190} INFO - [2026-07-06T20:48:01.062+0000] {dag.py:4180} INFO - Setting next_dagrun for 00_hello_world to None, run_after=None
[2026-07-06T20:48:01.105+0000] {processor.py:208} INFO - Processing /opt/airflow/dags/00_hello_world.py took 0.468 seconds
[2026-07-06T20:48:31.546+0000] {processor.py:186} INFO - Started process (PID=317) to work on /opt/airflow/dags/00_hello_world.py
[2026-07-06T20:48:31.547+0000] {processor.py:914} INFO - Processing file /opt/airflow/dags/00_hello_world.py for tasks to queue
[2026-07-06T20:48:31.550+0000] {logging_mixin.py:190} INFO - [2026-07-06T20:48:31.550+0000] {dagbag.py:588} INFO - Filling up the DagBag from /opt/airflow/dags/00_hello_world.py
[2026-07-06T20:48:31.564+0000] {processor.py:925} INFO - DAG(s) '00_hello_world' retrieved from /opt/airflow/dags/00_hello_world.py
[2026-07-06T20:48:31.601+0000] {logging_mixin.py:190} INFO - [2026-07-06T20:48:31.600+0000] {dag.py:3239} INFO - Sync 1 DAGs
[2026-07-06T20:48:31.618+0000] {logging_mixin.py:190} INFO - [2026-07-06T20:48:31.618+0000] {dag.py:4180} INFO - Setting next_dagrun for 00_hello_world to None, run_after=None
[2026-07-06T20:48:31.638+0000] {processor.py:208} INFO - Processing /opt/airflow/dags/00_hello_world.py took 0.102 seconds
[2026-07-06T20:49:02.032+0000] {processor.py:186} INFO - Started process (PID=327) to work on /opt/airflow/dags/00_hello_world.py
[2026-07-06T20:49:02.038+0000] {processor.py:914} INFO - Processing file /opt/airflow/dags/00_hello_world.py for tasks to queue
[2026-07-06T20:49:02.056+0000] {logging_mixin.py:190} INFO - [2026-07-06T20:49:02.054+0000] {dagbag.py:588} INFO - Filling up the DagBag from /opt/airflow/dags/00_hello_world.py
[2026-07-06T20:49:02.087+0000] {processor.py:925} INFO - DAG(s) '00_hello_world' retrieved from /opt/airflow/dags/00_hello_world.py
[2026-07-06T20:49:02.130+0000] {logging_mixin.py:190} INFO - [2026-07-06T20:49:02.130+0000] {dag.py:3239} INFO - Sync 1 DAGs
[2026-07-06T20:49:02.150+0000] {logging_mixin.py:190} INFO - [2026-07-06T20:49:02.149+0000] {dag.py:4180} INFO - Setting next_dagrun for 00_hello_world to None, run_after=None
[2026-07-06T20:49:02.174+0000] {processor.py:208} INFO - Processing /opt/airflow/dags/00_hello_world.py took 0.185 seconds
[2026-07-06T20:49:32.459+0000] {processor.py:186} INFO - Started process (PID=335) to work on /opt/airflow/dags/00_hello_world.py
[2026-07-06T20:49:32.462+0000] {processor.py:914} INFO - Processing file /opt/airflow/dags/00_hello_world.py for tasks to queue
[2026-07-06T20:49:32.478+0000] {logging_mixin.py:190} INFO - [2026-07-06T20:49:32.474+0000] {dagbag.py:588} INFO - Filling up the DagBag from /opt/airflow/dags/00_hello_world.py
[2026-07-06T20:49:32.574+0000] {processor.py:925} INFO - DAG(s) '00_hello_world' retrieved from /opt/airflow/dags/00_hello_world.py
[2026-07-06T20:49:32.718+0000] {logging_mixin.py:190} INFO - [2026-07-06T20:49:32.717+0000] {dag.py:3239} INFO - Sync 1 DAGs
[2026-07-06T20:49:32.767+0000] {logging_mixin.py:190} INFO - [2026-07-06T20:49:32.767+0000] {dag.py:4180} INFO - Setting next_dagrun for 00_hello_world to None, run_after=None
[2026-07-06T20:49:32.807+0000] {processor.py:208} INFO - Processing /opt/airflow/dags/00_hello_world.py took 0.380 seconds
[2026-07-06T20:50:02.925+0000] {processor.py:186} INFO - Started process (PID=347) to work on /opt/airflow/dags/00_hello_world.py
[2026-07-06T20:50:02.926+0000] {processor.py:914} INFO - Processing file /opt/airflow/dags/00_hello_world.py for tasks to queue
[2026-07-06T20:50:02.929+0000] {logging_mixin.py:190} INFO - [2026-07-06T20:50:02.928+0000] {dagbag.py:588} INFO - Filling up the DagBag from /opt/airflow/dags/00_hello_world.py
[2026-07-06T20:50:02.948+0000] {processor.py:925} INFO - DAG(s) '00_hello_world' retrieved from /opt/airflow/dags/00_hello_world.py
[2026-07-06T20:50:02.993+0000] {logging_mixin.py:190} INFO - [2026-07-06T20:50:02.992+0000] {dag.py:3239} INFO - Sync 1 DAGs
[2026-07-06T20:50:03.020+0000] {logging_mixin.py:190} INFO - [2026-07-06T20:50:03.019+0000] {dag.py:4180} INFO - Setting next_dagrun for 00_hello_world to None, run_after=None
[2026-07-06T20:50:03.051+0000] {processor.py:208} INFO - Processing /opt/airflow/dags/00_hello_world.py took 0.138 seconds
[2026-07-06T20:50:33.283+0000] {processor.py:186} INFO - Started process (PID=357) to work on /opt/airflow/dags/00_hello_world.py
[2026-07-06T20:50:33.285+0000] {processor.py:914} INFO - Processing file /opt/airflow/dags/00_hello_world.py for tasks to queue
[2026-07-06T20:50:33.287+0000] {logging_mixin.py:190} INFO - [2026-07-06T20:50:33.287+0000] {dagbag.py:588} INFO - Filling up the DagBag from /opt/airflow/dags/00_hello_world.py
[2026-07-06T20:50:33.300+0000] {processor.py:925} INFO - DAG(s) '00_hello_world' retrieved from /opt/airflow/dags/00_hello_world.py
[2026-07-06T20:50:33.343+0000] {logging_mixin.py:190} INFO - [2026-07-06T20:50:33.343+0000] {dag.py:3239} INFO - Sync 1 DAGs
[2026-07-06T20:50:33.364+0000] {logging_mixin.py:190} INFO - [2026-07-06T20:50:33.364+0000] {dag.py:4180} INFO - Setting next_dagrun for 00_hello_world to None, run_after=None
[2026-07-06T20:50:33.393+0000] {processor.py:208} INFO - Processing /opt/airflow/dags/00_hello_world.py took 0.119 seconds
[2026-07-06T20:51:03.746+0000] {processor.py:186} INFO - Started process (PID=367) to work on /opt/airflow/dags/00_hello_world.py
[2026-07-06T20:51:03.747+0000] {processor.py:914} INFO - Processing file /opt/airflow/dags/00_hello_world.py for tasks to queue
[2026-07-06T20:51:03.752+0000] {logging_mixin.py:190} INFO - [2026-07-06T20:51:03.751+0000] {dagbag.py:588} INFO - Filling up the DagBag from /opt/airflow/dags/00_hello_world.py
[2026-07-06T20:51:03.767+0000] {processor.py:925} INFO - DAG(s) '00_hello_world' retrieved from /opt/airflow/dags/00_hello_world.py
[2026-07-06T20:51:03.807+0000] {logging_mixin.py:190} INFO - [2026-07-06T20:51:03.807+0000] {dag.py:3239} INFO - Sync 1 DAGs
[2026-07-06T20:51:03.826+0000] {logging_mixin.py:190} INFO - [2026-07-06T20:51:03.826+0000] {dag.py:4180} INFO - Setting next_dagrun for 00_hello_world to None, run_after=None
[2026-07-06T20:51:03.846+0000] {processor.py:208} INFO - Processing /opt/airflow/dags/00_hello_world.py took 0.118 seconds
[2026-07-06T20:51:34.278+0000] {processor.py:186} INFO - Started process (PID=376) to work on /opt/airflow/dags/00_hello_world.py
[2026-07-06T20:51:34.282+0000] {processor.py:914} INFO - Processing file /opt/airflow/dags/00_hello_world.py for tasks to queue
[2026-07-06T20:51:34.308+0000] {logging_mixin.py:190} INFO - [2026-07-06T20:51:34.307+0000] {dagbag.py:588} INFO - Filling up the DagBag from /opt/airflow/dags/00_hello_world.py
[2026-07-06T20:51:34.371+0000] {processor.py:925} INFO - DAG(s) '00_hello_world' retrieved from /opt/airflow/dags/00_hello_world.py
[2026-07-06T20:51:34.479+0000] {logging_mixin.py:190} INFO - [2026-07-06T20:51:34.478+0000] {dag.py:3239} INFO - Sync 1 DAGs
[2026-07-06T20:51:34.549+0000] {logging_mixin.py:190} INFO - [2026-07-06T20:51:34.548+0000] {dag.py:4180} INFO - Setting next_dagrun for 00_hello_world to None, run_after=None
[2026-07-06T20:51:34.616+0000] {processor.py:208} INFO - Processing /opt/airflow/dags/00_hello_world.py took 0.356 seconds
[2026-07-06T20:52:05.117+0000] {processor.py:186} INFO - Started process (PID=387) to work on /opt/airflow/dags/00_hello_world.py
[2026-07-06T20:52:05.121+0000] {processor.py:914} INFO - Processing file /opt/airflow/dags/00_hello_world.py for tasks to queue
[2026-07-06T20:52:05.137+0000] {logging_mixin.py:190} INFO - [2026-07-06T20:52:05.135+0000] {dagbag.py:588} INFO - Filling up the DagBag from /opt/airflow/dags/00_hello_world.py
[2026-07-06T20:52:05.194+0000] {processor.py:925} INFO - DAG(s) '00_hello_world' retrieved from /opt/airflow/dags/00_hello_world.py
[2026-07-06T20:52:05.244+0000] {logging_mixin.py:190} INFO - [2026-07-06T20:52:05.244+0000] {dag.py:3239} INFO - Sync 1 DAGs
[2026-07-06T20:52:05.262+0000] {logging_mixin.py:190} INFO - [2026-07-06T20:52:05.262+0000] {dag.py:4180} INFO - Setting next_dagrun for 00_hello_world to None, run_after=None
[2026-07-06T20:52:05.283+0000] {processor.py:208} INFO - Processing /opt/airflow/dags/00_hello_world.py took 0.205 seconds
[2026-07-06T20:52:35.413+0000] {processor.py:186} INFO - Started process (PID=397) to work on /opt/airflow/dags/00_hello_world.py
[2026-07-06T20:52:35.423+0000] {processor.py:914} INFO - Processing file /opt/airflow/dags/00_hello_world.py for tasks to queue
[2026-07-06T20:52:35.439+0000] {logging_mixin.py:190} INFO - [2026-07-06T20:52:35.436+0000] {dagbag.py:588} INFO - Filling up the DagBag from /opt/airflow/dags/00_hello_world.py
[2026-07-06T20:52:35.501+0000] {processor.py:925} INFO - DAG(s) '00_hello_world' retrieved from /opt/airflow/dags/00_hello_world.py
[2026-07-06T20:52:35.659+0000] {logging_mixin.py:190} INFO - [2026-07-06T20:52:35.658+0000] {dag.py:3239} INFO - Sync 1 DAGs
[2026-07-06T20:52:35.739+0000] {logging_mixin.py:190} INFO - [2026-07-06T20:52:35.738+0000] {dag.py:4180} INFO - Setting next_dagrun for 00_hello_world to None, run_after=None
[2026-07-06T20:52:35.826+0000] {processor.py:208} INFO - Processing /opt/airflow/dags/00_hello_world.py took 0.454 seconds
[2026-07-06T20:53:06.075+0000] {processor.py:186} INFO - Started process (PID=407) to work on /opt/airflow/dags/00_hello_world.py
[2026-07-06T20:53:06.078+0000] {processor.py:914} INFO - Processing file /opt/airflow/dags/00_hello_world.py for tasks to queue
[2026-07-06T20:53:06.085+0000] {logging_mixin.py:190} INFO - [2026-07-06T20:53:06.084+0000] {dagbag.py:588} INFO - Filling up the DagBag from /opt/airflow/dags/00_hello_world.py
[2026-07-06T20:53:06.111+0000] {processor.py:925} INFO - DAG(s) '00_hello_world' retrieved from /opt/airflow/dags/00_hello_world.py
[2026-07-06T20:53:06.173+0000] {logging_mixin.py:190} INFO - [2026-07-06T20:53:06.173+0000] {dag.py:3239} INFO - Sync 1 DAGs
[2026-07-06T20:53:06.197+0000] {logging_mixin.py:190} INFO - [2026-07-06T20:53:06.197+0000] {dag.py:4180} INFO - Setting next_dagrun for 00_hello_world to None, run_after=None
[2026-07-06T20:53:06.226+0000] {processor.py:208} INFO - Processing /opt/airflow/dags/00_hello_world.py took 0.189 seconds
[2026-07-06T20:53:36.725+0000] {processor.py:186} INFO - Started process (PID=417) to work on /opt/airflow/dags/00_hello_world.py
[2026-07-06T20:53:36.729+0000] {processor.py:914} INFO - Processing file /opt/airflow/dags/00_hello_world.py for tasks to queue
[2026-07-06T20:53:36.736+0000] {logging_mixin.py:190} INFO - [2026-07-06T20:53:36.735+0000] {dagbag.py:588} INFO - Filling up the DagBag from /opt/airflow/dags/00_hello_world.py
[2026-07-06T20:53:36.761+0000] {processor.py:925} INFO - DAG(s) '00_hello_world' retrieved from /opt/airflow/dags/00_hello_world.py
[2026-07-06T20:53:36.804+0000] {logging_mixin.py:190} INFO - [2026-07-06T20:53:36.804+0000] {dag.py:3239} INFO - Sync 1 DAGs
[2026-07-06T20:53:36.828+0000] {logging_mixin.py:190} INFO - [2026-07-06T20:53:36.827+0000] {dag.py:4180} INFO - Setting next_dagrun for 00_hello_world to None, run_after=None
[2026-07-06T20:53:36.849+0000] {processor.py:208} INFO - Processing /opt/airflow/dags/00_hello_world.py took 0.163 seconds
[2026-07-06T20:54:07.367+0000] {processor.py:186} INFO - Started process (PID=427) to work on /opt/airflow/dags/00_hello_world.py
[2026-07-06T20:54:07.368+0000] {processor.py:914} INFO - Processing file /opt/airflow/dags/00_hello_world.py for tasks to queue
[2026-07-06T20:54:07.372+0000] {logging_mixin.py:190} INFO - [2026-07-06T20:54:07.372+0000] {dagbag.py:588} INFO - Filling up the DagBag from /opt/airflow/dags/00_hello_world.py
[2026-07-06T20:54:07.386+0000] {processor.py:925} INFO - DAG(s) '00_hello_world' retrieved from /opt/airflow/dags/00_hello_world.py
[2026-07-06T20:54:07.426+0000] {logging_mixin.py:190} INFO - [2026-07-06T20:54:07.426+0000] {dag.py:3239} INFO - Sync 1 DAGs
[2026-07-06T20:54:07.444+0000] {logging_mixin.py:190} INFO - [2026-07-06T20:54:07.444+0000] {dag.py:4180} INFO - Setting next_dagrun for 00_hello_world to None, run_after=None
[2026-07-06T20:54:07.466+0000] {processor.py:208} INFO - Processing /opt/airflow/dags/00_hello_world.py took 0.113 seconds
[2026-07-06T20:54:37.979+0000] {processor.py:186} INFO - Started process (PID=437) to work on /opt/airflow/dags/00_hello_world.py
[2026-07-06T20:54:37.981+0000] {processor.py:914} INFO - Processing file /opt/airflow/dags/00_hello_world.py for tasks to queue
[2026-07-06T20:54:37.989+0000] {logging_mixin.py:190} INFO - [2026-07-06T20:54:37.988+0000] {dagbag.py:588} INFO - Filling up the DagBag from /opt/airflow/dags/00_hello_world.py
[2026-07-06T20:54:38.025+0000] {processor.py:925} INFO - DAG(s) '00_hello_world' retrieved from /opt/airflow/dags/00_hello_world.py
[2026-07-06T20:54:38.115+0000] {logging_mixin.py:190} INFO - [2026-07-06T20:54:38.115+0000] {dag.py:3239} INFO - Sync 1 DAGs
[2026-07-06T20:54:38.145+0000] {logging_mixin.py:190} INFO - [2026-07-06T20:54:38.144+0000] {dag.py:4180} INFO - Setting next_dagrun for 00_hello_world to None, run_after=None
[2026-07-06T20:54:38.177+0000] {processor.py:208} INFO - Processing /opt/airflow/dags/00_hello_world.py took 0.218 seconds
[2026-07-06T20:55:08.487+0000] {processor.py:186} INFO - Started process (PID=447) to work on /opt/airflow/dags/00_hello_world.py
[2026-07-06T20:55:08.491+0000] {processor.py:914} INFO - Processing file /opt/airflow/dags/00_hello_world.py for tasks to queue
[2026-07-06T20:55:08.504+0000] {logging_mixin.py:190} INFO - [2026-07-06T20:55:08.502+0000] {dagbag.py:588} INFO - Filling up the DagBag from /opt/airflow/dags/00_hello_world.py
[2026-07-06T20:55:08.557+0000] {processor.py:925} INFO - DAG(s) '00_hello_world' retrieved from /opt/airflow/dags/00_hello_world.py
[2026-07-06T20:55:08.613+0000] {logging_mixin.py:190} INFO - [2026-07-06T20:55:08.613+0000] {dag.py:3239} INFO - Sync 1 DAGs
[2026-07-06T20:55:08.637+0000] {logging_mixin.py:190} INFO - [2026-07-06T20:55:08.637+0000] {dag.py:4180} INFO - Setting next_dagrun for 00_hello_world to None, run_after=None
[2026-07-06T20:55:08.668+0000] {processor.py:208} INFO - Processing /opt/airflow/dags/00_hello_world.py took 0.214 seconds
[2026-07-06T20:55:39.178+0000] {processor.py:186} INFO - Started process (PID=457) to work on /opt/airflow/dags/00_hello_world.py
[2026-07-06T20:55:39.184+0000] {processor.py:914} INFO - Processing file /opt/airflow/dags/00_hello_world.py for tasks to queue
[2026-07-06T20:55:39.197+0000] {logging_mixin.py:190} INFO - [2026-07-06T20:55:39.196+0000] {dagbag.py:588} INFO - Filling up the DagBag from /opt/airflow/dags/00_hello_world.py
[2026-07-06T20:55:39.225+0000] {processor.py:925} INFO - DAG(s) '00_hello_world' retrieved from /opt/airflow/dags/00_hello_world.py
[2026-07-06T20:55:39.279+0000] {logging_mixin.py:190} INFO - [2026-07-06T20:55:39.278+0000] {dag.py:3239} INFO - Sync 1 DAGs
[2026-07-06T20:55:39.299+0000] {logging_mixin.py:190} INFO - [2026-07-06T20:55:39.299+0000] {dag.py:4180} INFO - Setting next_dagrun for 00_hello_world to None, run_after=None
[2026-07-06T20:55:39.327+0000] {processor.py:208} INFO - Processing /opt/airflow/dags/00_hello_world.py took 0.193 seconds
[2026-07-06T20:56:09.553+0000] {processor.py:186} INFO - Started process (PID=467) to work on /opt/airflow/dags/00_hello_world.py
[2026-07-06T20:56:09.554+0000] {processor.py:914} INFO - Processing file /opt/airflow/dags/00_hello_world.py for tasks to queue
[2026-07-06T20:56:09.557+0000] {logging_mixin.py:190} INFO - [2026-07-06T20:56:09.556+0000] {dagbag.py:588} INFO - Filling up the DagBag from /opt/airflow/dags/00_hello_world.py
[2026-07-06T20:56:09.574+0000] {processor.py:925} INFO - DAG(s) '00_hello_world' retrieved from /opt/airflow/dags/00_hello_world.py
[2026-07-06T20:56:09.610+0000] {logging_mixin.py:190} INFO - [2026-07-06T20:56:09.610+0000] {dag.py:3239} INFO - Sync 1 DAGs
[2026-07-06T20:56:09.626+0000] {logging_mixin.py:190} INFO - [2026-07-06T20:56:09.626+0000] {dag.py:4180} INFO - Setting next_dagrun for 00_hello_world to None, run_after=None
[2026-07-06T20:56:09.678+0000] {processor.py:208} INFO - Processing /opt/airflow/dags/00_hello_world.py took 0.139 seconds
[2026-07-06T20:56:40.212+0000] {processor.py:186} INFO - Started process (PID=477) to work on /opt/airflow/dags/00_hello_world.py
[2026-07-06T20:56:40.218+0000] {processor.py:914} INFO - Processing file /opt/airflow/dags/00_hello_world.py for tasks to queue
[2026-07-06T20:56:40.233+0000] {logging_mixin.py:190} INFO - [2026-07-06T20:56:40.231+0000] {dagbag.py:588} INFO - Filling up the DagBag from /opt/airflow/dags/00_hello_world.py
[2026-07-06T20:56:40.279+0000] {processor.py:925} INFO - DAG(s) '00_hello_world' retrieved from /opt/airflow/dags/00_hello_world.py
[2026-07-06T20:56:40.347+0000] {logging_mixin.py:190} INFO - [2026-07-06T20:56:40.347+0000] {dag.py:3239} INFO - Sync 1 DAGs
[2026-07-06T20:56:40.381+0000] {logging_mixin.py:190} INFO - [2026-07-06T20:56:40.381+0000] {dag.py:4180} INFO - Setting next_dagrun for 00_hello_world to None, run_after=None
[2026-07-06T20:56:40.417+0000] {processor.py:208} INFO - Processing /opt/airflow/dags/00_hello_world.py took 0.246 seconds
[2026-07-06T20:57:10.722+0000] {processor.py:186} INFO - Started process (PID=487) to work on /opt/airflow/dags/00_hello_world.py
[2026-07-06T20:57:10.723+0000] {processor.py:914} INFO - Processing file /opt/airflow/dags/00_hello_world.py for tasks to queue
[2026-07-06T20:57:10.726+0000] {logging_mixin.py:190} INFO - [2026-07-06T20:57:10.725+0000] {dagbag.py:588} INFO - Filling up the DagBag from /opt/airflow/dags/00_hello_world.py
[2026-07-06T20:57:10.739+0000] {processor.py:925} INFO - DAG(s) '00_hello_world' retrieved from /opt/airflow/dags/00_hello_world.py
[2026-07-06T20:57:10.783+0000] {logging_mixin.py:190} INFO - [2026-07-06T20:57:10.782+0000] {dag.py:3239} INFO - Sync 1 DAGs
[2026-07-06T20:57:10.807+0000] {logging_mixin.py:190} INFO - [2026-07-06T20:57:10.807+0000] {dag.py:4180} INFO - Setting next_dagrun for 00_hello_world to None, run_after=None
[2026-07-06T20:57:10.831+0000] {processor.py:208} INFO - Processing /opt/airflow/dags/00_hello_world.py took 0.118 seconds
[2026-07-06T20:57:41.111+0000] {processor.py:186} INFO - Started process (PID=497) to work on /opt/airflow/dags/00_hello_world.py
[2026-07-06T20:57:41.113+0000] {processor.py:914} INFO - Processing file /opt/airflow/dags/00_hello_world.py for tasks to queue
[2026-07-06T20:57:41.117+0000] {logging_mixin.py:190} INFO - [2026-07-06T20:57:41.117+0000] {dagbag.py:588} INFO - Filling up the DagBag from /opt/airflow/dags/00_hello_world.py
[2026-07-06T20:57:41.137+0000] {processor.py:925} INFO - DAG(s) '00_hello_world' retrieved from /opt/airflow/dags/00_hello_world.py
[2026-07-06T20:57:41.199+0000] {logging_mixin.py:190} INFO - [2026-07-06T20:57:41.199+0000] {dag.py:3239} INFO - Sync 1 DAGs
[2026-07-06T20:57:41.244+0000] {logging_mixin.py:190} INFO - [2026-07-06T20:57:41.244+0000] {dag.py:4180} INFO - Setting next_dagrun for 00_hello_world to None, run_after=None
[2026-07-06T20:57:41.274+0000] {processor.py:208} INFO - Processing /opt/airflow/dags/00_hello_world.py took 0.198 seconds
[2026-07-06T20:58:11.715+0000] {processor.py:186} INFO - Started process (PID=507) to work on /opt/airflow/dags/00_hello_world.py
[2026-07-06T20:58:11.716+0000] {processor.py:914} INFO - Processing file /opt/airflow/dags/00_hello_world.py for tasks to queue
[2026-07-06T20:58:11.720+0000] {logging_mixin.py:190} INFO - [2026-07-06T20:58:11.719+0000] {dagbag.py:588} INFO - Filling up the DagBag from /opt/airflow/dags/00_hello_world.py
[2026-07-06T20:58:11.734+0000] {processor.py:925} INFO - DAG(s) '00_hello_world' retrieved from /opt/airflow/dags/00_hello_world.py
[2026-07-06T20:58:11.781+0000] {logging_mixin.py:190} INFO - [2026-07-06T20:58:11.780+0000] {dag.py:3239} INFO - Sync 1 DAGs
[2026-07-06T20:58:11.802+0000] {logging_mixin.py:190} INFO - [2026-07-06T20:58:11.802+0000] {dag.py:4180} INFO - Setting next_dagrun for 00_hello_world to None, run_after=None
[2026-07-06T20:58:11.825+0000] {processor.py:208} INFO - Processing /opt/airflow/dags/00_hello_world.py took 0.120 seconds
[2026-07-06T20:58:42.302+0000] {processor.py:186} INFO - Started process (PID=516) to work on /opt/airflow/dags/00_hello_world.py
[2026-07-06T20:58:42.308+0000] {processor.py:914} INFO - Processing file /opt/airflow/dags/00_hello_world.py for tasks to queue
[2026-07-06T20:58:42.321+0000] {logging_mixin.py:190} INFO - [2026-07-06T20:58:42.319+0000] {dagbag.py:588} INFO - Filling up the DagBag from /opt/airflow/dags/00_hello_world.py
[2026-07-06T20:58:42.487+0000] {processor.py:925} INFO - DAG(s) '00_hello_world' retrieved from /opt/airflow/dags/00_hello_world.py
[2026-07-06T20:58:42.615+0000] {logging_mixin.py:190} INFO - [2026-07-06T20:58:42.615+0000] {dag.py:3239} INFO - Sync 1 DAGs
[2026-07-06T20:58:42.641+0000] {logging_mixin.py:190} INFO - [2026-07-06T20:58:42.641+0000] {dag.py:4180} INFO - Setting next_dagrun for 00_hello_world to None, run_after=None
[2026-07-06T20:58:42.663+0000] {processor.py:208} INFO - Processing /opt/airflow/dags/00_hello_world.py took 0.405 seconds
[2026-07-06T20:59:13.107+0000] {processor.py:186} INFO - Started process (PID=527) to work on /opt/airflow/dags/00_hello_world.py
[2026-07-06T20:59:13.110+0000] {processor.py:914} INFO - Processing file /opt/airflow/dags/00_hello_world.py for tasks to queue
[2026-07-06T20:59:13.116+0000] {logging_mixin.py:190} INFO - [2026-07-06T20:59:13.115+0000] {dagbag.py:588} INFO - Filling up the DagBag from /opt/airflow/dags/00_hello_world.py
[2026-07-06T20:59:13.143+0000] {processor.py:925} INFO - DAG(s) '00_hello_world' retrieved from /opt/airflow/dags/00_hello_world.py
[2026-07-06T20:59:13.220+0000] {logging_mixin.py:190} INFO - [2026-07-06T20:59:13.220+0000] {dag.py:3239} INFO - Sync 1 DAGs
[2026-07-06T20:59:13.253+0000] {logging_mixin.py:190} INFO - [2026-07-06T20:59:13.252+0000] {dag.py:4180} INFO - Setting next_dagrun for 00_hello_world to None, run_after=None
[2026-07-06T20:59:13.289+0000] {processor.py:208} INFO - Processing /opt/airflow/dags/00_hello_world.py took 0.205 seconds
[2026-07-06T20:59:43.791+0000] {processor.py:186} INFO - Started process (PID=537) to work on /opt/airflow/dags/00_hello_world.py
[2026-07-06T20:59:43.796+0000] {processor.py:914} INFO - Processing file /opt/airflow/dags/00_hello_world.py for tasks to queue
[2026-07-06T20:59:43.812+0000] {logging_mixin.py:190} INFO - [2026-07-06T20:59:43.809+0000] {dagbag.py:588} INFO - Filling up the DagBag from /opt/airflow/dags/00_hello_world.py
[2026-07-06T20:59:43.843+0000] {processor.py:925} INFO - DAG(s) '00_hello_world' retrieved from /opt/airflow/dags/00_hello_world.py
[2026-07-06T20:59:43.928+0000] {logging_mixin.py:190} INFO - [2026-07-06T20:59:43.927+0000] {dag.py:3239} INFO - Sync 1 DAGs
[2026-07-06T20:59:43.952+0000] {logging_mixin.py:190} INFO - [2026-07-06T20:59:43.952+0000] {dag.py:4180} INFO - Setting next_dagrun for 00_hello_world to None, run_after=None
[2026-07-06T20:59:43.981+0000] {processor.py:208} INFO - Processing /opt/airflow/dags/00_hello_world.py took 0.241 seconds
[2026-07-06T21:00:14.222+0000] {processor.py:186} INFO - Started process (PID=547) to work on /opt/airflow/dags/00_hello_world.py
[2026-07-06T21:00:14.226+0000] {processor.py:914} INFO - Processing file /opt/airflow/dags/00_hello_world.py for tasks to queue
[2026-07-06T21:00:14.241+0000] {logging_mixin.py:190} INFO - [2026-07-06T21:00:14.239+0000] {dagbag.py:588} INFO - Filling up the DagBag from /opt/airflow/dags/00_hello_world.py
[2026-07-06T21:00:14.273+0000] {processor.py:925} INFO - DAG(s) '00_hello_world' retrieved from /opt/airflow/dags/00_hello_world.py
[2026-07-06T21:00:14.312+0000] {logging_mixin.py:190} INFO - [2026-07-06T21:00:14.312+0000] {dag.py:3239} INFO - Sync 1 DAGs
[2026-07-06T21:00:14.330+0000] {logging_mixin.py:190} INFO - [2026-07-06T21:00:14.330+0000] {dag.py:4180} INFO - Setting next_dagrun for 00_hello_world to None, run_after=None
[2026-07-06T21:00:14.351+0000] {processor.py:208} INFO - Processing /opt/airflow/dags/00_hello_world.py took 0.162 seconds
[2026-07-06T21:00:44.839+0000] {processor.py:186} INFO - Started process (PID=557) to work on /opt/airflow/dags/00_hello_world.py
[2026-07-06T21:00:44.847+0000] {processor.py:914} INFO - Processing file /opt/airflow/dags/00_hello_world.py for tasks to queue
[2026-07-06T21:00:44.863+0000] {logging_mixin.py:190} INFO - [2026-07-06T21:00:44.861+0000] {dagbag.py:588} INFO - Filling up the DagBag from /opt/airflow/dags/00_hello_world.py
[2026-07-06T21:00:44.926+0000] {processor.py:925} INFO - DAG(s) '00_hello_world' retrieved from /opt/airflow/dags/00_hello_world.py
[2026-07-06T21:00:44.993+0000] {logging_mixin.py:190} INFO - [2026-07-06T21:00:44.993+0000] {dag.py:3239} INFO - Sync 1 DAGs
[2026-07-06T21:00:45.024+0000] {logging_mixin.py:190} INFO - [2026-07-06T21:00:45.023+0000] {dag.py:4180} INFO - Setting next_dagrun for 00_hello_world to None, run_after=None
[2026-07-06T21:00:45.051+0000] {processor.py:208} INFO - Processing /opt/airflow/dags/00_hello_world.py took 0.253 seconds
[2026-07-06T21:01:15.402+0000] {processor.py:186} INFO - Started process (PID=567) to work on /opt/airflow/dags/00_hello_world.py
[2026-07-06T21:01:15.408+0000] {processor.py:914} INFO - Processing file /opt/airflow/dags/00_hello_world.py for tasks to queue
[2026-07-06T21:01:15.431+0000] {logging_mixin.py:190} INFO - [2026-07-06T21:01:15.428+0000] {dagbag.py:588} INFO - Filling up the DagBag from /opt/airflow/dags/00_hello_world.py
[2026-07-06T21:01:15.463+0000] {processor.py:925} INFO - DAG(s) '00_hello_world' retrieved from /opt/airflow/dags/00_hello_world.py
[2026-07-06T21:01:15.510+0000] {logging_mixin.py:190} INFO - [2026-07-06T21:01:15.510+0000] {dag.py:3239} INFO - Sync 1 DAGs
[2026-07-06T21:01:15.530+0000] {logging_mixin.py:190} INFO - [2026-07-06T21:01:15.530+0000] {dag.py:4180} INFO - Setting next_dagrun for 00_hello_world to None, run_after=None
[2026-07-06T21:01:15.555+0000] {processor.py:208} INFO - Processing /opt/airflow/dags/00_hello_world.py took 0.199 seconds
[2026-07-06T21:01:46.078+0000] {processor.py:186} INFO - Started process (PID=577) to work on /opt/airflow/dags/00_hello_world.py
[2026-07-06T21:01:46.083+0000] {processor.py:914} INFO - Processing file /opt/airflow/dags/00_hello_world.py for tasks to queue
[2026-07-06T21:01:46.102+0000] {logging_mixin.py:190} INFO - [2026-07-06T21:01:46.098+0000] {dagbag.py:588} INFO - Filling up the DagBag from /opt/airflow/dags/00_hello_world.py
[2026-07-06T21:01:46.209+0000] {processor.py:925} INFO - DAG(s) '00_hello_world' retrieved from /opt/airflow/dags/00_hello_world.py
[2026-07-06T21:01:46.406+0000] {logging_mixin.py:190} INFO - [2026-07-06T21:01:46.406+0000] {dag.py:3239} INFO - Sync 1 DAGs
[2026-07-06T21:01:46.476+0000] {logging_mixin.py:190} INFO - [2026-07-06T21:01:46.476+0000] {dag.py:4180} INFO - Setting next_dagrun for 00_hello_world to None, run_after=None
[2026-07-06T21:01:46.523+0000] {processor.py:208} INFO - Processing /opt/airflow/dags/00_hello_world.py took 0.491 seconds
[2026-07-06T21:02:16.913+0000] {processor.py:186} INFO - Started process (PID=587) to work on /opt/airflow/dags/00_hello_world.py
[2026-07-06T21:02:16.913+0000] {processor.py:914} INFO - Processing file /opt/airflow/dags/00_hello_world.py for tasks to queue
[2026-07-06T21:02:16.916+0000] {logging_mixin.py:190} INFO - [2026-07-06T21:02:16.915+0000] {dagbag.py:588} INFO - Filling up the DagBag from /opt/airflow/dags/00_hello_world.py
[2026-07-06T21:02:16.925+0000] {processor.py:925} INFO - DAG(s) '00_hello_world' retrieved from /opt/airflow/dags/00_hello_world.py
[2026-07-06T21:02:16.961+0000] {logging_mixin.py:190} INFO - [2026-07-06T21:02:16.961+0000] {dag.py:3239} INFO - Sync 1 DAGs
[2026-07-06T21:02:16.981+0000] {logging_mixin.py:190} INFO - [2026-07-06T21:02:16.981+0000] {dag.py:4180} INFO - Setting next_dagrun for 00_hello_world to None, run_after=None
[2026-07-06T21:02:17.004+0000] {processor.py:208} INFO - Processing /opt/airflow/dags/00_hello_world.py took 0.098 seconds
[2026-07-06T21:02:47.468+0000] {processor.py:186} INFO - Started process (PID=597) to work on /opt/airflow/dags/00_hello_world.py
[2026-07-06T21:02:47.470+0000] {processor.py:914} INFO - Processing file /opt/airflow/dags/00_hello_world.py for tasks to queue
[2026-07-06T21:02:47.477+0000] {logging_mixin.py:190} INFO - [2026-07-06T21:02:47.476+0000] {dagbag.py:588} INFO - Filling up the DagBag from /opt/airflow/dags/00_hello_world.py
[2026-07-06T21:02:47.498+0000] {processor.py:925} INFO - DAG(s) '00_hello_world' retrieved from /opt/airflow/dags/00_hello_world.py
[2026-07-06T21:02:47.545+0000] {logging_mixin.py:190} INFO - [2026-07-06T21:02:47.545+0000] {dag.py:3239} INFO - Sync 1 DAGs
[2026-07-06T21:02:47.563+0000] {logging_mixin.py:190} INFO - [2026-07-06T21:02:47.563+0000] {dag.py:4180} INFO - Setting next_dagrun for 00_hello_world to None, run_after=None
[2026-07-06T21:02:47.587+0000] {processor.py:208} INFO - Processing /opt/airflow/dags/00_hello_world.py took 0.139 seconds
[2026-07-06T21:03:17.969+0000] {processor.py:186} INFO - Started process (PID=607) to work on /opt/airflow/dags/00_hello_world.py
[2026-07-06T21:03:17.971+0000] {processor.py:914} INFO - Processing file /opt/airflow/dags/00_hello_world.py for tasks to queue
[2026-07-06T21:03:17.978+0000] {logging_mixin.py:190} INFO - [2026-07-06T21:03:17.977+0000] {dagbag.py:588} INFO - Filling up the DagBag from /opt/airflow/dags/00_hello_world.py
[2026-07-06T21:03:17.999+0000] {processor.py:925} INFO - DAG(s) '00_hello_world' retrieved from /opt/airflow/dags/00_hello_world.py
[2026-07-06T21:03:18.052+0000] {logging_mixin.py:190} INFO - [2026-07-06T21:03:18.052+0000] {dag.py:3239} INFO - Sync 1 DAGs
[2026-07-06T21:03:18.074+0000] {logging_mixin.py:190} INFO - [2026-07-06T21:03:18.074+0000] {dag.py:4180} INFO - Setting next_dagrun for 00_hello_world to None, run_after=None
[2026-07-06T21:03:18.096+0000] {processor.py:208} INFO - Processing /opt/airflow/dags/00_hello_world.py took 0.162 seconds
[2026-07-06T21:03:48.370+0000] {processor.py:186} INFO - Started process (PID=617) to work on /opt/airflow/dags/00_hello_world.py
[2026-07-06T21:03:48.371+0000] {processor.py:914} INFO - Processing file /opt/airflow/dags/00_hello_world.py for tasks to queue
[2026-07-06T21:03:48.375+0000] {logging_mixin.py:190} INFO - [2026-07-06T21:03:48.374+0000] {dagbag.py:588} INFO - Filling up the DagBag from /opt/airflow/dags/00_hello_world.py
[2026-07-06T21:03:48.390+0000] {processor.py:925} INFO - DAG(s) '00_hello_world' retrieved from /opt/airflow/dags/00_hello_world.py
[2026-07-06T21:03:48.432+0000] {logging_mixin.py:190} INFO - [2026-07-06T21:03:48.431+0000] {dag.py:3239} INFO - Sync 1 DAGs
[2026-07-06T21:03:48.449+0000] {logging_mixin.py:190} INFO - [2026-07-06T21:03:48.449+0000] {dag.py:4180} INFO - Setting next_dagrun for 00_hello_world to None, run_after=None
[2026-07-06T21:03:48.472+0000] {processor.py:208} INFO - Processing /opt/airflow/dags/00_hello_world.py took 0.113 seconds
[2026-07-06T21:04:19.014+0000] {processor.py:186} INFO - Started process (PID=627) to work on /opt/airflow/dags/00_hello_world.py
[2026-07-06T21:04:19.019+0000] {processor.py:914} INFO - Processing file /opt/airflow/dags/00_hello_world.py for tasks to queue
[2026-07-06T21:04:19.033+0000] {logging_mixin.py:190} INFO - [2026-07-06T21:04:19.031+0000] {dagbag.py:588} INFO - Filling up the DagBag from /opt/airflow/dags/00_hello_world.py
[2026-07-06T21:04:19.082+0000] {processor.py:925} INFO - DAG(s) '00_hello_world' retrieved from /opt/airflow/dags/00_hello_world.py
[2026-07-06T21:04:19.141+0000] {logging_mixin.py:190} INFO - [2026-07-06T21:04:19.141+0000] {dag.py:3239} INFO - Sync 1 DAGs
[2026-07-06T21:04:19.171+0000] {logging_mixin.py:190} INFO - [2026-07-06T21:04:19.170+0000] {dag.py:4180} INFO - Setting next_dagrun for 00_hello_world to None, run_after=None
[2026-07-06T21:04:19.206+0000] {processor.py:208} INFO - Processing /opt/airflow/dags/00_hello_world.py took 0.260 seconds
[2026-07-06T21:04:49.413+0000] {processor.py:186} INFO - Started process (PID=637) to work on /opt/airflow/dags/00_hello_world.py
[2026-07-06T21:04:49.415+0000] {processor.py:914} INFO - Processing file /opt/airflow/dags/00_hello_world.py for tasks to queue
[2026-07-06T21:04:49.421+0000] {logging_mixin.py:190} INFO - [2026-07-06T21:04:49.420+0000] {dagbag.py:588} INFO - Filling up the DagBag from /opt/airflow/dags/00_hello_world.py
[2026-07-06T21:04:49.441+0000] {processor.py:925} INFO - DAG(s) '00_hello_world' retrieved from /opt/airflow/dags/00_hello_world.py
[2026-07-06T21:04:49.509+0000] {logging_mixin.py:190} INFO - [2026-07-06T21:04:49.509+0000] {dag.py:3239} INFO - Sync 1 DAGs
[2026-07-06T21:04:49.546+0000] {logging_mixin.py:190} INFO - [2026-07-06T21:04:49.546+0000] {dag.py:4180} INFO - Setting next_dagrun for 00_hello_world to None, run_after=None
[2026-07-06T21:04:49.590+0000] {processor.py:208} INFO - Processing /opt/airflow/dags/00_hello_world.py took 0.199 seconds
[2026-07-06T21:05:20.026+0000] {processor.py:186} INFO - Started process (PID=647) to work on /opt/airflow/dags/00_hello_world.py
[2026-07-06T21:05:20.028+0000] {processor.py:914} INFO - Processing file /opt/airflow/dags/00_hello_world.py for tasks to queue
[2026-07-06T21:05:20.032+0000] {logging_mixin.py:190} INFO - [2026-07-06T21:05:20.032+0000] {dagbag.py:588} INFO - Filling up the DagBag from /opt/airflow/dags/00_hello_world.py
[2026-07-06T21:05:20.048+0000] {processor.py:925} INFO - DAG(s) '00_hello_world' retrieved from /opt/airflow/dags/00_hello_world.py
[2026-07-06T21:05:20.082+0000] {logging_mixin.py:190} INFO - [2026-07-06T21:05:20.082+0000] {dag.py:3239} INFO - Sync 1 DAGs
[2026-07-06T21:05:20.099+0000] {logging_mixin.py:190} INFO - [2026-07-06T21:05:20.099+0000] {dag.py:4180} INFO - Setting next_dagrun for 00_hello_world to None, run_after=None
[2026-07-06T21:05:20.128+0000] {processor.py:208} INFO - Processing /opt/airflow/dags/00_hello_world.py took 0.116 seconds
[2026-07-06T21:05:50.640+0000] {processor.py:186} INFO - Started process (PID=657) to work on /opt/airflow/dags/00_hello_world.py
[2026-07-06T21:05:50.644+0000] {processor.py:914} INFO - Processing file /opt/airflow/dags/00_hello_world.py for tasks to queue
[2026-07-06T21:05:50.657+0000] {logging_mixin.py:190} INFO - [2026-07-06T21:05:50.656+0000] {dagbag.py:588} INFO - Filling up the DagBag from /opt/airflow/dags/00_hello_world.py
[2026-07-06T21:05:50.700+0000] {processor.py:925} INFO - DAG(s) '00_hello_world' retrieved from /opt/airflow/dags/00_hello_world.py
[2026-07-06T21:05:50.762+0000] {logging_mixin.py:190} INFO - [2026-07-06T21:05:50.762+0000] {dag.py:3239} INFO - Sync 1 DAGs
[2026-07-06T21:05:50.796+0000] {logging_mixin.py:190} INFO - [2026-07-06T21:05:50.796+0000] {dag.py:4180} INFO - Setting next_dagrun for 00_hello_world to None, run_after=None
[2026-07-06T21:05:50.830+0000] {processor.py:208} INFO - Processing /opt/airflow/dags/00_hello_world.py took 0.225 seconds
[2026-07-06T21:06:21.407+0000] {processor.py:186} INFO - Started process (PID=667) to work on /opt/airflow/dags/00_hello_world.py
[2026-07-06T21:06:21.409+0000] {processor.py:914} INFO - Processing file /opt/airflow/dags/00_hello_world.py for tasks to queue
[2026-07-06T21:06:21.416+0000] {logging_mixin.py:190} INFO - [2026-07-06T21:06:21.415+0000] {dagbag.py:588} INFO - Filling up the DagBag from /opt/airflow/dags/00_hello_world.py
[2026-07-06T21:06:21.442+0000] {processor.py:925} INFO - DAG(s) '00_hello_world' retrieved from /opt/airflow/dags/00_hello_world.py
[2026-07-06T21:06:21.486+0000] {logging_mixin.py:190} INFO - [2026-07-06T21:06:21.486+0000] {dag.py:3239} INFO - Sync 1 DAGs
[2026-07-06T21:06:21.510+0000] {logging_mixin.py:190} INFO - [2026-07-06T21:06:21.509+0000] {dag.py:4180} INFO - Setting next_dagrun for 00_hello_world to None, run_after=None
[2026-07-06T21:06:21.539+0000] {processor.py:208} INFO - Processing /opt/airflow/dags/00_hello_world.py took 0.168 seconds
[2026-07-06T21:06:51.715+0000] {processor.py:186} INFO - Started process (PID=677) to work on /opt/airflow/dags/00_hello_world.py
[2026-07-06T21:06:51.716+0000] {processor.py:914} INFO - Processing file /opt/airflow/dags/00_hello_world.py for tasks to queue
[2026-07-06T21:06:51.719+0000] {logging_mixin.py:190} INFO - [2026-07-06T21:06:51.719+0000] {dagbag.py:588} INFO - Filling up the DagBag from /opt/airflow/dags/00_hello_world.py
[2026-07-06T21:06:51.732+0000] {processor.py:925} INFO - DAG(s) '00_hello_world' retrieved from /opt/airflow/dags/00_hello_world.py
[2026-07-06T21:06:51.775+0000] {logging_mixin.py:190} INFO - [2026-07-06T21:06:51.774+0000] {dag.py:3239} INFO - Sync 1 DAGs
[2026-07-06T21:06:51.793+0000] {logging_mixin.py:190} INFO - [2026-07-06T21:06:51.792+0000] {dag.py:4180} INFO - Setting next_dagrun for 00_hello_world to None, run_after=None
[2026-07-06T21:06:51.813+0000] {processor.py:208} INFO - Processing /opt/airflow/dags/00_hello_world.py took 0.109 seconds
[2026-07-06T21:07:22.157+0000] {processor.py:186} INFO - Started process (PID=687) to work on /opt/airflow/dags/00_hello_world.py
[2026-07-06T21:07:22.158+0000] {processor.py:914} INFO - Processing file /opt/airflow/dags/00_hello_world.py for tasks to queue
[2026-07-06T21:07:22.164+0000] {logging_mixin.py:190} INFO - [2026-07-06T21:07:22.163+0000] {dagbag.py:588} INFO - Filling up the DagBag from /opt/airflow/dags/00_hello_world.py
[2026-07-06T21:07:22.181+0000] {processor.py:925} INFO - DAG(s) '00_hello_world' retrieved from /opt/airflow/dags/00_hello_world.py
[2026-07-06T21:07:22.225+0000] {logging_mixin.py:190} INFO - [2026-07-06T21:07:22.225+0000] {dag.py:3239} INFO - Sync 1 DAGs
[2026-07-06T21:07:22.243+0000] {logging_mixin.py:190} INFO - [2026-07-06T21:07:22.243+0000] {dag.py:4180} INFO - Setting next_dagrun for 00_hello_world to None, run_after=None
[2026-07-06T21:07:22.266+0000] {processor.py:208} INFO - Processing /opt/airflow/dags/00_hello_world.py took 0.131 seconds
[2026-07-06T21:07:52.587+0000] {processor.py:186} INFO - Started process (PID=697) to work on /opt/airflow/dags/00_hello_world.py
[2026-07-06T21:07:52.591+0000] {processor.py:914} INFO - Processing file /opt/airflow/dags/00_hello_world.py for tasks to queue
[2026-07-06T21:07:52.612+0000] {logging_mixin.py:190} INFO - [2026-07-06T21:07:52.609+0000] {dagbag.py:588} INFO - Filling up the DagBag from /opt/airflow/dags/00_hello_world.py
[2026-07-06T21:07:52.731+0000] {processor.py:925} INFO - DAG(s) '00_hello_world' retrieved from /opt/airflow/dags/00_hello_world.py
[2026-07-06T21:07:52.926+0000] {logging_mixin.py:190} INFO - [2026-07-06T21:07:52.925+0000] {dag.py:3239} INFO - Sync 1 DAGs
[2026-07-06T21:07:53.047+0000] {logging_mixin.py:190} INFO - [2026-07-06T21:07:53.046+0000] {dag.py:4180} INFO - Setting next_dagrun for 00_hello_world to None, run_after=None
[2026-07-06T21:07:53.097+0000] {processor.py:208} INFO - Processing /opt/airflow/dags/00_hello_world.py took 0.553 seconds
[2026-07-06T21:08:23.572+0000] {processor.py:186} INFO - Started process (PID=707) to work on /opt/airflow/dags/00_hello_world.py
[2026-07-06T21:08:23.576+0000] {processor.py:914} INFO - Processing file /opt/airflow/dags/00_hello_world.py for tasks to queue
[2026-07-06T21:08:23.588+0000] {logging_mixin.py:190} INFO - [2026-07-06T21:08:23.586+0000] {dagbag.py:588} INFO - Filling up the DagBag from /opt/airflow/dags/00_hello_world.py
[2026-07-06T21:08:23.627+0000] {processor.py:925} INFO - DAG(s) '00_hello_world' retrieved from /opt/airflow/dags/00_hello_world.py
[2026-07-06T21:08:23.718+0000] {logging_mixin.py:190} INFO - [2026-07-06T21:08:23.717+0000] {dag.py:3239} INFO - Sync 1 DAGs
[2026-07-06T21:08:23.743+0000] {logging_mixin.py:190} INFO - [2026-07-06T21:08:23.742+0000] {dag.py:4180} INFO - Setting next_dagrun for 00_hello_world to None, run_after=None
[2026-07-06T21:08:23.772+0000] {processor.py:208} INFO - Processing /opt/airflow/dags/00_hello_world.py took 0.225 seconds
[2026-07-06T21:08:53.943+0000] {processor.py:186} INFO - Started process (PID=717) to work on /opt/airflow/dags/00_hello_world.py
[2026-07-06T21:08:53.944+0000] {processor.py:914} INFO - Processing file /opt/airflow/dags/00_hello_world.py for tasks to queue
[2026-07-06T21:08:53.948+0000] {logging_mixin.py:190} INFO - [2026-07-06T21:08:53.947+0000] {dagbag.py:588} INFO - Filling up the DagBag from /opt/airflow/dags/00_hello_world.py
[2026-07-06T21:08:53.961+0000] {processor.py:925} INFO - DAG(s) '00_hello_world' retrieved from /opt/airflow/dags/00_hello_world.py
[2026-07-06T21:08:54.000+0000] {logging_mixin.py:190} INFO - [2026-07-06T21:08:54.000+0000] {dag.py:3239} INFO - Sync 1 DAGs
[2026-07-06T21:08:54.021+0000] {logging_mixin.py:190} INFO - [2026-07-06T21:08:54.021+0000] {dag.py:4180} INFO - Setting next_dagrun for 00_hello_world to None, run_after=None
[2026-07-06T21:08:54.044+0000] {processor.py:208} INFO - Processing /opt/airflow/dags/00_hello_world.py took 0.113 seconds
[2026-07-06T21:09:24.341+0000] {processor.py:186} INFO - Started process (PID=727) to work on /opt/airflow/dags/00_hello_world.py
[2026-07-06T21:09:24.345+0000] {processor.py:914} INFO - Processing file /opt/airflow/dags/00_hello_world.py for tasks to queue
[2026-07-06T21:09:24.358+0000] {logging_mixin.py:190} INFO - [2026-07-06T21:09:24.357+0000] {dagbag.py:588} INFO - Filling up the DagBag from /opt/airflow/dags/00_hello_world.py
[2026-07-06T21:09:24.407+0000] {processor.py:925} INFO - DAG(s) '00_hello_world' retrieved from /opt/airflow/dags/00_hello_world.py
[2026-07-06T21:09:24.494+0000] {logging_mixin.py:190} INFO - [2026-07-06T21:09:24.494+0000] {dag.py:3239} INFO - Sync 1 DAGs
[2026-07-06T21:09:24.513+0000] {logging_mixin.py:190} INFO - [2026-07-06T21:09:24.513+0000] {dag.py:4180} INFO - Setting next_dagrun for 00_hello_world to None, run_after=None
[2026-07-06T21:09:24.535+0000] {processor.py:208} INFO - Processing /opt/airflow/dags/00_hello_world.py took 0.226 seconds
[2026-07-06T21:09:54.878+0000] {processor.py:186} INFO - Started process (PID=737) to work on /opt/airflow/dags/00_hello_world.py
[2026-07-06T21:09:54.883+0000] {processor.py:914} INFO - Processing file /opt/airflow/dags/00_hello_world.py for tasks to queue
[2026-07-06T21:09:54.893+0000] {logging_mixin.py:190} INFO - [2026-07-06T21:09:54.892+0000] {dagbag.py:588} INFO - Filling up the DagBag from /opt/airflow/dags/00_hello_world.py
[2026-07-06T21:09:54.928+0000] {processor.py:925} INFO - DAG(s) '00_hello_world' retrieved from /opt/airflow/dags/00_hello_world.py
[2026-07-06T21:09:55.040+0000] {logging_mixin.py:190} INFO - [2026-07-06T21:09:55.040+0000] {dag.py:3239} INFO - Sync 1 DAGs
[2026-07-06T21:09:55.068+0000] {logging_mixin.py:190} INFO - [2026-07-06T21:09:55.068+0000] {dag.py:4180} INFO - Setting next_dagrun for 00_hello_world to None, run_after=None
[2026-07-06T21:09:55.100+0000] {processor.py:208} INFO - Processing /opt/airflow/dags/00_hello_world.py took 0.263 seconds
[2026-07-06T21:10:25.321+0000] {processor.py:186} INFO - Started process (PID=747) to work on /opt/airflow/dags/00_hello_world.py
[2026-07-06T21:10:25.323+0000] {processor.py:914} INFO - Processing file /opt/airflow/dags/00_hello_world.py for tasks to queue
[2026-07-06T21:10:25.328+0000] {logging_mixin.py:190} INFO - [2026-07-06T21:10:25.327+0000] {dagbag.py:588} INFO - Filling up the DagBag from /opt/airflow/dags/00_hello_world.py
[2026-07-06T21:10:25.344+0000] {processor.py:925} INFO - DAG(s) '00_hello_world' retrieved from /opt/airflow/dags/00_hello_world.py
[2026-07-06T21:10:25.387+0000] {logging_mixin.py:190} INFO - [2026-07-06T21:10:25.387+0000] {dag.py:3239} INFO - Sync 1 DAGs
[2026-07-06T21:10:25.408+0000] {logging_mixin.py:190} INFO - [2026-07-06T21:10:25.407+0000] {dag.py:4180} INFO - Setting next_dagrun for 00_hello_world to None, run_after=None
[2026-07-06T21:10:25.430+0000] {processor.py:208} INFO - Processing /opt/airflow/dags/00_hello_world.py took 0.124 seconds
[2026-07-06T21:10:55.974+0000] {processor.py:186} INFO - Started process (PID=757) to work on /opt/airflow/dags/00_hello_world.py
[2026-07-06T21:10:55.976+0000] {processor.py:914} INFO - Processing file /opt/airflow/dags/00_hello_world.py for tasks to queue
[2026-07-06T21:10:55.981+0000] {logging_mixin.py:190} INFO - [2026-07-06T21:10:55.981+0000] {dagbag.py:588} INFO - Filling up the DagBag from /opt/airflow/dags/00_hello_world.py
[2026-07-06T21:10:56.004+0000] {processor.py:925} INFO - DAG(s) '00_hello_world' retrieved from /opt/airflow/dags/00_hello_world.py
[2026-07-06T21:10:56.061+0000] {logging_mixin.py:190} INFO - [2026-07-06T21:10:56.061+0000] {dag.py:3239} INFO - Sync 1 DAGs
[2026-07-06T21:10:56.084+0000] {logging_mixin.py:190} INFO - [2026-07-06T21:10:56.084+0000] {dag.py:4180} INFO - Setting next_dagrun for 00_hello_world to None, run_after=None
[2026-07-06T21:10:56.109+0000] {processor.py:208} INFO - Processing /opt/airflow/dags/00_hello_world.py took 0.165 seconds
[2026-07-06T21:11:26.439+0000] {processor.py:186} INFO - Started process (PID=767) to work on /opt/airflow/dags/00_hello_world.py
[2026-07-06T21:11:26.445+0000] {processor.py:914} INFO - Processing file /opt/airflow/dags/00_hello_world.py for tasks to queue
[2026-07-06T21:11:26.463+0000] {logging_mixin.py:190} INFO - [2026-07-06T21:11:26.460+0000] {dagbag.py:588} INFO - Filling up the DagBag from /opt/airflow/dags/00_hello_world.py
[2026-07-06T21:11:26.665+0000] {processor.py:925} INFO - DAG(s) '00_hello_world' retrieved from /opt/airflow/dags/00_hello_world.py
[2026-07-06T21:11:26.832+0000] {logging_mixin.py:190} INFO - [2026-07-06T21:11:26.832+0000] {dag.py:3239} INFO - Sync 1 DAGs
[2026-07-06T21:11:26.915+0000] {logging_mixin.py:190} INFO - [2026-07-06T21:11:26.915+0000] {dag.py:4180} INFO - Setting next_dagrun for 00_hello_world to None, run_after=None
[2026-07-06T21:11:27.096+0000] {processor.py:208} INFO - Processing /opt/airflow/dags/00_hello_world.py took 0.697 seconds
[2026-07-06T21:11:57.607+0000] {processor.py:186} INFO - Started process (PID=777) to work on /opt/airflow/dags/00_hello_world.py
[2026-07-06T21:11:57.609+0000] {processor.py:914} INFO - Processing file /opt/airflow/dags/00_hello_world.py for tasks to queue
[2026-07-06T21:11:57.614+0000] {logging_mixin.py:190} INFO - [2026-07-06T21:11:57.614+0000] {dagbag.py:588} INFO - Filling up the DagBag from /opt/airflow/dags/00_hello_world.py
[2026-07-06T21:11:57.634+0000] {processor.py:925} INFO - DAG(s) '00_hello_world' retrieved from /opt/airflow/dags/00_hello_world.py
[2026-07-06T21:11:57.681+0000] {logging_mixin.py:190} INFO - [2026-07-06T21:11:57.681+0000] {dag.py:3239} INFO - Sync 1 DAGs
[2026-07-06T21:11:57.698+0000] {logging_mixin.py:190} INFO - [2026-07-06T21:11:57.697+0000] {dag.py:4180} INFO - Setting next_dagrun for 00_hello_world to None, run_after=None
[2026-07-06T21:11:57.718+0000] {processor.py:208} INFO - Processing /opt/airflow/dags/00_hello_world.py took 0.132 seconds
[2026-07-06T21:12:27.956+0000] {processor.py:186} INFO - Started process (PID=787) to work on /opt/airflow/dags/00_hello_world.py
[2026-07-06T21:12:27.961+0000] {processor.py:914} INFO - Processing file /opt/airflow/dags/00_hello_world.py for tasks to queue
[2026-07-06T21:12:27.973+0000] {logging_mixin.py:190} INFO - [2026-07-06T21:12:27.971+0000] {dagbag.py:588} INFO - Filling up the DagBag from /opt/airflow/dags/00_hello_world.py
[2026-07-06T21:12:28.028+0000] {processor.py:925} INFO - DAG(s) '00_hello_world' retrieved from /opt/airflow/dags/00_hello_world.py
[2026-07-06T21:12:28.213+0000] {logging_mixin.py:190} INFO - [2026-07-06T21:12:28.212+0000] {dag.py:3239} INFO - Sync 1 DAGs
[2026-07-06T21:12:28.308+0000] {logging_mixin.py:190} INFO - [2026-07-06T21:12:28.307+0000] {dag.py:4180} INFO - Setting next_dagrun for 00_hello_world to None, run_after=None
[2026-07-06T21:12:28.416+0000] {processor.py:208} INFO - Processing /opt/airflow/dags/00_hello_world.py took 0.488 seconds
[2026-07-06T21:12:58.768+0000] {processor.py:186} INFO - Started process (PID=797) to work on /opt/airflow/dags/00_hello_world.py
[2026-07-06T21:12:58.770+0000] {processor.py:914} INFO - Processing file /opt/airflow/dags/00_hello_world.py for tasks to queue
[2026-07-06T21:12:58.777+0000] {logging_mixin.py:190} INFO - [2026-07-06T21:12:58.776+0000] {dagbag.py:588} INFO - Filling up the DagBag from /opt/airflow/dags/00_hello_world.py
[2026-07-06T21:12:58.802+0000] {processor.py:925} INFO - DAG(s) '00_hello_world' retrieved from /opt/airflow/dags/00_hello_world.py
[2026-07-06T21:12:58.863+0000] {logging_mixin.py:190} INFO - [2026-07-06T21:12:58.863+0000] {dag.py:3239} INFO - Sync 1 DAGs
[2026-07-06T21:12:58.890+0000] {logging_mixin.py:190} INFO - [2026-07-06T21:12:58.889+0000] {dag.py:4180} INFO - Setting next_dagrun for 00_hello_world to None, run_after=None
[2026-07-06T21:12:58.923+0000] {processor.py:208} INFO - Processing /opt/airflow/dags/00_hello_world.py took 0.172 seconds
[2026-07-06T21:13:29.430+0000] {processor.py:186} INFO - Started process (PID=807) to work on /opt/airflow/dags/00_hello_world.py
[2026-07-06T21:13:29.431+0000] {processor.py:914} INFO - Processing file /opt/airflow/dags/00_hello_world.py for tasks to queue
[2026-07-06T21:13:29.436+0000] {logging_mixin.py:190} INFO - [2026-07-06T21:13:29.436+0000] {dagbag.py:588} INFO - Filling up the DagBag from /opt/airflow/dags/00_hello_world.py
[2026-07-06T21:13:29.456+0000] {processor.py:925} INFO - DAG(s) '00_hello_world' retrieved from /opt/airflow/dags/00_hello_world.py
[2026-07-06T21:13:29.516+0000] {logging_mixin.py:190} INFO - [2026-07-06T21:13:29.516+0000] {dag.py:3239} INFO - Sync 1 DAGs
[2026-07-06T21:13:29.550+0000] {logging_mixin.py:190} INFO - [2026-07-06T21:13:29.550+0000] {dag.py:4180} INFO - Setting next_dagrun for 00_hello_world to None, run_after=None
[2026-07-06T21:13:29.579+0000] {processor.py:208} INFO - Processing /opt/airflow/dags/00_hello_world.py took 0.174 seconds
[2026-07-06T21:13:59.792+0000] {processor.py:186} INFO - Started process (PID=817) to work on /opt/airflow/dags/00_hello_world.py
[2026-07-06T21:13:59.797+0000] {processor.py:914} INFO - Processing file /opt/airflow/dags/00_hello_world.py for tasks to queue
[2026-07-06T21:13:59.803+0000] {logging_mixin.py:190} INFO - [2026-07-06T21:13:59.802+0000] {dagbag.py:588} INFO - Filling up the DagBag from /opt/airflow/dags/00_hello_world.py
[2026-07-06T21:13:59.835+0000] {processor.py:925} INFO - DAG(s) '00_hello_world' retrieved from /opt/airflow/dags/00_hello_world.py
[2026-07-06T21:13:59.922+0000] {logging_mixin.py:190} INFO - [2026-07-06T21:13:59.922+0000] {dag.py:3239} INFO - Sync 1 DAGs
[2026-07-06T21:14:00.085+0000] {logging_mixin.py:190} INFO - [2026-07-06T21:14:00.084+0000] {dag.py:4180} INFO - Setting next_dagrun for 00_hello_world to None, run_after=None
[2026-07-06T21:14:00.143+0000] {processor.py:208} INFO - Processing /opt/airflow/dags/00_hello_world.py took 0.374 seconds
[2026-07-06T21:14:30.696+0000] {processor.py:186} INFO - Started process (PID=827) to work on /opt/airflow/dags/00_hello_world.py
[2026-07-06T21:14:30.698+0000] {processor.py:914} INFO - Processing file /opt/airflow/dags/00_hello_world.py for tasks to queue
[2026-07-06T21:14:30.716+0000] {logging_mixin.py:190} INFO - [2026-07-06T21:14:30.714+0000] {dagbag.py:588} INFO - Filling up the DagBag from /opt/airflow/dags/00_hello_world.py
[2026-07-06T21:14:30.753+0000] {processor.py:925} INFO - DAG(s) '00_hello_world' retrieved from /opt/airflow/dags/00_hello_world.py
[2026-07-06T21:14:30.790+0000] {logging_mixin.py:190} INFO - [2026-07-06T21:14:30.790+0000] {dag.py:3239} INFO - Sync 1 DAGs
[2026-07-06T21:14:30.808+0000] {logging_mixin.py:190} INFO - [2026-07-06T21:14:30.808+0000] {dag.py:4180} INFO - Setting next_dagrun for 00_hello_world to None, run_after=None
[2026-07-06T21:14:30.828+0000] {processor.py:208} INFO - Processing /opt/airflow/dags/00_hello_world.py took 0.173 seconds
[2026-07-06T21:15:01.106+0000] {processor.py:186} INFO - Started process (PID=837) to work on /opt/airflow/dags/00_hello_world.py
[2026-07-06T21:15:01.111+0000] {processor.py:914} INFO - Processing file /opt/airflow/dags/00_hello_world.py for tasks to queue
[2026-07-06T21:15:01.120+0000] {logging_mixin.py:190} INFO - [2026-07-06T21:15:01.120+0000] {dagbag.py:588} INFO - Filling up the DagBag from /opt/airflow/dags/00_hello_world.py
[2026-07-06T21:15:01.149+0000] {processor.py:925} INFO - DAG(s) '00_hello_world' retrieved from /opt/airflow/dags/00_hello_world.py
[2026-07-06T21:15:01.210+0000] {logging_mixin.py:190} INFO - [2026-07-06T21:15:01.210+0000] {dag.py:3239} INFO - Sync 1 DAGs
[2026-07-06T21:15:01.255+0000] {logging_mixin.py:190} INFO - [2026-07-06T21:15:01.255+0000] {dag.py:4180} INFO - Setting next_dagrun for 00_hello_world to None, run_after=None
[2026-07-06T21:15:01.294+0000] {processor.py:208} INFO - Processing /opt/airflow/dags/00_hello_world.py took 0.204 seconds
[2026-07-06T21:15:31.721+0000] {processor.py:186} INFO - Started process (PID=849) to work on /opt/airflow/dags/00_hello_world.py
[2026-07-06T21:15:31.725+0000] {processor.py:914} INFO - Processing file /opt/airflow/dags/00_hello_world.py for tasks to queue
[2026-07-06T21:15:31.733+0000] {logging_mixin.py:190} INFO - [2026-07-06T21:15:31.733+0000] {dagbag.py:588} INFO - Filling up the DagBag from /opt/airflow/dags/00_hello_world.py
[2026-07-06T21:15:31.757+0000] {processor.py:925} INFO - DAG(s) '00_hello_world' retrieved from /opt/airflow/dags/00_hello_world.py
[2026-07-06T21:15:31.814+0000] {logging_mixin.py:190} INFO - [2026-07-06T21:15:31.813+0000] {dag.py:3239} INFO - Sync 1 DAGs
[2026-07-06T21:15:31.845+0000] {logging_mixin.py:190} INFO - [2026-07-06T21:15:31.844+0000] {dag.py:4180} INFO - Setting next_dagrun for 00_hello_world to None, run_after=None
[2026-07-06T21:15:31.878+0000] {processor.py:208} INFO - Processing /opt/airflow/dags/00_hello_world.py took 0.203 seconds
[2026-07-06T21:18:13.523+0000] {processor.py:186} INFO - Started process (PID=167) to work on /opt/airflow/dags/00_hello_world.py
[2026-07-06T21:18:13.526+0000] {processor.py:914} INFO - Processing file /opt/airflow/dags/00_hello_world.py for tasks to queue
[2026-07-06T21:18:13.529+0000] {logging_mixin.py:190} INFO - [2026-07-06T21:18:13.529+0000] {dagbag.py:588} INFO - Filling up the DagBag from /opt/airflow/dags/00_hello_world.py
[2026-07-06T21:18:13.564+0000] {processor.py:925} INFO - DAG(s) '00_hello_world' retrieved from /opt/airflow/dags/00_hello_world.py
[2026-07-06T21:18:13.996+0000] {logging_mixin.py:190} INFO - [2026-07-06T21:18:13.993+0000] {override.py:1911} INFO - Created Permission View: can read on DAG:00_hello_world
[2026-07-06T21:18:14.016+0000] {logging_mixin.py:190} INFO - [2026-07-06T21:18:14.016+0000] {override.py:1911} INFO - Created Permission View: can delete on DAG:00_hello_world
[2026-07-06T21:18:14.028+0000] {logging_mixin.py:190} INFO - [2026-07-06T21:18:14.027+0000] {override.py:1911} INFO - Created Permission View: can edit on DAG:00_hello_world
[2026-07-06T21:18:14.040+0000] {logging_mixin.py:190} INFO - [2026-07-06T21:18:14.039+0000] {override.py:1911} INFO - Created Permission View: menu access on DAG Run:00_hello_world
[2026-07-06T21:18:14.058+0000] {logging_mixin.py:190} INFO - [2026-07-06T21:18:14.057+0000] {override.py:1911} INFO - Created Permission View: can read on DAG Run:00_hello_world
[2026-07-06T21:18:14.066+0000] {logging_mixin.py:190} INFO - [2026-07-06T21:18:14.066+0000] {override.py:1911} INFO - Created Permission View: can create on DAG Run:00_hello_world
[2026-07-06T21:18:14.075+0000] {logging_mixin.py:190} INFO - [2026-07-06T21:18:14.075+0000] {override.py:1911} INFO - Created Permission View: can delete on DAG Run:00_hello_world
[2026-07-06T21:18:14.076+0000] {logging_mixin.py:190} INFO - [2026-07-06T21:18:14.075+0000] {dag.py:3239} INFO - Sync 1 DAGs
[2026-07-06T21:18:14.095+0000] {logging_mixin.py:190} INFO - [2026-07-06T21:18:14.095+0000] {dag.py:3262} INFO - Creating ORM DAG for 00_hello_world
[2026-07-06T21:18:14.096+0000] {logging_mixin.py:190} INFO - [2026-07-06T21:18:14.096+0000] {dag.py:4180} INFO - Setting next_dagrun for 00_hello_world to None, run_after=None
[2026-07-06T21:18:14.132+0000] {processor.py:208} INFO - Processing /opt/airflow/dags/00_hello_world.py took 0.621 seconds
[2026-07-06T21:18:44.554+0000] {processor.py:186} INFO - Started process (PID=177) to work on /opt/airflow/dags/00_hello_world.py
[2026-07-06T21:18:44.556+0000] {processor.py:914} INFO - Processing file /opt/airflow/dags/00_hello_world.py for tasks to queue
[2026-07-06T21:18:44.561+0000] {logging_mixin.py:190} INFO - [2026-07-06T21:18:44.560+0000] {dagbag.py:588} INFO - Filling up the DagBag from /opt/airflow/dags/00_hello_world.py
[2026-07-06T21:18:44.582+0000] {processor.py:925} INFO - DAG(s) '00_hello_world' retrieved from /opt/airflow/dags/00_hello_world.py
[2026-07-06T21:18:44.670+0000] {logging_mixin.py:190} INFO - [2026-07-06T21:18:44.670+0000] {dag.py:3239} INFO - Sync 1 DAGs
[2026-07-06T21:18:44.688+0000] {logging_mixin.py:190} INFO - [2026-07-06T21:18:44.688+0000] {dag.py:4180} INFO - Setting next_dagrun for 00_hello_world to None, run_after=None
[2026-07-06T21:18:44.713+0000] {processor.py:208} INFO - Processing /opt/airflow/dags/00_hello_world.py took 0.234 seconds
[2026-07-06T21:19:15.201+0000] {processor.py:186} INFO - Started process (PID=187) to work on /opt/airflow/dags/00_hello_world.py
[2026-07-06T21:19:15.202+0000] {processor.py:914} INFO - Processing file /opt/airflow/dags/00_hello_world.py for tasks to queue
[2026-07-06T21:19:15.205+0000] {logging_mixin.py:190} INFO - [2026-07-06T21:19:15.205+0000] {dagbag.py:588} INFO - Filling up the DagBag from /opt/airflow/dags/00_hello_world.py
[2026-07-06T21:19:15.338+0000] {processor.py:925} INFO - DAG(s) '00_hello_world' retrieved from /opt/airflow/dags/00_hello_world.py
[2026-07-06T21:19:15.452+0000] {logging_mixin.py:190} INFO - [2026-07-06T21:19:15.452+0000] {dag.py:3239} INFO - Sync 1 DAGs
[2026-07-06T21:19:15.480+0000] {logging_mixin.py:190} INFO - [2026-07-06T21:19:15.480+0000] {dag.py:4180} INFO - Setting next_dagrun for 00_hello_world to None, run_after=None
[2026-07-06T21:19:15.533+0000] {processor.py:208} INFO - Processing /opt/airflow/dags/00_hello_world.py took 0.351 seconds
[2026-07-06T21:19:45.917+0000] {processor.py:186} INFO - Started process (PID=196) to work on /opt/airflow/dags/00_hello_world.py
[2026-07-06T21:19:45.921+0000] {processor.py:914} INFO - Processing file /opt/airflow/dags/00_hello_world.py for tasks to queue
[2026-07-06T21:19:45.945+0000] {logging_mixin.py:190} INFO - [2026-07-06T21:19:45.937+0000] {dagbag.py:588} INFO - Filling up the DagBag from /opt/airflow/dags/00_hello_world.py
[2026-07-06T21:19:46.153+0000] {processor.py:925} INFO - DAG(s) '00_hello_world' retrieved from /opt/airflow/dags/00_hello_world.py
[2026-07-06T21:19:50.536+0000] {logging_mixin.py:190} INFO - [2026-07-06T21:19:50.452+0000] {dag.py:3239} INFO - Sync 1 DAGs
[2026-07-06T21:19:51.842+0000] {logging_mixin.py:190} INFO - [2026-07-06T21:19:51.838+0000] {dag.py:4180} INFO - Setting next_dagrun for 00_hello_world to None, run_after=None
[2026-07-06T21:19:52.144+0000] {processor.py:208} INFO - Processing /opt/airflow/dags/00_hello_world.py took 6.303 seconds
[2026-07-06T21:20:22.789+0000] {processor.py:186} INFO - Started process (PID=205) to work on /opt/airflow/dags/00_hello_world.py
[2026-07-06T21:20:22.794+0000] {processor.py:914} INFO - Processing file /opt/airflow/dags/00_hello_world.py for tasks to queue
[2026-07-06T21:20:22.867+0000] {logging_mixin.py:190} INFO - [2026-07-06T21:20:22.846+0000] {dagbag.py:588} INFO - Filling up the DagBag from /opt/airflow/dags/00_hello_world.py
[2026-07-06T21:20:23.148+0000] {processor.py:925} INFO - DAG(s) '00_hello_world' retrieved from /opt/airflow/dags/00_hello_world.py
[2026-07-06T21:20:23.470+0000] {logging_mixin.py:190} INFO - [2026-07-06T21:20:23.469+0000] {dag.py:3239} INFO - Sync 1 DAGs
[2026-07-06T21:20:23.526+0000] {logging_mixin.py:190} INFO - [2026-07-06T21:20:23.526+0000] {dag.py:4180} INFO - Setting next_dagrun for 00_hello_world to None, run_after=None
[2026-07-06T21:20:23.569+0000] {processor.py:208} INFO - Processing /opt/airflow/dags/00_hello_world.py took 0.919 seconds
[2026-07-06T21:20:53.984+0000] {processor.py:186} INFO - Started process (PID=216) to work on /opt/airflow/dags/00_hello_world.py
[2026-07-06T21:20:53.989+0000] {processor.py:914} INFO - Processing file /opt/airflow/dags/00_hello_world.py for tasks to queue
[2026-07-06T21:20:54.023+0000] {logging_mixin.py:190} INFO - [2026-07-06T21:20:54.019+0000] {dagbag.py:588} INFO - Filling up the DagBag from /opt/airflow/dags/00_hello_world.py
[2026-07-06T21:20:54.115+0000] {processor.py:925} INFO - DAG(s) '00_hello_world' retrieved from /opt/airflow/dags/00_hello_world.py
[2026-07-06T21:20:54.336+0000] {logging_mixin.py:190} INFO - [2026-07-06T21:20:54.335+0000] {dag.py:3239} INFO - Sync 1 DAGs
[2026-07-06T21:20:54.445+0000] {logging_mixin.py:190} INFO - [2026-07-06T21:20:54.444+0000] {dag.py:4180} INFO - Setting next_dagrun for 00_hello_world to None, run_after=None
[2026-07-06T21:20:54.551+0000] {processor.py:208} INFO - Processing /opt/airflow/dags/00_hello_world.py took 0.620 seconds
[2026-07-06T21:21:25.496+0000] {processor.py:186} INFO - Started process (PID=225) to work on /opt/airflow/dags/00_hello_world.py
[2026-07-06T21:21:25.503+0000] {processor.py:914} INFO - Processing file /opt/airflow/dags/00_hello_world.py for tasks to queue
[2026-07-06T21:21:25.654+0000] {logging_mixin.py:190} INFO - [2026-07-06T21:21:25.646+0000] {dagbag.py:588} INFO - Filling up the DagBag from /opt/airflow/dags/00_hello_world.py
[2026-07-06T21:21:26.190+0000] {processor.py:925} INFO - DAG(s) '00_hello_world' retrieved from /opt/airflow/dags/00_hello_world.py
[2026-07-06T21:21:26.544+0000] {logging_mixin.py:190} INFO - [2026-07-06T21:21:26.544+0000] {dag.py:3239} INFO - Sync 1 DAGs
[2026-07-06T21:21:26.593+0000] {logging_mixin.py:190} INFO - [2026-07-06T21:21:26.592+0000] {dag.py:4180} INFO - Setting next_dagrun for 00_hello_world to None, run_after=None
[2026-07-06T21:21:26.695+0000] {processor.py:208} INFO - Processing /opt/airflow/dags/00_hello_world.py took 1.478 seconds
[2026-07-06T21:21:57.211+0000] {processor.py:186} INFO - Started process (PID=237) to work on /opt/airflow/dags/00_hello_world.py
[2026-07-06T21:21:57.216+0000] {processor.py:914} INFO - Processing file /opt/airflow/dags/00_hello_world.py for tasks to queue
[2026-07-06T21:21:57.228+0000] {logging_mixin.py:190} INFO - [2026-07-06T21:21:57.227+0000] {dagbag.py:588} INFO - Filling up the DagBag from /opt/airflow/dags/00_hello_world.py
[2026-07-06T21:21:57.282+0000] {processor.py:925} INFO - DAG(s) '00_hello_world' retrieved from /opt/airflow/dags/00_hello_world.py
[2026-07-06T21:21:57.439+0000] {logging_mixin.py:190} INFO - [2026-07-06T21:21:57.437+0000] {dag.py:3239} INFO - Sync 1 DAGs
[2026-07-06T21:21:57.501+0000] {logging_mixin.py:190} INFO - [2026-07-06T21:21:57.501+0000] {dag.py:4180} INFO - Setting next_dagrun for 00_hello_world to None, run_after=None
[2026-07-06T21:21:57.540+0000] {processor.py:208} INFO - Processing /opt/airflow/dags/00_hello_world.py took 0.369 seconds
[2026-07-06T21:22:27.811+0000] {processor.py:186} INFO - Started process (PID=246) to work on /opt/airflow/dags/00_hello_world.py
[2026-07-06T21:22:27.812+0000] {processor.py:914} INFO - Processing file /opt/airflow/dags/00_hello_world.py for tasks to queue
[2026-07-06T21:22:27.815+0000] {logging_mixin.py:190} INFO - [2026-07-06T21:22:27.815+0000] {dagbag.py:588} INFO - Filling up the DagBag from /opt/airflow/dags/00_hello_world.py
[2026-07-06T21:22:27.833+0000] {processor.py:925} INFO - DAG(s) '00_hello_world' retrieved from /opt/airflow/dags/00_hello_world.py
[2026-07-06T21:22:27.874+0000] {logging_mixin.py:190} INFO - [2026-07-06T21:22:27.874+0000] {dag.py:3239} INFO - Sync 1 DAGs
[2026-07-06T21:22:27.892+0000] {logging_mixin.py:190} INFO - [2026-07-06T21:22:27.892+0000] {dag.py:4180} INFO - Setting next_dagrun for 00_hello_world to None, run_after=None
[2026-07-06T21:22:27.913+0000] {processor.py:208} INFO - Processing /opt/airflow/dags/00_hello_world.py took 0.111 seconds
[2026-07-06T21:22:58.387+0000] {processor.py:186} INFO - Started process (PID=257) to work on /opt/airflow/dags/00_hello_world.py
[2026-07-06T21:22:58.392+0000] {processor.py:914} INFO - Processing file /opt/airflow/dags/00_hello_world.py for tasks to queue
[2026-07-06T21:22:58.404+0000] {logging_mixin.py:190} INFO - [2026-07-06T21:22:58.403+0000] {dagbag.py:588} INFO - Filling up the DagBag from /opt/airflow/dags/00_hello_world.py
[2026-07-06T21:22:58.453+0000] {processor.py:925} INFO - DAG(s) '00_hello_world' retrieved from /opt/airflow/dags/00_hello_world.py
[2026-07-06T21:22:58.538+0000] {logging_mixin.py:190} INFO - [2026-07-06T21:22:58.538+0000] {dag.py:3239} INFO - Sync 1 DAGs
[2026-07-06T21:22:58.556+0000] {logging_mixin.py:190} INFO - [2026-07-06T21:22:58.556+0000] {dag.py:4180} INFO - Setting next_dagrun for 00_hello_world to None, run_after=None
[2026-07-06T21:22:58.578+0000] {processor.py:208} INFO - Processing /opt/airflow/dags/00_hello_world.py took 0.227 seconds
[2026-07-06T21:23:29.146+0000] {processor.py:186} INFO - Started process (PID=267) to work on /opt/airflow/dags/00_hello_world.py
[2026-07-06T21:23:29.148+0000] {processor.py:914} INFO - Processing file /opt/airflow/dags/00_hello_world.py for tasks to queue
[2026-07-06T21:23:29.152+0000] {logging_mixin.py:190} INFO - [2026-07-06T21:23:29.151+0000] {dagbag.py:588} INFO - Filling up the DagBag from /opt/airflow/dags/00_hello_world.py
[2026-07-06T21:23:29.170+0000] {processor.py:925} INFO - DAG(s) '00_hello_world' retrieved from /opt/airflow/dags/00_hello_world.py
[2026-07-06T21:23:29.212+0000] {logging_mixin.py:190} INFO - [2026-07-06T21:23:29.211+0000] {dag.py:3239} INFO - Sync 1 DAGs
[2026-07-06T21:23:29.247+0000] {logging_mixin.py:190} INFO - [2026-07-06T21:23:29.246+0000] {dag.py:4180} INFO - Setting next_dagrun for 00_hello_world to None, run_after=None
[2026-07-06T21:23:29.270+0000] {processor.py:208} INFO - Processing /opt/airflow/dags/00_hello_world.py took 0.138 seconds
[2026-07-06T21:23:59.560+0000] {processor.py:186} INFO - Started process (PID=277) to work on /opt/airflow/dags/00_hello_world.py
[2026-07-06T21:23:59.562+0000] {processor.py:914} INFO - Processing file /opt/airflow/dags/00_hello_world.py for tasks to queue
[2026-07-06T21:23:59.566+0000] {logging_mixin.py:190} INFO - [2026-07-06T21:23:59.566+0000] {dagbag.py:588} INFO - Filling up the DagBag from /opt/airflow/dags/00_hello_world.py
[2026-07-06T21:23:59.581+0000] {processor.py:925} INFO - DAG(s) '00_hello_world' retrieved from /opt/airflow/dags/00_hello_world.py
[2026-07-06T21:23:59.625+0000] {logging_mixin.py:190} INFO - [2026-07-06T21:23:59.625+0000] {dag.py:3239} INFO - Sync 1 DAGs
[2026-07-06T21:23:59.644+0000] {logging_mixin.py:190} INFO - [2026-07-06T21:23:59.643+0000] {dag.py:4180} INFO - Setting next_dagrun for 00_hello_world to None, run_after=None
[2026-07-06T21:23:59.666+0000] {processor.py:208} INFO - Processing /opt/airflow/dags/00_hello_world.py took 0.119 seconds
[2026-07-06T21:24:30.189+0000] {processor.py:186} INFO - Started process (PID=287) to work on /opt/airflow/dags/00_hello_world.py
[2026-07-06T21:24:30.192+0000] {processor.py:914} INFO - Processing file /opt/airflow/dags/00_hello_world.py for tasks to queue
[2026-07-06T21:24:30.209+0000] {logging_mixin.py:190} INFO - [2026-07-06T21:24:30.207+0000] {dagbag.py:588} INFO - Filling up the DagBag from /opt/airflow/dags/00_hello_world.py
[2026-07-06T21:24:30.245+0000] {processor.py:925} INFO - DAG(s) '00_hello_world' retrieved from /opt/airflow/dags/00_hello_world.py
[2026-07-06T21:24:30.346+0000] {logging_mixin.py:190} INFO - [2026-07-06T21:24:30.345+0000] {dag.py:3239} INFO - Sync 1 DAGs
[2026-07-06T21:24:30.376+0000] {logging_mixin.py:190} INFO - [2026-07-06T21:24:30.376+0000] {dag.py:4180} INFO - Setting next_dagrun for 00_hello_world to None, run_after=None
[2026-07-06T21:24:30.414+0000] {processor.py:208} INFO - Processing /opt/airflow/dags/00_hello_world.py took 0.247 seconds
[2026-07-06T21:25:00.852+0000] {processor.py:186} INFO - Started process (PID=297) to work on /opt/airflow/dags/00_hello_world.py
[2026-07-06T21:25:00.859+0000] {processor.py:914} INFO - Processing file /opt/airflow/dags/00_hello_world.py for tasks to queue
[2026-07-06T21:25:00.862+0000] {logging_mixin.py:190} INFO - [2026-07-06T21:25:00.861+0000] {dagbag.py:588} INFO - Filling up the DagBag from /opt/airflow/dags/00_hello_world.py
[2026-07-06T21:25:00.904+0000] {processor.py:925} INFO - DAG(s) '00_hello_world' retrieved from /opt/airflow/dags/00_hello_world.py
[2026-07-06T21:25:00.994+0000] {logging_mixin.py:190} INFO - [2026-07-06T21:25:00.993+0000] {dag.py:3239} INFO - Sync 1 DAGs
[2026-07-06T21:25:01.014+0000] {logging_mixin.py:190} INFO - [2026-07-06T21:25:01.014+0000] {dag.py:4180} INFO - Setting next_dagrun for 00_hello_world to None, run_after=None
[2026-07-06T21:25:01.040+0000] {processor.py:208} INFO - Processing /opt/airflow/dags/00_hello_world.py took 0.198 seconds
[2026-07-06T21:25:31.371+0000] {processor.py:186} INFO - Started process (PID=307) to work on /opt/airflow/dags/00_hello_world.py
[2026-07-06T21:25:31.375+0000] {processor.py:914} INFO - Processing file /opt/airflow/dags/00_hello_world.py for tasks to queue
[2026-07-06T21:25:31.390+0000] {logging_mixin.py:190} INFO - [2026-07-06T21:25:31.388+0000] {dagbag.py:588} INFO - Filling up the DagBag from /opt/airflow/dags/00_hello_world.py
[2026-07-06T21:25:31.449+0000] {processor.py:925} INFO - DAG(s) '00_hello_world' retrieved from /opt/airflow/dags/00_hello_world.py
[2026-07-06T21:25:31.574+0000] {logging_mixin.py:190} INFO - [2026-07-06T21:25:31.574+0000] {dag.py:3239} INFO - Sync 1 DAGs
[2026-07-06T21:25:31.598+0000] {logging_mixin.py:190} INFO - [2026-07-06T21:25:31.598+0000] {dag.py:4180} INFO - Setting next_dagrun for 00_hello_world to None, run_after=None
[2026-07-06T21:25:31.621+0000] {processor.py:208} INFO - Processing /opt/airflow/dags/00_hello_world.py took 0.284 seconds
[2026-07-06T21:26:02.132+0000] {processor.py:186} INFO - Started process (PID=317) to work on /opt/airflow/dags/00_hello_world.py
[2026-07-06T21:26:02.135+0000] {processor.py:914} INFO - Processing file /opt/airflow/dags/00_hello_world.py for tasks to queue
[2026-07-06T21:26:02.145+0000] {logging_mixin.py:190} INFO - [2026-07-06T21:26:02.144+0000] {dagbag.py:588} INFO - Filling up the DagBag from /opt/airflow/dags/00_hello_world.py
[2026-07-06T21:26:02.163+0000] {processor.py:925} INFO - DAG(s) '00_hello_world' retrieved from /opt/airflow/dags/00_hello_world.py
[2026-07-06T21:26:02.202+0000] {logging_mixin.py:190} INFO - [2026-07-06T21:26:02.202+0000] {dag.py:3239} INFO - Sync 1 DAGs
[2026-07-06T21:26:02.218+0000] {logging_mixin.py:190} INFO - [2026-07-06T21:26:02.218+0000] {dag.py:4180} INFO - Setting next_dagrun for 00_hello_world to None, run_after=None
[2026-07-06T21:26:02.238+0000] {processor.py:208} INFO - Processing /opt/airflow/dags/00_hello_world.py took 0.130 seconds
[2026-07-06T21:26:32.847+0000] {processor.py:186} INFO - Started process (PID=325) to work on /opt/airflow/dags/00_hello_world.py
[2026-07-06T21:26:32.862+0000] {processor.py:914} INFO - Processing file /opt/airflow/dags/00_hello_world.py for tasks to queue
[2026-07-06T21:26:32.891+0000] {logging_mixin.py:190} INFO - [2026-07-06T21:26:32.880+0000] {dagbag.py:588} INFO - Filling up the DagBag from /opt/airflow/dags/00_hello_world.py
[2026-07-06T21:26:33.767+0000] {processor.py:925} INFO - DAG(s) '00_hello_world' retrieved from /opt/airflow/dags/00_hello_world.py
[2026-07-06T21:26:35.014+0000] {logging_mixin.py:190} INFO - [2026-07-06T21:26:35.013+0000] {dag.py:3239} INFO - Sync 1 DAGs
[2026-07-06T21:26:35.124+0000] {logging_mixin.py:190} INFO - [2026-07-06T21:26:35.124+0000] {dag.py:4180} INFO - Setting next_dagrun for 00_hello_world to None, run_after=None
[2026-07-06T21:26:35.362+0000] {processor.py:208} INFO - Processing /opt/airflow/dags/00_hello_world.py took 2.643 seconds
[2026-07-06T21:27:08.793+0000] {processor.py:186} INFO - Started process (PID=335) to work on /opt/airflow/dags/00_hello_world.py
[2026-07-06T21:27:08.806+0000] {processor.py:914} INFO - Processing file /opt/airflow/dags/00_hello_world.py for tasks to queue
[2026-07-06T21:27:08.887+0000] {logging_mixin.py:190} INFO - [2026-07-06T21:27:08.853+0000] {dagbag.py:588} INFO - Filling up the DagBag from /opt/airflow/dags/00_hello_world.py
[2026-07-06T21:27:09.454+0000] {processor.py:925} INFO - DAG(s) '00_hello_world' retrieved from /opt/airflow/dags/00_hello_world.py
[2026-07-06T21:27:12.714+0000] {logging_mixin.py:190} INFO - [2026-07-06T21:27:12.517+0000] {dag.py:3239} INFO - Sync 1 DAGs
[2026-07-06T21:27:13.011+0000] {logging_mixin.py:190} INFO - [2026-07-06T21:27:13.010+0000] {dag.py:4180} INFO - Setting next_dagrun for 00_hello_world to None, run_after=None
[2026-07-06T21:27:13.308+0000] {processor.py:208} INFO - Processing /opt/airflow/dags/00_hello_world.py took 5.430 seconds
[2026-07-06T21:28:32.147+0000] {processor.py:186} INFO - Started process (PID=345) to work on /opt/airflow/dags/00_hello_world.py
[2026-07-06T21:28:34.847+0000] {processor.py:914} INFO - Processing file /opt/airflow/dags/00_hello_world.py for tasks to queue
[2026-07-06T21:28:37.921+0000] {logging_mixin.py:190} INFO - [2026-07-06T21:28:36.775+0000] {dagbag.py:588} INFO - Filling up the DagBag from /opt/airflow/dags/00_hello_world.py
[2026-07-06T21:28:46.534+0000] {processor.py:925} INFO - DAG(s) '00_hello_world' retrieved from /opt/airflow/dags/00_hello_world.py
[2026-07-06T21:29:20.200+0000] {processor.py:186} INFO - Started process (PID=353) to work on /opt/airflow/dags/00_hello_world.py
[2026-07-06T21:29:20.409+0000] {processor.py:914} INFO - Processing file /opt/airflow/dags/00_hello_world.py for tasks to queue
[2026-07-06T21:29:20.493+0000] {logging_mixin.py:190} INFO - [2026-07-06T21:29:20.489+0000] {dagbag.py:588} INFO - Filling up the DagBag from /opt/airflow/dags/00_hello_world.py
[2026-07-06T21:29:21.450+0000] {processor.py:925} INFO - DAG(s) '00_hello_world' retrieved from /opt/airflow/dags/00_hello_world.py
[2026-07-06T21:30:11.383+0000] {logging_mixin.py:190} INFO - [2026-07-06T21:30:11.379+0000] {process_utils.py:266} INFO - Waiting up to 5 seconds for processes to exit...
[2026-07-06T21:30:11.394+0000] {processor.py:211} ERROR - Got an exception! Propagating...
Traceback (most recent call last):
  File "/home/airflow/.local/lib/python3.12/site-packages/airflow/utils/session.py", line 56, in create_session
    yield session
  File "/home/airflow/.local/lib/python3.12/site-packages/airflow/utils/session.py", line 97, in wrapper
    return func(*args, session=session, **kwargs)
           ^^^^^^^^^^^^^^^^^^^^^^^^^^^^^^^^^^^^^^
  File "/home/airflow/.local/lib/python3.12/site-packages/airflow/dag_processing/processor.py", line 982, in save_dag_to_db
    import_errors = DagBag._sync_to_db(dags=dags, processor_subdir=dag_directory, session=session)
                    ^^^^^^^^^^^^^^^^^^^^^^^^^^^^^^^^^^^^^^^^^^^^^^^^^^^^^^^^^^^^^^^^^^^^^^^^^^^^^^
  File "/home/airflow/.local/lib/python3.12/site-packages/airflow/utils/session.py", line 94, in wrapper
    return func(*args, **kwargs)
           ^^^^^^^^^^^^^^^^^^^^^
  File "/home/airflow/.local/lib/python3.12/site-packages/airflow/models/dagbag.py", line 708, in _sync_to_db
    for attempt in run_with_db_retries(logger=log):
                   ^^^^^^^^^^^^^^^^^^^^^^^^^^^^^^^
  File "/home/airflow/.local/lib/python3.12/site-packages/tenacity/__init__.py", line 443, in __iter__
    do = self.iter(retry_state=retry_state)
         ^^^^^^^^^^^^^^^^^^^^^^^^^^^^^^^^^^
  File "/home/airflow/.local/lib/python3.12/site-packages/tenacity/__init__.py", line 376, in iter
    result = action(retry_state)
             ^^^^^^^^^^^^^^^^^^^
  File "/home/airflow/.local/lib/python3.12/site-packages/tenacity/__init__.py", line 398, in <lambda>
    self._add_action_func(lambda rs: rs.outcome.result())
                                     ^^^^^^^^^^^^^^^^^^^
  File "/usr/local/lib/python3.12/concurrent/futures/_base.py", line 449, in result
    return self.__get_result()
           ^^^^^^^^^^^^^^^^^^^
  File "/usr/local/lib/python3.12/concurrent/futures/_base.py", line 401, in __get_result
    raise self._exception
  File "/home/airflow/.local/lib/python3.12/site-packages/airflow/models/dagbag.py", line 721, in _sync_to_db
    _serialize_dag_capturing_errors(dag, session, processor_subdir)
  File "/home/airflow/.local/lib/python3.12/site-packages/airflow/models/dagbag.py", line 686, in _serialize_dag_capturing_errors
    dag_was_updated = SerializedDagModel.write_dag(
                      ^^^^^^^^^^^^^^^^^^^^^^^^^^^^^
  File "/home/airflow/.local/lib/python3.12/site-packages/airflow/utils/session.py", line 94, in wrapper
    return func(*args, **kwargs)
           ^^^^^^^^^^^^^^^^^^^^^
  File "/home/airflow/.local/lib/python3.12/site-packages/airflow/models/serialized_dag.py", line 169, in write_dag
    new_serialized_dag = cls(dag, processor_subdir)
                         ^^^^^^^^^^^^^^^^^^^^^^^^^^
  File "<string>", line 4, in __init__
  File "/home/airflow/.local/lib/python3.12/site-packages/sqlalchemy/orm/state.py", line 481, in _initialize_instance
    with util.safe_reraise():
         ^^^^^^^^^^^^^^^^^^^
  File "/home/airflow/.local/lib/python3.12/site-packages/sqlalchemy/util/langhelpers.py", line 70, in __exit__
    compat.raise_(
  File "/home/airflow/.local/lib/python3.12/site-packages/sqlalchemy/util/compat.py", line 211, in raise_
    raise exception
  File "/home/airflow/.local/lib/python3.12/site-packages/sqlalchemy/orm/state.py", line 479, in _initialize_instance
    return manager.original_init(*mixed[1:], **kwargs)
           ^^^^^^^^^^^^^^^^^^^^^^^^^^^^^^^^^^^^^^^^^^^
  File "/home/airflow/.local/lib/python3.12/site-packages/airflow/models/serialized_dag.py", line 116, in __init__
    dag_data = SerializedDAG.to_dict(dag)
               ^^^^^^^^^^^^^^^^^^^^^^^^^^
  File "/home/airflow/.local/lib/python3.12/site-packages/airflow/serialization/serialized_objects.py", line 1773, in to_dict
    json_dict = {"__version": cls.SERIALIZER_VERSION, "dag": cls.serialize_dag(var)}
                                                             ^^^^^^^^^^^^^^^^^^^^^^
  File "/home/airflow/.local/lib/python3.12/site-packages/airflow/serialization/serialized_objects.py", line 1665, in serialize_dag
    dag_deps.extend(DependencyDetector.detect_dag_dependencies(dag))
  File "/home/airflow/.local/lib/python3.12/site-packages/airflow/serialization/serialized_objects.py", line 1070, in detect_dag_dependencies
    yield from dag.timetable.dataset_condition.iter_dag_dependencies(source="", target=dag.dag_id)
                                                                                       ^^^^^^^^^^
  File "/home/airflow/.local/lib/python3.12/site-packages/airflow/models/dag.py", line 1360, in dag_id
    @property
    
  File "/home/airflow/.local/lib/python3.12/site-packages/airflow/dag_processing/manager.py", line 468, in _exit_gracefully
    self.end()
  File "/home/airflow/.local/lib/python3.12/site-packages/airflow/dag_processing/manager.py", line 1435, in end
    kill_child_processes_by_pids(pids_to_kill)
  File "/home/airflow/.local/lib/python3.12/site-packages/airflow/utils/process_utils.py", line 243, in kill_child_processes_by_pids
    def kill_child_processes_by_pids(pids_to_kill: list[int], timeout: int = 5) -> None:
    
  File "/home/airflow/.local/lib/python3.12/site-packages/airflow/dag_processing/manager.py", line 470, in _exit_gracefully
    sys.exit(os.EX_OK)
SystemExit: 0

During handling of the above exception, another exception occurred:

Traceback (most recent call last):
  File "/home/airflow/.local/lib/python3.12/site-packages/sqlalchemy/engine/base.py", line 1062, in _rollback_impl
    self.engine.dialect.do_rollback(self.connection)
  File "/home/airflow/.local/lib/python3.12/site-packages/sqlalchemy/engine/default.py", line 683, in do_rollback
    dbapi_connection.rollback()
psycopg2.OperationalError: server closed the connection unexpectedly
	This probably means the server terminated abnormally
	before or while processing the request.


The above exception was the direct cause of the following exception:

Traceback (most recent call last):
  File "/home/airflow/.local/lib/python3.12/site-packages/airflow/dag_processing/processor.py", line 207, in _run_file_processor
    _handle_dag_file_processing()
  File "/home/airflow/.local/lib/python3.12/site-packages/airflow/dag_processing/processor.py", line 188, in _handle_dag_file_processing
    result: tuple[int, int, int] = dag_file_processor.process_file(
                                   ^^^^^^^^^^^^^^^^^^^^^^^^^^^^^^^^
  File "/home/airflow/.local/lib/python3.12/site-packages/airflow/utils/session.py", line 97, in wrapper
    return func(*args, session=session, **kwargs)
           ^^^^^^^^^^^^^^^^^^^^^^^^^^^^^^^^^^^^^^
  File "/home/airflow/.local/lib/python3.12/site-packages/airflow/dag_processing/processor.py", line 942, in process_file
    serialize_errors = DagFileProcessor.save_dag_to_db(
                       ^^^^^^^^^^^^^^^^^^^^^^^^^^^^^^^^
  File "/home/airflow/.local/lib/python3.12/site-packages/airflow/api_internal/internal_api_call.py", line 166, in wrapper
    return func(*args, **kwargs)
           ^^^^^^^^^^^^^^^^^^^^^
  File "/home/airflow/.local/lib/python3.12/site-packages/airflow/utils/session.py", line 96, in wrapper
    with create_session() as session:
         ^^^^^^^^^^^^^^^^
  File "/usr/local/lib/python3.12/contextlib.py", line 158, in __exit__
    self.gen.throw(value)
  File "/home/airflow/.local/lib/python3.12/site-packages/airflow/utils/session.py", line 62, in create_session
    session.close()
  File "/home/airflow/.local/lib/python3.12/site-packages/sqlalchemy/orm/session.py", line 1816, in close
    self._close_impl(invalidate=False)
  File "/home/airflow/.local/lib/python3.12/site-packages/sqlalchemy/orm/session.py", line 1858, in _close_impl
    transaction.close(invalidate)
  File "/home/airflow/.local/lib/python3.12/site-packages/sqlalchemy/orm/session.py", line 926, in close
    transaction.close()
  File "/home/airflow/.local/lib/python3.12/site-packages/sqlalchemy/engine/base.py", line 2426, in close
    self._do_close()
  File "/home/airflow/.local/lib/python3.12/site-packages/sqlalchemy/engine/base.py", line 2649, in _do_close
    self._close_impl()
  File "/home/airflow/.local/lib/python3.12/site-packages/sqlalchemy/engine/base.py", line 2635, in _close_impl
    self._connection_rollback_impl()
  File "/home/airflow/.local/lib/python3.12/site-packages/sqlalchemy/engine/base.py", line 2627, in _connection_rollback_impl
    self.connection._rollback_impl()
  File "/home/airflow/.local/lib/python3.12/site-packages/sqlalchemy/engine/base.py", line 1064, in _rollback_impl
    self._handle_dbapi_exception(e, None, None, None, None)
  File "/home/airflow/.local/lib/python3.12/site-packages/sqlalchemy/engine/base.py", line 2134, in _handle_dbapi_exception
    util.raise_(
  File "/home/airflow/.local/lib/python3.12/site-packages/sqlalchemy/util/compat.py", line 211, in raise_
    raise exception
  File "/home/airflow/.local/lib/python3.12/site-packages/sqlalchemy/engine/base.py", line 1062, in _rollback_impl
    self.engine.dialect.do_rollback(self.connection)
  File "/home/airflow/.local/lib/python3.12/site-packages/sqlalchemy/engine/default.py", line 683, in do_rollback
    dbapi_connection.rollback()
sqlalchemy.exc.OperationalError: (psycopg2.OperationalError) server closed the connection unexpectedly
	This probably means the server terminated abnormally
	before or while processing the request.

(Background on this error at: https://sqlalche.me/e/14/e3q8)
[2026-07-06T23:27:42.598+0000] {processor.py:186} INFO - Started process (PID=166) to work on /opt/airflow/dags/00_hello_world.py
[2026-07-06T23:27:42.601+0000] {processor.py:914} INFO - Processing file /opt/airflow/dags/00_hello_world.py for tasks to queue
[2026-07-06T23:27:42.603+0000] {logging_mixin.py:190} INFO - [2026-07-06T23:27:42.603+0000] {dagbag.py:588} INFO - Filling up the DagBag from /opt/airflow/dags/00_hello_world.py
[2026-07-06T23:27:42.625+0000] {processor.py:925} INFO - DAG(s) '00_hello_world' retrieved from /opt/airflow/dags/00_hello_world.py
[2026-07-06T23:27:42.898+0000] {logging_mixin.py:190} INFO - [2026-07-06T23:27:42.898+0000] {dag.py:3239} INFO - Sync 1 DAGs
[2026-07-06T23:27:42.917+0000] {logging_mixin.py:190} INFO - [2026-07-06T23:27:42.917+0000] {dag.py:4180} INFO - Setting next_dagrun for 00_hello_world to None, run_after=None
[2026-07-06T23:27:42.938+0000] {processor.py:208} INFO - Processing /opt/airflow/dags/00_hello_world.py took 0.350 seconds
[2026-07-06T23:28:13.251+0000] {processor.py:186} INFO - Started process (PID=176) to work on /opt/airflow/dags/00_hello_world.py
[2026-07-06T23:28:13.252+0000] {processor.py:914} INFO - Processing file /opt/airflow/dags/00_hello_world.py for tasks to queue
[2026-07-06T23:28:13.255+0000] {logging_mixin.py:190} INFO - [2026-07-06T23:28:13.254+0000] {dagbag.py:588} INFO - Filling up the DagBag from /opt/airflow/dags/00_hello_world.py
[2026-07-06T23:28:13.268+0000] {processor.py:925} INFO - DAG(s) '00_hello_world' retrieved from /opt/airflow/dags/00_hello_world.py
[2026-07-06T23:28:13.315+0000] {logging_mixin.py:190} INFO - [2026-07-06T23:28:13.314+0000] {dag.py:3239} INFO - Sync 1 DAGs
[2026-07-06T23:28:13.335+0000] {logging_mixin.py:190} INFO - [2026-07-06T23:28:13.334+0000] {dag.py:4180} INFO - Setting next_dagrun for 00_hello_world to None, run_after=None
[2026-07-06T23:28:13.356+0000] {processor.py:208} INFO - Processing /opt/airflow/dags/00_hello_world.py took 0.114 seconds
[2026-07-06T23:28:43.662+0000] {processor.py:186} INFO - Started process (PID=186) to work on /opt/airflow/dags/00_hello_world.py
[2026-07-06T23:28:43.663+0000] {processor.py:914} INFO - Processing file /opt/airflow/dags/00_hello_world.py for tasks to queue
[2026-07-06T23:28:43.666+0000] {logging_mixin.py:190} INFO - [2026-07-06T23:28:43.666+0000] {dagbag.py:588} INFO - Filling up the DagBag from /opt/airflow/dags/00_hello_world.py
[2026-07-06T23:28:43.679+0000] {processor.py:925} INFO - DAG(s) '00_hello_world' retrieved from /opt/airflow/dags/00_hello_world.py
[2026-07-06T23:28:43.734+0000] {logging_mixin.py:190} INFO - [2026-07-06T23:28:43.734+0000] {dag.py:3239} INFO - Sync 1 DAGs
[2026-07-06T23:28:43.772+0000] {logging_mixin.py:190} INFO - [2026-07-06T23:28:43.772+0000] {dag.py:4180} INFO - Setting next_dagrun for 00_hello_world to None, run_after=None
[2026-07-06T23:28:43.825+0000] {processor.py:208} INFO - Processing /opt/airflow/dags/00_hello_world.py took 0.175 seconds
[2026-07-06T23:29:14.238+0000] {processor.py:186} INFO - Started process (PID=196) to work on /opt/airflow/dags/00_hello_world.py
[2026-07-06T23:29:14.238+0000] {processor.py:914} INFO - Processing file /opt/airflow/dags/00_hello_world.py for tasks to queue
[2026-07-06T23:29:14.241+0000] {logging_mixin.py:190} INFO - [2026-07-06T23:29:14.240+0000] {dagbag.py:588} INFO - Filling up the DagBag from /opt/airflow/dags/00_hello_world.py
[2026-07-06T23:29:14.255+0000] {processor.py:925} INFO - DAG(s) '00_hello_world' retrieved from /opt/airflow/dags/00_hello_world.py
[2026-07-06T23:29:14.287+0000] {logging_mixin.py:190} INFO - [2026-07-06T23:29:14.287+0000] {dag.py:3239} INFO - Sync 1 DAGs
[2026-07-06T23:29:14.303+0000] {logging_mixin.py:190} INFO - [2026-07-06T23:29:14.303+0000] {dag.py:4180} INFO - Setting next_dagrun for 00_hello_world to None, run_after=None
[2026-07-06T23:29:14.329+0000] {processor.py:208} INFO - Processing /opt/airflow/dags/00_hello_world.py took 0.101 seconds
[2026-07-06T23:29:44.757+0000] {processor.py:186} INFO - Started process (PID=206) to work on /opt/airflow/dags/00_hello_world.py
[2026-07-06T23:29:44.758+0000] {processor.py:914} INFO - Processing file /opt/airflow/dags/00_hello_world.py for tasks to queue
[2026-07-06T23:29:44.761+0000] {logging_mixin.py:190} INFO - [2026-07-06T23:29:44.760+0000] {dagbag.py:588} INFO - Filling up the DagBag from /opt/airflow/dags/00_hello_world.py
[2026-07-06T23:29:44.772+0000] {processor.py:925} INFO - DAG(s) '00_hello_world' retrieved from /opt/airflow/dags/00_hello_world.py
[2026-07-06T23:29:44.817+0000] {logging_mixin.py:190} INFO - [2026-07-06T23:29:44.817+0000] {dag.py:3239} INFO - Sync 1 DAGs
[2026-07-06T23:29:44.833+0000] {logging_mixin.py:190} INFO - [2026-07-06T23:29:44.833+0000] {dag.py:4180} INFO - Setting next_dagrun for 00_hello_world to None, run_after=None
[2026-07-06T23:29:44.853+0000] {processor.py:208} INFO - Processing /opt/airflow/dags/00_hello_world.py took 0.111 seconds
[2026-07-06T23:30:15.308+0000] {processor.py:186} INFO - Started process (PID=216) to work on /opt/airflow/dags/00_hello_world.py
[2026-07-06T23:30:15.309+0000] {processor.py:914} INFO - Processing file /opt/airflow/dags/00_hello_world.py for tasks to queue
[2026-07-06T23:30:15.312+0000] {logging_mixin.py:190} INFO - [2026-07-06T23:30:15.311+0000] {dagbag.py:588} INFO - Filling up the DagBag from /opt/airflow/dags/00_hello_world.py
[2026-07-06T23:30:15.323+0000] {processor.py:925} INFO - DAG(s) '00_hello_world' retrieved from /opt/airflow/dags/00_hello_world.py
[2026-07-06T23:30:15.358+0000] {logging_mixin.py:190} INFO - [2026-07-06T23:30:15.358+0000] {dag.py:3239} INFO - Sync 1 DAGs
[2026-07-06T23:30:15.384+0000] {logging_mixin.py:190} INFO - [2026-07-06T23:30:15.384+0000] {dag.py:4180} INFO - Setting next_dagrun for 00_hello_world to None, run_after=None
[2026-07-06T23:30:15.406+0000] {processor.py:208} INFO - Processing /opt/airflow/dags/00_hello_world.py took 0.110 seconds
[2026-07-06T23:30:45.899+0000] {processor.py:186} INFO - Started process (PID=226) to work on /opt/airflow/dags/00_hello_world.py
[2026-07-06T23:30:45.901+0000] {processor.py:914} INFO - Processing file /opt/airflow/dags/00_hello_world.py for tasks to queue
[2026-07-06T23:30:45.905+0000] {logging_mixin.py:190} INFO - [2026-07-06T23:30:45.905+0000] {dagbag.py:588} INFO - Filling up the DagBag from /opt/airflow/dags/00_hello_world.py
[2026-07-06T23:30:45.919+0000] {processor.py:925} INFO - DAG(s) '00_hello_world' retrieved from /opt/airflow/dags/00_hello_world.py
[2026-07-06T23:30:45.984+0000] {logging_mixin.py:190} INFO - [2026-07-06T23:30:45.984+0000] {dag.py:3239} INFO - Sync 1 DAGs
[2026-07-06T23:30:46.014+0000] {logging_mixin.py:190} INFO - [2026-07-06T23:30:46.013+0000] {dag.py:4180} INFO - Setting next_dagrun for 00_hello_world to None, run_after=None
[2026-07-06T23:30:46.043+0000] {processor.py:208} INFO - Processing /opt/airflow/dags/00_hello_world.py took 0.152 seconds
[2026-07-06T23:31:16.419+0000] {processor.py:186} INFO - Started process (PID=236) to work on /opt/airflow/dags/00_hello_world.py
[2026-07-06T23:31:16.424+0000] {processor.py:914} INFO - Processing file /opt/airflow/dags/00_hello_world.py for tasks to queue
[2026-07-06T23:31:16.443+0000] {logging_mixin.py:190} INFO - [2026-07-06T23:31:16.437+0000] {dagbag.py:588} INFO - Filling up the DagBag from /opt/airflow/dags/00_hello_world.py
[2026-07-06T23:31:16.479+0000] {processor.py:925} INFO - DAG(s) '00_hello_world' retrieved from /opt/airflow/dags/00_hello_world.py
[2026-07-06T23:31:16.553+0000] {logging_mixin.py:190} INFO - [2026-07-06T23:31:16.552+0000] {dag.py:3239} INFO - Sync 1 DAGs
[2026-07-06T23:31:16.584+0000] {logging_mixin.py:190} INFO - [2026-07-06T23:31:16.584+0000] {dag.py:4180} INFO - Setting next_dagrun for 00_hello_world to None, run_after=None
[2026-07-06T23:31:16.606+0000] {processor.py:208} INFO - Processing /opt/airflow/dags/00_hello_world.py took 0.225 seconds
[2026-07-06T23:31:47.088+0000] {processor.py:186} INFO - Started process (PID=246) to work on /opt/airflow/dags/00_hello_world.py
[2026-07-06T23:31:47.090+0000] {processor.py:914} INFO - Processing file /opt/airflow/dags/00_hello_world.py for tasks to queue
[2026-07-06T23:31:47.093+0000] {logging_mixin.py:190} INFO - [2026-07-06T23:31:47.093+0000] {dagbag.py:588} INFO - Filling up the DagBag from /opt/airflow/dags/00_hello_world.py
[2026-07-06T23:31:47.123+0000] {processor.py:925} INFO - DAG(s) '00_hello_world' retrieved from /opt/airflow/dags/00_hello_world.py
[2026-07-06T23:31:47.176+0000] {logging_mixin.py:190} INFO - [2026-07-06T23:31:47.176+0000] {dag.py:3239} INFO - Sync 1 DAGs
[2026-07-06T23:31:47.199+0000] {logging_mixin.py:190} INFO - [2026-07-06T23:31:47.198+0000] {dag.py:4180} INFO - Setting next_dagrun for 00_hello_world to None, run_after=None
[2026-07-06T23:31:47.229+0000] {processor.py:208} INFO - Processing /opt/airflow/dags/00_hello_world.py took 0.155 seconds
[2026-07-06T23:32:17.646+0000] {processor.py:186} INFO - Started process (PID=254) to work on /opt/airflow/dags/00_hello_world.py
[2026-07-06T23:32:17.647+0000] {processor.py:914} INFO - Processing file /opt/airflow/dags/00_hello_world.py for tasks to queue
[2026-07-06T23:32:17.649+0000] {logging_mixin.py:190} INFO - [2026-07-06T23:32:17.649+0000] {dagbag.py:588} INFO - Filling up the DagBag from /opt/airflow/dags/00_hello_world.py
[2026-07-06T23:32:17.658+0000] {processor.py:925} INFO - DAG(s) '00_hello_world' retrieved from /opt/airflow/dags/00_hello_world.py
[2026-07-06T23:32:17.703+0000] {logging_mixin.py:190} INFO - [2026-07-06T23:32:17.702+0000] {dag.py:3239} INFO - Sync 1 DAGs
[2026-07-06T23:32:17.720+0000] {logging_mixin.py:190} INFO - [2026-07-06T23:32:17.720+0000] {dag.py:4180} INFO - Setting next_dagrun for 00_hello_world to None, run_after=None
[2026-07-06T23:32:17.742+0000] {processor.py:208} INFO - Processing /opt/airflow/dags/00_hello_world.py took 0.103 seconds
[2026-07-06T23:32:48.234+0000] {processor.py:186} INFO - Started process (PID=266) to work on /opt/airflow/dags/00_hello_world.py
[2026-07-06T23:32:48.235+0000] {processor.py:914} INFO - Processing file /opt/airflow/dags/00_hello_world.py for tasks to queue
[2026-07-06T23:32:48.239+0000] {logging_mixin.py:190} INFO - [2026-07-06T23:32:48.238+0000] {dagbag.py:588} INFO - Filling up the DagBag from /opt/airflow/dags/00_hello_world.py
[2026-07-06T23:32:48.261+0000] {processor.py:925} INFO - DAG(s) '00_hello_world' retrieved from /opt/airflow/dags/00_hello_world.py
[2026-07-06T23:32:48.300+0000] {logging_mixin.py:190} INFO - [2026-07-06T23:32:48.299+0000] {dag.py:3239} INFO - Sync 1 DAGs
[2026-07-06T23:32:48.317+0000] {logging_mixin.py:190} INFO - [2026-07-06T23:32:48.317+0000] {dag.py:4180} INFO - Setting next_dagrun for 00_hello_world to None, run_after=None
[2026-07-06T23:32:48.342+0000] {processor.py:208} INFO - Processing /opt/airflow/dags/00_hello_world.py took 0.120 seconds
[2026-07-06T23:33:18.689+0000] {processor.py:186} INFO - Started process (PID=276) to work on /opt/airflow/dags/00_hello_world.py
[2026-07-06T23:33:18.690+0000] {processor.py:914} INFO - Processing file /opt/airflow/dags/00_hello_world.py for tasks to queue
[2026-07-06T23:33:18.693+0000] {logging_mixin.py:190} INFO - [2026-07-06T23:33:18.693+0000] {dagbag.py:588} INFO - Filling up the DagBag from /opt/airflow/dags/00_hello_world.py
[2026-07-06T23:33:18.708+0000] {processor.py:925} INFO - DAG(s) '00_hello_world' retrieved from /opt/airflow/dags/00_hello_world.py
[2026-07-06T23:33:18.754+0000] {logging_mixin.py:190} INFO - [2026-07-06T23:33:18.754+0000] {dag.py:3239} INFO - Sync 1 DAGs
[2026-07-06T23:33:18.778+0000] {logging_mixin.py:190} INFO - [2026-07-06T23:33:18.778+0000] {dag.py:4180} INFO - Setting next_dagrun for 00_hello_world to None, run_after=None
[2026-07-06T23:33:18.807+0000] {processor.py:208} INFO - Processing /opt/airflow/dags/00_hello_world.py took 0.128 seconds
[2026-07-06T23:33:49.190+0000] {processor.py:186} INFO - Started process (PID=286) to work on /opt/airflow/dags/00_hello_world.py
[2026-07-06T23:33:49.191+0000] {processor.py:914} INFO - Processing file /opt/airflow/dags/00_hello_world.py for tasks to queue
[2026-07-06T23:33:49.193+0000] {logging_mixin.py:190} INFO - [2026-07-06T23:33:49.193+0000] {dagbag.py:588} INFO - Filling up the DagBag from /opt/airflow/dags/00_hello_world.py
[2026-07-06T23:33:49.203+0000] {processor.py:925} INFO - DAG(s) '00_hello_world' retrieved from /opt/airflow/dags/00_hello_world.py
[2026-07-06T23:33:49.239+0000] {logging_mixin.py:190} INFO - [2026-07-06T23:33:49.239+0000] {dag.py:3239} INFO - Sync 1 DAGs
[2026-07-06T23:33:49.265+0000] {logging_mixin.py:190} INFO - [2026-07-06T23:33:49.265+0000] {dag.py:4180} INFO - Setting next_dagrun for 00_hello_world to None, run_after=None
[2026-07-06T23:33:49.286+0000] {processor.py:208} INFO - Processing /opt/airflow/dags/00_hello_world.py took 0.104 seconds
[2026-07-06T23:34:19.531+0000] {processor.py:186} INFO - Started process (PID=296) to work on /opt/airflow/dags/00_hello_world.py
[2026-07-06T23:34:19.536+0000] {processor.py:914} INFO - Processing file /opt/airflow/dags/00_hello_world.py for tasks to queue
[2026-07-06T23:34:19.551+0000] {logging_mixin.py:190} INFO - [2026-07-06T23:34:19.550+0000] {dagbag.py:588} INFO - Filling up the DagBag from /opt/airflow/dags/00_hello_world.py
[2026-07-06T23:34:19.584+0000] {processor.py:925} INFO - DAG(s) '00_hello_world' retrieved from /opt/airflow/dags/00_hello_world.py
[2026-07-06T23:34:19.626+0000] {logging_mixin.py:190} INFO - [2026-07-06T23:34:19.626+0000] {dag.py:3239} INFO - Sync 1 DAGs
[2026-07-06T23:34:19.641+0000] {logging_mixin.py:190} INFO - [2026-07-06T23:34:19.641+0000] {dag.py:4180} INFO - Setting next_dagrun for 00_hello_world to None, run_after=None
[2026-07-06T23:34:19.658+0000] {processor.py:208} INFO - Processing /opt/airflow/dags/00_hello_world.py took 0.169 seconds
[2026-07-06T23:34:49.907+0000] {processor.py:186} INFO - Started process (PID=306) to work on /opt/airflow/dags/00_hello_world.py
[2026-07-06T23:34:49.909+0000] {processor.py:914} INFO - Processing file /opt/airflow/dags/00_hello_world.py for tasks to queue
[2026-07-06T23:34:49.919+0000] {logging_mixin.py:190} INFO - [2026-07-06T23:34:49.918+0000] {dagbag.py:588} INFO - Filling up the DagBag from /opt/airflow/dags/00_hello_world.py
[2026-07-06T23:34:49.967+0000] {processor.py:925} INFO - DAG(s) '00_hello_world' retrieved from /opt/airflow/dags/00_hello_world.py
[2026-07-06T23:34:50.051+0000] {logging_mixin.py:190} INFO - [2026-07-06T23:34:50.051+0000] {dag.py:3239} INFO - Sync 1 DAGs
[2026-07-06T23:34:50.085+0000] {logging_mixin.py:190} INFO - [2026-07-06T23:34:50.084+0000] {dag.py:4180} INFO - Setting next_dagrun for 00_hello_world to None, run_after=None
[2026-07-06T23:34:50.162+0000] {processor.py:208} INFO - Processing /opt/airflow/dags/00_hello_world.py took 0.277 seconds
[2026-07-06T23:35:20.496+0000] {processor.py:186} INFO - Started process (PID=314) to work on /opt/airflow/dags/00_hello_world.py
[2026-07-06T23:35:20.500+0000] {processor.py:914} INFO - Processing file /opt/airflow/dags/00_hello_world.py for tasks to queue
[2026-07-06T23:35:20.549+0000] {logging_mixin.py:190} INFO - [2026-07-06T23:35:20.543+0000] {dagbag.py:588} INFO - Filling up the DagBag from /opt/airflow/dags/00_hello_world.py
[2026-07-06T23:35:20.815+0000] {processor.py:925} INFO - DAG(s) '00_hello_world' retrieved from /opt/airflow/dags/00_hello_world.py
[2026-07-06T23:35:21.153+0000] {logging_mixin.py:190} INFO - [2026-07-06T23:35:21.152+0000] {dag.py:3239} INFO - Sync 1 DAGs
[2026-07-06T23:35:21.357+0000] {logging_mixin.py:190} INFO - [2026-07-06T23:35:21.357+0000] {dag.py:4180} INFO - Setting next_dagrun for 00_hello_world to None, run_after=None
[2026-07-06T23:35:21.489+0000] {processor.py:208} INFO - Processing /opt/airflow/dags/00_hello_world.py took 1.071 seconds
[2026-07-06T23:37:32.363+0000] {processor.py:186} INFO - Started process (PID=166) to work on /opt/airflow/dags/00_hello_world.py
[2026-07-06T23:37:32.365+0000] {processor.py:914} INFO - Processing file /opt/airflow/dags/00_hello_world.py for tasks to queue
[2026-07-06T23:37:32.369+0000] {logging_mixin.py:190} INFO - [2026-07-06T23:37:32.368+0000] {dagbag.py:588} INFO - Filling up the DagBag from /opt/airflow/dags/00_hello_world.py
[2026-07-06T23:37:32.402+0000] {processor.py:925} INFO - DAG(s) '00_hello_world' retrieved from /opt/airflow/dags/00_hello_world.py
[2026-07-06T23:37:32.812+0000] {logging_mixin.py:190} INFO - [2026-07-06T23:37:32.811+0000] {override.py:1911} INFO - Created Permission View: can edit on DAG:00_hello_world
[2026-07-06T23:37:32.826+0000] {logging_mixin.py:190} INFO - [2026-07-06T23:37:32.825+0000] {override.py:1911} INFO - Created Permission View: can delete on DAG:00_hello_world
[2026-07-06T23:37:32.834+0000] {logging_mixin.py:190} INFO - [2026-07-06T23:37:32.834+0000] {override.py:1911} INFO - Created Permission View: can read on DAG:00_hello_world
[2026-07-06T23:37:32.846+0000] {logging_mixin.py:190} INFO - [2026-07-06T23:37:32.846+0000] {override.py:1911} INFO - Created Permission View: can delete on DAG Run:00_hello_world
[2026-07-06T23:37:32.854+0000] {logging_mixin.py:190} INFO - [2026-07-06T23:37:32.854+0000] {override.py:1911} INFO - Created Permission View: can read on DAG Run:00_hello_world
[2026-07-06T23:37:32.862+0000] {logging_mixin.py:190} INFO - [2026-07-06T23:37:32.862+0000] {override.py:1911} INFO - Created Permission View: can create on DAG Run:00_hello_world
[2026-07-06T23:37:32.870+0000] {logging_mixin.py:190} INFO - [2026-07-06T23:37:32.869+0000] {override.py:1911} INFO - Created Permission View: menu access on DAG Run:00_hello_world
[2026-07-06T23:37:32.870+0000] {logging_mixin.py:190} INFO - [2026-07-06T23:37:32.870+0000] {dag.py:3239} INFO - Sync 1 DAGs
[2026-07-06T23:37:32.886+0000] {logging_mixin.py:190} INFO - [2026-07-06T23:37:32.886+0000] {dag.py:3262} INFO - Creating ORM DAG for 00_hello_world
[2026-07-06T23:37:32.887+0000] {logging_mixin.py:190} INFO - [2026-07-06T23:37:32.887+0000] {dag.py:4180} INFO - Setting next_dagrun for 00_hello_world to None, run_after=None
[2026-07-06T23:37:32.905+0000] {processor.py:208} INFO - Processing /opt/airflow/dags/00_hello_world.py took 0.552 seconds
[2026-07-06T23:38:03.206+0000] {processor.py:186} INFO - Started process (PID=176) to work on /opt/airflow/dags/00_hello_world.py
[2026-07-06T23:38:03.211+0000] {processor.py:914} INFO - Processing file /opt/airflow/dags/00_hello_world.py for tasks to queue
[2026-07-06T23:38:03.219+0000] {logging_mixin.py:190} INFO - [2026-07-06T23:38:03.218+0000] {dagbag.py:588} INFO - Filling up the DagBag from /opt/airflow/dags/00_hello_world.py
[2026-07-06T23:38:03.279+0000] {processor.py:925} INFO - DAG(s) '00_hello_world' retrieved from /opt/airflow/dags/00_hello_world.py
[2026-07-06T23:38:03.380+0000] {logging_mixin.py:190} INFO - [2026-07-06T23:38:03.380+0000] {dag.py:3239} INFO - Sync 1 DAGs
[2026-07-06T23:38:03.413+0000] {logging_mixin.py:190} INFO - [2026-07-06T23:38:03.413+0000] {dag.py:4180} INFO - Setting next_dagrun for 00_hello_world to None, run_after=None
[2026-07-06T23:38:03.442+0000] {processor.py:208} INFO - Processing /opt/airflow/dags/00_hello_world.py took 0.265 seconds
[2026-07-06T23:38:33.871+0000] {processor.py:186} INFO - Started process (PID=186) to work on /opt/airflow/dags/00_hello_world.py
[2026-07-06T23:38:33.874+0000] {processor.py:914} INFO - Processing file /opt/airflow/dags/00_hello_world.py for tasks to queue
[2026-07-06T23:38:33.886+0000] {logging_mixin.py:190} INFO - [2026-07-06T23:38:33.884+0000] {dagbag.py:588} INFO - Filling up the DagBag from /opt/airflow/dags/00_hello_world.py
[2026-07-06T23:38:33.961+0000] {processor.py:925} INFO - DAG(s) '00_hello_world' retrieved from /opt/airflow/dags/00_hello_world.py
[2026-07-06T23:38:34.109+0000] {logging_mixin.py:190} INFO - [2026-07-06T23:38:34.109+0000] {dag.py:3239} INFO - Sync 1 DAGs
[2026-07-06T23:38:34.183+0000] {logging_mixin.py:190} INFO - [2026-07-06T23:38:34.183+0000] {dag.py:4180} INFO - Setting next_dagrun for 00_hello_world to None, run_after=None
[2026-07-06T23:38:34.227+0000] {processor.py:208} INFO - Processing /opt/airflow/dags/00_hello_world.py took 0.376 seconds
[2026-07-06T23:39:04.642+0000] {processor.py:186} INFO - Started process (PID=196) to work on /opt/airflow/dags/00_hello_world.py
[2026-07-06T23:39:04.645+0000] {processor.py:914} INFO - Processing file /opt/airflow/dags/00_hello_world.py for tasks to queue
[2026-07-06T23:39:04.655+0000] {logging_mixin.py:190} INFO - [2026-07-06T23:39:04.653+0000] {dagbag.py:588} INFO - Filling up the DagBag from /opt/airflow/dags/00_hello_world.py
[2026-07-06T23:39:04.719+0000] {processor.py:925} INFO - DAG(s) '00_hello_world' retrieved from /opt/airflow/dags/00_hello_world.py
[2026-07-06T23:39:04.828+0000] {logging_mixin.py:190} INFO - [2026-07-06T23:39:04.828+0000] {dag.py:3239} INFO - Sync 1 DAGs
[2026-07-06T23:39:04.856+0000] {logging_mixin.py:190} INFO - [2026-07-06T23:39:04.855+0000] {dag.py:4180} INFO - Setting next_dagrun for 00_hello_world to None, run_after=None
[2026-07-06T23:39:04.885+0000] {processor.py:208} INFO - Processing /opt/airflow/dags/00_hello_world.py took 0.253 seconds
[2026-07-06T23:39:35.422+0000] {processor.py:186} INFO - Started process (PID=204) to work on /opt/airflow/dags/00_hello_world.py
[2026-07-06T23:39:35.429+0000] {processor.py:914} INFO - Processing file /opt/airflow/dags/00_hello_world.py for tasks to queue
[2026-07-06T23:39:35.481+0000] {logging_mixin.py:190} INFO - [2026-07-06T23:39:35.471+0000] {dagbag.py:588} INFO - Filling up the DagBag from /opt/airflow/dags/00_hello_world.py
[2026-07-06T23:39:35.982+0000] {processor.py:925} INFO - DAG(s) '00_hello_world' retrieved from /opt/airflow/dags/00_hello_world.py
[2026-07-06T23:39:36.383+0000] {logging_mixin.py:190} INFO - [2026-07-06T23:39:36.383+0000] {dag.py:3239} INFO - Sync 1 DAGs
[2026-07-06T23:39:36.680+0000] {logging_mixin.py:190} INFO - [2026-07-06T23:39:36.679+0000] {dag.py:4180} INFO - Setting next_dagrun for 00_hello_world to None, run_after=None
[2026-07-06T23:39:36.854+0000] {processor.py:208} INFO - Processing /opt/airflow/dags/00_hello_world.py took 1.558 seconds
[2026-07-06T23:40:07.678+0000] {processor.py:186} INFO - Started process (PID=215) to work on /opt/airflow/dags/00_hello_world.py
[2026-07-06T23:40:07.693+0000] {processor.py:914} INFO - Processing file /opt/airflow/dags/00_hello_world.py for tasks to queue
[2026-07-06T23:40:07.714+0000] {logging_mixin.py:190} INFO - [2026-07-06T23:40:07.704+0000] {dagbag.py:588} INFO - Filling up the DagBag from /opt/airflow/dags/00_hello_world.py
[2026-07-06T23:40:07.894+0000] {processor.py:925} INFO - DAG(s) '00_hello_world' retrieved from /opt/airflow/dags/00_hello_world.py
[2026-07-06T23:40:08.549+0000] {logging_mixin.py:190} INFO - [2026-07-06T23:40:08.547+0000] {dag.py:3239} INFO - Sync 1 DAGs
[2026-07-06T23:40:08.654+0000] {logging_mixin.py:190} INFO - [2026-07-06T23:40:08.653+0000] {dag.py:4180} INFO - Setting next_dagrun for 00_hello_world to None, run_after=None
[2026-07-06T23:40:08.718+0000] {processor.py:208} INFO - Processing /opt/airflow/dags/00_hello_world.py took 1.077 seconds
[2026-07-06T23:40:38.933+0000] {processor.py:186} INFO - Started process (PID=226) to work on /opt/airflow/dags/00_hello_world.py
[2026-07-06T23:40:38.935+0000] {processor.py:914} INFO - Processing file /opt/airflow/dags/00_hello_world.py for tasks to queue
[2026-07-06T23:40:38.943+0000] {logging_mixin.py:190} INFO - [2026-07-06T23:40:38.942+0000] {dagbag.py:588} INFO - Filling up the DagBag from /opt/airflow/dags/00_hello_world.py
[2026-07-06T23:40:39.172+0000] {processor.py:925} INFO - DAG(s) '00_hello_world' retrieved from /opt/airflow/dags/00_hello_world.py
[2026-07-06T23:40:39.516+0000] {logging_mixin.py:190} INFO - [2026-07-06T23:40:39.516+0000] {dag.py:3239} INFO - Sync 1 DAGs
[2026-07-06T23:40:39.554+0000] {logging_mixin.py:190} INFO - [2026-07-06T23:40:39.553+0000] {dag.py:4180} INFO - Setting next_dagrun for 00_hello_world to None, run_after=None
[2026-07-06T23:40:39.799+0000] {processor.py:208} INFO - Processing /opt/airflow/dags/00_hello_world.py took 0.906 seconds
[2026-07-06T23:41:10.491+0000] {processor.py:186} INFO - Started process (PID=234) to work on /opt/airflow/dags/00_hello_world.py
[2026-07-06T23:41:10.500+0000] {processor.py:914} INFO - Processing file /opt/airflow/dags/00_hello_world.py for tasks to queue
[2026-07-06T23:41:10.536+0000] {logging_mixin.py:190} INFO - [2026-07-06T23:41:10.532+0000] {dagbag.py:588} INFO - Filling up the DagBag from /opt/airflow/dags/00_hello_world.py
[2026-07-06T23:41:10.655+0000] {processor.py:925} INFO - DAG(s) '00_hello_world' retrieved from /opt/airflow/dags/00_hello_world.py
[2026-07-06T23:41:10.824+0000] {logging_mixin.py:190} INFO - [2026-07-06T23:41:10.824+0000] {dag.py:3239} INFO - Sync 1 DAGs
[2026-07-06T23:41:10.908+0000] {logging_mixin.py:190} INFO - [2026-07-06T23:41:10.908+0000] {dag.py:4180} INFO - Setting next_dagrun for 00_hello_world to None, run_after=None
[2026-07-06T23:41:11.033+0000] {processor.py:208} INFO - Processing /opt/airflow/dags/00_hello_world.py took 0.656 seconds
[2026-07-06T23:41:41.581+0000] {processor.py:186} INFO - Started process (PID=246) to work on /opt/airflow/dags/00_hello_world.py
[2026-07-06T23:41:41.586+0000] {processor.py:914} INFO - Processing file /opt/airflow/dags/00_hello_world.py for tasks to queue
[2026-07-06T23:41:41.601+0000] {logging_mixin.py:190} INFO - [2026-07-06T23:41:41.600+0000] {dagbag.py:588} INFO - Filling up the DagBag from /opt/airflow/dags/00_hello_world.py
[2026-07-06T23:41:41.670+0000] {processor.py:925} INFO - DAG(s) '00_hello_world' retrieved from /opt/airflow/dags/00_hello_world.py
[2026-07-06T23:41:41.755+0000] {logging_mixin.py:190} INFO - [2026-07-06T23:41:41.755+0000] {dag.py:3239} INFO - Sync 1 DAGs
[2026-07-06T23:41:41.793+0000] {logging_mixin.py:190} INFO - [2026-07-06T23:41:41.792+0000] {dag.py:4180} INFO - Setting next_dagrun for 00_hello_world to None, run_after=None
[2026-07-06T23:41:42.053+0000] {processor.py:208} INFO - Processing /opt/airflow/dags/00_hello_world.py took 0.515 seconds
[2026-07-06T23:42:12.257+0000] {processor.py:186} INFO - Started process (PID=256) to work on /opt/airflow/dags/00_hello_world.py
[2026-07-06T23:42:12.260+0000] {processor.py:914} INFO - Processing file /opt/airflow/dags/00_hello_world.py for tasks to queue
[2026-07-06T23:42:12.267+0000] {logging_mixin.py:190} INFO - [2026-07-06T23:42:12.266+0000] {dagbag.py:588} INFO - Filling up the DagBag from /opt/airflow/dags/00_hello_world.py
[2026-07-06T23:42:12.291+0000] {processor.py:925} INFO - DAG(s) '00_hello_world' retrieved from /opt/airflow/dags/00_hello_world.py
[2026-07-06T23:42:12.347+0000] {logging_mixin.py:190} INFO - [2026-07-06T23:42:12.346+0000] {dag.py:3239} INFO - Sync 1 DAGs
[2026-07-06T23:42:12.383+0000] {logging_mixin.py:190} INFO - [2026-07-06T23:42:12.382+0000] {dag.py:4180} INFO - Setting next_dagrun for 00_hello_world to None, run_after=None
[2026-07-06T23:42:12.460+0000] {processor.py:208} INFO - Processing /opt/airflow/dags/00_hello_world.py took 0.242 seconds
[2026-07-06T23:42:42.882+0000] {processor.py:186} INFO - Started process (PID=266) to work on /opt/airflow/dags/00_hello_world.py
[2026-07-06T23:42:42.883+0000] {processor.py:914} INFO - Processing file /opt/airflow/dags/00_hello_world.py for tasks to queue
[2026-07-06T23:42:42.887+0000] {logging_mixin.py:190} INFO - [2026-07-06T23:42:42.886+0000] {dagbag.py:588} INFO - Filling up the DagBag from /opt/airflow/dags/00_hello_world.py
[2026-07-06T23:42:42.900+0000] {processor.py:925} INFO - DAG(s) '00_hello_world' retrieved from /opt/airflow/dags/00_hello_world.py
[2026-07-06T23:42:42.943+0000] {logging_mixin.py:190} INFO - [2026-07-06T23:42:42.943+0000] {dag.py:3239} INFO - Sync 1 DAGs
[2026-07-06T23:42:42.974+0000] {logging_mixin.py:190} INFO - [2026-07-06T23:42:42.974+0000] {dag.py:4180} INFO - Setting next_dagrun for 00_hello_world to None, run_after=None
[2026-07-06T23:42:43.078+0000] {processor.py:208} INFO - Processing /opt/airflow/dags/00_hello_world.py took 0.205 seconds
[2026-07-06T23:43:13.317+0000] {processor.py:186} INFO - Started process (PID=276) to work on /opt/airflow/dags/00_hello_world.py
[2026-07-06T23:43:13.321+0000] {processor.py:914} INFO - Processing file /opt/airflow/dags/00_hello_world.py for tasks to queue
[2026-07-06T23:43:13.335+0000] {logging_mixin.py:190} INFO - [2026-07-06T23:43:13.334+0000] {dagbag.py:588} INFO - Filling up the DagBag from /opt/airflow/dags/00_hello_world.py
[2026-07-06T23:43:13.373+0000] {processor.py:925} INFO - DAG(s) '00_hello_world' retrieved from /opt/airflow/dags/00_hello_world.py
[2026-07-06T23:43:13.418+0000] {logging_mixin.py:190} INFO - [2026-07-06T23:43:13.418+0000] {dag.py:3239} INFO - Sync 1 DAGs
[2026-07-06T23:43:13.435+0000] {logging_mixin.py:190} INFO - [2026-07-06T23:43:13.434+0000] {dag.py:4180} INFO - Setting next_dagrun for 00_hello_world to None, run_after=None
[2026-07-06T23:43:13.522+0000] {processor.py:208} INFO - Processing /opt/airflow/dags/00_hello_world.py took 0.243 seconds
[2026-07-06T23:43:43.676+0000] {processor.py:186} INFO - Started process (PID=286) to work on /opt/airflow/dags/00_hello_world.py
[2026-07-06T23:43:43.677+0000] {processor.py:914} INFO - Processing file /opt/airflow/dags/00_hello_world.py for tasks to queue
[2026-07-06T23:43:43.680+0000] {logging_mixin.py:190} INFO - [2026-07-06T23:43:43.680+0000] {dagbag.py:588} INFO - Filling up the DagBag from /opt/airflow/dags/00_hello_world.py
[2026-07-06T23:43:43.694+0000] {processor.py:925} INFO - DAG(s) '00_hello_world' retrieved from /opt/airflow/dags/00_hello_world.py
[2026-07-06T23:43:43.731+0000] {logging_mixin.py:190} INFO - [2026-07-06T23:43:43.730+0000] {dag.py:3239} INFO - Sync 1 DAGs
[2026-07-06T23:43:43.750+0000] {logging_mixin.py:190} INFO - [2026-07-06T23:43:43.750+0000] {dag.py:4180} INFO - Setting next_dagrun for 00_hello_world to None, run_after=None
[2026-07-06T23:43:43.777+0000] {processor.py:208} INFO - Processing /opt/airflow/dags/00_hello_world.py took 0.110 seconds
[2026-07-06T23:44:14.145+0000] {processor.py:186} INFO - Started process (PID=296) to work on /opt/airflow/dags/00_hello_world.py
[2026-07-06T23:44:14.146+0000] {processor.py:914} INFO - Processing file /opt/airflow/dags/00_hello_world.py for tasks to queue
[2026-07-06T23:44:14.158+0000] {logging_mixin.py:190} INFO - [2026-07-06T23:44:14.157+0000] {dagbag.py:588} INFO - Filling up the DagBag from /opt/airflow/dags/00_hello_world.py
[2026-07-06T23:44:14.183+0000] {processor.py:925} INFO - DAG(s) '00_hello_world' retrieved from /opt/airflow/dags/00_hello_world.py
[2026-07-06T23:44:14.235+0000] {logging_mixin.py:190} INFO - [2026-07-06T23:44:14.234+0000] {dag.py:3239} INFO - Sync 1 DAGs
[2026-07-06T23:44:14.276+0000] {logging_mixin.py:190} INFO - [2026-07-06T23:44:14.276+0000] {dag.py:4180} INFO - Setting next_dagrun for 00_hello_world to None, run_after=None
[2026-07-06T23:44:14.325+0000] {processor.py:208} INFO - Processing /opt/airflow/dags/00_hello_world.py took 0.193 seconds
[2026-07-06T23:44:44.811+0000] {processor.py:186} INFO - Started process (PID=306) to work on /opt/airflow/dags/00_hello_world.py
[2026-07-06T23:44:44.815+0000] {processor.py:914} INFO - Processing file /opt/airflow/dags/00_hello_world.py for tasks to queue
[2026-07-06T23:44:44.832+0000] {logging_mixin.py:190} INFO - [2026-07-06T23:44:44.830+0000] {dagbag.py:588} INFO - Filling up the DagBag from /opt/airflow/dags/00_hello_world.py
[2026-07-06T23:44:44.876+0000] {processor.py:925} INFO - DAG(s) '00_hello_world' retrieved from /opt/airflow/dags/00_hello_world.py
[2026-07-06T23:44:44.948+0000] {logging_mixin.py:190} INFO - [2026-07-06T23:44:44.948+0000] {dag.py:3239} INFO - Sync 1 DAGs
[2026-07-06T23:44:44.971+0000] {logging_mixin.py:190} INFO - [2026-07-06T23:44:44.971+0000] {dag.py:4180} INFO - Setting next_dagrun for 00_hello_world to None, run_after=None
[2026-07-06T23:44:44.996+0000] {processor.py:208} INFO - Processing /opt/airflow/dags/00_hello_world.py took 0.217 seconds
[2026-07-06T23:45:15.433+0000] {processor.py:186} INFO - Started process (PID=316) to work on /opt/airflow/dags/00_hello_world.py
[2026-07-06T23:45:15.434+0000] {processor.py:914} INFO - Processing file /opt/airflow/dags/00_hello_world.py for tasks to queue
[2026-07-06T23:45:15.437+0000] {logging_mixin.py:190} INFO - [2026-07-06T23:45:15.437+0000] {dagbag.py:588} INFO - Filling up the DagBag from /opt/airflow/dags/00_hello_world.py
[2026-07-06T23:45:15.457+0000] {processor.py:925} INFO - DAG(s) '00_hello_world' retrieved from /opt/airflow/dags/00_hello_world.py
[2026-07-06T23:45:15.508+0000] {logging_mixin.py:190} INFO - [2026-07-06T23:45:15.507+0000] {dag.py:3239} INFO - Sync 1 DAGs
[2026-07-06T23:45:15.528+0000] {logging_mixin.py:190} INFO - [2026-07-06T23:45:15.528+0000] {dag.py:4180} INFO - Setting next_dagrun for 00_hello_world to None, run_after=None
[2026-07-06T23:45:15.555+0000] {processor.py:208} INFO - Processing /opt/airflow/dags/00_hello_world.py took 0.136 seconds
[2026-07-06T23:45:45.954+0000] {processor.py:186} INFO - Started process (PID=326) to work on /opt/airflow/dags/00_hello_world.py
[2026-07-06T23:45:45.955+0000] {processor.py:914} INFO - Processing file /opt/airflow/dags/00_hello_world.py for tasks to queue
[2026-07-06T23:45:45.960+0000] {logging_mixin.py:190} INFO - [2026-07-06T23:45:45.959+0000] {dagbag.py:588} INFO - Filling up the DagBag from /opt/airflow/dags/00_hello_world.py
[2026-07-06T23:45:45.977+0000] {processor.py:925} INFO - DAG(s) '00_hello_world' retrieved from /opt/airflow/dags/00_hello_world.py
[2026-07-06T23:45:46.047+0000] {logging_mixin.py:190} INFO - [2026-07-06T23:45:46.046+0000] {dag.py:3239} INFO - Sync 1 DAGs
[2026-07-06T23:45:46.065+0000] {logging_mixin.py:190} INFO - [2026-07-06T23:45:46.065+0000] {dag.py:4180} INFO - Setting next_dagrun for 00_hello_world to None, run_after=None
[2026-07-06T23:45:46.089+0000] {processor.py:208} INFO - Processing /opt/airflow/dags/00_hello_world.py took 0.151 seconds
[2026-07-06T23:46:16.380+0000] {processor.py:186} INFO - Started process (PID=344) to work on /opt/airflow/dags/00_hello_world.py
[2026-07-06T23:46:16.381+0000] {processor.py:914} INFO - Processing file /opt/airflow/dags/00_hello_world.py for tasks to queue
[2026-07-06T23:46:16.386+0000] {logging_mixin.py:190} INFO - [2026-07-06T23:46:16.385+0000] {dagbag.py:588} INFO - Filling up the DagBag from /opt/airflow/dags/00_hello_world.py
[2026-07-06T23:46:16.418+0000] {processor.py:925} INFO - DAG(s) '00_hello_world' retrieved from /opt/airflow/dags/00_hello_world.py
[2026-07-06T23:46:16.485+0000] {logging_mixin.py:190} INFO - [2026-07-06T23:46:16.485+0000] {dag.py:3239} INFO - Sync 1 DAGs
[2026-07-06T23:46:16.514+0000] {logging_mixin.py:190} INFO - [2026-07-06T23:46:16.514+0000] {dag.py:4180} INFO - Setting next_dagrun for 00_hello_world to None, run_after=None
[2026-07-06T23:46:16.540+0000] {processor.py:208} INFO - Processing /opt/airflow/dags/00_hello_world.py took 0.185 seconds
[2026-07-06T23:46:46.737+0000] {processor.py:186} INFO - Started process (PID=355) to work on /opt/airflow/dags/00_hello_world.py
[2026-07-06T23:46:46.740+0000] {processor.py:914} INFO - Processing file /opt/airflow/dags/00_hello_world.py for tasks to queue
[2026-07-06T23:46:46.746+0000] {logging_mixin.py:190} INFO - [2026-07-06T23:46:46.745+0000] {dagbag.py:588} INFO - Filling up the DagBag from /opt/airflow/dags/00_hello_world.py
[2026-07-06T23:46:46.769+0000] {processor.py:925} INFO - DAG(s) '00_hello_world' retrieved from /opt/airflow/dags/00_hello_world.py
[2026-07-06T23:46:46.850+0000] {logging_mixin.py:190} INFO - [2026-07-06T23:46:46.850+0000] {dag.py:3239} INFO - Sync 1 DAGs
[2026-07-06T23:46:46.878+0000] {logging_mixin.py:190} INFO - [2026-07-06T23:46:46.877+0000] {dag.py:4180} INFO - Setting next_dagrun for 00_hello_world to None, run_after=None
[2026-07-06T23:46:46.904+0000] {processor.py:208} INFO - Processing /opt/airflow/dags/00_hello_world.py took 0.183 seconds
[2026-07-06T23:47:17.344+0000] {processor.py:186} INFO - Started process (PID=365) to work on /opt/airflow/dags/00_hello_world.py
[2026-07-06T23:47:17.347+0000] {processor.py:914} INFO - Processing file /opt/airflow/dags/00_hello_world.py for tasks to queue
[2026-07-06T23:47:17.353+0000] {logging_mixin.py:190} INFO - [2026-07-06T23:47:17.352+0000] {dagbag.py:588} INFO - Filling up the DagBag from /opt/airflow/dags/00_hello_world.py
[2026-07-06T23:47:17.376+0000] {processor.py:925} INFO - DAG(s) '00_hello_world' retrieved from /opt/airflow/dags/00_hello_world.py
[2026-07-06T23:47:17.418+0000] {logging_mixin.py:190} INFO - [2026-07-06T23:47:17.418+0000] {dag.py:3239} INFO - Sync 1 DAGs
[2026-07-06T23:47:17.439+0000] {logging_mixin.py:190} INFO - [2026-07-06T23:47:17.438+0000] {dag.py:4180} INFO - Setting next_dagrun for 00_hello_world to None, run_after=None
[2026-07-06T23:47:17.466+0000] {processor.py:208} INFO - Processing /opt/airflow/dags/00_hello_world.py took 0.162 seconds
[2026-07-06T23:47:47.767+0000] {processor.py:186} INFO - Started process (PID=375) to work on /opt/airflow/dags/00_hello_world.py
[2026-07-06T23:47:47.769+0000] {processor.py:914} INFO - Processing file /opt/airflow/dags/00_hello_world.py for tasks to queue
[2026-07-06T23:47:47.772+0000] {logging_mixin.py:190} INFO - [2026-07-06T23:47:47.772+0000] {dagbag.py:588} INFO - Filling up the DagBag from /opt/airflow/dags/00_hello_world.py
[2026-07-06T23:47:47.794+0000] {processor.py:925} INFO - DAG(s) '00_hello_world' retrieved from /opt/airflow/dags/00_hello_world.py
[2026-07-06T23:47:47.850+0000] {logging_mixin.py:190} INFO - [2026-07-06T23:47:47.849+0000] {dag.py:3239} INFO - Sync 1 DAGs
[2026-07-06T23:47:47.887+0000] {logging_mixin.py:190} INFO - [2026-07-06T23:47:47.886+0000] {dag.py:4180} INFO - Setting next_dagrun for 00_hello_world to None, run_after=None
[2026-07-06T23:47:47.930+0000] {processor.py:208} INFO - Processing /opt/airflow/dags/00_hello_world.py took 0.177 seconds
[2026-07-06T23:48:18.383+0000] {processor.py:186} INFO - Started process (PID=385) to work on /opt/airflow/dags/00_hello_world.py
[2026-07-06T23:48:18.386+0000] {processor.py:914} INFO - Processing file /opt/airflow/dags/00_hello_world.py for tasks to queue
[2026-07-06T23:48:18.398+0000] {logging_mixin.py:190} INFO - [2026-07-06T23:48:18.396+0000] {dagbag.py:588} INFO - Filling up the DagBag from /opt/airflow/dags/00_hello_world.py
[2026-07-06T23:48:18.466+0000] {processor.py:925} INFO - DAG(s) '00_hello_world' retrieved from /opt/airflow/dags/00_hello_world.py
[2026-07-06T23:48:18.562+0000] {logging_mixin.py:190} INFO - [2026-07-06T23:48:18.562+0000] {dag.py:3239} INFO - Sync 1 DAGs
[2026-07-06T23:48:18.584+0000] {logging_mixin.py:190} INFO - [2026-07-06T23:48:18.583+0000] {dag.py:4180} INFO - Setting next_dagrun for 00_hello_world to None, run_after=None
[2026-07-06T23:48:18.610+0000] {processor.py:208} INFO - Processing /opt/airflow/dags/00_hello_world.py took 0.269 seconds
[2026-07-06T23:48:48.833+0000] {processor.py:186} INFO - Started process (PID=395) to work on /opt/airflow/dags/00_hello_world.py
[2026-07-06T23:48:48.839+0000] {processor.py:914} INFO - Processing file /opt/airflow/dags/00_hello_world.py for tasks to queue
[2026-07-06T23:48:48.852+0000] {logging_mixin.py:190} INFO - [2026-07-06T23:48:48.850+0000] {dagbag.py:588} INFO - Filling up the DagBag from /opt/airflow/dags/00_hello_world.py
[2026-07-06T23:48:48.882+0000] {processor.py:925} INFO - DAG(s) '00_hello_world' retrieved from /opt/airflow/dags/00_hello_world.py
[2026-07-06T23:48:48.935+0000] {logging_mixin.py:190} INFO - [2026-07-06T23:48:48.935+0000] {dag.py:3239} INFO - Sync 1 DAGs
[2026-07-06T23:48:48.968+0000] {logging_mixin.py:190} INFO - [2026-07-06T23:48:48.968+0000] {dag.py:4180} INFO - Setting next_dagrun for 00_hello_world to None, run_after=None
[2026-07-06T23:48:48.997+0000] {processor.py:208} INFO - Processing /opt/airflow/dags/00_hello_world.py took 0.205 seconds
[2026-07-06T23:49:19.377+0000] {processor.py:186} INFO - Started process (PID=405) to work on /opt/airflow/dags/00_hello_world.py
[2026-07-06T23:49:19.378+0000] {processor.py:914} INFO - Processing file /opt/airflow/dags/00_hello_world.py for tasks to queue
[2026-07-06T23:49:19.381+0000] {logging_mixin.py:190} INFO - [2026-07-06T23:49:19.381+0000] {dagbag.py:588} INFO - Filling up the DagBag from /opt/airflow/dags/00_hello_world.py
[2026-07-06T23:49:19.397+0000] {processor.py:925} INFO - DAG(s) '00_hello_world' retrieved from /opt/airflow/dags/00_hello_world.py
[2026-07-06T23:49:19.436+0000] {logging_mixin.py:190} INFO - [2026-07-06T23:49:19.436+0000] {dag.py:3239} INFO - Sync 1 DAGs
[2026-07-06T23:49:19.460+0000] {logging_mixin.py:190} INFO - [2026-07-06T23:49:19.460+0000] {dag.py:4180} INFO - Setting next_dagrun for 00_hello_world to None, run_after=None
[2026-07-06T23:49:19.482+0000] {processor.py:208} INFO - Processing /opt/airflow/dags/00_hello_world.py took 0.113 seconds
[2026-07-06T23:49:49.982+0000] {processor.py:186} INFO - Started process (PID=415) to work on /opt/airflow/dags/00_hello_world.py
[2026-07-06T23:49:49.984+0000] {processor.py:914} INFO - Processing file /opt/airflow/dags/00_hello_world.py for tasks to queue
[2026-07-06T23:49:49.991+0000] {logging_mixin.py:190} INFO - [2026-07-06T23:49:49.990+0000] {dagbag.py:588} INFO - Filling up the DagBag from /opt/airflow/dags/00_hello_world.py
[2026-07-06T23:49:50.007+0000] {processor.py:925} INFO - DAG(s) '00_hello_world' retrieved from /opt/airflow/dags/00_hello_world.py
[2026-07-06T23:49:50.043+0000] {logging_mixin.py:190} INFO - [2026-07-06T23:49:50.043+0000] {dag.py:3239} INFO - Sync 1 DAGs
[2026-07-06T23:49:50.059+0000] {logging_mixin.py:190} INFO - [2026-07-06T23:49:50.059+0000] {dag.py:4180} INFO - Setting next_dagrun for 00_hello_world to None, run_after=None
[2026-07-06T23:49:50.080+0000] {processor.py:208} INFO - Processing /opt/airflow/dags/00_hello_world.py took 0.117 seconds
[2026-07-06T23:50:20.615+0000] {processor.py:186} INFO - Started process (PID=425) to work on /opt/airflow/dags/00_hello_world.py
[2026-07-06T23:50:20.617+0000] {processor.py:914} INFO - Processing file /opt/airflow/dags/00_hello_world.py for tasks to queue
[2026-07-06T23:50:20.621+0000] {logging_mixin.py:190} INFO - [2026-07-06T23:50:20.620+0000] {dagbag.py:588} INFO - Filling up the DagBag from /opt/airflow/dags/00_hello_world.py
[2026-07-06T23:50:20.636+0000] {processor.py:925} INFO - DAG(s) '00_hello_world' retrieved from /opt/airflow/dags/00_hello_world.py
[2026-07-06T23:50:20.672+0000] {logging_mixin.py:190} INFO - [2026-07-06T23:50:20.672+0000] {dag.py:3239} INFO - Sync 1 DAGs
[2026-07-06T23:50:20.690+0000] {logging_mixin.py:190} INFO - [2026-07-06T23:50:20.689+0000] {dag.py:4180} INFO - Setting next_dagrun for 00_hello_world to None, run_after=None
[2026-07-06T23:50:20.712+0000] {processor.py:208} INFO - Processing /opt/airflow/dags/00_hello_world.py took 0.123 seconds
[2026-07-06T23:50:51.029+0000] {processor.py:186} INFO - Started process (PID=434) to work on /opt/airflow/dags/00_hello_world.py
[2026-07-06T23:50:51.031+0000] {processor.py:914} INFO - Processing file /opt/airflow/dags/00_hello_world.py for tasks to queue
[2026-07-06T23:50:51.044+0000] {logging_mixin.py:190} INFO - [2026-07-06T23:50:51.043+0000] {dagbag.py:588} INFO - Filling up the DagBag from /opt/airflow/dags/00_hello_world.py
[2026-07-06T23:50:51.101+0000] {processor.py:925} INFO - DAG(s) '00_hello_world' retrieved from /opt/airflow/dags/00_hello_world.py
[2026-07-06T23:50:51.241+0000] {logging_mixin.py:190} INFO - [2026-07-06T23:50:51.241+0000] {dag.py:3239} INFO - Sync 1 DAGs
[2026-07-06T23:50:51.328+0000] {logging_mixin.py:190} INFO - [2026-07-06T23:50:51.328+0000] {dag.py:4180} INFO - Setting next_dagrun for 00_hello_world to None, run_after=None
[2026-07-06T23:50:51.376+0000] {processor.py:208} INFO - Processing /opt/airflow/dags/00_hello_world.py took 0.398 seconds
[2026-07-06T23:51:21.525+0000] {processor.py:186} INFO - Started process (PID=445) to work on /opt/airflow/dags/00_hello_world.py
[2026-07-06T23:51:21.530+0000] {processor.py:914} INFO - Processing file /opt/airflow/dags/00_hello_world.py for tasks to queue
[2026-07-06T23:51:21.546+0000] {logging_mixin.py:190} INFO - [2026-07-06T23:51:21.544+0000] {dagbag.py:588} INFO - Filling up the DagBag from /opt/airflow/dags/00_hello_world.py
[2026-07-06T23:51:21.584+0000] {processor.py:925} INFO - DAG(s) '00_hello_world' retrieved from /opt/airflow/dags/00_hello_world.py
[2026-07-06T23:51:21.694+0000] {logging_mixin.py:190} INFO - [2026-07-06T23:51:21.694+0000] {dag.py:3239} INFO - Sync 1 DAGs
[2026-07-06T23:51:21.754+0000] {logging_mixin.py:190} INFO - [2026-07-06T23:51:21.753+0000] {dag.py:4180} INFO - Setting next_dagrun for 00_hello_world to None, run_after=None
[2026-07-06T23:51:21.803+0000] {processor.py:208} INFO - Processing /opt/airflow/dags/00_hello_world.py took 0.321 seconds
[2026-07-06T23:51:52.280+0000] {processor.py:186} INFO - Started process (PID=455) to work on /opt/airflow/dags/00_hello_world.py
[2026-07-06T23:51:52.285+0000] {processor.py:914} INFO - Processing file /opt/airflow/dags/00_hello_world.py for tasks to queue
[2026-07-06T23:51:52.302+0000] {logging_mixin.py:190} INFO - [2026-07-06T23:51:52.299+0000] {dagbag.py:588} INFO - Filling up the DagBag from /opt/airflow/dags/00_hello_world.py
[2026-07-06T23:51:52.355+0000] {processor.py:925} INFO - DAG(s) '00_hello_world' retrieved from /opt/airflow/dags/00_hello_world.py
[2026-07-06T23:51:52.406+0000] {logging_mixin.py:190} INFO - [2026-07-06T23:51:52.406+0000] {dag.py:3239} INFO - Sync 1 DAGs
[2026-07-06T23:51:52.446+0000] {logging_mixin.py:190} INFO - [2026-07-06T23:51:52.446+0000] {dag.py:4180} INFO - Setting next_dagrun for 00_hello_world to None, run_after=None
[2026-07-06T23:51:52.500+0000] {processor.py:208} INFO - Processing /opt/airflow/dags/00_hello_world.py took 0.267 seconds
[2026-07-06T23:52:22.721+0000] {processor.py:186} INFO - Started process (PID=465) to work on /opt/airflow/dags/00_hello_world.py
[2026-07-06T23:52:22.723+0000] {processor.py:914} INFO - Processing file /opt/airflow/dags/00_hello_world.py for tasks to queue
[2026-07-06T23:52:22.728+0000] {logging_mixin.py:190} INFO - [2026-07-06T23:52:22.727+0000] {dagbag.py:588} INFO - Filling up the DagBag from /opt/airflow/dags/00_hello_world.py
[2026-07-06T23:52:22.746+0000] {processor.py:925} INFO - DAG(s) '00_hello_world' retrieved from /opt/airflow/dags/00_hello_world.py
[2026-07-06T23:52:22.785+0000] {logging_mixin.py:190} INFO - [2026-07-06T23:52:22.785+0000] {dag.py:3239} INFO - Sync 1 DAGs
[2026-07-06T23:52:22.802+0000] {logging_mixin.py:190} INFO - [2026-07-06T23:52:22.802+0000] {dag.py:4180} INFO - Setting next_dagrun for 00_hello_world to None, run_after=None
[2026-07-06T23:52:22.822+0000] {processor.py:208} INFO - Processing /opt/airflow/dags/00_hello_world.py took 0.130 seconds
[2026-07-06T23:52:53.207+0000] {processor.py:186} INFO - Started process (PID=475) to work on /opt/airflow/dags/00_hello_world.py
[2026-07-06T23:52:53.213+0000] {processor.py:914} INFO - Processing file /opt/airflow/dags/00_hello_world.py for tasks to queue
[2026-07-06T23:52:53.226+0000] {logging_mixin.py:190} INFO - [2026-07-06T23:52:53.224+0000] {dagbag.py:588} INFO - Filling up the DagBag from /opt/airflow/dags/00_hello_world.py
[2026-07-06T23:52:53.260+0000] {processor.py:925} INFO - DAG(s) '00_hello_world' retrieved from /opt/airflow/dags/00_hello_world.py
[2026-07-06T23:52:53.324+0000] {logging_mixin.py:190} INFO - [2026-07-06T23:52:53.323+0000] {dag.py:3239} INFO - Sync 1 DAGs
[2026-07-06T23:52:53.346+0000] {logging_mixin.py:190} INFO - [2026-07-06T23:52:53.346+0000] {dag.py:4180} INFO - Setting next_dagrun for 00_hello_world to None, run_after=None
[2026-07-06T23:52:53.370+0000] {processor.py:208} INFO - Processing /opt/airflow/dags/00_hello_world.py took 0.224 seconds
[2026-07-06T23:53:23.578+0000] {processor.py:186} INFO - Started process (PID=485) to work on /opt/airflow/dags/00_hello_world.py
[2026-07-06T23:53:23.581+0000] {processor.py:914} INFO - Processing file /opt/airflow/dags/00_hello_world.py for tasks to queue
[2026-07-06T23:53:23.586+0000] {logging_mixin.py:190} INFO - [2026-07-06T23:53:23.585+0000] {dagbag.py:588} INFO - Filling up the DagBag from /opt/airflow/dags/00_hello_world.py
[2026-07-06T23:53:23.607+0000] {processor.py:925} INFO - DAG(s) '00_hello_world' retrieved from /opt/airflow/dags/00_hello_world.py
[2026-07-06T23:53:23.719+0000] {logging_mixin.py:190} INFO - [2026-07-06T23:53:23.719+0000] {dag.py:3239} INFO - Sync 1 DAGs
[2026-07-06T23:53:23.738+0000] {logging_mixin.py:190} INFO - [2026-07-06T23:53:23.738+0000] {dag.py:4180} INFO - Setting next_dagrun for 00_hello_world to None, run_after=None
[2026-07-06T23:53:23.758+0000] {processor.py:208} INFO - Processing /opt/airflow/dags/00_hello_world.py took 0.199 seconds
[2026-07-06T23:53:54.087+0000] {processor.py:186} INFO - Started process (PID=495) to work on /opt/airflow/dags/00_hello_world.py
[2026-07-06T23:53:54.089+0000] {processor.py:914} INFO - Processing file /opt/airflow/dags/00_hello_world.py for tasks to queue
[2026-07-06T23:53:54.096+0000] {logging_mixin.py:190} INFO - [2026-07-06T23:53:54.095+0000] {dagbag.py:588} INFO - Filling up the DagBag from /opt/airflow/dags/00_hello_world.py
[2026-07-06T23:53:54.116+0000] {processor.py:925} INFO - DAG(s) '00_hello_world' retrieved from /opt/airflow/dags/00_hello_world.py
[2026-07-06T23:53:54.157+0000] {logging_mixin.py:190} INFO - [2026-07-06T23:53:54.157+0000] {dag.py:3239} INFO - Sync 1 DAGs
[2026-07-06T23:53:54.177+0000] {logging_mixin.py:190} INFO - [2026-07-06T23:53:54.177+0000] {dag.py:4180} INFO - Setting next_dagrun for 00_hello_world to None, run_after=None
[2026-07-06T23:53:54.198+0000] {processor.py:208} INFO - Processing /opt/airflow/dags/00_hello_world.py took 0.145 seconds
[2026-07-06T23:54:24.544+0000] {processor.py:186} INFO - Started process (PID=505) to work on /opt/airflow/dags/00_hello_world.py
[2026-07-06T23:54:24.549+0000] {processor.py:914} INFO - Processing file /opt/airflow/dags/00_hello_world.py for tasks to queue
[2026-07-06T23:54:24.562+0000] {logging_mixin.py:190} INFO - [2026-07-06T23:54:24.560+0000] {dagbag.py:588} INFO - Filling up the DagBag from /opt/airflow/dags/00_hello_world.py
[2026-07-06T23:54:24.616+0000] {processor.py:925} INFO - DAG(s) '00_hello_world' retrieved from /opt/airflow/dags/00_hello_world.py
[2026-07-06T23:54:24.691+0000] {logging_mixin.py:190} INFO - [2026-07-06T23:54:24.690+0000] {dag.py:3239} INFO - Sync 1 DAGs
[2026-07-06T23:54:24.734+0000] {logging_mixin.py:190} INFO - [2026-07-06T23:54:24.734+0000] {dag.py:4180} INFO - Setting next_dagrun for 00_hello_world to None, run_after=None
[2026-07-06T23:54:24.788+0000] {processor.py:208} INFO - Processing /opt/airflow/dags/00_hello_world.py took 0.278 seconds
[2026-07-06T23:54:55.312+0000] {processor.py:186} INFO - Started process (PID=515) to work on /opt/airflow/dags/00_hello_world.py
[2026-07-06T23:54:55.315+0000] {processor.py:914} INFO - Processing file /opt/airflow/dags/00_hello_world.py for tasks to queue
[2026-07-06T23:54:55.321+0000] {logging_mixin.py:190} INFO - [2026-07-06T23:54:55.321+0000] {dagbag.py:588} INFO - Filling up the DagBag from /opt/airflow/dags/00_hello_world.py
[2026-07-06T23:54:55.339+0000] {processor.py:925} INFO - DAG(s) '00_hello_world' retrieved from /opt/airflow/dags/00_hello_world.py
[2026-07-06T23:54:55.380+0000] {logging_mixin.py:190} INFO - [2026-07-06T23:54:55.379+0000] {dag.py:3239} INFO - Sync 1 DAGs
[2026-07-06T23:54:55.396+0000] {logging_mixin.py:190} INFO - [2026-07-06T23:54:55.396+0000] {dag.py:4180} INFO - Setting next_dagrun for 00_hello_world to None, run_after=None
[2026-07-06T23:54:55.416+0000] {processor.py:208} INFO - Processing /opt/airflow/dags/00_hello_world.py took 0.137 seconds
[2026-07-06T23:55:25.799+0000] {processor.py:186} INFO - Started process (PID=525) to work on /opt/airflow/dags/00_hello_world.py
[2026-07-06T23:55:25.803+0000] {processor.py:914} INFO - Processing file /opt/airflow/dags/00_hello_world.py for tasks to queue
[2026-07-06T23:55:25.812+0000] {logging_mixin.py:190} INFO - [2026-07-06T23:55:25.811+0000] {dagbag.py:588} INFO - Filling up the DagBag from /opt/airflow/dags/00_hello_world.py
[2026-07-06T23:55:25.837+0000] {processor.py:925} INFO - DAG(s) '00_hello_world' retrieved from /opt/airflow/dags/00_hello_world.py
[2026-07-06T23:55:25.895+0000] {logging_mixin.py:190} INFO - [2026-07-06T23:55:25.895+0000] {dag.py:3239} INFO - Sync 1 DAGs
[2026-07-06T23:55:25.917+0000] {logging_mixin.py:190} INFO - [2026-07-06T23:55:25.917+0000] {dag.py:4180} INFO - Setting next_dagrun for 00_hello_world to None, run_after=None
[2026-07-06T23:55:25.945+0000] {processor.py:208} INFO - Processing /opt/airflow/dags/00_hello_world.py took 0.189 seconds
[2026-07-06T23:55:56.246+0000] {processor.py:186} INFO - Started process (PID=535) to work on /opt/airflow/dags/00_hello_world.py
[2026-07-06T23:55:56.252+0000] {processor.py:914} INFO - Processing file /opt/airflow/dags/00_hello_world.py for tasks to queue
[2026-07-06T23:55:56.269+0000] {logging_mixin.py:190} INFO - [2026-07-06T23:55:56.268+0000] {dagbag.py:588} INFO - Filling up the DagBag from /opt/airflow/dags/00_hello_world.py
[2026-07-06T23:55:56.350+0000] {processor.py:925} INFO - DAG(s) '00_hello_world' retrieved from /opt/airflow/dags/00_hello_world.py
[2026-07-06T23:55:56.432+0000] {logging_mixin.py:190} INFO - [2026-07-06T23:55:56.431+0000] {dag.py:3239} INFO - Sync 1 DAGs
[2026-07-06T23:55:56.479+0000] {logging_mixin.py:190} INFO - [2026-07-06T23:55:56.479+0000] {dag.py:4180} INFO - Setting next_dagrun for 00_hello_world to None, run_after=None
[2026-07-06T23:55:56.521+0000] {processor.py:208} INFO - Processing /opt/airflow/dags/00_hello_world.py took 0.303 seconds
[2026-07-06T23:56:26.712+0000] {processor.py:186} INFO - Started process (PID=545) to work on /opt/airflow/dags/00_hello_world.py
[2026-07-06T23:56:26.717+0000] {processor.py:914} INFO - Processing file /opt/airflow/dags/00_hello_world.py for tasks to queue
[2026-07-06T23:56:26.731+0000] {logging_mixin.py:190} INFO - [2026-07-06T23:56:26.729+0000] {dagbag.py:588} INFO - Filling up the DagBag from /opt/airflow/dags/00_hello_world.py
[2026-07-06T23:56:26.768+0000] {processor.py:925} INFO - DAG(s) '00_hello_world' retrieved from /opt/airflow/dags/00_hello_world.py
[2026-07-06T23:56:26.839+0000] {logging_mixin.py:190} INFO - [2026-07-06T23:56:26.839+0000] {dag.py:3239} INFO - Sync 1 DAGs
[2026-07-06T23:56:26.864+0000] {logging_mixin.py:190} INFO - [2026-07-06T23:56:26.864+0000] {dag.py:4180} INFO - Setting next_dagrun for 00_hello_world to None, run_after=None
[2026-07-06T23:56:26.894+0000] {processor.py:208} INFO - Processing /opt/airflow/dags/00_hello_world.py took 0.218 seconds
[2026-07-06T23:56:57.282+0000] {processor.py:186} INFO - Started process (PID=555) to work on /opt/airflow/dags/00_hello_world.py
[2026-07-06T23:56:57.283+0000] {processor.py:914} INFO - Processing file /opt/airflow/dags/00_hello_world.py for tasks to queue
[2026-07-06T23:56:57.287+0000] {logging_mixin.py:190} INFO - [2026-07-06T23:56:57.286+0000] {dagbag.py:588} INFO - Filling up the DagBag from /opt/airflow/dags/00_hello_world.py
[2026-07-06T23:56:57.304+0000] {processor.py:925} INFO - DAG(s) '00_hello_world' retrieved from /opt/airflow/dags/00_hello_world.py
[2026-07-06T23:56:57.355+0000] {logging_mixin.py:190} INFO - [2026-07-06T23:56:57.354+0000] {dag.py:3239} INFO - Sync 1 DAGs
[2026-07-06T23:56:57.387+0000] {logging_mixin.py:190} INFO - [2026-07-06T23:56:57.387+0000] {dag.py:4180} INFO - Setting next_dagrun for 00_hello_world to None, run_after=None
[2026-07-06T23:56:57.510+0000] {processor.py:208} INFO - Processing /opt/airflow/dags/00_hello_world.py took 0.248 seconds
[2026-07-06T23:57:27.768+0000] {processor.py:186} INFO - Started process (PID=565) to work on /opt/airflow/dags/00_hello_world.py
[2026-07-06T23:57:27.774+0000] {processor.py:914} INFO - Processing file /opt/airflow/dags/00_hello_world.py for tasks to queue
[2026-07-06T23:57:27.810+0000] {logging_mixin.py:190} INFO - [2026-07-06T23:57:27.804+0000] {dagbag.py:588} INFO - Filling up the DagBag from /opt/airflow/dags/00_hello_world.py
[2026-07-06T23:57:27.857+0000] {processor.py:925} INFO - DAG(s) '00_hello_world' retrieved from /opt/airflow/dags/00_hello_world.py
[2026-07-06T23:57:27.903+0000] {logging_mixin.py:190} INFO - [2026-07-06T23:57:27.903+0000] {dag.py:3239} INFO - Sync 1 DAGs
[2026-07-06T23:57:27.924+0000] {logging_mixin.py:190} INFO - [2026-07-06T23:57:27.924+0000] {dag.py:4180} INFO - Setting next_dagrun for 00_hello_world to None, run_after=None
[2026-07-06T23:57:27.955+0000] {processor.py:208} INFO - Processing /opt/airflow/dags/00_hello_world.py took 0.247 seconds
[2026-07-06T23:57:58.283+0000] {processor.py:186} INFO - Started process (PID=575) to work on /opt/airflow/dags/00_hello_world.py
[2026-07-06T23:57:58.286+0000] {processor.py:914} INFO - Processing file /opt/airflow/dags/00_hello_world.py for tasks to queue
[2026-07-06T23:57:58.301+0000] {logging_mixin.py:190} INFO - [2026-07-06T23:57:58.299+0000] {dagbag.py:588} INFO - Filling up the DagBag from /opt/airflow/dags/00_hello_world.py
[2026-07-06T23:57:58.357+0000] {processor.py:925} INFO - DAG(s) '00_hello_world' retrieved from /opt/airflow/dags/00_hello_world.py
[2026-07-06T23:57:58.400+0000] {logging_mixin.py:190} INFO - [2026-07-06T23:57:58.399+0000] {dag.py:3239} INFO - Sync 1 DAGs
[2026-07-06T23:57:58.421+0000] {logging_mixin.py:190} INFO - [2026-07-06T23:57:58.420+0000] {dag.py:4180} INFO - Setting next_dagrun for 00_hello_world to None, run_after=None
[2026-07-06T23:57:58.444+0000] {processor.py:208} INFO - Processing /opt/airflow/dags/00_hello_world.py took 0.197 seconds
[2026-07-06T23:58:28.944+0000] {processor.py:186} INFO - Started process (PID=585) to work on /opt/airflow/dags/00_hello_world.py
[2026-07-06T23:58:28.950+0000] {processor.py:914} INFO - Processing file /opt/airflow/dags/00_hello_world.py for tasks to queue
[2026-07-06T23:58:28.963+0000] {logging_mixin.py:190} INFO - [2026-07-06T23:58:28.961+0000] {dagbag.py:588} INFO - Filling up the DagBag from /opt/airflow/dags/00_hello_world.py
[2026-07-06T23:58:29.024+0000] {processor.py:925} INFO - DAG(s) '00_hello_world' retrieved from /opt/airflow/dags/00_hello_world.py
[2026-07-06T23:58:29.115+0000] {logging_mixin.py:190} INFO - [2026-07-06T23:58:29.114+0000] {dag.py:3239} INFO - Sync 1 DAGs
[2026-07-06T23:58:29.159+0000] {logging_mixin.py:190} INFO - [2026-07-06T23:58:29.158+0000] {dag.py:4180} INFO - Setting next_dagrun for 00_hello_world to None, run_after=None
[2026-07-06T23:58:29.212+0000] {processor.py:208} INFO - Processing /opt/airflow/dags/00_hello_world.py took 0.312 seconds
[2026-07-06T23:58:59.366+0000] {processor.py:186} INFO - Started process (PID=595) to work on /opt/airflow/dags/00_hello_world.py
[2026-07-06T23:58:59.368+0000] {processor.py:914} INFO - Processing file /opt/airflow/dags/00_hello_world.py for tasks to queue
[2026-07-06T23:58:59.376+0000] {logging_mixin.py:190} INFO - [2026-07-06T23:58:59.375+0000] {dagbag.py:588} INFO - Filling up the DagBag from /opt/airflow/dags/00_hello_world.py
[2026-07-06T23:58:59.399+0000] {processor.py:925} INFO - DAG(s) '00_hello_world' retrieved from /opt/airflow/dags/00_hello_world.py
[2026-07-06T23:58:59.467+0000] {logging_mixin.py:190} INFO - [2026-07-06T23:58:59.466+0000] {dag.py:3239} INFO - Sync 1 DAGs
[2026-07-06T23:58:59.498+0000] {logging_mixin.py:190} INFO - [2026-07-06T23:58:59.498+0000] {dag.py:4180} INFO - Setting next_dagrun for 00_hello_world to None, run_after=None
[2026-07-06T23:58:59.534+0000] {processor.py:208} INFO - Processing /opt/airflow/dags/00_hello_world.py took 0.188 seconds
[2026-07-06T23:59:29.815+0000] {processor.py:186} INFO - Started process (PID=605) to work on /opt/airflow/dags/00_hello_world.py
[2026-07-06T23:59:29.817+0000] {processor.py:914} INFO - Processing file /opt/airflow/dags/00_hello_world.py for tasks to queue
[2026-07-06T23:59:29.822+0000] {logging_mixin.py:190} INFO - [2026-07-06T23:59:29.822+0000] {dagbag.py:588} INFO - Filling up the DagBag from /opt/airflow/dags/00_hello_world.py
[2026-07-06T23:59:29.840+0000] {processor.py:925} INFO - DAG(s) '00_hello_world' retrieved from /opt/airflow/dags/00_hello_world.py
[2026-07-06T23:59:29.879+0000] {logging_mixin.py:190} INFO - [2026-07-06T23:59:29.878+0000] {dag.py:3239} INFO - Sync 1 DAGs
[2026-07-06T23:59:29.897+0000] {logging_mixin.py:190} INFO - [2026-07-06T23:59:29.897+0000] {dag.py:4180} INFO - Setting next_dagrun for 00_hello_world to None, run_after=None
[2026-07-06T23:59:29.919+0000] {processor.py:208} INFO - Processing /opt/airflow/dags/00_hello_world.py took 0.125 seconds
